time_board,marker
1731450665.268238,1.0
1731450665.2722588,1.0
1731450665.275396,1.0
1731450665.2784617,1.0
1731450665.2825167,1.0
1731450665.2862208,1.0
1731450665.2903368,1.0
1731450665.2943416,1.0
1731450665.2982087,1.0
1731450665.3023806,1.0
1731450665.305313,1.0
1731450665.310289,1.0
1731450665.3142388,1.0
1731450665.3185031,1.0
1731450665.3224933,1.0
1731450665.326573,1.0
1731450665.3303688,1.0
1731450665.3335252,1.0
1731450665.337348,1.0
1731450665.3424456,1.0
1731450665.347524,1.0
1731450665.3514955,1.0
1731450665.3543816,1.0
1731450665.3574767,1.0
1731450665.3613749,1.0
1731450665.365624,1.0
1731450665.37145,1.0
1731450665.3746178,1.0
1731450665.3786469,1.0
1731450665.3816917,1.0
1731450665.385631,1.0
1731450665.389649,1.0
1731450665.393679,1.0
1731450665.3975906,1.0
1731450665.402691,1.0
1731450665.4066412,1.0
1731450665.4096973,1.0
1731450665.413554,1.0
1731450665.4176884,1.0
1731450665.4216447,1.0
1731450665.4258614,1.0
1731450665.430643,1.0
1731450665.43375,1.0
1731450665.43757,1.0
1731450665.4417307,1.0
1731450665.4455888,1.0
1731450665.4496987,1.0
1731450665.453761,1.0
1731450665.4587348,1.0
1731450665.4617004,1.0
1731450665.465593,1.0
1731450665.469682,1.0
1731450665.473648,1.0
1731450665.4777231,1.0
1731450665.4817147,1.0
1731450665.4867208,1.0
1731450665.4897408,1.0
1731450665.4937584,1.0
1731450665.4977615,1.0
1731450665.5017483,1.0
1731450665.5059206,1.0
1731450665.5100477,1.0
1731450665.5147448,1.0
1731450665.5177865,1.0
1731450665.5206156,1.0
1731450665.5257854,1.0
1731450665.5297253,1.0
1731450665.5337844,1.0
1731450665.5377505,1.0
1731450665.5418053,1.0
1731450665.544782,1.0
1731450665.548839,1.0
1731450665.553848,1.0
1731450665.5578177,1.0
1731450665.5618808,1.0
1731450665.5657356,1.0
1731450665.5697503,1.0
1731450665.5726511,1.0
1731450665.5767276,1.0
1731450665.5817478,1.0
1731450665.5858264,1.0
1731450665.5898864,1.0
1731450665.5938249,1.0
1731450665.59772,1.0
1731450665.6027515,1.0
1731450665.605755,1.0
1731450665.608888,1.0
1731450665.613803,1.0
1731450665.617787,1.0
1731450665.6218307,1.0
1731450665.6249,1.0
1731450665.628894,1.0
1731450665.6328886,1.0
1731450665.6369028,1.0
1731450665.6418917,1.0
1731450665.645788,1.0
1731450665.6488788,1.0
1731450665.6537707,1.0
1731450665.658788,1.0
1731450665.6617985,1.0
1731450665.6658924,1.0
1731450665.6699064,1.0
1731450665.6728928,1.0
1731450665.6769996,1.0
1731450665.6809676,1.0
1731450665.686003,1.0
1731450665.6890097,1.0
1731450665.693088,1.0
1731450665.69704,1.0
1731450665.7010264,1.0
1731450665.704955,1.0
1731450665.7090783,1.0
1731450665.7141848,1.0
1731450665.7170594,1.0
1731450665.7210872,1.0
1731450665.7251797,1.0
1731450665.7290182,1.0
1731450665.7332234,1.0
1731450665.7372167,1.0
1731450665.741934,1.0
1731450665.7450004,1.0
1731450665.7490425,1.0
1731450665.7530465,1.0
1731450665.7579613,1.0
1731450665.761999,1.0
1731450665.76503,1.0
1731450665.7701328,1.0
1731450665.773205,1.0
1731450665.7769918,1.0
1731450665.78114,1.0
1731450665.78505,1.0
1731450665.7890437,1.0
1731450665.7930765,1.0
1731450665.7980683,1.0
1731450665.8010745,1.0
1731450665.8040493,1.0
1731450665.8091977,1.0
1731450665.8132172,1.0
1731450665.817212,1.0
1731450665.8210328,1.0
1731450665.8252149,1.0
1731450665.8281262,1.0
1731450665.8322349,1.0
1731450665.8371572,1.0
1731450665.8410697,1.0
1731450665.845252,1.0
1731450665.849161,1.0
1731450665.8531995,1.0
1731450665.856197,1.0
1731450665.8601947,1.0
1731450665.8651955,1.0
1731450665.8692367,1.0
1731450665.873294,1.0
1731450665.877216,1.0
1731450665.8813343,1.0
1731450665.884271,1.0
1731450665.888167,1.0
1731450665.893328,1.0
1731450665.8972237,1.0
1731450665.9013753,1.0
1731450665.905242,1.0
1731450665.909298,1.0
1731450665.912289,1.0
1731450665.916253,1.0
1731450665.921238,1.0
1731450665.9253905,1.0
1731450665.9292405,1.0
1731450665.9324,1.0
1731450665.936396,1.0
1731450665.94041,1.0
1731450665.944425,1.0
1731450665.948361,1.0
1731450665.9533544,1.0
1731450665.957432,1.0
1731450665.9604151,1.0
1731450665.9644752,1.0
1731450665.9682071,1.0
1731450665.9725168,1.0
1731450665.9764836,1.0
1731450665.9814532,1.0
1731450665.9852693,1.0
1731450665.9883592,1.0
1731450665.9924028,1.0
1731450665.9983416,1.0
1731450666.0013409,1.0
1731450666.0044663,1.0
1731450666.0092711,1.0
1731450666.0133932,1.0
1731450666.016431,1.0
1731450666.020343,1.0
1731450666.0245173,1.0
1731450666.0285022,1.0
1731450666.032491,1.0
1731450666.0375605,1.0
1731450666.0405538,1.0
1731450666.0436084,1.0
1731450666.0486443,1.0
1731450666.0526364,1.0
1731450666.056644,1.0
1731450666.0607033,1.0
1731450666.0657716,1.0
1731450666.0686915,1.0
1731450666.071514,1.0
1731450666.0765593,1.0
1731450666.0805433,1.0
1731450666.084536,1.0
1731450666.0884316,1.0
1731450666.093674,1.0
1731450666.0965247,1.0
1731450666.099707,1.0
1731450666.1044967,1.0
1731450666.108546,1.0
1731450666.112534,1.0
1731450666.116748,1.0
1731450666.1204872,1.0
1731450666.1248124,1.0
1731450666.1278064,1.0
1731450666.1316893,1.0
1731450666.1365008,1.0
1731450666.1407063,1.0
1731450666.1447492,1.0
1731450666.147683,1.0
1731450666.1516128,1.0
1731450666.1557083,1.0
1731450666.1597211,1.0
1731450666.1647315,1.0
1731450666.1686127,1.0
1731450666.1727767,1.0
1731450666.1757655,1.0
1731450666.1798077,1.0
1731450666.1836135,1.0
1731450666.1878345,1.0
1731450666.1928072,1.0
1731450666.196684,1.0
1731450666.2007585,1.0
1731450666.203724,1.0
1731450666.2078164,1.0
1731450666.21191,1.0
1731450666.215659,1.0
1731450666.220729,1.0
1731450666.2248275,1.0
1731450666.2288277,1.0
1731450666.2318144,1.0
1731450666.2358508,1.0
1731450666.2398667,1.0
1731450666.243853,1.0
1731450666.2499433,1.0
1731450666.2528603,1.0
1731450666.2567787,1.0
1731450666.2598658,1.0
1731450666.263738,1.0
1731450666.2678,1.0
1731450666.2717829,1.0
1731450666.275781,1.0
1731450666.2808878,1.0
1731450666.2837615,1.0
1731450666.28789,1.0
1731450666.2918243,1.0
1731450666.2958336,1.0
1731450666.3000066,1.0
1731450666.303969,1.0
1731450666.3090372,1.0
1731450666.3118637,1.0
1731450666.3160276,1.0
1731450666.320884,1.0
1731450666.3239636,1.0
1731450666.3278172,1.0
1731450666.3340287,1.0
1731450666.336844,1.0
1731450666.3410623,1.0
1731450666.3439667,1.0
1731450666.3479657,1.0
1731450666.351931,1.0
1731450666.3560665,1.0
1731450666.3600693,1.0
1731450666.364028,1.0
1731450666.366964,1.0
1731450666.37098,1.0
1731450666.3760116,1.0
1731450666.3799803,1.0
1731450666.3840053,1.0
1731450666.3880568,1.0
1731450666.392119,1.0
1731450666.3951445,1.0
1731450666.399172,1.0
1731450666.4039528,1.0
1731450666.4080727,1.0
1731450666.412086,1.0
1731450666.4161444,1.0
1731450666.4200191,1.0
1731450666.4230354,1.0
1731450666.4271564,1.0
1731450666.4322188,1.0
1731450666.4362051,1.0
1731450666.440308,1.0
1731450666.4441984,1.0
1731450666.448242,1.0
1731450666.4513352,1.0
1731450666.455248,1.0
1731450666.4602995,1.0
1731450666.464269,1.0
1731450666.4683008,1.0
1731450666.47133,1.0
1731450666.4753292,1.0
1731450666.4792695,1.0
1731450666.4832451,1.0
1731450666.4882383,1.0
1731450666.492584,1.0
1731450666.4964073,1.0
1731450666.4995296,1.0
1731450666.5034535,1.0
1731450666.5075357,1.0
1731450666.5114903,1.0
1731450666.5155177,1.0
1731450666.5201752,1.0
1731450666.5243373,1.0
1731450666.5274107,1.0
1731450666.5314455,1.0
1731450666.5355551,1.0
1731450666.5396357,1.0
1731450666.5433967,1.0
1731450666.5483704,1.0
1731450666.5522764,1.0
1731450666.5553763,1.0
1731450666.5594473,1.0
1731450666.5632305,1.0
1731450666.567397,1.0
1731450666.571402,1.0
1731450666.5764766,1.0
1731450666.5794942,1.0
1731450666.5834558,1.0
1731450666.5873156,1.0
1731450666.5914764,1.0
1731450666.5953147,1.0
1731450666.599413,1.0
1731450666.604542,1.0
1731450666.6074994,1.0
1731450666.6104722,1.0
1731450666.6155877,1.0
1731450666.6195776,1.0
1731450666.623432,1.0
1731450666.6275792,1.0
1731450666.6315017,1.0
1731450666.6355054,1.0
1731450666.638441,1.0
1731450666.6435895,1.0
1731450666.6475632,1.0
1731450666.6514564,1.0
1731450666.6555707,1.0
1731450666.6596327,1.0
1731450666.6634228,1.0
1731450666.666544,1.0
1731450666.6704853,1.0
1731450666.6756625,1.0
1731450666.679518,1.0
1731450666.68358,1.0
1731450666.6866124,1.0
1731450666.6907,1.0
1731450666.6945837,1.0
1731450666.6996553,1.0
1731450666.7034867,1.0
1731450666.7077637,1.0
1731450666.7116897,1.0
1731450666.7146256,1.0
1731450666.7186427,1.0
1731450666.7227738,1.0
1731450666.7266855,1.0
1731450666.731665,1.0
1731450666.735738,1.0
1731450666.73964,1.0
1731450666.7426903,1.0
1731450666.7465754,1.0
1731450666.750723,1.0
1731450666.754599,1.0
1731450666.7598765,1.0
1731450666.763713,1.0
1731450666.7676413,1.0
1731450666.770825,1.0
1731450666.7757409,1.0
1731450666.7797549,1.0
1731450666.782666,1.0
1731450666.7876897,1.0
1731450666.7920592,1.0
1731450666.7947652,1.0
1731450666.798766,1.0
1731450666.8027391,1.0
1731450666.8068695,1.0
1731450666.8109212,1.0
1731450666.8150532,1.0
1731450666.8197863,1.0
1731450666.8227005,1.0
1731450666.8267694,1.0
1731450666.8309293,1.0
1731450666.8349729,1.0
1731450666.8389077,1.0
1731450666.8427625,1.0
1731450666.848018,1.0
1731450666.8507996,1.0
1731450666.8548825,1.0
1731450666.858976,1.0
1731450666.862904,1.0
1731450666.867349,1.0
1731450666.8709407,1.0
1731450666.8759882,1.0
1731450666.878858,1.0
1731450666.8828218,1.0
1731450666.8868887,1.0
1731450666.8910255,1.0
1731450666.8950193,1.0
1731450666.898909,1.0
1731450666.9028263,1.0
1731450666.9060426,1.0
1731450666.9110148,1.0
1731450666.9149125,1.0
1731450666.91896,1.0
1731450666.92294,1.0
1731450666.9268804,1.0
1731450666.930022,1.0
1731450666.93408,1.0
1731450666.9380004,1.0
1731450666.9430523,1.0
1731450666.947091,1.0
1731450666.9510796,1.0
1731450666.9550576,1.0
1731450666.9581,1.0
1731450666.9619925,1.0
1731450666.966117,1.0
1731450666.9710865,1.0
1731450666.9751165,1.0
1731450666.97912,1.0
1731450666.9830654,1.0
1731450666.9861343,1.0
1731450666.9901166,1.0
1731450666.994197,1.0
1731450666.9991708,1.0
1731450667.0029263,1.0
1731450667.007166,1.0
1731450667.0101824,1.0
1731450667.014276,1.0
1731450667.0182452,1.0
1731450667.022395,1.0
1731450667.026238,1.0
1731450667.0311708,1.0
1731450667.0350392,1.0
1731450667.038188,1.0
1731450667.0421455,1.0
1731450667.0461898,1.0
1731450667.0501208,1.0
1731450667.0540974,1.0
1731450667.0590985,1.0
1731450667.0630057,1.0
1731450667.0661852,1.0
1731450667.070105,1.0
1731450667.0742335,1.0
1731450667.0782812,1.0
1731450667.0821877,1.0
1731450667.0872748,1.0
1731450667.091385,1.0
1731450667.0942135,1.0
1731450667.098334,1.0
1731450667.1023896,1.0
1731450667.1061757,1.0
1731450667.1102755,1.0
1731450667.1152687,1.0
1731450667.1182947,1.0
1731450667.122465,1.0
1731450667.1263573,1.0
1731450667.1302154,1.0
1731450667.1343164,1.0
1731450667.1382103,1.0
1731450667.143253,1.0
1731450667.1461847,1.0
1731450667.1494048,1.0
1731450667.154312,1.0
1731450667.158317,1.0
1731450667.162244,1.0
1731450667.1663032,1.0
1731450667.1712923,1.0
1731450667.1743522,1.0
1731450667.1772127,1.0
1731450667.182572,1.0
1731450667.1863585,1.0
1731450667.1903636,1.0
1731450667.194498,1.0
1731450667.198338,1.0
1731450667.202443,1.0
1731450667.2054546,1.0
1731450667.2103884,1.0
1731450667.2144282,1.0
1731450667.2184515,1.0
1731450667.2225385,1.0
1731450667.2254677,1.0
1731450667.2292917,1.0
1731450667.2333555,1.0
1731450667.2374227,1.0
1731450667.2425888,1.0
1731450667.246355,1.0
1731450667.2505157,1.0
1731450667.254455,1.0
1731450667.257429,1.0
1731450667.2614627,1.0
1731450667.2664745,1.0
1731450667.2703896,1.0
1731450667.2744892,1.0
1731450667.278375,1.0
1731450667.2815208,1.0
1731450667.2854033,1.0
1731450667.2895184,1.0
1731450667.293496,1.0
1731450667.2985485,1.0
1731450667.3026996,1.0
1731450667.3065784,1.0
1731450667.3096328,1.0
1731450667.313501,1.0
1731450667.3176491,1.0
1731450667.321473,1.0
1731450667.3265672,1.0
1731450667.3305166,1.0
1731450667.333547,1.0
1731450667.337504,1.0
1731450667.3416069,1.0
1731450667.3456104,1.0
1731450667.3496134,1.0
1731450667.3546033,1.0
1731450667.3586624,1.0
1731450667.3616805,1.0
1731450667.3656533,1.0
1731450667.3696754,1.0
1731450667.3735833,1.0
1731450667.3775597,1.0
1731450667.3817384,1.0
1731450667.386816,1.0
1731450667.389676,1.0
1731450667.3937929,1.0
1731450667.3978815,1.0
1731450667.4018955,1.0
1731450667.4059558,1.0
1731450667.40997,1.0
1731450667.414764,1.0
1731450667.417834,1.0
1731450667.421596,1.0
1731450667.425781,1.0
1731450667.4296572,1.0
1731450667.4336612,1.0
1731450667.4377751,1.0
1731450667.4417293,1.0
1731450667.4448323,1.0
1731450667.4487956,1.0
1731450667.4536548,1.0
1731450667.4577644,1.0
1731450667.4617436,1.0
1731450667.4661117,1.0
1731450667.469802,1.0
1731450667.4727232,1.0
1731450667.477866,1.0
1731450667.4817822,1.0
1731450667.485849,1.0
1731450667.489849,1.0
1731450667.4938323,1.0
1731450667.4978037,1.0
1731450667.500858,1.0
1731450667.5048296,1.0
1731450667.5099924,1.0
1731450667.513944,1.0
1731450667.5180972,1.0
1731450667.5210028,1.0
1731450667.5251205,1.0
1731450667.528981,1.0
1731450667.5331993,1.0
1731450667.5369072,1.0
1731450667.5417924,1.0
1731450667.5458794,1.0
1731450667.548938,1.0
1731450667.5527952,1.0
1731450667.556836,1.0
1731450667.560944,1.0
1731450667.5659702,1.0
1731450667.569886,1.0
1731450667.5740256,1.0
1731450667.5770297,1.0
1731450667.5810037,1.0
1731450667.585124,1.0
1731450667.58883,1.0
1731450667.5929875,1.0
1731450667.5979433,1.0
1731450667.6018665,1.0
1731450667.6050966,1.0
1731450667.609096,1.0
1731450667.6129563,1.0
1731450667.6170857,1.0
1731450667.6210184,1.0
1731450667.6261494,1.0
1731450667.6301558,1.0
1731450667.633108,1.0
1731450667.6369853,1.0
1731450667.6412115,1.0
1731450667.64507,1.0
1731450667.6491868,1.0
1731450667.6542327,1.0
1731450667.657223,1.0
1731450667.659963,1.0
1731450667.665581,1.0
1731450667.6693175,1.0
1731450667.673089,1.0
1731450667.6777155,1.0
1731450667.681768,1.0
1731450667.6853092,1.0
1731450667.6881263,1.0
1731450667.6932993,1.0
1731450667.697074,1.0
1731450667.7012124,1.0
1731450667.7052574,1.0
1731450667.7093425,1.0
1731450667.713117,1.0
1731450667.7167137,1.0
1731450667.7211895,1.0
1731450667.7258463,1.0
1731450667.7293572,1.0
1731450667.7332976,1.0
1731450667.736374,1.0
1731450667.7402396,1.0
1731450667.7443128,1.0
1731450667.749513,1.0
1731450667.7531743,1.0
1731450667.7574017,1.0
1731450667.7613306,1.0
1731450667.7646844,1.0
1731450667.7684655,1.0
1731450667.7722125,1.0
1731450667.776466,1.0
1731450667.7813704,1.0
1731450667.785393,1.0
1731450667.789404,1.0
1731450667.7923293,1.0
1731450667.7962914,1.0
1731450667.800393,1.0
1731450667.8043342,1.0
1731450667.809518,1.0
1731450667.8133073,1.0
1731450667.8177147,1.0
1731450667.8202724,1.0
1731450667.8243432,1.0
1731450667.828245,1.0
1731450667.8329148,1.0
1731450667.8373415,1.0
1731450667.8414145,1.0
1731450667.844316,1.0
1731450667.8484194,1.0
1731450667.8526733,1.0
1731450667.8566017,1.0
1731450667.8605883,1.0
1731450667.8654552,1.0
1731450667.8695102,1.0
1731450667.8724802,1.0
1731450667.8765423,1.0
1731450667.880543,1.0
1731450667.8845649,1.0
1731450667.888527,1.0
1731450667.8925812,1.0
1731450667.89737,1.0
1731450667.900601,1.0
1731450667.904618,1.0
1731450667.9085276,1.0
1731450667.9125009,1.0
1731450667.9165623,1.0
1731450667.9204748,1.0
1731450667.9258783,1.0
1731450667.9285183,1.0
1731450667.9329312,1.0
1731450667.936618,1.0
1731450667.9406412,1.0
1731450667.9446008,1.0
1731450667.9487605,1.0
1731450667.952605,1.0
1731450667.9557793,1.0
1731450667.9606931,1.0
1731450667.9647944,1.0
1731450667.968614,1.0
1731450667.9725575,1.0
1731450667.9776807,1.0
1731450667.980725,1.0
1731450667.9835973,1.0
1731450667.9886353,1.0
1731450667.992581,1.0
1731450667.9967537,1.0
1731450668.0007188,1.0
1731450668.0046663,1.0
1731450668.008631,1.0
1731450668.0115771,1.0
1731450668.01572,1.0
1731450668.020687,1.0
1731450668.0246513,1.0
1731450668.0286732,1.0
1731450668.0327387,1.0
1731450668.0367374,1.0
1731450668.039817,1.0
1731450668.0436237,1.0
1731450668.048748,1.0
1731450668.0528424,1.0
1731450668.0568333,1.0
1731450668.0598462,1.0
1731450668.0638027,1.0
1731450668.06786,1.0
1731450668.0717947,1.0
1731450668.0768626,1.0
1731450668.080881,1.0
1731450668.0848,1.0
1731450668.0878537,1.0
1731450668.0918,1.0
1731450668.0958557,1.0
1731450668.0998442,1.0
1731450668.1037884,1.0
1731450668.1088958,1.0
1731450668.11274,1.0
1731450668.1158965,1.0
1731450668.1198156,1.0
1731450668.1237652,1.0
1731450668.127962,1.0
1731450668.131784,1.0
1731450668.1367145,1.0
1731450668.1409953,1.0
1731450668.1439786,1.0
1731450668.1479516,1.0
1731450668.1520257,1.0
1731450668.1560252,1.0
1731450668.1599233,1.0
1731450668.1649785,1.0
1731450668.168039,1.0
1731450668.1720233,1.0
1731450668.1760516,1.0
1731450668.1799593,1.0
1731450668.1842031,1.0
1731450668.1880383,1.0
1731450668.1929815,1.0
1731450668.1959517,1.0
1731450668.1990533,1.0
1731450668.2039611,1.0
1731450668.2080836,1.0
1731450668.2119343,1.0
1731450668.2160623,1.0
1731450668.2210467,1.0
1731450668.2239316,1.0
1731450668.2270672,1.0
1731450668.2320504,1.0
1731450668.236192,1.0
1731450668.240219,1.0
1731450668.2442036,1.0
1731450668.2482955,1.0
1731450668.2521248,1.0
1731450668.255136,1.0
1731450668.2603817,1.0
1731450668.264361,1.0
1731450668.268397,1.0
1731450668.2722971,1.0
1731450668.2763765,1.0
1731450668.2791016,1.0
1731450668.283173,1.0
1731450668.2871037,1.0
1731450668.2921464,1.0
1731450668.2960064,1.0
1731450668.300166,1.0
1731450668.3029883,1.0
1731450668.3071463,1.0
1731450668.311172,1.0
1731450668.3161757,1.0
1731450668.3199992,1.0
1731450668.3241832,1.0
1731450668.3281157,1.0
1731450668.3312151,1.0
1731450668.3352,1.0
1731450668.33921,1.0
1731450668.3431995,1.0
1731450668.3484492,1.0
1731450668.351997,1.0
1731450668.35614,1.0
1731450668.3593311,1.0
1731450668.3631113,1.0
1731450668.3672884,1.0
1731450668.3711648,1.0
1731450668.3761926,1.0
1731450668.3803144,1.0
1731450668.3831131,1.0
1731450668.3873205,1.0
1731450668.3913352,1.0
1731450668.395163,1.0
1731450668.3993273,1.0
1731450668.4040935,1.0
1731450668.408363,1.0
1731450668.4111507,1.0
1731450668.415177,1.0
1731450668.4192276,1.0
1731450668.4231367,1.0
1731450668.4273832,1.0
1731450668.431338,1.0
1731450668.43636,1.0
1731450668.4394064,1.0
1731450668.44323,1.0
1731450668.4473455,1.0
1731450668.4514923,1.0
1731450668.4554043,1.0
1731450668.4594305,1.0
1731450668.4641805,1.0
1731450668.467368,1.0
1731450668.471459,1.0
1731450668.4753592,1.0
1731450668.4802485,1.0
1731450668.4834397,1.0
1731450668.48743,1.0
1731450668.4914913,1.0
1731450668.495391,1.0
1731450668.4994097,1.0
1731450668.5042565,1.0
1731450668.5074384,1.0
1731450668.510468,1.0
1731450668.515547,1.0
1731450668.5193744,1.0
1731450668.5233555,1.0
1731450668.5272548,1.0
1731450668.532545,1.0
1731450668.535482,1.0
1731450668.5385363,1.0
1731450668.5434756,1.0
1731450668.5475588,1.0
1731450668.551545,1.0
1731450668.555718,1.0
1731450668.5586853,1.0
1731450668.562651,1.0
1731450668.5666971,1.0
1731450668.5715916,1.0
1731450668.5756447,1.0
1731450668.579558,1.0
1731450668.583573,1.0
1731450668.5865636,1.0
1731450668.5906408,1.0
1731450668.594627,1.0
1731450668.5998373,1.0
1731450668.6036732,1.0
1731450668.607542,1.0
1731450668.611523,1.0
1731450668.6146271,1.0
1731450668.6186452,1.0
1731450668.6225631,1.0
1731450668.6266918,1.0
1731450668.6316564,1.0
1731450668.6357188,1.0
1731450668.6396472,1.0
1731450668.642674,1.0
1731450668.6466722,1.0
1731450668.650879,1.0
1731450668.654665,1.0
1731450668.6596591,1.0
1731450668.6637256,1.0
1731450668.6677873,1.0
1731450668.6706913,1.0
1731450668.6747086,1.0
1731450668.6785622,1.0
1731450668.6826544,1.0
1731450668.6876411,1.0
1731450668.691687,1.0
1731450668.69474,1.0
1731450668.699002,1.0
1731450668.702792,1.0
1731450668.7070687,1.0
1731450668.7109292,1.0
1731450668.715876,1.0
1731450668.7197568,1.0
1731450668.7228549,1.0
1731450668.727058,1.0
1731450668.731192,1.0
1731450668.73502,1.0
1731450668.7390373,1.0
1731450668.7428367,1.0
1731450668.7479196,1.0
1731450668.7508905,1.0
1731450668.7548316,1.0
1731450668.758886,1.0
1731450668.7628384,1.0
1731450668.7668653,1.0
1731450668.7708452,1.0
1731450668.7748325,1.0
1731450668.7780013,1.0
1731450668.7829697,1.0
1731450668.7869828,1.0
1731450668.7908924,1.0
1731450668.7969513,1.0
1731450668.799975,1.0
1731450668.8027542,1.0
1731450668.8069856,1.0
1731450668.8100529,1.0
1731450668.8150024,1.0
1731450668.818988,1.0
1731450668.8227968,1.0
1731450668.8269491,1.0
1731450668.831099,1.0
1731450668.833948,1.0
1731450668.8392425,1.0
1731450668.8430595,1.0
1731450668.847221,1.0
1731450668.8512764,1.0
1731450668.8552043,1.0
1731450668.8592756,1.0
1731450668.862076,1.0
1731450668.866299,1.0
1731450668.870879,1.0
1731450668.875111,1.0
1731450668.8791685,1.0
1731450668.8821597,1.0
1731450668.886114,1.0
1731450668.8902633,1.0
1731450668.89444,1.0
1731450668.899584,1.0
1731450668.9030044,1.0
1731450668.9073648,1.0
1731450668.910102,1.0
1731450668.9140835,1.0
1731450668.9180982,1.0
1731450668.9223585,1.0
1731450668.9263356,1.0
1731450668.9311748,1.0
1731450668.9350207,1.0
1731450668.9382668,1.0
1731450668.942344,1.0
1731450668.9462085,1.0
1731450668.9501815,1.0
1731450668.9542274,1.0
1731450668.9592812,1.0
1731450668.963066,1.0
1731450668.9663117,1.0
1731450668.970225,1.0
1731450668.974296,1.0
1731450668.9782152,1.0
1731450668.982205,1.0
1731450668.9873064,1.0
1731450668.9902709,1.0
1731450668.9943745,1.0
1731450668.9983127,1.0
1731450669.0022748,1.0
1731450669.00636,1.0
1731450669.0103564,1.0
1731450669.0153427,1.0
1731450669.018278,1.0
1731450669.022352,1.0
1731450669.026378,1.0
1731450669.0302691,1.0
1731450669.034299,1.0
1731450669.0382464,1.0
1731450669.0430963,1.0
1731450669.0461285,1.0
1731450669.0491192,1.0
1731450669.0541203,1.0
1731450669.058241,1.0
1731450669.0621393,1.0
1731450669.0661564,1.0
1731450669.071166,1.0
1731450669.0743942,1.0
1731450669.0771725,1.0
1731450669.0821729,1.0
1731450669.086162,1.0
1731450669.0901923,1.0
1731450669.0942068,1.0
1731450669.097195,1.0
1731450669.1012275,1.0
1731450669.105229,1.0
1731450669.11046,1.0
1731450669.1143925,1.0
1731450669.1182585,1.0
1731450669.12234,1.0
1731450669.125245,1.0
1731450669.129279,1.0
1731450669.1335287,1.0
1731450669.1373584,1.0
1731450669.14253,1.0
1731450669.1465118,1.0
1731450669.1505923,1.0
1731450669.1534095,1.0
1731450669.1575425,1.0
1731450669.161461,1.0
1731450669.165564,1.0
1731450669.1704075,1.0
1731450669.174532,1.0
1731450669.1784024,1.0
1731450669.1816015,1.0
1731450669.1854107,1.0
1731450669.1895835,1.0
1731450669.193646,1.0
1731450669.1985326,1.0
1731450669.2026289,1.0
1731450669.205443,1.0
1731450669.2095933,1.0
1731450669.2134717,1.0
1731450669.2177448,1.0
1731450669.221634,1.0
1731450669.2267444,1.0
1731450669.2306623,1.0
1731450669.2336042,1.0
1731450669.237594,1.0
1731450669.2417257,1.0
1731450669.245721,1.0
1731450669.249806,1.0
1731450669.2546463,1.0
1731450669.258656,1.0
1731450669.2615683,1.0
1731450669.2656558,1.0
1731450669.269583,1.0
1731450669.273746,1.0
1731450669.2777648,1.0
1731450669.2818518,1.0
1731450669.2867048,1.0
1731450669.2899384,1.0
1731450669.2939565,1.0
1731450669.297896,1.0
1731450669.3017845,1.0
1731450669.305694,1.0
1731450669.310892,1.0
1731450669.3136706,1.0
1731450669.316782,1.0
1731450669.3217144,1.0
1731450669.3258736,1.0
1731450669.329641,1.0
1731450669.3338115,1.0
1731450669.3378327,1.0
1731450669.3416867,1.0
1731450669.3447113,1.0
1731450669.34884,1.0
1731450669.3547063,1.0
1731450669.3578544,1.0
1731450669.3616512,1.0
1731450669.3658936,1.0
1731450669.369817,1.0
1731450669.3728096,1.0
1731450669.376871,1.0
1731450669.3819623,1.0
1731450669.3858793,1.0
1731450669.38997,1.0
1731450669.3939388,1.0
1731450669.396963,1.0
1731450669.4009948,1.0
1731450669.4049635,1.0
1731450669.4099655,1.0
1731450669.4139256,1.0
1731450669.4177985,1.0
1731450669.4219892,1.0
1731450669.4248085,1.0
1731450669.4309142,1.0
1731450669.434113,1.0
1731450669.4370043,1.0
1731450669.4419951,1.0
1731450669.44586,1.0
1731450669.449005,1.0
1731450669.4528496,1.0
1731450669.46006,1.0
1731450669.4629,1.0
1731450669.4670904,1.0
1731450669.469933,1.0
1731450669.4740465,1.0
1731450669.4769845,1.0
1731450669.4811504,1.0
1731450669.4851837,1.0
1731450669.489146,1.0
1731450669.4930055,1.0
1731450669.498113,1.0
1731450669.5021365,1.0
1731450669.5061023,1.0
1731450669.5090785,1.0
1731450669.51298,1.0
1731450669.517231,1.0
1731450669.5230663,1.0
1731450669.526186,1.0
1731450669.5301273,1.0
1731450669.5330567,1.0
1731450669.5370903,1.0
1731450669.5413027,1.0
1731450669.5452273,1.0
1731450669.549332,1.0
1731450669.5541704,1.0
1731450669.557172,1.0
1731450669.5609934,1.0
1731450669.565203,1.0
1731450669.5693,1.0
1731450669.5732112,1.0
1731450669.5771968,1.0
1731450669.5812027,1.0
1731450669.5861688,1.0
1731450669.5902028,1.0
1731450669.5942712,1.0
1731450669.5972247,1.0
1731450669.6012008,1.0
1731450669.6051168,1.0
1731450669.6110857,1.0
1731450669.6141796,1.0
1731450669.618292,1.0
1731450669.6211667,1.0
1731450669.6252663,1.0
1731450669.629272,1.0
1731450669.63325,1.0
1731450669.6371007,1.0
1731450669.6405573,1.0
1731450669.6442168,1.0
1731450669.6493306,1.0
1731450669.653088,1.0
1731450669.657422,1.0
1731450669.6611533,1.0
1731450669.66535,1.0
1731450669.6682796,1.0
1731450669.672305,1.0
1731450669.67813,1.0
1731450669.6813524,1.0
1731450669.6853085,1.0
1731450669.6893842,1.0
1731450669.6925104,1.0
1731450669.6962037,1.0
1731450669.7003615,1.0
1731450669.704299,1.0
1731450669.7093005,1.0
1731450669.7132876,1.0
1731450669.7174215,1.0
1731450669.7202604,1.0
1731450669.724424,1.0
1731450669.7282388,1.0
1731450669.7325828,1.0
1731450669.73725,1.0
1731450669.7414975,1.0
1731450669.7442691,1.0
1731450669.7484367,1.0
1731450669.7525947,1.0
1731450669.756456,1.0
1731450669.7604487,1.0
1731450669.765519,1.0
1731450669.7693489,1.0
1731450669.7725327,1.0
1731450669.776661,1.0
1731450669.780534,1.0
1731450669.7844324,1.0
1731450669.7884684,1.0
1731450669.7926676,1.0
1731450669.7974124,1.0
1731450669.800809,1.0
1731450669.8044622,1.0
1731450669.808573,1.0
1731450669.812493,1.0
1731450669.8165407,1.0
1731450669.8203568,1.0
1731450669.8254988,1.0
1731450669.8284805,1.0
1731450669.8325565,1.0
1731450669.8365135,1.0
1731450669.8406374,1.0
1731450669.8444858,1.0
1731450669.8487048,1.0
1731450669.8535907,1.0
1731450669.8565154,1.0
1731450669.860794,1.0
1731450669.8646443,1.0
1731450669.86892,1.0
1731450669.8725135,1.0
1731450669.8767388,1.0
1731450669.8805869,1.0
1731450669.8837988,1.0
1731450669.8886144,1.0
1731450669.8926213,1.0
1731450669.896522,1.0
1731450669.9007227,1.0
1731450669.904605,1.0
1731450669.9086418,1.0
1731450669.911614,1.0
1731450669.9157138,1.0
1731450669.9216812,1.0
1731450669.92481,1.0
1731450669.9285743,1.0
1731450669.9326816,1.0
1731450669.9367,1.0
1731450669.9397044,1.0
1731450669.94379,1.0
1731450669.9486873,1.0
1731450669.9526582,1.0
1731450669.9566417,1.0
1731450669.9597895,1.0
1731450669.9636824,1.0
1731450669.9677348,1.0
1731450669.9716215,1.0
1731450669.9767952,1.0
1731450669.9806592,1.0
1731450669.984698,1.0
1731450669.9876876,1.0
1731450669.991845,1.0
1731450669.9957497,1.0
1731450669.9998488,1.0
1731450670.003889,1.0
1731450670.0088327,1.0
1731450670.0128188,1.0
1731450670.0168252,1.0
1731450670.0198543,1.0
1731450670.023948,1.0
1731450670.0277548,1.0
1731450670.0318935,1.0
1731450670.0367355,1.0
1731450670.0408971,1.0
1731450670.0438492,1.0
1731450670.047762,1.0
1731450670.051927,1.0
1731450670.055798,1.0
1731450670.05994,1.0
1731450670.0647876,1.0
1731450670.068976,1.0
1731450670.0720603,1.0
1731450670.0758047,1.0
1731450670.0800505,1.0
1731450670.08585,1.0
1731450670.0890956,1.0
1731450670.0929773,1.0
1731450670.0958655,1.0
1731450670.0998616,1.0
1731450670.103998,1.0
1731450670.1079347,1.0
1731450670.1119382,1.0
1731450670.1159475,1.0
1731450670.119936,1.0
1731450670.124124,1.0
1731450670.1269743,1.0
1731450670.1320696,1.0
1731450670.1359124,1.0
1731450670.140031,1.0
1731450670.146026,1.0
1731450670.1490583,1.0
1731450670.152081,1.0
1731450670.15605,1.0
1731450670.1600244,1.0
1731450670.1639888,1.0
1731450670.168183,1.0
1731450670.171971,1.0
1731450670.175096,1.0
1731450670.179026,1.0
1731450670.1829965,1.0
1731450670.187209,1.0
1731450670.192155,1.0
1731450670.1960616,1.0
1731450670.2000809,1.0
1731450670.2030168,1.0
1731450670.207044,1.0
1731450670.21105,1.0
1731450670.2160723,1.0
1731450670.22006,1.0
1731450670.2242165,1.0
1731450670.2280753,1.0
1731450670.231073,1.0
1731450670.2350743,1.0
1731450670.2391727,1.0
1731450670.2433133,1.0
1731450670.2483003,1.0
1731450670.2520947,1.0
1731450670.256192,1.0
1731450670.2593777,1.0
1731450670.2632313,1.0
1731450670.2671585,1.0
1731450670.2712088,1.0
1731450670.2774897,1.0
1731450675.277196,1.0
1731450675.281131,1.0
1731450675.285252,1.0
1731450675.2893467,1.0
1731450675.293182,1.0
1731450675.297145,1.0
1731450675.3002362,1.0
1731450675.306223,1.0
1731450675.3092625,1.0
1731450675.3131611,1.0
1731450675.3172967,1.0
1731450675.3212016,1.0
1731450675.3254309,1.0
1731450675.3282192,1.0
1731450675.332294,1.0
1731450675.337368,1.0
1731450675.341329,1.0
1731450675.345221,1.0
1731450675.3493063,1.0
1731450675.353313,1.0
1731450675.3563335,1.0
1731450675.3602452,1.0
1731450675.365386,1.0
1731450675.369402,1.0
1731450675.3733687,1.0
1731450675.37733,1.0
1731450675.3813045,1.0
1731450675.3843071,1.0
1731450675.3903017,1.0
1731450675.3933108,1.0
1731450675.3973703,1.0
1731450675.401318,1.0
1731450675.404338,1.0
1731450675.4084084,1.0
1731450675.4123683,1.0
1731450675.4163733,1.0
1731450675.4213965,1.0
1731450675.425364,1.0
1731450675.4293656,1.0
1731450675.4323883,1.0
1731450675.4364605,1.0
1731450675.44039,1.0
1731450675.444419,1.0
1731450675.448514,1.0
1731450675.4534192,1.0
1731450675.4574702,1.0
1731450675.4605188,1.0
1731450675.464492,1.0
1731450675.4684348,1.0
1731450675.472463,1.0
1731450675.4764817,1.0
1731450675.4814584,1.0
1731450675.484462,1.0
1731450675.4884543,1.0
1731450675.4924743,1.0
1731450675.4965117,1.0
1731450675.5005453,1.0
1731450675.5045483,1.0
1731450675.5095892,1.0
1731450675.512606,1.0
1731450675.5164924,1.0
1731450675.5205193,1.0
1731450675.5245216,1.0
1731450675.5285528,1.0
1731450675.5325356,1.0
1731450675.5375524,1.0
1731450675.5406497,1.0
1731450675.543584,1.0
1731450675.5486915,1.0
1731450675.5526433,1.0
1731450675.5565715,1.0
1731450675.5605693,1.0
1731450675.56562,1.0
1731450675.5686948,1.0
1731450675.5716276,1.0
1731450675.5766456,1.0
1731450675.5807352,1.0
1731450675.5846677,1.0
1731450675.5886517,1.0
1731450675.592652,1.0
1731450675.5966983,1.0
1731450675.5996716,1.0
1731450675.6046717,1.0
1731450675.608704,1.0
1731450675.6126685,1.0
1731450675.6166868,1.0
1731450675.6206815,1.0
1731450675.6247518,1.0
1731450675.6278677,1.0
1731450675.6317673,1.0
1731450675.6368804,1.0
1731450675.6408727,1.0
1731450675.6448848,1.0
1731450675.64788,1.0
1731450675.6518433,1.0
1731450675.6558683,1.0
1731450675.6599402,1.0
1731450675.6648133,1.0
1731450675.668872,1.0
1731450675.6728349,1.0
1731450675.6757703,1.0
1731450675.679937,1.0
1731450675.6838098,1.0
1731450675.6879458,1.0
1731450675.692865,1.0
1731450675.69686,1.0
1731450675.7009492,1.0
1731450675.704054,1.0
1731450675.7078695,1.0
1731450675.711956,1.0
1731450675.7158988,1.0
1731450675.719906,1.0
1731450675.7248943,1.0
1731450675.727857,1.0
1731450675.7320347,1.0
1731450675.7360215,1.0
1731450675.739994,1.0
1731450675.744002,1.0
1731450675.747944,1.0
1731450675.752966,1.0
1731450675.7559297,1.0
1731450675.7599487,1.0
1731450675.7639673,1.0
1731450675.768022,1.0
1731450675.772094,1.0
1731450675.7759416,1.0
1731450675.7811513,1.0
1731450675.784084,1.0
1731450675.7880492,1.0
1731450675.7920077,1.0
1731450675.7960763,1.0
1731450675.8002243,1.0
1731450675.8040714,1.0
1731450675.8090503,1.0
1731450675.812117,1.0
1731450675.8160396,1.0
1731450675.820186,1.0
1731450675.8242784,1.0
1731450675.8280897,1.0
1731450675.8322637,1.0
1731450675.8361845,1.0
1731450675.8391812,1.0
1731450675.8431804,1.0
1731450675.8480952,1.0
1731450675.8523376,1.0
1731450675.8560867,1.0
1731450675.8603053,1.0
1731450675.8641307,1.0
1731450675.867313,1.0
1731450675.872189,1.0
1731450675.8761976,1.0
1731450675.8802347,1.0
1731450675.8841736,1.0
1731450675.8883052,1.0
1731450675.891337,1.0
1731450675.8953166,1.0
1731450675.8993125,1.0
1731450675.9043484,1.0
1731450675.908329,1.0
1731450675.9123476,1.0
1731450675.9162338,1.0
1731450675.9202197,1.0
1731450675.9231951,1.0
1731450675.9272408,1.0
1731450675.9322364,1.0
1731450675.936242,1.0
1731450675.9402573,1.0
1731450675.9432511,1.0
1731450675.9473715,1.0
1731450675.9513285,1.0
1731450675.9554615,1.0
1731450675.9603057,1.0
1731450675.964363,1.0
1731450675.9684536,1.0
1731450675.9714932,1.0
1731450675.9754505,1.0
1731450675.9793985,1.0
1731450675.9833274,1.0
1731450675.9874525,1.0
1731450675.9923525,1.0
1731450675.9964352,1.0
1731450675.9994571,1.0
1731450676.003445,1.0
1731450676.0074546,1.0
1731450676.0114107,1.0
1731450676.0154943,1.0
1731450676.0205588,1.0
1731450676.0245852,1.0
1731450676.0275755,1.0
1731450676.03155,1.0
1731450676.035518,1.0
1731450676.039564,1.0
1731450676.043512,1.0
1731450676.048597,1.0
1731450676.05151,1.0
1731450676.0556214,1.0
1731450676.0596187,1.0
1731450676.0636768,1.0
1731450676.0674956,1.0
1731450676.071678,1.0
1731450676.075598,1.0
1731450676.0795848,1.0
1731450676.0825963,1.0
1731450676.087518,1.0
1731450676.091572,1.0
1731450676.0956464,1.0
1731450676.0996163,1.0
1731450676.1036284,1.0
1731450676.1076958,1.0
1731450676.110688,1.0
1731450676.1157122,1.0
1731450676.1195605,1.0
1731450676.1237793,1.0
1731450676.1277535,1.0
1731450676.1318066,1.0
1731450676.1356003,1.0
1731450676.1388202,1.0
1731450676.142553,1.0
1731450676.1476443,1.0
1731450676.1516764,1.0
1731450676.1558917,1.0
1731450676.158768,1.0
1731450676.162666,1.0
1731450676.1666737,1.0
1731450676.1716805,1.0
1731450676.1756818,1.0
1731450676.1799476,1.0
1731450676.1838768,1.0
1731450676.1868784,1.0
1731450676.1907983,1.0
1731450676.1949277,1.0
1731450676.1987488,1.0
1731450676.203795,1.0
1731450676.2079515,1.0
1731450676.211734,1.0
1731450676.2148564,1.0
1731450676.2187264,1.0
1731450676.2227044,1.0
1731450676.226815,1.0
1731450676.230811,1.0
1731450676.2357993,1.0
1731450676.2398517,1.0
1731450676.2428837,1.0
1731450676.2468345,1.0
1731450676.2509532,1.0
1731450676.2548969,1.0
1731450676.259898,1.0
1731450676.2639663,1.0
1731450676.2667964,1.0
1731450676.27089,1.0
1731450676.274886,1.0
1731450676.278904,1.0
1731450676.2828307,1.0
1731450676.287007,1.0
1731450676.293028,1.0
1731450676.297026,1.0
1731450676.2999473,1.0
1731450676.3030665,1.0
1731450676.307037,1.0
1731450676.311064,1.0
1731450676.3148663,1.0
1731450676.320056,1.0
1731450676.3230066,1.0
1731450676.3269324,1.0
1731450676.33086,1.0
1731450676.334888,1.0
1731450676.3391273,1.0
1731450676.3429573,1.0
1731450676.3479338,1.0
1731450676.3509345,1.0
1731450676.3540275,1.0
1731450676.358945,1.0
1731450676.3629742,1.0
1731450676.3670092,1.0
1731450676.371022,1.0
1731450676.375183,1.0
1731450676.3779547,1.0
1731450676.3820257,1.0
1731450676.3869758,1.0
1731450676.3911276,1.0
1731450676.3950927,1.0
1731450676.3991077,1.0
1731450676.4030187,1.0
1731450676.4060214,1.0
1731450676.410021,1.0
1731450676.4150376,1.0
1731450676.4191053,1.0
1731450676.4230015,1.0
1731450676.4271502,1.0
1731450676.4301183,1.0
1731450676.43407,1.0
1731450676.438064,1.0
1731450676.4432003,1.0
1731450676.447092,1.0
1731450676.451098,1.0
1731450676.455124,1.0
1731450676.458116,1.0
1731450676.4621637,1.0
1731450676.4661584,1.0
1731450676.4701557,1.0
1731450676.475237,1.0
1731450676.4792771,1.0
1731450676.4821825,1.0
1731450676.4863548,1.0
1731450676.4902513,1.0
1731450676.4943569,1.0
1731450676.4983082,1.0
1731450676.5033913,1.0
1731450676.507334,1.0
1731450676.5102713,1.0
1731450676.514366,1.0
1731450676.5183015,1.0
1731450676.52239,1.0
1731450676.5264847,1.0
1731450676.5314033,1.0
1731450676.5354724,1.0
1731450676.5383518,1.0
1731450676.542389,1.0
1731450676.546452,1.0
1731450676.5504367,1.0
1731450676.554432,1.0
1731450676.5593565,1.0
1731450676.563432,1.0
1731450676.5664563,1.0
1731450676.570502,1.0
1731450676.574506,1.0
1731450676.5784416,1.0
1731450676.5825064,1.0
1731450676.5875745,1.0
1731450676.590521,1.0
1731450676.593451,1.0
1731450676.5983925,1.0
1731450676.6026196,1.0
1731450676.6065805,1.0
1731450676.6105726,1.0
1731450676.615652,1.0
1731450676.6183949,1.0
1731450676.6215744,1.0
1731450676.6264217,1.0
1731450676.6305857,1.0
1731450676.6345246,1.0
1731450676.6385849,1.0
1731450676.642474,1.0
1731450676.646623,1.0
1731450676.6496549,1.0
1731450676.6546364,1.0
1731450676.6585689,1.0
1731450676.6625984,1.0
1731450676.6666653,1.0
1731450676.6717503,1.0
1731450676.6745818,1.0
1731450676.6777055,1.0
1731450676.682728,1.0
1731450676.686633,1.0
1731450676.6905825,1.0
1731450676.6945882,1.0
1731450676.6986935,1.0
1731450676.701712,1.0
1731450676.7055883,1.0
1731450676.7095883,1.0
1731450676.714608,1.0
1731450676.7186103,1.0
1731450676.7226565,1.0
1731450676.725565,1.0
1731450676.7295368,1.0
1731450676.7336545,1.0
1731450676.7376266,1.0
1731450676.7425735,1.0
1731450676.7466264,1.0
1731450676.7506454,1.0
1731450676.7537887,1.0
1731450676.7576928,1.0
1731450676.76186,1.0
1731450676.7658868,1.0
1731450676.770857,1.0
1731450676.7747917,1.0
1731450676.7788084,1.0
1731450676.7818089,1.0
1731450676.785781,1.0
1731450676.7898135,1.0
1731450676.7937925,1.0
1731450676.7987895,1.0
1731450676.8027737,1.0
1731450676.805946,1.0
1731450676.8097844,1.0
1731450676.8138568,1.0
1731450676.8176343,1.0
1731450676.8216825,1.0
1731450676.825784,1.0
1731450676.8308935,1.0
1731450676.8338022,1.0
1731450676.8377936,1.0
1731450676.841877,1.0
1731450676.845867,1.0
1731450676.8498769,1.0
1731450676.853886,1.0
1731450676.858915,1.0
1731450676.8618517,1.0
1731450676.865986,1.0
1731450676.8700607,1.0
1731450676.8738415,1.0
1731450676.8778496,1.0
1731450676.8818965,1.0
1731450676.886897,1.0
1731450676.8899982,1.0
1731450676.892807,1.0
1731450676.8979745,1.0
1731450676.9018483,1.0
1731450676.9060826,1.0
1731450676.9100356,1.0
1731450676.9139886,1.0
1731450676.916976,1.0
1731450676.921002,1.0
1731450676.9258418,1.0
1731450676.9300835,1.0
1731450676.9340503,1.0
1731450676.9380507,1.0
1731450676.9419808,1.0
1731450676.9451096,1.0
1731450676.9490902,1.0
1731450676.9540668,1.0
1731450676.9580572,1.0
1731450676.962118,1.0
1731450676.9661124,1.0
1731450676.9701169,1.0
1731450676.9732275,1.0
1731450676.9771209,1.0
1731450676.9814332,1.0
1731450676.986627,1.0
1731450676.9901388,1.0
1731450676.9941704,1.0
1731450676.9970798,1.0
1731450677.001124,1.0
1731450677.00499,1.0
1731450677.0100732,1.0
1731450677.013271,1.0
1731450677.0172389,1.0
1731450677.0210304,1.0
1731450677.0262208,1.0
1731450677.0302267,1.0
1731450677.0341084,1.0
1731450677.0371072,1.0
1731450677.0412204,1.0
1731450677.0452511,1.0
1731450677.0492425,1.0
1731450677.054379,1.0
1731450677.058226,1.0
1731450677.0622892,1.0
1731450677.065317,1.0
1731450677.0691032,1.0
1731450677.0733008,1.0
1731450677.0772552,1.0
1731450677.0823152,1.0
1731450677.087737,1.0
1731450677.0913212,1.0
1731450677.094332,1.0
1731450677.097342,1.0
1731450677.101143,1.0
1731450677.1052952,1.0
1731450677.109326,1.0
1731450677.114334,1.0
1731450677.1171594,1.0
1731450677.1213825,1.0
1731450677.1254508,1.0
1731450677.129368,1.0
1731450677.133192,1.0
1731450677.1373456,1.0
1731450677.142252,1.0
1731450677.1453896,1.0
1731450677.1493907,1.0
1731450677.1534383,1.0
1731450677.1576884,1.0
1731450677.1615045,1.0
1731450677.1654675,1.0
1731450677.1703582,1.0
1731450677.173372,1.0
1731450677.17836,1.0
1731450677.181368,1.0
1731450677.1854112,1.0
1731450677.1894395,1.0
1731450677.1933951,1.0
1731450677.1976323,1.0
1731450677.2004335,1.0
1731450677.2045023,1.0
1731450677.209471,1.0
1731450677.2135684,1.0
1731450677.2176237,1.0
1731450677.221536,1.0
1731450677.2254443,1.0
1731450677.2284725,1.0
1731450677.232397,1.0
1731450677.2376096,1.0
1731450677.2415526,1.0
1731450677.2455418,1.0
1731450677.2495613,1.0
1731450677.2535903,1.0
1731450677.2565775,1.0
1731450677.2606173,1.0
1731450677.2655067,1.0
1731450677.269511,1.0
1731450677.273626,1.0
1731450677.2776651,1.0
1731450677.2815952,1.0
1731450677.2845488,1.0
1731450677.2885888,1.0
1731450677.293486,1.0
1731450677.2976427,1.0
1731450677.3014395,1.0
1731450677.3046174,1.0
1731450677.3086452,1.0
1731450677.3127046,1.0
1731450677.3167195,1.0
1731450677.320709,1.0
1731450677.3256185,1.0
1731450677.3295052,1.0
1731450677.3325396,1.0
1731450677.3366055,1.0
1731450677.3405771,1.0
1731450677.344614,1.0
1731450677.3487406,1.0
1731450677.3537328,1.0
1731450677.35754,1.0
1731450677.3606534,1.0
1731450677.364648,1.0
1731450677.3685946,1.0
1731450677.3727305,1.0
1731450677.3766625,1.0
1731450677.381784,1.0
1731450677.3857992,1.0
1731450677.3887577,1.0
1731450677.3926785,1.0
1731450677.3967936,1.0
1731450677.4006257,1.0
1731450677.4048026,1.0
1731450677.4097064,1.0
1731450677.4137237,1.0
1731450677.4167109,1.0
1731450677.4207065,1.0
1731450677.4247143,1.0
1731450677.4286942,1.0
1731450677.4327295,1.0
1731450677.437637,1.0
1731450677.4408112,1.0
1731450677.4438164,1.0
1731450677.448892,1.0
1731450677.4528835,1.0
1731450677.4568589,1.0
1731450677.4608223,1.0
1731450677.4649072,1.0
1731450677.468864,1.0
1731450677.4719927,1.0
1731450677.4758382,1.0
1731450677.4809716,1.0
1731450677.4849572,1.0
1731450677.488957,1.0
1731450677.4929185,1.0
1731450677.496948,1.0
1731450677.4999776,1.0
1731450677.5049083,1.0
1731450677.5088713,1.0
1731450677.512885,1.0
1731450677.5168908,1.0
1731450677.5210743,1.0
1731450677.5242012,1.0
1731450677.52804,1.0
1731450677.533025,1.0
1731450677.5369987,1.0
1731450677.5410275,1.0
1731450677.5450635,1.0
1731450677.547951,1.0
1731450677.552081,1.0
1731450677.5560527,1.0
1731450677.5600576,1.0
1731450677.565081,1.0
1731450677.5692086,1.0
1731450677.573207,1.0
1731450677.5761113,1.0
1731450677.580094,1.0
1731450677.5841498,1.0
1731450677.588045,1.0
1731450677.593125,1.0
1731450677.5970616,1.0
1731450677.601149,1.0
1731450677.604142,1.0
1731450677.6080573,1.0
1731450677.6121624,1.0
1731450677.6161392,1.0
1731450677.6211188,1.0
1731450677.625152,1.0
1731450677.628013,1.0
1731450677.632133,1.0
1731450677.6361282,1.0
1731450677.6401026,1.0
1731450677.6440923,1.0
1731450677.6481156,1.0
1731450677.6542273,1.0
1731450677.6572,1.0
1731450677.6612067,1.0
1731450677.6641052,1.0
1731450677.668147,1.0
1731450677.6722777,1.0
1731450677.6760633,1.0
1731450677.6813085,1.0
1731450677.6841917,1.0
1731450677.6881874,1.0
1731450677.692192,1.0
1731450677.6962392,1.0
1731450677.700283,1.0
1731450677.7043118,1.0
1731450677.7092917,1.0
1731450677.7122898,1.0
1731450677.7163155,1.0
1731450677.7203307,1.0
1731450677.7243073,1.0
1731450677.728151,1.0
1731450677.73234,1.0
1731450677.7373264,1.0
1731450677.740352,1.0
1731450677.7443633,1.0
1731450677.7482708,1.0
1731450677.7523196,1.0
1731450677.7563312,1.0
1731450677.7603655,1.0
1731450677.7644107,1.0
1731450677.7679071,1.0
1731450677.7713656,1.0
1731450677.7763095,1.0
1731450677.7804046,1.0
1731450677.7844796,1.0
1731450677.7883496,1.0
1731450677.7923942,1.0
1731450677.7954044,1.0
1731450677.79947,1.0
1731450677.804434,1.0
1731450677.8084304,1.0
1731450677.8124344,1.0
1731450677.816475,1.0
1731450677.8194568,1.0
1731450677.8234568,1.0
1731450677.8276348,1.0
1731450677.8324895,1.0
1731450677.8364718,1.0
1731450677.8405385,1.0
1731450677.8435428,1.0
1731450677.8474574,1.0
1731450677.8516252,1.0
1731450677.855634,1.0
1731450677.8595295,1.0
1731450677.8643763,1.0
1731450677.868472,1.0
1731450677.871505,1.0
1731450677.8765135,1.0
1731450677.8804405,1.0
1731450677.8855393,1.0
1731450677.888454,1.0
1731450677.8925965,1.0
1731450677.8966155,1.0
1731450677.8996403,1.0
1731450677.9036243,1.0
1731450677.907571,1.0
1731450677.911497,1.0
1731450677.915625,1.0
1731450677.9205885,1.0
1731450677.9246128,1.0
1731450677.9278152,1.0
1731450677.931654,1.0
1731450677.9355931,1.0
1731450677.9396255,1.0
1731450677.9436212,1.0
1731450677.948629,1.0
1731450677.951692,1.0
1731450677.9546947,1.0
1731450677.9595904,1.0
1731450677.9639757,1.0
1731450677.9677968,1.0
1731450677.9720209,1.0
1731450677.9776573,1.0
1731450677.9807105,1.0
1731450677.9847472,1.0
1731450677.9888372,1.0
1731450677.991916,1.0
1731450677.9957433,1.0
1731450677.9997375,1.0
1731450678.0037367,1.0
1731450678.007616,1.0
1731450678.010825,1.0
1731450678.0158007,1.0
1731450678.019807,1.0
1731450678.0237887,1.0
1731450678.0277493,1.0
1731450678.0317872,1.0
1731450678.0357776,1.0
1731450678.0387795,1.0
1731450678.0429308,1.0
1731450678.0478213,1.0
1731450678.0518637,1.0
1731450678.055846,1.0
1731450678.0598245,1.0
1731450678.0638463,1.0
1731450678.0691936,1.0
1731450678.0719209,1.0
1731450678.0757666,1.0
1731450678.079944,1.0
1731450678.0837429,1.0
1731450678.0871196,1.0
1731450678.0908744,1.0
1731450678.09485,1.0
1731450678.0989184,1.0
1731450678.1040232,1.0
1731450678.1078854,1.0
1731450678.1120572,1.0
1731450678.115059,1.0
1731450678.119009,1.0
1731450678.122965,1.0
1731450678.1269524,1.0
1731450678.132064,1.0
1731450678.1360536,1.0
1731450678.140067,1.0
1731450678.1429255,1.0
1731450678.1470408,1.0
1731450678.1510348,1.0
1731450678.1550736,1.0
1731450678.1600304,1.0
1731450678.1640668,1.0
1731450678.1668637,1.0
1731450678.1710472,1.0
1731450678.1752326,1.0
1731450678.1789992,1.0
1731450678.1828473,1.0
1731450678.1870117,1.0
1731450678.191924,1.0
1731450678.1950746,1.0
1731450678.1991332,1.0
1731450678.2031035,1.0
1731450678.2090487,1.0
1731450678.212326,1.0
1731450678.2150772,1.0
1731450678.2203577,1.0
1731450678.2231152,1.0
1731450678.227116,1.0
1731450678.2310145,1.0
1731450678.2370813,1.0
1731450678.2399344,1.0
1731450678.245149,1.0
1731450678.2480235,1.0
1731450678.252196,1.0
1731450678.2552056,1.0
1731450678.2591124,1.0
1731450678.2633028,1.0
1731450678.267151,1.0
1731450678.271547,1.0
1731450678.2752943,1.0
1731450678.2780936,1.0
1731450678.2832296,1.0
1731450678.2871509,1.0
1731450678.291372,1.0
1731450678.295376,1.0
1731450678.2994103,1.0
1731450678.3032656,1.0
1731450678.306316,1.0
1731450678.310298,1.0
1731450678.3153226,1.0
1731450678.3203452,1.0
1731450678.3242528,1.0
1731450678.3293788,1.0
1731450678.332325,1.0
1731450678.3352363,1.0
1731450678.3392277,1.0
1731450678.3442645,1.0
1731450678.3472016,1.0
1731450678.3511477,1.0
1731450678.3554213,1.0
1731450678.3591995,1.0
1731450678.3623424,1.0
1731450678.3663664,1.0
1731450678.3712947,1.0
1731450678.3751464,1.0
1731450678.3793125,1.0
1731450678.3823168,1.0
1731450678.3864048,1.0
1731450678.392206,1.0
1731450678.3953831,1.0
1731450678.399165,1.0
1731450678.4043353,1.0
1731450678.4083376,1.0
1731450678.412442,1.0
1731450678.4152129,1.0
1731450678.4182072,1.0
1731450678.4222963,1.0
1731450678.4262257,1.0
1731450678.4312425,1.0
1731450678.4353364,1.0
1731450678.4383793,1.0
1731450678.4424248,1.0
1731450678.4464192,1.0
1731450678.4503205,1.0
1731450678.4544284,1.0
1731450678.4593792,1.0
1731450678.4634607,1.0
1731450678.4664657,1.0
1731450678.4714768,1.0
1731450678.4753945,1.0
1731450678.481637,1.0
1731450678.4844086,1.0
1731450678.488526,1.0
1731450678.4915562,1.0
1731450678.4945168,1.0
1731450678.49849,1.0
1731450678.5025806,1.0
1731450678.506574,1.0
1731450678.5106285,1.0
1731450678.5155787,1.0
1731450678.5184605,1.0
1731450678.5215583,1.0
1731450678.5264678,1.0
1731450678.5305283,1.0
1731450678.5345483,1.0
1731450678.5385032,1.0
1731450678.5435352,1.0
1731450678.5466075,1.0
1731450678.5495927,1.0
1731450678.554592,1.0
1731450678.5585291,1.0
1731450678.5637028,1.0
1731450678.5686204,1.0
1731450678.5726426,1.0
1731450678.57567,1.0
1731450678.5796456,1.0
1731450678.5826297,1.0
1731450678.5866594,1.0
1731450678.590458,1.0
1731450678.5946732,1.0
1731450678.5976396,1.0
1731450678.6016724,1.0
1731450678.6057053,1.0
1731450678.610696,1.0
1731450678.6146886,1.0
1731450678.618728,1.0
1731450678.6226466,1.0
1731450678.6267495,1.0
1731450678.6297328,1.0
1731450678.633757,1.0
1731450678.6386132,1.0
1731450678.6427171,1.0
1731450678.646737,1.0
1731450678.6507344,1.0
1731450678.6537373,1.0
1731450678.6576586,1.0
1731450678.6617844,1.0
1731450678.6658175,1.0
1731450678.6706135,1.0
1731450678.6747863,1.0
1731450678.6788018,1.0
1731450678.6818151,1.0
1731450678.6857948,1.0
1731450678.6898153,1.0
1731450678.6937757,1.0
1731450678.6987891,1.0
1731450678.702794,1.0
1731450678.7059648,1.0
1731450678.709796,1.0
1731450678.7148356,1.0
1731450678.7197745,1.0
1731450678.7238712,1.0
1731450678.7268848,1.0
1731450678.73076,1.0
1731450678.7336905,1.0
1731450678.7378218,1.0
1731450678.741825,1.0
1731450678.7459862,1.0
1731450678.7499623,1.0
1731450678.753961,1.0
1731450678.7587657,1.0
1731450678.761918,1.0
1731450678.766086,1.0
1731450678.7699893,1.0
1731450678.7739873,1.0
1731450678.7778244,1.0
1731450678.78194,1.0
1731450678.7869248,1.0
1731450678.789968,1.0
1731450678.7939916,1.0
1731450678.7980828,1.0
1731450678.8020852,1.0
1731450678.8058276,1.0
1731450678.8099656,1.0
1731450678.8140266,1.0
1731450678.8169384,1.0
1731450678.821996,1.0
1731450678.8258855,1.0
1731450678.8300953,1.0
1731450678.834038,1.0
1731450678.837907,1.0
1731450678.8421073,1.0
1731450678.8450575,1.0
1731450678.8490615,1.0
1731450678.8538933,1.0
1731450678.8580189,1.0
1731450678.862088,1.0
1731450678.8661027,1.0
1731450678.8690991,1.0
1731450678.8730977,1.0
1731450678.8771176,1.0
1731450678.88316,1.0
1731450678.887038,1.0
1731450678.8911605,1.0
1731450678.8951976,1.0
1731450678.8980978,1.0
1731450678.9011512,1.0
1731450678.9051836,1.0
1731450678.9091656,1.0
1731450678.914173,1.0
1731450678.918161,1.0
1731450678.9212894,1.0
1731450678.925226,1.0
1731450678.9292548,1.0
1731450678.9330828,1.0
1731450678.9382448,1.0
1731450678.9423,1.0
1731450678.9466972,1.0
1731450678.949057,1.0
1731450678.9547322,1.0
1731450678.9593575,1.0
1731450678.963797,1.0
1731450678.9671528,1.0
1731450678.9702864,1.0
1731450678.9742982,1.0
1731450678.9771922,1.0
1731450678.981316,1.0
1731450678.9852903,1.0
1731450678.9893167,1.0
1731450678.9932818,1.0
1731450678.9983642,1.0
1731450679.0023477,1.0
1731450679.005348,1.0
1731450679.009261,1.0
1731450679.0133643,1.0
1731450679.017207,1.0
1731450679.0213315,1.0
1731450679.0263245,1.0
1731450679.030442,1.0
1731450679.0333586,1.0
1731450679.0375764,1.0
1731450679.0413885,1.0
1731450679.0472732,1.0
1731450679.0512147,1.0
1731450679.054463,1.0
1731450679.0575051,1.0
1731450679.0611925,1.0
1731450679.06548,1.0
1731450679.0694728,1.0
1731450679.0735097,1.0
1731450679.0775962,1.0
1731450679.082492,1.0
1731450679.0854936,1.0
1731450679.0895288,1.0
1731450679.0935404,1.0
1731450679.0975869,1.0
1731450679.1015077,1.0
1731450679.105549,1.0
1731450679.1103897,1.0
1731450679.1135256,1.0
1731450679.1165533,1.0
1731450679.1214547,1.0
1731450679.125501,1.0
1731450679.129554,1.0
1731450679.1334205,1.0
1731450679.137683,1.0
1731450679.1415305,1.0
1731450679.1445277,1.0
1731450679.149604,1.0
1731450679.1535664,1.0
1731450679.1576004,1.0
1731450679.1635156,1.0
1731450679.166474,1.0
1731450679.1694975,1.0
1731450679.1724408,1.0
1731450679.176545,1.0
1731450679.1815531,1.0
1731450679.1855855,1.0
1731450679.189581,1.0
1731450679.1925638,1.0
1731450679.1966598,1.0
1731450679.2006564,1.0
1731450679.206687,1.0
1731450679.210697,1.0
1731450679.2136989,1.0
1731450679.2177565,1.0
1731450679.2206347,1.0
1731450679.2247343,1.0
1731450679.2286584,1.0
1731450679.232726,1.0
1731450679.2378347,1.0
1731450679.2415996,1.0
1731450679.2447088,1.0
1731450679.2486615,1.0
1731450679.252679,1.0
1731450679.2566483,1.0
1731450679.2606864,1.0
1731450679.2647395,1.0
1731450679.26977,1.0
1731450679.2727687,1.0
1731450679.2768092,1.0
1731450679.2809772,1.0
1731450679.2862403,1.0
1731450679.29118,1.0
1731450679.2939892,1.0
1731450679.298166,1.0
1731450679.3013017,1.0
1731450679.3047152,1.0
1731450679.3087037,1.0
1731450679.3127875,1.0
1731450679.316671,1.0
1731450679.3208342,1.0
1731450679.3258789,1.0
1731450679.3288772,1.0
1731450679.332865,1.0
1731450679.337881,1.0
1731450679.341894,1.0
1731450679.3448627,1.0
1731450679.348874,1.0
1731450679.352876,1.0
1731450679.3558707,1.0
1731450679.3608582,1.0
1731450679.364947,1.0
1731450679.36895,1.0
1731450679.3729613,1.0
1731450679.3769915,1.0
1731450679.380968,1.0
1731450679.3839605,1.0
1731450679.388016,1.0
1731450679.392906,1.0
1731450679.3969338,1.0
1731450679.4009,1.0
1731450679.4050364,1.0
1731450679.408999,1.0
1731450679.4119966,1.0
1731450679.415966,1.0
1731450679.4209473,1.0
1731450679.42476,1.0
1731450679.429006,1.0
1731450679.4330723,1.0
1731450679.4370863,1.0
1731450679.4400296,1.0
1731450679.4460397,1.0
1731450679.4490037,1.0
1731450679.4529307,1.0
1731450679.4569445,1.0
1731450679.4601386,1.0
1731450679.46402,1.0
1731450679.468053,1.0
1731450679.472078,1.0
1731450679.4770591,1.0
1731450679.4811523,1.0
1731450679.4851189,1.0
1731450679.488134,1.0
1731450679.492222,1.0
1731450679.4966168,1.0
1731450679.4999964,1.0
1731450679.5053062,1.0
1731450679.5092044,1.0
1731450679.513637,1.0
1731450679.5162342,1.0
1731450679.5206292,1.0
1731450679.5242448,1.0
1731450679.5303056,1.0
1731450679.5342493,1.0
1731450679.5382092,1.0
1731450679.5420544,1.0
1731450679.545278,1.0
1731450679.5481915,1.0
1731450679.552276,1.0
1731450679.5561855,1.0
1731450679.56018,1.0
1731450679.5651371,1.0
1731450679.5680716,1.0
1731450679.572281,1.0
1731450679.57632,1.0
1731450679.5802865,1.0
1731450679.5842931,1.0
1731450679.5880277,1.0
1731450679.5932212,1.0
1731450679.596229,1.0
1731450679.6001496,1.0
1731450679.6052313,1.0
1731450679.6092532,1.0
1731450679.6123405,1.0
1731450679.6163397,1.0
1731450679.6203644,1.0
1731450679.6243277,1.0
1731450679.6282847,1.0
1731450679.6323953,1.0
1731450679.6362815,1.0
1731450679.6393228,1.0
1731450679.6443253,1.0
1731450679.6482563,1.0
1731450679.6522665,1.0
1731450679.6564095,1.0
1731450679.6603904,1.0
1731450679.6653895,1.0
1731450679.6693983,1.0
1731450679.6724026,1.0
1731450679.6763637,1.0
1731450679.6804073,1.0
1731450679.6853156,1.0
1731450679.6912472,1.0
1731450679.69543,1.0
1731450679.6993213,1.0
1731450679.7023983,1.0
1731450679.7064269,1.0
1731450679.7092924,1.0
1731450679.7124026,1.0
1731450679.7163568,1.0
1731450679.7213736,1.0
1731450679.7244885,1.0
1731450679.7293785,1.0
1731450679.732266,1.0
1731450679.7363052,1.0
1731450679.7423315,1.0
1731450679.7453954,1.0
1731450679.7483833,1.0
1731450679.7532952,1.0
1731450679.7583652,1.0
1731450679.7623415,1.0
1731450679.7676058,1.0
1731450679.7705374,1.0
1731450679.7746215,1.0
1731450679.777652,1.0
1731450679.7804468,1.0
1731450679.78446,1.0
1731450679.7883675,1.0
1731450679.792385,1.0
1731450679.796452,1.0
1731450679.8003688,1.0
1731450679.803517,1.0
1731450679.8096168,1.0
1731450679.8126156,1.0
1731450679.8176105,1.0
1731450679.8215868,1.0
1731450679.8246346,1.0
1731450679.829594,1.0
1731450679.8344135,1.0
1731450679.8377233,1.0
1731450679.8425455,1.0
1731450679.8454828,1.0
1731450679.8494833,1.0
1731450679.852479,1.0
1731450679.856562,1.0
1731450679.859656,1.0
1731450679.863668,1.0
1731450679.8677316,1.0
1731450679.8716936,1.0
1731450679.8766584,1.0
1731450679.8967347,1.0
1731450679.9007545,1.0
1731450679.903819,1.0
1731450679.906904,1.0
1731450679.9108284,1.0
1731450679.913566,1.0
1731450679.9165854,1.0
1731450679.9208083,1.0
1731450679.923794,1.0
1731450679.9267073,1.0
1731450679.930653,1.0
1731450679.933644,1.0
1731450679.9367368,1.0
1731450679.940827,1.0
1731450679.9438076,1.0
1731450679.9467328,1.0
1731450679.9497187,1.0
1731450679.9539137,1.0
1731450679.956967,1.0
1731450679.9598515,1.0
1731450679.9639027,1.0
1731450679.9666953,1.0
1731450679.969902,1.0
1731450679.9729097,1.0
1731450679.9768722,1.0
1731450679.9808943,1.0
1731450679.985928,1.0
1731450679.9888976,1.0
1731450679.9919095,1.0
1731450679.9956944,1.0
1731450679.9997215,1.0
1731450680.0038376,1.0
1731450680.008705,1.0
1731450680.0128627,1.0
1731450680.0158873,1.0
1731450680.0188844,1.0
1731450680.02297,1.0
1731450680.0268538,1.0
1731450680.0319035,1.0
1731450680.0359726,1.0
1731450680.0399656,1.0
1731450680.0439496,1.0
1731450680.0478995,1.0
1731450680.0509248,1.0
1731450680.0549371,1.0
1731450680.060002,1.0
1731450680.064025,1.0
1731450680.067022,1.0
1731450680.0710533,1.0
1731450680.0748851,1.0
1731450680.0789857,1.0
1731450680.0829544,1.0
1731450680.087953,1.0
1731450680.0919452,1.0
1731450680.0950284,1.0
1731450680.098882,1.0
1731450680.103106,1.0
1731450680.1068575,1.0
1731450680.111061,1.0
1731450680.116014,1.0
1731450680.1199894,1.0
1731450680.1228597,1.0
1731450680.126886,1.0
1731450680.1308436,1.0
1731450680.1349473,1.0
1731450680.1391015,1.0
1731450680.143078,1.0
1731450680.1480143,1.0
1731450680.1509008,1.0
1731450680.1549993,1.0
1731450680.160118,1.0
1731450680.165208,1.0
1731450680.1678903,1.0
1731450680.1711545,1.0
1731450680.175936,1.0
1731450680.179046,1.0
1731450680.1829576,1.0
1731450680.1870182,1.0
1731450680.1910875,1.0
1731450680.1950264,1.0
1731450680.1999965,1.0
1731450680.20327,1.0
1731450680.2062538,1.0
1731450680.2111385,1.0
1731450680.2150853,1.0
1731450680.2192347,1.0
1731450680.2230043,1.0
1731450680.2269945,1.0
1731450680.232344,1.0
1731450680.23523,1.0
1731450680.238247,1.0
1731450680.2432015,1.0
1731450680.247191,1.0
1731450680.251167,1.0
1731450680.255128,1.0
1731450680.25908,1.0
1731450680.2621474,1.0
1731450680.2660651,1.0
1731450680.2712965,1.0
1731450680.2753055,1.0
1731450680.2794912,1.0
1731450680.2823567,1.0
1731450680.2864892,1.0
1731450680.290239,1.0
1731450685.3052497,1.0
1731450685.308164,1.0
1731450685.312206,1.0
1731450685.316373,1.0
1731450685.3214328,1.0
1731450685.3241763,1.0
1731450685.3282957,1.0
1731450685.3322265,1.0
1731450685.336296,1.0
1731450685.3402293,1.0
1731450685.344205,1.0
1731450685.3492095,1.0
1731450685.3523405,1.0
1731450685.3561952,1.0
1731450685.360345,1.0
1731450685.3643854,1.0
1731450685.3685193,1.0
1731450685.3724852,1.0
1731450685.3774276,1.0
1731450685.3804553,1.0
1731450685.38344,1.0
1731450685.388475,1.0
1731450685.3924117,1.0
1731450685.3964088,1.0
1731450685.400414,1.0
1731450685.4044647,1.0
1731450685.4084532,1.0
1731450685.4114475,1.0
1731450685.4164991,1.0
1731450685.420555,1.0
1731450685.4245107,1.0
1731450685.428579,1.0
1731450685.4325876,1.0
1731450685.435612,1.0
1731450685.4396355,1.0
1731450685.4445152,1.0
1731450685.4484336,1.0
1731450685.4525175,1.0
1731450685.4563797,1.0
1731450685.459524,1.0
1731450685.463372,1.0
1731450685.467348,1.0
1731450685.4723487,1.0
1731450685.4763403,1.0
1731450685.4804025,1.0
1731450685.4847424,1.0
1731450685.4876688,1.0
1731450685.4916513,1.0
1731450685.4956777,1.0
1731450685.4994676,1.0
1731450685.5045547,1.0
1731450685.5086465,1.0
1731450685.5116503,1.0
1731450685.5155883,1.0
1731450685.5196545,1.0
1731450685.5236049,1.0
1731450685.527636,1.0
1731450685.5324976,1.0
1731450685.5367088,1.0
1731450685.5396554,1.0
1731450685.5437093,1.0
1731450685.5478904,1.0
1731450685.5518036,1.0
1731450685.555814,1.0
1731450685.560798,1.0
1731450685.5647051,1.0
1731450685.567733,1.0
1731450685.5717225,1.0
1731450685.5757427,1.0
1731450685.5796137,1.0
1731450685.5838008,1.0
1731450685.5877776,1.0
1731450685.5928023,1.0
1731450685.5957637,1.0
1731450685.5998397,1.0
1731450685.603826,1.0
1731450685.607872,1.0
1731450685.611724,1.0
1731450685.6157827,1.0
1731450685.6209004,1.0
1731450685.6236088,1.0
1731450685.627844,1.0
1731450685.6318183,1.0
1731450685.6356714,1.0
1731450685.639708,1.0
1731450685.6437588,1.0
1731450685.647725,1.0
1731450685.650628,1.0
1731450685.655805,1.0
1731450685.6598315,1.0
1731450685.6638014,1.0
1731450685.6678562,1.0
1731450685.6718912,1.0
1731450685.6758804,1.0
1731450685.678742,1.0
1731450685.6839883,1.0
1731450685.6879508,1.0
1731450685.69199,1.0
1731450685.6979692,1.0
1731450685.701059,1.0
1731450685.7039747,1.0
1731450685.70689,1.0
1731450685.710968,1.0
1731450685.7158344,1.0
1731450685.7199094,1.0
1731450685.723915,1.0
1731450685.729908,1.0
1731450685.7328625,1.0
1731450685.7368217,1.0
1731450685.7398283,1.0
1731450685.743889,1.0
1731450685.7477987,1.0
1731450685.751969,1.0
1731450685.754959,1.0
1731450685.758942,1.0
1731450685.7630186,1.0
1731450685.7669168,1.0
1731450685.7720065,1.0
1731450685.7760303,1.0
1731450685.7800612,1.0
1731450685.7831378,1.0
1731450685.7869835,1.0
1731450685.790999,1.0
1731450685.7950847,1.0
1731450685.799858,1.0
1731450685.8040574,1.0
1731450685.8080857,1.0
1731450685.8110857,1.0
1731450685.8149192,1.0
1731450685.8189,1.0
1731450685.8229375,1.0
1731450685.8280315,1.0
1731450685.8320434,1.0
1731450685.835943,1.0
1731450685.838981,1.0
1731450685.8430483,1.0
1731450685.847007,1.0
1731450685.8510203,1.0
1731450685.855074,1.0
1731450685.8601372,1.0
1731450685.8631124,1.0
1731450685.867194,1.0
1731450685.8710415,1.0
1731450685.875044,1.0
1731450685.8791783,1.0
1731450685.8831685,1.0
1731450685.8882055,1.0
1731450685.8923025,1.0
1731450685.8951771,1.0
1731450685.8991337,1.0
1731450685.9031117,1.0
1731450685.9071786,1.0
1731450685.9112804,1.0
1731450685.9162855,1.0
1731450685.919248,1.0
1731450685.9221492,1.0
1731450685.927324,1.0
1731450685.9311688,1.0
1731450685.9353533,1.0
1731450685.9393833,1.0
1731450685.9442785,1.0
1731450685.9473076,1.0
1731450685.950316,1.0
1731450685.9551055,1.0
1731450685.9601543,1.0
1731450685.963287,1.0
1731450685.9693563,1.0
1731450685.9723337,1.0
1731450685.9753428,1.0
1731450685.979553,1.0
1731450685.9832058,1.0
1731450685.9873505,1.0
1731450685.9913976,1.0
1731450685.9954245,1.0
1731450685.9991937,1.0
1731450686.0024028,1.0
1731450686.0084927,1.0
1731450686.0112507,1.0
1731450686.0151756,1.0
1731450686.019488,1.0
1731450686.0232491,1.0
1731450686.0266235,1.0
1731450686.0304587,1.0
1731450686.034346,1.0
1731450686.0384607,1.0
1731450686.0434587,1.0
1731450686.047532,1.0
1731450686.0515244,1.0
1731450686.0547328,1.0
1731450686.058611,1.0
1731450686.0625615,1.0
1731450686.0665972,1.0
1731450686.0714047,1.0
1731450686.075387,1.0
1731450686.0792344,1.0
1731450686.082405,1.0
1731450686.0864413,1.0
1731450686.09043,1.0
1731450686.094476,1.0
1731450686.0994327,1.0
1731450686.1035218,1.0
1731450686.106462,1.0
1731450686.1106102,1.0
1731450686.114604,1.0
1731450686.1186838,1.0
1731450686.1226315,1.0
1731450686.1268516,1.0
1731450686.13163,1.0
1731450686.1346917,1.0
1731450686.1386788,1.0
1731450686.1423986,1.0
1731450686.1464193,1.0
1731450686.1505177,1.0
1731450686.1547391,1.0
1731450686.1597073,1.0
1731450686.1627753,1.0
1731450686.1668067,1.0
1731450686.1707485,1.0
1731450686.1746216,1.0
1731450686.178481,1.0
1731450686.1836927,1.0
1731450686.1867027,1.0
1731450686.1895008,1.0
1731450686.194532,1.0
1731450686.1986744,1.0
1731450686.2026296,1.0
1731450686.2066224,1.0
1731450686.2117543,1.0
1731450686.214605,1.0
1731450686.2176485,1.0
1731450686.2226985,1.0
1731450686.2266934,1.0
1731450686.2306907,1.0
1731450686.234726,1.0
1731450686.2387638,1.0
1731450686.2427745,1.0
1731450686.245782,1.0
1731450686.2507706,1.0
1731450686.2547772,1.0
1731450686.2588203,1.0
1731450686.2628727,1.0
1731450686.2668576,1.0
1731450686.270882,1.0
1731450686.2738938,1.0
1731450686.2777684,1.0
1731450686.2828598,1.0
1731450686.2868376,1.0
1731450686.2906616,1.0
1731450686.293774,1.0
1731450686.2977817,1.0
1731450686.3018007,1.0
1731450686.3059916,1.0
1731450686.3108823,1.0
1731450686.314742,1.0
1731450686.3187714,1.0
1731450686.3219209,1.0
1731450686.326013,1.0
1731450686.3299203,1.0
1731450686.3338828,1.0
1731450686.337823,1.0
1731450686.3430595,1.0
1731450686.346924,1.0
1731450686.3498762,1.0
1731450686.353915,1.0
1731450686.3579755,1.0
1731450686.36199,1.0
1731450686.3658297,1.0
1731450686.370786,1.0
1731450686.3749764,1.0
1731450686.3780024,1.0
1731450686.3819373,1.0
1731450686.386032,1.0
1731450686.3900225,1.0
1731450686.3940327,1.0
1731450686.3989713,1.0
1731450686.401867,1.0
1731450686.40601,1.0
1731450686.4098094,1.0
1731450686.4139233,1.0
1731450686.417968,1.0
1731450686.4219315,1.0
1731450686.4269953,1.0
1731450686.4299655,1.0
1731450686.4341156,1.0
1731450686.438114,1.0
1731450686.442109,1.0
1731450686.4460895,1.0
1731450686.4499395,1.0
1731450686.4551525,1.0
1731450686.4581535,1.0
1731450686.4610362,1.0
1731450686.46615,1.0
1731450686.470104,1.0
1731450686.4740083,1.0
1731450686.478176,1.0
1731450686.4831183,1.0
1731450686.4861205,1.0
1731450686.4890678,1.0
1731450686.4939716,1.0
1731450686.4980764,1.0
1731450686.5021875,1.0
1731450686.5061188,1.0
1731450686.5092769,1.0
1731450686.5132997,1.0
1731450686.5173233,1.0
1731450686.522975,1.0
1731450686.5263517,1.0
1731450686.5304856,1.0
1731450686.5342443,1.0
1731450686.5372932,1.0
1731450686.5412176,1.0
1731450686.54527,1.0
1731450686.5494132,1.0
1731450686.5548236,1.0
1731450686.5584188,1.0
1731450686.5629935,1.0
1731450686.566352,1.0
1731450686.5697842,1.0
1731450686.5733356,1.0
1731450686.5782733,1.0
1731450686.582333,1.0
1731450686.5864563,1.0
1731450686.5903432,1.0
1731450686.593469,1.0
1731450686.597573,1.0
1731450686.6013377,1.0
1731450686.6057968,1.0
1731450686.61094,1.0
1731450686.6145432,1.0
1731450686.6178987,1.0
1731450686.6213584,1.0
1731450686.6256185,1.0
1731450686.6296651,1.0
1731450686.6333492,1.0
1731450686.6387508,1.0
1731450686.6430092,1.0
1731450686.645529,1.0
1731450686.649505,1.0
1731450686.6535585,1.0
1731450686.6578398,1.0
1731450686.661414,1.0
1731450686.6665163,1.0
1731450686.6706128,1.0
1731450686.673505,1.0
1731450686.677642,1.0
1731450686.682436,1.0
1731450686.6866517,1.0
1731450686.6894207,1.0
1731450686.69502,1.0
1731450686.6985495,1.0
1731450686.701537,1.0
1731450686.705695,1.0
1731450686.7096295,1.0
1731450686.7133873,1.0
1731450686.7174911,1.0
1731450686.7215552,1.0
1731450686.725544,1.0
1731450686.728578,1.0
1731450686.733539,1.0
1731450686.7373517,1.0
1731450686.7416928,1.0
1731450686.7457516,1.0
1731450686.7495422,1.0
1731450686.75477,1.0
1731450686.7591512,1.0
1731450686.7631793,1.0
1731450686.765706,1.0
1731450686.7696393,1.0
1731450686.7736528,1.0
1731450686.777985,1.0
1731450686.7815592,1.0
1731450686.784731,1.0
1731450686.789702,1.0
1731450686.793851,1.0
1731450686.7978413,1.0
1731450686.8017166,1.0
1731450686.8061032,1.0
1731450686.8098168,1.0
1731450686.8146417,1.0
1731450686.8176427,1.0
1731450686.8216205,1.0
1731450686.8256905,1.0
1731450686.8297212,1.0
1731450686.8336227,1.0
1731450686.8377707,1.0
1731450686.8407524,1.0
1731450686.8452432,1.0
1731450686.8497818,1.0
1731450686.8537908,1.0
1731450686.8579135,1.0
1731450686.8608415,1.0
1731450686.8649611,1.0
1731450686.868879,1.0
1731450686.8727093,1.0
1731450686.8779588,1.0
1731450686.881762,1.0
1731450686.8858109,1.0
1731450686.888831,1.0
1731450686.8929715,1.0
1731450686.8968089,1.0
1731450686.90073,1.0
1731450686.9048915,1.0
1731450686.9098945,1.0
1731450686.914054,1.0
1731450686.9180431,1.0
1731450686.9219024,1.0
1731450686.927008,1.0
1731450686.9298477,1.0
1731450686.9331565,1.0
1731450686.9389207,1.0
1731450686.9430034,1.0
1731450686.9471276,1.0
1731450686.9500396,1.0
1731450686.9529407,1.0
1731450686.957009,1.0
1731450686.9609869,1.0
1731450686.96603,1.0
1731450686.9689908,1.0
1731450686.9728923,1.0
1731450686.976956,1.0
1731450686.98094,1.0
1731450686.9850757,1.0
1731450686.989048,1.0
1731450686.9940252,1.0
1731450686.9979343,1.0
1731450687.0020056,1.0
1731450687.0049863,1.0
1731450687.00883,1.0
1731450687.013069,1.0
1731450687.0175788,1.0
1731450687.0221753,1.0
1731450687.0249543,1.0
1731450687.0282133,1.0
1731450687.0332294,1.0
1731450687.0375755,1.0
1731450687.0410905,1.0
1731450687.0455968,1.0
1731450687.0501733,1.0
1731450687.054544,1.0
1731450687.0571463,1.0
1731450687.0610604,1.0
1731450687.065142,1.0
1731450687.0696225,1.0
1731450687.073084,1.0
1731450687.0762794,1.0
1731450687.080408,1.0
1731450687.0846293,1.0
1731450687.0891116,1.0
1731450687.0936117,1.0
1731450687.097613,1.0
1731450687.1011329,1.0
1731450687.103968,1.0
1731450687.1080933,1.0
1731450687.1122072,1.0
1731450687.1172187,1.0
1731450687.12106,1.0
1731450687.125178,1.0
1731450687.12943,1.0
1731450687.1322017,1.0
1731450687.1360576,1.0
1731450687.1403987,1.0
1731450687.1447396,1.0
1731450687.1492598,1.0
1731450687.1534245,1.0
1731450687.157261,1.0
1731450687.1602073,1.0
1731450687.1643724,1.0
1731450687.1680925,1.0
1731450687.1728065,1.0
1731450687.1776888,1.0
1731450687.1811423,1.0
1731450687.1841946,1.0
1731450687.1885145,1.0
1731450687.1928382,1.0
1731450687.196702,1.0
1731450687.20015,1.0
1731450687.205584,1.0
1731450687.2092524,1.0
1731450687.2124493,1.0
1731450687.2163396,1.0
1731450687.2203634,1.0
1731450687.2242987,1.0
1731450687.228786,1.0
1731450687.232367,1.0
1731450687.2376297,1.0
1731450687.240166,1.0
1731450687.2447696,1.0
1731450687.2483618,1.0
1731450687.254882,1.0
1731450687.2577367,1.0
1731450687.2608294,1.0
1731450687.26539,1.0
1731450687.268313,1.0
1731450687.272463,1.0
1731450687.276745,1.0
1731450687.2804887,1.0
1731450687.2847602,1.0
1731450687.2893388,1.0
1731450687.2923143,1.0
1731450687.2954168,1.0
1731450687.300439,1.0
1731450687.3043551,1.0
1731450687.3083787,1.0
1731450687.3123329,1.0
1731450687.3173668,1.0
1731450687.3202498,1.0
1731450687.3234253,1.0
1731450687.3283684,1.0
1731450687.3323057,1.0
1731450687.3366616,1.0
1731450687.3405707,1.0
1731450687.3443563,1.0
1731450687.3483312,1.0
1731450687.351281,1.0
1731450687.3564353,1.0
1731450687.36066,1.0
1731450687.364531,1.0
1731450687.3683534,1.0
1731450687.3724127,1.0
1731450687.3764708,1.0
1731450687.37945,1.0
1731450687.383488,1.0
1731450687.3895063,1.0
1731450687.3923967,1.0
1731450687.3965423,1.0
1731450687.3994555,1.0
1731450687.403536,1.0
1731450687.4075768,1.0
1731450687.4114923,1.0
1731450687.4165096,1.0
1731450687.4206254,1.0
1731450687.424438,1.0
1731450687.427464,1.0
1731450687.4314551,1.0
1731450687.4355588,1.0
1731450687.4395125,1.0
1731450687.444472,1.0
1731450687.448494,1.0
1731450687.4525027,1.0
1731450687.4555628,1.0
1731450687.4596298,1.0
1731450687.463961,1.0
1731450687.4678397,1.0
1731450687.471717,1.0
1731450687.4770243,1.0
1731450687.480678,1.0
1731450687.4836888,1.0
1731450687.4876757,1.0
1731450687.4926867,1.0
1731450687.4977248,1.0
1731450687.5017216,1.0
1731450687.504784,1.0
1731450687.508812,1.0
1731450687.511706,1.0
1731450687.515724,1.0
1731450687.5197256,1.0
1731450687.5236783,1.0
1731450687.5278358,1.0
1731450687.532791,1.0
1731450687.5357888,1.0
1731450687.5397089,1.0
1731450687.543986,1.0
1731450687.547696,1.0
1731450687.5516336,1.0
1731450687.55576,1.0
1731450687.5606198,1.0
1731450687.5647793,1.0
1731450687.5687675,1.0
1731450687.572825,1.0
1731450687.57577,1.0
1731450687.57981,1.0
1731450687.583712,1.0
1731450687.5897274,1.0
1731450687.592687,1.0
1731450687.596943,1.0
1731450687.5998645,1.0
1731450687.603714,1.0
1731450687.607797,1.0
1731450687.6117558,1.0
1731450687.6149373,1.0
1731450687.618778,1.0
1731450687.6228976,1.0
1731450687.6289155,1.0
1731450687.6319008,1.0
1731450687.6360464,1.0
1731450687.6398249,1.0
1731450687.642897,1.0
1731450687.6468036,1.0
1731450687.6507847,1.0
1731450687.654771,1.0
1731450687.6608012,1.0
1731450687.6638176,1.0
1731450687.6678302,1.0
1731450687.6719606,1.0
1731450687.6751027,1.0
1731450687.6788957,1.0
1731450687.6829748,1.0
1731450687.6878517,1.0
1731450687.6919048,1.0
1731450687.6958957,1.0
1731450687.6988473,1.0
1731450687.7028725,1.0
1731450687.7068925,1.0
1731450687.7109272,1.0
1731450687.7160437,1.0
1731450687.719918,1.0
1731450687.7229364,1.0
1731450687.7269428,1.0
1731450687.7309256,1.0
1731450687.735056,1.0
1731450687.738969,1.0
1731450687.7440794,1.0
1731450687.7479885,1.0
1731450687.7509787,1.0
1731450687.7549503,1.0
1731450687.7590466,1.0
1731450687.763164,1.0
1731450687.7672455,1.0
1731450687.7719638,1.0
1731450687.776022,1.0
1731450687.779107,1.0
1731450687.7832184,1.0
1731450687.7870748,1.0
1731450687.791026,1.0
1731450687.795026,1.0
1731450687.7990456,1.0
1731450687.804004,1.0
1731450687.807058,1.0
1731450687.8110492,1.0
1731450687.8150291,1.0
1731450687.81904,1.0
1731450687.8231,1.0
1731450687.8270586,1.0
1731450687.8310423,1.0
1731450687.8340857,1.0
1731450687.8390825,1.0
1731450687.8430824,1.0
1731450687.847129,1.0
1731450687.8511612,1.0
1731450687.8561208,1.0
1731450687.8591487,1.0
1731450687.862301,1.0
1731450687.866132,1.0
1731450687.8711371,1.0
1731450687.875167,1.0
1731450687.8791606,1.0
1731450687.8836825,1.0
1731450687.8871531,1.0
1731450687.8901796,1.0
1731450687.8941803,1.0
1731450687.8991735,1.0
1731450687.9032009,1.0
1731450687.9072373,1.0
1731450687.9112244,1.0
1731450687.9142656,1.0
1731450687.9182644,1.0
1731450687.9222212,1.0
1731450687.9272702,1.0
1731450687.931254,1.0
1731450687.935262,1.0
1731450687.939272,1.0
1731450687.9422607,1.0
1731450687.9463077,1.0
1731450687.9503903,1.0
1731450687.9554112,1.0
1731450687.959289,1.0
1731450687.9632816,1.0
1731450687.966333,1.0
1731450687.970467,1.0
1731450687.9743414,1.0
1731450687.9784355,1.0
1731450687.9825451,1.0
1731450687.987461,1.0
1731450687.9914196,1.0
1731450687.9944758,1.0
1731450687.9986167,1.0
1731450688.0024374,1.0
1731450688.0064652,1.0
1731450688.0105772,1.0
1731450688.0155573,1.0
1731450688.0195332,1.0
1731450688.0224147,1.0
1731450688.0266528,1.0
1731450688.0306451,1.0
1731450688.0346773,1.0
1731450688.0395775,1.0
1731450688.0435843,1.0
1731450688.04661,1.0
1731450688.0507596,1.0
1731450688.0555005,1.0
1731450688.0595703,1.0
1731450688.0625904,1.0
1731450688.0667236,1.0
1731450688.0707085,1.0
1731450688.0746183,1.0
1731450688.0786316,1.0
1731450688.0825818,1.0
1731450688.087643,1.0
1731450688.0905912,1.0
1731450688.0946207,1.0
1731450688.0986986,1.0
1731450688.1027043,1.0
1731450688.106579,1.0
1731450688.1107028,1.0
1731450688.1146312,1.0
1731450688.1176603,1.0
1731450688.122695,1.0
1731450688.126664,1.0
1731450688.130751,1.0
1731450688.134729,1.0
1731450688.1396291,1.0
1731450688.1427531,1.0
1731450688.1456275,1.0
1731450688.1506207,1.0
1731450688.154774,1.0
1731450688.1588504,1.0
1731450688.1628428,1.0
1731450688.166806,1.0
1731450688.1706572,1.0
1731450688.1738105,1.0
1731450688.178827,1.0
1731450688.182824,1.0
1731450688.186868,1.0
1731450688.1908042,1.0
1731450688.1948936,1.0
1731450688.198871,1.0
1731450688.201825,1.0
1731450688.2058675,1.0
1731450688.21182,1.0
1731450688.2148235,1.0
1731450688.2188933,1.0
1731450688.221828,1.0
1731450688.225901,1.0
1731450688.229798,1.0
1731450688.233864,1.0
1731450688.2378232,1.0
1731450688.2430136,1.0
1731450688.2470007,1.0
1731450688.2500072,1.0
1731450688.2540538,1.0
1731450688.2578173,1.0
1731450688.2619667,1.0
1731450688.2660143,1.0
1731450688.2709467,1.0
1731450688.2749932,1.0
1731450688.2780187,1.0
1731450688.282103,1.0
1731450688.2861354,1.0
1731450688.2898357,1.0
1731450688.2941332,1.0
1731450688.2990456,1.0
1731450688.3030524,1.0
1731450688.3060296,1.0
1731450688.309994,1.0
1731450688.3140416,1.0
1731450688.3181672,1.0
1731450688.3221643,1.0
1731450688.3270888,1.0
1731450688.330907,1.0
1731450688.333998,1.0
1731450688.337982,1.0
1731450688.3420818,1.0
1731450688.3459992,1.0
1731450688.350032,1.0
1731450688.35505,1.0
1731450688.358012,1.0
1731450688.3619795,1.0
1731450688.366074,1.0
1731450688.3701031,1.0
1731450688.3740203,1.0
1731450688.3780365,1.0
1731450688.3830888,1.0
1731450688.386099,1.0
1731450688.3891096,1.0
1731450688.3940358,1.0
1731450688.3980553,1.0
1731450688.4021914,1.0
1731450688.406148,1.0
1731450688.411059,1.0
1731450688.4141085,1.0
1731450688.4171789,1.0
1731450688.4222288,1.0
1731450688.4262242,1.0
1731450688.4301617,1.0
1731450688.4341245,1.0
1731450688.4371767,1.0
1731450688.4411192,1.0
1731450688.4451716,1.0
1731450688.4491768,1.0
1731450688.4541037,1.0
1731450688.4583428,1.0
1731450688.4623668,1.0
1731450688.466346,1.0
1731450688.4693098,1.0
1731450688.4732208,1.0
1731450688.478184,1.0
1731450688.4822416,1.0
1731450688.486184,1.0
1731450688.4903393,1.0
1731450688.4933505,1.0
1731450688.4971745,1.0
1731450688.5012949,1.0
1731450688.505249,1.0
1731450688.510566,1.0
1731450688.5142808,1.0
1731450688.518365,1.0
1731450688.521283,1.0
1731450688.525426,1.0
1731450688.5294845,1.0
1731450688.533522,1.0
1731450688.5385072,1.0
1731450688.542558,1.0
1731450688.5455472,1.0
1731450688.549445,1.0
1731450688.5535252,1.0
1731450688.5574625,1.0
1731450688.5614228,1.0
1731450688.5664427,1.0
1731450688.5706425,1.0
1731450688.5735075,1.0
1731450688.5784965,1.0
1731450688.5813892,1.0
1731450688.585439,1.0
1731450688.5894425,1.0
1731450688.594444,1.0
1731450688.5983822,1.0
1731450688.6014447,1.0
1731450688.6054072,1.0
1731450688.60938,1.0
1731450688.6134288,1.0
1731450688.6194303,1.0
1731450688.6224952,1.0
1731450688.6264057,1.0
1731450688.6295109,1.0
1731450688.6335013,1.0
1731450688.6374228,1.0
1731450688.6414905,1.0
1731450688.645429,1.0
1731450688.65068,1.0
1731450688.6535192,1.0
1731450688.6565137,1.0
1731450688.6615152,1.0
1731450688.6656675,1.0
1731450688.6695385,1.0
1731450688.6755557,1.0
1731450688.6784732,1.0
1731450688.681533,1.0
1731450688.6855683,1.0
1731450688.6895363,1.0
1731450688.6935709,1.0
1731450688.6976883,1.0
1731450688.70152,1.0
1731450688.705538,1.0
1731450688.7096884,1.0
1731450688.7125752,1.0
1731450688.7176487,1.0
1731450688.7215438,1.0
1731450688.7256513,1.0
1731450688.7295396,1.0
1731450688.7336168,1.0
1731450688.7376196,1.0
1731450688.7406733,1.0
1731450688.7446537,1.0
1731450688.7497792,1.0
1731450688.7536066,1.0
1731450688.7575948,1.0
1731450688.7607107,1.0
1731450688.7647529,1.0
1731450688.7688017,1.0
1731450688.7727995,1.0
1731450688.7778077,1.0
1731450688.7817888,1.0
1731450688.7858944,1.0
1731450688.78868,1.0
1731450688.7928922,1.0
1731450688.796924,1.0
1731450688.800846,1.0
1731450688.8049445,1.0
1731450688.809873,1.0
1731450688.8138688,1.0
1731450688.8168845,1.0
1731450688.820794,1.0
1731450688.8248763,1.0
1731450688.8288713,1.0
1731450688.832914,1.0
1731450688.8377073,1.0
1731450688.8418753,1.0
1731450688.8449647,1.0
1731450688.8489504,1.0
1731450688.8529656,1.0
1731450688.8569064,1.0
1731450688.8608584,1.0
1731450688.8659933,1.0
1731450688.8690662,1.0
1731450688.872784,1.0
1731450688.8768516,1.0
1731450688.8808377,1.0
1731450688.8848803,1.0
1731450688.8888328,1.0
1731450688.8939548,1.0
1731450688.8969002,1.0
1731450688.9008129,1.0
1731450688.9049425,1.0
1731450688.9088776,1.0
1731450688.9129148,1.0
1731450688.916842,1.0
1731450688.9222484,1.0
1731450688.9250035,1.0
1731450688.9299476,1.0
1731450688.9328773,1.0
1731450688.937058,1.0
1731450688.9408896,1.0
1731450688.9450805,1.0
1731450688.9499278,1.0
1731450688.9529903,1.0
1731450688.956006,1.0
1731450688.960961,1.0
1731450688.9649093,1.0
1731450688.9710023,1.0
1731450688.9740117,1.0
1731450688.977991,1.0
1731450688.9809573,1.0
1731450688.9839935,1.0
1731450688.988973,1.0
1731450688.9930692,1.0
1731450688.9969947,1.0
1731450689.00103,1.0
1731450689.0051315,1.0
1731450689.0082045,1.0
1731450689.0121715,1.0
1731450689.0172725,1.0
1731450689.0211742,1.0
1731450689.0252984,1.0
1731450689.029035,1.0
1731450689.032256,1.0
1731450689.036261,1.0
1731450689.0402515,1.0
1731450689.0450609,1.0
1731450689.0492768,1.0
1731450689.0533037,1.0
1731450689.0572183,1.0
1731450689.0600874,1.0
1731450689.0642676,1.0
1731450689.0682852,1.0
1731450689.0732288,1.0
1731450689.0773275,1.0
1731450689.081186,1.0
1731450689.0863793,1.0
1731450689.090555,1.0
1731450689.093264,1.0
1731450689.0963635,1.0
1731450689.1002245,1.0
1731450689.1051931,1.0
1731450689.1092792,1.0
1731450689.1123044,1.0
1731450689.1162446,1.0
1731450689.1203065,1.0
1731450689.1241913,1.0
1731450689.1283307,1.0
1731450689.1331706,1.0
1731450689.1372972,1.0
1731450689.1402082,1.0
1731450689.1443987,1.0
1731450689.148301,1.0
1731450689.1523085,1.0
1731450689.1562855,1.0
1731450689.1603248,1.0
1731450689.165416,1.0
1731450689.168296,1.0
1731450689.17222,1.0
1731450689.1763177,1.0
1731450689.1803885,1.0
1731450689.1842856,1.0
1731450689.188332,1.0
1731450689.1922855,1.0
1731450689.1953464,1.0
1731450689.200453,1.0
1731450689.2044706,1.0
1731450689.2084596,1.0
1731450689.2123497,1.0
1731450689.216311,1.0
1731450689.2205727,1.0
1731450689.2233624,1.0
1731450689.2275105,1.0
1731450689.2323828,1.0
1731450689.2364423,1.0
1731450689.240602,1.0
1731450689.2444196,1.0
1731450689.2483945,1.0
1731450689.251364,1.0
1731450689.2565253,1.0
1731450689.2615836,1.0
1731450689.2646196,1.0
1731450689.2687004,1.0
1731450689.2726536,1.0
1731450689.2756865,1.0
1731450689.279627,1.0
1731450689.283509,1.0
1731450689.2885995,1.0
1731450689.292716,1.0
1731450689.2967288,1.0
1731450689.2997692,1.0
1731450689.3036916,1.0
1731450689.307645,1.0
1731450689.3116467,1.0
1731450689.316611,1.0
1731450689.320732,1.0
1731450689.324909,1.0
1731450689.3276813,1.0
1731450689.331695,1.0
1731450689.3357277,1.0
1731450689.3397007,1.0
1731450689.3447073,1.0
1731450689.348682,1.0
1731450689.352779,1.0
1731450689.3557224,1.0
1731450689.359615,1.0
1731450689.363608,1.0
1731450689.3676188,1.0
1731450689.3716447,1.0
1731450689.376606,1.0
1731450689.3806047,1.0
1731450689.3836176,1.0
1731450689.3875806,1.0
1731450689.39182,1.0
1731450689.3956857,1.0
1731450689.3998044,1.0
1731450689.4046977,1.0
1731450689.4086828,1.0
1731450689.411724,1.0
1731450689.4157493,1.0
1731450689.4196756,1.0
1731450689.42383,1.0
1731450689.427868,1.0
1731450689.4328086,1.0
1731450689.4357717,1.0
1731450689.4397962,1.0
1731450689.4437792,1.0
1731450689.4477952,1.0
1731450689.4518824,1.0
1731450689.4557889,1.0
1731450689.4607935,1.0
1731450689.463977,1.0
1731450689.4668095,1.0
1731450689.4718893,1.0
1731450689.4759278,1.0
1731450689.4800413,1.0
1731450689.4838245,1.0
1731450689.4888663,1.0
1731450689.491845,1.0
1731450689.4948852,1.0
1731450689.4997904,1.0
1731450689.503906,1.0
1731450689.5078845,1.0
1731450689.5118115,1.0
1731450689.5158465,1.0
1731450689.5199244,1.0
1731450689.522904,1.0
1731450689.5279317,1.0
1731450689.5320673,1.0
1731450689.536066,1.0
1731450689.5400507,1.0
1731450689.543112,1.0
1731450689.5468564,1.0
1731450689.5509653,1.0
1731450689.5559833,1.0
1731450689.559934,1.0
1731450689.5640836,1.0
1731450689.5680957,1.0
1731450689.5710907,1.0
1731450689.5750988,1.0
1731450689.579074,1.0
1731450689.583122,1.0
1731450689.588153,1.0
1731450689.5920806,1.0
1731450689.5961938,1.0
1731450689.5991828,1.0
1731450689.6031935,1.0
1731450689.607254,1.0
1731450689.6111374,1.0
1731450689.6161675,1.0
1731450689.620002,1.0
1731450689.624074,1.0
1731450689.6271627,1.0
1731450689.63103,1.0
1731450689.6351435,1.0
1731450689.6391177,1.0
1731450689.644137,1.0
1731450689.648229,1.0
1731450689.6512842,1.0
1731450689.6560564,1.0
1731450689.6590872,1.0
1731450689.6632392,1.0
1731450689.667199,1.0
1731450689.6710951,1.0
1731450689.6761448,1.0
1731450689.67931,1.0
1731450689.6832242,1.0
1731450689.68714,1.0
1731450689.6911292,1.0
1731450689.6951368,1.0
1731450689.6991336,1.0
1731450689.704208,1.0
1731450689.707229,1.0
1731450689.7112527,1.0
1731450689.715263,1.0
1731450689.7191534,1.0
1731450689.7232077,1.0
1731450689.7271872,1.0
1731450689.7323296,1.0
1731450689.7352855,1.0
1731450689.7392223,1.0
1731450689.7433014,1.0
1731450689.7472303,1.0
1731450689.751211,1.0
1731450689.7552378,1.0
1731450689.7593453,1.0
1731450689.7622285,1.0
1731450689.7674055,1.0
1731450689.7713535,1.0
1731450689.7754,1.0
1731450689.7794604,1.0
1731450689.783566,1.0
1731450689.7874713,1.0
1731450689.790702,1.0
1731450689.7944517,1.0
1731450689.799577,1.0
1731450689.8034687,1.0
1731450689.807469,1.0
1731450689.811402,1.0
1731450689.8154774,1.0
1731450689.8186324,1.0
1731450689.8224304,1.0
1731450689.827508,1.0
1731450689.8313532,1.0
1731450689.835482,1.0
1731450689.839516,1.0
1731450689.8435233,1.0
1731450689.8463752,1.0
1731450689.850696,1.0
1731450689.854386,1.0
1731450689.8594468,1.0
1731450689.863521,1.0
1731450689.866424,1.0
1731450689.870537,1.0
1731450689.8764963,1.0
1731450689.8794992,1.0
1731450689.8835063,1.0
1731450689.8875313,1.0
1731450689.8915336,1.0
1731450689.894529,1.0
1731450689.8995695,1.0
1731450689.9045978,1.0
1731450689.9075232,1.0
1731450689.9106374,1.0
1731450689.9155607,1.0
1731450689.919502,1.0
1731450689.9225304,1.0
1731450689.9264913,1.0
1731450689.930576,1.0
1731450689.9344745,1.0
1731450689.9385087,1.0
1731450689.943532,1.0
1731450689.9478464,1.0
1731450689.9505424,1.0
1731450689.954537,1.0
1731450689.9585433,1.0
1731450689.962535,1.0
1731450689.9665637,1.0
1731450689.9715528,1.0
1731450689.97454,1.0
1731450689.977517,1.0
1731450689.9825785,1.0
1731450689.9865644,1.0
1731450689.990581,1.0
1731450689.9946015,1.0
1731450689.9996076,1.0
1731450690.002607,1.0
1731450690.0066264,1.0
1731450690.0107656,1.0
1731450690.0147328,1.0
1731450690.0186615,1.0
1731450690.022675,1.0
1731450690.026651,1.0
1731450690.03065,1.0
1731450690.033717,1.0
1731450690.0387733,1.0
1731450690.042664,1.0
1731450690.04683,1.0
1731450690.05083,1.0
1731450690.0558364,1.0
1731450690.0588734,1.0
1731450690.0618153,1.0
1731450690.0658872,1.0
1731450690.0708172,1.0
1731450690.0750313,1.0
1731450690.0789795,1.0
1731450690.0831485,1.0
1731450690.08601,1.0
1731450690.0898051,1.0
1731450690.094974,1.0
1731450690.098909,1.0
1731450690.1029675,1.0
1731450690.107004,1.0
1731450690.1099637,1.0
1731450690.114035,1.0
1731450690.1179843,1.0
1731450690.1218204,1.0
1731450690.1269126,1.0
1731450690.130828,1.0
1731450690.1348326,1.0
1731450690.1378558,1.0
1731450690.141843,1.0
1731450690.1458597,1.0
1731450690.1518764,1.0
1731450690.1548953,1.0
1731450690.158866,1.0
1731450690.162877,1.0
1731450690.1659074,1.0
1731450690.1698227,1.0
1731450690.1738896,1.0
1731450690.1778915,1.0
1731450690.1829836,1.0
1731450690.186989,1.0
1731450690.1899607,1.0
1731450690.1939907,1.0
1731450690.1979244,1.0
1731450690.2020638,1.0
1731450690.2059562,1.0
1731450690.210981,1.0
1731450690.2149513,1.0
1731450690.2179537,1.0
1731450690.2219512,1.0
1731450690.2259252,1.0
1731450690.2299504,1.0
1731450690.234054,1.0
1731450690.237997,1.0
1731450690.243041,1.0
1731450690.246064,1.0
1731450690.2500188,1.0
1731450690.2541015,1.0
1731450690.2581186,1.0
1731450690.262031,1.0
1731450690.2660594,1.0
1731450690.2711627,1.0
1731450690.2740552,1.0
1731450690.2770543,1.0
1731450690.2822113,1.0
1731450690.2860763,1.0
1731450690.2901132,1.0
1731450690.2940638,1.0
1731450690.2992876,1.0
1731450690.302117,1.0
1731450690.3053644,1.0
1731450690.3102295,1.0
1731450695.3159993,1.0
1731450695.3192034,1.0
1731450695.3231423,1.0
1731450695.3281484,1.0
1731450695.332217,1.0
1731450695.3360538,1.0
1731450695.3400826,1.0
1731450695.343223,1.0
1731450695.3472548,1.0
1731450695.351231,1.0
1731450695.3561735,1.0
1731450695.3600924,1.0
1731450695.364142,1.0
1731450695.3671265,1.0
1731450695.3711092,1.0
1731450695.3752828,1.0
1731450695.3791816,1.0
1731450695.3833325,1.0
1731450695.3882377,1.0
1731450695.3922868,1.0
1731450695.3951397,1.0
1731450695.39931,1.0
1731450695.4031756,1.0
1731450695.407334,1.0
1731450695.4113464,1.0
1731450695.4163487,1.0
1731450695.4202569,1.0
1731450695.423352,1.0
1731450695.428368,1.0
1731450695.4314084,1.0
1731450695.4354668,1.0
1731450695.4393904,1.0
1731450695.4444115,1.0
1731450695.4485257,1.0
1731450695.4516788,1.0
1731450695.4555678,1.0
1731450695.4595287,1.0
1731450695.4653745,1.0
1731450695.4685128,1.0
1731450695.47244,1.0
1731450695.4754198,1.0
1731450695.4784467,1.0
1731450695.4836724,1.0
1731450695.4873977,1.0
1731450695.4914515,1.0
1731450695.4953225,1.0
1731450695.5004845,1.0
1731450695.503492,1.0
1731450695.5064888,1.0
1731450695.5124383,1.0
1731450695.5154572,1.0
1731450695.5196056,1.0
1731450695.5235848,1.0
1731450695.5283272,1.0
1731450695.5314033,1.0
1731450695.534439,1.0
1731450695.5393744,1.0
1731450695.544392,1.0
1731450695.5495827,1.0
1731450695.5526345,1.0
1731450695.5555394,1.0
1731450695.559334,1.0
1731450695.5623956,1.0
1731450695.5674956,1.0
1731450695.571504,1.0
1731450695.5753796,1.0
1731450695.579573,1.0
1731450695.582626,1.0
1731450695.5866432,1.0
1731450695.5905807,1.0
1731450695.5946264,1.0
1731450695.5996127,1.0
1731450695.603498,1.0
1731450695.6076152,1.0
1731450695.61071,1.0
1731450695.6146822,1.0
1731450695.6186674,1.0
1731450695.623654,1.0
1731450695.627676,1.0
1731450695.6316795,1.0
1731450695.6356764,1.0
1731450695.63869,1.0
1731450695.642652,1.0
1731450695.6467276,1.0
1731450695.650694,1.0
1731450695.6555414,1.0
1731450695.659591,1.0
1731450695.6637392,1.0
1731450695.6675591,1.0
1731450695.671558,1.0
1731450695.6746635,1.0
1731450695.678593,1.0
1731450695.6827528,1.0
1731450695.6876786,1.0
1731450695.6908455,1.0
1731450695.694871,1.0
1731450695.6987593,1.0
1731450695.7047577,1.0
1731450695.7078068,1.0
1731450695.7116885,1.0
1731450695.7158823,1.0
1731450695.7186916,1.0
1731450695.7229187,1.0
1731450695.72671,1.0
1731450695.730891,1.0
1731450695.7348292,1.0
1731450695.7387617,1.0
1731450695.7438755,1.0
1731450695.7467403,1.0
1731450695.7508647,1.0
1731450695.7549107,1.0
1731450695.7589045,1.0
1731450695.7629242,1.0
1731450695.7667704,1.0
1731450695.7718556,1.0
1731450695.7748408,1.0
1731450695.7787347,1.0
1731450695.782866,1.0
1731450695.7878191,1.0
1731450695.7920191,1.0
1731450695.794989,1.0
1731450695.7999375,1.0
1731450695.802966,1.0
1731450695.8059378,1.0
1731450695.8107617,1.0
1731450695.8148332,1.0
1731450695.8187416,1.0
1731450695.8228047,1.0
1731450695.826924,1.0
1731450695.8318288,1.0
1731450695.8359668,1.0
1731450695.838909,1.0
1731450695.8438904,1.0
1731450695.8478534,1.0
1731450695.850895,1.0
1731450695.854971,1.0
1731450695.8579848,1.0
1731450695.861918,1.0
1731450695.8658843,1.0
1731450695.8709202,1.0
1731450695.8750503,1.0
1731450695.8789947,1.0
1731450695.8831203,1.0
1731450695.8860607,1.0
1731450695.8900428,1.0
1731450695.894936,1.0
1731450695.89903,1.0
1731450695.902939,1.0
1731450695.9071205,1.0
1731450695.9101088,1.0
1731450695.914928,1.0
1731450695.9200044,1.0
1731450695.923116,1.0
1731450695.9270666,1.0
1731450695.9322567,1.0
1731450695.936118,1.0
1731450695.9391308,1.0
1731450695.94217,1.0
1731450695.9461098,1.0
1731450695.9501076,1.0
1731450695.955242,1.0
1731450695.959272,1.0
1731450695.9619837,1.0
1731450695.966104,1.0
1731450695.9701333,1.0
1731450695.9742792,1.0
1731450695.9780748,1.0
1731450695.9832764,1.0
1731450695.987186,1.0
1731450695.990148,1.0
1731450695.995103,1.0
1731450695.9990916,1.0
1731450696.0032585,1.0
1731450696.0062957,1.0
1731450696.0125546,1.0
1731450696.015412,1.0
1731450696.019507,1.0
1731450696.0223467,1.0
1731450696.0264308,1.0
1731450696.0302527,1.0
1731450696.0341873,1.0
1731450696.0393384,1.0
1731450696.042144,1.0
1731450696.0452335,1.0
1731450696.0503414,1.0
1731450696.0542445,1.0
1731450696.0583837,1.0
1731450696.062368,1.0
1731450696.0674398,1.0
1731450696.0704188,1.0
1731450696.073236,1.0
1731450696.079258,1.0
1731450696.0832844,1.0
1731450696.0863817,1.0
1731450696.090407,1.0
1731450696.0944026,1.0
1731450696.0982816,1.0
1731450696.102409,1.0
1731450696.1063604,1.0
1731450696.110428,1.0
1731450696.1134908,1.0
1731450696.1175394,1.0
1731450696.1223612,1.0
1731450696.126505,1.0
1731450696.130619,1.0
1731450696.1345625,1.0
1731450696.138373,1.0
1731450696.1412375,1.0
1731450696.145403,1.0
1731450696.1505616,1.0
1731450696.1544127,1.0
1731450696.158564,1.0
1731450696.162538,1.0
1731450696.165593,1.0
1731450696.1697826,1.0
1731450696.173731,1.0
1731450696.1786375,1.0
1731450696.182587,1.0
1731450696.1876662,1.0
1731450696.1916764,1.0
1731450696.1947317,1.0
1731450696.197647,1.0
1731450696.201579,1.0
1731450696.2056527,1.0
1731450696.21063,1.0
1731450696.2147543,1.0
1731450696.2175355,1.0
1731450696.221608,1.0
1731450696.2255487,1.0
1731450696.2295384,1.0
1731450696.2335625,1.0
1731450696.238678,1.0
1731450696.2426288,1.0
1731450696.2466688,1.0
1731450696.250637,1.0
1731450696.254727,1.0
1731450696.2576692,1.0
1731450696.2615693,1.0
1731450696.2666965,1.0
1731450696.270508,1.0
1731450696.2737093,1.0
1731450696.2777035,1.0
1731450696.281746,1.0
1731450696.2857423,1.0
1731450696.289732,1.0
1731450696.2947245,1.0
1731450696.2977364,1.0
1731450696.301718,1.0
1731450696.3057668,1.0
1731450696.30978,1.0
1731450696.3137977,1.0
1731450696.3177066,1.0
1731450696.3237884,1.0
1731450696.326784,1.0
1731450696.3308225,1.0
1731450696.3337598,1.0
1731450696.3380191,1.0
1731450696.3417015,1.0
1731450696.345684,1.0
1731450696.3507445,1.0
1731450696.3536072,1.0
1731450696.356681,1.0
1731450696.3616283,1.0
1731450696.3656652,1.0
1731450696.3696072,1.0
1731450696.3737347,1.0
1731450696.3787389,1.0
1731450696.381677,1.0
1731450696.3847685,1.0
1731450696.3896835,1.0
1731450696.393848,1.0
1731450696.3977845,1.0
1731450696.4018488,1.0
1731450696.4068944,1.0
1731450696.4098992,1.0
1731450696.412781,1.0
1731450696.4178188,1.0
1731450696.4218707,1.0
1731450696.4258108,1.0
1731450696.429819,1.0
1731450696.4329352,1.0
1731450696.4368925,1.0
1731450696.4407823,1.0
1731450696.4448683,1.0
1731450696.4499176,1.0
1731450696.4537938,1.0
1731450696.4579086,1.0
1731450696.4607866,1.0
1731450696.4649134,1.0
1731450696.4689012,1.0
1731450696.4729948,1.0
1731450696.4780169,1.0
1731450696.48208,1.0
1731450696.4861317,1.0
1731450696.4891376,1.0
1731450696.4930062,1.0
1731450696.4970555,1.0
1731450696.5011437,1.0
1731450696.5061412,1.0
1731450696.510033,1.0
1731450696.5141034,1.0
1731450696.517135,1.0
1731450696.5211408,1.0
1731450696.5251677,1.0
1731450696.5290906,1.0
1731450696.5331893,1.0
1731450696.538093,1.0
1731450696.5411773,1.0
1731450696.5449865,1.0
1731450696.5490704,1.0
1731450696.5530455,1.0
1731450696.5571363,1.0
1731450696.5611029,1.0
1731450696.5661523,1.0
1731450696.569116,1.0
1731450696.5730944,1.0
1731450696.5771408,1.0
1731450696.5811405,1.0
1731450696.5852127,1.0
1731450696.589147,1.0
1731450696.594185,1.0
1731450696.5971844,1.0
1731450696.601185,1.0
1731450696.605084,1.0
1731450696.6091452,1.0
1731450696.613233,1.0
1731450696.6172369,1.0
1731450696.622269,1.0
1731450696.625274,1.0
1731450696.6291473,1.0
1731450696.6333036,1.0
1731450696.6373985,1.0
1731450696.6413136,1.0
1731450696.645274,1.0
1731450696.6494887,1.0
1731450696.65235,1.0
1731450696.6563213,1.0
1731450696.66143,1.0
1731450696.665328,1.0
1731450696.6693106,1.0
1731450696.673327,1.0
1731450696.6773252,1.0
1731450696.6803017,1.0
1731450696.6843,1.0
1731450696.6893811,1.0
1731450696.6933608,1.0
1731450696.6973596,1.0
1731450696.701484,1.0
1731450696.704348,1.0
1731450696.7084265,1.0
1731450696.7123263,1.0
1731450696.717407,1.0
1731450696.721404,1.0
1731450696.7253702,1.0
1731450696.7293124,1.0
1731450696.733389,1.0
1731450696.7363875,1.0
1731450696.7403755,1.0
1731450696.745314,1.0
1731450696.7495718,1.0
1731450696.7533436,1.0
1731450696.7565784,1.0
1731450696.7605014,1.0
1731450696.764582,1.0
1731450696.7685292,1.0
1731450696.7724826,1.0
1731450696.7774818,1.0
1731450696.781474,1.0
1731450696.7844949,1.0
1731450696.7886384,1.0
1731450696.7925637,1.0
1731450696.796555,1.0
1731450696.8005064,1.0
1731450696.8055613,1.0
1731450696.809854,1.0
1731450696.8125536,1.0
1731450696.816628,1.0
1731450696.8204212,1.0
1731450696.8246193,1.0
1731450696.8304772,1.0
1731450696.833551,1.0
1731450696.8385556,1.0
1731450696.8425908,1.0
1731450696.8455915,1.0
1731450696.8486495,1.0
1731450696.8525956,1.0
1731450696.856652,1.0
1731450696.861562,1.0
1731450696.8646808,1.0
1731450696.867725,1.0
1731450696.8726888,1.0
1731450696.876663,1.0
1731450696.880685,1.0
1731450696.886754,1.0
1731450696.889822,1.0
1731450696.8937695,1.0
1731450696.8967664,1.0
1731450696.9005177,1.0
1731450696.9045165,1.0
1731450696.9085217,1.0
1731450696.9125834,1.0
1731450696.9176872,1.0
1731450696.9205468,1.0
1731450696.923804,1.0
1731450696.928556,1.0
1731450696.9326727,1.0
1731450696.936576,1.0
1731450696.9406884,1.0
1731450696.9457357,1.0
1731450696.9489028,1.0
1731450696.9518187,1.0
1731450696.9568229,1.0
1731450696.960771,1.0
1731450696.9648278,1.0
1731450696.968824,1.0
1731450696.9728255,1.0
1731450696.9768293,1.0
1731450696.979753,1.0
1731450696.9848635,1.0
1731450696.9888096,1.0
1731450696.992868,1.0
1731450696.9968889,1.0
1731450696.9998176,1.0
1731450697.0038412,1.0
1731450697.00785,1.0
1731450697.0118933,1.0
1731450697.016893,1.0
1731450697.0207596,1.0
1731450697.02488,1.0
1731450697.0280397,1.0
1731450697.031947,1.0
1731450697.0360308,1.0
1731450697.0399,1.0
1731450697.0440676,1.0
1731450697.049,1.0
1731450697.0530117,1.0
1731450697.0560567,1.0
1731450697.061138,1.0
1731450697.0650728,1.0
1731450697.0683925,1.0
1731450697.0721416,1.0
1731450697.0769763,1.0
1731450697.0819929,1.0
1731450697.0859995,1.0
1731450697.089087,1.0
1731450697.0920398,1.0
1731450697.0959609,1.0
1731450697.0999763,1.0
1731450697.1050828,1.0
1731450697.1080348,1.0
1731450697.1120155,1.0
1731450697.1160388,1.0
1731450697.1199083,1.0
1731450697.1240897,1.0
1731450697.1279538,1.0
1731450697.1330793,1.0
1731450697.136089,1.0
1731450697.1400793,1.0
1731450697.1441648,1.0
1731450697.148166,1.0
1731450697.1541567,1.0
1731450697.1571946,1.0
1731450697.161203,1.0
1731450697.1641788,1.0
1731450697.167204,1.0
1731450697.17204,1.0
1731450697.17616,1.0
1731450697.1801188,1.0
1731450697.1842012,1.0
1731450697.1892023,1.0
1731450697.192253,1.0
1731450697.1962476,1.0
1731450697.2001927,1.0
1731450697.2041848,1.0
1731450697.208174,1.0
1731450697.2122436,1.0
1731450697.2162793,1.0
1731450697.2195463,1.0
1731450697.2252944,1.0
1731450697.2281704,1.0
1731450697.2323108,1.0
1731450697.2362688,1.0
1731450697.240229,1.0
1731450697.2443712,1.0
1731450697.2473147,1.0
1731450697.2513545,1.0
1731450697.2562506,1.0
1731450697.260156,1.0
1731450697.264269,1.0
1731450697.268233,1.0
1731450697.2712803,1.0
1731450697.2753174,1.0
1731450697.27925,1.0
1731450697.2842853,1.0
1731450697.2883053,1.0
1731450697.2923567,1.0
1731450697.296366,1.0
1731450697.299516,1.0
1731450697.30346,1.0
1731450697.3092544,1.0
1731450697.3123565,1.0
1731450697.316497,1.0
1731450697.3201976,1.0
1731450697.3234658,1.0
1731450697.3274653,1.0
1731450697.3314698,1.0
1731450697.33547,1.0
1731450697.339543,1.0
1731450697.3442447,1.0
1731450697.3485413,1.0
1731450697.3514974,1.0
1731450697.3555045,1.0
1731450697.3595812,1.0
1731450697.363515,1.0
1731450697.3675208,1.0
1731450697.371539,1.0
1731450697.376475,1.0
1731450697.3796115,1.0
1731450697.3834827,1.0
1731450697.3875232,1.0
1731450697.3915682,1.0
1731450697.3955011,1.0
1731450697.3997712,1.0
1731450697.4045749,1.0
1731450697.4076276,1.0
1731450697.4115915,1.0
1731450697.415558,1.0
1731450697.419566,1.0
1731450697.4235897,1.0
1731450697.428512,1.0
1731450697.431524,1.0
1731450697.4346297,1.0
1731450697.4396822,1.0
1731450697.4435692,1.0
1731450697.4475756,1.0
1731450697.4515972,1.0
1731450697.4556077,1.0
1731450697.4598272,1.0
1731450697.4626317,1.0
1731450697.4676354,1.0
1731450697.471815,1.0
1731450697.4756985,1.0
1731450697.4798112,1.0
1731450697.4836357,1.0
1731450697.487604,1.0
1731450697.4905984,1.0
1731450697.4946578,1.0
1731450697.4998107,1.0
1731450697.5036516,1.0
1731450697.5077028,1.0
1731450697.5116932,1.0
1731450697.5158153,1.0
1731450697.5187624,1.0
1731450697.5227692,1.0
1731450697.527861,1.0
1731450697.531777,1.0
1731450697.5358968,1.0
1731450697.538926,1.0
1731450697.5426664,1.0
1731450697.5467873,1.0
1731450697.5508156,1.0
1731450697.555773,1.0
1731450697.5595534,1.0
1731450697.5640943,1.0
1731450697.5668223,1.0
1731450697.5707128,1.0
1731450697.5748715,1.0
1731450697.57875,1.0
1731450697.583754,1.0
1731450697.5877717,1.0
1731450697.5917847,1.0
1731450697.594879,1.0
1731450697.5988443,1.0
1731450697.602766,1.0
1731450697.6068738,1.0
1731450697.6108508,1.0
1731450697.615862,1.0
1731450697.6197913,1.0
1731450697.6228802,1.0
1731450697.626917,1.0
1731450697.6309235,1.0
1731450697.635004,1.0
1731450697.6389356,1.0
1731450697.6450512,1.0
1731450697.6480668,1.0
1731450697.6520672,1.0
1731450697.655004,1.0
1731450697.6589437,1.0
1731450697.6629353,1.0
1731450697.6669817,1.0
1731450697.6720958,1.0
1731450697.6750016,1.0
1731450697.678942,1.0
1731450697.6840224,1.0
1731450697.6880496,1.0
1731450697.69102,1.0
1731450697.6949944,1.0
1731450697.7000196,1.0
1731450697.7030003,1.0
1731450697.7060795,1.0
1731450697.711066,1.0
1731450697.7150936,1.0
1731450697.718998,1.0
1731450697.7231438,1.0
1731450697.728037,1.0
1731450697.7311432,1.0
1731450697.7351213,1.0
1731450697.7389674,1.0
1731450697.7431026,1.0
1731450697.747112,1.0
1731450697.751125,1.0
1731450697.7541618,1.0
1731450697.7581184,1.0
1731450697.7620256,1.0
1731450697.7672386,1.0
1731450697.7711043,1.0
1731450697.7751558,1.0
1731450697.7791204,1.0
1731450697.7821305,1.0
1731450697.7860506,1.0
1731450697.7901928,1.0
1731450697.7952464,1.0
1731450697.799133,1.0
1731450697.8030355,1.0
1731450697.8070612,1.0
1731450697.810175,1.0
1731450697.8142877,1.0
1731450697.818319,1.0
1731450697.8222327,1.0
1731450697.8271666,1.0
1731450697.8312533,1.0
1731450697.8352635,1.0
1731450697.8382096,1.0
1731450697.8422425,1.0
1731450697.846262,1.0
1731450697.8501737,1.0
1731450697.8553035,1.0
1731450697.859384,1.0
1731450697.863214,1.0
1731450697.8662891,1.0
1731450697.8701432,1.0
1731450697.8743029,1.0
1731450697.8783147,1.0
1731450697.8833375,1.0
1731450697.8873596,1.0
1731450697.8903096,1.0
1731450697.894386,1.0
1731450697.8984177,1.0
1731450697.9023783,1.0
1731450697.9063509,1.0
1731450697.9112372,1.0
1731450697.915346,1.0
1731450697.9182673,1.0
1731450697.9223192,1.0
1731450697.9263508,1.0
1731450697.9303155,1.0
1731450697.9343534,1.0
1731450697.9403286,1.0
1731450697.9433994,1.0
1731450697.9474232,1.0
1731450697.9503489,1.0
1731450697.954414,1.0
1731450697.9584184,1.0
1731450697.962397,1.0
1731450697.9665575,1.0
1731450697.9704444,1.0
1731450697.9734516,1.0
1731450697.9786968,1.0
1731450697.9824712,1.0
1731450697.986479,1.0
1731450697.9904048,1.0
1731450697.995484,1.0
1731450697.99849,1.0
1731450698.0014906,1.0
1731450698.0065022,1.0
1731450698.010439,1.0
1731450698.014506,1.0
1731450698.0185063,1.0
1731450698.022576,1.0
1731450698.026539,1.0
1731450698.029734,1.0
1731450698.034536,1.0
1731450698.0385196,1.0
1731450698.042632,1.0
1731450698.046563,1.0
1731450698.05048,1.0
1731450698.0545635,1.0
1731450698.0575716,1.0
1731450698.0615911,1.0
1731450698.066635,1.0
1731450698.0704572,1.0
1731450698.0745828,1.0
1731450698.0786457,1.0
1731450698.0826845,1.0
1731450698.0857189,1.0
1731450698.089666,1.0
1731450698.0945728,1.0
1731450698.0986297,1.0
1731450698.102576,1.0
1731450698.105656,1.0
1731450698.1097057,1.0
1731450698.1136494,1.0
1731450698.117648,1.0
1731450698.1236413,1.0
1731450698.1267052,1.0
1731450698.1306367,1.0
1731450698.13369,1.0
1731450698.137624,1.0
1731450698.1417167,1.0
1731450698.145538,1.0
1731450698.150687,1.0
1731450698.1547291,1.0
1731450698.1588068,1.0
1731450698.1616323,1.0
1731450698.1657822,1.0
1731450698.1706724,1.0
1731450698.1747725,1.0
1731450698.17757,1.0
1731450698.1827736,1.0
1731450698.1857364,1.0
1731450698.18972,1.0
1731450698.1938148,1.0
1731450698.19785,1.0
1731450698.2018447,1.0
1731450698.2058167,1.0
1731450698.2108428,1.0
1731450698.2138183,1.0
1731450698.2176664,1.0
1731450698.221898,1.0
1731450698.225842,1.0
1731450698.2298076,1.0
1731450698.233715,1.0
1731450698.2386832,1.0
1731450698.2416568,1.0
1731450698.2447147,1.0
1731450698.2496624,1.0
1731450698.253656,1.0
1731450698.257691,1.0
1731450698.2616687,1.0
1731450698.266713,1.0
1731450698.2708187,1.0
1731450698.273919,1.0
1731450698.276811,1.0
1731450698.2818606,1.0
1731450698.285854,1.0
1731450698.2897768,1.0
1731450698.2948196,1.0
1731450698.297945,1.0
1731450698.3007846,1.0
1731450698.3059251,1.0
1731450698.3097925,1.0
1731450698.3138487,1.0
1731450698.3178513,1.0
1731450698.3209405,1.0
1731450698.3248153,1.0
1731450698.3288205,1.0
1731450698.3337896,1.0
1731450698.3379335,1.0
1731450698.3419657,1.0
1731450698.3461456,1.0
1731450698.3499916,1.0
1731450698.3529038,1.0
1731450698.3570445,1.0
1731450698.360989,1.0
1731450698.3660965,1.0
1731450698.36996,1.0
1731450698.3741,1.0
1731450698.3771198,1.0
1731450698.3808813,1.0
1731450698.3848748,1.0
1731450698.3889298,1.0
1731450698.3941247,1.0
1731450698.3980808,1.0
1731450698.402008,1.0
1731450698.4050283,1.0
1731450698.4089708,1.0
1731450698.4130251,1.0
1731450698.419083,1.0
1731450698.4220824,1.0
1731450698.4259872,1.0
1731450698.4290152,1.0
1731450698.434033,1.0
1731450698.438063,1.0
1731450698.4410152,1.0
1731450698.4450264,1.0
1731450698.44898,1.0
1731450698.454011,1.0
1731450698.4570117,1.0
1731450698.4610896,1.0
1731450698.4653184,1.0
1731450698.4690497,1.0
1731450698.4732573,1.0
1731450698.4771352,1.0
1731450698.4820435,1.0
1731450698.485211,1.0
1731450698.4890645,1.0
1731450698.4930396,1.0
1731450698.497213,1.0
1731450698.5011823,1.0
1731450698.5061383,1.0
1731450698.513514,1.0
1731450698.5135293,1.0
1731450698.5170968,1.0
1731450698.521326,1.0
1731450698.5251584,1.0
1731450698.5291138,1.0
1731450698.5331385,1.0
1731450698.5371313,1.0
1731450698.5401416,1.0
1731450698.5441427,1.0
1731450698.5492415,1.0
1731450698.5534005,1.0
1731450698.5571852,1.0
1731450698.5614274,1.0
1731450698.567702,1.0
1731450698.568218,1.0
1731450698.5757203,1.0
1731450698.5782228,1.0
1731450698.5824823,1.0
1731450698.5865438,1.0
1731450698.5894992,1.0
1731450698.5923676,1.0
1731450698.5963588,1.0
1731450698.6002483,1.0
1731450698.6081488,1.0
1731450698.6112547,1.0
1731450698.614529,1.0
1731450698.619488,1.0
1731450698.6244004,1.0
1731450698.6252744,1.0
1731450698.6324427,1.0
1731450698.6324608,1.0
1731450698.639146,1.0
1731450698.6414173,1.0
1731450698.6444051,1.0
1731450698.6485348,1.0
1731450698.6524396,1.0
1731450698.656453,1.0
1731450698.6624815,1.0
1731450698.665479,1.0
1731450698.669533,1.0
1731450698.6726031,1.0
1731450698.677433,1.0
1731450698.6815913,1.0
1731450698.6866324,1.0
1731450698.6897,1.0
1731450698.6936843,1.0
1731450698.6976914,1.0
1731450698.700603,1.0
1731450698.704713,1.0
1731450698.7087324,1.0
1731450698.7127028,1.0
1731450698.7167115,1.0
1731450698.72173,1.0
1731450698.7257593,1.0
1731450698.7285929,1.0
1731450698.7327788,1.0
1731450698.736754,1.0
1731450698.7406592,1.0
1731450698.7447176,1.0
1731450698.749825,1.0
1731450698.753646,1.0
1731450698.7567644,1.0
1731450698.7607355,1.0
1731450698.7646914,1.0
1731450698.76876,1.0
1731450698.7727523,1.0
1731450698.7776265,1.0
1731450698.7807827,1.0
1731450698.7838004,1.0
1731450698.7887309,1.0
1731450698.7928505,1.0
1731450698.7965553,1.0
1731450698.800792,1.0
1731450698.805833,1.0
1731450698.8088107,1.0
1731450698.8118372,1.0
1731450698.816824,1.0
1731450698.8207884,1.0
1731450698.8248367,1.0
1731450698.8286693,1.0
1731450698.8338747,1.0
1731450698.836871,1.0
1731450698.84084,1.0
1731450698.8447037,1.0
1731450698.8487694,1.0
1731450698.8518636,1.0
1731450698.8558223,1.0
1731450698.8607056,1.0
1731450698.8649447,1.0
1731450698.8687773,1.0
1731450698.873031,1.0
1731450698.87597,1.0
1731450698.8799531,1.0
1731450698.8839688,1.0
1731450698.8889606,1.0
1731450698.8930457,1.0
1731450698.897004,1.0
1731450698.901005,1.0
1731450698.9050076,1.0
1731450698.9080102,1.0
1731450698.9119415,1.0
1731450698.917084,1.0
1731450698.9209917,1.0
1731450698.9249933,1.0
1731450698.9279375,1.0
1731450698.9319592,1.0
1731450698.936105,1.0
1731450698.9398172,1.0
1731450698.9448447,1.0
1731450698.9489667,1.0
1731450698.9528987,1.0
1731450698.95592,1.0
1731450698.959891,1.0
1731450698.964038,1.0
1731450698.9680803,1.0
1731450698.972164,1.0
1731450698.977043,1.0
1731450698.981049,1.0
1731450698.984073,1.0
1731450698.9891508,1.0
1731450698.992086,1.0
1731450698.9960136,1.0
1731450699.0000956,1.0
1731450699.005175,1.0
1731450699.0091205,1.0
1731450699.012154,1.0
1731450699.016247,1.0
1731450699.0200083,1.0
1731450699.0241413,1.0
1731450699.0281851,1.0
1731450699.033252,1.0
1731450699.0371833,1.0
1731450699.0401883,1.0
1731450699.0440714,1.0
1731450699.048215,1.0
1731450699.05234,1.0
1731450699.0562153,1.0
1731450699.060191,1.0
1731450699.065289,1.0
1731450699.0683353,1.0
1731450699.0723076,1.0
1731450699.076315,1.0
1731450699.0802767,1.0
1731450699.0872748,1.0
1731450699.0912416,1.0
1731450699.0941305,1.0
1731450699.0972755,1.0
1731450699.101321,1.0
1731450699.1042712,1.0
1731450699.108342,1.0
1731450699.1124384,1.0
1731450699.1174307,1.0
1731450699.120279,1.0
1731450699.1233425,1.0
1731450699.1282682,1.0
1731450699.1323316,1.0
1731450699.136314,1.0
1731450699.1402063,1.0
1731450699.1442976,1.0
1731450699.1471753,1.0
1731450699.151354,1.0
1731450699.1563723,1.0
1731450699.1602073,1.0
1731450699.1643312,1.0
1731450699.16843,1.0
1731450699.1714294,1.0
1731450699.1754303,1.0
1731450699.1794329,1.0
1731450699.18344,1.0
1731450699.1884367,1.0
1731450699.1924856,1.0
1731450699.1964777,1.0
1731450699.1994307,1.0
1731450699.2033105,1.0
1731450699.20743,1.0
1731450699.2114005,1.0
1731450699.2165864,1.0
1731450699.2203505,1.0
1731450699.2244804,1.0
1731450699.2272437,1.0
1731450699.2348297,1.0
1731450699.2375095,1.0
1731450699.24152,1.0
1731450699.2459075,1.0
1731450699.25409,1.0
1731450699.254105,1.0
1731450699.2555976,1.0
1731450699.2618475,1.0
1731450699.263324,1.0
1731450699.2675436,1.0
1731450699.2723348,1.0
1731450699.276391,1.0
1731450699.2796714,1.0
1731450699.2834508,1.0
1731450699.2873516,1.0
1731450699.2914307,1.0
1731450699.2957208,1.0
1731450699.299484,1.0
1731450699.3053992,1.0
1731450699.308666,1.0
1731450699.311627,1.0
1731450699.31561,1.0
1731450699.3196363,1.0
1731450699.3256323,1.0
1731450699.3342829,1.0
1731450699.3343012,1.0
1731450699.3354888,1.0
1731450699.3413453,1.0
1731450699.3435054,1.0
1731450699.3474996,1.0
1731450699.351549,1.0
1731450699.355529,1.0
1731450699.35955,1.0
1731450699.3625965,1.0
1731450699.3666656,1.0
1731450699.3716817,1.0
1731450699.375651,1.0
1731450699.3795156,1.0
1731450699.3835075,1.0
1731450699.3876214,1.0
1731450699.3906517,1.0
1731450699.3974376,1.0
1731450699.3995774,1.0
1731450699.4058368,1.0
1731450699.4075177,1.0
1731450699.4117377,1.0
1731450699.4157937,1.0
1731450699.4207768,1.0
1731450699.4229393,1.0
1731450699.4276805,1.0
1731450699.431698,1.0
1731450699.4356666,1.0
1731450699.4397583,1.0
1731450699.44384,1.0
1731450699.4466636,1.0
1731450699.4509013,1.0
1731450699.4558797,1.0
1731450699.4597375,1.0
1731450699.4638183,1.0
1731450699.467896,1.0
1731450699.4708896,1.0
1731450699.4748533,1.0
1731450699.4788158,1.0
1731450699.4838388,1.0
1731450699.4878993,1.0
1731450699.491886,1.0
1731450699.4949307,1.0
1731450699.499063,1.0
1731450699.5028472,1.0
1731450699.5070744,1.0
1731450699.5110314,1.0
1731450699.5160463,1.0
1731450699.520023,1.0
1731450699.5230749,1.0
1731450699.5270405,1.0
1731450699.530965,1.0
1731450699.5350485,1.0
1731450699.541051,1.0
1731450699.5439603,1.0
1731450699.548057,1.0
1731450699.551052,1.0
1731450699.555061,1.0
1731450699.559003,1.0
1731450699.562883,1.0
1731450699.5669844,1.0
1731450699.571982,1.0
1731450699.5749955,1.0
1731450699.5790043,1.0
1731450699.5830429,1.0
1731450699.5868466,1.0
1731450699.590998,1.0
1731450699.5949328,1.0
1731450699.6001337,1.0
1731450699.6030362,1.0
1731450699.6070364,1.0
1731450699.611055,1.0
1731450699.6150465,1.0
1731450699.61897,1.0
1731450699.6231315,1.0
1731450699.628064,1.0
1731450699.6311543,1.0
1731450699.6341343,1.0
1731450699.6391656,1.0
1731450699.643216,1.0
1731450699.6471908,1.0
1731450699.6510344,1.0
1731450699.6561918,1.0
1731450699.6591384,1.0
1731450699.6621485,1.0
1731450699.6671453,1.0
1731450699.6711512,1.0
1731450699.6751392,1.0
1731450699.6790545,1.0
1731450699.683159,1.0
1731450699.686185,1.0
1731450699.690207,1.0
1731450699.6962123,1.0
1731450699.6993144,1.0
1731450699.7032475,1.0
1731450699.707939,1.0
1731450699.7113068,1.0
1731450699.714363,1.0
1731450699.718573,1.0
1731450699.7223053,1.0
1731450699.7271807,1.0
1731450699.731256,1.0
1731450699.7353237,1.0
1731450699.738276,1.0
1731450699.7422788,1.0
1731450699.746272,1.0
1731450699.7501676,1.0
1731450699.7553616,1.0
1731450699.7592149,1.0
1731450699.7633016,1.0
1731450699.766328,1.0
1731450699.7702527,1.0
1731450699.7743216,1.0
1731450699.778327,1.0
1731450699.7835076,1.0
1731450699.7874365,1.0
1731450699.7915592,1.0
1731450699.794233,1.0
1731450699.7995293,1.0
1731450699.8033032,1.0
1731450699.8063776,1.0
1731450699.81138,1.0
1731450699.815286,1.0
1731450699.81857,1.0
1731450699.8224068,1.0
1731450699.8263772,1.0
1731450699.83035,1.0
1731450699.8348243,1.0
1731450699.8388712,1.0
1731450699.8439436,1.0
1731450699.847178,1.0
1731450699.8503754,1.0
1731450699.8546104,1.0
1731450699.858452,1.0
1731450699.8625832,1.0
1731450699.8666124,1.0
1731450699.8714757,1.0
1731450699.874484,1.0
1731450699.8785937,1.0
1731450699.8825157,1.0
1731450699.8864913,1.0
1731450699.8903875,1.0
1731450699.894278,1.0
1731450699.898754,1.0
1731450699.90218,1.0
1731450699.9070833,1.0
1731450699.910324,1.0
1731450699.9147997,1.0
1731450699.9187567,1.0
1731450699.922624,1.0
1731450699.9268277,1.0
1731450699.9295588,1.0
1731450699.933468,1.0
1731450699.938624,1.0
1731450699.9425664,1.0
1731450699.946489,1.0
1731450699.9505649,1.0
1731450699.9545956,1.0
1731450699.9598231,1.0
1731450699.9635885,1.0
1731450699.9674628,1.0
1731450699.97066,1.0
1731450699.9766896,1.0
1731450699.9797063,1.0
1731450699.9826703,1.0
1731450699.985541,1.0
1731450699.9898143,1.0
1731450699.9947207,1.0
1731450699.9987495,1.0
1731450700.0026035,1.0
1731450700.006647,1.0
1731450700.010605,1.0
1731450700.0136335,1.0
1731450700.0176551,1.0
1731450700.0226526,1.0
1731450700.0266593,1.0
1731450700.0306747,1.0
1731450700.0347247,1.0
1731450700.0387237,1.0
1731450700.042686,1.0
1731450700.0477505,1.0
1731450700.051762,1.0
1731450700.0546448,1.0
1731450700.0598087,1.0
1731450700.0637023,1.0
1731450700.0667653,1.0
1731450700.069823,1.0
1731450700.073768,1.0
1731450700.0778012,1.0
1731450700.0828853,1.0
1731450700.0866804,1.0
1731450700.089768,1.0
1731450700.0938528,1.0
1731450700.097843,1.0
1731450700.1018927,1.0
1731450700.105914,1.0
1731450700.110668,1.0
1731450700.1149223,1.0
1731450700.1178873,1.0
1731450700.1227849,1.0
1731450700.1268196,1.0
1731450700.130833,1.0
1731450700.1357713,1.0
1731450700.1397984,1.0
1731450700.142782,1.0
1731450700.1468296,1.0
1731450700.149771,1.0
1731450700.153865,1.0
1731450700.157986,1.0
1731450700.1619394,1.0
1731450700.1669056,1.0
1731450700.1699889,1.0
1731450700.172923,1.0
1731450700.1779032,1.0
1731450700.1820776,1.0
1731450700.1858315,1.0
1731450700.1898446,1.0
1731450700.1939108,1.0
1731450700.1990285,1.0
1731450700.2020645,1.0
1731450700.2070122,1.0
1731450700.2108495,1.0
1731450700.214946,1.0
1731450700.2198782,1.0
1731450700.2239249,1.0
1731450700.2269435,1.0
1731450700.2309167,1.0
1731450700.23391,1.0
1731450700.237928,1.0
1731450700.242041,1.0
1731450700.2461145,1.0
1731450700.248917,1.0
1731450700.2530315,1.0
1731450700.2569602,1.0
1731450700.2609315,1.0
1731450700.2660232,1.0
1731450700.269986,1.0
1731450700.2742589,1.0
1731450700.2780676,1.0
1731450700.2831745,1.0
1731450700.286136,1.0
1731450700.2909436,1.0
1731450700.2950594,1.0
1731450700.2990968,1.0
1731450700.3044336,1.0
1731450700.307098,1.0
1731450700.3102615,1.0
1731450700.3132536,1.0
1731450706.3526003,1.0
1731450706.3566303,1.0
1731450706.3616452,1.0
1731450706.365662,1.0
1731450706.3695211,1.0
1731450706.3727076,1.0
1731450706.3766415,1.0
1731450706.380663,1.0
1731450706.3845952,1.0
1731450706.3896377,1.0
1731450706.3936615,1.0
1731450706.397719,1.0
1731450706.4007196,1.0
1731450706.4048026,1.0
1731450706.4087725,1.0
1731450706.4125764,1.0
1731450706.4176917,1.0
1731450706.4216983,1.0
1731450706.4248,1.0
1731450706.4288807,1.0
1731450706.4326684,1.0
1731450706.4366324,1.0
1731450706.4406064,1.0
1731450706.4446766,1.0
1731450706.4496486,1.0
1731450706.4526598,1.0
1731450706.456756,1.0
1731450706.4606867,1.0
1731450706.4648194,1.0
1731450706.4688816,1.0
1731450706.47282,1.0
1731450706.4778364,1.0
1731450706.4810612,1.0
1731450706.4849436,1.0
1731450706.4889233,1.0
1731450706.493036,1.0
1731450706.4969618,1.0
1731450706.500898,1.0
1731450706.505971,1.0
1731450706.5088675,1.0
1731450706.5129707,1.0
1731450706.5168395,1.0
1731450706.5208776,1.0
1731450706.524832,1.0
1731450706.5290124,1.0
1731450706.5319688,1.0
1731450706.536003,1.0
1731450706.540033,1.0
1731450706.5450134,1.0
1731450706.5490153,1.0
1731450706.5530305,1.0
1731450706.5568695,1.0
1731450706.5609272,1.0
1731450706.5639727,1.0
1731450706.568026,1.0
1731450706.5730157,1.0
1731450706.5772054,1.0
1731450706.581011,1.0
1731450706.5850692,1.0
1731450706.587895,1.0
1731450706.5919242,1.0
1731450706.59613,1.0
1731450706.6010392,1.0
1731450706.6051192,1.0
1731450706.6090589,1.0
1731450706.6132028,1.0
1731450706.6161149,1.0
1731450706.620196,1.0
1731450706.6240904,1.0
1731450706.6290903,1.0
1731450706.6330936,1.0
1731450706.6371384,1.0
1731450706.640076,1.0
1731450706.6441045,1.0
1731450706.6481855,1.0
1731450706.6520746,1.0
1731450706.6580644,1.0
1731450706.662083,1.0
1731450706.6662648,1.0
1731450706.6702216,1.0
1731450706.6730635,1.0
1731450706.6761143,1.0
1731450706.680726,1.0
1731450706.684245,1.0
1731450706.6896758,1.0
1731450706.6931896,1.0
1731450706.6962812,1.0
1731450706.7001078,1.0
1731450706.7042172,1.0
1731450706.708289,1.0
1731450706.712244,1.0
1731450706.7162817,1.0
1731450706.7212992,1.0
1731450706.7243185,1.0
1731450706.728321,1.0
1731450706.7322133,1.0
1731450706.736349,1.0
1731450706.740328,1.0
1731450706.7444315,1.0
1731450706.7492926,1.0
1731450706.7522898,1.0
1731450706.7563703,1.0
1731450706.760316,1.0
1731450706.764359,1.0
1731450706.7683468,1.0
1731450706.7733593,1.0
1731450706.7763343,1.0
1731450706.780398,1.0
1731450706.7844071,1.0
1731450706.7884614,1.0
1731450706.792322,1.0
1731450706.7963853,1.0
1731450706.8003707,1.0
1731450706.804404,1.0
1731450706.8073936,1.0
1731450706.8124025,1.0
1731450706.8165357,1.0
1731450706.8203714,1.0
1731450706.8243482,1.0
1731450706.8284087,1.0
1731450706.8324907,1.0
1731450706.8354468,1.0
1731450706.8394644,1.0
1731450706.8444824,1.0
1731450706.8483996,1.0
1731450706.852456,1.0
1731450706.8554971,1.0
1731450706.8593068,1.0
1731450706.863512,1.0
1731450706.8675385,1.0
1731450706.8724885,1.0
1731450706.8765397,1.0
1731450706.8805425,1.0
1731450706.8834298,1.0
1731450706.8875432,1.0
1731450706.8916736,1.0
1731450706.8955789,1.0
1731450706.9005473,1.0
1731450706.9045749,1.0
1731450706.9085217,1.0
1731450706.9116032,1.0
1731450706.9155805,1.0
1731450706.9197357,1.0
1731450706.9236355,1.0
1731450706.927648,1.0
1731450706.9325244,1.0
1731450706.936649,1.0
1731450706.9395652,1.0
1731450706.943595,1.0
1731450706.9476252,1.0
1731450706.9517195,1.0
1731450706.9556563,1.0
1731450706.9608512,1.0
1731450706.9637375,1.0
1731450706.96763,1.0
1731450706.9716425,1.0
1731450706.9756768,1.0
1731450706.9797904,1.0
1731450706.983673,1.0
1731450706.988704,1.0
1731450706.9917653,1.0
1731450706.9957025,1.0
1731450706.999726,1.0
1731450707.00359,1.0
1731450707.0078404,1.0
1731450707.011706,1.0
1731450707.016694,1.0
1731450707.019579,1.0
1731450707.0237453,1.0
1731450707.0277643,1.0
1731450707.0319507,1.0
1731450707.035878,1.0
1731450707.0398085,1.0
1731450707.0448115,1.0
1731450707.0478015,1.0
1731450707.0507264,1.0
1731450707.055836,1.0
1731450707.0598338,1.0
1731450707.0638418,1.0
1731450707.067814,1.0
1731450707.0717263,1.0
1731450707.0749469,1.0
1731450707.0788732,1.0
1731450707.083846,1.0
1731450707.0878851,1.0
1731450707.0917785,1.0
1731450707.0959084,1.0
1731450707.1000404,1.0
1731450707.102974,1.0
1731450707.1070087,1.0
1731450707.11193,1.0
1731450707.1160164,1.0
1731450707.119985,1.0
1731450707.1239767,1.0
1731450707.1279297,1.0
1731450707.1309788,1.0
1731450707.13497,1.0
1731450707.1389997,1.0
1731450707.1429024,1.0
1731450707.1470056,1.0
1731450707.1508253,1.0
1731450707.1558473,1.0
1731450707.1599045,1.0
1731450707.1638317,1.0
1731450707.1668596,1.0
1731450707.1708777,1.0
1731450707.1748536,1.0
1731450707.1790085,1.0
1731450707.1839848,1.0
1731450707.187982,1.0
1731450707.1920023,1.0
1731450707.1950698,1.0
1731450707.199029,1.0
1731450707.205048,1.0
1731450707.207984,1.0
1731450707.2119255,1.0
1731450707.2160833,1.0
1731450707.2231147,1.0
1731450707.2260427,1.0
1731450707.2289813,1.0
1731450707.2330306,1.0
1731450707.236074,1.0
1731450707.2391236,1.0
1731450707.244157,1.0
1731450707.2470393,1.0
1731450707.2509716,1.0
1731450707.2551625,1.0
1731450707.2590833,1.0
1731450707.2630627,1.0
1731450707.2670057,1.0
1731450707.2719965,1.0
1731450707.276024,1.0
1731450707.2792275,1.0
1731450707.2841492,1.0
1731450707.2881927,1.0
1731450707.2910712,1.0
1731450707.2972653,1.0
1731450707.3001523,1.0
1731450707.303205,1.0
1731450707.3072128,1.0
1731450707.3111465,1.0
1731450707.315264,1.0
1731450707.319513,1.0
1731450707.3232684,1.0
1731450707.3303492,1.0
1731450707.3341904,1.0
1731450707.33709,1.0
1731450707.34016,1.0
1731450707.344365,1.0
1731450707.347362,1.0
1731450707.3512056,1.0
1731450707.3553824,1.0
1731450707.3582664,1.0
1731450707.3624113,1.0
1731450707.367324,1.0
1731450707.3713317,1.0
1731450707.3753457,1.0
1731450707.379446,1.0
1731450707.3834722,1.0
1731450707.3862827,1.0
1731450707.39054,1.0
1731450707.3953888,1.0
1731450707.3994267,1.0
1731450707.4036317,1.0
1731450707.4074433,1.0
1731450707.4116547,1.0
1731450707.4144197,1.0
1731450707.4184055,1.0
1731450707.423398,1.0
1731450707.4274657,1.0
1731450707.431696,1.0
1731450707.435452,1.0
1731450707.4394567,1.0
1731450707.4424253,1.0
1731450707.4465733,1.0
1731450707.4516084,1.0
1731450707.4554875,1.0
1731450707.459502,1.0
1731450707.462407,1.0
1731450707.466538,1.0
1731450707.47051,1.0
1731450707.4746404,1.0
1731450707.4785552,1.0
1731450707.4834616,1.0
1731450707.4875124,1.0
1731450707.4905365,1.0
1731450707.4945228,1.0
1731450707.4985092,1.0
1731450707.5024335,1.0
1731450707.5065317,1.0
1731450707.5117133,1.0
1731450707.5156095,1.0
1731450707.5183828,1.0
1731450707.5224955,1.0
1731450707.526592,1.0
1731450707.5325644,1.0
1731450707.5356057,1.0
1731450707.5396056,1.0
1731450707.543627,1.0
1731450707.5466108,1.0
1731450707.550439,1.0
1731450707.554664,1.0
1731450707.558548,1.0
1731450707.562638,1.0
1731450707.5677092,1.0
1731450707.5706892,1.0
1731450707.5736315,1.0
1731450707.5786593,1.0
1731450707.5826714,1.0
1731450707.5867925,1.0
1731450707.5907617,1.0
1731450707.594764,1.0
1731450707.5987935,1.0
1731450707.601791,1.0
1731450707.6067865,1.0
1731450707.6107676,1.0
1731450707.6147225,1.0
1731450707.6188135,1.0
1731450707.622775,1.0
1731450707.6268156,1.0
1731450707.629568,1.0
1731450707.6347234,1.0
1731450707.638734,1.0
1731450707.6426709,1.0
1731450707.6467333,1.0
1731450707.6507244,1.0
1731450707.6546247,1.0
1731450707.6578608,1.0
1731450707.6627665,1.0
1731450707.6667452,1.0
1731450707.6708236,1.0
1731450707.6747825,1.0
1731450707.6776729,1.0
1731450707.6816266,1.0
1731450707.6858516,1.0
1731450707.6898527,1.0
1731450707.6949575,1.0
1731450707.6989686,1.0
1731450707.702829,1.0
1731450707.70584,1.0
1731450707.7097588,1.0
1731450707.7139533,1.0
1731450707.7177353,1.0
1731450707.722886,1.0
1731450707.726827,1.0
1731450707.7308085,1.0
1731450707.733863,1.0
1731450707.737847,1.0
1731450707.7418585,1.0
1731450707.7460244,1.0
1731450707.750913,1.0
1731450707.7549648,1.0
1731450707.7588933,1.0
1731450707.7618392,1.0
1731450707.7659967,1.0
1731450707.7700164,1.0
1731450707.7740817,1.0
1731450707.7789507,1.0
1731450707.7830043,1.0
1731450707.7870054,1.0
1731450707.790004,1.0
1731450707.7940788,1.0
1731450707.79807,1.0
1731450707.802079,1.0
1731450707.806128,1.0
1731450707.8109584,1.0
1731450707.814121,1.0
1731450707.818112,1.0
1731450707.8218706,1.0
1731450707.8259947,1.0
1731450707.8300748,1.0
1731450707.8340917,1.0
1731450707.8390913,1.0
1731450707.8420148,1.0
1731450707.846182,1.0
1731450707.8500245,1.0
1731450707.8541803,1.0
1731450707.85814,1.0
1731450707.8621197,1.0
1731450707.8671932,1.0
1731450707.8701043,1.0
1731450707.874176,1.0
1731450707.8782191,1.0
1731450707.8820114,1.0
1731450707.8862116,1.0
1731450707.8902428,1.0
1731450707.8949938,1.0
1731450707.898183,1.0
1731450707.9009652,1.0
1731450707.90614,1.0
1731450707.9101372,1.0
1731450707.9141383,1.0
1731450707.91816,1.0
1731450707.922243,1.0
1731450707.925281,1.0
1731450707.9292047,1.0
1731450707.9342551,1.0
1731450707.9382207,1.0
1731450707.942159,1.0
1731450707.94825,1.0
1731450707.951208,1.0
1731450707.955246,1.0
1731450707.9582384,1.0
1731450707.962192,1.0
1731450707.9663866,1.0
1731450707.9703555,1.0
1731450707.9743304,1.0
1731450707.978315,1.0
1731450707.9812007,1.0
1731450707.9853055,1.0
1731450707.990398,1.0
1731450707.9943764,1.0
1731450707.9983828,1.0
1731450708.0022564,1.0
1731450708.0064168,1.0
1731450708.0092127,1.0
1731450708.0133495,1.0
1731450708.0183685,1.0
1731450708.0223663,1.0
1731450708.026308,1.0
1731450708.0305123,1.0
1731450708.0333705,1.0
1731450708.0374165,1.0
1731450708.0413609,1.0
1731450708.0463743,1.0
1731450708.0503967,1.0
1731450708.0544093,1.0
1731450708.0573995,1.0
1731450708.061522,1.0
1731450708.065427,1.0
1731450708.069435,1.0
1731450708.0735035,1.0
1731450708.0784965,1.0
1731450708.0822744,1.0
1731450708.0854273,1.0
1731450708.0894525,1.0
1731450708.0935433,1.0
1731450708.0975597,1.0
1731450708.101702,1.0
1731450708.1065717,1.0
1731450708.110571,1.0
1731450708.113608,1.0
1731450708.117457,1.0
1731450708.1216688,1.0
1731450708.1255653,1.0
1731450708.1296048,1.0
1731450708.1343973,1.0
1731450708.1376195,1.0
1731450708.1406069,1.0
1731450708.1456237,1.0
1731450708.1496007,1.0
1731450708.1535602,1.0
1731450708.157545,1.0
1731450708.161705,1.0
1731450708.1655629,1.0
1731450708.168578,1.0
1731450708.1735492,1.0
1731450708.1776023,1.0
1731450708.18177,1.0
1731450708.18567,1.0
1731450708.1896904,1.0
1731450708.1936965,1.0
1731450708.1966565,1.0
1731450708.201769,1.0
1731450708.2056234,1.0
1731450708.209646,1.0
1731450708.2136283,1.0
1731450708.2175393,1.0
1731450708.22166,1.0
1731450708.2266023,1.0
1731450708.229638,1.0
1731450708.2336528,1.0
1731450708.2376833,1.0
1731450708.2416608,1.0
1731450708.2447145,1.0
1731450708.2487009,1.0
1731450708.2526505,1.0
1731450708.256572,1.0
1731450708.2617118,1.0
1731450708.2656865,1.0
1731450708.2697735,1.0
1731450708.272688,1.0
1731450708.2767904,1.0
1731450708.2806792,1.0
1731450708.2848284,1.0
1731450708.289838,1.0
1731450708.2938085,1.0
1731450708.2977536,1.0
1731450708.300652,1.0
1731450708.3047588,1.0
1731450708.3088243,1.0
1731450708.3126817,1.0
1731450708.3178318,1.0
1731450708.3216245,1.0
1731450708.3256867,1.0
1731450708.3288057,1.0
1731450708.3326757,1.0
1731450708.336958,1.0
1731450708.340752,1.0
1731450708.34496,1.0
1731450708.3497744,1.0
1731450708.3528533,1.0
1731450708.3568428,1.0
1731450708.3608973,1.0
1731450708.3649004,1.0
1731450708.3689015,1.0
1731450708.3728244,1.0
1731450708.37779,1.0
1731450708.3808613,1.0
1731450708.383886,1.0
1731450708.3889077,1.0
1731450708.392946,1.0
1731450708.3969688,1.0
1731450708.4010518,1.0
1731450708.406001,1.0
1731450708.4088795,1.0
1731450708.412878,1.0
1731450708.41681,1.0
1731450708.420904,1.0
1731450708.424794,1.0
1731450708.4289775,1.0
1731450708.4340224,1.0
1731450708.4369693,1.0
1731450708.4399097,1.0
1731450708.445062,1.0
1731450708.4490016,1.0
1731450708.4529548,1.0
1731450708.456906,1.0
1731450708.4599855,1.0
1731450708.46395,1.0
1731450708.467939,1.0
1731450708.472916,1.0
1731450708.476899,1.0
1731450708.4809873,1.0
1731450708.4850054,1.0
1731450708.48796,1.0
1731450708.4920216,1.0
1731450708.496054,1.0
1731450708.5000017,1.0
1731450708.5051453,1.0
1731450708.5090697,1.0
1731450708.5131524,1.0
1731450708.5161233,1.0
1731450708.5201898,1.0
1731450708.5242207,1.0
1731450708.5292192,1.0
1731450708.53305,1.0
1731450708.537284,1.0
1731450708.541115,1.0
1731450708.5441723,1.0
1731450708.5482018,1.0
1731450708.552276,1.0
1731450708.5562088,1.0
1731450708.5612736,1.0
1731450708.566188,1.0
1731450708.5703292,1.0
1731450708.573315,1.0
1731450708.576165,1.0
1731450708.580278,1.0
1731450708.5841503,1.0
1731450708.5892675,1.0
1731450708.5932472,1.0
1731450708.5964217,1.0
1731450708.6002908,1.0
1731450708.6043248,1.0
1731450708.608184,1.0
1731450708.6122289,1.0
1731450708.617314,1.0
1731450708.6213112,1.0
1731450708.6244032,1.0
1731450708.628494,1.0
1731450708.6322756,1.0
1731450708.6362925,1.0
1731450708.6403391,1.0
1731450708.6442218,1.0
1731450708.6492364,1.0
1731450708.6523,1.0
1731450708.656322,1.0
1731450708.660344,1.0
1731450708.6644545,1.0
1731450708.6683536,1.0
1731450708.6733863,1.0
1731450708.6764028,1.0
1731450708.6794353,1.0
1731450708.68437,1.0
1731450708.6884236,1.0
1731450708.6923983,1.0
1731450708.696378,1.0
1731450708.7014332,1.0
1731450708.7044415,1.0
1731450708.707471,1.0
1731450708.7123194,1.0
1731450708.7164302,1.0
1731450708.720446,1.0
1731450708.72446,1.0
1731450708.728449,1.0
1731450708.7322648,1.0
1731450708.7355287,1.0
1731450708.740517,1.0
1731450708.744419,1.0
1731450708.7484643,1.0
1731450708.752384,1.0
1731450708.7564554,1.0
1731450708.7604487,1.0
1731450708.7635272,1.0
1731450708.7674084,1.0
1731450708.7724574,1.0
1731450708.776581,1.0
1731450708.7805753,1.0
1731450708.7845688,1.0
1731450708.7886324,1.0
1731450708.7916992,1.0
1731450708.7965734,1.0
1731450708.8005066,1.0
1731450708.804597,1.0
1731450708.8086088,1.0
1731450708.8116112,1.0
1731450708.8156,1.0
1731450708.8194234,1.0
1731450708.8236618,1.0
1731450708.8287227,1.0
1731450708.8325896,1.0
1731450708.8367188,1.0
1731450708.839728,1.0
1731450708.8435276,1.0
1731450708.8476412,1.0
1731450708.8517263,1.0
1731450708.856708,1.0
1731450708.86071,1.0
1731450708.8647065,1.0
1731450708.8676753,1.0
1731450708.8716817,1.0
1731450708.8756268,1.0
1731450708.8797538,1.0
1731450708.883754,1.0
1731450708.8887403,1.0
1731450708.8916056,1.0
1731450708.8957846,1.0
1731450708.899736,1.0
1731450708.903782,1.0
1731450708.9075985,1.0
1731450708.91157,1.0
1731450708.9165728,1.0
1731450708.9197285,1.0
1731450708.9237072,1.0
1731450708.9276588,1.0
1731450708.931636,1.0
1731450708.9358425,1.0
1731450708.9397316,1.0
1731450708.9447196,1.0
1731450708.9476857,1.0
1731450708.9516177,1.0
1731450708.95566,1.0
1731450708.9597287,1.0
1731450708.9638193,1.0
1731450708.9677866,1.0
1731450708.9726963,1.0
1731450708.9757586,1.0
1731450708.9788723,1.0
1731450708.9837017,1.0
1731450708.98769,1.0
1731450708.991743,1.0
1731450708.9958148,1.0
1731450708.999837,1.0
1731450709.0037713,1.0
1731450709.006811,1.0
1731450709.0118032,1.0
1731450709.0161054,1.0
1731450709.020184,1.0
1731450709.0240748,1.0
1731450709.0278454,1.0
1731450709.0308526,1.0
1731450709.034994,1.0
1731450709.0400033,1.0
1731450709.0440216,1.0
1731450709.0479293,1.0
1731450709.0518556,1.0
1731450709.0558844,1.0
1731450709.0589085,1.0
1731450709.0629485,1.0
1731450709.067983,1.0
1731450709.0719311,1.0
1731450709.0759184,1.0
1731450709.079964,1.0
1731450709.0830567,1.0
1731450709.0871255,1.0
1731450709.091136,1.0
1731450709.094951,1.0
1731450709.0998733,1.0
1731450709.1039915,1.0
1731450709.1078875,1.0
1731450709.1111412,1.0
1731450709.114962,1.0
1731450709.1189487,1.0
1731450709.1231213,1.0
1731450709.128072,1.0
1731450709.1320329,1.0
1731450709.1350272,1.0
1731450709.139011,1.0
1731450709.143046,1.0
1731450709.1470284,1.0
1731450709.151044,1.0
1731450709.156214,1.0
1731450709.1601088,1.0
1731450709.163106,1.0
1731450709.168068,1.0
1731450709.1711075,1.0
1731450709.1750033,1.0
1731450709.1790788,1.0
1731450709.183155,1.0
1731450709.1880884,1.0
1731450709.1915636,1.0
1731450709.1951945,1.0
1731450709.199174,1.0
1731450709.2030654,1.0
1731450709.207239,1.0
1731450709.2131915,1.0
1731450709.2161372,1.0
1731450709.2202976,1.0
1731450709.2233844,1.0
1731450709.2273598,1.0
1731450709.2316031,1.0
1731450709.2354171,1.0
1731450709.2394364,1.0
1731450709.2434006,1.0
1731450709.2464125,1.0
1731450709.250414,1.0
1731450709.2554348,1.0
1731450709.2594075,1.0
1731450709.2634375,1.0
1731450709.267315,1.0
1731450709.2713768,1.0
1731450709.274386,1.0
1731450709.279399,1.0
1731450709.2833047,1.0
1731450709.2874637,1.0
1731450709.29133,1.0
1731450709.2953951,1.0
1731450709.299264,1.0
1731450709.3024583,1.0
1731450709.3064747,1.0
1731450709.311398,1.0
1731450709.315438,1.0
1731450709.3195684,1.0
1731450709.323418,1.0
1731450709.3274455,1.0
1731450709.3304548,1.0
1731450709.3345375,1.0
1731450709.3398447,1.0
1731450709.3440428,1.0
1731450709.347916,1.0
1731450709.3504772,1.0
1731450709.3545177,1.0
1731450709.358498,1.0
1731450709.3624115,1.0
1731450709.36754,1.0
1731450709.3717055,1.0
1731450709.37557,1.0
1731450709.3786345,1.0
1731450709.3824244,1.0
1731450709.386629,1.0
1731450709.3906145,1.0
1731450709.395644,1.0
1731450709.3995185,1.0
1731450709.403564,1.0
1731450709.4065602,1.0
1731450709.410572,1.0
1731450709.414584,1.0
1731450709.418605,1.0
1731450709.4235897,1.0
1731450709.4275951,1.0
1731450709.431713,1.0
1731450709.4346657,1.0
1731450709.4386437,1.0
1731450709.4426365,1.0
1731450709.446638,1.0
1731450709.4506557,1.0
1731450709.4557471,1.0
1731450709.4587183,1.0
1731450709.4624732,1.0
1731450709.4665978,1.0
1731450709.4706109,1.0
1731450709.4745312,1.0
1731450709.4787183,1.0
