time_board,marker
1730329640.0611968,1.0
1730329640.0653615,1.0
1730329640.0692165,1.0
1730329640.0743167,1.0
1730329640.0772183,1.0
1730329640.0802472,1.0
1730329640.0852015,1.0
1730329640.0893989,1.0
1730329640.0933087,1.0
1730329640.097432,1.0
1730329640.1014464,1.0
1730329640.1053848,1.0
1730329640.1084406,1.0
1730329640.112456,1.0
1730329640.1174667,1.0
1730329640.1214535,1.0
1730329640.125466,1.0
1730329640.12949,1.0
1730329640.1334872,1.0
1730329640.1363564,1.0
1730329640.1404903,1.0
1730329640.1455247,1.0
1730329640.1495087,1.0
1730329640.153516,1.0
1730329640.1575036,1.0
1730329640.1604066,1.0
1730329640.1645348,1.0
1730329640.1683695,1.0
1730329640.1735132,1.0
1730329640.177407,1.0
1730329640.1815505,1.0
1730329640.1845458,1.0
1730329640.1885538,1.0
1730329640.192567,1.0
1730329640.1965067,1.0
1730329640.201518,1.0
1730329640.2056932,1.0
1730329640.209694,1.0
1730329640.2127004,1.0
1730329640.216694,1.0
1730329640.220662,1.0
1730329640.224668,1.0
1730329640.2285388,1.0
1730329640.2336836,1.0
1730329640.237691,1.0
1730329640.240734,1.0
1730329640.2445652,1.0
1730329640.2487268,1.0
1730329640.2525268,1.0
1730329640.2567213,1.0
1730329640.26154,1.0
1730329640.265561,1.0
1730329640.2685716,1.0
1730329640.2726347,1.0
1730329640.2767696,1.0
1730329640.2806656,1.0
1730329640.28468,1.0
1730329640.2898042,1.0
1730329640.2932997,1.0
1730329640.297068,1.0
1730329640.3012428,1.0
1730329640.3049822,1.0
1730329640.3089492,1.0
1730329640.312864,1.0
1730329640.317845,1.0
1730329640.3208516,1.0
1730329640.3248844,1.0
1730329640.3288388,1.0
1730329640.3328147,1.0
1730329640.3369677,1.0
1730329640.341003,1.0
1730329640.3458855,1.0
1730329640.3489542,1.0
1730329640.3517785,1.0
1730329640.356979,1.0
1730329640.3607838,1.0
1730329640.3649826,1.0
1730329640.368776,1.0
1730329640.373917,1.0
1730329640.3767817,1.0
1730329640.3799849,1.0
1730329640.3850002,1.0
1730329640.3890543,1.0
1730329640.3930418,1.0
1730329640.397017,1.0
1730329640.4010384,1.0
1730329640.4048977,1.0
1730329640.4079647,1.0
1730329640.412933,1.0
1730329640.4168308,1.0
1730329640.4209807,1.0
1730329640.4249282,1.0
1730329640.4277904,1.0
1730329640.4319584,1.0
1730329640.435962,1.0
1730329640.4400508,1.0
1730329640.444856,1.0
1730329640.448866,1.0
1730329640.452943,1.0
1730329640.4560103,1.0
1730329640.459931,1.0
1730329640.464012,1.0
1730329640.4689112,1.0
1730329640.473074,1.0
1730329640.47686,1.0
1730329640.4810555,1.0
1730329640.4838996,1.0
1730329640.4880807,1.0
1730329640.4921308,1.0
1730329640.4961689,1.0
1730329640.5000205,1.0
1730329640.505274,1.0
1730329640.5091784,1.0
1730329640.5120895,1.0
1730329640.5161788,1.0
1730329640.520252,1.0
1730329640.5241728,1.0
1730329640.5280411,1.0
1730329640.5331955,1.0
1730329640.5360024,1.0
1730329640.540319,1.0
1730329640.54399,1.0
1730329640.5483038,1.0
1730329640.5520444,1.0
1730329640.556311,1.0
1730329640.5611053,1.0
1730329640.56416,1.0
1730329640.5682757,1.0
1730329640.5723104,1.0
1730329640.576252,1.0
1730329640.5804238,1.0
1730329640.584319,1.0
1730329640.589229,1.0
1730329640.5923252,1.0
1730329640.5963717,1.0
1730329640.600248,1.0
1730329640.604318,1.0
1730329640.6083057,1.0
1730329640.6123388,1.0
1730329640.61727,1.0
1730329640.6202493,1.0
1730329640.6242723,1.0
1730329640.6282697,1.0
1730329640.6323593,1.0
1730329640.636202,1.0
1730329640.6402197,1.0
1730329640.6453753,1.0
1730329640.6483753,1.0
1730329640.651378,1.0
1730329640.6564057,1.0
1730329640.6601996,1.0
1730329640.6644511,1.0
1730329640.668399,1.0
1730329640.672442,1.0
1730329640.6754296,1.0
1730329640.6794252,1.0
1730329640.684442,1.0
1730329640.6884484,1.0
1730329640.6924453,1.0
1730329640.6965048,1.0
1730329640.7004857,1.0
1730329640.703483,1.0
1730329640.7074702,1.0
1730329640.7125597,1.0
1730329640.7165084,1.0
1730329640.7203093,1.0
1730329640.724424,1.0
1730329640.728528,1.0
1730329640.7315693,1.0
1730329640.7352986,1.0
1730329640.740301,1.0
1730329640.7443333,1.0
1730329640.748577,1.0
1730329640.7524192,1.0
1730329640.755607,1.0
1730329640.759598,1.0
1730329640.763589,1.0
1730329640.767624,1.0
1730329640.772545,1.0
1730329640.776632,1.0
1730329640.7795775,1.0
1730329640.7835891,1.0
1730329640.787428,1.0
1730329640.7916129,1.0
1730329640.7955396,1.0
1730329640.8005743,1.0
1730329640.8044157,1.0
1730329640.8074467,1.0
1730329640.8114443,1.0
1730329640.8156402,1.0
1730329640.8194618,1.0
1730329640.8236592,1.0
1730329640.8291829,1.0
1730329640.8329978,1.0
1730329640.8355167,1.0
1730329640.839696,1.0
1730329640.8434925,1.0
1730329640.8477485,1.0
1730329640.8516588,1.0
1730329640.856557,1.0
1730329640.8605168,1.0
1730329640.8637033,1.0
1730329640.8675897,1.0
1730329640.8717663,1.0
1730329640.8757925,1.0
1730329640.879752,1.0
1730329640.8838189,1.0
1730329640.8885305,1.0
1730329640.8916104,1.0
1730329640.8956163,1.0
1730329640.899662,1.0
1730329640.9036417,1.0
1730329640.9076147,1.0
1730329640.9118123,1.0
1730329640.915762,1.0
1730329640.9186523,1.0
1730329640.92307,1.0
1730329640.9276187,1.0
1730329640.9318607,1.0
1730329640.935824,1.0
1730329640.9402833,1.0
1730329640.9436665,1.0
1730329640.946908,1.0
1730329640.9518113,1.0
1730329640.956306,1.0
1730329640.9600873,1.0
1730329640.9637752,1.0
1730329640.9683104,1.0
1730329640.9715798,1.0
1730329640.9752223,1.0
1730329640.9790113,1.0
1730329640.9843304,1.0
1730329640.9885528,1.0
1730329640.992463,1.0
1730329640.9959936,1.0
1730329641.0003445,1.0
1730329641.0028052,1.0
1730329641.0068097,1.0
1730329641.0119393,1.0
1730329641.016143,1.0
1730329641.019974,1.0
1730329641.0232964,1.0
1730329641.0268264,1.0
1730329641.031453,1.0
1730329641.0350063,1.0
1730329641.0404377,1.0
1730329641.0438435,1.0
1730329641.0481734,1.0
1730329641.0508728,1.0
1730329641.0554714,1.0
1730329641.0590744,1.0
1730329641.0631,1.0
1730329641.0682678,1.0
1730329641.072088,1.0
1730329641.076265,1.0
1730329641.0792463,1.0
1730329641.0833366,1.0
1730329641.0869665,1.0
1730329641.0915403,1.0
1730329641.096168,1.0
1730329641.100499,1.0
1730329641.1042511,1.0
1730329641.1071212,1.0
1730329641.1109953,1.0
1730329641.115625,1.0
1730329641.1190035,1.0
1730329641.123427,1.0
1730329641.1279793,1.0
1730329641.1312191,1.0
1730329641.1349895,1.0
1730329641.1392748,1.0
1730329641.1433868,1.0
1730329641.1471412,1.0
1730329641.1512413,1.0
1730329641.1561337,1.0
1730329641.159412,1.0
1730329641.1635787,1.0
1730329641.167179,1.0
1730329641.1715877,1.0
1730329641.1755404,1.0
1730329641.179315,1.0
1730329641.1847527,1.0
1730329641.1870644,1.0
1730329641.191348,1.0
1730329641.1952302,1.0
1730329641.1994703,1.0
1730329641.2030852,1.0
1730329641.20728,1.0
1730329641.2123656,1.0
1730329641.2154496,1.0
1730329641.2191217,1.0
1730329641.2234228,1.0
1730329641.227121,1.0
1730329641.2314746,1.0
1730329641.2353475,1.0
1730329641.2406936,1.0
1730329641.2431002,1.0
1730329641.2463343,1.0
1730329641.2513666,1.0
1730329641.2552123,1.0
1730329641.2592466,1.0
1730329641.26382,1.0
1730329641.2663374,1.0
1730329641.27025,1.0
1730329641.2747009,1.0
1730329641.2799163,1.0
1730329641.2838168,1.0
1730329641.2874572,1.0
1730329641.2911773,1.0
1730329641.294234,1.0
1730329641.2984188,1.0
1730329641.3022344,1.0
1730329641.3071983,1.0
1730329641.311283,1.0
1730329641.3153768,1.0
1730329641.3192272,1.0
1730329641.322534,1.0
1730329641.32649,1.0
1730329641.3304465,1.0
1730329641.3344202,1.0
1730329641.3393848,1.0
1730329641.3432372,1.0
1730329641.3473806,1.0
1730329641.3504455,1.0
1730329641.3543608,1.0
1730329641.3584285,1.0
1730329641.362336,1.0
1730329641.3674705,1.0
1730329641.3714972,1.0
1730329641.3744938,1.0
1730329641.3783696,1.0
1730329641.3825204,1.0
1730329641.386377,1.0
1730329641.3905776,1.0
1730329641.3955083,1.0
1730329641.3995695,1.0
1730329641.4023547,1.0
1730329641.406402,1.0
1730329641.4103303,1.0
1730329641.4148333,1.0
1730329641.4184184,1.0
1730329641.42291,1.0
1730329641.4274735,1.0
1730329641.4308467,1.0
1730329641.4347134,1.0
1730329641.4386072,1.0
1730329641.4429712,1.0
1730329641.4466252,1.0
1730329641.4509406,1.0
1730329641.4558637,1.0
1730329641.4586208,1.0
1730329641.4626129,1.0
1730329641.46662,1.0
1730329641.4711888,1.0
1730329641.474914,1.0
1730329641.4788096,1.0
1730329641.4841547,1.0
1730329641.48663,1.0
1730329641.4910035,1.0
1730329641.4945345,1.0
1730329641.4987588,1.0
1730329641.5025828,1.0
1730329641.506715,1.0
1730329641.5105484,1.0
1730329641.5138085,1.0
1730329641.518597,1.0
1730329641.52382,1.0
1730329641.5276098,1.0
1730329641.531093,1.0
1730329641.535598,1.0
1730329641.538822,1.0
1730329641.54192,1.0
1730329641.5467443,1.0
1730329641.5510116,1.0
1730329641.555046,1.0
1730329641.558879,1.0
1730329641.563145,1.0
1730329641.5667925,1.0
1730329641.569678,1.0
1730329641.5747616,1.0
1730329641.5789042,1.0
1730329641.5829785,1.0
1730329641.5868015,1.0
1730329641.5906224,1.0
1730329641.5947683,1.0
1730329641.5979953,1.0
1730329641.6016436,1.0
1730329641.6068523,1.0
1730329641.6107285,1.0
1730329641.6152012,1.0
1730329641.6176963,1.0
1730329641.6218271,1.0
1730329641.6261673,1.0
1730329641.630222,1.0
1730329641.6348276,1.0
1730329641.6389685,1.0
1730329641.6429636,1.0
1730329641.6459792,1.0
1730329641.6497967,1.0
1730329641.6537557,1.0
1730329641.6584506,1.0
1730329641.6619897,1.0
1730329641.666803,1.0
1730329641.671492,1.0
1730329641.6742513,1.0
1730329641.6778111,1.0
1730329641.6820471,1.0
1730329641.6858563,1.0
1730329641.6901922,1.0
1730329641.694983,1.0
1730329641.699392,1.0
1730329641.7018592,1.0
1730329641.7061708,1.0
1730329641.70982,1.0
1730329641.7144744,1.0
1730329641.7181144,1.0
1730329641.72333,1.0
1730329641.7269444,1.0
1730329641.7304008,1.0
1730329641.734512,1.0
1730329641.7384765,1.0
1730329641.7421174,1.0
1730329641.7461083,1.0
1730329641.7511492,1.0
1730329641.7546244,1.0
1730329641.757066,1.0
1730329641.7621596,1.0
1730329641.7665565,1.0
1730329641.7700272,1.0
1730329641.7744024,1.0
1730329641.7792635,1.0
1730329641.7823305,1.0
1730329641.7859304,1.0
1730329641.790215,1.0
1730329641.7939377,1.0
1730329641.7982247,1.0
1730329641.8019514,1.0
1730329641.8071444,1.0
1730329641.8099742,1.0
1730329641.8135128,1.0
1730329641.8180697,1.0
1730329641.8222115,1.0
1730329641.8263197,1.0
1730329641.8305235,1.0
1730329641.83503,1.0
1730329641.8384778,1.0
1730329641.84144,1.0
1730329641.8461466,1.0
1730329641.850397,1.0
1730329641.854615,1.0
1730329641.858618,1.0
1730329641.861072,1.0
1730329641.8658395,1.0
1730329641.8691611,1.0
1730329641.874738,1.0
1730329641.8781807,1.0
1730329641.882709,1.0
1730329641.886098,1.0
1730329641.8896184,1.0
1730329641.8930645,1.0
1730329641.8973868,1.0
1730329641.902139,1.0
1730329641.9065487,1.0
1730329641.9101956,1.0
1730329641.91452,1.0
1730329641.9181228,1.0
1730329641.9217632,1.0
1730329641.925464,1.0
1730329641.9303854,1.0
1730329641.9342415,1.0
1730329641.938786,1.0
1730329641.9426532,1.0
1730329641.9454627,1.0
1730329641.949396,1.0
1730329641.953205,1.0
1730329641.957224,1.0
1730329641.9629505,1.0
1730329641.9663422,1.0
1730329641.9704733,1.0
1730329641.973472,1.0
1730329641.9772704,1.0
1730329641.98145,1.0
1730329641.9851987,1.0
1730329641.9908524,1.0
1730329641.994202,1.0
1730329641.9972973,1.0
1730329642.0013416,1.0
1730329642.005483,1.0
1730329642.0094674,1.0
1730329642.0133104,1.0
1730329642.01763,1.0
1730329642.022843,1.0
1730329642.0256083,1.0
1730329642.0292575,1.0
1730329642.0333223,1.0
1730329642.0373144,1.0
1730329642.041329,1.0
1730329642.045354,1.0
1730329642.0503447,1.0
1730329642.0532484,1.0
1730329642.0573552,1.0
1730329642.061302,1.0
1730329642.0653129,1.0
1730329642.0693212,1.0
1730329642.0735967,1.0
1730329642.0790732,1.0
1730329642.0817218,1.0
1730329642.085349,1.0
1730329642.08987,1.0
1730329642.0934122,1.0
1730329642.0978386,1.0
1730329642.1025002,1.0
1730329642.105612,1.0
1730329642.1086817,1.0
1730329642.1130767,1.0
1730329642.117868,1.0
1730329642.1219957,1.0
1730329642.1254127,1.0
1730329642.1301005,1.0
1730329642.1337495,1.0
1730329642.136558,1.0
1730329642.1409268,1.0
1730329642.1458216,1.0
1730329642.150007,1.0
1730329642.1535604,1.0
1730329642.1576216,1.0
1730329642.161523,1.0
1730329642.1644912,1.0
1730329642.16846,1.0
1730329642.173492,1.0
1730329642.1776376,1.0
1730329642.1821136,1.0
1730329642.1854987,1.0
1730329642.18971,1.0
1730329642.1929193,1.0
1730329642.1967068,1.0
1730329642.201734,1.0
1730329642.205577,1.0
1730329642.2097206,1.0
1730329642.2139037,1.0
1730329642.2167127,1.0
1730329642.2213993,1.0
1730329642.224965,1.0
1730329642.2301126,1.0
1730329642.234059,1.0
1730329642.2376976,1.0
1730329642.2407808,1.0
1730329642.2446687,1.0
1730329642.248748,1.0
1730329642.2526896,1.0
1730329642.2566917,1.0
1730329642.2617033,1.0
1730329642.265712,1.0
1730329642.268582,1.0
1730329642.2727911,1.0
1730329642.27663,1.0
1730329642.280738,1.0
1730329642.284598,1.0
1730329642.2898371,1.0
1730329642.2936096,1.0
1730329642.2967646,1.0
1730329642.300992,1.0
1730329642.3051028,1.0
1730329642.3089635,1.0
1730329642.3130453,1.0
1730329642.3180175,1.0
1730329642.322132,1.0
1730329642.3253143,1.0
1730329642.329157,1.0
1730329642.332798,1.0
1730329642.3368597,1.0
1730329642.3412962,1.0
1730329642.3464844,1.0
1730329642.3490217,1.0
1730329642.352894,1.0
1730329642.356841,1.0
1730329642.3608265,1.0
1730329642.3653264,1.0
1730329642.3688717,1.0
1730329642.374504,1.0
1730329642.3768342,1.0
1730329642.3800704,1.0
1730329642.3848045,1.0
1730329642.3890796,1.0
1730329642.3929403,1.0
1730329642.3969443,1.0
1730329642.4018967,1.0
1730329642.4051156,1.0
1730329642.4085894,1.0
1730329642.4134135,1.0
1730329642.41685,1.0
1730329642.421497,1.0
1730329642.4250996,1.0
1730329642.4295847,1.0
1730329642.4335425,1.0
1730329642.4359455,1.0
1730329642.441363,1.0
1730329642.4449253,1.0
1730329642.449159,1.0
1730329642.4531476,1.0
1730329642.457086,1.0
1730329642.4609113,1.0
1730329642.4651604,1.0
1730329642.4689536,1.0
1730329642.4733748,1.0
1730329642.476189,1.0
1730329642.480137,1.0
1730329642.485016,1.0
1730329642.4893858,1.0
1730329642.492961,1.0
1730329642.4971075,1.0
1730329642.5012417,1.0
1730329642.50455,1.0
1730329642.5085912,1.0
1730329642.5134284,1.0
1730329642.5169885,1.0
1730329642.521624,1.0
1730329642.5245788,1.0
1730329642.5281396,1.0
1730329642.5322497,1.0
1730329642.535977,1.0
1730329642.5413325,1.0
1730329642.545656,1.0
1730329642.5494788,1.0
1730329642.552024,1.0
1730329642.5565588,1.0
1730329642.560072,1.0
1730329642.5643773,1.0
1730329642.5690691,1.0
1730329642.573642,1.0
1730329642.577078,1.0
1730329642.580505,1.0
1730329642.5843425,1.0
1730329642.5884938,1.0
1730329642.5924711,1.0
1730329642.5964825,1.0
1730329642.6011157,1.0
1730329642.6053965,1.0
1730329642.6086185,1.0
1730329642.612851,1.0
1730329642.6162653,1.0
1730329642.6208882,1.0
1730329642.6247168,1.0
1730329642.6294072,1.0
1730329642.6337192,1.0
1730329642.6362915,1.0
1730329642.640798,1.0
1730329642.6441824,1.0
1730329642.648414,1.0
1730329642.652263,1.0
1730329642.6574967,1.0
1730329642.660211,1.0
1730329642.664837,1.0
1730329642.6683795,1.0
1730329642.6724193,1.0
1730329642.6762211,1.0
1730329642.6803124,1.0
1730329642.6852095,1.0
1730329642.6882958,1.0
1730329642.6922452,1.0
1730329642.6962469,1.0
1730329642.7002256,1.0
1730329642.7042463,1.0
1730329642.7082405,1.0
1730329642.7133613,1.0
1730329642.7163165,1.0
1730329642.7193155,1.0
1730329642.7244563,1.0
1730329642.7283704,1.0
1730329642.73236,1.0
1730329642.7363803,1.0
1730329642.740759,1.0
1730329642.744362,1.0
1730329642.7478004,1.0
1730329642.752373,1.0
1730329642.756591,1.0
1730329642.760436,1.0
1730329642.7648852,1.0
1730329642.7677512,1.0
1730329642.7716267,1.0
1730329642.7756157,1.0
1730329642.7799122,1.0
1730329642.7844253,1.0
1730329642.788633,1.0
1730329642.792585,1.0
1730329642.7958288,1.0
1730329642.799847,1.0
1730329642.803792,1.0
1730329642.8078496,1.0
1730329642.812935,1.0
1730329642.816612,1.0
1730329642.821138,1.0
1730329642.8240297,1.0
1730329642.8276155,1.0
1730329642.8317137,1.0
1730329642.8354864,1.0
1730329642.841046,1.0
1730329642.8445833,1.0
1730329642.8487728,1.0
1730329642.8515823,1.0
1730329642.8555217,1.0
1730329642.8595085,1.0
1730329642.864103,1.0
1730329642.8685167,1.0
1730329642.8730896,1.0
1730329642.8766053,1.0
1730329642.8801053,1.0
1730329642.8842692,1.0
1730329642.888301,1.0
1730329642.8921833,1.0
1730329642.896744,1.0
1730329642.900988,1.0
1730329642.9043336,1.0
1730329642.9083345,1.0
1730329642.9118147,1.0
1730329642.9157815,1.0
1730329642.919654,1.0
1730329642.9241872,1.0
1730329642.928852,1.0
1730329642.93187,1.0
1730329642.9356194,1.0
1730329642.9398618,1.0
1730329642.9437206,1.0
1730329642.9479024,1.0
1730329642.9516768,1.0
1730329642.9568176,1.0
1730329642.959666,1.0
1730329642.9638443,1.0
1730329642.9677155,1.0
1730329642.9719405,1.0
1730329642.9758933,1.0
1730329642.9799433,1.0
1730329642.9847128,1.0
1730329642.9879863,1.0
1730329642.992021,1.0
1730329642.9958408,1.0
1730329643.0000267,1.0
1730329643.003973,1.0
1730329643.0079467,1.0
1730329643.012033,1.0
1730329643.0149636,1.0
1730329643.0189104,1.0
1730329643.024021,1.0
1730329643.0279117,1.0
1730329643.0319283,1.0
1730329643.036002,1.0
1730329643.040013,1.0
1730329643.042771,1.0
1730329643.0468943,1.0
1730329643.051797,1.0
1730329643.0559554,1.0
1730329643.0598352,1.0
1730329643.0639832,1.0
1730329643.0677955,1.0
1730329643.0713332,1.0
1730329643.0753765,1.0
1730329643.080335,1.0
1730329643.0842116,1.0
1730329643.088453,1.0
1730329643.0920284,1.0
1730329643.095986,1.0
1730329643.0991209,1.0
1730329643.1029456,1.0
1730329643.108601,1.0
1730329643.1120827,1.0
1730329643.1160464,1.0
1730329643.119979,1.0
1730329643.124137,1.0
1730329643.126928,1.0
1730329643.131122,1.0
1730329643.1349423,1.0
1730329643.1400695,1.0
1730329643.1440744,1.0
1730329643.146922,1.0
1730329643.1509137,1.0
1730329643.1549077,1.0
1730329643.1589243,1.0
1730329643.162937,1.0
1730329643.1679304,1.0
1730329643.1719468,1.0
1730329643.1749463,1.0
1730329643.1789496,1.0
1730329643.1829576,1.0
1730329643.188973,1.0
1730329643.191965,1.0
1730329643.1959867,1.0
1730329643.1999843,1.0
1730329643.2029908,1.0
1730329643.2071805,1.0
1730329643.2109983,1.0
1730329643.2149668,1.0
1730329643.21898,1.0
1730329643.2241633,1.0
1730329643.228171,1.0
1730329643.2311728,1.0
1730329643.235054,1.0
1730329643.239194,1.0
1730329643.2430372,1.0
1730329643.247202,1.0
1730329643.2522364,1.0
1730329643.2552364,1.0
1730329643.258301,1.0
1730329643.2633145,1.0
1730329643.2672915,1.0
1730329643.2713113,1.0
1730329643.2752855,1.0
1730329643.2801845,1.0
1730329643.283321,1.0
1730329643.2862792,1.0
1730329643.29128,1.0
1730329643.295218,1.0
1730329643.2993708,1.0
1730329643.3035643,1.0
1730329643.3073275,1.0
1730329643.3113184,1.0
1730329643.3148048,1.0
1730329643.3199031,1.0
1730329643.3233757,1.0
1730329643.3272889,1.0
1730329643.3317244,1.0
1730329643.335324,1.0
1730329643.3398366,1.0
1730329643.3425164,1.0
1730329643.3463595,1.0
1730329643.351276,1.0
1730329643.355559,1.0
1730329643.3593652,1.0
1730329643.363531,1.0
1730329643.3675525,1.0
1730329643.3705845,1.0
1730329643.3745227,1.0
1730329643.3794696,1.0
1730329643.3835046,1.0
1730329643.387501,1.0
1730329643.3904865,1.0
1730329643.3944263,1.0
1730329643.3985195,1.0
1730329643.402578,1.0
1730329643.4076478,1.0
1730329643.4118748,1.0
1730329643.4155076,1.0
1730329643.4184215,1.0
1730329643.4229329,1.0
1730329643.4264772,1.0
1730329643.430838,1.0
1730329643.4344196,1.0
1730329643.43981,1.0
1730329643.4435005,1.0
1730329643.446614,1.0
1730329643.450758,1.0
1730329643.454974,1.0
1730329643.4586868,1.0
1730329643.4637506,1.0
1730329643.467692,1.0
1730329643.4717393,1.0
1730329643.4747956,1.0
1730329643.4788454,1.0
1730329643.4828987,1.0
1730329643.4866614,1.0
1730329643.4910223,1.0
1730329643.4959378,1.0
1730329643.4987268,1.0
1730329643.50266,1.0
1730329643.506719,1.0
1730329643.51059,1.0
1730329643.5151052,1.0
1730329643.5185835,1.0
1730329643.5242224,1.0
1730329643.526523,1.0
1730329643.530609,1.0
1730329643.5346117,1.0
1730329643.5388784,1.0
1730329643.542644,1.0
1730329643.5467527,1.0
1730329643.5516331,1.0
1730329643.5549488,1.0
1730329643.559086,1.0
1730329643.5631683,1.0
1730329643.566775,1.0
1730329643.571004,1.0
1730329643.5748675,1.0
1730329643.5792413,1.0
1730329643.5832586,1.0
1730329643.5867653,1.0
1730329643.590952,1.0
1730329643.5949,1.0
1730329643.5992844,1.0
1730329643.6027677,1.0
1730329643.6067967,1.0
1730329643.6096735,1.0
1730329643.6143477,1.0
1730329643.6186705,1.0
1730329643.6230078,1.0
1730329643.6267304,1.0
1730329643.6312,1.0
1730329643.633983,1.0
1730329643.6382184,1.0
1730329643.6420848,1.0
1730329643.6469796,1.0
1730329643.6509137,1.0
1730329643.655012,1.0
1730329643.6590908,1.0
1730329643.6618383,1.0
1730329643.6664915,1.0
1730329643.6706057,1.0
1730329643.6744514,1.0
1730329643.6795683,1.0
1730329643.6830995,1.0
1730329643.686852,1.0
1730329643.690293,1.0
1730329643.6937869,1.0
1730329643.698208,1.0
1730329643.7018452,1.0
1730329643.7069633,1.0
1730329643.7109318,1.0
1730329643.7149827,1.0
1730329643.71785,1.0
1730329643.722308,1.0
1730329643.725989,1.0
1730329643.7302113,1.0
1730329643.7349207,1.0
1730329643.7391355,1.0
1730329643.7420769,1.0
1730329643.746564,1.0
1730329643.7504537,1.0
1730329643.7543693,1.0
1730329643.7586052,1.0
1730329643.7633643,1.0
1730329643.7670872,1.0
1730329643.7706015,1.0
1730329643.7745135,1.0
1730329643.7782032,1.0
1730329643.78243,1.0
1730329643.7860467,1.0
1730329643.790426,1.0
1730329643.7952862,1.0
1730329643.798179,1.0
1730329643.8019528,1.0
1730329643.8062637,1.0
1730329643.81003,1.0
1730329643.8144224,1.0
1730329643.8191068,1.0
1730329643.823496,1.0
1730329643.825963,1.0
1730329643.8305063,1.0
1730329643.8342216,1.0
1730329643.8386168,1.0
1730329643.842258,1.0
1730329643.847227,1.0
1730329643.8506012,1.0
1730329643.8533654,1.0
1730329643.8581767,1.0
1730329643.8626032,1.0
1730329643.866218,1.0
1730329643.8706188,1.0
1730329643.8743663,1.0
1730329643.878262,1.0
1730329643.8813424,1.0
1730329643.8862357,1.0
1730329643.8902855,1.0
1730329643.8941145,1.0
1730329643.8988583,1.0
1730329643.902117,1.0
1730329643.90628,1.0
1730329643.9091172,1.0
1730329643.913252,1.0
1730329643.9183583,1.0
1730329643.9222076,1.0
1730329643.9261396,1.0
1730329643.9302683,1.0
1730329643.93416,1.0
1730329643.9373565,1.0
1730329643.942213,1.0
1730329643.946357,1.0
1730329643.9503262,1.0
1730329643.9543436,1.0
1730329643.9581826,1.0
1730329643.962397,1.0
1730329643.965394,1.0
1730329643.969312,1.0
1730329643.9744067,1.0
1730329643.97841,1.0
1730329643.9824145,1.0
1730329643.985299,1.0
1730329643.9905808,1.0
1730329643.9943016,1.0
1730329643.997466,1.0
1730329644.002251,1.0
1730329644.0063832,1.0
1730329644.0103116,1.0
1730329644.0134778,1.0
1730329644.0175152,1.0
1730329644.0214353,1.0
1730329644.0255716,1.0
1730329644.0294883,1.0
1730329644.0342937,1.0
1730329644.0385697,1.0
1730329644.041752,1.0
1730329644.045302,1.0
1730329644.0495515,1.0
1730329644.053368,1.0
1730329644.0575547,1.0
1730329644.0623453,1.0
1730329644.0664864,1.0
1730329644.0693336,1.0
1730329644.0735793,1.0
1730329644.077356,1.0
1730329644.0820274,1.0
1730329644.0854084,1.0
1730329644.090607,1.0
1730329644.0934637,1.0
1730329644.0980492,1.0
1730329644.101472,1.0
1730329644.1055148,1.0
1730329644.1094632,1.0
1730329644.1140828,1.0
1730329644.1184916,1.0
1730329644.1216235,1.0
1730329644.1255364,1.0
1730329644.1296587,1.0
1730329644.1336884,1.0
1730329644.1376736,1.0
1730329644.1416798,1.0
1730329644.1466572,1.0
1730329644.149722,1.0
1730329644.152588,1.0
1730329644.1576293,1.0
1730329644.16165,1.0
1730329644.165598,1.0
1730329644.1696844,1.0
1730329644.17471,1.0
1730329644.1777034,1.0
1730329644.180709,1.0
1730329644.1856763,1.0
1730329644.1901588,1.0
1730329644.1935802,1.0
1730329644.1979067,1.0
1730329644.2028055,1.0
1730329644.2057788,1.0
1730329644.2086277,1.0
1730329644.2141144,1.0
1730329644.2175963,1.0
1730329644.2220204,1.0
1730329644.2256317,1.0
1730329644.2293472,1.0
1730329644.233065,1.0
1730329644.236709,1.0
1730329644.2422647,1.0
1730329644.24598,1.0
1730329644.2500825,1.0
1730329644.254336,1.0
1730329644.2579482,1.0
1730329644.260769,1.0
1730329644.2652063,1.0
1730329644.2686782,1.0
1730329644.2738168,1.0
1730329644.277946,1.0
1730329644.2822742,1.0
1730329644.2847342,1.0
1730329644.2886844,1.0
1730329644.2927904,1.0
1730329644.2967148,1.0
1730329644.301858,1.0
1730329644.3059552,1.0
1730329644.3098023,1.0
1730329644.3130684,1.0
1730329644.3167465,1.0
1730329644.3208027,1.0
1730329644.3250642,1.0
1730329644.32981,1.0
1730329644.333953,1.0
1730329644.3369396,1.0
1730329644.341041,1.0
1730329644.3451886,1.0
1730329644.3491294,1.0
1730329644.3530629,1.0
1730329644.358424,1.0
1730329644.3622313,1.0
1730329644.3650763,1.0
1730329644.3688235,1.0
1730329644.3733847,1.0
1730329644.3768475,1.0
1730329644.3811684,1.0
1730329644.384951,1.0
1730329644.3903923,1.0
1730329644.3929522,1.0
1730329644.3970208,1.0
1730329644.4008672,1.0
1730329644.405399,1.0
1730329644.411141,1.0
1730329644.414478,1.0
1730329644.4178672,1.0
1730329644.421162,1.0
1730329644.4250717,1.0
1730329644.4294207,1.0
1730329644.4334676,1.0
1730329644.43705,1.0
1730329644.4411087,1.0
1730329644.445076,1.0
1730329644.4480667,1.0
1730329644.4531028,1.0
1730329644.4570582,1.0
1730329644.4611125,1.0
1730329644.4649265,1.0
1730329644.4689412,1.0
1730329644.4731553,1.0
1730329644.4759932,1.0
1730329644.480266,1.0
1730329644.4851313,1.0
1730329644.4893928,1.0
1730329644.4931073,1.0
1730329644.497151,1.0
1730329644.5010376,1.0
1730329644.5042467,1.0
1730329644.5081992,1.0
1730329644.5132396,1.0
1730329644.5172293,1.0
1730329644.5212224,1.0
1730329644.5251882,1.0
1730329644.529304,1.0
1730329644.5321553,1.0
1730329644.5360465,1.0
1730329644.5401814,1.0
1730329644.5453176,1.0
1730329644.5493424,1.0
1730329644.552104,1.0
1730329644.556322,1.0
1730329644.560063,1.0
1730329644.5642407,1.0
1730329644.5691795,1.0
1730329644.5736938,1.0
1730329644.5771704,1.0
1730329644.5804284,1.0
1730329644.5841455,1.0
1730329644.588456,1.0
1730329644.5923965,1.0
1730329644.596313,1.0
1730329644.6012864,1.0
1730329644.6053877,1.0
1730329644.6085775,1.0
1730329644.6124616,1.0
1730329644.6165197,1.0
1730329644.620411,1.0
1730329644.624368,1.0
1730329644.6294408,1.0
1730329644.6334715,1.0
1730329644.6371686,1.0
1730329644.640802,1.0
1730329644.6445196,1.0
1730329644.64852,1.0
1730329644.6522925,1.0
1730329644.6576536,1.0
1730329644.6617985,1.0
1730329644.664616,1.0
1730329644.6689544,1.0
1730329644.6723566,1.0
1730329644.6762989,1.0
1730329644.6806288,1.0
1730329644.6852913,1.0
1730329644.6885817,1.0
1730329644.6922855,1.0
1730329644.696546,1.0
1730329644.7006571,1.0
1730329644.7045147,1.0
1730329644.708802,1.0
1730329644.7129948,1.0
1730329644.717425,1.0
1730329644.7211115,1.0
1730329644.725006,1.0
1730329644.7284844,1.0
1730329644.7329705,1.0
1730329644.7364748,1.0
1730329644.7418308,1.0
1730329644.7444768,1.0
1730329644.7477803,1.0
1730329644.752523,1.0
1730329644.7565775,1.0
1730329644.7604885,1.0
1730329644.7649317,1.0
1730329644.76849,1.0
1730329644.772796,1.0
1730329644.775601,1.0
1730329644.78111,1.0
1730329644.7845032,1.0
1730329644.7886553,1.0
1730329644.792534,1.0
1730329644.7957172,1.0
1730329644.799961,1.0
1730329644.8038793,1.0
1730329644.8082588,1.0
1730329644.8130937,1.0
1730329644.8167048,1.0
1730329644.82122,1.0
1730329644.8240871,1.0
1730329644.827662,1.0
1730329644.8320005,1.0
1730329644.8355908,1.0
1730329644.8408625,1.0
1730329644.8446853,1.0
1730329644.8487687,1.0
1730329644.851704,1.0
1730329644.8561163,1.0
1730329644.8597913,1.0
1730329644.864143,1.0
1730329644.8685837,1.0
1730329644.87314,1.0
1730329644.8766773,1.0
1730329644.8796556,1.0
1730329644.8837168,1.0
1730329644.887618,1.0
1730329644.8916416,1.0
1730329644.896804,1.0
1730329644.9005792,1.0
1730329644.9046347,1.0
1730329644.9077697,1.0
1730329644.9118292,1.0
1730329644.915794,1.0
1730329644.919728,1.0
1730329644.9237945,1.0
1730329644.9288597,1.0
1730329644.931888,1.0
1730329644.9358132,1.0
1730329644.939922,1.0
1730329644.9437616,1.0
1730329644.9478085,1.0
1730329644.9518545,1.0
1730329644.9570503,1.0
1730329644.9597905,1.0
1730329644.9641728,1.0
1730329644.967862,1.0
1730329644.9719615,1.0
1730329644.975791,1.0
1730329644.9799223,1.0
1730329644.984799,1.0
1730329644.9878924,1.0
1730329644.9919093,1.0
1730329644.9958696,1.0
1730329645.000016,1.0
1730329645.0039237,1.0
1730329645.0077765,1.0
1730329645.0128703,1.0
1730329645.0159676,1.0
1730329645.019104,1.0
1730329645.0239933,1.0
1730329645.027895,1.0
1730329645.0320332,1.0
1730329645.0359204,1.0
1730329645.0409827,1.0
1730329645.043825,1.0
1730329645.0469837,1.0
1730329645.051884,1.0
1730329645.0560112,1.0
1730329645.0599823,1.0
1730329645.0639527,1.0
1730329645.067893,1.0
1730329645.0708773,1.0
1730329645.075112,1.0
1730329650.0856953,1.0
1730329650.0905976,1.0
1730329650.094756,1.0
1730329650.0977955,1.0
1730329650.1016943,1.0
1730329650.105826,1.0
1730329650.10982,1.0
1730329650.1138468,1.0
1730329650.1188047,1.0
1730329650.1227157,1.0
1730329650.1257746,1.0
1730329650.1296723,1.0
1730329650.1338065,1.0
1730329650.1378348,1.0
1730329650.1417713,1.0
1730329650.14677,1.0
1730329650.15088,1.0
1730329650.1538484,1.0
1730329650.1576507,1.0
1730329650.1618457,1.0
1730329650.1657224,1.0
1730329650.1699643,1.0
1730329650.174752,1.0
1730329650.1778777,1.0
1730329650.1819804,1.0
1730329650.1858084,1.0
1730329650.1898332,1.0
1730329650.1938777,1.0
1730329650.1979058,1.0
1730329650.2028255,1.0
1730329650.2059667,1.0
1730329650.2099073,1.0
1730329650.2139156,1.0
1730329650.2179377,1.0
1730329650.2219462,1.0
1730329650.2259307,1.0
1730329650.2299228,1.0
1730329650.2339373,1.0
1730329650.23795,1.0
1730329650.241884,1.0
1730329650.245983,1.0
1730329650.2498343,1.0
1730329650.2540517,1.0
1730329650.2578433,1.0
1730329650.2621107,1.0
1730329650.2650645,1.0
1730329650.270042,1.0
1730329650.2738645,1.0
1730329650.2780893,1.0
1730329650.282056,1.0
1730329650.2861283,1.0
1730329650.2901635,1.0
1730329650.2931025,1.0
1730329650.2971065,1.0
1730329650.302111,1.0
1730329650.3061411,1.0
1730329650.3101475,1.0
1730329650.3159716,1.0
1730329650.3191917,1.0
1730329650.3221967,1.0
1730329650.326152,1.0
1730329650.330004,1.0
1730329650.3341565,1.0
1730329650.3381617,1.0
1730329650.3410184,1.0
1730329650.3449984,1.0
1730329650.3489597,1.0
1730329650.3532066,1.0
1730329650.3581524,1.0
1730329650.3622112,1.0
1730329650.366073,1.0
1730329650.3692963,1.0
1730329650.3734372,1.0
1730329650.3772562,1.0
1730329650.3812995,1.0
1730329650.3852687,1.0
1730329650.3902209,1.0
1730329650.3942747,1.0
1730329650.397288,1.0
1730329650.4013247,1.0
1730329650.405336,1.0
1730329650.4092762,1.0
1730329650.41331,1.0
1730329650.418324,1.0
1730329650.4213233,1.0
1730329650.4253,1.0
1730329650.4293025,1.0
1730329650.4331584,1.0
1730329650.437363,1.0
1730329650.44117,1.0
1730329650.4463398,1.0
1730329650.449184,1.0
1730329650.4532526,1.0
1730329650.4571707,1.0
1730329650.4614172,1.0
1730329650.465407,1.0
1730329650.4694123,1.0
1730329650.474194,1.0
1730329650.4772258,1.0
1730329650.4814007,1.0
1730329650.485551,1.0
1730329650.4893055,1.0
1730329650.4936595,1.0
1730329650.497532,1.0
1730329650.5023308,1.0
1730329650.505551,1.0
1730329650.5083313,1.0
1730329650.5135117,1.0
1730329650.517434,1.0
1730329650.5214503,1.0
1730329650.5252872,1.0
1730329650.5304668,1.0
1730329650.5333903,1.0
1730329650.5363889,1.0
1730329650.5413172,1.0
1730329650.5455348,1.0
1730329650.5493412,1.0
1730329650.5533662,1.0
1730329650.55736,1.0
1730329650.5604303,1.0
1730329650.564367,1.0
1730329650.5694797,1.0
1730329650.5733728,1.0
1730329650.5773897,1.0
1730329650.5815425,1.0
1730329650.5855644,1.0
1730329650.5884948,1.0
1730329650.5926216,1.0
1730329650.596594,1.0
1730329650.601498,1.0
1730329650.6056411,1.0
1730329650.609771,1.0
1730329650.6126263,1.0
1730329650.6164038,1.0
1730329650.6206152,1.0
1730329650.6255767,1.0
1730329650.6296449,1.0
1730329650.633546,1.0
1730329650.6375363,1.0
1730329650.640447,1.0
1730329650.644559,1.0
1730329650.6484928,1.0
1730329650.652706,1.0
1730329650.657494,1.0
1730329650.6616929,1.0
1730329650.66449,1.0
1730329650.6687045,1.0
1730329650.672672,1.0
1730329650.6765394,1.0
1730329650.680591,1.0
1730329650.6857104,1.0
1730329650.6897368,1.0
1730329650.6927843,1.0
1730329650.6966665,1.0
1730329650.7007794,1.0
1730329650.7047255,1.0
1730329650.708654,1.0
1730329650.713843,1.0
1730329650.7177994,1.0
1730329650.7208035,1.0
1730329650.7246425,1.0
1730329650.7288089,1.0
1730329650.7326686,1.0
1730329650.7367773,1.0
1730329650.7406807,1.0
1730329650.7458813,1.0
1730329650.748711,1.0
1730329650.752849,1.0
1730329650.7568312,1.0
1730329650.760924,1.0
1730329650.7649417,1.0
1730329650.7689333,1.0
1730329650.7737696,1.0
1730329650.7769845,1.0
1730329650.780937,1.0
1730329650.7858531,1.0
1730329650.7889128,1.0
1730329650.7918944,1.0
1730329650.79678,1.0
1730329650.800877,1.0
1730329650.8049576,1.0
1730329650.8090014,1.0
1730329650.8139913,1.0
1730329650.816814,1.0
1730329650.820078,1.0
1730329650.824806,1.0
1730329650.82904,1.0
1730329650.8328042,1.0
1730329650.836933,1.0
1730329650.8408332,1.0
1730329650.8440037,1.0
1730329650.848014,1.0
1730329650.852925,1.0
1730329650.8569815,1.0
1730329650.8611128,1.0
1730329650.8651402,1.0
1730329650.8688655,1.0
1730329650.8720603,1.0
1730329650.8760257,1.0
1730329650.8810728,1.0
1730329650.8850064,1.0
1730329650.8891091,1.0
1730329650.893109,1.0
1730329650.896035,1.0
1730329650.9000492,1.0
1730329650.9041471,1.0
1730329650.9079614,1.0
1730329650.9131267,1.0
1730329650.9169734,1.0
1730329650.921183,1.0
1730329650.9240308,1.0
1730329650.928226,1.0
1730329650.9320073,1.0
1730329650.9361708,1.0
1730329650.9411016,1.0
1730329650.945233,1.0
1730329650.9490807,1.0
1730329650.952207,1.0
1730329650.956142,1.0
1730329650.9602988,1.0
1730329650.9640894,1.0
1730329650.969283,1.0
1730329650.9733205,1.0
1730329650.9761577,1.0
1730329650.9800951,1.0
1730329650.9842472,1.0
1730329650.9882264,1.0
1730329650.9923267,1.0
1730329650.9972029,1.0
1730329651.0012946,1.0
1730329651.0042648,1.0
1730329651.0081196,1.0
1730329651.0122688,1.0
1730329651.0161269,1.0
1730329651.0203693,1.0
1730329651.0242236,1.0
1730329651.029364,1.0
1730329651.0321465,1.0
1730329651.0365646,1.0
1730329651.040351,1.0
1730329651.0444217,1.0
1730329651.0485227,1.0
1730329651.0529068,1.0
1730329651.0572195,1.0
1730329651.060468,1.0
1730329651.0647812,1.0
1730329651.0689487,1.0
1730329651.0728316,1.0
1730329651.0763726,1.0
1730329651.0808797,1.0
1730329651.0843525,1.0
1730329651.087437,1.0
1730329651.091416,1.0
1730329651.0964828,1.0
1730329651.1004071,1.0
1730329651.1047847,1.0
1730329651.10835,1.0
1730329651.1129348,1.0
1730329651.1152987,1.0
1730329651.119707,1.0
1730329651.124346,1.0
1730329651.1289413,1.0
1730329651.1323388,1.0
1730329651.1365285,1.0
1730329651.140335,1.0
1730329651.1440313,1.0
1730329651.1477585,1.0
1730329651.1526468,1.0
1730329651.1565297,1.0
1730329651.1609287,1.0
1730329651.1650677,1.0
1730329651.1687255,1.0
1730329651.171572,1.0
1730329651.175453,1.0
1730329651.180492,1.0
1730329651.1845057,1.0
1730329651.1885583,1.0
1730329651.1925845,1.0
1730329651.196561,1.0
1730329651.1994252,1.0
1730329651.2035944,1.0
1730329651.2084076,1.0
1730329651.214082,1.0
1730329651.217752,1.0
1730329651.2210906,1.0
1730329651.2236817,1.0
1730329651.227934,1.0
1730329651.2318454,1.0
1730329651.2360709,1.0
1730329651.240559,1.0
1730329651.2448308,1.0
1730329651.2482111,1.0
1730329651.2522392,1.0
1730329651.2557328,1.0
1730329651.259857,1.0
1730329651.2640927,1.0
1730329651.2689228,1.0
1730329651.2734,1.0
1730329651.2756069,1.0
1730329651.2800448,1.0
1730329651.2836056,1.0
1730329651.287997,1.0
1730329651.291641,1.0
1730329651.2966945,1.0
1730329651.300827,1.0
1730329651.3040192,1.0
1730329651.3076072,1.0
1730329651.3118296,1.0
1730329651.3156226,1.0
1730329651.319908,1.0
1730329651.324793,1.0
1730329651.327994,1.0
1730329651.331886,1.0
1730329651.335853,1.0
1730329651.340064,1.0
1730329651.343835,1.0
1730329651.347949,1.0
1730329651.3529544,1.0
1730329651.3560271,1.0
1730329651.358818,1.0
1730329651.3639307,1.0
1730329651.3679674,1.0
1730329651.371958,1.0
1730329651.3757026,1.0
1730329651.3813837,1.0
1730329651.3838017,1.0
1730329651.3867028,1.0
1730329651.39178,1.0
1730329651.396341,1.0
1730329651.399783,1.0
1730329651.404142,1.0
1730329651.4088166,1.0
1730329651.4124408,1.0
1730329651.415022,1.0
1730329651.4200416,1.0
1730329651.4237924,1.0
1730329651.4284492,1.0
1730329651.431962,1.0
1730329651.436122,1.0
1730329651.4400678,1.0
1730329651.443096,1.0
1730329651.4469864,1.0
1730329651.452499,1.0
1730329651.456044,1.0
1730329651.4605007,1.0
1730329651.4645028,1.0
1730329651.466836,1.0
1730329651.471459,1.0
1730329651.4748409,1.0
1730329651.4805832,1.0
1730329651.484067,1.0
1730329651.4879715,1.0
1730329651.4908953,1.0
1730329651.494999,1.0
1730329651.4988468,1.0
1730329651.5031009,1.0
1730329651.5078847,1.0
1730329651.5121028,1.0
1730329651.5158973,1.0
1730329651.5190437,1.0
1730329651.5230458,1.0
1730329651.5270507,1.0
1730329651.531091,1.0
1730329651.5359373,1.0
1730329651.539989,1.0
1730329651.5441394,1.0
1730329651.5471911,1.0
1730329651.5511384,1.0
1730329651.5551348,1.0
1730329651.5591438,1.0
1730329651.5641792,1.0
1730329651.568124,1.0
1730329651.5711238,1.0
1730329651.5750768,1.0
1730329651.5795224,1.0
1730329651.583081,1.0
1730329651.587174,1.0
1730329651.591041,1.0
1730329651.5961957,1.0
1730329651.5990472,1.0
1730329651.6032066,1.0
1730329651.6069496,1.0
1730329651.6112125,1.0
1730329651.6151044,1.0
1730329651.6192997,1.0
1730329651.6240468,1.0
1730329651.6271548,1.0
1730329651.6310644,1.0
1730329651.63531,1.0
1730329651.6395404,1.0
1730329651.6434722,1.0
1730329651.6472895,1.0
1730329651.652778,1.0
1730329651.6553285,1.0
1730329651.659371,1.0
1730329651.663199,1.0
1730329651.6672902,1.0
1730329651.6714177,1.0
1730329651.6751285,1.0
1730329651.680545,1.0
1730329651.683164,1.0
1730329651.68733,1.0
1730329651.6912637,1.0
1730329651.6953793,1.0
1730329651.6992445,1.0
1730329651.7033143,1.0
1730329651.7072077,1.0
1730329651.7104893,1.0
1730329651.7144835,1.0
1730329651.7194967,1.0
1730329651.723585,1.0
1730329651.7274375,1.0
1730329651.7316928,1.0
1730329651.7354689,1.0
1730329651.7388608,1.0
1730329651.7423732,1.0
1730329651.7475836,1.0
1730329651.7515872,1.0
1730329651.75553,1.0
1730329651.7595584,1.0
1730329651.763841,1.0
1730329651.7663276,1.0
1730329651.7706957,1.0
1730329651.7753086,1.0
1730329651.7799108,1.0
1730329651.7833805,1.0
1730329651.7878163,1.0
1730329651.7913225,1.0
1730329651.7946117,1.0
1730329651.798494,1.0
1730329651.8026476,1.0
1730329651.8073163,1.0
1730329651.811843,1.0
1730329651.8146567,1.0
1730329651.8188648,1.0
1730329651.8228843,1.0
1730329651.8265,1.0
1730329651.830896,1.0
1730329651.835579,1.0
1730329651.8395412,1.0
1730329651.842569,1.0
1730329651.846552,1.0
1730329651.8505018,1.0
1730329651.854682,1.0
1730329651.8585773,1.0
1730329651.8641157,1.0
1730329651.867594,1.0
1730329651.8705864,1.0
1730329651.874532,1.0
1730329651.8789744,1.0
1730329651.8824909,1.0
1730329651.886696,1.0
1730329651.891554,1.0
1730329651.8956847,1.0
1730329651.8985603,1.0
1730329651.9027972,1.0
1730329651.9064517,1.0
1730329651.9107249,1.0
1730329651.9149003,1.0
1730329651.919735,1.0
1730329651.9227183,1.0
1730329651.925612,1.0
1730329651.930741,1.0
1730329651.9347684,1.0
1730329651.9387684,1.0
1730329651.9426768,1.0
1730329651.9477656,1.0
1730329651.950513,1.0
1730329651.9538076,1.0
1730329651.9586165,1.0
1730329651.9626982,1.0
1730329651.9667132,1.0
1730329651.9707656,1.0
1730329651.9745598,1.0
1730329651.97882,1.0
1730329651.9815876,1.0
1730329651.9866529,1.0
1730329651.9905725,1.0
1730329651.995199,1.0
1730329651.998762,1.0
1730329652.002825,1.0
1730329652.006614,1.0
1730329652.009894,1.0
1730329652.0139074,1.0
1730329652.0188763,1.0
1730329652.0229635,1.0
1730329652.0268316,1.0
1730329652.0309403,1.0
1730329652.0348375,1.0
1730329652.0378692,1.0
1730329652.041818,1.0
1730329652.0467927,1.0
1730329652.0509818,1.0
1730329652.0550249,1.0
1730329652.057711,1.0
1730329652.0619335,1.0
1730329652.0659368,1.0
1730329652.070263,1.0
1730329652.074947,1.0
1730329652.0788188,1.0
1730329652.083018,1.0
1730329652.0861747,1.0
1730329652.090166,1.0
1730329652.0941093,1.0
1730329652.098246,1.0
1730329652.1020997,1.0
1730329652.106805,1.0
1730329652.110895,1.0
1730329652.1140194,1.0
1730329652.117936,1.0
1730329652.122386,1.0
1730329652.126063,1.0
1730329652.1311235,1.0
1730329652.135138,1.0
1730329652.139213,1.0
1730329652.1419027,1.0
1730329652.1463456,1.0
1730329652.1499016,1.0
1730329652.154428,1.0
1730329652.1579492,1.0
1730329652.1634774,1.0
1730329652.1659164,1.0
1730329652.1701517,1.0
1730329652.1738896,1.0
1730329652.178566,1.0
1730329652.181857,1.0
1730329652.1860633,1.0
1730329652.19091,1.0
1730329652.1940868,1.0
1730329652.1980183,1.0
1730329652.2020352,1.0
1730329652.2060134,1.0
1730329652.2101097,1.0
1730329652.214108,1.0
1730329652.219169,1.0
1730329652.222149,1.0
1730329652.2260828,1.0
1730329652.230115,1.0
1730329652.2341547,1.0
1730329652.2382865,1.0
1730329652.2422333,1.0
1730329652.2471435,1.0
1730329652.2501287,1.0
1730329652.2532847,1.0
1730329652.258036,1.0
1730329652.2622137,1.0
1730329652.2660663,1.0
1730329652.2705126,1.0
1730329652.2740996,1.0
1730329652.2771533,1.0
1730329652.281536,1.0
1730329652.2864952,1.0
1730329652.2902596,1.0
1730329652.2944393,1.0
1730329652.2985091,1.0
1730329652.3022995,1.0
1730329652.3053052,1.0
1730329652.3094096,1.0
1730329652.3142135,1.0
1730329652.31861,1.0
1730329652.322103,1.0
1730329652.3262632,1.0
1730329652.329594,1.0
1730329652.3331697,1.0
1730329652.3371856,1.0
1730329652.3422787,1.0
1730329652.346593,1.0
1730329652.3502114,1.0
1730329652.354205,1.0
1730329652.357152,1.0
1730329652.3614335,1.0
1730329652.3651705,1.0
1730329652.36946,1.0
1730329652.3741903,1.0
1730329652.3788016,1.0
1730329652.381496,1.0
1730329652.385276,1.0
1730329652.3894424,1.0
1730329652.3938172,1.0
1730329652.397498,1.0
1730329652.4024916,1.0
1730329652.4065225,1.0
1730329652.4092982,1.0
1730329652.4136837,1.0
1730329652.417386,1.0
1730329652.4217455,1.0
1730329652.425392,1.0
1730329652.4308631,1.0
1730329652.4346094,1.0
1730329652.4375117,1.0
1730329652.4414086,1.0
1730329652.4455004,1.0
1730329652.449262,1.0
1730329652.453842,1.0
1730329652.4583995,1.0
1730329652.4626083,1.0
1730329652.4652956,1.0
1730329652.4695935,1.0
1730329652.4733567,1.0
1730329652.4777532,1.0
1730329652.4816775,1.0
1730329652.4865007,1.0
1730329652.4903803,1.0
1730329652.493932,1.0
1730329652.4975405,1.0
1730329652.501931,1.0
1730329652.5055735,1.0
1730329652.5101397,1.0
1730329652.5149455,1.0
1730329652.517667,1.0
1730329652.5219176,1.0
1730329652.525474,1.0
1730329652.5295863,1.0
1730329652.5335042,1.0
1730329652.5375316,1.0
1730329652.5413945,1.0
1730329652.5454752,1.0
1730329652.5483963,1.0
1730329652.5537157,1.0
1730329652.5574083,1.0
1730329652.562082,1.0
1730329652.5655067,1.0
1730329652.570837,1.0
1730329652.5734563,1.0
1730329652.5766928,1.0
1730329652.581667,1.0
1730329652.5858822,1.0
1730329652.5897307,1.0
1730329652.593516,1.0
1730329652.5985224,1.0
1730329652.6019597,1.0
1730329652.60475,1.0
1730329652.6098187,1.0
1730329652.6140668,1.0
1730329652.6179135,1.0
1730329652.622121,1.0
1730329652.624642,1.0
1730329652.628792,1.0
1730329652.632661,1.0
1730329652.63679,1.0
1730329652.6416233,1.0
1730329652.6458285,1.0
1730329652.649582,1.0
1730329652.6531549,1.0
1730329652.6565871,1.0
1730329652.6611648,1.0
1730329652.6649885,1.0
1730329652.6701388,1.0
1730329652.673583,1.0
1730329652.678276,1.0
1730329652.6813536,1.0
1730329652.6853044,1.0
1730329652.6889708,1.0
1730329652.6927629,1.0
1730329652.6978514,1.0
1730329652.7018628,1.0
1730329652.705656,1.0
1730329652.7088034,1.0
1730329652.7127776,1.0
1730329652.716774,1.0
1730329652.7209036,1.0
1730329652.724656,1.0
1730329652.730188,1.0
1730329652.7327332,1.0
1730329652.7368596,1.0
1730329652.740755,1.0
1730329652.7451658,1.0
1730329652.74887,1.0
1730329652.7533395,1.0
1730329652.7578292,1.0
1730329652.7613013,1.0
1730329652.7648787,1.0
1730329652.7691152,1.0
1730329652.773218,1.0
1730329652.7769563,1.0
1730329652.781371,1.0
1730329652.786024,1.0
1730329652.7892244,1.0
1730329652.7919805,1.0
1730329652.7969756,1.0
1730329652.800974,1.0
1730329652.8053937,1.0
1730329652.809152,1.0
1730329652.814384,1.0
1730329652.816829,1.0
1730329652.821412,1.0
1730329652.8248584,1.0
1730329652.829415,1.0
1730329652.8328967,1.0
1730329652.83703,1.0
1730329652.8420272,1.0
1730329652.8453212,1.0
1730329652.8482108,1.0
1730329652.8535256,1.0
1730329652.8568811,1.0
1730329652.8614595,1.0
1730329652.8648589,1.0
1730329652.8703852,1.0
1730329652.873129,1.0
1730329652.8770676,1.0
1730329652.8813608,1.0
1730329652.8851807,1.0
1730329652.8891509,1.0
1730329652.8935356,1.0
1730329652.897051,1.0
1730329652.9000528,1.0
1730329652.9044254,1.0
1730329652.9092717,1.0
1730329652.9136052,1.0
1730329652.9170213,1.0
1730329652.921524,1.0
1730329652.9251497,1.0
1730329652.928024,1.0
1730329652.9319944,1.0
1730329652.9362197,1.0
1730329652.941002,1.0
1730329652.945348,1.0
1730329652.949094,1.0
1730329652.953467,1.0
1730329652.956349,1.0
1730329652.9601495,1.0
1730329652.9650104,1.0
1730329652.9693415,1.0
1730329652.973187,1.0
1730329652.976096,1.0
1730329652.9803388,1.0
1730329652.9847958,1.0
1730329652.9888308,1.0
1730329652.992208,1.0
1730329652.9971192,1.0
1730329653.0016744,1.0
1730329653.0044253,1.0
1730329653.0081124,1.0
1730329653.0123973,1.0
1730329653.0160794,1.0
1730329653.0203507,1.0
1730329653.025345,1.0
1730329653.0297563,1.0
1730329653.0321362,1.0
1730329653.036338,1.0
1730329653.040124,1.0
1730329653.044477,1.0
1730329653.0482085,1.0
1730329653.053648,1.0
1730329653.0571957,1.0
1730329653.0603817,1.0
1730329653.0644088,1.0
1730329653.0687785,1.0
1730329653.0723317,1.0
1730329653.0763276,1.0
1730329653.0807548,1.0
1730329653.085528,1.0
1730329653.088954,1.0
1730329653.0924852,1.0
1730329653.0965412,1.0
1730329653.1003325,1.0
1730329653.104484,1.0
1730329653.1085124,1.0
1730329653.112538,1.0
1730329653.1152575,1.0
1730329653.1209478,1.0
1730329653.1242633,1.0
1730329653.1285028,1.0
1730329653.132344,1.0
1730329653.1364117,1.0
1730329653.1402843,1.0
1730329653.1438577,1.0
1730329653.1478477,1.0
1730329653.15273,1.0
1730329653.1563225,1.0
1730329653.1609378,1.0
1730329653.1646342,1.0
1730329653.1688948,1.0
1730329653.1718464,1.0
1730329653.176556,1.0
1730329653.1808336,1.0
1730329653.184992,1.0
1730329653.1886084,1.0
1730329653.192592,1.0
1730329653.196408,1.0
1730329653.199362,1.0
1730329653.2035663,1.0
1730329653.208419,1.0
1730329653.212536,1.0
1730329653.2164483,1.0
1730329653.2196083,1.0
1730329653.2234187,1.0
1730329653.2275577,1.0
1730329653.2313547,1.0
1730329653.2365253,1.0
1730329653.2404325,1.0
1730329653.244603,1.0
1730329653.2475004,1.0
1730329653.2515996,1.0
1730329653.2555697,1.0
1730329653.2595646,1.0
1730329653.2644925,1.0
1730329653.2686267,1.0
1730329653.272812,1.0
1730329653.275554,1.0
1730329653.2797067,1.0
1730329653.283629,1.0
1730329653.2877357,1.0
1730329653.2916193,1.0
1730329653.2967389,1.0
1730329653.3007655,1.0
1730329653.303795,1.0
1730329653.3075347,1.0
1730329653.312312,1.0
1730329653.315578,1.0
1730329653.3196883,1.0
1730329653.3246396,1.0
1730329653.3283443,1.0
1730329653.331601,1.0
1730329653.33586,1.0
1730329653.3397515,1.0
1730329653.3439243,1.0
1730329653.347994,1.0
1730329653.3529344,1.0
1730329653.3562331,1.0
1730329653.3601596,1.0
1730329653.3639617,1.0
1730329653.3678534,1.0
1730329653.3716764,1.0
1730329653.375825,1.0
1730329653.3807888,1.0
1730329653.383983,1.0
1730329653.388066,1.0
1730329653.3918104,1.0
1730329653.3962317,1.0
1730329653.3998115,1.0
1730329653.4043224,1.0
1730329653.4090636,1.0
1730329653.412009,1.0
1730329653.414807,1.0
1730329653.4201465,1.0
1730329653.4238443,1.0
1730329653.4282646,1.0
1730329653.4319177,1.0
1730329653.4364488,1.0
1730329653.4399018,1.0
1730329653.443478,1.0
1730329653.4481628,1.0
1730329653.4523363,1.0
1730329653.4561832,1.0
1730329653.460414,1.0
1730329653.4645417,1.0
1730329653.466946,1.0
1730329653.471265,1.0
1730329653.4758627,1.0
1730329653.480302,1.0
1730329653.4841251,1.0
1730329653.4881096,1.0
1730329653.4908843,1.0
1730329653.4951987,1.0
1730329653.4989145,1.0
1730329653.5043988,1.0
1730329653.5078354,1.0
1730329653.5121808,1.0
1730329653.5159912,1.0
1730329653.5192077,1.0
1730329653.5230627,1.0
1730329653.5270164,1.0
1730329653.531088,1.0
1730329653.5365603,1.0
1730329653.5399034,1.0
1730329653.5439515,1.0
1730329653.5469544,1.0
1730329653.551519,1.0
1730329653.5552547,1.0
1730329653.559134,1.0
1730329653.5641448,1.0
1730329653.5680876,1.0
1730329653.5710216,1.0
1730329653.575039,1.0
1730329653.5790794,1.0
1730329653.583077,1.0
1730329653.5869095,1.0
1730329653.5925684,1.0
1730329653.596399,1.0
1730329653.5990057,1.0
1730329653.602948,1.0
1730329653.607028,1.0
1730329653.6114905,1.0
1730329653.6150472,1.0
1730329653.620359,1.0
1730329653.624051,1.0
1730329653.6272004,1.0
1730329653.6313505,1.0
1730329653.6352167,1.0
1730329653.6394553,1.0
1730329653.6434655,1.0
1730329653.6472056,1.0
1730329653.6524825,1.0
1730329653.6554756,1.0
1730329653.6594288,1.0
1730329653.6636546,1.0
1730329653.6672895,1.0
1730329653.671448,1.0
1730329653.6753628,1.0
1730329653.6803691,1.0
1730329653.6831417,1.0
1730329653.6873062,1.0
1730329653.6911387,1.0
1730329653.6954317,1.0
1730329653.699144,1.0
1730329653.7034776,1.0
1730329653.7081456,1.0
1730329653.7114656,1.0
1730329653.7152236,1.0
1730329653.719407,1.0
1730329653.7231867,1.0
1730329653.7274835,1.0
1730329653.7313223,1.0
1730329653.735453,1.0
1730329653.7388272,1.0
1730329653.7434287,1.0
1730329653.7474625,1.0
1730329653.7519832,1.0
1730329653.7557125,1.0
1730329653.7599225,1.0
1730329653.763527,1.0
1730329653.7663205,1.0
1730329653.7708757,1.0
1730329653.7755167,1.0
1730329653.7798572,1.0
1730329653.7833445,1.0
1730329653.7875998,1.0
1730329653.7915103,1.0
1730329653.7948532,1.0
1730329653.7993555,1.0
1730329653.803696,1.0
1730329653.80731,1.0
1730329653.8116531,1.0
1730329653.814643,1.0
1730329653.8189254,1.0
1730329653.8225448,1.0
1730329653.8264978,1.0
1730329653.8313098,1.0
1730329653.8355107,1.0
1730329653.8396466,1.0
1730329653.8430183,1.0
1730329653.8465056,1.0
1730329653.850613,1.0
1730329653.8545809,1.0
1730329653.8597996,1.0
1730329653.863964,1.0
1730329653.867708,1.0
1730329653.8708742,1.0
1730329653.874528,1.0
1730329653.8786254,1.0
1730329653.8824055,1.0
1730329653.8865762,1.0
1730329653.891471,1.0
1730329653.8955228,1.0
1730329653.898435,1.0
1730329653.9030335,1.0
1730329653.9064162,1.0
1730329653.9107325,1.0
1730329653.914569,1.0
1730329653.920028,1.0
1730329653.9234796,1.0
1730329653.9266443,1.0
1730329653.9310193,1.0
1730329653.9351027,1.0
1730329653.9387476,1.0
1730329653.9432268,1.0
1730329653.9477355,1.0
1730329653.9509127,1.0
1730329653.9548285,1.0
1730329653.9586413,1.0
1730329653.9628956,1.0
1730329653.966506,1.0
1730329653.9710116,1.0
1730329653.9758368,1.0
1730329653.9787896,1.0
1730329653.9815724,1.0
1730329653.986745,1.0
1730329653.990712,1.0
1730329653.994994,1.0
1730329653.9986236,1.0
1730329654.003837,1.0
1730329654.0065713,1.0
1730329654.011006,1.0
1730329654.014625,1.0
1730329654.0188797,1.0
1730329654.0229194,1.0
1730329654.0266263,1.0
1730329654.031661,1.0
1730329654.0348458,1.0
1730329654.0383773,1.0
1730329654.0427794,1.0
1730329654.0468276,1.0
1730329654.05141,1.0
1730329654.05513,1.0
1730329654.058825,1.0
1730329654.0618927,1.0
1730329654.065818,1.0
1730329654.0712073,1.0
1730329654.0747523,1.0
1730329654.079178,1.0
1730329654.0827725,1.0
1730329654.085986,1.0
1730329654.089716,1.0
1730329654.0940075,1.0
1730329654.098775,1.0
1730329654.1032567,1.0
1730329654.1067157,1.0
1730329654.1109369,1.0
1730329654.1147523,1.0
1730329654.1182656,1.0
1730329654.122332,1.0
1730329654.1265516,1.0
1730329654.1311169,1.0
1730329654.1350665,1.0
1730329654.1390605,1.0
1730329654.1425724,1.0
1730329654.146417,1.0
1730329654.150032,1.0
1730329654.1543064,1.0
1730329654.1591685,1.0
1730329654.1633997,1.0
1730329654.165826,1.0
1730329654.1703887,1.0
1730329654.1739411,1.0
1730329654.1781611,1.0
1730329654.181947,1.0
1730329654.1870084,1.0
1730329654.1908128,1.0
1730329654.19446,1.0
1730329654.19794,1.0
1730329654.202157,1.0
1730329654.2060344,1.0
1730329654.2100043,1.0
1730329654.2148428,1.0
1730329654.2189815,1.0
1730329654.2219136,1.0
1730329654.2260704,1.0
1730329654.2300484,1.0
1730329654.234038,1.0
1730329654.2380211,1.0
1730329654.243154,1.0
1730329654.2470791,1.0
1730329654.2501194,1.0
1730329654.2541268,1.0
1730329654.2580135,1.0
1730329654.2621543,1.0
1730329654.2660625,1.0
1730329654.2701373,1.0
1730329654.2750907,1.0
1730329654.278123,1.0
1730329654.281926,1.0
1730329654.2860775,1.0
1730329654.2900245,1.0
1730329654.2941456,1.0
1730329654.2980237,1.0
1730329654.3021705,1.0
1730329654.3052204,1.0
1730329654.3101711,1.0
1730329654.3141875,1.0
1730329654.3182108,1.0
1730329654.3222525,1.0
1730329654.3262093,1.0
1730329654.3302855,1.0
1730329654.3331225,1.0
1730329654.3372638,1.0
1730329654.342263,1.0
1730329654.3461049,1.0
1730329654.3503296,1.0
1730329654.3543549,1.0
1730329654.3582227,1.0
1730329654.3612638,1.0
1730329654.3651,1.0
1730329654.3703363,1.0
1730329654.3741567,1.0
1730329654.3783658,1.0
1730329654.3821733,1.0
1730329654.3863409,1.0
1730329654.3893578,1.0
1730329654.3932996,1.0
1730329654.3981838,1.0
1730329654.4023285,1.0
1730329654.406143,1.0
1730329654.409347,1.0
1730329654.4133756,1.0
1730329654.417352,1.0
1730329654.421354,1.0
1730329654.4263773,1.0
1730329654.4304335,1.0
1730329654.4343996,1.0
1730329654.43737,1.0
1730329654.4413695,1.0
1730329654.4453833,1.0
1730329654.4492683,1.0
1730329654.4534082,1.0
1730329654.4584625,1.0
1730329654.462458,1.0
1730329654.4653633,1.0
1730329654.4694796,1.0
1730329654.4733355,1.0
1730329654.4774566,1.0
1730329654.4812918,1.0
1730329654.486334,1.0
1730329654.4903898,1.0
1730329654.493506,1.0
1730329654.49751,1.0
1730329654.501562,1.0
1730329654.5056372,1.0
1730329654.5095751,1.0
1730329654.5143878,1.0
1730329654.518545,1.0
1730329654.5215943,1.0
1730329654.5255833,1.0
1730329654.5295815,1.0
1730329654.5336215,1.0
1730329654.5376167,1.0
1730329654.542631,1.0
1730329654.5456157,1.0
1730329654.5483508,1.0
1730329654.5536797,1.0
1730329654.5574512,1.0
1730329654.561638,1.0
1730329654.5654109,1.0
1730329654.5706482,1.0
1730329654.5735276,1.0
1730329654.5775774,1.0
1730329654.5814395,1.0
1730329654.5856168,1.0
1730329654.589429,1.0
1730329654.593619,1.0
1730329654.5974708,1.0
1730329654.6017065,1.0
1730329654.6047003,1.0
1730329654.609692,1.0
1730329654.613649,1.0
1730329654.6177683,1.0
1730329654.6216648,1.0
1730329654.6257372,1.0
1730329654.6296628,1.0
1730329654.6326208,1.0
1730329654.6377692,1.0
1730329654.6417558,1.0
1730329654.6455529,1.0
1730329654.649776,1.0
1730329654.6527617,1.0
1730329654.6565115,1.0
1730329654.6607175,1.0
1730329654.6645808,1.0
1730329654.669832,1.0
1730329654.673592,1.0
1730329654.6777716,1.0
1730329654.68157,1.0
1730329654.684832,1.0
1730329654.688861,1.0
1730329654.692856,1.0
1730329654.697607,1.0
1730329654.7018552,1.0
1730329654.7058797,1.0
1730329654.7089016,1.0
1730329654.712904,1.0
1730329654.716836,1.0
1730329654.7208564,1.0
1730329654.725937,1.0
1730329654.730812,1.0
1730329654.7338886,1.0
1730329654.736834,1.0
1730329654.7419531,1.0
1730329654.7459464,1.0
1730329654.7488265,1.0
1730329654.7531192,1.0
1730329654.7567902,1.0
1730329654.761364,1.0
1730329654.7648902,1.0
1730329654.7703283,1.0
1730329654.7738297,1.0
1730329654.7768788,1.0
1730329654.7809854,1.0
1730329654.785202,1.0
1730329654.789111,1.0
1730329654.793366,1.0
1730329654.7978942,1.0
1730329654.8021307,1.0
1730329654.8052957,1.0
1730329654.8095393,1.0
1730329654.8132846,1.0
1730329654.8169892,1.0
1730329654.8213928,1.0
1730329654.825993,1.0
1730329654.8292828,1.0
1730329654.8319843,1.0
1730329654.836934,1.0
1730329654.841041,1.0
1730329654.845347,1.0
1730329654.8489444,1.0
1730329654.8544345,1.0
1730329654.856933,1.0
1730329654.8601637,1.0
1730329654.864997,1.0
1730329654.8692229,1.0
1730329654.875046,1.0
1730329654.8779843,1.0
1730329654.881987,1.0
1730329654.8852584,1.0
1730329654.8886068,1.0
1730329654.893014,1.0
1730329654.8971305,1.0
1730329654.901092,1.0
1730329654.9051757,1.0
1730329654.9100473,1.0
1730329654.9130592,1.0
1730329654.9160416,1.0
1730329654.9212563,1.0
1730329654.924996,1.0
1730329654.9291472,1.0
1730329654.9331026,1.0
1730329654.93828,1.0
1730329654.9412527,1.0
1730329654.9440825,1.0
1730329654.9490707,1.0
1730329654.9531577,1.0
1730329654.956998,1.0
1730329654.9611835,1.0
1730329654.9641976,1.0
1730329654.9682324,1.0
1730329654.972257,1.0
1730329654.9762225,1.0
1730329654.981006,1.0
1730329654.9851422,1.0
1730329654.9890769,1.0
1730329654.9922435,1.0
1730329654.996232,1.0
1730329655.0002787,1.0
1730329655.0041585,1.0
1730329655.0092778,1.0
1730329655.0132196,1.0
1730329655.0172908,1.0
1730329655.0202072,1.0
1730329655.0241628,1.0
1730329655.0282836,1.0
1730329655.0321803,1.0
1730329655.0374053,1.0
1730329655.0414424,1.0
1730329655.0453317,1.0
1730329655.0481772,1.0
1730329655.052364,1.0
1730329655.056172,1.0
1730329655.0603063,1.0
1730329655.0641415,1.0
1730329655.069507,1.0
1730329655.0723417,1.0
1730329655.0763245,1.0
1730329655.080608,1.0
1730329655.08441,1.0
1730329655.08838,1.0
1730329655.0935082,1.0
1730329655.097547,1.0
1730329660.1108704,1.0
1730329660.115086,1.0
1730329660.1191752,1.0
1730329660.124982,1.0
1730329660.1279964,1.0
1730329660.1307957,1.0
1730329660.135766,1.0
1730329660.1389298,1.0
1730329660.1427968,1.0
1730329660.1468644,1.0
1730329660.150991,1.0
1730329660.156001,1.0
1730329660.15932,1.0
1730329660.162079,1.0
1730329660.1668437,1.0
1730329660.170972,1.0
1730329660.175081,1.0
1730329660.1790588,1.0
1730329660.183102,1.0
1730329660.1860332,1.0
1730329660.1900728,1.0
1730329660.1941147,1.0
1730329660.1991155,1.0
1730329660.2031646,1.0
1730329660.2071197,1.0
1730329660.2101362,1.0
1730329660.2139533,1.0
1730329660.218152,1.0
1730329660.2219465,1.0
1730329660.227148,1.0
1730329660.231079,1.0
1730329660.2351792,1.0
1730329660.2379713,1.0
1730329660.242139,1.0
1730329660.246031,1.0
1730329660.2502077,1.0
1730329660.2550528,1.0
1730329660.2592037,1.0
1730329660.2629914,1.0
1730329660.2660267,1.0
1730329660.2702303,1.0
1730329660.2742004,1.0
1730329660.2780025,1.0
1730329660.2832613,1.0
1730329660.2872436,1.0
1730329660.2902472,1.0
1730329660.2942302,1.0
1730329660.298282,1.0
1730329660.3020556,1.0
1730329660.3062663,1.0
1730329660.3112743,1.0
1730329660.3152816,1.0
1730329660.3182828,1.0
1730329660.3221157,1.0
1730329660.3263345,1.0
1730329660.3301768,1.0
1730329660.3343382,1.0
1730329660.338124,1.0
1730329660.3433497,1.0
1730329660.3460934,1.0
1730329660.3502057,1.0
1730329660.3541117,1.0
1730329660.3582556,1.0
1730329660.3621955,1.0
1730329660.366406,1.0
1730329660.3711522,1.0
1730329660.3744116,1.0
1730329660.378399,1.0
1730329660.382403,1.0
1730329660.38624,1.0
1730329660.3902907,1.0
1730329660.394436,1.0
1730329660.399412,1.0
1730329660.4023883,1.0
1730329660.4064028,1.0
1730329660.4103515,1.0
1730329660.4143562,1.0
1730329660.4183202,1.0
1730329660.4233508,1.0
1730329660.4263308,1.0
1730329660.429261,1.0
1730329660.4345083,1.0
1730329660.4382524,1.0
1730329660.4424553,1.0
1730329660.448531,1.0
1730329660.4514325,1.0
1730329660.4542596,1.0
1730329660.4584908,1.0
1730329660.4612925,1.0
1730329660.4663043,1.0
1730329660.4713457,1.0
1730329660.4755766,1.0
1730329660.4784093,1.0
1730329660.4825342,1.0
1730329660.4854276,1.0
1730329660.4894376,1.0
1730329660.4944549,1.0
1730329660.4984982,1.0
1730329660.5025928,1.0
1730329660.5064285,1.0
1730329660.510456,1.0
1730329660.513408,1.0
1730329660.51758,1.0
1730329660.5225227,1.0
1730329660.5264735,1.0
1730329660.5305362,1.0
1730329660.5336432,1.0
1730329660.5374904,1.0
1730329660.5416007,1.0
1730329660.545656,1.0
1730329660.5506947,1.0
1730329660.5544667,1.0
1730329660.5587404,1.0
1730329660.5616324,1.0
1730329660.5658565,1.0
1730329660.5696237,1.0
1730329660.5737104,1.0
1730329660.578725,1.0
1730329660.5827258,1.0
1730329660.586701,1.0
1730329660.5898116,1.0
1730329660.5938492,1.0
1730329660.5979068,1.0
1730329660.6019216,1.0
1730329660.6055608,1.0
1730329660.6108353,1.0
1730329660.6147325,1.0
1730329660.617943,1.0
1730329660.6216965,1.0
1730329660.6257467,1.0
1730329660.6295946,1.0
1730329660.633853,1.0
1730329660.6378963,1.0
1730329660.6430044,1.0
1730329660.6459427,1.0
1730329660.650009,1.0
1730329660.6539545,1.0
1730329660.6578188,1.0
1730329660.6618855,1.0
1730329660.666872,1.0
1730329660.6698508,1.0
1730329660.6727886,1.0
1730329660.677851,1.0
1730329660.6817565,1.0
1730329660.6856952,1.0
1730329660.6904624,1.0
1730329660.6940553,1.0
1730329660.6978269,1.0
1730329660.7006972,1.0
1730329660.7058604,1.0
1730329660.7098916,1.0
1730329660.7138436,1.0
1730329660.718018,1.0
1730329660.721754,1.0
1730329660.7260466,1.0
1730329660.728932,1.0
1730329660.7339857,1.0
1730329660.7377317,1.0
1730329660.742004,1.0
1730329660.745747,1.0
1730329660.7499886,1.0
1730329660.7539463,1.0
1730329660.7569892,1.0
1730329660.7609687,1.0
1730329660.7659712,1.0
1730329660.7699916,1.0
1730329660.7740033,1.0
1730329660.7780066,1.0
1730329660.7820275,1.0
1730329660.7850149,1.0
1730329660.7900195,1.0
1730329660.79406,1.0
1730329660.7979496,1.0
1730329660.8019245,1.0
1730329660.8048584,1.0
1730329660.8090842,1.0
1730329660.812894,1.0
1730329660.81704,1.0
1730329660.8219583,1.0
1730329660.82606,1.0
1730329660.829909,1.0
1730329660.8331184,1.0
1730329660.8372307,1.0
1730329660.8411405,1.0
1730329660.8451595,1.0
1730329660.8501484,1.0
1730329660.85403,1.0
1730329660.8581228,1.0
1730329660.861065,1.0
1730329660.8651657,1.0
1730329660.8691564,1.0
1730329660.873176,1.0
1730329660.8781376,1.0
1730329660.8820224,1.0
1730329660.8851311,1.0
1730329660.8890865,1.0
1730329660.893044,1.0
1730329660.897125,1.0
1730329660.9011753,1.0
1730329660.905002,1.0
1730329660.910256,1.0
1730329660.9130447,1.0
1730329660.9171588,1.0
1730329660.9210684,1.0
1730329660.925099,1.0
1730329660.9291065,1.0
1730329660.9332752,1.0
1730329660.9381795,1.0
1730329660.9412117,1.0
1730329660.9452047,1.0
1730329660.9492767,1.0
1730329660.953107,1.0
1730329660.957275,1.0
1730329660.9611993,1.0
1730329660.9663813,1.0
1730329660.9693525,1.0
1730329660.9732196,1.0
1730329660.9772508,1.0
1730329660.9813015,1.0
1730329660.9852967,1.0
1730329660.9892995,1.0
1730329660.994375,1.0
1730329660.997274,1.0
1730329661.0002184,1.0
1730329661.0051825,1.0
1730329661.009199,1.0
1730329661.013229,1.0
1730329661.017344,1.0
1730329661.0212903,1.0
1730329661.024842,1.0
1730329661.0289223,1.0
1730329661.0335443,1.0
1730329661.0374916,1.0
1730329661.0418797,1.0
1730329661.0455823,1.0
1730329661.0485976,1.0
1730329661.0529764,1.0
1730329661.056408,1.0
1730329661.0604336,1.0
1730329661.0655315,1.0
1730329661.0692985,1.0
1730329661.0734055,1.0
1730329661.0768223,1.0
1730329661.080318,1.0
1730329661.0847332,1.0
1730329661.08935,1.0
1730329661.0939558,1.0
1730329661.0975268,1.0
1730329661.1018307,1.0
1730329661.104355,1.0
1730329661.1087165,1.0
1730329661.1123843,1.0
1730329661.116762,1.0
1730329661.1214235,1.0
1730329661.125972,1.0
1730329661.1288476,1.0
1730329661.1327672,1.0
1730329661.1371243,1.0
1730329661.1405976,1.0
1730329661.144714,1.0
1730329661.149646,1.0
1730329661.1539288,1.0
1730329661.1566732,1.0
1730329661.16053,1.0
1730329661.164717,1.0
1730329661.1689105,1.0
1730329661.1724932,1.0
1730329661.1780212,1.0
1730329661.1817696,1.0
1730329661.1849344,1.0
1730329661.1885428,1.0
1730329661.1928067,1.0
1730329661.1965475,1.0
1730329661.2006896,1.0
1730329661.204509,1.0
1730329661.2099104,1.0
1730329661.2125857,1.0
1730329661.2168455,1.0
1730329661.2205706,1.0
1730329661.225066,1.0
1730329661.228767,1.0
1730329661.2341547,1.0
1730329661.2376015,1.0
1730329661.2407167,1.0
1730329661.2445807,1.0
1730329661.248794,1.0
1730329661.2527945,1.0
1730329661.2567444,1.0
1730329661.2616737,1.0
1730329661.2647555,1.0
1730329661.2677712,1.0
1730329661.2727537,1.0
1730329661.276796,1.0
1730329661.2807934,1.0
1730329661.2852433,1.0
1730329661.288839,1.0
1730329661.2928252,1.0
1730329661.2956457,1.0
1730329661.300774,1.0
1730329661.3046737,1.0
1730329661.308964,1.0
1730329661.3127449,1.0
1730329661.317074,1.0
1730329661.3206413,1.0
1730329661.324469,1.0
1730329661.3277457,1.0
1730329661.3334615,1.0
1730329661.337186,1.0
1730329661.34082,1.0
1730329661.345291,1.0
1730329661.349358,1.0
1730329661.3521037,1.0
1730329661.3557248,1.0
1730329661.3609817,1.0
1730329661.36651,1.0
1730329661.3705556,1.0
1730329661.3730156,1.0
1730329661.3762004,1.0
1730329661.3798945,1.0
1730329661.384454,1.0
1730329661.388926,1.0
1730329661.3931236,1.0
1730329661.396943,1.0
1730329661.4002235,1.0
1730329661.4040923,1.0
1730329661.4085016,1.0
1730329661.412258,1.0
1730329661.4164507,1.0
1730329661.4208302,1.0
1730329661.4250972,1.0
1730329661.4284632,1.0
1730329661.432036,1.0
1730329661.436348,1.0
1730329661.4399276,1.0
1730329661.4444194,1.0
1730329661.4492326,1.0
1730329661.4534388,1.0
1730329661.455933,1.0
1730329661.460024,1.0
1730329661.4639606,1.0
1730329661.4684925,1.0
1730329661.4719176,1.0
1730329661.4774442,1.0
1730329661.4810543,1.0
1730329661.4842188,1.0
1730329661.487937,1.0
1730329661.4925733,1.0
1730329661.4959793,1.0
1730329661.5005033,1.0
1730329661.505088,1.0
1730329661.5081773,1.0
1730329661.5125155,1.0
1730329661.5164795,1.0
1730329661.5201848,1.0
1730329661.5245051,1.0
1730329661.5287828,1.0
1730329661.5331385,1.0
1730329661.536313,1.0
1730329661.5401464,1.0
1730329661.544239,1.0
1730329661.5483267,1.0
1730329661.552616,1.0
1730329661.556095,1.0
1730329661.561344,1.0
1730329661.5642784,1.0
1730329661.5674624,1.0
1730329661.572125,1.0
1730329661.5763035,1.0
1730329661.5801563,1.0
1730329661.584725,1.0
1730329661.5891433,1.0
1730329661.5922754,1.0
1730329661.5954654,1.0
1730329661.6005015,1.0
1730329661.6041002,1.0
1730329661.6084294,1.0
1730329661.612301,1.0
1730329661.617506,1.0
1730329661.6203296,1.0
1730329661.6234274,1.0
1730329661.6285071,1.0
1730329661.6329136,1.0
1730329661.6368227,1.0
1730329661.6401863,1.0
1730329661.6435862,1.0
1730329661.647236,1.0
1730329661.651414,1.0
1730329661.6563044,1.0
1730329661.6602952,1.0
1730329661.6643095,1.0
1730329661.6687613,1.0
1730329661.6724951,1.0
1730329661.6755326,1.0
1730329661.679216,1.0
1730329661.683494,1.0
1730329661.6882017,1.0
1730329661.6922996,1.0
1730329661.696274,1.0
1730329661.6994305,1.0
1730329661.7032442,1.0
1730329661.7078242,1.0
1730329661.711418,1.0
1730329661.716552,1.0
1730329661.7204208,1.0
1730329661.7245193,1.0
1730329661.7277775,1.0
1730329661.7315316,1.0
1730329661.7353354,1.0
1730329661.7394247,1.0
1730329661.744675,1.0
1730329661.7489483,1.0
1730329661.7513232,1.0
1730329661.7553356,1.0
1730329661.7595556,1.0
1730329661.7634692,1.0
1730329661.7673843,1.0
1730329661.7725475,1.0
1730329661.7769516,1.0
1730329661.780415,1.0
1730329661.783408,1.0
1730329661.78836,1.0
1730329661.7924929,1.0
1730329661.7953727,1.0
1730329661.799393,1.0
1730329661.803635,1.0
1730329661.807834,1.0
1730329661.8116815,1.0
1730329661.8172424,1.0
1730329661.8196793,1.0
1730329661.8241918,1.0
1730329661.8281236,1.0
1730329661.8314457,1.0
1730329661.8361342,1.0
1730329661.839667,1.0
1730329661.8449898,1.0
1730329661.8475432,1.0
1730329661.8519282,1.0
1730329661.8558223,1.0
1730329661.85953,1.0
1730329661.863555,1.0
1730329661.8681362,1.0
1730329661.872667,1.0
1730329661.876036,1.0
1730329661.8790717,1.0
1730329661.8841293,1.0
1730329661.8875432,1.0
1730329661.8922591,1.0
1730329661.8955283,1.0
1730329661.9007308,1.0
1730329661.9039435,1.0
1730329661.9073431,1.0
1730329661.911579,1.0
1730329661.916212,1.0
1730329661.92168,1.0
1730329661.9251437,1.0
1730329661.9281452,1.0
1730329661.9318664,1.0
1730329661.9352226,1.0
1730329661.9399424,1.0
1730329661.9441247,1.0
1730329661.9477687,1.0
1730329661.9522438,1.0
1730329661.9557748,1.0
1730329661.9590192,1.0
1730329661.962769,1.0
1730329661.9683144,1.0
1730329661.9716668,1.0
1730329661.9760554,1.0
1730329661.979888,1.0
1730329661.9828703,1.0
1730329661.986922,1.0
1730329661.9907596,1.0
1730329661.9950624,1.0
1730329662.000042,1.0
1730329662.0038996,1.0
1730329662.007959,1.0
1730329662.0109937,1.0
1730329662.0154967,1.0
1730329662.018862,1.0
1730329662.0231297,1.0
1730329662.0283067,1.0
1730329662.0324671,1.0
1730329662.035258,1.0
1730329662.038826,1.0
1730329662.0431929,1.0
1730329662.046843,1.0
1730329662.050936,1.0
1730329662.055936,1.0
1730329662.0599334,1.0
1730329662.0628123,1.0
1730329662.0669348,1.0
1730329662.0708053,1.0
1730329662.075342,1.0
1730329662.0789006,1.0
1730329662.083518,1.0
1730329662.0878832,1.0
1730329662.0909324,1.0
1730329662.0952427,1.0
1730329662.0994456,1.0
1730329662.1031272,1.0
1730329662.1074817,1.0
1730329662.1124504,1.0
1730329662.1164186,1.0
1730329662.1193185,1.0
1730329662.1231933,1.0
1730329662.1273174,1.0
1730329662.1310842,1.0
1730329662.1355293,1.0
1730329662.1391156,1.0
1730329662.144426,1.0
1730329662.1469607,1.0
1730329662.1511075,1.0
1730329662.1549797,1.0
1730329662.159372,1.0
1730329662.1630216,1.0
1730329662.1675973,1.0
1730329662.170957,1.0
1730329662.1745036,1.0
1730329662.1790235,1.0
1730329662.183467,1.0
1730329662.1871104,1.0
1730329662.1910896,1.0
1730329662.1952,1.0
1730329662.1994126,1.0
1730329662.2025712,1.0
1730329662.2061892,1.0
1730329662.211146,1.0
1730329662.2158234,1.0
1730329662.2195225,1.0
1730329662.2233503,1.0
1730329662.2275412,1.0
1730329662.2300436,1.0
1730329662.2342708,1.0
1730329662.2391725,1.0
1730329662.243554,1.0
1730329662.247095,1.0
1730329662.253264,1.0
1730329662.2562444,1.0
1730329662.260264,1.0
1730329662.263115,1.0
1730329662.2672698,1.0
1730329662.271077,1.0
1730329662.275237,1.0
1730329662.278275,1.0
1730329662.2822888,1.0
1730329662.286294,1.0
1730329662.2902246,1.0
1730329662.295416,1.0
1730329662.2994492,1.0
1730329662.303481,1.0
1730329662.3069255,1.0
1730329662.310484,1.0
1730329662.3145227,1.0
1730329662.3186092,1.0
1730329662.3239646,1.0
1730329662.3278215,1.0
1730329662.332214,1.0
1730329662.334721,1.0
1730329662.3382826,1.0
1730329662.342625,1.0
1730329662.346166,1.0
1730329662.3501728,1.0
1730329662.3552785,1.0
1730329662.3594685,1.0
1730329662.3622408,1.0
1730329662.3664942,1.0
1730329662.370316,1.0
1730329662.37451,1.0
1730329662.3782527,1.0
1730329662.383834,1.0
1730329662.3872795,1.0
1730329662.390473,1.0
1730329662.394282,1.0
1730329662.3990057,1.0
1730329662.402861,1.0
1730329662.4070473,1.0
1730329662.411838,1.0
1730329662.414401,1.0
1730329662.4188716,1.0
1730329662.4224164,1.0
1730329662.4269164,1.0
1730329662.4303746,1.0
1730329662.434988,1.0
1730329662.439514,1.0
1730329662.4426005,1.0
1730329662.446443,1.0
1730329662.4506223,1.0
1730329662.4543767,1.0
1730329662.458583,1.0
1730329662.462685,1.0
1730329662.4679835,1.0
1730329662.470395,1.0
1730329662.4746935,1.0
1730329662.4786177,1.0
1730329662.4826176,1.0
1730329662.486598,1.0
1730329662.4906971,1.0
1730329662.4954517,1.0
1730329662.4991157,1.0
1730329662.5019033,1.0
1730329662.5071397,1.0
1730329662.5106835,1.0
1730329662.5147686,1.0
1730329662.518885,1.0
1730329662.5225384,1.0
1730329662.525648,1.0
1730329662.529488,1.0
1730329662.5349936,1.0
1730329662.5385342,1.0
1730329662.543018,1.0
1730329662.5465207,1.0
1730329662.5496986,1.0
1730329662.5536797,1.0
1730329662.5575216,1.0
1730329662.5617611,1.0
1730329662.5669827,1.0
1730329662.5705163,1.0
1730329662.5748909,1.0
1730329662.5780969,1.0
1730329662.581916,1.0
1730329662.5860505,1.0
1730329662.5907516,1.0
1730329662.5949955,1.0
1730329662.5991676,1.0
1730329662.6030507,1.0
1730329662.605647,1.0
1730329662.6098204,1.0
1730329662.6136465,1.0
1730329662.6178968,1.0
1730329662.6228726,1.0
1730329662.626878,1.0
1730329662.6307428,1.0
1730329662.6341093,1.0
1730329662.6377058,1.0
1730329662.6422536,1.0
1730329662.645677,1.0
1730329662.6498227,1.0
1730329662.6546328,1.0
1730329662.6579323,1.0
1730329662.6620529,1.0
1730329662.665975,1.0
1730329662.6698964,1.0
1730329662.6741743,1.0
1730329662.6786685,1.0
1730329662.682974,1.0
1730329662.6858208,1.0
1730329662.690107,1.0
1730329662.6942823,1.0
1730329662.6977017,1.0
1730329662.7019477,1.0
1730329662.7057917,1.0
1730329662.7107754,1.0
1730329662.7137194,1.0
1730329662.7179606,1.0
1730329662.7219036,1.0
1730329662.7260077,1.0
1730329662.7298217,1.0
1730329662.7339492,1.0
1730329662.73895,1.0
1730329662.7421625,1.0
1730329662.7458265,1.0
1730329662.7499945,1.0
1730329662.7537968,1.0
1730329662.758186,1.0
1730329662.7619824,1.0
1730329662.766066,1.0
1730329662.7694404,1.0
1730329662.7740552,1.0
1730329662.7783651,1.0
1730329662.7825923,1.0
1730329662.786346,1.0
1730329662.7906103,1.0
1730329662.7944727,1.0
1730329662.7970264,1.0
1730329662.8020835,1.0
1730329662.8060184,1.0
1730329662.809874,1.0
1730329662.8140116,1.0
1730329662.8181138,1.0
1730329662.8219435,1.0
1730329662.824994,1.0
1730329662.82885,1.0
1730329662.834084,1.0
1730329662.8378918,1.0
1730329662.8425384,1.0
1730329662.8461778,1.0
1730329662.8504736,1.0
1730329662.853315,1.0
1730329662.857041,1.0
1730329662.8621097,1.0
1730329662.8662033,1.0
1730329662.8702605,1.0
1730329662.8730876,1.0
1730329662.8771915,1.0
1730329662.8812172,1.0
1730329662.885462,1.0
1730329662.8900511,1.0
1730329662.8942144,1.0
1730329662.8986535,1.0
1730329662.901013,1.0
1730329662.9050968,1.0
1730329662.909243,1.0
1730329662.913113,1.0
1730329662.9185746,1.0
1730329662.9220169,1.0
1730329662.92644,1.0
1730329662.9290576,1.0
1730329662.9334764,1.0
1730329662.9370265,1.0
1730329662.9412453,1.0
1730329662.9452896,1.0
1730329662.9507043,1.0
1730329662.9542017,1.0
1730329662.957297,1.0
1730329662.9612756,1.0
1730329662.9656692,1.0
1730329662.9692726,1.0
1730329662.9738722,1.0
1730329662.9783256,1.0
1730329662.981372,1.0
1730329662.9855096,1.0
1730329662.989319,1.0
1730329662.993456,1.0
1730329662.9972944,1.0
1730329663.0014424,1.0
1730329663.0064924,1.0
1730329663.0092468,1.0
1730329663.012219,1.0
1730329663.0173416,1.0
1730329663.02116,1.0
1730329663.0258224,1.0
1730329663.029186,1.0
1730329663.034377,1.0
1730329663.037266,1.0
1730329663.0413988,1.0
1730329663.0451505,1.0
1730329663.0491695,1.0
1730329663.053574,1.0
1730329663.05743,1.0
1730329663.0622945,1.0
1730329663.0653837,1.0
1730329663.069474,1.0
1730329663.073812,1.0
1730329663.0778031,1.0
1730329663.0812695,1.0
1730329663.0857077,1.0
1730329663.089488,1.0
1730329663.093783,1.0
1730329663.096332,1.0
1730329663.10147,1.0
1730329663.1054127,1.0
1730329663.1096096,1.0
1730329663.113374,1.0
1730329663.1178424,1.0
1730329663.1203036,1.0
1730329663.1245894,1.0
1730329663.1293688,1.0
1730329663.1339283,1.0
1730329663.1373324,1.0
1730329663.1417863,1.0
1730329663.1443863,1.0
1730329663.148964,1.0
1730329663.15266,1.0
1730329663.157553,1.0
1730329663.1616764,1.0
1730329663.1655605,1.0
1730329663.1696196,1.0
1730329663.1724572,1.0
1730329663.176885,1.0
1730329663.1805463,1.0
1730329663.1848843,1.0
1730329663.189608,1.0
1730329663.1939692,1.0
1730329663.197494,1.0
1730329663.201824,1.0
1730329663.2045195,1.0
1730329663.2088983,1.0
1730329663.2135117,1.0
1730329663.217792,1.0
1730329663.221444,1.0
1730329663.2247436,1.0
1730329663.2284548,1.0
1730329663.233137,1.0
1730329663.2368784,1.0
1730329663.2406623,1.0
1730329663.2454543,1.0
1730329663.2496376,1.0
1730329663.252695,1.0
1730329663.2566755,1.0
1730329663.2605135,1.0
1730329663.2646434,1.0
1730329663.2686355,1.0
1730329663.2736816,1.0
1730329663.2776718,1.0
1730329663.2805507,1.0
1730329663.284554,1.0
1730329663.2887907,1.0
1730329663.2928898,1.0
1730329663.2965815,1.0
1730329663.301827,1.0
1730329663.305856,1.0
1730329663.3092003,1.0
1730329663.3126168,1.0
1730329663.3169973,1.0
1730329663.320668,1.0
1730329663.325138,1.0
1730329663.328581,1.0
1730329663.3339665,1.0
1730329663.336756,1.0
1730329663.3407648,1.0
1730329663.3448656,1.0
1730329663.349202,1.0
1730329663.3529782,1.0
1730329663.357307,1.0
1730329663.3606815,1.0
1730329663.3637245,1.0
1730329663.3690567,1.0
1730329663.37342,1.0
1730329663.3767898,1.0
1730329663.3807733,1.0
1730329663.3851645,1.0
1730329663.3888404,1.0
1730329663.3920052,1.0
1730329663.3968492,1.0
1730329663.4007251,1.0
1730329663.404699,1.0
1730329663.4088008,1.0
1730329663.4128127,1.0
1730329663.417264,1.0
1730329663.420081,1.0
1730329663.4240313,1.0
1730329663.428881,1.0
1730329663.433146,1.0
1730329663.4367876,1.0
1730329663.4410148,1.0
1730329663.4444635,1.0
1730329663.448577,1.0
1730329663.4520714,1.0
1730329663.4570324,1.0
1730329663.460821,1.0
1730329663.4650657,1.0
1730329663.468048,1.0
1730329663.4719224,1.0
1730329663.476035,1.0
1730329663.4799044,1.0
1730329663.4848888,1.0
1730329663.4889386,1.0
1730329663.4930613,1.0
1730329663.4959297,1.0
1730329663.4998677,1.0
1730329663.5038402,1.0
1730329663.5079768,1.0
1730329663.5129128,1.0
1730329663.517099,1.0
1730329663.520886,1.0
1730329663.524124,1.0
1730329663.5280876,1.0
1730329663.5319133,1.0
1730329663.53612,1.0
1730329663.5401633,1.0
1730329663.5449655,1.0
1730329663.5491683,1.0
1730329663.552102,1.0
1730329663.5561464,1.0
1730329663.5600212,1.0
1730329663.5645132,1.0
1730329663.5682788,1.0
1730329663.5734353,1.0
1730329663.5764632,1.0
1730329663.5801797,1.0
1730329663.5842042,1.0
1730329663.5880089,1.0
1730329663.592376,1.0
1730329663.5960584,1.0
1730329663.6012237,1.0
1730329663.6040933,1.0
1730329663.60846,1.0
1730329663.6121292,1.0
1730329663.6164248,1.0
1730329663.6201525,1.0
1730329663.6242485,1.0
1730329663.629222,1.0
1730329663.6324956,1.0
1730329663.636419,1.0
1730329663.6405716,1.0
1730329663.6444986,1.0
1730329663.6486056,1.0
1730329663.6524973,1.0
1730329663.657442,1.0
1730329663.6601584,1.0
1730329663.6630783,1.0
1730329663.6685095,1.0
1730329663.6722796,1.0
1730329663.676602,1.0
1730329663.680174,1.0
1730329663.6857643,1.0
1730329663.6882603,1.0
1730329663.691446,1.0
1730329663.6961432,1.0
1730329663.700575,1.0
1730329663.704188,1.0
1730329663.708506,1.0
1730329663.7112143,1.0
1730329663.7153904,1.0
1730329663.7197988,1.0
1730329663.7239144,1.0
1730329663.7283893,1.0
1730329663.7328355,1.0
1730329663.736408,1.0
1730329663.739647,1.0
1730329663.7434387,1.0
1730329663.7472997,1.0
1730329663.7526186,1.0
1730329663.7564125,1.0
1730329663.760424,1.0
1730329663.7649448,1.0
1730329663.7676964,1.0
1730329663.7712345,1.0
1730329663.775553,1.0
1730329663.779326,1.0
1730329663.7849598,1.0
1730329663.7883775,1.0
1730329663.792872,1.0
1730329663.795318,1.0
1730329663.7994924,1.0
1730329663.8033853,1.0
1730329663.8075664,1.0
1730329663.81232,1.0
1730329663.8168736,1.0
1730329663.819514,1.0
1730329663.823857,1.0
1730329663.8277743,1.0
1730329663.8321,1.0
1730329663.83558,1.0
1730329663.8395417,1.0
1730329663.8444912,1.0
1730329663.8475313,1.0
1730329663.8514333,1.0
1730329663.8555465,1.0
1730329663.8596284,1.0
1730329663.8634267,1.0
1730329663.8689914,1.0
1730329663.8727353,1.0
1730329663.8759384,1.0
1730329663.8795516,1.0
1730329663.8840249,1.0
1730329663.887458,1.0
1730329663.8921375,1.0
1730329663.8954096,1.0
1730329663.900622,1.0
1730329663.9035237,1.0
1730329663.907699,1.0
1730329663.911774,1.0
1730329663.915435,1.0
1730329663.9197075,1.0
1730329663.925084,1.0
1730329663.9280736,1.0
1730329663.9304657,1.0
1730329663.9360116,1.0
1730329663.9397476,1.0
1730329663.9441562,1.0
1730329663.9477825,1.0
1730329663.9531229,1.0
1730329663.9557855,1.0
1730329663.9586291,1.0
1730329663.9626014,1.0
1730329663.9680204,1.0
1730329663.9715545,1.0
1730329663.9759655,1.0
1730329663.9795284,1.0
1730329663.9838593,1.0
1730329663.98656,1.0
1730329663.9922066,1.0
1730329663.9955592,1.0
1730329663.9998848,1.0
1730329664.0036454,1.0
1730329664.008052,1.0
1730329664.0115745,1.0
1730329664.015349,1.0
1730329664.0192432,1.0
1730329664.024171,1.0
1730329664.0276964,1.0
1730329664.0323389,1.0
1730329664.035882,1.0
1730329664.0398366,1.0
1730329664.0432065,1.0
1730329664.0468023,1.0
1730329664.0519247,1.0
1730329664.055967,1.0
1730329664.0596745,1.0
1730329664.0627036,1.0
1730329664.0669272,1.0
1730329664.0707684,1.0
1730329664.0750468,1.0
1730329664.078777,1.0
1730329664.084322,1.0
1730329664.08784,1.0
1730329664.0907345,1.0
1730329664.0949748,1.0
1730329664.0990016,1.0
1730329664.103042,1.0
1730329664.107216,1.0
1730329664.1117828,1.0
1730329664.115996,1.0
1730329664.1192858,1.0
1730329664.123564,1.0
1730329664.1272004,1.0
1730329664.1309528,1.0
1730329664.1353989,1.0
1730329664.139943,1.0
1730329664.1443508,1.0
1730329664.1469967,1.0
1730329664.1509912,1.0
1730329664.155078,1.0
1730329664.159302,1.0
1730329664.1628344,1.0
1730329664.1682632,1.0
1730329664.17083,1.0
1730329664.1753304,1.0
1730329664.1788623,1.0
1730329664.183146,1.0
1730329664.1868494,1.0
1730329664.191006,1.0
1730329664.1958475,1.0
1730329664.199088,1.0
1730329664.2032392,1.0
1730329664.2072172,1.0
1730329664.2109048,1.0
1730329664.2154284,1.0
1730329664.219277,1.0
1730329664.2244358,1.0
1730329664.2274256,1.0
1730329664.2301524,1.0
1730329664.2350965,1.0
1730329664.2392168,1.0
1730329664.2431457,1.0
1730329664.2471013,1.0
1730329664.2521791,1.0
1730329664.2550237,1.0
1730329664.258214,1.0
1730329664.2630706,1.0
1730329664.2671068,1.0
1730329664.2709355,1.0
1730329664.2752028,1.0
1730329664.2789702,1.0
1730329664.2821567,1.0
1730329664.2862413,1.0
1730329664.2911367,1.0
1730329664.2949388,1.0
1730329664.2991996,1.0
1730329664.3030608,1.0
1730329664.3071704,1.0
1730329664.3100936,1.0
1730329664.3145769,1.0
1730329664.318472,1.0
1730329664.3234217,1.0
1730329664.3274703,1.0
1730329664.3312132,1.0
1730329664.3344803,1.0
1730329664.3383925,1.0
1730329664.3426192,1.0
1730329664.347237,1.0
1730329664.351229,1.0
1730329664.3552172,1.0
1730329664.359388,1.0
1730329664.3621316,1.0
1730329664.3665223,1.0
1730329664.3700848,1.0
1730329664.3743632,1.0
1730329664.379187,1.0
1730329664.3831153,1.0
1730329664.387104,1.0
1730329664.3911943,1.0
1730329664.394618,1.0
1730329664.398291,1.0
1730329664.402412,1.0
1730329664.4074192,1.0
1730329664.4113376,1.0
1730329664.4145572,1.0
1730329664.4184928,1.0
1730329664.422388,1.0
1730329664.426723,1.0
1730329664.4302917,1.0
1730329664.43582,1.0
1730329664.4394383,1.0
1730329664.4424803,1.0
1730329664.4462562,1.0
1730329664.4505956,1.0
1730329664.454214,1.0
1730329664.4586349,1.0
1730329664.4623,1.0
1730329664.4675455,1.0
1730329664.4702544,1.0
1730329664.4747803,1.0
1730329664.4783185,1.0
1730329664.4825768,1.0
1730329664.4865036,1.0
1730329664.4915607,1.0
1730329664.4952374,1.0
1730329664.498885,1.0
1730329664.502839,1.0
1730329664.5068936,1.0
1730329664.5104856,1.0
1730329664.514944,1.0
1730329664.5195343,1.0
1730329664.5230467,1.0
1730329664.5258408,1.0
1730329664.5303648,1.0
1730329664.5345538,1.0
1730329664.5384383,1.0
1730329664.542538,1.0
1730329664.5476687,1.0
1730329664.550533,1.0
1730329664.5533645,1.0
1730329664.558787,1.0
1730329664.562436,1.0
1730329664.5669093,1.0
1730329664.5703418,1.0
1730329664.5750313,1.0
1730329664.5784168,1.0
1730329664.5816946,1.0
1730329664.5859487,1.0
1730329664.5906117,1.0
1730329664.59549,1.0
1730329664.5986648,1.0
1730329664.6025937,1.0
1730329664.6066537,1.0
1730329664.6106164,1.0
1730329664.6151035,1.0
1730329664.6186366,1.0
1730329664.6214466,1.0
1730329664.6256976,1.0
1730329664.630648,1.0
1730329664.6345832,1.0
1730329664.638586,1.0
1730329664.6429868,1.0
1730329664.6465423,1.0
1730329664.6495032,1.0
1730329664.653551,1.0
1730329664.6591446,1.0
1730329664.662506,1.0
1730329664.6670568,1.0
1730329664.6726916,1.0
1730329664.6760511,1.0
1730329664.679656,1.0
1730329664.6828456,1.0
1730329664.6861863,1.0
1730329664.6907475,1.0
1730329664.6946945,1.0
1730329664.6977885,1.0
1730329664.7019284,1.0
1730329664.7063253,1.0
1730329664.709762,1.0
1730329664.7137496,1.0
1730329664.7191355,1.0
1730329664.723361,1.0
1730329664.725896,1.0
1730329664.7296305,1.0
1730329664.7341282,1.0
1730329664.7376552,1.0
1730329664.7419837,1.0
1730329664.7467363,1.0
1730329664.7507963,1.0
1730329664.7537394,1.0
1730329664.7581096,1.0
1730329664.761659,1.0
1730329664.765921,1.0
1730329664.7696707,1.0
1730329664.7751715,1.0
1730329664.7787323,1.0
1730329664.7823708,1.0
1730329664.786068,1.0
1730329664.7898543,1.0
1730329664.7944489,1.0
1730329664.798359,1.0
1730329664.8022077,1.0
1730329664.8069758,1.0
1730329664.8097703,1.0
1730329664.8137183,1.0
1730329664.8180988,1.0
1730329664.8218763,1.0
1730329664.8262494,1.0
1730329664.8299503,1.0
1730329664.833912,1.0
1730329664.8368368,1.0
1730329664.8419662,1.0
1730329664.8458197,1.0
1730329664.8500464,1.0
1730329664.853872,1.0
1730329664.858278,1.0
1730329664.8618171,1.0
1730329664.865028,1.0
1730329664.8698263,1.0
1730329664.8739944,1.0
1730329664.8778837,1.0
1730329664.8821115,1.0
1730329664.8860352,1.0
1730329664.8898988,1.0
1730329664.893253,1.0
1730329664.8982732,1.0
1730329664.9022105,1.0
1730329664.9066117,1.0
1730329664.9099786,1.0
1730329664.9146044,1.0
1730329664.9181824,1.0
1730329664.9208968,1.0
1730329664.924965,1.0
1730329664.9299371,1.0
1730329664.934065,1.0
1730329664.938008,1.0
1730329664.941086,1.0
1730329664.9448795,1.0
1730329664.949097,1.0
1730329664.9529233,1.0
1730329664.9581015,1.0
1730329664.9619043,1.0
1730329664.9660137,1.0
1730329664.969163,1.0
1730329664.9731948,1.0
1730329664.977023,1.0
1730329664.9812949,1.0
1730329664.9861915,1.0
1730329664.990212,1.0
1730329664.9942105,1.0
1730329664.9969497,1.0
1730329665.0011475,1.0
1730329665.005072,1.0
1730329665.0091753,1.0
1730329665.0130584,1.0
1730329665.0182047,1.0
1730329665.0221848,1.0
1730329665.025206,1.0
1730329665.0290964,1.0
1730329665.0332243,1.0
1730329665.0370266,1.0
1730329665.0412252,1.0
1730329665.0461948,1.0
1730329665.050213,1.0
1730329665.053079,1.0
1730329665.0573804,1.0
1730329665.061176,1.0
1730329665.0652423,1.0
1730329665.069335,1.0
1730329665.074206,1.0
1730329665.0773287,1.0
1730329665.0814445,1.0
1730329665.0853286,1.0
1730329665.0893548,1.0
1730329665.093397,1.0
1730329665.0975962,1.0
1730329665.102373,1.0
1730329665.1051605,1.0
1730329665.1084871,1.0
1730329670.1159549,1.0
1730329670.1208153,1.0
1730329670.1240015,1.0
1730329670.127656,1.0
1730329670.1316924,1.0
1730329670.1358116,1.0
1730329670.1398792,1.0
1730329670.1436744,1.0
1730329670.1488304,1.0
1730329670.1517327,1.0
1730329670.1547997,1.0
1730329670.1598012,1.0
1730329670.1640077,1.0
1730329670.168002,1.0
1730329670.1719472,1.0
1730329670.176754,1.0
1730329670.1799853,1.0
1730329670.182865,1.0
1730329670.1881971,1.0
1730329670.1919937,1.0
1730329670.195784,1.0
1730329670.1999204,1.0
1730329670.2039063,1.0
1730329670.2078795,1.0
1730329670.2108717,1.0
1730329670.2149146,1.0
1730329670.2197998,1.0
1730329670.224012,1.0
1730329670.2279544,1.0
1730329670.230997,1.0
1730329670.234784,1.0
1730329670.239069,1.0
1730329670.2429864,1.0
1730329670.2480145,1.0
1730329670.2518396,1.0
1730329670.256056,1.0
1730329670.2590632,1.0
1730329670.26307,1.0
1730329670.267084,1.0
1730329670.2711072,1.0
1730329670.2761433,1.0
1730329670.2801132,1.0
1730329670.2839456,1.0
1730329670.2870443,1.0
1730329670.291055,1.0
1730329670.2950387,1.0
1730329670.2991347,1.0
1730329670.3041053,1.0
1730329670.3081582,1.0
1730329670.3109665,1.0
1730329670.314996,1.0
1730329670.318915,1.0
1730329670.3231976,1.0
1730329670.32698,1.0
1730329670.3321424,1.0
1730329670.3360784,1.0
1730329670.3391616,1.0
1730329670.3430564,1.0
1730329670.3470907,1.0
1730329670.3511956,1.0
1730329670.355193,1.0
1730329670.359191,1.0
1730329670.3642964,1.0
1730329670.3670766,1.0
1730329670.3711052,1.0
1730329670.3762372,1.0
1730329670.3790972,1.0
1730329670.3831234,1.0
1730329670.387116,1.0
1730329670.39127,1.0
1730329670.3952076,1.0
1730329670.39932,1.0
1730329670.404546,1.0
1730329670.407412,1.0
1730329670.4101343,1.0
1730329670.415313,1.0
1730329670.4191418,1.0
1730329670.423301,1.0
1730329670.427141,1.0
1730329670.4314044,1.0
1730329670.435207,1.0
1730329670.4383743,1.0
1730329670.443153,1.0
1730329670.4473913,1.0
1730329670.4512646,1.0
1730329670.455439,1.0
1730329670.459396,1.0
1730329670.4632428,1.0
1730329670.4664311,1.0
1730329670.4714584,1.0
1730329670.47547,1.0
1730329670.4794652,1.0
1730329670.4834363,1.0
1730329670.4864244,1.0
1730329670.4904585,1.0
1730329670.4942744,1.0
1730329670.4993477,1.0
1730329670.5033915,1.0
1730329670.5074255,1.0
1730329670.5114045,1.0
1730329670.5144165,1.0
1730329670.5182776,1.0
1730329670.5225031,1.0
1730329670.5263376,1.0
1730329670.5314364,1.0
1730329670.5353663,1.0
1730329670.5395944,1.0
1730329670.542364,1.0
1730329670.5463915,1.0
1730329670.5504951,1.0
1730329670.5545335,1.0
1730329670.5595012,1.0
1730329670.563372,1.0
1730329670.567406,1.0
1730329670.5704117,1.0
1730329670.5744684,1.0
1730329670.5784705,1.0
1730329670.582554,1.0
1730329670.5876014,1.0
1730329670.5916228,1.0
1730329670.5955167,1.0
1730329670.5986304,1.0
1730329670.602548,1.0
1730329670.606483,1.0
1730329670.6104152,1.0
1730329670.615667,1.0
1730329670.6196108,1.0
1730329670.6225555,1.0
1730329670.626465,1.0
1730329670.630618,1.0
1730329670.6344476,1.0
1730329670.6385355,1.0
1730329670.6425712,1.0
1730329670.6477122,1.0
1730329670.6507657,1.0
1730329670.6546645,1.0
1730329670.6588075,1.0
1730329670.6628485,1.0
1730329670.666664,1.0
1730329670.670621,1.0
1730329670.675891,1.0
1730329670.6788883,1.0
1730329670.682947,1.0
1730329670.686968,1.0
1730329670.6907938,1.0
1730329670.694715,1.0
1730329670.698814,1.0
1730329670.7038047,1.0
1730329670.706767,1.0
1730329670.709573,1.0
1730329670.714796,1.0
1730329670.718624,1.0
1730329670.722826,1.0
1730329670.7266283,1.0
1730329670.730857,1.0
1730329670.733806,1.0
1730329670.7388177,1.0
1730329670.742772,1.0
1730329670.7467215,1.0
1730329670.7509463,1.0
1730329670.754891,1.0
1730329670.758962,1.0
1730329670.7618997,1.0
1730329670.7659028,1.0
1730329670.7709455,1.0
1730329670.7749057,1.0
1730329670.778986,1.0
1730329670.782978,1.0
1730329670.7859294,1.0
1730329670.7899835,1.0
1730329670.7937708,1.0
1730329670.7990007,1.0
1730329670.802788,1.0
1730329670.806985,1.0
1730329670.8109255,1.0
1730329670.8149965,1.0
1730329670.8177235,1.0
1730329670.8219264,1.0
1730329670.826779,1.0
1730329670.8309844,1.0
1730329670.834776,1.0
1730329670.8390489,1.0
1730329670.84206,1.0
1730329670.8460574,1.0
1730329670.8500516,1.0
1730329670.8550863,1.0
1730329670.8592846,1.0
1730329670.863089,1.0
1730329670.8660965,1.0
1730329670.8700533,1.0
1730329670.8740883,1.0
1730329670.8780167,1.0
1730329670.8819542,1.0
1730329670.886007,1.0
1730329670.890993,1.0
1730329670.8939383,1.0
1730329670.898154,1.0
1730329670.9019184,1.0
1730329670.9060595,1.0
1730329670.9099133,1.0
1730329670.915112,1.0
1730329670.9190855,1.0
1730329670.9220965,1.0
1730329670.926106,1.0
1730329670.9299738,1.0
1730329670.934474,1.0
1730329670.9382808,1.0
1730329670.942222,1.0
1730329670.9472344,1.0
1730329670.9502342,1.0
1730329670.9540832,1.0
1730329670.95818,1.0
1730329670.962159,1.0
1730329670.966272,1.0
1730329670.9702673,1.0
1730329670.9742568,1.0
1730329670.977013,1.0
1730329670.982123,1.0
1730329670.986202,1.0
1730329670.9902327,1.0
1730329670.9941356,1.0
1730329670.9982636,1.0
1730329671.0020928,1.0
1730329671.005148,1.0
1730329671.0092864,1.0
1730329671.014315,1.0
1730329671.0181117,1.0
1730329671.0222085,1.0
1730329671.0261068,1.0
1730329671.0303478,1.0
1730329671.033321,1.0
1730329671.0384133,1.0
1730329671.0425713,1.0
1730329671.0464509,1.0
1730329671.0507145,1.0
1730329671.054361,1.0
1730329671.0586307,1.0
1730329671.0613048,1.0
1730329671.0657172,1.0
1730329671.070512,1.0
1730329671.074427,1.0
1730329671.0784612,1.0
1730329671.082578,1.0
1730329671.0863805,1.0
1730329671.089509,1.0
1730329671.093286,1.0
1730329671.0988955,1.0
1730329671.102311,1.0
1730329671.1066573,1.0
1730329671.1094768,1.0
1730329671.113605,1.0
1730329671.1176157,1.0
1730329671.121646,1.0
1730329671.126315,1.0
1730329671.1307428,1.0
1730329671.134642,1.0
1730329671.1376688,1.0
1730329671.1417072,1.0
1730329671.145614,1.0
1730329671.149896,1.0
1730329671.155064,1.0
1730329671.158573,1.0
1730329671.1625357,1.0
1730329671.1659832,1.0
1730329671.1694524,1.0
1730329671.1739256,1.0
1730329671.1774652,1.0
1730329671.1816576,1.0
1730329671.1863873,1.0
1730329671.1910653,1.0
1730329671.1933968,1.0
1730329671.1978967,1.0
1730329671.2014132,1.0
1730329671.2056875,1.0
1730329671.2094088,1.0
1730329671.21497,1.0
1730329671.2177196,1.0
1730329671.221913,1.0
1730329671.2258887,1.0
1730329671.229751,1.0
1730329671.2338178,1.0
1730329671.2382028,1.0
1730329671.242458,1.0
1730329671.2461834,1.0
1730329671.2500083,1.0
1730329671.2536628,1.0
1730329671.2577107,1.0
1730329671.2615712,1.0
1730329671.266128,1.0
1730329671.271194,1.0
1730329671.2737842,1.0
1730329671.2765236,1.0
1730329671.2817564,1.0
1730329671.2855835,1.0
1730329671.2899516,1.0
1730329671.2936096,1.0
1730329671.298706,1.0
1730329671.3015137,1.0
1730329671.3047209,1.0
1730329671.3095372,1.0
1730329671.3137631,1.0
1730329671.317661,1.0
1730329671.3217568,1.0
1730329671.3247092,1.0
1730329671.3287191,1.0
1730329671.33258,1.0
1730329671.33774,1.0
1730329671.341696,1.0
1730329671.345772,1.0
1730329671.3498254,1.0
1730329671.352765,1.0
1730329671.3568149,1.0
1730329671.3605947,1.0
1730329671.3653493,1.0
1730329671.369942,1.0
1730329671.3739724,1.0
1730329671.3776808,1.0
1730329671.381091,1.0
1730329671.3847892,1.0
1730329671.388982,1.0
1730329671.393772,1.0
1730329671.398188,1.0
1730329671.401788,1.0
1730329671.406236,1.0
1730329671.4092224,1.0
1730329671.4127395,1.0
1730329671.4170506,1.0
1730329671.4210112,1.0
1730329671.4260044,1.0
1730329671.4304488,1.0
1730329671.434225,1.0
1730329671.4367628,1.0
1730329671.441114,1.0
1730329671.444944,1.0
1730329671.4492965,1.0
1730329671.454064,1.0
1730329671.4581184,1.0
1730329671.4608111,1.0
1730329671.4648397,1.0
1730329671.4688616,1.0
1730329671.4730024,1.0
1730329671.4768746,1.0
1730329671.4824245,1.0
1730329671.4858248,1.0
1730329671.4894257,1.0
1730329671.4928403,1.0
1730329671.4971611,1.0
1730329671.5011065,1.0
1730329671.5051074,1.0
1730329671.5098498,1.0
1730329671.5141995,1.0
1730329671.5171287,1.0
1730329671.521364,1.0
1730329671.525102,1.0
1730329671.529605,1.0
1730329671.5330815,1.0
1730329671.5372555,1.0
1730329671.5424294,1.0
1730329671.5465915,1.0
1730329671.5493865,1.0
1730329671.5529692,1.0
1730329671.557377,1.0
1730329671.561,1.0
1730329671.5660532,1.0
1730329671.5689983,1.0
1730329671.5721998,1.0
1730329671.5769737,1.0
1730329671.5814636,1.0
1730329671.5851035,1.0
1730329671.5892348,1.0
1730329671.5940151,1.0
1730329671.597275,1.0
1730329671.6002493,1.0
1730329671.6053865,1.0
1730329671.6100924,1.0
1730329671.613229,1.0
1730329671.617422,1.0
1730329671.6213183,1.0
1730329671.6254828,1.0
1730329671.6281834,1.0
1730329671.6330605,1.0
1730329671.6378236,1.0
1730329671.6415205,1.0
1730329671.6453483,1.0
1730329671.6493952,1.0
1730329671.653225,1.0
1730329671.6565087,1.0
1730329671.6601572,1.0
1730329671.6656191,1.0
1730329671.6690967,1.0
1730329671.6733837,1.0
1730329671.67717,1.0
1730329671.6816373,1.0
1730329671.68439,1.0
1730329671.6883676,1.0
1730329671.6932168,1.0
1730329671.697744,1.0
1730329671.7011876,1.0
1730329671.7043047,1.0
1730329671.7084377,1.0
1730329671.7123833,1.0
1730329671.7166789,1.0
1730329671.7214448,1.0
1730329671.725443,1.0
1730329671.729921,1.0
1730329671.7323308,1.0
1730329671.7363532,1.0
1730329671.7407095,1.0
1730329671.7442377,1.0
1730329671.7498524,1.0
1730329671.7533867,1.0
1730329671.7577069,1.0
1730329671.7603447,1.0
1730329671.7648103,1.0
1730329671.7682743,1.0
1730329671.7723825,1.0
1730329671.7762957,1.0
1730329671.7814765,1.0
1730329671.7853563,1.0
1730329671.7886107,1.0
1730329671.7924285,1.0
1730329671.7966108,1.0
1730329671.8005302,1.0
1730329671.8048775,1.0
1730329671.8094156,1.0
1730329671.8125336,1.0
1730329671.8169923,1.0
1730329671.821034,1.0
1730329671.825022,1.0
1730329671.8286424,1.0
1730329671.8325174,1.0
1730329671.8378403,1.0
1730329671.840989,1.0
1730329671.8434143,1.0
1730329671.8484368,1.0
1730329671.8523936,1.0
1730329671.8566525,1.0
1730329671.8604152,1.0
1730329671.8660147,1.0
1730329671.8684063,1.0
1730329671.8725836,1.0
1730329671.876436,1.0
1730329671.8806033,1.0
1730329671.8844757,1.0
1730329671.8891735,1.0
1730329671.8934588,1.0
1730329671.8967707,1.0
1730329671.8999133,1.0
1730329671.904987,1.0
1730329671.9090145,1.0
1730329671.9126077,1.0
1730329671.9169931,1.0
1730329671.921767,1.0
1730329671.9247334,1.0
1730329671.9274487,1.0
1730329671.9326465,1.0
1730329671.9367597,1.0
1730329671.9407597,1.0
1730329671.9446757,1.0
1730329671.9491217,1.0
1730329671.951567,1.0
1730329671.955996,1.0
1730329671.960656,1.0
1730329671.9647515,1.0
1730329671.9686456,1.0
1730329671.9726913,1.0
1730329671.9755323,1.0
1730329671.9802186,1.0
1730329671.98419,1.0
1730329671.9888363,1.0
1730329671.9926162,1.0
1730329671.9968145,1.0
1730329672.000874,1.0
1730329672.003926,1.0
1730329672.0078585,1.0
1730329672.011881,1.0
1730329672.0160792,1.0
1730329672.0212936,1.0
1730329672.0248055,1.0
1730329672.0293696,1.0
1730329672.0319088,1.0
1730329672.035708,1.0
1730329672.03983,1.0
1730329672.043641,1.0
1730329672.0488691,1.0
1730329672.0526605,1.0
1730329672.0558755,1.0
1730329672.0596538,1.0
1730329672.0642805,1.0
1730329672.0676885,1.0
1730329672.0719,1.0
1730329672.075882,1.0
1730329672.081234,1.0
1730329672.0840309,1.0
1730329672.0882497,1.0
1730329672.0922017,1.0
1730329672.0964005,1.0
1730329672.1003397,1.0
1730329672.1049623,1.0
1730329672.108948,1.0
1730329672.1120229,1.0
1730329672.116269,1.0
1730329672.1199703,1.0
1730329672.124597,1.0
1730329672.127984,1.0
1730329672.1322875,1.0
1730329672.1371644,1.0
1730329672.140286,1.0
1730329672.1438315,1.0
1730329672.1484437,1.0
1730329672.1519413,1.0
1730329672.1563356,1.0
1730329672.1598248,1.0
1730329672.1651573,1.0
1730329672.1678977,1.0
1730329672.172214,1.0
1730329672.1758368,1.0
1730329672.1801229,1.0
1730329672.1843204,1.0
1730329672.1881173,1.0
1730329672.192386,1.0
1730329672.195151,1.0
1730329672.1990683,1.0
1730329672.2044709,1.0
1730329672.208142,1.0
1730329672.212217,1.0
1730329672.2165132,1.0
1730329672.220173,1.0
1730329672.222957,1.0
1730329672.2280717,1.0
1730329672.23207,1.0
1730329672.2359543,1.0
1730329672.240415,1.0
1730329672.243966,1.0
1730329672.2484577,1.0
1730329672.2509468,1.0
1730329672.255233,1.0
1730329672.2600243,1.0
1730329672.2644968,1.0
1730329672.2679656,1.0
1730329672.272576,1.0
1730329672.2760105,1.0
1730329672.2796092,1.0
1730329672.2831445,1.0
1730329672.2882645,1.0
1730329672.292027,1.0
1730329672.2962132,1.0
1730329672.2992132,1.0
1730329672.3032067,1.0
1730329672.3072553,1.0
1730329672.311166,1.0
1730329672.3161576,1.0
1730329672.3201773,1.0
1730329672.3242,1.0
1730329672.3270552,1.0
1730329672.3312335,1.0
1730329672.3351371,1.0
1730329672.3393643,1.0
1730329672.344294,1.0
1730329672.3484251,1.0
1730329672.3521793,1.0
1730329672.355307,1.0
1730329672.3591485,1.0
1730329672.3632078,1.0
1730329672.3674867,1.0
1730329672.3713667,1.0
1730329672.3761635,1.0
1730329672.3804972,1.0
1730329672.3833628,1.0
1730329672.3871517,1.0
1730329672.39132,1.0
1730329672.3958426,1.0
1730329672.3998094,1.0
1730329672.4049308,1.0
1730329672.4076087,1.0
1730329672.4112463,1.0
1730329672.4156446,1.0
1730329672.4191992,1.0
1730329672.423205,1.0
1730329672.4272568,1.0
1730329672.4323804,1.0
1730329672.435227,1.0
1730329672.4386597,1.0
1730329672.4432583,1.0
1730329672.447899,1.0
1730329672.4512627,1.0
1730329672.455606,1.0
1730329672.46029,1.0
1730329672.463527,1.0
1730329672.4665382,1.0
1730329672.471439,1.0
1730329672.4755163,1.0
1730329672.4793344,1.0
1730329672.4832556,1.0
1730329672.4874587,1.0
1730329672.4915142,1.0
1730329672.4943218,1.0
1730329672.4993398,1.0
1730329672.5036538,1.0
1730329672.507851,1.0
1730329672.5115316,1.0
1730329672.5153973,1.0
1730329672.5193856,1.0
1730329672.5225432,1.0
1730329672.5276053,1.0
1730329672.5314493,1.0
1730329672.5354035,1.0
1730329672.5395992,1.0
1730329672.5423884,1.0
1730329672.5466833,1.0
1730329672.5506475,1.0
1730329672.55464,1.0
1730329672.559483,1.0
1730329672.5639288,1.0
1730329672.5675564,1.0
1730329672.5716407,1.0
1730329672.5746562,1.0
1730329672.579172,1.0
1730329672.5826275,1.0
1730329672.587674,1.0
1730329672.591634,1.0
1730329672.5958073,1.0
1730329672.599064,1.0
1730329672.6025324,1.0
1730329672.607051,1.0
1730329672.6105692,1.0
1730329672.6160016,1.0
1730329672.6196296,1.0
1730329672.6242588,1.0
1730329672.6265223,1.0
1730329672.6311796,1.0
1730329672.6346045,1.0
1730329672.6388276,1.0
1730329672.6425085,1.0
1730329672.6479092,1.0
1730329672.650725,1.0
1730329672.6548564,1.0
1730329672.6588984,1.0
1730329672.662726,1.0
1730329672.6671383,1.0
1730329672.6722004,1.0
1730329672.6757572,1.0
1730329672.6793408,1.0
1730329672.682793,1.0
1730329672.6869006,1.0
1730329672.6906502,1.0
1730329672.6948688,1.0
1730329672.6989536,1.0
1730329672.7042751,1.0
1730329672.7066984,1.0
1730329672.7106595,1.0
1730329672.714936,1.0
1730329672.7186956,1.0
1730329672.722724,1.0
1730329672.7267263,1.0
1730329672.731799,1.0
1730329672.7346628,1.0
1730329672.7386005,1.0
1730329672.7425773,1.0
1730329672.746606,1.0
1730329672.7506504,1.0
1730329672.7547648,1.0
1730329672.7596507,1.0
1730329672.7627747,1.0
1730329672.7670753,1.0
1730329672.7708716,1.0
1730329672.7754931,1.0
1730329672.779379,1.0
1730329672.7829318,1.0
1730329672.7870274,1.0
1730329672.7904296,1.0
1730329672.793928,1.0
1730329672.7993517,1.0
1730329672.803033,1.0
1730329672.8072882,1.0
1730329672.8109603,1.0
1730329672.8154292,1.0
1730329672.8177917,1.0
1730329672.8224907,1.0
1730329672.8268344,1.0
1730329672.8311956,1.0
1730329672.8348858,1.0
1730329672.8393905,1.0
1730329672.8429017,1.0
1730329672.8460813,1.0
1730329672.8499484,1.0
1730329672.8550873,1.0
1730329672.8589897,1.0
1730329672.8630073,1.0
1730329672.8670802,1.0
1730329672.8705952,1.0
1730329672.8744764,1.0
1730329672.8780477,1.0
1730329672.8819828,1.0
1730329672.8874245,1.0
1730329672.8911588,1.0
1730329672.8951948,1.0
1730329672.8982067,1.0
1730329672.901884,1.0
1730329672.9061873,1.0
1730329672.91005,1.0
1730329672.9153678,1.0
1730329672.9190288,1.0
1730329672.922283,1.0
1730329672.9259748,1.0
1730329672.9302416,1.0
1730329672.9340773,1.0
1730329672.9382763,1.0
1730329672.9429312,1.0
1730329672.947466,1.0
1730329672.9504368,1.0
1730329672.954476,1.0
1730329672.9584813,1.0
1730329672.9620764,1.0
1730329672.9665108,1.0
1730329672.9712567,1.0
1730329672.9754243,1.0
1730329672.9782777,1.0
1730329672.9825609,1.0
1730329672.986091,1.0
1730329672.9904895,1.0
1730329672.9942386,1.0
1730329672.9985251,1.0
1730329673.0032115,1.0
1730329673.0065084,1.0
1730329673.0100737,1.0
1730329673.0148263,1.0
1730329673.018133,1.0
1730329673.0221715,1.0
1730329673.0271137,1.0
1730329673.030438,1.0
1730329673.033238,1.0
1730329673.0384493,1.0
1730329673.0421147,1.0
1730329673.046352,1.0
1730329673.0504067,1.0
1730329673.0556092,1.0
1730329673.0582993,1.0
1730329673.0612967,1.0
1730329673.066486,1.0
1730329673.0706346,1.0
1730329673.074286,1.0
1730329673.078378,1.0
1730329673.0823212,1.0
1730329673.0864134,1.0
1730329673.0894344,1.0
1730329673.0943642,1.0
1730329673.0983932,1.0
1730329673.1022284,1.0
1730329673.1064248,1.0
1730329673.1102316,1.0
1730329673.1144836,1.0
1730329673.1172757,1.0
1730329673.1212103,1.0
1730329673.1263168,1.0
1730329673.130582,1.0
1730329673.134237,1.0
1730329673.1388595,1.0
1730329673.1422,1.0
1730329673.145952,1.0
1730329673.1505387,1.0
1730329673.1549687,1.0
1730329673.1587284,1.0
1730329673.162488,1.0
1730329673.166947,1.0
1730329673.169345,1.0
1730329673.1736226,1.0
1730329673.1790264,1.0
1730329673.1824872,1.0
1730329673.1865847,1.0
1730329673.1905956,1.0
1730329673.1932926,1.0
1730329673.1977277,1.0
1730329673.2013185,1.0
1730329673.205426,1.0
1730329673.2104535,1.0
1730329673.2146933,1.0
1730329673.2183945,1.0
1730329673.2216272,1.0
1730329673.2256153,1.0
1730329673.2296927,1.0
1730329673.2336197,1.0
1730329673.2390375,1.0
1730329673.242367,1.0
1730329673.2466753,1.0
1730329673.2496536,1.0
1730329673.2541947,1.0
1730329673.2579567,1.0
1730329673.261649,1.0
1730329673.2656152,1.0
1730329673.271146,1.0
1730329673.273944,1.0
1730329673.2775977,1.0
1730329673.2816255,1.0
1730329673.2855203,1.0
1730329673.2901208,1.0
1730329673.2935712,1.0
1730329673.2986212,1.0
1730329673.301438,1.0
1730329673.3055873,1.0
1730329673.30944,1.0
1730329673.3136563,1.0
1730329673.3174653,1.0
1730329673.3217075,1.0
1730329673.3265843,1.0
1730329673.3296833,1.0
1730329673.3326335,1.0
1730329673.33799,1.0
1730329673.34193,1.0
1730329673.34588,1.0
1730329673.3499663,1.0
1730329673.3549056,1.0
1730329673.357855,1.0
1730329673.361852,1.0
1730329673.366078,1.0
1730329673.3699512,1.0
1730329673.3737435,1.0
1730329673.3776784,1.0
1730329673.382228,1.0
1730329673.3847072,1.0
1730329673.389099,1.0
1730329673.3937144,1.0
1730329673.398137,1.0
1730329673.401771,1.0
1730329673.4057603,1.0
1730329673.4097483,1.0
1730329673.412794,1.0
1730329673.4168923,1.0
1730329673.421682,1.0
1730329673.4257164,1.0
1730329673.4300525,1.0
1730329673.4339612,1.0
1730329673.4375193,1.0
1730329673.441038,1.0
1730329673.4450624,1.0
1730329673.4502263,1.0
1730329673.4537876,1.0
1730329673.4586473,1.0
1730329673.4625037,1.0
1730329673.46642,1.0
1730329673.4688735,1.0
1730329673.4727888,1.0
1730329673.476807,1.0
1730329673.4821696,1.0
1730329673.4859104,1.0
1730329673.4904668,1.0
1730329673.4938812,1.0
1730329673.497414,1.0
1730329673.5009165,1.0
1730329673.5051584,1.0
1730329673.5099256,1.0
1730329673.5141337,1.0
1730329673.5170891,1.0
1730329673.5211928,1.0
1730329673.5251825,1.0
1730329673.5293891,1.0
1730329673.533017,1.0
1730329673.5381005,1.0
1730329673.5421908,1.0
1730329673.5450966,1.0
1730329673.5491328,1.0
1730329673.5528784,1.0
1730329673.5574577,1.0
1730329673.560934,1.0
1730329673.566178,1.0
1730329673.5702314,1.0
1730329673.5730493,1.0
1730329673.5770428,1.0
1730329673.5811937,1.0
1730329673.5849652,1.0
1730329673.5890195,1.0
1730329673.5942252,1.0
1730329673.598178,1.0
1730329673.601058,1.0
1730329673.6052234,1.0
1730329673.6089702,1.0
1730329673.6130848,1.0
1730329673.6172032,1.0
1730329673.6220438,1.0
1730329673.6252224,1.0
1730329673.6292253,1.0
1730329673.6331513,1.0
1730329673.6374743,1.0
1730329673.641248,1.0
1730329673.645187,1.0
1730329673.6494508,1.0
1730329673.653237,1.0
1730329673.6563082,1.0
1730329673.661295,1.0
1730329673.665444,1.0
1730329673.6692135,1.0
1730329673.673224,1.0
1730329673.6783676,1.0
1730329673.6813009,1.0
1730329673.6840649,1.0
1730329673.6885235,1.0
1730329673.6930356,1.0
1730329673.6972914,1.0
1730329673.7011273,1.0
1730329673.705328,1.0
1730329673.7090597,1.0
1730329673.7121775,1.0
1730329673.7170932,1.0
1730329673.7213037,1.0
1730329673.7252083,1.0
1730329673.7293568,1.0
1730329673.7332788,1.0
1730329673.7373016,1.0
1730329673.740295,1.0
1730329673.7441366,1.0
1730329673.749251,1.0
1730329673.7532375,1.0
1730329673.7572346,1.0
1730329673.7612307,1.0
1730329673.7653089,1.0
1730329673.7682252,1.0
1730329673.7722452,1.0
1730329673.7772553,1.0
1730329673.7813911,1.0
1730329673.78518,1.0
1730329673.7884202,1.0
1730329673.7921455,1.0
1730329673.7963724,1.0
1730329673.800285,1.0
1730329673.8054783,1.0
1730329673.8092265,1.0
1730329673.8137436,1.0
1730329673.816789,1.0
1730329673.8204525,1.0
1730329673.8249705,1.0
1730329673.8285902,1.0
1730329673.8324783,1.0
1730329673.8375912,1.0
1730329673.841538,1.0
1730329673.8445609,1.0
1730329673.8488104,1.0
1730329673.852374,1.0
1730329673.8568704,1.0
1730329673.8603754,1.0
1730329673.86559,1.0
1730329673.868356,1.0
1730329673.8725271,1.0
1730329673.8763244,1.0
1730329673.8808763,1.0
1730329673.8844612,1.0
1730329673.8888652,1.0
1730329673.8934116,1.0
1730329673.897051,1.0
1730329673.900423,1.0
1730329673.9046338,1.0
1730329673.9087288,1.0
1730329673.9125805,1.0
1730329673.9166672,1.0
1730329673.9216552,1.0
1730329673.9246757,1.0
1730329673.9290931,1.0
1730329673.9326267,1.0
1730329673.9372082,1.0
1730329673.9409852,1.0
1730329673.944768,1.0
1730329673.9486942,1.0
1730329673.9526565,1.0
1730329673.9558263,1.0
1730329673.9605265,1.0
1730329673.9645245,1.0
1730329673.9684887,1.0
1730329673.9726803,1.0
1730329673.9776502,1.0
1730329673.98077,1.0
1730329673.9836776,1.0
1730329673.988662,1.0
1730329673.9925337,1.0
1730329673.9966676,1.0
1730329674.0005465,1.0
1730329674.0046954,1.0
1730329674.0076053,1.0
1730329674.0116012,1.0
1730329674.0166862,1.0
1730329674.020507,1.0
1730329674.0245872,1.0
1730329674.0287344,1.0
1730329674.0319211,1.0
1730329674.0358355,1.0
1730329674.0396495,1.0
1730329674.0446432,1.0
1730329674.0485032,1.0
1730329674.0526292,1.0
1730329674.056672,1.0
1730329674.059523,1.0
1730329674.0636473,1.0
1730329674.0675488,1.0
1730329674.0715585,1.0
1730329674.0766537,1.0
1730329674.0806792,1.0
1730329674.0847042,1.0
1730329674.088182,1.0
1730329674.0927677,1.0
1730329674.0971036,1.0
1730329674.09988,1.0
1730329674.1044488,1.0
1730329674.107934,1.0
1730329674.111859,1.0
1730329674.116779,1.0
1730329674.1208732,1.0
1730329674.125055,1.0
1730329674.1280112,1.0
1730329674.1320305,1.0
1730329674.1361012,1.0
1730329674.1403844,1.0
1730329674.1439114,1.0
1730329674.149021,1.0
1730329674.153011,1.0
1730329674.155968,1.0
1730329674.159795,1.0
1730329674.1641629,1.0
1730329674.1678925,1.0
1730329674.1725478,1.0
1730329674.1769235,1.0
1730329674.1802409,1.0
1730329674.1838346,1.0
1730329674.1883647,1.0
1730329674.1919649,1.0
1730329674.1960332,1.0
1730329674.200083,1.0
1730329674.2052195,1.0
1730329674.208393,1.0
1730329674.210966,1.0
1730329674.216639,1.0
1730329674.2200766,1.0
1730329674.2241504,1.0
1730329674.22827,1.0
1730329674.2330444,1.0
1730329674.2361443,1.0
1730329674.240438,1.0
1730329674.244018,1.0
1730329674.2485144,1.0
1730329674.2520468,1.0
1730329674.2564275,1.0
1730329674.261032,1.0
1730329674.2641697,1.0
1730329674.267096,1.0
1730329674.2723062,1.0
1730329674.276028,1.0
1730329674.2805626,1.0
1730329674.2840185,1.0
1730329674.289224,1.0
1730329674.2920177,1.0
1730329674.2955887,1.0
1730329674.3001497,1.0
1730329674.3042011,1.0
1730329674.308251,1.0
1730329674.3120885,1.0
1730329674.3152204,1.0
1730329674.3191712,1.0
1730329674.3231547,1.0
1730329674.3282351,1.0
1730329674.3320887,1.0
1730329674.3361104,1.0
1730329674.3402443,1.0
1730329674.3430429,1.0
1730329674.3471773,1.0
1730329674.3510149,1.0
1730329674.3561437,1.0
1730329674.3603756,1.0
1730329674.3644228,1.0
1730329674.3680804,1.0
1730329674.3713284,1.0
1730329674.3751223,1.0
1730329674.3793988,1.0
1730329674.384199,1.0
1730329674.3884788,1.0
1730329674.392168,1.0
1730329674.396494,1.0
1730329674.399342,1.0
1730329674.403436,1.0
1730329674.4073992,1.0
1730329674.4111297,1.0
1730329674.416118,1.0
1730329674.4201272,1.0
1730329674.4231176,1.0
1730329674.4271078,1.0
1730329674.431124,1.0
1730329674.4351573,1.0
1730329674.4391313,1.0
1730329674.4441378,1.0
1730329674.448167,1.0
1730329674.4512875,1.0
1730329674.455136,1.0
1730329674.459191,1.0
1730329674.463159,1.0
1730329674.4671717,1.0
1730329674.4712107,1.0
1730329674.476192,1.0
1730329674.4794888,1.0
1730329674.4833715,1.0
1730329674.4872773,1.0
1730329674.4912343,1.0
1730329674.495258,1.0
1730329674.4995203,1.0
1730329674.5046232,1.0
1730329674.5074158,1.0
1730329674.5113833,1.0
1730329674.5157635,1.0
1730329674.5196073,1.0
1730329674.5240495,1.0
1730329674.5275102,1.0
1730329674.5324872,1.0
1730329674.535504,1.0
1730329674.539436,1.0
1730329674.5434103,1.0
1730329674.5476267,1.0
1730329674.5514984,1.0
1730329674.556143,1.0
1730329674.5605705,1.0
1730329674.5638373,1.0
1730329674.5667048,1.0
1730329674.5716467,1.0
1730329674.575453,1.0
1730329674.5798688,1.0
1730329674.583624,1.0
1730329674.5879033,1.0
1730329674.5907967,1.0
1730329674.5956593,1.0
1730329674.599932,1.0
1730329674.6042175,1.0
1730329674.6079822,1.0
1730329674.6116164,1.0
1730329674.6159227,1.0
1730329674.6184924,1.0
1730329674.6226585,1.0
1730329674.6276677,1.0
1730329674.6317885,1.0
1730329674.635608,1.0
1730329674.639914,1.0
1730329674.6436117,1.0
1730329674.6471667,1.0
1730329674.650557,1.0
1730329674.6562808,1.0
1730329674.6595678,1.0
1730329674.6640651,1.0
1730329674.6667864,1.0
1730329674.6711793,1.0
1730329674.6748729,1.0
1730329674.6790352,1.0
1730329674.6836543,1.0
1730329674.6878862,1.0
1730329674.691746,1.0
1730329674.6952977,1.0
1730329674.6988733,1.0
1730329674.7027729,1.0
1730329674.7071977,1.0
1730329674.7107494,1.0
1730329674.7162912,1.0
1730329674.7203147,1.0
1730329674.7226985,1.0
1730329674.7267835,1.0
1730329674.7311049,1.0
1730329674.734822,1.0
1730329674.738942,1.0
1730329674.7438495,1.0
1730329674.747897,1.0
1730329674.7508447,1.0
1730329674.754993,1.0
1730329674.7589371,1.0
1730329674.7627747,1.0
1730329674.766752,1.0
1730329674.7723737,1.0
1730329674.7757616,1.0
1730329674.7793145,1.0
1730329674.783003,1.0
1730329674.7874427,1.0
1730329674.7912672,1.0
1730329674.7951674,1.0
1730329674.7990868,1.0
1730329674.8030224,1.0
1730329674.8062491,1.0
1730329674.8111355,1.0
1730329674.815018,1.0
1730329674.8189805,1.0
1730329674.8230443,1.0
1730329674.828585,1.0
1730329674.8310406,1.0
1730329674.8338668,1.0
1730329674.8390217,1.0
1730329674.843036,1.0
1730329674.8473916,1.0
1730329674.8508697,1.0
1730329674.8550797,1.0
1730329674.8588333,1.0
1730329674.8624806,1.0
1730329674.8668773,1.0
1730329674.8710723,1.0
1730329674.875186,1.0
1730329674.8789375,1.0
1730329674.8831604,1.0
1730329674.8871243,1.0
1730329674.8904831,1.0
1730329674.895536,1.0
1730329674.8991444,1.0
1730329674.902969,1.0
1730329674.9089532,1.0
1730329674.911986,1.0
1730329674.915288,1.0
1730329674.917909,1.0
1730329674.9222617,1.0
1730329674.927044,1.0
1730329674.930978,1.0
1730329674.9349327,1.0
1730329674.9381485,1.0
1730329674.941926,1.0
1730329674.9461665,1.0
1730329674.94995,1.0
1730329674.9550033,1.0
1730329674.9589152,1.0
1730329674.9630232,1.0
1730329674.966243,1.0
1730329674.9701166,1.0
1730329674.9741688,1.0
1730329674.9780252,1.0
1730329674.983306,1.0
1730329674.9872026,1.0
1730329674.991218,1.0
1730329674.9942183,1.0
1730329674.9982135,1.0
1730329675.00223,1.0
1730329675.006034,1.0
1730329675.0100925,1.0
1730329675.0152466,1.0
1730329675.019271,1.0
1730329675.022286,1.0
1730329675.0262332,1.0
1730329675.0302958,1.0
1730329675.034067,1.0
1730329675.039306,1.0
1730329675.043131,1.0
1730329675.0462725,1.0
1730329675.0500956,1.0
1730329675.0543673,1.0
1730329675.058267,1.0
1730329675.0623553,1.0
1730329675.066373,1.0
1730329675.0714643,1.0
1730329675.0742166,1.0
1730329675.0781946,1.0
1730329675.0822043,1.0
1730329675.086326,1.0
1730329675.090397,1.0
1730329675.0943124,1.0
1730329675.0994718,1.0
1730329675.1025188,1.0
1730329675.106536,1.0
1730329675.110304,1.0
1730329675.1143975,1.0
1730329675.1183977,1.0
1730329680.1250722,1.0
1730329680.129105,1.0
1730329680.132075,1.0
1730329680.1361597,1.0
1730329680.14007,1.0
1730329680.1441264,1.0
1730329680.1490712,1.0
1730329680.1530864,1.0
1730329680.157102,1.0
1730329680.160143,1.0
1730329680.1642082,1.0
1730329680.1681793,1.0
1730329680.1723795,1.0
1730329680.177415,1.0
1730329680.1814058,1.0
1730329680.1853464,1.0
1730329680.1884005,1.0
1730329680.1923552,1.0
1730329680.1962695,1.0
1730329680.2002964,1.0
1730329680.2047868,1.0
1730329680.2092834,1.0
1730329680.2132444,1.0
1730329680.2162304,1.0
1730329680.220234,1.0
1730329680.224266,1.0
1730329680.2283196,1.0
1730329680.2332888,1.0
1730329680.2374153,1.0
1730329680.2402823,1.0
1730329680.2442808,1.0
1730329680.248248,1.0
1730329680.252365,1.0
1730329680.2563744,1.0
1730329680.2602968,1.0
1730329680.2652917,1.0
1730329680.2682867,1.0
1730329680.2722795,1.0
1730329680.2763216,1.0
1730329680.2802916,1.0
1730329680.2843163,1.0
1730329680.2883155,1.0
1730329680.2933931,1.0
1730329680.296324,1.0
1730329680.3003354,1.0
1730329680.3044105,1.0
1730329680.3083951,1.0
1730329680.312326,1.0
1730329680.3163888,1.0
1730329680.3213656,1.0
1730329680.324398,1.0
1730329680.3273785,1.0
1730329680.3323977,1.0
1730329680.3363783,1.0
1730329680.3404005,1.0
1730329680.3444357,1.0
1730329680.3483996,1.0
1730329680.3524284,1.0
1730329680.3554242,1.0
1730329680.360445,1.0
1730329680.3645008,1.0
1730329680.3686364,1.0
1730329680.372498,1.0
1730329680.3756971,1.0
1730329680.379742,1.0
1730329680.3836195,1.0
1730329680.3887334,1.0
1730329680.3925376,1.0
1730329680.3967712,1.0
1730329680.4007654,1.0
1730329680.4037633,1.0
1730329680.40757,1.0
1730329680.4117925,1.0
1730329680.41565,1.0
1730329680.4205954,1.0
1730329680.4246032,1.0
1730329680.428548,1.0
1730329680.4316318,1.0
1730329680.4357088,1.0
1730329680.4396217,1.0
1730329680.4436777,1.0
1730329680.4486437,1.0
1730329680.4529688,1.0
1730329680.4566264,1.0
1730329680.459659,1.0
1730329680.4638057,1.0
1730329680.4676824,1.0
1730329680.47165,1.0
1730329680.4767,1.0
1730329680.4806583,1.0
1730329680.4836712,1.0
1730329680.4876485,1.0
1730329680.491728,1.0
1730329680.4957075,1.0
1730329680.4997594,1.0
1730329680.5047252,1.0
1730329680.5087435,1.0
1730329680.5117254,1.0
1730329680.5157442,1.0
1730329680.5197473,1.0
1730329680.5237305,1.0
1730329680.5278692,1.0
1730329680.531742,1.0
1730329680.536818,1.0
1730329680.5398436,1.0
1730329680.543775,1.0
1730329680.54777,1.0
1730329680.551826,1.0
1730329680.5558057,1.0
1730329680.5597951,1.0
1730329680.5647993,1.0
1730329680.567848,1.0
1730329680.5717697,1.0
1730329680.5757847,1.0
1730329680.5798123,1.0
1730329680.5838351,1.0
1730329680.5888567,1.0
1730329680.5918512,1.0
1730329680.5948467,1.0
1730329680.5988724,1.0
1730329680.603868,1.0
1730329680.6078796,1.0
1730329680.611873,1.0
1730329680.6159277,1.0
1730329680.6199863,1.0
1730329680.6229436,1.0
1730329680.6280212,1.0
1730329680.6319427,1.0
1730329680.636123,1.0
1730329680.639958,1.0
1730329680.6441982,1.0
1730329680.6481144,1.0
1730329680.6511996,1.0
1730329680.6549983,1.0
1730329680.66004,1.0
1730329680.6642632,1.0
1730329680.6682606,1.0
1730329680.672243,1.0
1730329680.6762526,1.0
1730329680.6792276,1.0
1730329680.683107,1.0
1730329680.6870806,1.0
1730329680.6924696,1.0
1730329680.6962893,1.0
1730329680.7001133,1.0
1730329680.70337,1.0
1730329680.707176,1.0
1730329680.7110896,1.0
1730329680.7150276,1.0
1730329680.720039,1.0
1730329680.7241435,1.0
1730329680.72707,1.0
1730329680.731048,1.0
1730329680.7352147,1.0
1730329680.7391057,1.0
1730329680.7430956,1.0
1730329680.74809,1.0
1730329680.7521377,1.0
1730329680.7551117,1.0
1730329680.7591193,1.0
1730329680.7631304,1.0
1730329680.7671564,1.0
1730329680.7711697,1.0
1730329680.7751627,1.0
1730329680.7801695,1.0
1730329680.7831886,1.0
1730329680.7871687,1.0
1730329680.79118,1.0
1730329680.7951891,1.0
1730329680.799235,1.0
1730329680.8042092,1.0
1730329680.8092172,1.0
1730329680.8122709,1.0
1730329680.8163383,1.0
1730329680.8192272,1.0
1730329680.8232117,1.0
1730329680.8272605,1.0
1730329680.8322873,1.0
1730329680.835343,1.0
1730329680.838256,1.0
1730329680.8433168,1.0
1730329680.847509,1.0
1730329680.8513734,1.0
1730329680.85537,1.0
1730329680.860352,1.0
1730329680.8633337,1.0
1730329680.8664644,1.0
1730329680.8713765,1.0
1730329680.8753288,1.0
1730329680.879636,1.0
1730329680.8834295,1.0
1730329680.888553,1.0
1730329680.8915007,1.0
1730329680.894591,1.0
1730329680.899441,1.0
1730329680.9034157,1.0
1730329680.907438,1.0
1730329680.91163,1.0
1730329680.9154325,1.0
1730329680.9196148,1.0
1730329680.9226274,1.0
1730329680.9276445,1.0
1730329680.9314816,1.0
1730329680.9356575,1.0
1730329680.9396524,1.0
1730329680.9436555,1.0
1730329680.9476388,1.0
1730329680.950654,1.0
1730329680.9546676,1.0
1730329680.9595094,1.0
1730329680.963466,1.0
1730329680.967526,1.0
1730329680.9705763,1.0
1730329680.9745717,1.0
1730329680.9785943,1.0
1730329680.9824831,1.0
1730329680.987494,1.0
1730329680.9915268,1.0
1730329680.9954984,1.0
1730329680.9984992,1.0
1730329681.002548,1.0
1730329681.0065167,1.0
1730329681.0105412,1.0
1730329681.0155516,1.0
1730329681.0195513,1.0
1730329681.0235465,1.0
1730329681.0265653,1.0
1730329681.0305505,1.0
1730329681.0346043,1.0
1730329681.0385692,1.0
1730329681.0426528,1.0
1730329681.0475955,1.0
1730329681.051652,1.0
1730329681.054639,1.0
1730329681.0586302,1.0
1730329681.0626376,1.0
1730329681.066738,1.0
1730329681.0707488,1.0
1730329681.0757284,1.0
1730329681.0787628,1.0
1730329681.0817533,1.0
1730329681.0866587,1.0
1730329681.0907545,1.0
1730329681.094813,1.0
1730329681.098742,1.0
1730329681.103814,1.0
1730329681.1067655,1.0
1730329681.1108353,1.0
1730329681.114761,1.0
1730329681.1188543,1.0
1730329681.1231325,1.0
1730329681.1271253,1.0
1730329681.131797,1.0
1730329681.135262,1.0
1730329681.1390567,1.0
1730329681.1433983,1.0
1730329681.1474469,1.0
1730329681.1511557,1.0
1730329681.15525,1.0
1730329681.1604576,1.0
1730329681.1633043,1.0
1730329681.1658928,1.0
1730329681.1711674,1.0
1730329681.1750045,1.0
1730329681.179054,1.0
1730329681.1829145,1.0
1730329681.1875136,1.0
1730329681.1909916,1.0
1730329681.1938837,1.0
1730329681.1988993,1.0
1730329681.2031186,1.0
1730329681.206957,1.0
1730329681.2109635,1.0
1730329681.2139387,1.0
1730329681.2179973,1.0
1730329681.2218704,1.0
1730329681.226895,1.0
1730329681.2308867,1.0
1730329681.2349148,1.0
1730329681.2389293,1.0
1730329681.2429404,1.0
1730329681.245915,1.0
1730329681.2499611,1.0
1730329681.2539575,1.0
1730329681.2589543,1.0
1730329681.2630143,1.0
1730329681.2669816,1.0
1730329681.2699697,1.0
1730329681.2739716,1.0
1730329681.2780108,1.0
1730329681.281999,1.0
1730329681.2869964,1.0
1730329681.2911124,1.0
1730329681.295087,1.0
1730329681.2980044,1.0
1730329681.302015,1.0
1730329681.3060396,1.0
1730329681.3100498,1.0
1730329681.3150554,1.0
1730329681.31908,1.0
1730329681.3220687,1.0
1730329681.3260665,1.0
1730329681.33006,1.0
1730329681.3340905,1.0
1730329681.3380773,1.0
1730329681.343115,1.0
1730329681.3470926,1.0
1730329681.350124,1.0
1730329681.3541248,1.0
1730329681.3581135,1.0
1730329681.3621924,1.0
1730329681.3661633,1.0
1730329681.370153,1.0
1730329681.3751695,1.0
1730329681.378165,1.0
1730329681.382208,1.0
1730329681.3861666,1.0
1730329681.390164,1.0
1730329681.394204,1.0
1730329681.3981977,1.0
1730329681.4033167,1.0
1730329681.4062228,1.0
1730329681.4103456,1.0
1730329681.414585,1.0
1730329681.41847,1.0
1730329681.4229906,1.0
1730329681.4265635,1.0
1730329681.431456,1.0
1730329681.4346552,1.0
1730329681.437473,1.0
1730329681.4424288,1.0
1730329681.4469123,1.0
1730329681.4504302,1.0
1730329681.4543777,1.0
1730329681.458468,1.0
1730329681.4616685,1.0
1730329681.4663775,1.0
1730329681.470579,1.0
1730329681.4743812,1.0
1730329681.4783847,1.0
1730329681.4823873,1.0
1730329681.4864025,1.0
1730329681.4893515,1.0
1730329681.4933488,1.0
1730329681.4983284,1.0
1730329681.5023572,1.0
1730329681.5063674,1.0
1730329681.510388,1.0
1730329681.514368,1.0
1730329681.5174096,1.0
1730329681.5214071,1.0
1730329681.526408,1.0
1730329681.5303905,1.0
1730329681.5344155,1.0
1730329681.5383987,1.0
1730329681.5424516,1.0
1730329681.5454855,1.0
1730329681.54944,1.0
1730329681.553467,1.0
1730329681.5584338,1.0
1730329681.5624363,1.0
1730329681.5654976,1.0
1730329681.5694752,1.0
1730329681.5734615,1.0
1730329681.5774994,1.0
1730329681.5815032,1.0
1730329681.586496,1.0
1730329681.59052,1.0
1730329681.5935404,1.0
1730329681.5975225,1.0
1730329681.6015072,1.0
1730329681.6056368,1.0
1730329681.609568,1.0
1730329681.6145282,1.0
1730329681.6185777,1.0
1730329681.6215649,1.0
1730329681.6255803,1.0
1730329681.6295853,1.0
1730329681.6336603,1.0
1730329681.6376166,1.0
1730329681.642681,1.0
1730329681.6466465,1.0
1730329681.6496472,1.0
1730329681.6537404,1.0
1730329681.6579597,1.0
1730329681.6622677,1.0
1730329681.6658263,1.0
1730329681.6713634,1.0
1730329681.6739025,1.0
1730329681.6769786,1.0
1730329681.6817448,1.0
1730329681.6862245,1.0
1730329681.6898184,1.0
1730329681.6943493,1.0
1730329681.698896,1.0
1730329681.702105,1.0
1730329681.7050977,1.0
1730329681.71036,1.0
1730329681.7140584,1.0
1730329681.7182686,1.0
1730329681.7219625,1.0
1730329681.7270772,1.0
1730329681.730049,1.0
1730329681.7330062,1.0
1730329681.7379987,1.0
1730329681.7417853,1.0
1730329681.745776,1.0
1730329681.749806,1.0
1730329681.7537892,1.0
1730329681.7579212,1.0
1730329681.760788,1.0
1730329681.7658453,1.0
1730329681.769854,1.0
1730329681.7738235,1.0
1730329681.7779157,1.0
1730329681.781852,1.0
1730329681.785859,1.0
1730329681.788852,1.0
1730329681.7928553,1.0
1730329681.797897,1.0
1730329681.801869,1.0
1730329681.8058674,1.0
1730329681.808916,1.0
1730329681.8129044,1.0
1730329681.817031,1.0
1730329681.8209045,1.0
1730329681.8259363,1.0
1730329681.829908,1.0
1730329681.8339455,1.0
1730329681.8369377,1.0
1730329681.8409617,1.0
1730329681.8449545,1.0
1730329681.848946,1.0
1730329681.853959,1.0
1730329681.8579872,1.0
1730329681.8619905,1.0
1730329681.8649628,1.0
1730329681.8689911,1.0
1730329681.8729787,1.0
1730329681.8769932,1.0
1730329681.8810558,1.0
1730329681.886056,1.0
1730329681.8900118,1.0
1730329681.8930447,1.0
1730329681.8969836,1.0
1730329681.9011486,1.0
1730329681.9051108,1.0
1730329681.90914,1.0
1730329681.9141707,1.0
1730329681.917202,1.0
1730329681.9201844,1.0
1730329681.9253187,1.0
1730329681.9291935,1.0
1730329681.9331555,1.0
1730329681.937344,1.0
1730329681.94232,1.0
1730329681.9454927,1.0
1730329681.949216,1.0
1730329681.9538035,1.0
1730329681.9572103,1.0
1730329681.9614892,1.0
1730329681.9652424,1.0
1730329681.9709206,1.0
1730329681.973247,1.0
1730329681.9764087,1.0
1730329681.9813457,1.0
1730329681.9855015,1.0
1730329681.989293,1.0
1730329681.9933088,1.0
1730329681.9982347,1.0
1730329682.0012846,1.0
1730329682.004207,1.0
1730329682.0093298,1.0
1730329682.0132284,1.0
1730329682.0172396,1.0
1730329682.0212212,1.0
1730329682.0263088,1.0
1730329682.0292556,1.0
1730329682.0322652,1.0
1730329682.0382297,1.0
1730329682.041302,1.0
1730329682.0453255,1.0
1730329682.0492885,1.0
1730329682.053265,1.0
1730329682.0562851,1.0
1730329682.0602987,1.0
1730329682.065313,1.0
1730329682.069304,1.0
1730329682.073325,1.0
1730329682.0773296,1.0
1730329682.0813031,1.0
1730329682.084348,1.0
1730329682.0883029,1.0
1730329682.0923607,1.0
1730329682.0973155,1.0
1730329682.1013503,1.0
1730329682.105368,1.0
1730329682.1083791,1.0
1730329682.11238,1.0
1730329682.1163812,1.0
1730329682.120398,1.0
1730329682.1254091,1.0
1730329682.1294005,1.0
1730329682.1324327,1.0
1730329682.1364293,1.0
1730329682.141441,1.0
1730329682.1454463,1.0
1730329682.14845,1.0
1730329682.1525223,1.0
1730329682.1564364,1.0
1730329682.1605089,1.0
1730329682.1644588,1.0
1730329682.1695633,1.0
1730329682.1735885,1.0
1730329682.176984,1.0
1730329682.181027,1.0
1730329682.184981,1.0
1730329682.1887257,1.0
1730329682.1933718,1.0
1730329682.1978924,1.0
1730329682.2021224,1.0
1730329682.2049544,1.0
1730329682.2086933,1.0
1730329682.213187,1.0
1730329682.216679,1.0
1730329682.2211728,1.0
1730329682.225973,1.0
1730329682.2299757,1.0
1730329682.2326295,1.0
1730329682.2371948,1.0
1730329682.240651,1.0
1730329682.2447283,1.0
1730329682.2486756,1.0
1730329682.253742,1.0
1730329682.256634,1.0
1730329682.2596605,1.0
1730329682.2646503,1.0
1730329682.268662,1.0
1730329682.2726612,1.0
1730329682.2767248,1.0
1730329682.2816708,1.0
1730329682.2846916,1.0
1730329682.287923,1.0
1730329682.2927496,1.0
1730329682.2967453,1.0
1730329682.3008497,1.0
1730329682.3047793,1.0
1730329682.3087635,1.0
1730329682.3127525,1.0
1730329682.3157692,1.0
1730329682.3207428,1.0
1730329682.3248825,1.0
1730329682.3287303,1.0
1730329682.3327503,1.0
1730329682.3357427,1.0
1730329682.33978,1.0
1730329682.3437493,1.0
1730329682.3487756,1.0
1730329682.3527908,1.0
1730329682.3567865,1.0
1730329682.3607905,1.0
1730329682.3637836,1.0
1730329682.3679273,1.0
1730329682.371826,1.0
1730329682.3759117,1.0
1730329682.3808875,1.0
1730329682.3848643,1.0
1730329682.3888724,1.0
1730329682.3918536,1.0
1730329682.3958776,1.0
1730329682.3999565,1.0
1730329682.4039292,1.0
1730329682.408995,1.0
1730329682.41302,1.0
1730329682.4169838,1.0
1730329682.4202008,1.0
1730329682.4240844,1.0
1730329682.4280448,1.0
1730329682.4319916,1.0
1730329682.4374216,1.0
1730329682.4411104,1.0
1730329682.4455304,1.0
1730329682.4480104,1.0
1730329682.4525795,1.0
1730329682.4561703,1.0
1730329682.460498,1.0
1730329682.4642549,1.0
1730329682.4692433,1.0
1730329682.4725945,1.0
1730329682.476611,1.0
1730329682.4805949,1.0
1730329682.4841938,1.0
1730329682.488045,1.0
1730329682.4921453,1.0
1730329682.4970405,1.0
1730329682.5000415,1.0
1730329682.5040624,1.0
1730329682.5080912,1.0
1730329682.5120387,1.0
1730329682.516121,1.0
1730329682.5200956,1.0
1730329682.5250823,1.0
1730329682.5280845,1.0
1730329682.5310905,1.0
1730329682.5360956,1.0
1730329682.5400832,1.0
1730329682.5441103,1.0
1730329682.5481265,1.0
1730329682.553118,1.0
1730329682.5561051,1.0
1730329682.5601351,1.0
1730329682.5641632,1.0
1730329682.568136,1.0
1730329682.5721672,1.0
1730329682.5761752,1.0
1730329682.5801632,1.0
1730329682.583208,1.0
1730329682.5871828,1.0
1730329682.59219,1.0
1730329682.5962183,1.0
1730329682.600243,1.0
1730329682.6042109,1.0
1730329682.608246,1.0
1730329682.6112273,1.0
1730329682.6152492,1.0
1730329682.6202908,1.0
1730329682.6242545,1.0
1730329682.628262,1.0
1730329682.6323185,1.0
1730329682.6352727,1.0
1730329682.6392603,1.0
1730329682.6432984,1.0
1730329682.648278,1.0
1730329682.652388,1.0
1730329682.6563194,1.0
1730329682.660398,1.0
1730329682.6634817,1.0
1730329682.6673653,1.0
1730329682.6719155,1.0
1730329682.675769,1.0
1730329682.6806028,1.0
1730329682.6860588,1.0
1730329682.6894774,1.0
1730329682.6931727,1.0
1730329682.6958046,1.0
1730329682.6994853,1.0
1730329682.7038455,1.0
1730329682.7086124,1.0
1730329682.7128465,1.0
1730329682.715483,1.0
1730329682.7200189,1.0
1730329682.72354,1.0
1730329682.728182,1.0
1730329682.7314987,1.0
1730329682.7367685,1.0
1730329682.7405376,1.0
1730329682.743578,1.0
1730329682.7475724,1.0
1730329682.7514932,1.0
1730329682.7555037,1.0
1730329682.759484,1.0
1730329682.7644615,1.0
1730329682.7684903,1.0
1730329682.7715108,1.0
1730329682.775506,1.0
1730329682.7794964,1.0
1730329682.7835252,1.0
1730329682.7875235,1.0
1730329682.791535,1.0
1730329682.7965703,1.0
1730329682.7995677,1.0
1730329682.8035808,1.0
1730329682.8075497,1.0
1730329682.8115444,1.0
1730329682.8155816,1.0
1730329682.8195908,1.0
1730329682.823625,1.0
1730329682.8265817,1.0
1730329682.831598,1.0
1730329682.835595,1.0
1730329682.8395953,1.0
1730329682.8436172,1.0
1730329682.847607,1.0
1730329682.8516216,1.0
1730329682.8546286,1.0
1730329682.8596478,1.0
1730329682.8636434,1.0
1730329682.8678565,1.0
1730329682.8717196,1.0
1730329682.8757536,1.0
1730329682.8797688,1.0
1730329682.8827798,1.0
1730329682.8867517,1.0
1730329682.8917472,1.0
1730329682.8957365,1.0
1730329682.899804,1.0
1730329682.9037912,1.0
1730329682.9080312,1.0
1730329682.910797,1.0
1730329682.9147406,1.0
1730329682.9198544,1.0
1730329682.923956,1.0
1730329682.9283402,1.0
1730329682.9309893,1.0
1730329682.9350958,1.0
1730329682.9391124,1.0
1730329682.9431057,1.0
1730329682.9481423,1.0
1730329682.9520955,1.0
1730329682.9560556,1.0
1730329682.9588883,1.0
1730329682.9640691,1.0
1730329682.96855,1.0
1730329682.9710643,1.0
1730329682.9749749,1.0
1730329682.9803536,1.0
1730329682.9845865,1.0
1730329682.9874024,1.0
1730329682.990916,1.0
1730329682.9949093,1.0
1730329682.9988866,1.0
1730329683.0039406,1.0
1730329683.0079336,1.0
1730329683.0118911,1.0
1730329683.0148735,1.0
1730329683.018874,1.0
1730329683.0228913,1.0
1730329683.0268955,1.0
1730329683.0308857,1.0
1730329683.0359004,1.0
1730329683.0399296,1.0
1730329683.0429213,1.0
1730329683.0468943,1.0
1730329683.0509238,1.0
1730329683.0549257,1.0
1730329683.058951,1.0
1730329683.0640025,1.0
1730329683.0679555,1.0
1730329683.0709617,1.0
1730329683.0749652,1.0
1730329683.0789733,1.0
1730329683.0829933,1.0
1730329683.0870152,1.0
1730329683.0920131,1.0
1730329683.0950215,1.0
1730329683.0980332,1.0
1730329683.1030364,1.0
1730329683.1070242,1.0
1730329683.111064,1.0
1730329683.115068,1.0
1730329683.1200545,1.0
1730329683.123077,1.0
1730329683.1271129,1.0
1730329683.1310627,1.0
1730329683.1350744,1.0
1730329683.1390483,1.0
1730329683.143093,1.0
1730329683.1470895,1.0
1730329683.1512003,1.0
1730329683.154114,1.0
1730329683.1591268,1.0
1730329683.1631222,1.0
1730329683.1671836,1.0
1730329683.171212,1.0
1730329683.175202,1.0
1730329683.179263,1.0
1730329683.1823592,1.0
1730329683.1874104,1.0
1730329683.191327,1.0
1730329683.1958015,1.0
1730329683.1993442,1.0
1730329683.202796,1.0
1730329683.2063031,1.0
1730329683.2108476,1.0
1730329683.2143517,1.0
1730329683.219454,1.0
1730329683.2233293,1.0
1730329683.22743,1.0
1730329683.2307577,1.0
1730329683.234758,1.0
1730329683.2384353,1.0
1730329683.2426493,1.0
1730329683.2483697,1.0
1730329683.2516046,1.0
1730329683.2557333,1.0
1730329683.2585428,1.0
1730329683.262443,1.0
1730329683.2664146,1.0
1730329683.270407,1.0
1730329683.275306,1.0
1730329683.2793057,1.0
1730329683.2833903,1.0
1730329683.2863164,1.0
1730329683.290395,1.0
1730329683.2943316,1.0
1730329683.2983377,1.0
1730329683.3023725,1.0
1730329683.3073623,1.0
1730329683.3104148,1.0
1730329683.3143425,1.0
1730329683.3183708,1.0
1730329683.3223584,1.0
1730329683.3263905,1.0
1730329683.3303845,1.0
1730329683.3353932,1.0
1730329683.3383925,1.0
1730329683.3424644,1.0
1730329683.346403,1.0
1730329683.350411,1.0
1730329683.354404,1.0
1730329683.3584645,1.0
1730329683.3634627,1.0
1730329683.3665304,1.0
1730329683.370452,1.0
1730329683.3744743,1.0
1730329683.378473,1.0
1730329683.3825288,1.0
1730329683.3865027,1.0
1730329683.3915112,1.0
1730329683.3944812,1.0
1730329683.3984869,1.0
1730329683.4025657,1.0
1730329683.4065132,1.0
1730329683.410526,1.0
1730329683.4145112,1.0
1730329683.4195683,1.0
1730329683.4225368,1.0
1730329683.425586,1.0
1730329683.4308584,1.0
1730329683.4347355,1.0
1730329683.4387932,1.0
1730329683.4429495,1.0
1730329683.4466918,1.0
1730329683.4503815,1.0
1730329683.4542272,1.0
1730329683.4587536,1.0
1730329683.4630415,1.0
1730329683.4670155,1.0
1730329683.4712403,1.0
1730329683.4737272,1.0
1730329683.4779503,1.0
1730329683.48181,1.0
1730329683.4862328,1.0
1730329683.4907997,1.0
1730329683.4952676,1.0
1730329683.4988284,1.0
1730329683.50211,1.0
1730329683.505797,1.0
1730329683.509997,1.0
1730329683.5140855,1.0
1730329683.5189917,1.0
1730329683.522826,1.0
1730329683.5270343,1.0
1730329683.5305672,1.0
1730329683.534468,1.0
1730329683.5385225,1.0
1730329683.542574,1.0
1730329683.5469627,1.0
1730329683.5511928,1.0
1730329683.554136,1.0
1730329683.5580049,1.0
1730329683.56241,1.0
1730329683.5659077,1.0
1730329683.5704198,1.0
1730329683.5750992,1.0
1730329683.5790188,1.0
1730329683.581884,1.0
1730329683.586282,1.0
1730329683.5899749,1.0
1730329683.5942328,1.0
1730329683.5979178,1.0
1730329683.6031735,1.0
1730329683.6068952,1.0
1730329683.6103988,1.0
1730329683.6141942,1.0
1730329683.617903,1.0
1730329683.6221845,1.0
1730329683.6264815,1.0
1730329683.6306407,1.0
1730329683.6351557,1.0
1730329683.6384768,1.0
1730329683.642588,1.0
1730329683.6461828,1.0
1730329683.650159,1.0
1730329683.654078,1.0
1730329683.659268,1.0
1730329683.6623971,1.0
1730329683.6650178,1.0
1730329683.6703336,1.0
1730329683.6740549,1.0
1730329683.67843,1.0
1730329683.68202,1.0
1730329683.6862764,1.0
1730329683.6899955,1.0
1730329683.6933768,1.0
1730329683.698033,1.0
1730329683.7024446,1.0
1730329683.706066,1.0
1730329683.710234,1.0
1730329683.7150028,1.0
1730329683.7181838,1.0
1730329683.72152,1.0
1730329683.7258224,1.0
1730329683.7305512,1.0
1730329683.7344716,1.0
1730329683.7385244,1.0
1730329683.7424664,1.0
1730329683.7464037,1.0
1730329683.749225,1.0
1730329683.753518,1.0
1730329683.7582605,1.0
1730329683.7628353,1.0
1730329683.7663183,1.0
1730329683.7707932,1.0
1730329683.7742574,1.0
1730329683.7775185,1.0
1730329683.7811744,1.0
1730329683.7864928,1.0
1730329683.790161,1.0
1730329683.79446,1.0
1730329683.797382,1.0
1730329683.8018432,1.0
1730329683.8054428,1.0
1730329683.809488,1.0
1730329683.8142445,1.0
1730329683.8185377,1.0
1730329683.822641,1.0
1730329683.8255515,1.0
1730329683.8294432,1.0
1730329683.8335528,1.0
1730329683.8378663,1.0
1730329683.84291,1.0
1730329683.846706,1.0
1730329683.8506408,1.0
1730329683.853457,1.0
1730329683.8572478,1.0
1730329683.8619444,1.0
1730329683.86527,1.0
1730329683.8704476,1.0
1730329683.8744693,1.0
1730329683.8784494,1.0
1730329683.881379,1.0
1730329683.8859212,1.0
1730329683.8893166,1.0
1730329683.8938496,1.0
1730329683.8974876,1.0
1730329683.9027176,1.0
1730329683.9064107,1.0
1730329683.909418,1.0
1730329683.9138813,1.0
1730329683.9174943,1.0
1730329683.9216108,1.0
1730329683.9255111,1.0
1730329683.930605,1.0
1730329683.9334805,1.0
1730329683.9375458,1.0
1730329683.9416113,1.0
1730329683.9456108,1.0
1730329683.9494646,1.0
1730329683.9535956,1.0
1730329683.958603,1.0
1730329683.961633,1.0
1730329683.965417,1.0
1730329683.9695585,1.0
1730329683.9733984,1.0
1730329683.9775329,1.0
1730329683.9814172,1.0
1730329683.9866483,1.0
1730329683.9894376,1.0
1730329683.992696,1.0
1730329683.9974885,1.0
1730329684.001711,1.0
1730329684.0056164,1.0
1730329684.0097198,1.0
1730329684.0139303,1.0
1730329684.016605,1.0
1730329684.0207007,1.0
1730329684.0256848,1.0
1730329684.02962,1.0
1730329684.03375,1.0
1730329684.0375814,1.0
1730329684.0420473,1.0
1730329684.0450523,1.0
1730329684.0486643,1.0
1730329684.05395,1.0
1730329684.0579216,1.0
1730329684.0619788,1.0
1730329684.0655985,1.0
1730329684.0687313,1.0
1730329684.0726018,1.0
1730329684.0768864,1.0
1730329684.080717,1.0
1730329684.08603,1.0
1730329684.0896251,1.0
1730329684.0936277,1.0
1730329684.0976331,1.0
1730329684.1010673,1.0
1730329684.1051302,1.0
1730329684.1086712,1.0
1730329684.1139495,1.0
1730329684.1179411,1.0
1730329684.1220956,1.0
1730329684.125018,1.0
1730329684.128755,1.0
1730329684.13285,1.0
1730329684.1371858,1.0
1730329684.141984,1.0
1730329684.1460369,1.0
1730329684.1486971,1.0
1730329684.153014,1.0
1730329684.156834,1.0
1730329684.160928,1.0
1730329684.16494,1.0
1730329684.168908,1.0
1730329684.173828,1.0
1730329684.1774647,1.0
1730329684.180847,1.0
1730329684.1850886,1.0
1730329684.1888344,1.0
1730329684.1931107,1.0
1730329684.1979272,1.0
1730329684.202279,1.0
1730329684.2050123,1.0
1730329684.2089615,1.0
1730329684.213253,1.0
1730329684.2175713,1.0
1730329684.2210212,1.0
1730329684.2263083,1.0
1730329684.2305584,1.0
1730329684.2331457,1.0
1730329684.237064,1.0
1730329684.2409413,1.0
1730329684.245418,1.0
1730329684.2489772,1.0
1730329684.2545044,1.0
1730329684.2569437,1.0
1730329684.260465,1.0
1730329684.264876,1.0
1730329684.2690368,1.0
1730329684.2729216,1.0
1730329684.2774944,1.0
1730329684.2819636,1.0
1730329684.2850957,1.0
1730329684.288396,1.0
1730329684.293194,1.0
1730329684.297184,1.0
1730329684.301577,1.0
1730329684.3054333,1.0
1730329684.3090792,1.0
1730329684.3133464,1.0
1730329684.3160732,1.0
1730329684.320442,1.0
1730329684.3253472,1.0
1730329684.3290813,1.0
1730329684.3331437,1.0
1730329684.3372295,1.0
1730329684.3412385,1.0
1730329684.3443172,1.0
1730329684.3479924,1.0
1730329684.3531532,1.0
1730329684.3571556,1.0
1730329684.3612268,1.0
1730329684.3650403,1.0
1730329684.3691926,1.0
1730329684.372241,1.0
1730329684.37629,1.0
1730329684.3803692,1.0
1730329684.3852963,1.0
1730329684.3890982,1.0
1730329684.3922777,1.0
1730329684.3962712,1.0
1730329684.4002316,1.0
1730329684.4042356,1.0
1730329684.409282,1.0
1730329684.413277,1.0
1730329684.4172668,1.0
1730329684.4202905,1.0
1730329684.424256,1.0
1730329684.4280963,1.0
1730329684.4321785,1.0
1730329684.4364316,1.0
1730329684.4419053,1.0
1730329684.445474,1.0
1730329684.4482248,1.0
1730329684.4524736,1.0
1730329684.4562218,1.0
1730329684.460827,1.0
1730329684.465308,1.0
1730329684.4685595,1.0
1730329684.4722157,1.0
1730329684.4764876,1.0
1730329684.4807112,1.0
1730329684.485528,1.0
1730329684.4883697,1.0
1730329684.4928565,1.0
1730329684.4970164,1.0
1730329684.5009384,1.0
1730329684.5046031,1.0
1730329684.5084262,1.0
1730329684.513762,1.0
1730329684.516607,1.0
1730329684.5209367,1.0
1730329684.5243993,1.0
1730329684.5284417,1.0
1730329684.5323825,1.0
1730329684.5365272,1.0
1730329684.5415375,1.0
1730329684.54457,1.0
1730329684.5483377,1.0
1730329684.5527158,1.0
1730329684.556408,1.0
1730329684.5608244,1.0
1730329684.565438,1.0
1730329684.5685444,1.0
1730329684.571633,1.0
1730329684.576542,1.0
1730329684.5804913,1.0
1730329684.5846252,1.0
1730329684.5885096,1.0
1730329684.5938523,1.0
1730329684.596675,1.0
1730329684.5995996,1.0
1730329684.6047685,1.0
1730329684.6085725,1.0
1730329684.6126077,1.0
1730329684.617166,1.0
1730329684.6209772,1.0
1730329684.6246045,1.0
1730329684.6276476,1.0
1730329684.632556,1.0
1730329684.6369216,1.0
1730329684.6405368,1.0
1730329684.6448936,1.0
1730329684.648415,1.0
1730329684.653162,1.0
1730329684.655548,1.0
1730329684.6597705,1.0
1730329684.6644952,1.0
1730329684.6686497,1.0
1730329684.672479,1.0
1730329684.6767623,1.0
1730329684.6805968,1.0
1730329684.6841235,1.0
1730329684.6875577,1.0
1730329684.6926885,1.0
1730329684.69677,1.0
1730329684.701058,1.0
1730329684.704986,1.0
1730329684.7076683,1.0
1730329684.711992,1.0
1730329684.7157292,1.0
1730329684.7198827,1.0
1730329684.7248816,1.0
1730329684.7287166,1.0
1730329684.7316337,1.0
1730329684.735984,1.0
1730329684.7396233,1.0
1730329684.7441144,1.0
1730329684.7476437,1.0
1730329684.7529051,1.0
1730329684.7566457,1.0
1730329684.7602649,1.0
1730329684.7637944,1.0
1730329684.7679665,1.0
1730329684.771983,1.0
1730329684.7758389,1.0
1730329684.7807655,1.0
1730329684.7851293,1.0
1730329684.7879152,1.0
1730329684.792038,1.0
1730329684.796188,1.0
1730329684.7997472,1.0
1730329684.8042097,1.0
1730329684.8087103,1.0
1730329684.812287,1.0
1730329684.8147967,1.0
1730329684.820248,1.0
1730329684.8239384,1.0
1730329684.828344,1.0
1730329684.8318205,1.0
1730329684.8364463,1.0
1730329684.8397784,1.0
1730329684.8430965,1.0
1730329684.8479044,1.0
1730329684.8522491,1.0
1730329684.855846,1.0
1730329684.8604946,1.0
1730329684.8638868,1.0
1730329684.8680692,1.0
1730329684.8710349,1.0
1730329684.8760257,1.0
1730329684.8800275,1.0
1730329684.884398,1.0
1730329684.888524,1.0
1730329684.8931465,1.0
1730329684.89594,1.0
1730329684.8988843,1.0
1730329684.9041357,1.0
1730329684.9081717,1.0
1730329684.912358,1.0
1730329684.91597,1.0
1730329684.9189143,1.0
1730329684.9229827,1.0
1730329684.9272137,1.0
1730329684.931958,1.0
1730329684.9360924,1.0
1730329684.9398792,1.0
1730329684.9440715,1.0
1730329684.9470005,1.0
1730329684.9511228,1.0
1730329684.9549353,1.0
1730329684.9591243,1.0
1730329684.9639113,1.0
1730329684.9680946,1.0
1730329684.9719305,1.0
1730329684.9750135,1.0
1730329684.979144,1.0
1730329684.9833033,1.0
1730329684.986962,1.0
1730329684.9921706,1.0
1730329684.9961636,1.0
1730329685.0001993,1.0
1730329685.0032184,1.0
1730329685.007135,1.0
1730329685.0111957,1.0
1730329685.0151331,1.0
1730329685.0201104,1.0
1730329685.0240743,1.0
1730329685.0281882,1.0
1730329685.0310628,1.0
1730329685.0351863,1.0
1730329685.0390258,1.0
1730329685.0432668,1.0
1730329685.0470417,1.0
1730329685.052241,1.0
1730329685.0551596,1.0
1730329685.059234,1.0
1730329685.063085,1.0
1730329685.067139,1.0
1730329685.0712488,1.0
1730329685.0761523,1.0
1730329685.080391,1.0
1730329685.0831068,1.0
1730329685.0871212,1.0
1730329685.091217,1.0
1730329685.0952673,1.0
1730329685.0992863,1.0
1730329685.1033356,1.0
1730329685.1084836,1.0
1730329685.1113749,1.0
1730329685.1154492,1.0
1730329685.1192944,1.0
1730329685.1233408,1.0
1730329685.1274185,1.0
1730329690.138784,1.0
1730329690.1418836,1.0
1730329690.1448152,1.0
1730329690.1499884,1.0
1730329690.1538365,1.0
1730329690.1578724,1.0
1730329690.161826,1.0
1730329690.1669133,1.0
1730329690.169849,1.0
1730329690.1729424,1.0
1730329690.1778934,1.0
1730329690.1817627,1.0
1730329690.185742,1.0
1730329690.1899068,1.0
1730329690.1953025,1.0
1730329690.198474,1.0
1730329690.2010386,1.0
1730329690.2058165,1.0
1730329690.209983,1.0
1730329690.2139845,1.0
1730329690.2179356,1.0
1730329690.2220223,1.0
1730329690.2260315,1.0
1730329690.2288587,1.0
1730329690.2330544,1.0
1730329690.2378397,1.0
1730329690.2420683,1.0
1730329690.245823,1.0
1730329690.2490704,1.0
1730329690.2530797,1.0
1730329690.2570884,1.0
1730329690.2610805,1.0
1730329690.2660873,1.0
1730329690.2701075,1.0
1730329690.274045,1.0
1730329690.2771487,1.0
1730329690.281149,1.0
1730329690.2851455,1.0
1730329690.2891524,1.0
1730329690.2940865,1.0
1730329690.2980917,1.0
1730329690.3019404,1.0
1730329690.305011,1.0
1730329690.309188,1.0
1730329690.3129532,1.0
1730329690.3171668,1.0
1730329690.3222067,1.0
1730329690.3261485,1.0
1730329690.3299963,1.0
1730329690.333207,1.0
1730329690.3371377,1.0
1730329690.3412316,1.0
1730329690.3453016,1.0
1730329690.34926,1.0
1730329690.3540025,1.0
1730329690.3583076,1.0
1730329690.3612473,1.0
1730329690.365229,1.0
1730329690.3692632,1.0
1730329690.3733103,1.0
1730329690.3770776,1.0
1730329690.3822467,1.0
1730329690.3852353,1.0
1730329690.3891747,1.0
1730329690.3930748,1.0
1730329690.3972085,1.0
1730329690.401208,1.0
1730329690.4052367,1.0
1730329690.4100828,1.0
1730329690.4131856,1.0
1730329690.4163444,1.0
1730329690.4211345,1.0
1730329690.4252856,1.0
1730329690.42913,1.0
1730329690.4332647,1.0
1730329690.4381945,1.0
1730329690.4412334,1.0
1730329690.4442575,1.0
1730329690.449325,1.0
1730329690.453216,1.0
1730329690.4573977,1.0
1730329690.4614005,1.0
1730329690.4664032,1.0
1730329690.4694026,1.0
1730329690.4723177,1.0
1730329690.477363,1.0
1730329690.4813125,1.0
1730329690.4852307,1.0
1730329690.4893882,1.0
1730329690.4934,1.0
1730329690.4974053,1.0
1730329690.500306,1.0
1730329690.5053532,1.0
1730329690.5094786,1.0
1730329690.513301,1.0
1730329690.5173798,1.0
1730329690.5213115,1.0
1730329690.5243683,1.0
1730329690.528362,1.0
1730329690.5324185,1.0
1730329690.5373294,1.0
1730329690.5413992,1.0
1730329690.5453055,1.0
1730329690.5483737,1.0
1730329690.552443,1.0
1730329690.5564735,1.0
1730329690.5613823,1.0
1730329690.5654323,1.0
1730329690.5693843,1.0
1730329690.5734532,1.0
1730329690.5765562,1.0
1730329690.580402,1.0
1730329690.5844347,1.0
1730329690.588524,1.0
1730329690.5926304,1.0
1730329690.5975163,1.0
1730329690.600428,1.0
1730329690.604426,1.0
1730329690.6084902,1.0
1730329690.6125567,1.0
1730329690.6167803,1.0
1730329690.6215675,1.0
1730329690.6256485,1.0
1730329690.6285703,1.0
1730329690.6326416,1.0
1730329690.6367855,1.0
1730329690.6405797,1.0
1730329690.6445818,1.0
1730329690.6487556,1.0
1730329690.6535983,1.0
1730329690.656957,1.0
1730329690.6606524,1.0
1730329690.6645677,1.0
1730329690.668528,1.0
1730329690.6727507,1.0
1730329690.6765609,1.0
1730329690.6816697,1.0
1730329690.684738,1.0
1730329690.688748,1.0
1730329690.69274,1.0
1730329690.6967795,1.0
1730329690.700804,1.0
1730329690.7047222,1.0
1730329690.7098444,1.0
1730329690.712682,1.0
1730329690.7167296,1.0
1730329690.7207017,1.0
1730329690.7248669,1.0
1730329690.7286828,1.0
1730329690.7329433,1.0
1730329690.7369747,1.0
1730329690.7398837,1.0
1730329690.7447555,1.0
1730329690.7488968,1.0
1730329690.7528255,1.0
1730329690.7569816,1.0
1730329690.7610316,1.0
1730329690.7639203,1.0
1730329690.767778,1.0
1730329690.7718136,1.0
1730329690.776948,1.0
1730329690.78098,1.0
1730329690.784896,1.0
1730329690.7887952,1.0
1730329690.7929626,1.0
1730329690.7957914,1.0
1730329690.7999663,1.0
1730329690.80485,1.0
1730329690.8089662,1.0
1730329690.8128617,1.0
1730329690.8169887,1.0
1730329690.821,1.0
1730329690.823978,1.0
1730329690.8279696,1.0
1730329690.8329687,1.0
1730329690.83705,1.0
1730329690.841009,1.0
1730329690.84399,1.0
1730329690.847984,1.0
1730329690.8518324,1.0
1730329690.8560247,1.0
1730329690.860036,1.0
1730329690.8650358,1.0
1730329690.8690555,1.0
1730329690.872085,1.0
1730329690.8759103,1.0
1730329690.8799949,1.0
1730329690.8839762,1.0
1730329690.8879187,1.0
1730329690.8931332,1.0
1730329690.8972075,1.0
1730329690.900165,1.0
1730329690.9039447,1.0
1730329690.9081628,1.0
1730329690.9120667,1.0
1730329690.9159632,1.0
1730329690.920997,1.0
1730329690.9251933,1.0
1730329690.9282308,1.0
1730329690.9322135,1.0
1730329690.936231,1.0
1730329690.940215,1.0
1730329690.944288,1.0
1730329690.9492824,1.0
1730329690.9533527,1.0
1730329690.9563165,1.0
1730329690.9601512,1.0
1730329690.9641862,1.0
1730329690.9681127,1.0
1730329690.9721324,1.0
1730329690.9760966,1.0
1730329690.9801114,1.0
1730329690.983048,1.0
1730329690.9880917,1.0
1730329690.9921918,1.0
1730329690.9960735,1.0
1730329691.0003278,1.0
1730329691.0041535,1.0
1730329691.008318,1.0
1730329691.0113275,1.0
1730329691.0163484,1.0
1730329691.0201678,1.0
1730329691.0243251,1.0
1730329691.028247,1.0
1730329691.0324085,1.0
1730329691.036363,1.0
1730329691.0392292,1.0
1730329691.0442767,1.0
1730329691.048252,1.0
1730329691.0522656,1.0
1730329691.0563126,1.0
1730329691.0604477,1.0
1730329691.0643988,1.0
1730329691.0673876,1.0
1730329691.0712214,1.0
1730329691.076304,1.0
1730329691.0802145,1.0
1730329691.0844398,1.0
1730329691.0872583,1.0
1730329691.0914073,1.0
1730329691.0953543,1.0
1730329691.099313,1.0
1730329691.1043253,1.0
1730329691.108585,1.0
1730329691.112322,1.0
1730329691.1156628,1.0
1730329691.119336,1.0
1730329691.1237051,1.0
1730329691.1277547,1.0
1730329691.1328404,1.0
1730329691.1367333,1.0
1730329691.1407275,1.0
1730329691.1440058,1.0
1730329691.147476,1.0
1730329691.1520066,1.0
1730329691.155485,1.0
1730329691.1595492,1.0
1730329691.1647203,1.0
1730329691.168511,1.0
1730329691.1714585,1.0
1730329691.1757593,1.0
1730329691.1794748,1.0
1730329691.1840134,1.0
1730329691.1885796,1.0
1730329691.1928372,1.0
1730329691.1955063,1.0
1730329691.1996624,1.0
1730329691.2036233,1.0
1730329691.20771,1.0
1730329691.2117033,1.0
1730329691.2160482,1.0
1730329691.2205622,1.0
1730329691.224089,1.0
1730329691.2275794,1.0
1730329691.2322316,1.0
1730329691.236045,1.0
1730329691.2395315,1.0
1730329691.2438853,1.0
1730329691.2486086,1.0
1730329691.2518256,1.0
1730329691.2556207,1.0
1730329691.2597466,1.0
1730329691.2645483,1.0
1730329691.2691045,1.0
1730329691.2716064,1.0
1730329691.2770944,1.0
1730329691.279643,1.0
1730329691.283127,1.0
1730329691.2876475,1.0
1730329691.2918437,1.0
1730329691.2956252,1.0
1730329691.2996871,1.0
1730329691.3047004,1.0
1730329691.307891,1.0
1730329691.3113246,1.0
1730329691.315971,1.0
1730329691.3197894,1.0
1730329691.3240635,1.0
1730329691.32808,1.0
1730329691.332425,1.0
1730329691.3363328,1.0
1730329691.3388748,1.0
1730329691.3442917,1.0
1730329691.3478813,1.0
1730329691.351938,1.0
1730329691.3558528,1.0
1730329691.3591225,1.0
1730329691.3626928,1.0
1730329691.3672073,1.0
1730329691.3718753,1.0
1730329691.376341,1.0
1730329691.3797436,1.0
1730329691.3838236,1.0
