Fp1,C3,time_board
-3013.171614786579,2836.056391722726,1730329794.0611076
-3015.4514927210207,2812.2964873667347,1730329794.0650487
-2919.383695052111,2784.446213775422,1730329794.0693884
-2893.2321540394014,2826.4674933514,1730329794.071987
-2981.745062082417,2865.8512670816503,1730329794.077331
-3015.183271787557,2854.2954151982567,1730329794.081004
-2937.935642950016,2799.0642546491927,1730329794.0854094
-2889.47706097091,2799.757158727308,1730329794.089128
-2959.080393204736,2843.052487737237,1730329794.0940542
-3023.341658513744,2834.447066121944,1730329794.097136
-2958.6110065711746,2798.058426148704,1730329794.0998533
-2888.0465493257702,2818.286754880757,1730329794.1053696
-2951.793724512306,2848.506313384332,1730329794.1090453
-3030.6730306950844,2836.279909167279,1730329794.1133022
-2982.4826696494424,2804.5851355296536,1730329794.1170104
-2898.283648286301,2803.3110860957013,1730329794.1200187
-2933.8676254591496,2836.6822405674748,1730329794.1239336
-3030.717734183995,2835.2070254334244,1730329794.1283052
-3006.1084635387024,2796.1808796144583,1730329794.1318624
-2906.442035012488,2813.771702500785,1730329794.1370351
-2917.5955554956863,2867.952331060449,1730329794.1408525
-3010.869385107683,2854.2954151982567,1730329794.1449993
-3003.113329781691,2791.129385367559,1730329794.1480105
-2919.964840407949,2783.6862544639416,1730329794.151967
-2905.8832414011054,2824.32172588369,1730329794.155959
-2995.491384922432,2840.213816191413,1730329794.160047
-3027.677896938073,2798.50546103781,1730329794.1648145
-2940.953128451482,2772.666844447476,1730329794.1691363
-2900.3847122651,2815.828062990673,1730329794.1729913
-2973.474916633954,2836.257557422824,1730329794.1760445
-3023.989859102948,2802.931106439961,1730329794.1801937
-2948.1727419105464,2773.829135159151,1730329794.184457
-2891.600476694164,2804.2722111072794,1730329794.1880922
-2960.197980427501,2847.679298839486,1730329794.193376
-3016.5690799437857,2821.4830543378657,1730329794.1972945
-2956.8675705036608,2775.1702398264697,1730329794.201259
-2890.3040755157563,2784.7814899422515,1730329794.2041397
-2940.1261139066355,2831.496635853844,1730329794.2080731
-3026.917937626593,2828.255632907824,1730329794.2125187
-2989.3893586861323,2772.063347347182,1730329794.2160025
-2903.066921599737,2789.2294870888577,1730329794.2201552
-2923.943450920993,2817.727961269374,1730329794.2250829
-3011.875213608171,2805.2780396077683,1730329794.2284794
-2993.8373558327385,2769.895228135017,1730329794.2319973
-2907.2243460684235,2746.381192968034,1730329794.2362564
-2907.4925670018874,2795.6891412364416,1730329794.2399812
-3002.2863152368445,2826.288679395757,1730329794.244187
-3016.4796729659647,2780.132327095548,1730329794.2482855
-2931.788913224806,2744.771867367252,1730329794.253274
-2903.3351425332003,2765.715451921875,1730329794.2565427
-2990.1940214865235,2802.9758099288715,1730329794.260156
-3026.180330059568,2797.7231499818745,1730329794.2643168
-2938.919119706049,2776.131364838048,1730329794.2681775
-2900.6529331985635,2789.6318184890533,1730329794.2724073
-2964.534218851831,2798.50546103781,1730329794.276384
-3024.906280625615,2784.245048075324,1730329794.2815468
-2958.9462827380044,2752.706736648886,1730329794.284377
-2903.8939361445828,2758.875818118551,1730329794.2882552
-2966.4788206194426,2814.710475767908,1730329794.292212
-3025.9568126150148,2807.692028008941,1730329794.296536
-2974.279579434345,2759.3452047521123,1730329794.3001192
-2888.158308048047,2755.5901116836208,1730329794.304512
-2936.527483049332,2795.063292391693,1730329794.3091311
-3015.049161320825,2793.0739871351707,1730329794.31256
-2980.023977759359,2755.5007047058,1730329794.3161128
-2894.930886618005,2765.2684170327684,1730329794.3203907
-2910.398293781077,2809.7707402432848,1730329794.3242369
-2998.6206291461745,2799.6454000050308,1730329794.3285136
-3004.4544344490096,2762.5415042092213,1730329794.3321517
-2912.6781717155186,2760.1722192969587,1730329794.337542
-2903.871584400128,2794.3703883135786,1730329794.340164
-2991.378663942655,2815.246917634835,1730329794.343522
-3010.3329432407554,2789.3412458111343,1730329794.3482783
-2914.913346161049,2755.5901116836208,1730329794.3528233
-2901.949334376972,2779.1488503395144,1730329794.3564143
-2989.054082519303,2804.4957285518326,1730329794.3604047
-3026.8955858821378,2769.4034897570004,1730329794.3647275
-2938.6732505170407,2760.663957674976,1730329794.3673103
-2892.338084261189,2771.906885135995,1730329794.3727152
-2959.125096693647,2809.3684088430896,1730329794.37696
-3023.1628445581014,2780.445251517922,1730329794.3804157
-2959.2815589048337,2756.484181461833,1730329794.3849835
-2888.448880725966,2789.251838833313,1730329794.388452
-2948.2397971439123,2806.909716953005,1730329794.392524
-3034.629289463674,2797.544336026232,1730329794.395838
-2981.633303360141,2756.9759198398497,1730329794.399204
-2891.444014482977,2758.5628936961766,1730329794.404814
-2929.7772562238288,2788.894210922028,1730329794.408298
-3025.4203707480874,2790.5929435006315,1730329794.412564
-3001.347541969722,2757.6911756624195,1730329794.4162374
-2900.161194820547,2765.603693199598,1730329794.4205017
-2916.656782228564,2802.998161673327,1730329794.423278
-3008.231879261956,2814.6657722789973,1730329794.4278212
-2998.3971117016213,2784.4909172643324,1730329794.4323394
-2905.302096045268,2786.346112054124,1730329794.4368663
-2889.85704062665,2821.7512752713296,1730329794.4403713
-2990.5516493978084,2815.2692693792906,1730329794.4448557
-3011.919917097082,2770.3422630241234,1730329794.4478743
-2925.217500354946,2753.4890477048216,1730329794.45187
-2891.600476694164,2799.578344771665,1730329794.4559507
-2974.503096878898,2824.0982084391367,1730329794.4606166
-3023.2298997914672,2803.758120984807,1730329794.4645731
-2952.7548495238843,2763.1673530539697,1730329794.4685624
-2897.7248546749183,2773.270341547769,1730329794.4715688
-2955.593521069708,2813.4587780784104,1730329794.4754958
-3030.6506789506293,2809.1448913985364,1730329794.4794905
-2966.7693932973616,2767.950626367405,1730329794.483385
-2889.47706097091,2790.637646989542,1730329794.4879277
-2938.1368086501134,2831.4295806204773,1730329794.4930675
-3014.959754343004,2828.6579643080195,1730329794.4970517
-2981.476841148954,2790.5258882672656,1730329794.4993706
-2887.152479547558,2790.0788533781592,1730329794.50371
-2926.3797910666217,2834.1788451884804,1730329794.5085015
-3023.4310654915653,2840.0797057246814,1730329794.5129254
-3008.9694868289816,2791.9787516568604,1730329794.5154564
-2906.1961658234795,2778.791222428229,1730329794.5195627
-2911.560584492753,2818.532624069765,1730329794.5234132
-2997.9947803014256,2814.933993212461,1730329794.527818
-3012.50106245292,2799.578344771665,1730329794.5324848
-2910.912383903549,2788.402472544012,1730329794.5369496
-2898.149537819569,2839.878540024584,1730329794.5396254
-2985.6789691065514,2870.0980985281585,1730329794.543651
-3013.149263042124,2828.188577674458,1730329794.5476775
-2933.308831847767,2791.866992934584,1730329794.5516703
-2881.6539504115526,2811.245955377335,1730329794.5557
-2964.7800880408395,2860.866828068117,1730329794.5596435
-3024.593356203241,2856.798810577251,1730329794.5646772
-2939.187340639513,2802.998161673327,1730329794.5681672
-2877.2953602427674,2827.9874119743604,1730329794.5717845
-2950.899654734094,2865.3595287036337,1730329794.5757596
-3022.4252369910764,2835.542301600254,1730329794.5796597
-2962.366099639666,2790.414129544989,1730329794.5836165
-2889.566467948732,2797.611391259598,1730329794.5880785
-2947.099858176692,2840.6161475916088,1730329794.5928657
-3024.369838758688,2848.5957203621533,1730329794.596059
-2982.125041738157,2820.5442810707427,1730329794.5995245
-2897.7248546749183,2825.1263886840807,1730329794.6041613
-2921.641221242097,2858.2293222223907,1730329794.6075573
-3006.68960889454,2848.8639412956168,1730329794.6118672
-2992.1386232541354,2818.085589180659,1730329794.61557
-2913.9075176605606,2808.831966976162,1730329794.6213157
-2914.4216077830324,2865.5830461481864,1730329794.623597
-2999.7382163689394,2886.9513138474604,1730329794.6281693
-3006.175518772068,2839.476208624388,1730329794.631638
-2924.6810584880186,2813.212908889402,1730329794.6358836
-2903.111625088647,2837.956290001427,1730329794.6397429
-2976.2912364353224,2854.585987876176,1730329794.6449027
-3022.581699202264,2822.5335863272653,1730329794.6478868
-2944.216483141957,2793.386911557545,1730329794.650898
-2879.3964242215666,2811.2683071217907,1730329794.6557896
-2965.3835851411327,2854.3624704316226,1730329794.6598003
-3021.55351895732,2843.544226115254,1730329794.6641245
-2952.307814634778,2814.419903089989,1730329794.6678855
-2892.5616017057423,2829.730848041874,1730329794.672959
-2942.24952962989,2863.2361129803794,1730329794.6759603
-3022.894623624638,2868.801697349751,1730329794.6788943
-2980.5157161373754,2836.4587231229216,1730329794.6836588
-2879.5305346882983,2826.1098654401144,1730329794.6882253
-2906.8443664126835,2856.508237899332,1730329794.6917832
-3004.9014693381155,2880.223438766413,1730329794.6961825
-2990.5292976533533,2839.6550225800306,1730329794.6999388
-2891.1310900606027,2825.059333450715,1730329794.7041607
-2902.508127988354,2870.053395039248,1730329794.7067037
-3019.9665451009923,2864.577217647698,1730329794.711337
-2999.849975091216,2829.887310253061,1730329794.7157
-2905.704427445463,2794.1021673801147,1730329794.719707
-2898.3954070085774,2858.0281565222926,1730329794.7238045
-2995.625495389163,2863.884313569584,1730329794.7281716
-3018.2901642668444,2855.122429743103,1730329794.7317612
-2914.6451252275856,2831.60839457612,1730329794.735289
-2870.723947372908,2838.582138846176,1730329794.739276
-2968.82575378725,2874.2331712523905,1730329794.744023
-3025.755646914917,2866.1194880151143,1730329794.748226
-2941.9142534630605,2852.261406452824,1730329794.7523448
-2887.0407208252814,2838.51508361281,1730329794.7562933
-2948.1727419105464,2856.955272788438,1730329794.7590425
-3021.2629462794,2872.4226799515104,1730329794.7631032
-2970.278617176845,2840.6608510805195,1730329794.767002
-2893.276857528312,2819.6502112925305,1730329794.7721145
-2946.786933754317,2861.827953079695,1730329794.776532
-3023.11814106919,2863.99607229186,1730329794.77997
-2970.815059043772,2837.1963306899465,1730329794.7829432
-2882.0339300672927,2834.737638799863,1730329794.7871225
-2913.6169449826416,2888.5829911926976,1730329794.7908556
-3005.5049664384087,2906.687904201496,1730329794.7951455
-2977.7888033138283,2846.405249405533,1730329794.7989297
-2892.3604360056447,2838.626842335086,1730329794.8044689
-2900.0047326093595,2873.830839852195,1730329794.8079054
-2989.657579619596,2890.438185982488,1730329794.8111532
-2997.92772506806,2877.0047875648484,1730329794.8148687
-2912.0746746152254,2838.7386010573628,1730329794.8193092
-2884.76084289084,2861.2691594683124,1730329794.823238
-2972.82671604475,2886.9066103585496,1730329794.8271267
-3019.877138123172,2859.905703056538,1730329794.8319502
-2941.444866829499,2850.2721011963013,1730329794.8363593
-2878.8823340990944,2864.644272881064,1730329794.839128
-2953.850085002194,2894.0815203287034,1730329794.8435535
-3022.69345792454,2885.297284757768,1730329794.8475645
-2949.8491227446943,2839.5879673466648,1730329794.85164
-2888.180659792502,2843.3430604151563,1730329794.855643
-2950.027936700337,2878.368243976622,1730329794.8600247
-3022.1123125687022,2886.772499891818,1730329794.8645604
-2966.143544452613,2847.2993191837454,1730329794.867092
-2887.219534780924,2843.566577859709,1730329794.8713355
-2925.3292590772226,2888.4935842148766,1730329794.8750825
-3018.960716600504,2885.47609871341,1730329794.8791325
-2987.8917918076268,2854.89891229855,1730329794.88309
-2878.8152788657285,2860.0174617788152,1730329794.8882616
-2911.471177514932,2887.5995144366643,1730329794.8920884
-3012.3446002417327,2918.310811318256,1730329794.8952632
-2995.804309344805,2863.034947280282,1730329794.899078
-2900.6752849430186,2830.0437724642484,1730329794.9034777
-2887.3312935032004,2888.024197581315,1730329794.9070685
-2977.654692847096,2910.510052503354,1730329794.9113176
-2995.089053522236,2872.3109212292343,1730329794.9159875
-2914.19809033848,2843.0077842483265,1730329794.9193888
-2894.372093006622,2864.890142070072,1730329794.92315
-2981.54389638232,2895.243811040379,1730329794.9273152
-3020.145359056635,2870.791002606273,1730329794.9313576
-2939.3438028507,2846.405249405533,1730329794.9355304
-2877.697691642963,2875.5519241752536,1730329794.9392
-2952.1960559125014,2914.980401394416,1730329794.944293
-3022.1570160576125,2894.215630795435,1730329794.9475029
-2960.3320908942333,2854.921264043005,1730329794.950086
-2884.0455870682704,2871.886238084583,1730329794.9555078
-2939.7461342508955,2897.300171530268,1730329794.959087
-3018.983068344959,2893.8803546286053,1730329794.9635448
-2960.957939738982,2878.412947465533,1730329794.9672687
-2877.4518224539547,2878.614113165631,1730329794.9724429
-2919.249584585379,2899.311828531245,1730329794.975234
-3009.304762995811,2909.392465280589,1730329794.978312
-2988.785861585839,2868.645235138564,1730329794.9832232
-2905.056226856259,2864.3313484586893,1730329794.9873157
-2911.1135496036472,2905.950296634471,1730329794.991135
-2994.5526116553083,2916.477968272921,1730329794.9953258
-2999.9617338134926,2902.3293140327114,1730329794.9991276
-2909.571279236231,2872.512086929332,1730329795.0025637
-2898.283648286301,2901.949334376972,1730329795.0064292
-2992.697416865518,2931.2524713578787,1730329795.011485
-3014.8032921318168,2904.3633227781443,1730329795.0151377
-2923.161139865057,2866.3877089485777,1730329795.0195763
-2891.4216627385217,2901.2564302988567,1730329795.0231383
-2963.1931141845125,2932.1912446250017,1730329795.0276031
-2997.570097156775,2916.254450828368,1730329795.0304778
-2915.472139772432,2894.0815203287034,1730329795.0348666
-2869.762822361329,2903.022218110826,1730329795.039271
-2943.143599408102,2941.891901718605,1730329795.043786
-3008.790672873339,2931.72185799144,1730329795.0476537
-2948.508018077376,2897.3225232747227,1730329795.051906
-2876.9377323314825,2898.7530349198623,1730329795.0546265
-2931.2524713578787,2929.0620004012585,1730329795.0583184
-3007.203699017012,2916.522671761832,1730329795.062356
-2976.11242247968,2886.347816747167,1730329795.0674744
-2882.6821306564966,2881.47513645591,1730329795.0715032
-2905.9726483789264,2919.71897121894,1730329795.075485
-3006.622553661174,2946.339898865211,1730329795.0795157
-2998.6206291461745,2879.485831199388,1730329795.0822735
-2896.9425436189827,2855.792982076762,1730329795.0864775
-2900.474119242921,2930.8501399576835,1730329795.0903385
-2991.4457191760207,2938.2038638834792,1730329795.0945098
-2994.999646544414,2886.794851636273,1730329795.0992384
-2904.586840222697,2888.8065086372508,1730329795.1035247
-2896.562563963242,2898.775386664317,1730329795.1073122
-2994.932591311049,2911.0688461147365,1730329795.1103835
-3010.3329432407554,2904.2962675447784,1730329795.1142683
-2922.1776631090243,2873.0485287962592,1730329795.118288
-2877.2059532649464,2918.8696049296386,1730329795.1224911
-2953.470105346454,2950.2067506559792,1730329795.1274035
-3010.578812429764,2915.785064194806,1730329795.1312325
-2930.403105068577,2875.6860346419853,1730329795.134458
-2883.240924267879,2902.3963692660773,1730329795.1384566
-2957.180494926035,2936.1698551380464,1730329795.1422875
-3018.4913299669424,2926.24568059989,1730329795.1463113
-2965.8753235191493,2892.673360428019,1730329795.1503668
-2875.060185797237,2900.3176570317337,1730329795.154322
-2915.539195005798,2937.242738871901,1730329795.159492
-3007.471919950476,2937.7121255054626,1730329795.162488
-2977.051195746803,2893.1427470615804,1730329795.166509
-2888.024197581315,2903.044569855281,1730329795.1705
-2894.796776151273,2943.5906342972085,1730329795.17433
-2977.2523614469005,2955.794686769806,1730329795.1784203
-2986.5506871403086,2917.550852006776,1730329795.1824596
-2903.62571521112,2898.529517475309,1730329795.1875772
-2895.310866273745,2926.849177700183,1730329795.1903791
-2991.73629185394,2949.670308789052,1730329795.1945975
-2994.083225021747,2901.412892510044,1730329795.1983771
-2899.6694564425297,2893.3886162505887,1730329795.2025895
-2880.3799009776,2919.115474118647,1730329795.2063444
-2971.530314866342,2946.921044221049,1730329795.2105932
-3005.303800738311,2931.5206922913426,1730329795.2153783
-2930.693677746496,2893.969761606427,1730329795.2184122
-2884.112642301636,2919.9424886634934,1730329795.222516
-2966.881152019638,2935.476951059932,1730329795.2266145
-3016.345562499233,2922.289421831301,1730329795.2305968
-2929.4866835459097,2898.887145386594,1730329795.2346237
-2865.2030664924464,2910.95708739246,1730329795.2395113
-2940.0143551843594,2945.445829086999,1730329795.242537
-3019.273641022878,2952.643090801608,1730329795.245603
-2969.496306120909,2900.3400087761893,1730329795.2506027
-2882.0339300672927,2900.496470987376,1730329795.254652
-2916.410913039555,2941.3554598516776,1730329795.2586362
-3008.276582750867,2925.0833898882142,1730329795.2626424
-2986.371873184666,2903.022218110826,1730329795.266844
-2900.0047326093595,2903.312790788745,1730329795.270583
-2901.0776163432142,2934.2923086038004,1730329795.2734516
-2989.92580055306,2948.597425055197,1730329795.2775784
-2995.1114052666912,2911.7170467039405,1730329795.2824943
-2907.090235601692,2877.116546287125,1730329795.2865007
-2886.928962103005,2917.8637764291498,1730329795.2905366
-2970.122154965658,2942.5177505633537,1730329795.2948031
-2995.3796262001547,2927.4303230560213,1730329795.29859
-2900.183546565002,2904.475081500421,1730329795.301692
-2872.8473630961616,2922.289421831301,1730329795.3058648
-2956.3534803811885,2957.113439692669,1730329795.3108375
-2980.0910329927246,3488.168536206309,1730329800.33264
-2887.443052225477,3468.946035974745,1730329800.337579
-2863.2137612359243,3496.416329910318,1730329800.3406186
-2956.0405559588144,3514.342428963474,1730329800.3446062
-2998.575925657264,3482.1782686922875,1730329800.3484082
-2910.95708739246,3458.3960125918406,1730329800.3524723
-2854.6753948539967,3492.9741612642006,1730329800.3563564
-2932.5265207918314,3522.9478505787674,1730329800.360592
-2995.0667017777805,3497.1762892217985,1730329800.3654094
-2932.727686491929,3452.9421869447456,1730329800.368538
-2863.3925751915667,3468.342538874452,1730329800.372471
-2917.684962473508,3511.079074272999,1730329800.3767762
-2996.765434356384,3498.2268212111976,1730329800.3804483
-2953.1571809240795,3459.44654458124,1730329800.3846896
-2870.589836906176,3467.157896418321,1730329800.388471
-2906.643200712586,3504.3959026808625,1730329800.3937008
-2992.8985825656155,3505.245268970164,1730329800.396506
-2968.713995064973,3468.230780152176,1730329800.4006667
-2879.888162599583,3462.3075678715195,1730329800.4046197
-2895.914363374038,3498.2044694667425,1730329800.408677
-2990.372835442166,3507.346332948963,1730329800.4117043
-2988.517640652376,3473.662254054815,1730329800.4164357
-2891.444014482977,3460.184152148265,1730329800.4207337
-2876.691863142474,3502.0936730019657,1730329800.4247155
-2967.507000864387,3526.635888413893,1730329800.4286733
-2994.776129099861,3489.7555100626364,1730329800.4326355
-2911.3817705371107,3461.9722917046897,1730329800.4366016
-2873.3614532186334,3496.9527717772453,1730329800.4395032
-2956.9122739925715,3528.893414603879,1730329800.445206
-2997.056007034302,3512.21901324022,1730329800.448603
-2916.9250031620268,3481.5300681030835,1730329800.452946
-2855.0777262541924,3504.4182544253176,1730329800.4566257
-2923.5187677763424,3542.3938682548846,1730329800.4616582
-2989.8810970641493,3524.22190001272,1730329800.4645236
-2931.051305657781,3484.368739648907,1730329800.46763
-2861.0456420237592,3493.801175809047,1730329800.4725945
-2912.2981920597786,3533.8778536174127,1730329800.4767325
-2991.1998499870124,3529.631022170904,1730329800.480522
-2951.637262301119,3491.83422229698,1730329800.484758
-2869.0028630498487,3494.941114776268,1730329800.4885583
-2896.897840130072,3537.029449585611,1730329800.4927688
-2986.014245273381,3540.60572869846,1730329800.4957814
-2968.624588087152,3502.0266177686,1730329800.5007951
-2881.184563777991,3491.476594385695,1730329800.5046532
-2888.6500464260635,3527.328792492008,1730329800.508808
-2982.594428371719,3539.1752170533205,1730329800.5128176
-2989.277599963856,3504.7758823366025,1730329800.5158155
-2895.087348829192,3488.950847262245,1730329800.5198135
-2873.3614532186334,3525.0042110686554,1730329800.523831
-2965.0930124632137,3546.0595543455547,1730329800.527846
-2991.4233674315656,3522.3890569673845,1730329800.532921
-2908.4536920134656,3495.1646322208207,1730329800.536836
-2869.561656661231,3519.639792399382,1730329800.5408466
-2946.339898865211,3551.89335964839,1730329800.5438309
-3000.49817568042,3519.9080133328457,1730329800.547634
-2931.5877475247084,3479.920742502301,1730329800.5518029
-2870.589836906176,3497.377454921896,1730329800.5557392
-2930.336049835212,3539.8681211314347,1730329800.5606844
-2998.173594257068,3523.8866238458904,1730329800.5648508
-2945.6022912981857,3478.4008238793404,1730329800.5689683
-2872.6238456516085,3485.016940238111,1730329800.571725
-2917.662610729052,3522.2772982451083,1730329800.575945
-3001.9063355811045,3515.7729406086137,1730329800.57973
-2964.042480473814,3479.339597146464,1730329800.5839567
-2872.9144183295275,3479.607818079927,1730329800.5887852
-2893.366264506133,3518.0081150541446,1730329800.59296
-2982.773242327361,3524.177196523809,1730329800.5968263
-2969.0716229762584,3489.867268784913,1730329800.60002
-2875.5295724307985,3481.284198914075,1730329800.6039896
-2880.3799009776,3504.284143958586,1730329800.6079297
-2975.4195184015657,3517.181100509298,1730329800.611982
-2988.025902274359,3484.1675739488096,1730329800.6170185
-2898.5518692197647,3461.078221926477,1730329800.6211169
-2869.3381392166784,3489.531992618083,1730329800.6250367
-2953.224236157446,3511.5931643954714,1730329800.6279886
-2992.719768609973,3481.731233803181,1730329800.6319404
-2912.8122821822503,3450.818771221492,1730329800.6358488
-2865.7395083593738,3475.45039361124,1730329800.6399448
-2945.1999598979905,3500.551402634549,1730329800.644
-3001.436948947543,3482.111213458921,1730329800.64889
-2933.353535336678,3456.339652101952,1730329800.6520257
-2860.0398135232704,3469.907160986324,1730329800.6558783
-2919.920136919038,3500.014960767622,1730329800.6600423
-2999.201774502012,3478.534934346072,1730329800.663949
-2949.7373640224178,3437.2289105926648,1730329800.6684568
-2879.932866088494,3460.675890526282,1730329800.6719036
-2928.7490759788843,3530.1451122933763,1730329800.677317
-3002.152204770113,3549.725240436225,1730329800.679914
-2952.4419251015097,3475.7409662891587,1730329800.6844432
-2871.4615549399323,3405.802357888503,1730329800.6879015
-2890.639351682586,3468.409594107818,1730329800.6920693
-2980.918047537571,3510.0285422836,1730329800.6960697
-2972.3126259222777,3528.692248903781,1730329800.7001216
-2881.4527847114546,3479.4960593576507,1730329800.7049096
-2878.5470579322646,3410.2727067795645,1730329800.708099
-2969.853934032194,3461.3687946043965,1730329800.712093
-2988.383530185644,3457.390184091352,1730329800.7159283
-2900.183546565002,3475.316283144508,1730329800.719916
-2847.5451883727537,3532.804969883558,1730329800.7239256
-2932.794741725295,3503.1665567358204,1730329800.7279065
-2986.014245273381,3452.53985554455,1730329800.7329483
-2908.1631193355465,3433.2055965907093,1730329800.7359312
-2852.574330875198,3491.409539152329,1730329800.7389295
-2915.986229894904,3560.923464408334,1730329800.7439327
-2982.527373138353,3528.8710628594235,1730329800.7479715
-2935.700468504485,3449.29885259853,1730329800.7519753
-2868.7569938608403,3530.703905904759,1730329800.75595
-2894.1932790509795,3609.985543487733,1730329800.760995
-2966.97055899746,3522.3220017340186,1730329800.763975
-2948.3292041217333,3380.5895901429167,1730329800.7669935
-2867.594703149164,3405.154157299299,1730329800.7719831
-2900.697636687474,3472.634073809871,1730329800.7761796
-2967.998739242404,3509.8497283279576,1730329800.780004
-2934.6499365150853,3485.329864660486,1730329800.784014
-2858.408136178033,3470.510658086617,1730329800.7879896
-2887.9794940924044,3452.5845590334607,1730329800.791173
-2992.026864531859,3505.468786414717,1730329800.7952676
-3003.5603646707973,3534.8836821179016,1730329800.8001633
-2893.1427470615804,3466.30853012902,1730329800.804082
-2864.577217647698,3405.355322999397,1730329800.8082523
-2943.478875574932,3436.5583582590057,1730329800.8122196
-2974.346634667711,3441.25222459462,1730329800.815241
-2888.739453403885,3427.863529665892,1730329800.8194072
-2843.790095304262,3445.4543525522176,1730329800.8231993
-2919.4283985410216,3458.664233525304,1730329800.8282022
-2980.605123115197,3432.4009337903185,1730329800.832265
-2922.535291020309,3387.0492442905006,1730329800.8364725
-2863.750203102852,3391.5642966704727,1730329800.8404615
-2936.147503393592,3423.080256352456,1730329800.8431897
-2998.955905313004,3451.7575444886143,1730329800.8472004
-2936.214558626957,3454.1938846342427,1730329800.851189
-2864.510162414332,3433.987907646645,1730329800.856276
-2900.518822731832,3435.932509414257,1730329800.8603516
-2969.272788676356,3403.4777764651512,1730329800.8642776
-2927.0950468891915,3371.6935958497047,1730329800.8683631
-2848.640423851064,3385.1940495007098,1730329800.8711712
-2882.883296356594,3431.1715878452765,1730329800.8752944
-2978.995797514415,3444.7614484741034,1730329800.879351
-2954.878265247138,3409.445692234718,1730329800.8832176
-2860.129220501092,3392.9724565711567,1730329800.888208
-2876.155421275547,3440.9393001722456,1730329800.8923972
-2969.406899143088,3457.323128857986,1730329800.8954108
-2984.5837336282416,3398.9850758296343,1730329800.899415
-2902.19520356598,3390.0667297919667,1730329800.9034162
-2883.799717879262,3446.907215941813,1730329800.907488
-2970.993872999414,3422.119131340877,1730329800.9114037
-3000.9228588250708,3396.6604944062824,1730329800.915466
-2904.81035766725,3399.4991659521065,1730329800.9204743
-2876.110717786636,3385.7975466010034,1730329800.9234145
-2947.5915965547083,3426.254204065109,1730329800.9274936
-3001.146376269624,3407.76931140057,1730329800.9313395
-2941.4001633405883,3381.7295291101373,1730329800.9354813
-2881.0057498223487,3401.95785784219,1730329800.9394083
-2932.1912446250017,3422.476759252162,1730329800.943698
-2999.872326835672,3409.6245061903605,1730329800.9485655
-2948.44096284401,3377.52740115254,1730329800.95142
-2883.9785318349045,3373.5040871505844,1730329800.9554036
-2930.179587624024,3428.601137232916,1730329800.9596229
-3003.4933094374314,3424.063733108489,1730329800.9633546
-2983.0638150052805,3373.995825528601,1730329800.967621
-2917.930831662516,3396.9063635952907,1730329800.971399
-2922.669401487041,3439.6652507382933,1730329800.977007
-2997.435986690043,3414.541889970528,1730329800.9796648
-2988.2047162300014,3373.995825528601,1730329800.983506
-2914.57806999422,3373.9511220396903,1730329800.9877453
-2906.0397036122927,3435.9101576698017,1730329800.9917693
-2979.8004603148056,3441.520445528084,1730329800.995531
-2995.960771555993,3391.251372248098,1730329800.9997723
-2908.118415846636,3382.3330262104305,1730329801.0046809
-2875.730738130896,3419.571032472972,1730329801.0075667
-2966.7470415529065,3449.6788322542707,1730329801.0116484
-3016.054989821314,3428.556433744005,1730329801.0155196
-2932.370058580644,3377.929732552735,1730329801.0198069
-2882.637427167586,3412.351419013908,1730329801.0235803
-2965.7635647968727,3477.7079198012257,1730329801.0275452
-3014.468015964987,3428.221157577176,1730329801.031696
-2946.317547120756,3371.6265406163384,1730329801.0347238
-2878.859982354639,3414.541889970528,1730329801.038551
-2949.022108199848,3463.469858583195,1730329801.043682
-3014.69153340954,3445.58846301895,1730329801.0475776
-2979.241666703423,3377.1474214968,1730329801.0516691
-2907.1796425795133,3401.57787818645,1730329801.0554705
-2910.7335699479067,3459.021861436589,1730329801.059688
-3001.7722251143728,3435.8207506919803,1730329801.06268
-2988.763509841384,3401.667285164271,1730329801.0667262
-2894.640313940086,3386.6022094013942,1730329801.0714705
-2917.126168862125,3424.6225267198715,1730329801.0757356
-3012.009324074904,3456.87609396888,1730329801.0794885
-3003.2250885039675,3415.860642893392,1730329801.0837555
-2919.473102029932,3407.0540555780003,1730329801.0866816
-2885.632560924597,3391.743110626115,1730329801.0907512
-2980.716881837473,3423.795512175025,1730329801.0947464
-3012.3669519861883,3406.830538133447,1730329801.099774
-2939.053230172781,3399.76738688557,1730329801.103697
-2894.014465095337,3439.2405675936425,1730329801.1077847
-2949.5809018112304,3431.3727535453745,1730329801.111772
-3019.653620678618,3392.86069784888,1730329801.1147923
-2957.493419348409,3397.442805462218,1730329801.1185658
-2898.328351775212,3456.1384864018546,1730329801.1227543
-2953.4924570909093,3452.7186695001924,1730329801.127798
-3011.3611234856994,3428.019991877078,1730329801.1318011
-2946.2281401429345,3396.1464042838106,1730329801.135696
-2875.9095520865385,3377.169773241255,1730329801.1386535
-2931.744209735896,3430.702201211715,1730329801.1428018
-3021.97820210197,3479.2948936575526,1730329801.146634
-2978.973445769959,3425.9412796427346,1730329801.15074
-2901.0105611098484,3384.121165766855,1730329801.155628
-2924.658706743563,3444.4708757961844,1730329801.1598513
-2992.384492443144,3458.73128875867,1730329801.1636596
-2982.817945816272,3370.799526071492,1730329801.1666567
-2898.3730552641223,3364.5633893684617,1730329801.170771
-2892.2263255389125,3419.660439450793,1730329801.17472
-2989.702283108507,3413.737227170137,1730329801.1788805
-2991.7139401094846,3390.223192003154,1730329801.182886
-2913.52753800482,3364.496334135096,1730329801.1877892
-2893.1874505504907,3396.8616601063804,1730329801.1919117
-2987.489460407432,3437.765352459592,1730329801.1949246
-3018.3125160113,3409.3115817679864,1730329801.198894
-2915.7180089614403,3376.76744184106,1730329801.2028327
-2873.897895085561,3395.833479861436,1730329801.2067711
-2952.240759401412,3430.5904424894384,1730329801.2109325
-3012.5457659418307,3427.081218609955,1730329801.2158675
-2954.6100443136747,3410.049189335012,1730329801.2199829
-2891.62282843862,3407.836366633936,1730329801.222988
-2950.0055849558817,3425.9859831316453,1730329801.2270548
-3040.12781859968,3432.512692512595,1730329801.2308843
-2967.439945631021,3403.7683491430703,1730329801.234856
-2869.7181188724185,3368.251427203588,1730329801.23881
-2896.786081407796,3406.159985799788,1730329801.2438676
-2993.3232657102667,3419.571032472972,1730329801.2467773
-2975.106593979191,3384.5905524004165,1730329801.251027
-2885.5878574356866,3377.7062151081823,1730329801.2549627
-2902.8657558996388,3419.7051429397043,1730329801.259068
-2980.023977759359,3420.643916206827,1730329801.2628193
-2979.0628527477807,3383.1823924997325,1730329801.2675755
-2890.1029098156587,3357.52258986504,1730329801.2719383
-2893.4556714839546,3394.0229885605563,1730329801.275182
-2982.929704538549,3417.782892916548,1730329801.2781172
-3002.085149536747,3400.728511897149,1730329801.2831097
-2913.415779282544,3420.800378418014,1730329801.287126
-2871.4615549399323,3405.5341369550392,1730329801.2911425
-2964.087183962725,3395.34174148342,1730329801.2950933
-2994.530259910853,3380.164906998266,1730329801.2991252
-2917.304982817768,3350.3476798948864,1730329801.3031173
-2889.6558749265523,3391.2737239925536,1730329801.3059103
-2961.762602539373,3414.5865934594385,1730329801.311026
-3014.780940387361,3395.609962416884,1730329801.3150637
-2946.8763407321385,3350.682956061716,1730329801.319131
-2863.6160926361194,3357.656700331772,1730329801.3232076
-2933.4876458034096,3402.33783749793,1730329801.3271656
-3014.244498520434,3396.638142661828,1730329801.3309946
-2958.2757304043453,3361.18827595571,1730329801.3341854
-2869.226380494402,3359.8024677994813,1730329801.3379753
-2913.9075176605606,3396.48168045064,1730329801.343212
-3011.8081583748053,3391.966628070668,1730329801.3470137
-2972.5808468557416,3360.9871102556126,1730329801.351163
-2882.637427167586,3361.590607355906,1730329801.3550456
-2891.868697627628,3387.8539070908914,1730329801.359228
-2988.49528890792,3409.222174790165,1730329801.3625364
-2994.463204677488,3373.7276045951376,1730329801.366178
-2899.825918653717,3360.294206177498,1730329801.3711984
-2877.228305009401,3369.8160493154587,1730329801.3756752
-2967.507000864387,3384.1435175113106,1730329801.3793173
-2978.146431225113,3346.7490490375817,1730329801.3823552
-2898.708331430952,3315.70247598916,1730329801.3861375
-2880.670473655519,3376.588627885417,1730329801.3903477
-2953.7159745354625,3391.3407792259195,1730329801.3948622
-2994.060873277292,3356.9861479981123,1730329801.3996265
-2915.494491516887,3317.200042867666,1730329801.4030836
-2860.419793179011,3341.2728716460315,1730329801.407448
-2930.179587624024,3375.4710406626514,1730329801.410489
-3000.1628995135907,3346.637290315305,1730329801.41414
-2938.2038638834792,3305.554784006451,1730329801.4183245
-2876.468345697921,3321.424522569719,1730329801.4222157
-2932.5265207918314,3346.391421126297,1730329801.427529
-3004.923821082571,3337.271909388532,1730329801.4313014
-2956.532294336831,3289.975618121102,1730329801.4352164
-2863.1467060025584,3317.8482434568696,1730329801.438224
-2907.380808279611,3346.324365892931,1730329801.4424212
-3001.414597203088,3321.782150481004,1730329801.446175
-2974.63720734563,3277.4139377372194,1730329801.450411
-2895.4673284849323,3268.2944259994542,1730329801.455186
-2895.623790696119,3318.4070370682525,1730329801.4596045
-2984.7178440949733,3348.447781616185,1730329801.4631789
-2981.745062082417,3307.745254963071,1730329801.4664989
-2889.3205987597225,3277.9503796041467,1730329801.4704926
-2888.158308048047,3300.8162141819257,1730329801.474687
-2979.5098876368866,3333.203891897666,1730329801.4787953
-2989.031730774848,3292.814289666926,1730329801.4826207
-2900.518822731832,3246.903806555725,1730329801.4877548
-2868.891104327572,3287.002836108546,1730329801.4918523
-2947.435134343521,3341.786961768504,1730329801.49442
-3000.252306491412,3295.3176850459204,1730329801.4984243
-2909.86185191415,3255.1516002597336,1730329801.5028913
-2851.0767639966925,3285.79584190796,1730329801.5062404
-2922.8705671871385,3325.157263893755,1730329801.510867
-2993.010341287892,3308.0805311299005,1730329801.515368
-2936.05809641577,3265.83573410937,1730329801.5188007
-2863.571389147209,3286.8687256418143,1730329801.5222635
-2920.05424738577,3318.4740923016184,1730329801.5265949
-2996.49721342292,3322.8550342148587,1730329801.530283
-2948.016279699359,3280.8561063833367,1730329801.534617
-2879.932866088494,3272.228333023588,1730329801.5382876
-2912.901689160072,3316.75300797856,1730329801.5438888
-3006.242574005434,3319.032885913001,1730329801.5462384
-2974.0337102453364,3259.286672983965,1730329801.5506136
-2881.966874833927,3273.1224028018005,1730329801.5544305
-2874.501392185854,3310.2710020865206,1730329801.558468
-2973.4525648894987,3329.9181854627354,1730329801.5625913
-2987.109480751691,3267.3556527323312,1730329801.5665357
-2891.5110697163427,3249.7424781015493,1730329801.571314
-2866.320653715212,3281.303141272442,1730329801.5745
-2961.337919394722,3302.4925950160737,1730329801.578591
-3003.1580332706017,3298.2234118251104,1730329801.5825665
-2920.3895235526,3257.5655886609065,1730329801.5865395
-2864.979549047893,3298.2010600806548,1730329801.590508
-2948.731535521929,3312.2156038541325,1730329801.594582
-3005.348504227222,3287.002836108546,1730329801.5995083
-2933.107666147669,3265.3216439868984,1730329801.6025665
-2868.533476416287,3283.3818535067862,1730329801.6053925
-2926.0668666442475,3313.042618398979,1730329801.6105835
-3002.375722214666,3301.1067868598448,1730329801.6144793
-2943.9259104640378,3267.26624575451,1730329801.6185644
-2869.628711894597,3282.331321517386,1730329801.6223788
-2909.4371687695,3326.5877755388947,1730329801.6265469
-2983.2649807053785,3346.816104270948,1730329801.629403
-2940.796666240295,3266.483934698574,1730329801.6336024
-2863.414926936022,3233.090428482345,1730329801.6384757
-2888.024197581315,3293.2836763004875,1730329801.6426165
-2982.885001049638,3311.8803276873027,1730329801.6464474
-2979.532239381342,3272.2059812791326,1730329801.6506326
-2889.946447604472,3260.627777651284,1730329801.6536057
-2886.2584097693457,3303.1407956052776,1730329801.657972
-2963.1037072066915,3321.6033365253616,1730329801.6620345
-2993.2562104769004,3269.1214405443,1730329801.6656475
-2908.788968180296,3231.8163790483927,1730329801.6708825
-2862.2302844798905,3262.527675929985,1730329801.6747067
-2946.764582009862,3292.970751878113,1730329801.6789768
-2995.5137366668864,3265.992196320557,1730329801.6827724
-2917.930831662516,3229.357687158309,1730329801.6855445
-2870.053395039248,3264.964016075613,1730329801.6895907
-2946.7422302654068,3308.9298974192025,1730329801.6948285
-2996.7207308674733,3293.7307111895934,1730329801.6986887
-2935.5887097822083,3260.337204973365,1730329801.7031665
-2866.6559298820416,3271.848353367848,1730329801.706723
-2919.4507502854767,3293.775414678504,1730329801.7098897
-3004.49913793792,3283.65007444025,1730329801.7137148
-2965.4282886300434,3252.9164258142027,1730329801.717842
-2869.516953172321,3246.7249926000827,1730329801.7216475
-2910.934735648005,3293.84246991187,1730329801.7273483
-2998.151242512613,3305.7335979620934,1730329801.7307067
-2966.8140967862723,3275.2458185250543,1730329801.7338796
-2879.597589921664,3269.7025859001383,1730329801.737634
-2889.789985393284,3291.607295466339,1730329801.7417536
-2982.460317904988,3311.99208640958,1730329801.745633
-2971.7091288219845,3287.069891341912,1730329801.7498195
-2866.8123920932285,3262.1029927853338,1730329801.7545729
-2865.2701217258123,3303.4984235165625,1730329801.7591753
-2964.757736296384,3315.076627144412,1730329801.7621486
-2988.49528890792,3305.621839239817,1730329801.7657905
-2897.747206419373,3268.070908554901,1730329801.7699788
-2871.23803749538,3282.711301173127,1730329801.7742972
-2956.845218759205,3316.194214367177,1730329801.7780533
-2999.6488093911184,3298.8492606698587,1730329801.7819695
-2925.552776521776,3279.850277882848,1730329801.7872772
-2862.140877502069,3287.092243086367,1730329801.789882
-2921.797683453284,3323.99497318208,1730329801.7941415
-2988.428233674554,3308.192289852177,1730329801.7979343
-2936.43807607151,3261.1865712626663,1730329801.8020692
-2876.825973609206,3275.4469842251524,1730329801.8057227
-2913.0134478823484,3312.9308596767023,1730329801.8113651
-2995.446681433521,3322.452702814663,1730329801.8148613
-2963.059003717781,3295.6082577238394,1730329801.81838
-2866.544171159765,3284.9464756186576,1730329801.8217304
-2898.820090153228,3324.486711560096,1730329801.8257625
-2985.768376084373,3336.869577988336,1730329801.8297544
-2969.2280851874457,3299.296295558965,1730329801.834026
-2890.728758660407,3291.026150110501,1730329801.837808
-2892.4945464723764,3329.717019762638,1730329801.843191
-2982.3038556938,3343.1057146913668,1730329801.8458953
-2986.126003995658,3305.84535668437,1730329801.8503172
-2890.348779004667,3290.199135565655,1730329801.8540256
-2876.200124764457,3316.395380067275,1730329801.8586051
-2974.1007654787027,3346.346717637386,1730329801.8624666
-2995.558440155797,3322.2738888590206,1730329801.8672092
-2910.822976925728,3282.107804072834,1730329801.8701031
-2874.479040441399,3312.2826590874984,1730329801.8731062
-2942.696564518996,3347.263139160054,1730329801.8781853
-2985.6342656176407,3339.194159411688,1730329801.8820035
-2915.9191746615384,3304.7948246949704,1730329801.8860097
-2854.7871535762733,3306.493557273574,1730329801.8900487
-2924.189320110002,3351.979357240124,1730329801.894822
-2994.0385215328365,3345.877331003825,1730329801.8979025
-2941.1319424071244,3312.1709003652218,1730329801.901244
-2868.868752583117,3305.241859584077,1730329801.9059138
-2912.991096137893,3338.255386144565,1730329801.9101107
-2990.059911019792,3344.893854247792,1730329801.9139495
-2963.886018262627,3312.260307343043,1730329801.9181757
-2873.294397985268,3312.617935254328,1730329801.9220128
-2892.1592703055467,3348.7607060385594,1730329801.9259317
-2984.181402228046,3361.881180033825,1730329801.9291537
-2982.0803382492472,3325.067856915934,1730329801.9344363
-2881.7657091338288,3294.7365396900823,1730329801.9378943
-2884.246752768368,3333.4497610866742,1730329801.9421334
-2985.54485863982,3357.969624754146,1730329801.945898
-2995.469033177976,3315.2777928445093,1730329801.9501843
-2904.028046611315,3290.489708243574,1730329801.9541671
-2874.859020097139,3341.2281681571208,1730329801.9576464
-2958.454544359988,3362.551732367484,1730329801.9614153
-3003.2250885039675,3339.9317669787133,1730329801.9660623
-2924.7257619769293,3336.780171010515,1730329801.9704783
-2864.018424036315,3346.190255426199,1730329801.9747036
-2941.9813086964264,3330.096999418378,1730329801.9775562
-2999.447643691021,3322.0503714144675,1730329801.9811184
-2936.728648749429,3299.676275214705,1730329801.9855206
-2868.645235138564,3319.7928452244814,1730329801.990257
-2919.4283985410216,3371.984168527624,1730329801.9941409
-2992.1609749985905,3334.1426651647885,1730329801.9981496
-2950.989061711915,3292.0319786109903,1730329802.0025065
-2869.561656661231,3317.870595201325,1730329802.0050056
-2908.118415846636,3359.936578266213,1730329802.009594
-2988.11530925218,3352.269929918042,1730329802.012966
-2952.4642768459653,3316.127159133812,1730329802.0174627
-2864.1748862475024,3312.1709003652218,1730329802.0210493
-2884.559677190742,3357.656700331772,1730329802.025993
-2979.4204806590656,3367.2455987030985,1730329802.030112
-2982.2591522048897,3318.876423701814,1730329802.0335371
-2891.868697627628,3307.0523508849565,1730329802.0375729
-2880.961046333438,3355.510932864062,1730329802.041238
-2959.01333797137,3352.6052060848724,1730329802.0450735
-2984.0025882724035,3320.552804535962,1730329802.0503073
-2897.411930252544,3315.65777250025,1730329802.0541763
-2870.56748516172,3350.95117699518,1730329802.0582547
-2957.851047259694,3375.515744151562,1730329802.0615072
-2999.9617338134926,3342.6586798022604,1730329802.0650609
-2924.0328578988147,3322.497406303574,1730329802.0696907
-2859.749240845352,3350.437086872708,1730329802.0731392
-2935.119323148647,3358.7519358100817,1730329802.0775335
-3000.632286147152,3325.6937057606824,1730329802.0828395
-2938.337974350211,3291.4731849996074,1730329802.08628
-2856.798810577251,3322.743275492582,1730329802.0891092
-2915.5838984947086,3358.4390113877075,1730329802.0937386
-3002.822757103772,3351.264101417554,1730329802.097127
-2956.44288735901,3307.0299991405013,1730329802.101478
-2873.2049910074466,3298.7598536920377,1730329802.105106
-2897.501337230365,3340.155284423266,1730329802.1105635
-2989.8587453196938,3359.7577643105706,1730329802.1131768
-2974.726614323451,3318.1835196237,1730329802.1175392
-2880.268142255324,3296.7034932021493,1730329802.1211605
-2888.2253632814127,3336.1096186768555,1730329802.1251888
-2979.73340508144,3355.2427119305985,1730329802.12931
-2977.4982306359093,3331.5051593190624,1730329802.1334352
-2885.297284757768,3314.808406210948,1730329802.1381524
-2867.99703454936,3342.5692728244394,1730329802.1413844
-2958.7451170379063,3371.8947615498023,1730329802.145604
-2990.7751668423616,3321.6927435031826,1730329802.149528
-2904.9444681339824,3296.457624013141,1730329802.1538076
-2862.18558099098,3310.963906164636,1730329802.157528
-2952.218407656957,3348.3360228939086,1730329802.1615202
-2991.2669052203782,3322.206833625655,1730329802.1665173
-2924.8151689547503,3290.0873768433785,1730329802.1694815
-2870.3886712060776,3318.049409156968,1730329802.172231
-2928.01146841186,3340.0211739565343,1730329802.1774735
-2997.234820989945,3310.22629859761,1730329802.1814184
-2945.2223116424457,3293.820118167415,1730329802.1853068
-2852.3284616861897,3298.8492606698587,1730329802.189432
-2906.151462334569,3308.3711038078195,1730329802.1943872
-2986.505983651398,3315.8142347114367,1730329802.197284
-2955.995852469904,3269.9484550891466,1730329802.201898
-2877.563581176232,3271.289559756465,1730329802.205299
-2902.128148332614,3315.456606800152,1730329802.2096088
-2986.9306667960486,3328.42061858423,1730329802.2133112
-2971.083279977236,3269.009681822024,1730329802.2174468
-2875.3060549862453,3246.434419922164,1730329802.2212453
-2884.313808001734,3289.595638465362,1730329802.224449
-2986.9977220294145,3310.248650342065,1730329802.2284348
-2989.4564139194986,3279.3138360159205,1730329802.2334564
-2890.1029098156587,3251.195341491144,1730329802.2374775
-2868.7569938608403,3287.271057042009,1730329802.2415428
-2957.426364115044,3318.9881824240906,1730329802.2454095
-2983.6449603611186,3288.1874785646773,1730329802.2495005
-2908.5878024801973,3242.947547787136,1730329802.2525494
-2865.337176959178,3269.07673705539,1730329802.256488
-2934.091142903703,3313.2214323546214,1730329802.261649
-2993.949114555015,3278.308007515432,1730329802.2655346
-2927.2962125892896,3247.6637658672057,1730329802.2699902
-2857.4917146553653,3256.336242715865,1730329802.2736063
-2917.372038051133,3285.058234340934,1730329802.276806
-3005.013228060392,3283.6053709513394,1730329802.280422
-2949.3573843666777,3258.973748561591,1730329802.2845457
-2860.8891798125724,3237.1137424843005,1730329802.2885058
-2901.85992739915,3267.221542265599,1730329802.2938125
-2994.262038977389,3262.55002767444,1730329802.2974937
-2973.0055300003924,3226.094332467834,1730329802.3016825
-2881.0057498223487,3226.3402016568425,1730329802.304574
-2887.0183690808262,3251.26239672451,1730329802.3088365
-2984.896658050616,3275.067004569412,1730329802.3126044
-2984.181402228046,3248.781353089971,1730329802.3168278
-2884.090290557181,3226.004925490013,1730329802.3214314
-2874.3672817191223,3266.9309695876805,1730329802.3256452
-2972.044404988814,3285.8852488857806,1730329802.328967
-2988.8305650747498,3238.566605873896,1730329802.332925
-2907.4925670018874,3229.178873202666,1730329802.3364508
-2882.90564810105,3263.712318386116,1730329802.341056
-2957.783992026328,3286.332283774887,1730329802.344663
-3006.399036216621,3261.79006836296,1730329802.3497505
-2934.9405091930043,3226.898995268225,1730329802.3539648
-2869.9863398058824,3244.914501299203,1730329802.3568065
-2938.919119706049,3274.1058795578338,1730329802.3609405
-3007.449568206021,3269.6355306667724,1730329802.3645828
-2934.471122559443,3235.7502860725267,1730329802.3690765
-2865.3595287036337,3250.6588996242167,1730329802.3726215
-2925.2622038438567,3290.199135565655,1730329802.3780973
-2983.488498149932,3294.334208289886,1730329802.3817189
-2932.5712242807417,3245.294480954943,1730329802.3848128
-2847.5675401172093,3245.316832699398,1730329802.388582
-2896.5849157076977,3276.0728330699008,1730329802.393
-2988.718806352473,3284.298275029454,1730329802.3966496
-2964.1095357071804,3244.5345216434625,1730329802.4012923
-2877.317711987223,3221.936907999147,1730329802.4046504
-2889.879392371105,3286.891077386269,1730329802.4102323
-2973.3631579116773,3289.84150765437,1730329802.4127069
-2981.432137660044,3245.003908277024,1730329802.4173653
-2889.544116204276,3233.3139459268987,1730329802.420941
-2869.963988061427,3261.879475340781,1730329802.4249997
-2970.0103962433814,3296.7929001799707,1730329802.428952
-2996.541916911831,3267.802687621437,1730329802.4331703
-2911.918212404038,3241.137056486256,1730329802.4377685
-2870.7462991173625,3259.8901700842584,1730329802.4413311
-2946.988099454415,3288.1874785646773,1730329802.4441495
-3003.336847226244,3257.2526642385324,1730329802.4494252
-2932.9065004475715,3239.930062285669,1730329802.4531386
-2873.786136363284,3260.516018929008,1730329802.456816
-2937.957994694471,3274.038824324468,1730329802.4610312
-2999.604105902208,3262.4159172077084,1730329802.464958
-2939.5226168063423,3224.4403033781414,1730329802.467949
-2870.56748516172,3245.4509431661304,1730329802.4729805
-2919.182529352013,3281.258437783532,1730329802.4772778
-3004.1638617710905,3278.710338915628,1730329802.480759
-2962.8131345287725,3237.0019837620243,1730329802.4851
-2877.161249776036,3240.198283219133,1730329802.4887955
-2915.181567094513,3296.9493623911576,1730329802.4930108
-2992.205678487501,3285.79584190796,1730329802.495734
-2979.666349848074,3217.2206899190774,1730329802.50012
-2881.5868951781863,3224.239137678044,1730329802.504783
-2880.290493999779,3269.9931585780573,1730329802.5092928
-2976.335939924233,3284.74530991856,1730329802.5127823
-2979.4875358924314,3257.520885171996,1730329802.5171647
-2883.755014390352,3244.713335599105,1730329802.5207613
-2865.963025803927,3282.756004662038,1730329802.524387
-2964.1095357071804,3292.3896065222752,1730329802.5281138
-2997.1230622676685,3255.173952004189,1730329802.5326266
-2913.594593238186,3218.070056208379,1730329802.537472
-2867.214723493424,3237.7619430735044,1730329802.541323
-2944.752925008884,3282.130155817289,1730329802.545286
-3000.051140791314,3260.918350329203,1730329802.5479815
-2936.460427815965,3215.8795852517587,1730329802.5522337
-2872.5791421626977,3249.0272222789795,1730329802.5559196
-2926.983288166916,3292.9931036225685,1730329802.5612953
-3004.990876315937,3277.972731348602,1730329802.5650668
-2955.995852469904,3229.9611842586023,1730329802.569348
-2872.109755529136,3251.3518037023314,1730329802.571879
-2907.4255117685216,3288.008664609035,1730329802.5758612
-2996.6760273785626,3263.5111526860182,1730329802.5799327
-2967.5517043532973,3227.480140624063,1730329802.58451
-2889.052377826259,3230.4082191477087,1730329802.5889337
-2905.4809100009097,3273.860010368825,1730329802.5933216
-2993.055044776803,3286.242876797065,1730329802.5968573
-2982.929704538549,3247.619062378295,1730329802.6002948
-2885.386691735589,3203.116739167778,1730329802.6042378
-2885.207877779946,3251.7094316136163,1730329802.608381
-2981.20862021549,3278.8220976379034,1730329802.612253
-2993.3232657102667,3229.648259836228,1730329802.6160326
-2911.1359013481024,3196.0312361754463,1730329802.6209688
-2881.184563777991,3247.9543385451248,1730329802.625126
-2965.1600676965795,3286.824022152904,1730329802.6282437
-2996.1395855116352,3254.5033996705297,1730329802.63268
-2914.801587438773,3227.7930650464377,1730329802.6359508
-2863.951368802949,3257.7667543610046,1730329802.6403356
-2936.43807607151,3271.0213388230013,1730329802.644216
-2996.921896567571,3260.9854055625688,1730329802.649655
-2930.000773668381,3226.6754778236723,1730329802.653541
-2867.28177872679,3232.35282091532,1730329802.6559584
-2923.0046776538707,3276.7210336591047,1730329802.6604774
-2994.373797699666,3267.400356221241,1730329802.6641488
-2956.174666425546,3225.267317922988,1730329802.668285
-2874.3002264857564,3242.701678598128,1730329802.6720247
-2903.8492326556725,3267.243894010054,1730329802.6776557
-2998.6653326350847,3265.902789342736,1730329802.6811836
-2975.821849801761,3232.8222075488816,1730329802.684254
-2886.213706280435,3222.763922543993,1730329802.6880116
-2902.2399070548904,3263.354690474831,1730329802.6922555
-2995.223163988968,3274.7540801470377,1730329802.695996
-2982.6391318606297,3231.8163790483927,1730329802.7003832
-2887.1971830364687,3221.333410898854,1730329802.7050571
-2884.537325446287,3257.297367727443,1730329802.7086253
-2964.601274085197,3274.955245847136,1730329802.712326
-2992.272733720867,3248.177855989677,1730329802.7160895
-2913.7063519604626,3225.3343731563536,1730329802.720588
-2878.211781765436,3243.97572803208,1730329802.724357
-2959.5721315827527,3260.180742762177,1730329802.7283216
-3001.6381146476406,3243.483989654063,1730329802.733336
-2932.5712242807417,3219.4558643646083,1730329802.736143
-2879.552886432753,3234.431533149664,1730329802.7408493
-2940.4837418179204,3266.9756730765907,1730329802.744384
-2999.291181479833,3246.657937366717,1730329802.7482443
-2949.178570411036,3207.944715970125,1730329802.7525096
-2879.061148054737,3225.490835367541,1730329802.7561483
-2926.804474211273,3261.879475340781,1730329802.761335
-3003.113329781691,3260.918350329203,1730329802.7641191
-2965.6518060745966,3237.7395913290493,1730329802.7673304
-2890.147613304569,3238.3430884293425,1730329802.7720685
-2903.089273344192,3268.4061847217304,1730329802.7762964
-2981.834469060239,3272.809478379426,1730329802.7802284
-2970.6362450881297,3248.915463556703,1730329802.7842753
-2885.9454853469715,3247.2167309781,1730329802.78924
-2891.3322557607003,3288.3439407758647,1730329802.7924967
-2977.967617269471,3305.80065319546,1730329802.7952473
-2994.664370377585,3260.068984039901,1730329802.80051
-2904.1621570780467,3245.339184443854,1730329802.804249
-2885.85607836915,3281.2137342946216,1730329802.808489
-2960.130925194136,3311.165071864733,1730329802.812458
-2998.7770913573613,3286.5110977305294,1730329802.815411
-2918.8472531851835,3260.8512950958366,1730329802.8194995
-2874.143764274569,3293.864821656325,1730329802.823962
-2952.1960559125014,3309.287525330488,1730329802.8285096
-3005.8402426052385,3287.449870997652,1730329802.832626
-2928.503206789876,3253.654033381228,1730329802.8364987
-2864.353700203145,3280.8561063833367,1730329802.8409991
-2929.553738779276,3326.118388905333,1730329802.843619
-3008.008361817403,3319.546976035473,1730329802.8472495
-2949.424439600044,3268.1826672771776,1730329802.8518584
-2869.963988061427,3264.6734433976944,1730329802.8564112
-2924.7481137213845,3315.2777928445093,1730329802.8604667
-3009.6400391626407,3325.067856915934,1730329802.8642566
-2970.703300321496,3270.820173122904,1730329802.868853
-2881.8774678561053,3266.55098993194,1730329802.871309
-2911.225308325924,3311.165071864733,1730329802.8754735
-2999.492347179931,3322.6985720036714,1730329802.879308
-2982.817945816272,3277.279827270488,1730329802.8836584
-2888.113604559136,3273.658844668728,1730329802.8883195
-2886.0125405803374,3321.871557458825,1730329802.8928745
-2975.2630561903784,3339.082400689412,1730329802.8963363
-2991.0657395202807,3300.615048481828,1730329802.899575
-2901.7481686768733,3274.821135380404,1730329802.9036584
-2877.4518224539547,3315.1883858666883,1730329802.9079063
-2962.321396150756,3331.1698831522326,1730329802.9117708
-2998.799443101817,3294.7365396900823,1730329802.91654
-2920.2107095969573,3277.279827270488,1730329802.9206386
-2872.221514251413,3296.837603668881,1730329802.9245155
-2946.138733165113,3312.2156038541325,1730329802.927374
-3014.1997950315235,3299.944496148169,1730329802.9316509
-2941.623680785141,3252.0894112693563,1730329802.935536
-2871.4615549399323,3275.357577247331,1730329802.939358
-2927.609137011664,3318.250574857065,1730329802.9444995
-3003.627419904163,3305.0630456284343,1730329802.9483664
-2963.059003717781,3268.227370766088,1730329802.951501
-2877.764746876329,3284.8570686408366,1730329802.9553213
-2924.122264876636,3300.2127170816325,1730329802.9595337
-3006.957829828004,3296.524679246507,1730329802.9635427
-2973.20669570049,3268.227370766088,1730329802.967607
-2875.66368289753,3257.297367727443,1730329802.971466
-2897.099005830169,3288.3439407758647,1730329802.9767992
-2995.73725411144,3305.398321795264,1730329802.979452
-2986.148355740113,3272.295388256954,1730329802.9839115
-2900.183546565002,3247.797876333937,1730329802.9875183
-2890.594648193676,3273.6364929242723,1730329802.991736
-2987.5118121518867,3302.023208382512,1730329802.9956093
-2998.173594257068,3262.281806740976,1730329802.9997392
-2913.192261837991,3231.235233692555,1730329803.0044868
-2887.867735370128,3263.220580008099,1730329803.0079668
-2971.865591033172,3296.547030990962,1730329803.0117605
-3010.6458676631296,3271.1107458008228,1730329803.0155928
-2931.2301196134235,3239.818303563393,1730329803.019498
-2876.6471596535634,3266.3498242318424,1730329803.0233967
-2945.5799395537306,3299.1398333477778,1730329803.0273893
-2999.469995435476,3290.1544320767443,1730329803.0325098
-2938.852064472683,3256.6715188826943,1730329803.0354507
-2867.7511653603515,3262.55002767444,1730329803.039494
-2927.765599222851,3299.586868236884,1730329803.0434437
-3005.795539116328,3296.9270106467025,1730329803.0475273
-2963.997776984904,3257.9008648277363,1730329803.0515304
-2874.635502652586,3266.21571376511,1730329803.0566273
-2913.14755834908,3301.196193837666,1730329803.059555
-2994.887887822138,3293.4401385116744,1730329803.0624948
-2972.8043643002948,3257.7667543610046,1730329803.0676734
-2884.358511490645,3252.7599636030154,1730329803.071585
-2893.8132993952395,3289.975618121102,1730329803.0757687
-2987.1318324961467,3305.353618306353,1730329803.0796194
-2997.793614601328,3278.062138326424,1730329803.08419
-2898.57422096422,3249.273091467988,1730329803.087649
-2885.5878574356866,3283.9853506070795,1730329803.090644
-2978.5264108808533,3313.9590399216463,1730329803.0956051
-3002.755701870406,3279.2467807825547,1730329803.0997684
-2922.1776631090243,3246.970861789091,1730329803.1039057
-2888.203011536957,3261.812420107415,1730329803.1078053
-2967.171724697557,3296.0105891240346,1730329803.1121004
-3006.890774594638,3268.205019021633,1730329803.1158636
-2945.959919209471,3227.390733646242,1730329803.1200309
-2893.008636594848,3253.6093298923174,1730329803.1243796
-2951.5255035788423,3286.6675599417163,1730329803.1281714
-3018.5360334558527,3269.45671671113,1730329803.1307025
-2947.099858176692,3242.2546437090214,1730329803.1349113
-2862.5208571578096,3252.804667091926,1730329803.1386733
-2920.411875297055,3303.4984235165625,1730329803.143767
-3003.6497716486183,3293.484842000585,1730329803.1477933
-2963.7072043069847,3252.894074069748,1730329803.1522677
-2876.3789387201,3249.6977746126386,1730329803.1548345
-2900.3400087761893,3291.584943721884,1730329803.1591845
-2990.2610767198894,3291.6296472107947,1730329803.1627412
-2978.437003903032,3256.112725271312,1730329803.1681137
-2892.1369185610915,3244.35570768782,1730329803.1718907
-2896.9425436189827,3285.527620974496,1730329803.1758432
-2987.40005342961,3293.2836763004875,1730329803.1797447
-2993.3232657102667,3259.97957706208,1730329803.183036
-2902.843404155184,3250.2789199684767,1730329803.1872518
-2881.7210056449185,3273.4800307130854,1730329803.1913495
-2974.7713178123618,3302.738464205082,1730329803.1954408
-3010.958792085504,3270.6413591672613,1730329803.2001145
-2937.1086284051694,3248.5354839009624,1730329803.2038977
-2881.966874833927,3276.3857574922754,1730329803.208063
-2954.25241640239,3299.430406025697,1730329803.2114737
-3010.578812429764,3275.849315625348,1730329803.215068
-2936.728648749429,3249.608367634817,1730329803.219057
-2877.2059532649464,3278.643283682261,1730329803.2230334
-2940.863721473661,3326.811292983448,1730329803.2279463
-3019.854786378716,3312.617935254328,1730329803.2319536
-2971.7761840553503,3258.750231117038,1730329803.2359908
-2884.112642301636,3252.156466502722,1730329803.2390018
-2919.8530816856724,3300.5479932484623,1730329803.2430296
-3010.3999984741213,3307.0299991405013,1730329803.2468548
-2980.180439970546,3266.506286443029,1730329803.2510135
-2893.3886162505887,3258.83963809486,1730329803.2550988
-2905.726779189918,3290.8249844104034,1730329803.260068
-3003.2697919928783,3297.7316734470933,1730329803.2628448
-2994.083225021747,3264.516981186507,1730329803.2675028
-2896.7413779188846,3249.1166292568005,1730329803.2709105
-2895.869659885128,3292.836641411381,1730329803.2753077
-2997.6371523901407,3317.088284145389,1730329803.2788837
-3004.2532687489115,3280.36436800532,1730329803.2833152
-2902.418721010533,3257.163257260711,1730329803.2879725
-2871.506258428843,3287.4051675087417,1730329803.2912977
-2963.930721751538,3310.315705575432,1730329803.2953925
-3015.07151306528,3292.769586178016,1730329803.2993555
-2929.3972765680883,3261.0971642848453,1730329803.3033216
-2879.083499799192,3290.266190799021,1730329803.3072462
-2946.719878520951,3306.0688741289227,1730329803.3111813
-3006.019056560881,3286.488745986074,1730329803.3161764
-2946.138733165113,3247.708469356116,1730329803.3192248
-2889.700578415463,3256.3809462047752,1730329803.3232515
-2940.0590586732696,3294.781243178993,1730329803.3276205
-3010.3999984741213,3287.807498908937,1730329803.3311453
-2967.529352608842,3245.2497774660324,1730329803.3350797
-2888.5829911926976,3252.581149647373,1730329803.3390715
-2925.3963143105884,3293.9542286341466,1730329803.3441892
-3008.030713561858,3283.8288883958926,1730329803.3470418
-2973.944303267516,3251.5082659135182,1730329803.3512423
-2888.158308048047,3251.3518037023314,1730329803.3549922
-2907.313753046245,3288.4780512425964,1730329803.3594463
-3002.375722214666,3299.966847892624,1730329803.363112
-2999.0229605463696,3259.867818339804,1730329803.3676927
-2911.5829362372087,3253.162295003211,1730329803.3710337
-2899.7812151648063,3281.8619348838256,1730329803.374442
-2989.1881929860347,3287.226353553099,1730329803.3790295
-3011.942268841537,3273.278865012988,1730329803.3833904
-2916.43326478401,3244.422762921186,1730329803.3871548
-2888.4265289815103,3269.747289389049,1730329803.3914652
-2976.626512602152,3312.7967492099706,1730329803.3951204
-3023.632231191663,3273.4353272241747,1730329803.3994982
-2947.435134343521,3241.517036141996,1730329803.4024453
-2878.8152788657285,3270.753117889538,1730329803.4061449
-2948.4856663329206,3314.2496125995654,1730329803.4115024
-3007.315457739289,3314.361371321842,1730329803.415214
-2942.2942331188005,3276.877495870292,1730329803.4197116
-2876.3342352311893,3295.6976647016604,1730329803.423881
-2922.021200897837,3332.220415141632,1730329803.4276297
-3011.4281787190653,3308.192289852177,1730329803.430142
-2968.2893119203227,3272.4742022125965,1730329803.434428
-2889.9687993489265,3273.4800307130854,1730329803.4392672
-2917.372038051133,3318.429388812708,1730329803.4437923
-3003.1580332706017,3322.7209237481266,1730329803.447265
-2982.728538838451,3292.210792566633,1730329803.4516225
-2895.914363374038,3285.594676207861,1730329803.4551551
-2907.604325724164,3312.8638044433364,1730329803.458424
-2999.246477990923,3323.212662126144,1730329803.462175
-2999.8052716023058,3298.245763569565,1730329803.4678423
-2905.2573925563565,3276.8551441258364,1730329803.4712234
-2888.985322592893,3317.6917812456827,1730329803.4756143
-2976.5371056243307,3345.4973513480845,1730329803.4792087
-3011.048199063325,3321.156301636255,1730329803.4835715
-2927.631488756119,3279.537353460473,1730329803.4863737
-2888.538287703787,3310.4721677866182,1730329803.490914
-2962.522561850853,3354.706270063671,1730329803.495406
-3014.6021264317187,3334.0532581869675,1730329803.4996345
-2946.451657587488,3293.84246991187,1730329803.5036156
-2884.917305102027,3317.468263801129,1730329803.5064104
-2953.2018844129902,3350.571197339439,1730329803.5108578
-3021.4417602350427,3341.295223390487,1730329803.514299
-2962.187285684024,3309.7345602195933,1730329803.5188391
-2884.269104512824,3314.8978131887693,1730329803.523986
-2932.43711381401,3353.9463107521906,1730329803.527884
-3011.0258473188696,3347.7548775380706,1730329803.531587
-2979.576942870253,3320.999839425068,1730329803.5346916
-2892.628656939108,3325.447836571674,1730329803.5382738
-2905.8385379121946,3358.327252665431,1730329803.5427115
-2992.272733720867,3368.3408341814084,1730329803.5462632
-2986.4836319069427,3338.903586733769,1730329803.550574
-2893.3886162505887,3324.777284238015,1730329803.5552952
-2883.755014390352,3343.0163077135453,1730329803.5595703
-2979.241666703423,3362.194104456199,1730329803.5622828
-3003.2474402484227,3333.785037253504,1730329803.5670424
-2921.730628219918,3305.241859584077,1730329803.570573
-2890.57229644922,3325.2466708715765,1730329803.5744035
-2978.63816960313,3366.9773777696346,1730329803.5783305
-3012.970449086481,3327.9512319506684,1730329803.5839696
-2928.905538190072,3290.8249844104034,1730329803.5873635
-2884.537325446287,3311.5674032649285,1730329803.5909643
-2963.9083700070823,3347.129028693322,1730329803.5946465
-3019.631268934163,3337.875406488825,1730329803.5990927
-2947.72570702144,3300.8162141819257,1730329803.6030085
-2887.487755714388,3320.8210254694254,1730329803.6066487
-2942.093067418703,3356.650871831283,1730329803.6115448
-3009.1259490401685,3344.1338949363108,1730329803.6145296
-2965.830620030239,3315.7918829669816,1730329803.6186025
-2882.3692062341224,3327.079513916912,1730329803.6226172
-2925.53042477732,3369.346662681897,1730329803.6265826
-3013.59629793123,3363.401098656785,1730329803.6303809
-2987.8917918076268,3325.6937057606824,1730329803.6345415
-2899.4235872535214,3325.671354016228,1730329803.6395566
-2913.9745728939265,3373.928770295235,1730329803.6425858
-3001.5934111587303,3369.748994082093,1730329803.64638
-2997.1677657565792,3328.0182871840343,1730329803.650578
-2908.118415846636,3316.730656234105,1730329803.6543992
-2901.345837276678,3356.650871831283,1730329803.6586132
-2999.6488093911184,3366.150363224788,1730329803.66248
-3016.636135177152,3335.774342510026,1730329803.6665597
-2917.4837967734097,3321.6256882698167,1730329803.6704671
-2880.335197488689,3357.1873136982103,1730329803.6734793
-2962.522561850853,3380.500183165096,1730329803.6786635
-3007.337809483744,3356.181485197721,1730329803.68268
-2931.051305657781,3336.199025654677,1730329803.6867125
-2876.982435820393,3362.574084111939,1730329803.690728
-2953.827733257739,3401.130843297344,1730329803.6946628
-3018.916013111593,3372.1182789943555,1730329803.6987147
-2949.022108199848,3315.2777928445093,1730329803.7017467
-2888.314770259234,3338.545958822484,1730329803.7067387
-2932.794741725295,3386.2669332345645,1730329803.7107213
-3013.2610217644005,3382.780061099537,1730329803.7144868
-2974.950131768004,3350.3923833837966,1730329803.7188694
-2889.767633648829,3344.580929825417,1730329803.7230735
-2912.0746746152254,3370.5089533935734,1730329803.7270465
-3005.952001327515,3353.6110345853613,1730329803.7295136
-2979.8451638037163,3318.4070370682525,1730329803.7341564
-2892.2263255389125,3328.688839517694,1730329803.7385728
-2906.1291105901137,3363.289339934509,1730329803.7432537
-2995.603143644708,3376.1415929963105,1730329803.7467108
-2999.5146989243867,3346.637290315305,1730329803.7498937
-2910.6218112256306,3331.4828075746072,1730329803.753808
-2897.680151186008,3358.8636945323583,1730329803.7582204
-2987.1318324961467,3380.544886654006,1730329803.7618663
-3010.8023298743165,3356.069726475445,1730329803.7672904
-2926.983288166916,3326.5654237944395,1730329803.770685
-2890.996979593871,3348.581892082917,1730329803.7749264
-2976.5594573687863,3380.768404098559,1730329803.7778597
-3026.8955858821378,3363.3116916789645,1730329803.7823992
-2940.595500540197,3351.264101417554,1730329803.7858565
-2889.432357481999,3378.197953486199,1730329803.7898767
-2958.5439513378087,3387.4739274351514,1730329803.7949767
-3027.9237661270818,3375.33693019592,1730329803.7987964
-2955.0570792027806,3331.8851389748024,1730329803.8028152
-2892.4945464723764,3353.476924118629,1730329803.8057275
-2951.2349309009232,3404.170680543265,1730329803.81004
-3009.572983929275,3388.993846058112,1730329803.8138442
-2955.884093747627,3355.8238572864366,1730329803.818391
-2883.509145201343,3351.9570054956685,1730329803.8217394
-2910.95708739246,3388.1668315132656,1730329803.8270884
-3001.347541969722,3402.784872387037,1730329803.8309052
-2995.0443500333254,3371.850058060892,1730329803.834065
-2892.4274912390106,3347.4643048601515,1730329803.83783
-2896.651970941064,3394.224154260654,1730329803.8422751
-2998.754739612906,3412.2173085471763,1730329803.8457336
-3006.399036216621,3370.330139437931,1730329803.8503287
-2915.3156775612447,3361.836476544914,1730329803.854924
-2893.008636594848,3399.901497352302,1730329803.8581345
-2982.415614416077,3400.0803113079446,1730329803.8621564
-3017.9101846111043,3379.472002920151,1730329803.865862
-2933.308831847767,3358.1484387097885,1730329803.8701916
-2891.645180183075,3383.405909944285,1730329803.8741708
-2957.448715859499,3403.813052631981,1730329803.8782916
-3017.954888100015,3392.190145515221,1730329803.8831112
-2957.0016809703925,3339.752953023071,1730329803.8860104
-2887.867735370128,3358.7295840656266,1730329803.8901317
-2947.72570702144,3408.238698034132,1730329803.8941135
-3021.1958910460344,3407.210517789187,1730329803.8980982
-2964.020128729359,3356.494409620096,1730329803.9021356
-2881.5868951781863,3361.4341451447185,1730329803.90603
-2923.7646369653507,3405.6905991662265,1730329803.9115076
-3026.113274826202,3414.184262059244,1730329803.9138978
-2993.8373558327385,3358.5284183655285,1730329803.918244
-2898.5518692197647,3359.6907090772047,1730329803.921851
-2911.4041222815663,3405.422378232762,1730329803.9260564
-2992.943286054526,3413.759578914593,1730329803.92989
-2983.4214429165654,3378.868505819858,1730329803.9342792
-2895.020293595826,3358.5060666210734,1730329803.9389143
-2890.058206326748,3390.6255234033497,1730329803.9423566
-2988.919972052571,3425.829520920458,1730329803.9459276
-3004.8791175936603,3383.450613433196,1730329803.9503093
-2915.226270583424,3354.482752619118,1730329803.9538956
-2889.09708131517,3395.1405757833218,1730329803.9581995
-2972.2679224333674,3418.542852228028,1730329803.9621992
-3016.211452032501,3380.6342936318274,1730329803.9661431
-2934.918157448549,3336.7354675216043,1730329803.9695935
-2887.890087114583,3370.620712115849,1730329803.9736643
-2957.404012370588,3407.6799044227487,1730329803.9779592
-3020.8606148792046,3400.5049944525954,1730329803.9825428
-2956.9569774814818,3367.8937992923024,1730329803.9860609
-2875.373110219611,3361.3670899113527,1730329803.9903128
-2934.135846392613,3397.9568955846903,1730329803.994352
-3028.437856249554,3393.3971397158075,1730329803.9969852
-2976.380643413144,3345.452647859174,1730329804.001217
-2878.412947465533,3355.846209030892,1730329804.006146
-2920.2554130858675,3397.666322906772,1730329804.010271
-3016.8373008772496,3394.134747282833,1730329804.0141091
-2998.0618355347915,3358.640177087805,1730329804.0185063
-2894.0368168397927,3337.3166128774424,1730329804.021088
-2911.0688461147365,3368.251427203588,1730329804.0250688
-3010.958792085504,3397.934543840235,1730329804.0290847
-3005.6167251606853,3366.060956246967,1730329804.034228
-2915.449788027977,3329.739371507093,1730329804.038102
-2901.211726809946,3357.969624754146,1730329804.0426424
-2993.1221000101687,3390.7149303811707,1730329804.0460703
-3008.12012053968,3362.8870085343133,1730329804.049278
-2921.104779375169,3348.604243827372,1730329804.053269
-2879.1505550325583,3379.0026162865897,1730329804.057279
-2968.959864253982,3410.384465501841,1730329804.0620298
-3014.847995620727,3393.0171600600675,1730329804.066202
-2937.600366783186,3342.166941424244,1730329804.0704465
-2874.747261374863,3366.820915558448,1730329804.0741358
-2947.055154687781,3408.0375323340336,1730329804.0775034
-3022.045257335336,3405.7129509106817,1730329804.081344
-2947.993927954904,3350.5935490838947,1730329804.085274
-2882.927999845505,3334.0532581869675,1730329804.089104
-2937.019221427348,3380.9919215431123,1730329804.094556
-3018.5136817113976,3376.81214532997,1730329804.0988815
-2980.2921986928227,3336.154322165766,1730329804.1015832
-2900.183546565002,3342.837493757903,1730329804.1051116
-2925.597480010686,3377.8850290638247,1730329804.1095233
-3017.686667166551,3380.9919215431123,1730329804.1131277
-2995.156108755601,3338.5012553335737,1730329804.1176417
-2899.6471046980746,3317.401208567764,1730329804.1222262
-2915.494491516887,3359.5342468660174,1730329804.126407
-3006.1531670276127,3379.136726753322,1730329804.1292367
-3008.0754170507694,3334.3438308648865,1730329804.1336925
-2919.8307299412168,3328.398266839775,1730329804.137155
-2905.078578600714,3372.2747412055423,1730329804.1413848
-2994.1949837440234,3381.3271977099416,1730329804.1453426
-3025.755646914917,3356.673223575738,1730329804.1504447
-2942.7412680079065,3338.6353658003054,1730329804.1542125
-2882.838592867684,3346.257310659565,1730329804.157489
-2954.6100443136747,3386.445747190207,1730329804.1615343
-3020.88296662366,3373.8840668063244,1730329804.1654308
-2960.533256594331,3327.6606592727494,1730329804.1694343
-2893.567430206231,3331.840435485892,1730329804.1739807
-2956.82286701475,3385.5069739230844,1730329804.177533
-3032.2153010625007,3386.6245611458494,1730329804.1824749
-2965.0036054853927,3359.33308116592,1730329804.1853716
-2884.157345790547,3351.0405839730006,1730329804.1895075
-2928.637317256608,3377.862677319369,1730329804.1935143
-3001.951039070015,3386.4904506791177,1730329804.197337
-2974.525448623353,3354.169828196744,1730329804.2015133
-2887.9124388590385,3362.059993989468,1730329804.2063746
-2906.330276290212,3387.742148368615,1730329804.2098303
-3007.851899606216,3391.9219245817576,1730329804.2122405
-2993.747948854917,3355.510932864062,1730329804.2179258
-2911.851157170672,3350.0124037280566,1730329804.221295
-2897.546040719276,3378.555581397484,1730329804.2254803
-2991.535126153842,3401.9131543532794,1730329804.229302
-3012.590469430741,3381.52836341004,1730329804.234367
-2913.3487240491777,3337.540130321995,1730329804.2372315
-2894.640313940086,3371.6265406163384,1730329804.2405088
-2990.4175389310767,3411.0550178355,1730329804.24526
-3023.900452125127,3367.133839980822,1730329804.249432
-2935.1863783820127,3338.6353658003054,1730329804.2533376
-2893.4556714839546,3380.187258742721,1730329804.2574208
-2963.953073495993,3407.1434625558213,1730329804.262371
-3020.7041526680177,3374.8228400734474,1730329804.265448
-2957.53812283732,3339.507083834062,1730329804.2687707
-2887.5995144366643,3367.3126539364644,1730329804.2735128
-2939.5226168063423,3402.091968308922,1730329804.277875
-3012.8363386197498,3387.1386512683216,1730329804.2819495
-2976.8500300467053,3354.2592351745648,1730329804.2855234
-2900.407064009555,3355.063897974956,1730329804.290007
-2936.05809641577,3390.424357703252,1730329804.2940354
-3019.810082889805,3394.6041339163944,1730329804.2964292
-2993.278562221356,3352.2028746846768,1730329804.3003964
-2911.024142625826,3353.543979351995,1730329804.305528
-2926.4915497888983,3391.1172617813663,1730329804.3099253
-3013.0598560643025,3380.0531482759893,1730329804.3134737
-2996.4078064450987,3360.0483369884896,1730329804.3178756
-2900.2282500539127,3356.1367817088108,1730329804.3215945
-2892.7180639169296,3376.81214532997,1730329804.3247447
-2988.249419718912,3399.655628163294,1730329804.32873
-3011.875213608171,3362.864656789858,1730329804.33366
-2914.6898287164963,3343.932729236213,1730329804.337474
-2876.3789387201,3375.538095896017,1730329804.3422518
-2964.2659979183672,3397.263991506576,1730329804.344581
-3010.534108940853,3371.5594853829725,1730329804.348517
-2936.0357446713147,3343.977432725124,1730329804.3526835
-2894.975590106916,3362.909360278769,1730329804.3572488
-2963.1931141845125,3385.328159967442,1730329804.3617127
-3021.039428834847,3360.227150944132,1730329804.3657055
-2961.092050205714,3327.6383075282943,1730329804.3699768
-2887.823031881217,3351.71113630666,1730329804.3726633
-2941.15429415158,3389.4408809472184,1730329804.3768864
-3016.010286332403,3383.450613433196,1730329804.3805103
-2973.765489311873,3342.502217591073,1730329804.384873
-2891.958104605449,3338.411848355752,1730329804.390298
-2928.883186445616,3383.4953169221067,1730329804.3941448
-3013.21631827549,3389.552639669495,1730329804.3978202
-2986.953018540504,3338.0765721889225,1730329804.4011424
-2910.7559216923623,3338.680069289216,1730329804.4045827
-2922.892918931594,3371.8277063164364,1730329804.4089992
-3007.5836786727523,3388.77032861356,1730329804.4127214
-3004.566193171286,3363.602264356884,1730329804.4177988
-2909.236003069401,3337.3166128774424,1730329804.4216585
-2897.568392463731,3362.7305463231264,1730329804.425822
-2985.3883964286324,3392.86069784888,1730329804.4288032
-3020.1006555677245,3352.8510752738807,1730329804.4329371
-2934.851102215184,3330.365220351842,1730329804.4370887
-2898.842441897684,3359.5565986104725,1730329804.44098
-2980.985102770937,3402.896631109313,1730329804.4450097
-3021.531167212864,3369.212552215165,1730329804.449836
-2940.4613900734653,3341.652851301772,1730329804.453707
-2879.7093486439408,3369.6595871042714,1730329804.457309
-2944.708221519973,3398.739206640626,1730329804.4612572
-3015.2726787653783,3386.6022094013942,1730329804.4649692
-2957.5157710928647,3353.789848541004,1730329804.4692457
-2873.5849706631866,3361.7917730560034,1730329804.4729283
-2934.761695237362,3397.733378140137,1730329804.47809
-3016.8596526217048,3391.139613525821,1730329804.4808085
-2971.6867770775293,3363.646967845794,1730329804.4847922
-2884.5820289351977,3354.415697385752,1730329804.4887767
-2937.890939461105,3407.545793956017,1730329804.4932015
-3012.3893037306434,3404.7965293880143,1730329804.4968214
-2993.97146629947,3346.927862993224,1730329804.5013463
-2905.436206511999,3350.705307806172,1730329804.5058336
-2904.251564055868,3396.5934391729165,1730329804.5089936
-2995.7149023669845,3410.742093413126,1730329804.5119731
-3007.449568206021,3360.4953718775955,1730329804.5171103
-2919.5625090077533,3347.196083926688,1730329804.5207536
-2898.99890410887,3370.57600862694,1730329804.525135
-2993.077396521258,3406.517613711073,1730329804.5288477
-3013.372780486677,3383.025930288545,1730329804.533157
-2934.8734539596385,3346.681993804216,1730329804.5370655
-2884.023235323815,3368.81022081497,1730329804.540613
-2957.180494926035,3402.874279364858,1730329804.5451877
-3032.394115018143,3376.275703463042,1730329804.549332
-2962.2319891729344,3346.4808281041182,1730329804.553375
-2886.19135453598,3361.389441655808,1730329804.5574331
-2952.7101460349736,3405.7576543995924,1730329804.5612793
-3024.436893992054,3392.190145515221,1730329804.5651555
-2970.0103962433814,3353.834552029914,1730329804.5682116
-2886.9736655919155,3363.937540523713,1730329804.5735767
-2929.509035290365,3398.001599073601,1730329804.5775914
-3024.660411436607,3400.5049944525954,1730329804.580995
-2992.7421203544286,3362.216456200654,1730329804.585036
-2893.567430206231,3365.3680521688525,1730329804.5879364
-2910.532404247809,3398.7839101295367,1730329804.5923097
-3002.107501281202,3421.1133028403883,1730329804.5958712
-2991.669236620574,3382.221267488154,1730329804.6010103
-2907.313753046245,3363.1105259788665,1730329804.604941
-2906.5314419903093,3405.556488699495,1730329804.6094503
-2988.249419718912,3414.5642417149834,1730329804.6130724
-3001.749873369917,3376.365110440864,1730329804.6171808
-2914.3098490607563,3346.0114414705567,1730329804.6201591
-2888.0465493257702,3372.4982586500955,1730329804.6244323
-2970.9268177660488,3410.4962242241177,1730329804.62893
-3012.7022281530176,3381.6177703878607,1730329804.6329615
-2934.716991748452,3345.4973513480845,1730329804.6369233
-2890.594648193676,3362.1494009672883,1730329804.6412473
-2954.0288989578366,3401.95785784219,1730329804.6442032
-3019.8324346342606,3373.1688109837546,1730329804.6482103
-2950.1396954226134,3337.070743688434,1730329804.6524296
-2882.592723678675,3359.8248195439364,1730329804.656181
-2947.658651788074,3397.375750228852,1730329804.6613672
-3023.7216381694843,3386.356340212386,1730329804.6650937
-2968.311663664778,3337.160150666255,1730329804.6694336
-2891.8016423942618,3337.2495576440765,1730329804.6720762
-2933.666459759052,3392.6371804043274,1730329804.6761851
-3022.604050946719,3411.2114800466875,1730329804.6799748
-2992.272733720867,3357.008499742568,1730329804.684254
-2898.149537819569,3338.210682655654,1730329804.6890244
-2923.541119520798,3371.6265406163384,1730329804.6934853
-3009.3494664847217,3371.4924301496067,1730329804.697104
-2999.0676640352804,3351.9570054956685,1730329804.7005126
-2916.992058395393,3339.685897789705,1730329804.7040813
-2905.4809100009097,3377.259180219076,1730329804.7085314
-2994.507908166398,3392.7042356376933,1730329804.7120335
-3016.3008590103223,3356.025022986534,1730329804.717347
-2928.9502416789824,3341.451685601674,1730329804.7211432
-2894.305037773256,3380.2096104871766,1730329804.7245932
-2970.211561943479,3396.235811261632,1730329804.7283938
-3013.104559553213,3373.034700517023,1730329804.7324057
-2942.6742127745406,3355.510932864062,1730329804.736239
-2880.938694588983,3359.869523032847,1730329804.7401469
-2948.7091837774738,3382.355377954886,1730329804.7452807
-3012.791635130839,3376.6556831187827,1730329804.7493343
-2953.1571809240795,3346.681993804216,1730329804.7527287
-2884.246752768368,3350.9958804840903,1730329804.7562263
-2937.287442360812,3387.2057065016875,1730329804.7604144
-3017.820777633283,3368.407889414774,1730329804.7643833
-2979.1299079811465,3344.335060636409,1730329804.7684948
-2897.7695581638286,3353.834552029914,1730329804.7722468
-2927.832654456217,3397.353398484397,1730329804.7774591
-3013.3280769977664,3383.361206455375,1730329804.7803483
-2997.190117501035,3337.1377989218,1730329804.784297
-2908.543098991287,3347.7548775380706,1730329804.7883055
-2913.594593238186,3411.479700980151,1730329804.7926831
-3009.148300784624,3401.309657252986,1730329804.7962415
-3006.264925749889,3349.654775816772,1730329804.8004928
-2924.524596276832,3348.3360228939086,1730329804.8053815
-2899.4012355090663,3379.0473197755005,1730329804.8087423
-2979.1969632145124,3404.5283084545504,1730329804.8121912
-3014.8703473651826,3391.6313519038385,1730329804.8164003
-2930.96189867996,3362.4399736452074,1730329804.8202024
-2888.5606394482425,3382.5341919105285,1730329804.8244104
-2968.713995064973,3415.190090559732,1730329804.8284495
-3023.8333968917605,3391.6537036482937,1730329804.8323877
-2955.0570792027806,3351.197046184188,1730329804.835334
-2895.355569762656,3367.513819636562,1730329804.8404434
-2963.617797329164,3417.738189427637,1730329804.8446507
-3035.478655752976,3409.5574509569947,1730329804.849034
-2977.341768424722,3370.1513254822885,1730329804.8524663
-2881.8104126227395,3380.2096104871766,1730329804.8565247
-2926.871529444639,3412.060846335989,1730329804.8605175
-3011.0034955744145,3426.433018020752,1730329804.863262
-2987.444756918521,3394.2018025161988,1730329804.8675766
-2891.9134011165384,3376.923904052246,1730329804.8722968
-2907.000828623871,3407.255221278098,1730329804.876309
-3003.716826881984,3421.225061562665,1730329804.880397
-2996.184289000546,3386.691616379216,1730329804.884553
-2905.413854767544,3376.253351718587,1730329804.8883731
-2903.312790788745,3410.429168990752,1730329804.89193
-2997.056007034302,3436.357192558908,1730329804.8954024
-3017.396094488632,3396.5040321950955,1730329804.9004955
-2925.4857212884094,3378.220305230654,1730329804.9043045
-2892.338084261189,3406.562317199984,1730329804.9088228
-2979.6439981036187,3424.801340675514,1730329804.9124467
-3023.609879447208,3397.442805462218,1730329804.915789
-2938.337974350211,3372.0735755054448,1730329804.919531
-2883.66560741253,3399.7897386300256,1730329804.9235408
-2971.127983466147,3426.768294187581,1730329804.9284592
-3037.98205113197,3399.72268339666,1730329804.932796
-2960.5779600832416,3372.4982586500955,1730329804.936634
-2892.025159838815,3388.77032861356,1730329804.9406035
-2934.4264190705326,3408.506918967595,1730329804.944039
-3016.077341565769,3401.6896369087267,1730329804.9475827
-2978.213486458479,3370.710119093671,1730329804.951925
-2894.305037773256,3377.8179738304584,1730329804.955441
-2929.665497501552,3408.886898623336,1730329804.9608448
-3021.4864637239534,3416.553546971506,1730329804.9648683
-2994.373797699666,3368.318482436953,1730329804.9676657
-2907.604325724164,3357.679052076227,1730329804.971482
-2923.5858230097083,3413.804282403503,1730329804.9756608
-3007.695437395029,3426.477721509662,1730329804.9794972
-3015.9655828434925,3383.7858896000257,1730329804.9846475
-2915.159215350058,3363.512857379062,1730329804.988514
-2896.1602325630465,3399.454462463196,1730329804.992696
-2985.3213411952665,3430.948070400724,1730329804.9954865
-3007.807196117305,3388.256238491087,1730329804.9998057
-2923.809340454261,3362.685842834216,1730329805.0035293
-2896.3837500076,3396.414625217274,1730329805.007732
-2968.155201453591,3406.9199451112686,1730329805.011836
-3009.9753153294705,3392.48071819314,1730329805.0172064
-2935.052267915281,3372.5206103945507,1730329805.0205667
-2878.5470579322646,3376.9909592856125,1730329805.0240293
-2952.7548495238843,3417.291154538531,1730329805.0277767
-3022.894623624638,3390.804337358992,1730329805.032195
-2959.460372860476,3354.326290407931,1730329805.0357137
-2892.1369185610915,3367.200895214188,1730329805.040281
-2935.946337693493,3394.805299616492,1730329805.0446768
-3019.07247532278,3409.9597823571903,1730329805.0490415
-2983.7790708278503,3383.6294273888384,1730329805.0518105
-2903.558659977753,3360.897703277791,1730329805.0556798
-2932.43711381401,3404.4165497322742,1730329805.0598571
-3014.6244781761743,3399.72268339666,1730329805.063702
-2991.602181387208,3380.880162820836,1730329805.0678875
-2899.9376773759936,3374.8004883289923,1730329805.0728674
-2915.5838984947086,3395.9452385837126,1730329805.077214
-2999.2688297353784,3417.7605411720924,1730329805.079606
-3014.982106087459,3384.47879367814,1730329805.0839286
-2926.558605022264,3355.8238572864366,1730329805.0876713
-2897.054302341259,3392.7936426155143,1730329805.0923543
-2993.390320943633,3419.0122388615896,1730329805.0956807
-3024.325135269777,3385.8198983454586,1730329805.1010015
-2930.4925120463986,3356.0920782199,1730329805.103684
-2890.661703427041,3366.9103225362687,1730329805.106678
-2982.661483605085,3390.7149303811707,1730329805.111774
-3031.812969662305,3370.95598828268,1730329805.1158228
-2951.480800089932,3353.0522409739783,1730329805.1199636
-2883.687959156985,3378.265008719565,1730329805.124163
-2945.15525640908,3403.678942165249,1730329805.1286793
-3012.478710708465,3385.7528431120927,1730329805.1322677
-2965.4953438634093,3352.4040403847744,1730329805.134778
-2893.2321540394014,3357.1202584648445,1730329805.1398857
-2924.77046546584,3384.0988140224,1730329805.1439517
-3013.015152575392,3374.062880761967,1730329805.1477103
-2968.155201453591,3320.0834179024005,1730329805.1517313
-2884.313808001734,3308.125234618811,1730329805.156814
-2909.951258891971,3340.378801867819,1730329805.1598256
-3007.7624926283947,3356.80733404247,1730329805.1626856
-3002.666294892585,3320.843377213881,1730329805.1679254
-2909.683037958508,3290.4450047546634,1730329805.1718524
-2900.0717878427254,3315.993048667079,1730329805.17577
-2991.8256988317607,3337.6965925331824,1730329805.1797469
-3006.913126339093,3293.395435022764,1730329805.1828687
-2922.088256131203,3272.876533612792,1730329805.1866784
-2900.116491331636,3306.22533634011,1730329805.1909578
-2978.7946318143167,3327.5936040393835,1730329805.1956837
-3016.4796729659647,3304.8618799283363,1730329805.199952
-2933.5099975478647,3278.956208104636,1730329805.2038858
-2891.1757935495134,3297.84343216937,1730329805.2079785
-2970.859762532683,3304.437196783685,1730329805.2109652
-3026.0238678483806,3292.5684204779177,1730329805.2151008
-2950.7431925229066,3261.924178829692,1730329805.2188067
-2882.503316700854,3261.879475340781,1730329805.2230728
-2943.478875574932,3297.754025191549,1730329805.2280388
-3020.212414290001,3281.1243273168,1730329805.2320032
-2986.3942249291213,3250.1671612462,1730329805.2357764
-2903.178680322013,3258.504361928029,1730329805.2388911
-2939.0308784283257,3300.5926967373725,1730329805.2428813
-3016.6808386660623,3287.226353553099,1730329805.24686
-2985.0084167728924,3247.1049722558228,1730329805.2508242
-2895.7131976739406,3253.877550825781,1730329805.2559695
-2896.182584307502,3281.9960453505573,1730329805.2598624
-2998.732387868451,3299.7880339369817,1730329805.2640593
-2994.664370377585,3257.811457849915,1730329805.2669413
-2902.128148332614,3240.9805942750686,1730329805.270827
-2899.602401209164,3290.7355774325824,1730329805.2749815
-2986.7742045848618,3302.1573188492443,1730329805.2788773
-2999.8052716023058,3251.7988385914373,1730329805.2842095
-2915.2709740723344,3232.7998558044264,1730329805.287949
-2888.2700667703234,3262.192399763155,1730329805.292143
-2977.1629544690795,3277.995083093057,1730329805.2949948
-3020.145359056635,3244.758039088016,1730329805.29898
-2944.887035475616,3220.64050682074,1730329805.3029
-2890.348779004667,3259.465486939608,1730329805.307063
-2961.472029861454,3266.327472487387,1730329805.311155
-3022.7605131579057,3251.97765254708,1730329805.3161695
-2958.9686344824595,3233.4480563936304,1730329805.319193
-2885.4313952245,3237.538425628952,1730329805.3232927
-2942.316584863256,3265.03107130898,1730329805.3271444
-3020.435931734554,3262.304158485432,1730329805.331208
-2980.78393707084,3227.278974923965,1730329805.3351789
-2893.120395317125,3232.933966271158,1730329805.33924
-2923.272898587334,3263.4440974526524,1730329805.34419
-2998.1288907681574,3871.6350640815576,1730329810.353621
-2933.085314403214,3889.6729218569903,1730329810.3576238
-2996.9666000564816,3918.4396169709694,1730329810.3618612
-3068.5815892912856,3908.1578145215294,1730329810.365645
-3016.12204505468,3873.9596455049095,1730329810.3696513
-2938.2932708613007,3881.112203730608,1730329810.3736577
-2978.973445769959,3920.9877158388754,1730329810.3786776
-3067.0616706683245,3916.4056082255374,1730329810.3816743
-3036.4844842534644,3880.464003141404,1730329810.3857727
-2948.9327012220265,3874.9654740053984,1730329810.3896468
-2960.2873874053225,3920.630087927592,1730329810.39388
-3049.98493790447,3931.962422366432,1730329810.3977833
-3050.36491756021,3892.846869569644,1730329810.4017367
-2964.757736296384,3872.1268024595743,1730329810.4048588
-2956.8675705036608,3901.318180718205,1730329810.4088988
-3042.720620956495,3929.481378731892,1730329810.41291
-3061.2278653654894,3903.5310034192808,1730329810.4179256
-2975.218352701468,3877.893552529044,1730329810.4218233
-2942.2942331188005,3907.8672418436095,1730329810.425944
-3023.989859102948,3936.4327712574927,1730329810.4299576
-3061.65254851014,3915.265669258317,1730329810.4329858
-2981.990931271426,3886.946009033443,1730329810.4368968
-2929.509035290365,3907.286096487772,1730329810.4413636
-3001.951039070015,3937.393896269071,1730329810.4448528
-3069.207438136034,3919.11016930463,1730329810.45005
-3008.790672873339,3882.632122353569,1730329810.4540443
-2933.957032436971,3897.4289771829817,1730329810.4601357
-2988.8752685636605,3935.561053223736,1730329810.4630885
-3070.5485428033526,3924.876919374099,1730329810.4661171
-3025.152149814624,3890.991674779853,1730329810.470083
-2942.003660440881,3896.154927749029,1730329810.4741137
-2973.877248034149,3935.20342531245,1730329810.477905
-3063.686557255573,3938.01974511382,1730329810.4818952
-3046.073382624791,3901.921677818498,1730329810.4859376
-2953.626567557641,3899.3512272061375,1730329810.4889157
-2961.91906475056,3935.6057567126463,1730329810.492941
-3051.996594905448,3948.122733607618,1730329810.4969015
-3058.098621141746,3912.359942479127,1730329810.500944
-2971.9102945220825,3893.1821457364736,1730329810.5059197
-2957.6498815595965,3923.73698040688,1730329810.5098913
-3044.665222724107,3950.4696667754256,1730329810.5129366
-3071.0626329258243,3929.0566955872414,1730329810.5169237
-2982.0356347603365,3921.9041373615432,1730329810.5209184
-2944.77527675334,3944.457047516948,1730329810.524984
-3022.6487544356296,3950.626128986613,1730329810.5289707
-3075.957664961537,3932.185939810985,1730329810.5339596
-3009.7070943960066,3919.5348524492806,1730329810.5379732
-2951.301986134289,3949.977928397409,1730329810.5409565
-3010.578812429764,3960.3491378246713,1730329810.5449631
-3074.393042849665,3928.050867086753,1730329810.5489678
-3026.9849928599588,3915.712704147423,1730329810.5529964
-2943.210654641468,3974.900123465077,1730329810.5569897
-2965.8753235191493,4042.692964398024,1730329810.562006
-3055.729336229484,3948.100381863163,1730329810.5660057
-3027.186158560057,3899.306523717228,1730329810.5690384
-2943.501227319387,3929.63784094308,1730329810.5730107
-2973.8325445452388,3991.93215274002,1730329810.5770304
-3068.268664868911,4002.415120889559,1730329810.5810275
-3033.98108887447,3927.648535686557,1730329810.5850513
-2941.243701129401,3913.209308768429,1730329810.589084
-2947.882169232628,3960.080916891208,1730329810.5940468
-3035.4563040085204,3994.971989985942,1730329810.597156
-3041.759495944917,4001.7445685559,1730329810.601169
-2954.118305935658,4000.0234842328414,1730329810.6051426
-2932.5712242807417,3980.26454213435,1730329810.6090772
-3026.5156062263977,3976.9117804660536,1730329810.6131248
-3070.816763736816,3927.7379426643774,1730329810.6171107
-2985.723672595462,3945.507579506348,1730329810.6222105
-2954.4535821024874,4010.975839015942,1730329810.6252244
-3035.501007497431,4065.7823164203546,1730329810.6291244
-3056.6234060076963,4022.934022299531,1730329810.6331172
-2984.270809205867,3929.615489198624,1730329810.6371827
-2932.2582998583675,3923.804035640245,1730329810.6411653
-3002.599239659219,4008.070112236752,1730329810.645249
-3073.9013044716485,4068.486877499447,1730329810.6491892
-2997.145414012124,4024.185719989028,1730329810.6521933
-2931.699506246985,3923.044076328764,1730329810.6562984
-2977.721748080462,3942.043059115775,1730329810.661184
-3062.3901560771656,3981.5385915683023,1730329810.6654885
-3037.1997400760342,3968.462821061948,1730329810.669258
-2948.3292041217333,3990.5016410948806,1730329810.6733575
-2958.342785637711,3985.651312548079,1730329810.677241
-3041.9383099005595,3976.9117804660536,1730329810.680406
-3040.55250174433,3947.5862917406894,1730329810.6844676
-2945.6469947870964,3939.226739314406,1730329810.6894715
-2940.640204029108,4001.0516644777854,1730329810.6933298
-3038.496141254442,4056.6628046825895,1730329810.6972797
-3060.8702374542045,3994.971989985942,1730329810.701344
-2966.054137474792,3956.571693011724,1730329810.705558
-2929.598442268186,3956.772858711822,1730329810.7085168
-3011.0705508077804,3976.777669999322,1730329810.712489
-3061.4960862989533,3961.489076791892,1730329810.717605
-2989.702283108507,3943.697088205468,1730329810.7215836
-2933.6217562701413,4003.353894156682,1730329810.7259629
-3003.2697919928783,4003.398597645593,1730329810.7295396
-3055.818743207305,3942.557149238247,1730329810.7335677
-2988.785861585839,3912.58345992368,1730329810.7363703
-2931.364230080156,3929.749599665356,1730329810.7405844
-3003.5603646707973,4011.668743094057,1730329810.745589
-3067.218132879512,4012.048722749797,1730329810.7494383
-3020.1006555677245,3916.1150355476175,1730329810.7534487
-2944.6188145421524,3947.407477785048,1730329810.7565136
-2984.11434699468,4011.22170820495,1730329810.7603707
-3078.081080684791,4011.042894249308,1730329810.764366
-3042.340641300755,3939.7408294368784,1730329810.7683775
-2950.63143380063,3920.473625716404,1730329810.772427
-2958.856875760183,3977.984664199909,1730329810.7773771
-3055.2823013403777,4003.6221150901456,1730329810.7814686
-3059.7973537203497,3945.507579506348,1730329810.7845156
-2974.704262578996,3923.15583505104,1730329810.7884617
-2960.2203321719567,3972.7320042529113,1730329810.7924583
-3059.216208364512,4000.448167377492,1730329810.7964604
-3094.1519849481565,3998.4365103765135,1730329810.8004684
-2984.11434699468,3927.000335097353,1730329810.8056188
-2931.073657402236,3928.900233376054,1730329810.809476
-3014.110388053702,3983.93022822502,1730329810.8124273
-3068.492182313464,3969.6921670069896,1730329810.8164716
-2987.4224051740653,3944.479399261403,1730329810.820529
-2956.8675705036608,3970.0274431738194,1730329810.8244371
-3030.1589405726127,3991.261600406361,1730329810.8284764
-3081.545601075364,3966.40646057206,1730329810.833455
-3028.460207994009,3909.834195355677,1730329810.8375924
-2956.845218759205,3927.849701386655,1730329810.8404584
-3003.9626960709925,3976.442393832492,1730329810.8444817
-3087.2005924225564,3981.382129357115,1730329810.8484497
-3064.8264962227936,3948.3462510521713,1730329810.852595
-2969.697471821007,3935.270480545817,1730329810.856559
-2974.659559090085,3965.266521604839,1730329810.8615017
-3069.3862520916764,3976.8894287216,1730329810.8654962
-3073.789545749372,3959.589178513191,1730329810.868488
-2991.2669052203782,3931.962422366432,1730329810.8725517
-2981.990931271426,3939.919643392521,1730329810.8765116
-3079.600999307752,3971.748527496878,1730329810.8805287
-3082.75259527595,3939.53966373678,1730329810.884568
-2986.461280162487,3913.4328262129816,1730329810.889545
-2964.1765909405462,3947.563939996236,1730329810.8925395
-3064.93825494507,3979.012844444853,1730329810.8955643
-3102.690351330084,3964.26069310435,1730329810.900545
-3015.138568298646,3932.767085166822,1730329810.9045577
-2991.5798296427524,3954.1577046105513,1730329810.9085417
-3060.1549816316347,3977.7387950109,1730329810.9126976
-3097.929429761104,3971.212085629951,1730329810.917653
-3036.953870887026,3957.443411045481,1730329810.9208329
-2967.73051830894,3913.7010471464455,1730329810.9237769
-3027.990821360448,3944.054716116752,1730329810.928702
-3101.8856885296927,3939.4055532700486,1730329810.932845
-3052.7342024724726,3909.722436633401,1730329810.9367232
-2974.3242829232554,3940.8584166596434,1730329810.942906
-3036.7303534424727,3971.726175752424,1730329810.9459393
-3112.9274502906146,3969.513353051347,1730329810.9489515
-3085.9041912441485,3928.1179223201184,1730329810.9528055
-2990.953980798004,3885.090814243653,1730329810.9569116
-2974.436041645532,3949.575596997213,1730329810.960798
-3044.7993331908388,4000.2693534218497,1730329810.964948
-3082.3949673646653,3906.816709854211,1730329810.9686897
-3003.3591989707,3886.051939255231,1730329810.9738328
-2969.563361354275,3910.7059133894345,1730329810.9767246
-3040.88777791116,3957.421059301026,1730329810.9799438
-3079.176316163101,3916.785587881278,1730329810.9839835
-2996.944248312026,3881.402776408527,1730329810.9889548
-2978.8393353032275,3911.220003511906,1730329810.9930973
-3052.4883332834643,3990.099309694685,1730329810.9971025
-3074.2812841273885,3921.457102472437,1730329810.9999628
-3016.054989821314,3873.9372937604544,1730329811.003904
-2968.468125875965,3919.49014896037,1730329811.0078075
-3040.8654261667048,3974.162515898051,1730329811.0117905
-3108.0324182549025,3905.587363909169,1730329811.0168855
-3042.273586067389,3845.371764346572,1730329811.0207653
-2986.573038884764,3889.62821836808,1730329811.0247788
-3053.784734461872,3966.518219294336,1730329811.0277908
-3106.08781648729,3933.102361333652,1730329811.0318007
-3067.6651677686177,3877.871200784589,1730329811.0357952
-2977.677044591552,3869.1316687025633,1730329811.039792
-2997.3465797122217,3911.845852356655,1730329811.0448112
-3103.2267931970114,3924.184015295984,1730329811.0487995
-3080.763290019428,3872.395023393038,1730329811.0528004
-2983.7790708278503,3835.626403764058,1730329811.0557995
-2985.8354313177388,3890.924619546488,1730329811.0598176
-3091.7827000358943,3908.649552899546,1730329811.063822
-3108.255935699455,3857.866389497088,1730329811.067816
-3008.343637984233,3846.087020169141,1730329811.0728793
-2992.4515476765096,3880.374596163583,1730329811.0768535
-3058.2997868418443,3892.95862829192,1730329811.080844
-3101.66217108514,3867.276473912773,1730329811.0838673
-3014.378608987166,3854.0665929396864,1730329811.087862
-2961.024994972348,3870.6068838366136,1730329811.0918684
-3046.252196580433,3914.550413435747,1730329811.095883
-3080.9868074639808,3855.8100290072,1730329811.1008897
-3024.325135269777,3823.8470344361112,1730329811.1048932
-2955.504114091887,3853.910130728499,1730329811.108888
-3033.176426074079,3883.2803229427727,1730329811.111895
-3099.8293280398048,3886.7671950778,1730329811.115926
-3045.224016335489,3840.297918355217,1730329811.1199305
-2972.5808468557416,3861.710889543401,1730329811.1239128
-3010.154129285113,3906.995523809853,1730329811.1279497
-3099.6505140841623,3860.325081387172,1730329811.1329532
-3069.073327669302,3804.6468859490014,1730329811.1359692
-2976.0677189907697,3812.447644763905,1730329811.13999
-2993.6138383881857,3852.457267338904,1730329811.1439672
-3087.3123511448325,3864.3483953891273,1730329811.1479616
-3073.387214349176,3824.8081594476894,1730329811.15196
-2973.944303267516,3806.591487716614,1730329811.1560037
-2979.1969632145124,3846.087020169141,1730329811.16102
-3072.426089337598,3853.753668517312,1730329811.164116
-3084.7419005324723,3813.6993424534016,1730329811.1681292
-3009.1259490401685,3796.108519567075,1730329811.1722956
-2987.154184240602,3822.148301857508,1730329811.1762211
-3069.118031158213,3866.583569834658,1730329811.180248
-3096.7671390494274,3849.104505670608,1730329811.1842732
-3017.060818321803,3781.401071715483,1730329811.1893032
-2969.0716229762584,3796.935534111921,1730329811.1922786
-3054.276472839889,3840.812008477689,1730329811.1952353
-3116.146101492179,3840.655546266502,1730329811.200058
-3033.93638538556,3792.487536965315,1730329811.2041292
-2969.406899143088,3788.888906108011,1730329811.2083428
-3019.921841612082,3837.593357276125,1730329811.212371
-3106.3560374207545,3834.397057819016,1730329811.217377
-3060.89258919866,3810.8383191631215,1730329811.2202911
-2966.657634575085,3794.923877110944,1730329811.2233737
-3015.2279752764675,3830.66431649498,1730329811.2283504
-3099.8963832731706,3849.886816726544,1730329811.2323873
-3054.3435280732547,3786.050234562186,1730329811.2361748
-2981.186268471035,3798.70132192389,1730329811.2403412
-2997.145414012124,3859.6098255646025,1730329811.2442029
-3078.8633917407265,3847.204607391907,1730329811.2473454
-3065.005310178436,3787.883077607522,1730329811.2513938
-2979.934570781538,3792.934571854421,1730329811.2562077
-2984.3155126947777,3841.0578776666976,1730329811.2602267
-3065.1170689007126,3843.784790490245,1730329811.2642207
-3085.9041912441485,3818.3485053001054,1730329811.268355
-3001.168728014079,3783.166859527452,1730329811.272289
-2969.2280851874457,3807.284391794728,1730329811.2752323
-3056.846923452249,3853.4407440949376,1730329811.2792635
-3098.376464650209,3835.291127597228,1730329811.2842731
-3007.5166234393864,3778.629455403025,1730329811.2882912
-2959.2368554159234,3798.7460254128014,1730329811.2924535
-3036.3503737867327,3846.265834124784,1730329811.2962568
-3105.4172641536315,3824.718752469868,1730329811.3003204
-3032.394115018143,3777.355405969072,1730329811.3043053
-2964.690681063018,3792.4428334764048,1730329811.30828
-3029.3542777722214,3828.13856937153,1730329811.311294
-3105.9984095094696,3823.914089669477,1730329811.3153265
-3055.0587838958245,3802.27760103674,1730329811.319288
-2970.3233206657555,3794.745063155301,1730329811.3233092
-3015.183271787557,3836.319307842172,1730329811.328382
-3107.920659532626,3844.947081201921,1730329811.332314
-3067.6428160241626,3782.98804557181,1730329811.3363633
-2982.929704538549,3795.393263744505,1730329811.3393204
-2992.0939197652247,3858.805162764211,1730329811.3433137
-3067.0169671794138,3856.592340063136,1730329811.3473337
-3071.5096678149307,3794.610952688569,1730329811.351375
-2986.3495214402105,3783.993874072298,1730329811.3563104
-2982.214448715979,3827.311554826684,1730329811.3603373
-3057.875103697193,3848.322194614672,1730329811.364366
-3082.104394686746,3815.867461665566,1730329811.3673768
-3005.952001327515,3793.8286416326337,1730329811.3714883
-2969.2280851874457,3820.203700089896,1730329811.3753684
-3052.2871675833667,3848.635119037048,1730329811.379376
-3097.437691383087,3814.772226187256,1730329811.3834376
-3017.820777633283,3773.287388478207,1730329811.388418
-2972.536143366831,3807.306743539184,1730329811.3923905
-3043.100600612235,3852.52432257227,1730329811.3953755
-3098.309409416844,3834.844092708122,1730329811.3994253
-3041.804199433828,3792.889868365511,1730329811.40342
-2979.934570781538,3807.686723194924,1730329811.4074152
-3026.0238678483806,3833.61474676308,1730329811.4114227
-3104.4114356531427,3816.5380139992258,1730329811.4165325
-3066.815801479316,3799.215412046363,1730329811.419561
-2995.4019779446103,3808.223165061851,1730329811.423577
-3000.811100102794,3828.6973629829126,1730329811.427554
-3087.424109867109,3823.735275713834,1730329811.4316945
-3069.3862520916764,3778.0930135360977,1730329811.4354632
-2988.919972052571,3789.157127041474,1730329811.439645
-2997.8383180902388,3840.09675265512,1730329811.444657
-3083.84783075426,3855.988842962842,1730329811.4476073
-3082.797298764861,3812.112368597074,1730329811.450668
-2992.4738994209647,3783.055100805176,1730329811.455712
-2983.801422572306,3800.623571947047,1730329811.4596364
-3069.118031158213,3836.319307842172,1730329811.4637632
-3086.9323714890925,3817.163862843974,1730329811.467764
-3010.176481029568,3785.625551417536,1730329811.472772
-2966.3670618971664,3811.263002307773,1730329811.475736
-3038.071458109792,3837.749819487312,1730329811.4808064
-3095.582496593296,3821.745970457312,1730329811.4837997
-3029.9354231280595,3787.6372084185136,1730329811.4878151
-2974.436041645532,3798.500156223793,1730329811.4918282
-3028.5719667162857,3834.151188630008,1730329811.495954
-3097.66120882764,3820.494272767815,1730329811.4998348
-3046.006327391425,3791.772281142745,1730329811.5038028
-2972.7149573224733,3798.790728901712,1730329811.5067244
-3019.74302765644,3833.5476915297145,1730329811.5116668
-3098.398816394665,3832.206586862396,1730329811.5166512
-3060.110278142724,3800.064778335664,1730329811.5197191
-2982.3932626716214,3806.5020807387928,1730329811.523696
-3009.796501373828,3850.803238249212,1730329811.527644
-3101.4833571294976,3827.445665293416,1730329811.5316567
-3090.061615712836,3784.1279845390304,1730329811.5346367
-2989.299951708312,3782.429251960427,1730329811.5396388
-2981.253323704401,3830.127874628052,1730329811.5436811
-3076.1364789171794,3865.600093078625,1730329811.547666
-3085.412452866132,3825.4340082924377,1730329811.5516653
-3007.181347272557,3776.79661235769,1730329811.554678
-2984.919009795071,3797.94136261241,1730329811.5587745
-3075.08594692778,3833.704153740901,1730329811.5628147
-3114.9167555471367,3825.56811875917,1730329811.5666904
-3026.3591440152104,3812.3805895305386,1730329811.5718217
-2976.179477713046,3841.527264300259,1730329811.5759275
-3041.133647100168,3867.075308212675,1730329811.5797703
-3104.299676930866,3816.6497727215024,1730329811.582765
-3034.562234230308,3776.08135653512,1730329811.5867977
-2960.890884505616,3802.009380103276,1730329811.5907729
-3021.3523532572217,3854.983014462354,1730329811.5947795
-3094.3755023927097,3855.519456329281,1730329811.5997524
-3046.7439349584506,3809.921897640455,1730329811.6037576
-2970.3009689213004,3820.047237878709,1730329811.6077716
-3003.06862629278,3847.2716626252727,1730329811.6107917
-3090.03926396838,3842.488389311837,1730329811.6147935
-3070.727356758995,3807.954944128388,1730329811.6188252
-2980.8733440486603,3794.610952688569,1730329811.6228523
-2990.5516493978084,3833.927671185455,1730329811.627818
-3078.997502207458,3853.328985372661,1730329811.6318114
-3091.447423869065,3823.154130357997,1730329811.6360617
-3001.9063355811045,3804.266906293262,1730329811.6388192
-2983.868477805672,3828.76441821628,1730329811.6428404
-3080.94210397507,3840.0520491662087,1730329811.6468751
-3095.7389588044834,3803.797519659701,1730329811.6508467
-3013.21631827549,3780.88698159301,1730329811.6568928
-2992.250381976412,3815.956868643388,1730329811.6598787
-3071.777888748394,3840.566139288681,1730329811.6639297
-3100.2316594400004,3823.75762745829,1730329811.6668956
-3016.412617732599,3807.41850226146,1730329811.670921
-2971.664425333074,3804.3786650155375,1730329811.6748955
-3036.7303534424727,3823.3776478025497,1730329811.6789143
-3104.2326216975,3815.75570294329,1730329811.682904
-3048.643833237152,3774.740251867802,1730329811.68799
-2976.626512602152,3785.290275250706,1730329811.690976
-3029.9130713836043,3836.5204735422703,1730329811.6949396
-3110.5134618894413,3841.0802294111527,1730329811.6989956
-3055.6399292516626,3779.523525181237,1730329811.7029812
-2974.458393389988,3781.199906015385,1730329811.7070415
-3009.21535601799,3826.261022837284,1730329811.711014
-3100.3210664178214,3821.969487901865,1730329811.7167287
-3073.4542695825426,3779.590580414603,1730329811.7190716
-2979.956922525993,3787.681911907424,1730329811.7234912
-2994.239687232934,3833.905319441,1730329811.7270837
-3079.735109774484,3823.131778613541,1730329811.731506
-3083.244333653967,3784.7985368726895,1730329811.7350724
-2997.6595041345963,3774.9414175678994,1730329811.7393713
-2974.056061989792,3811.08418835213,1730329811.7440617
-3072.9178277156147,3835.76051423079,1730329811.747244
-3096.7447873049723,3795.9967608447982,1730329811.7513864
-3013.3280769977664,3759.3846034270055,1730329811.755156
-2975.106593979191,3818.192043088919,1730329811.7595155
-3046.922748914093,3845.3047091132057,1730329811.76387
-3091.715644802528,3798.634266690525,1730329811.7672858
-3016.725542154973,3758.512885393248,1730329811.7725573
-2969.473954376454,3765.374870941028,1730329811.7750964
-3042.5418070008527,3812.425293019449,1730329811.7782247
-3117.263688714944,3803.797519659701,1730329811.7832098
-3052.0860018832686,3769.55464715417,1730329811.7871685
-2965.8753235191493,3754.154295224464,1730329811.7912176
-3021.1958910460344,3786.27375200674,1730329811.7952044
-3108.4794531440084,3789.112423552564,1730329811.7993588
-3060.4455543095537,3754.0872399910977,1730329811.8021631
-2979.8004603148056,3754.333109180106,1730329811.806244
-3008.231879261956,3790.27471426424,1730329811.8112524
-3098.5105751169417,3796.600257945092,1730329811.8152566
-3078.4163568516205,3754.489571391293,1730329811.8191705
-2992.2280302319564,3733.50128334776,1730329811.823182
-2997.793614601328,3769.8005163431785,1730329811.8271763
-3086.530040088897,3803.261077792773,1730329811.8302388
-3092.3861971361875,3761.55272263917,1730329811.8342133
-3005.437911205043,3731.847254258067,1730329811.83929
-2992.362140698688,3750.578016111616,1730329811.8432336
-3081.791470264372,3776.394280957494,1730329811.8472917
-3112.167490979134,3762.491495906293,1730329811.8512597
-3029.4883882389536,3748.9016352774665,1730329811.8542285
-2965.048308974303,3764.749022096279,1730329811.858287
-3040.12781859968,3806.971467372354,1730329811.8623168
-3113.083912501802,3784.373853728039,1730329811.8662307
-3034.942213886048,3749.013393999743,1730329811.8712745
-2963.997776984904,3763.854952318067,1730329811.8752303
-3017.686667166551,3804.445720248904,1730329811.8792696
-3104.925525775615,3781.4457752043936,1730329811.882305
-3056.466943796509,3732.428399613905,1730329811.8863256
-2981.3650824266774,3755.428344658416,1730329811.8902848
-3011.7187513969843,3810.257173807284,1730329811.8962889
-3105.1043397312574,3801.0482550916977,1730329811.8993368
-3083.490202842975,3733.3895246254833,1730329811.9033816
-2980.314550437278,3743.358402652552,1730329811.906285
-2999.984085557948,3778.763565869757,1730329811.9103298
-3095.0237029819136,3792.375778243039,1730329811.9143157
-3086.6194470667183,3766.783030841712,1730329811.918323
-3004.767358871384,3755.0260132582207,1730329811.92233
-2996.6536756341075,3783.636246161014,1730329811.9273655
-3081.6797115420954,3794.7674148997567,1730329811.9313765
-3103.651476341662,3756.74709758128,1730329811.9343405
-3009.6847426515515,3734.082428703598,1730329811.9383478
-2980.694530093018,3774.181458256419,1730329811.9423733
-3067.3745950906987,3806.971467372354,1730329811.9463713
-3103.450310641565,3777.489516435804,1730329811.950444
-3031.812969662305,3737.725763049813,1730329811.95541
-2984.4272714170543,3759.31754819364,1730329811.9595149
-3057.182199619079,3809.586621473625,1730329811.9625323
-3120.8623195722485,3799.438929490916,1730329811.9664383
-3048.5767780037854,3749.706298077858,1730329811.9707398
-2984.471974905965,3758.892865048989,1730329811.975108
-3040.0384116218584,3795.9967608447982,1730329811.9788437
-3121.5775753948183,3798.880135879533,1730329811.9832327
-3068.849810224749,3760.0328040162094,1730329811.9877832
-2974.793669556817,3752.835542301601,1730329811.990831
-3018.066646822292,3802.769339414757,1730329811.994597
-3104.94787752007,3812.112368597074,1730329811.9986925
-3074.303635871844,3789.626513675036,1730329812.0025072
-2978.63816960313,3796.8237753896447,1730329812.0066688
-2988.763509841384,3818.5720227446586,1730329812.0104632
-3085.010121465936,3823.668220480469,1730329812.0156815
-3091.156851191145,3792.196964287397,1730329812.0185435
-2996.273695978367,3764.324338951628,1730329812.0230367
-2975.754794568395,3796.08616782262,1730329812.0264857
-3062.345452588255,3824.294069325217,1730329812.0305305
-3111.0052002674583,3792.5098887097706,1730329812.0346422
-3025.286260281356,3767.2300657308174,1730329812.038582
-2976.1571259685907,3803.216374303863,1730329812.042536
-3052.108353627724,3824.13760711403,1730329812.0455437
-3109.7758543224163,3806.0326941052313,1730329812.0505357
-3043.2570628234225,3770.582827399114,1730329812.0545387
-2983.600256872208,3788.687740407913,1730329812.0585673
-3042.9441384010483,3825.769284459268,1730329812.0625467
-3107.8089008103493,3810.257173807284,1730329812.0665553
-3057.226903107989,3778.160068769464,1730329812.0706108
-2979.5098876368866,3790.207659030874,1730329812.0735888
-3033.8469784077383,3828.3173833271726,1730329812.077606
-3108.1218252327235,3826.417485048472,1730329812.0825918
-3074.661263783129,3771.543952410692,1730329812.0866003
-2988.405881930099,3769.4428884318936,1730329812.0906167
-3015.183271787557,3809.8324906626335,1730329812.0946488
-3104.8137670533383,3820.941307656921,1730329812.0986178
-3092.90028725866,3774.382623956517,1730329812.1016154
-3008.3212862397777,3766.358347697061,1730329812.1056285
-3004.946172827026,3796.756720156279,1730329812.1106691
-3096.6777320716064,3817.7003047109015,1730329812.1146452
-3111.407531667653,3791.660522420469,1730329812.1187196
-3013.8645188646938,3763.2738069622287,1730329812.122742
-2986.662445862585,3803.574002215148,1730329812.1257184
-3069.855638725238,3831.558386273192,1730329812.1296992
-3102.623296096718,3799.9977231022986,1730329812.1336737
-3020.368876501188,3765.732498852313,1730329812.1387737
-2987.5118121518867,3794.700359666391,1730329812.1427145
-3056.3104815853217,3827.3562583155945,1730329812.146783
-3108.278287443911,3794.946228855399,1730329812.1507692
-3042.206530834023,3769.308777965162,1730329812.1538076
-2978.8393353032275,3784.552667683681,1730329812.1577764
-3040.753667444428,3816.8509384216,1730329812.1617904
-3110.111130489246,3802.746987670301,1730329812.1659002
-3067.7769264908943,3762.156219739464,1730329812.1707735
-2994.016169788381,3776.036653046209,1730329812.174845
-3027.141455071146,3821.1871768459296,1730329812.1778493
-3110.1558339781564,3812.2241273193513,1730329812.1817749
-3089.011083723436,3777.042481546698,1730329812.1859093
-2996.631323889652,3760.636301116503,1730329812.1897807
-3012.7022281530176,3788.911257852466,1730329812.193807
-3112.167490979134,3809.251345306795,1730329812.1988387
-3096.7447873049723,3782.004568815776,1730329812.2029006
-3000.0287890468585,3779.2776559922286,1730329812.2060468
-2991.02103603137,3808.558441228681,1730329812.2098553
-3091.715644802528,3829.0549908941975,1730329812.2139676
-3115.430845669609,3790.453528219882,1730329812.2179046
-3028.9742981164814,3751.2485684452736,1730329812.222267
-2985.477803406454,3784.977350828332,1730329812.226926
-3076.695272528562,3826.886871682033,1730329812.2313256
-3120.638802127696,3801.718807425357,1730329812.2339892
-3035.7692284308946,3750.98034751181,1730329812.238174
-2991.691588365029,3792.107557309575,1730329812.242436
-3066.525228801397,3835.9169764419767,1730329812.246601
-3125.131502763212,3794.5662491996586,1730329812.2500377
-3052.778905961384,3758.98227202681,1730329812.2551148
-2979.532239381342,3792.956923598877,1730329812.2590852
-3038.049106365336,3826.126912370552,1730329812.2621224
-3118.7389038489946,3811.330057541139,1730329812.266266
-3066.011138678925,3783.546839183192,1730329812.2701197
-2981.7003585935067,3785.1561647839744,1730329812.274573
-3011.249364763423,3833.368877574072,1730329812.2780538
-3105.394912409176,3837.9286334429535,1730329812.2830267
-3088.921676745615,3801.763510914268,1730329812.2860596
-2995.6478471336186,3793.403958487983,1730329812.2890449
-3008.589507173241,3821.790673946223,1730329812.293985
-3097.437691383087,3848.053973681208,1730329812.298068
-3098.242354183478,3804.401016759994,1730329812.3019989
-3010.0423705628364,3779.814097859156,1730329812.3060918
-3000.3640652136883,3810.614801718569,1730329812.31116
-3084.6748452991064,3826.417485048472,1730329812.3140616
-3111.876918301215,3809.94424938491,1730329812.317161
-3026.783827159861,3787.458394462871,1730329812.3220484
-2995.1114052666912,3813.788749431223,1730329812.3261309
-3077.99167370697,3845.6623370244906,1730329812.330048
-3115.743770091983,3810.391284274016,1730329812.334057
-3042.9888418899586,3771.208676243863,1730329812.3382227
-2995.334922711244,3794.901525366488,1730329812.3420846
-3063.016004921914,3837.302784598206,1730329812.3450816
-3125.466778930042,3828.3844385605385,1730329812.350098
-3055.46111529602,3797.628438190036,1730329812.3541553
-2988.137660996635,3808.357275528583,1730329812.3581023
-3041.3348128002663,3853.977185961865,1730329812.3620963
-3129.758313865461,3863.744898288834,1730329812.3661046
-3079.623351052207,3776.751908868779,1730329812.370083
-2995.446681433521,3774.516734423248,1730329812.3751023
-3024.6157079476966,3828.250328093807,1730329812.3781729
-3109.4182264111314,3825.523415270259,1730329812.3821783
-3096.633028582696,3788.08424330762,1730329812.3861203
-3007.695437395029,3777.824792602634,1730329812.3901348
-3015.719713654484,3829.7031914834015,1730329812.3931332
-3101.013970495936,3847.875159725566,1730329812.3971353
-3103.562069363841,3796.8237753896447,1730329812.4031594
-3008.857728106705,3772.303911722173,1730329812.4061365
-2992.8091755877945,3815.308668054184,1730329812.4101748
-3083.5125545874307,3852.166694660985,1730329812.4141576
-3115.9225840476256,3824.182310602941,1730329812.4181845
-3030.047181850336,3787.033711318221,1730329812.421188
-2990.1269662531577,3804.803348160189,1730329812.4251916
-3072.2249236375005,3848.836284737145,1730329812.4291716
-3120.281174216411,3817.432083777438,1730329812.4331913
-3055.3940600626543,3767.565341897648,1730329812.438212
-2986.7742045848618,3779.6352839035135,1730329812.4421885
-3045.693402969051,3828.652659494002,1730329812.4463024
-3128.9983545539803,3835.559348530692,1730329812.44928
-3066.4134700791205,3786.854897362578,1730329812.4532547
-2991.110443009191,3790.095900308597,1730329812.457255
-3025.6438881926406,3814.9957436318095,1730329812.4612854
-3117.420150926132,3816.985048888332,1730329812.4666152
-3084.786604021383,3789.872382864045,1730329812.470695
-2995.536088411342,3791.1240805535417,1730329812.4748633
-3020.525338712376,3825.478711781349,1730329812.4773424
-3118.448331171076,3824.830511192145,1730329812.4816985
-3101.7739298074166,3786.854897362578,1730329812.4853714
-3011.606992674708,3764.749022096279,1730329812.490004
-3005.7731873718726,3814.414598275972,1730329812.4933836
-3103.003275752458,3847.718697514379,1730329812.499
-3117.755427092961,3801.897621381,1730329812.502388
-3032.662335951607,3755.070716747131,1730329812.505658
-3006.063760049792,3787.905429351977,1730329812.509613
-3082.2832086423887,3816.895641910511,1730329812.5136187
-3124.639764385196,3783.435080460916,1730329812.5178387
-3041.9383099005595,3757.194132470385,1730329812.5220113
-2992.943286054526,3779.7693943702457,1730329812.526422
-3063.999481677948,3826.7304094708456,1730329812.5300596
-3119.431807927109,3810.8383191631215,1730329812.5340123
-3050.968414660504,3775.2766937347287,1730329812.538206
-2976.11242247968,3778.405937958472,1730329812.5414572
-3040.0384116218584,3810.8383191631215,1730329812.545442
-3124.192729496089,3808.625496462047,1730329812.5494664
-3078.7516330184503,3765.106650007564,1730329812.5545013
-2993.636190132641,3754.780144069213,1730329812.5573854
-3023.7663416583946,3809.139586584519,1730329812.561418
-3112.2345462125,3810.301877296195,1730329812.565411
-3086.7982610223607,3759.608120871559,1730329812.5694344
-2998.97825705746,3746.9346817654,1730329812.573412
-3011.3164199967887,3796.913182367466,1730329812.577474
-3109.261764199944,3804.89275513801,1730329812.582448
-3104.7020083310617,3768.1464872534857,1730329812.5854716
-3016.6137834326964,3743.0007747412656,1730329812.5894835
-3000.721693124973,3778.204772258374,1730329812.593538
-3094.4202058816204,3794.8121183886674,1730329812.5974772
-3118.314220704344,3766.425402930427,1730329812.6014764
-3028.214338805001,3741.212635184841,1730329812.605559
-2997.3242279677665,3771.7674698552455,1730329812.6105208
-3077.634045795685,3800.8694411360552,1730329812.6135757
-3129.4453894430867,3778.2941792361953,1730329812.616512
-3047.347432058744,3749.348670166573,1730329812.6215253
-2993.5244314103643,3765.017243029743,1730329812.6255257
-3066.167600890112,3785.8043653731775,1730329812.6295311
-3130.182997010112,3772.616836144547,1730329812.633525
-3064.982958433981,3753.729612079813,1730329812.6375723
-2986.796556329317,3767.69945236438,1730329812.640554
-3030.024830105881,3791.057025320176,1730329812.6445656
-3108.367694421732,3806.680894694435,1730329812.6495676
-3074.9071329721373,3760.07750750512,1730329812.6535776
-2983.197925472012,3747.560530610148,1730329812.6575637
-3012.009324074904,3795.281505022229,1730329812.6615765
-3106.4677961430307,3800.6682754359576,1730329812.6645987
-3088.8769732567043,3772.192152999896,1730329812.6685886
-3005.750835627417,3763.653786617969,1730329812.6725943
-3008.6118589176967,3794.230973032829,1730329812.6776369
-3100.790453051383,3801.651752191992,1730329812.6816373
-3104.366732164232,3765.240760474296,1730329812.6856213
-3023.1628445581014,3737.5693008386256,1730329812.6896863
-3004.387379215644,3771.186324499408,1730329812.6926167
-3083.289037142877,3794.7674148997567,1730329812.696679
-3119.5212149049303,3770.26990297674,1730329812.7006955
-3036.931519142571,3736.943451993877,1730329812.7046528
-2989.2552482194005,3760.882170305511,1730329812.709665
-3061.98782467697,3783.1445077829967,1730329812.7136784
-3122.963383551048,3772.661539633458,1730329812.7176733
-3056.444592052054,3740.363268895539,1730329812.7207358
-3002.5545361703084,3755.137771980497,1730329812.7247276
-3054.879969940182,3789.805327630678,1730329812.7287543
-3126.2490899859777,3778.048310047187,1730329812.732777
-3064.334757844777,3737.323431649617,1730329812.7378595
-2991.758643598395,3747.493475376782,1730329812.7422636
-3034.897510397137,3781.758699626768,1730329812.746546
-3114.0003340244693,3793.493365465804,1730329812.7490268
-3085.300694143856,3745.012431742243,1730329812.752993
-3010.958792085504,3735.870568260023,1730329812.7568765
-3020.7041526680177,3784.1279845390304,1730329812.760842
-3116.2131567255446,3786.005531073277,1730329812.7661057
-3100.812804795838,3748.968690510832,1730329812.7698655
-3015.429140976565,3740.74324855128,1730329812.7734177
-3005.1249867826687,3773.086222778109,1730329812.7768075
-3088.2511244119555,3793.2921997657054,1730329812.780867
-3108.9935432664806,3763.787897084701,1730329812.7848732
-3009.59533567373,3751.69560333438,1730329812.7892656
-2980.5157161373754,3792.822813132145,1730329812.7929232
-3076.8070312508385,3811.687685452424,1730329812.7981932
-3126.070276030335,3770.940455310399,1730329812.8011591
-3027.275565537878,3748.432248643905,1730329812.8050508
-2973.92195152306,3743.470161374827,1730329812.809201
-3061.630196765685,3786.8101938736672,1730329812.8129208
-3125.734999863505,3779.2329525033183,1730329812.8169231
-3053.2929960838555,3743.827789286112,1730329812.8209732
-2984.82960281725,3770.783993099212,1730329812.826026
-3043.3241180567884,3810.592449974114,1730329812.8288565
-3129.378334209721,3783.032749060721,1730329812.8328333
-3089.055787212347,3744.274824175218,1730329812.8369296
-2984.0696435057694,3739.111571206042,1730329812.8408847
-3020.592393945741,3783.926818838933,1730329812.844904
-3117.040171270391,3800.645923691504,1730329812.8488617
-3096.6777320716064,3763.5420278956926,1730329812.853881
-2997.4136349455875,3755.070716747131,1730329812.8568747
-3008.4553967065094,3781.401071715483,1730329812.860928
-3108.166528721634,3802.836394648122,1730329812.8648982
-3114.134444491201,3758.334071437606,1730329812.868919
-3021.218242790489,3741.1902834403854,1730329812.8729014
-3007.114292039191,3774.293216978696,1730329812.876902
-3093.6378948256847,3785.871420606544,1730329812.8809187
-3116.9284125481145,3771.4098419439606,1730329812.883922
-3034.651641208129,3761.4186121724383,1730329812.8889294
-2995.603143644708,3776.863667591056,1730329812.8929644
-3077.5446388178634,3802.0540835921865,1730329812.8969717
-3143.571691938841,3795.527374211237,1730329812.9009356
-3047.973280903492,3739.983289239799,1730329812.9049685
-2967.3952421421104,3764.9054843074655,1730329812.9089675
-3045.693402969051,3812.693513952913,1730329812.911971
-3114.8720520582265,3796.712016667368,1730329812.9159458
-3057.472772296998,3757.50705689276,1730329812.9210165
-2988.785861585839,3754.9366062803992,1730329812.9250152
-3040.12781859968,3794.409786988472,1730329812.92919
-3108.9264880331148,3806.971467372354,1730329812.9330251
-3077.388176606677,3767.990025042299,1730329812.937035
-2990.8645738201826,3751.717955078835,1730329812.9400797
-3020.324173012277,3778.785917614212,1730329812.9440427
-3110.468758400531,3786.117289795553,1730329812.9490492
-3096.297752415866,3752.366155668039,1730329812.9530487
-3006.5778501722634,3748.07462073262,1730329812.9570675
-3009.9753153294705,3776.79661235769,1730329812.9610846
-3103.740883319484,3791.392301487005,1730329812.9640725
-3111.8992700456706,3755.473048147327,1730329812.9680736
-3011.5175856968863,3726.304021633151,1730329812.9721596
-2999.872326835672,3776.8413158466,1730329812.9771197
-3085.2559906549445,3800.377702758039,1730329812.981207
-3112.301601445866,3753.5731498686255,1730329812.9852028
-3032.684687696062,3726.125207677509,1730329812.9892588
-2997.950076812515,3758.758754582257,1730329812.99222
-3076.8740864842043,3777.243647246796,1730329812.9963262
-3128.774837109427,3757.574112126126,1730329813.0005352
-3055.237597851467,3717.6091930400366,1730329813.0045092
-3001.705169881007,3734.305946148151,1730329813.0094428
-3060.758478731928,3753.394335912983,1730329813.013491
-3128.484264431508,3747.7393445657904,1730329813.0163934
-3064.89355145616,3725.9016902329554,1730329813.020998
-2983.086166749736,3729.3438588790727,1730329813.024836
-3030.8965481396376,3765.844257574589,1730329813.0283384
-3105.819595553827,3769.0629087761536,1730329813.0334053
-3060.669071754107,3728.36038212304,1730329813.0373583
-2985.276637706356,3724.225309398808,1730329813.041501
-3019.988896845448,3766.179533741418,1730329813.0443623
-3096.588325093785,3770.940455310399,1730329813.0484517
-3089.145194190168,3727.555719322648,1730329813.0523572
-3001.1910797585347,3712.8259197266007,1730329813.0564678
-2998.173594257068,3742.956071252355,1730329813.0602908
-3102.3550751632542,3762.335033695106,1730329813.0653107
-3104.299676930866,3718.749132007257,1730329813.0694404
-3014.110388053702,3691.792928194157,1730329813.072351
-2992.026864531859,3736.3846583824943,1730329813.076255
-3080.6738830416066,3767.453583175372,1730329813.0803213
-3110.267592700433,3728.6733065454137,1730329813.084273
-3036.4844842534644,3711.194242381363,1730329813.088347
-2995.1114052666912,3729.477969345805,1730329813.0932658
-3063.016004921914,3760.971577283333,1730329813.0973036
-3129.8253690988267,3747.202902698863,1730329813.100304
-3062.3231008437992,3715.4857773167823,1730329813.104306
-2982.661483605085,3711.529518548193,1730329813.1083484
-3038.2949755543445,3760.4798389053153,1730329813.1123247
-3124.438598685097,3743.604271841559,1730329813.116321
-3074.080118427291,3707.729721990791,1730329813.121356
-2990.395187186621,3722.59363205357,1730329813.1243773
-3024.235728291956,3754.2884056911953,1730329813.127375
-3113.530947390908,3756.970615025832,1730329813.1323452
-3090.463947113031,3701.068902143109,1730329813.1363409
-2996.87719307866,3701.761806221224,1730329813.1403778
-3012.0987310527244,3740.989117740288,1730329813.144384
-3103.718531575028,3759.183437726908,1730329813.1483836
-3102.466833885531,3730.528501335204,1730329813.1524093
-3007.7177891394845,3707.014466168221,1730329813.1553977
-3000.408768702599,3737.5693008386256,1730329813.1603887
-3082.6631882981287,3758.915216793444,1730329813.1644013
-3105.976057765014,3726.304021633151,1730329813.1684835
-3018.8042543893166,3701.851213199045,1730329813.172434
-2992.719768609973,3741.2573386737513,1730329813.1764195
-3070.7720602479053,3761.843295317089,1730329813.180439
-3115.006162524958,3740.206806684352,1730329813.1835055
-3044.441705279554,3713.384713337984,1730329813.1884613
-2992.0939197652247,3720.3584576080393,1730329813.1924355
-3055.170542618101,3755.629510358514,1730329813.1965048
-3113.083912501802,3736.339954893584,1730329813.2004907
-3056.2210746075007,3690.943561904856,1730329813.2045054
-2986.058948762292,3712.4906435597713,1730329813.208462
-3030.2483475504337,3741.659670073947,1730329813.2114987
-3110.915793289637,3722.9736117093103,1730329813.2154975
-3077.388176606677,3695.592724751559,1730329813.22056
-2987.9141435520824,3713.004733682243,1730329813.2245016
-3024.794521903339,3750.667423089436,1730329813.2285907
-3110.8040345673603,3762.849123817578,1730329813.2315753
-3095.180165193101,3728.181568167397,1730329813.235608
-3014.535071198353,3709.9648964363214,1730329813.2396204
-3012.076379308269,3732.78602752519,1730329813.2435656
-3097.996484994469,3746.3311846651054,1730329813.2487164
-3111.675752601117,3717.11745466202,1730329813.2528036
-3019.318344511789,3713.49647206026,1730329813.2567596
-2997.0336552898475,3730.126169935008,1730329813.259672
-3084.808955765838,3767.900618064477,1730329813.264253
-3121.823444583827,3744.878321275511,1730329813.267815
-3030.3601062727103,3733.210710669841,1730329813.2719867
-2982.437966160532,3744.543045108682,1730329813.2766447
-3050.499028026942,3778.383586214016,1730329813.281232
-3105.797243809372,3759.786934827201,1730329813.284624
-3042.3182895562995,3726.125207677509,1730329813.2884233
-2982.505021393898,3741.7043735628577,1730329813.2918837
-3047.7721152033946,3785.625551417536,1730329813.295854
-3118.6718486156287,3780.484650192816,1730329813.2998507
-3063.686557255573,3737.748114794268,1730329813.30387
-2981.856820804694,3736.898748504967,1730329813.3089004
-3028.9072428831155,3773.1532780114735,1730329813.312915
-3116.8613573147486,3782.675121149436,1730329813.3159587
-3083.8925342431708,3741.480856118305,1730329813.3198972
-2997.6818558790515,3735.959975237844,1730329813.323728
-3018.133702055657,3772.4380221889046,1730329813.3277729
-3115.095569502779,3790.922914853444,1730329813.3317263
-3103.09268273028,3753.371984168528,1730329813.3366673
-2992.8762308211603,3746.9793852543103,1730329813.3406916
-2993.882059321649,3782.4739554493376,1730329813.3437812
-3089.100490701257,3798.1648800569633,1730329813.3478782
-3113.463892157542,3761.038632516698,1730329813.351708
-3016.8373008772496,3743.336050908095,1730329813.3558686
-2987.556515640797,3782.1163275380527,1730329813.3597667
-3070.6826532700843,3794.9685805998542,1730329813.3647685
-3112.167490979134,3764.972539540832,1730329813.367794
-3036.305670297822,3742.956071252355,1730329813.3718777
-2991.7809953428505,3774.852010590078,1730329813.3758955
-3063.7089090000286,3806.4797289943376,1730329813.3797677
-3121.6446306281846,3795.974409100343,1730329813.3837795
-3055.3493565737435,3743.783085797201,1730329813.3878305
-2996.0725302782694,3762.670309861936,1730329813.392903
-3050.4319727935763,3805.116272582564,1730329813.395882
-3120.661153872151,3784.396205472494,1730329813.3987997
-3069.3191968583105,3757.775277826224,1730329813.4038188
-2993.658541877096,3773.265036733751,1730329813.4078052
-3019.6089171897074,3803.886926637522,1730329813.4118044
-3109.7087990890504,3812.46999650836,1730329813.4159837
-3087.401758122654,3781.535182182215,1730329813.4208562
-2991.982161042948,3774.3379204676057,1730329813.4238255
-2994.7537773554063,3821.9024326684994,1730329813.4278638
-3091.693293058073,3844.678860268458,1730329813.4318497
-3085.8594877552378,3795.214449788863,1730329813.4359996
-3002.9121640815933,3770.783993099212,1730329813.439858
-2986.3048179513003,3807.172633072452,1730329813.4438815
-3072.582551548785,3825.299897825706,1730329813.4488776
-3101.729226318506,3796.980237600832,1730329813.4519124
-3022.0005538464256,3771.611007644058,1730329813.454888
-2988.182364485546,3797.1366998120193,1730329813.4599748
-3064.245350866956,3835.134665386041,1730329813.4638822
-3114.626182869218,3821.99183964632,1730329813.467893
-3029.9354231280595,3766.671272119436,1730329813.471912
-2977.677044591552,3794.052159077187,1730329813.475965
-3056.913978685615,3830.306688583695,1730329813.4789293
-3114.447368913576,3812.2241273193513,1730329813.4829247
-3049.98493790447,3765.799554085679,1730329813.488007
-2989.679931364052,3779.009435058765,1730329813.491943
-3040.4183912775984,3808.1561098284856,1730329813.4959223
-3121.66698237264,3795.460318977871,1730329813.499977
-3078.37165336271,3757.998795270777,1730329813.503045
-2986.461280162487,3762.715013350846,1730329813.5070806
-3014.2668502648894,3817.588545988625,1730329813.511092
-3106.7583688209497,3825.009325147787,1730329813.5151005
-3091.939162247081,3785.647903161992,1730329813.5205033
-2994.954943055504,3763.385565684505,1730329813.524306
-2994.619666888674,3790.028845075232,1730329813.5282433
-3099.069368728324,3811.955906385888,1730329813.5314188
-3105.1937467090784,3789.872382864045,1730329813.535148
-3003.78388211535,3767.1183070085417,1730329813.539495
-2977.967617269471,3800.6682754359576,1730329813.5431268
-3081.053862697346,3831.0666478951753,1730329813.5488536
-3101.013970495936,3795.616781189058,1730329813.5520787
-3013.730408397962,3781.55753392667,1730329813.556534
-2972.536143366831,3797.762548656768,1730329813.5593307
-3058.9926909199585,3820.986011145832,1730329813.5633724
-3119.565918393841,3807.574964472648,1730329813.5672784
-3041.3795162891765,3776.9977780577874,1730329813.5714068
-2975.7100910794848,3799.573039957648,1730329813.576157
-3040.597205233241,3842.7342585008455,1730329813.580098
-3106.534851376397,3823.355296058094,1730329813.5841043
-3055.505818784931,3781.356368226572,1730329813.587171
-2975.486573634932,3788.687740407913,1730329813.5911963
-3016.099693310224,3820.47192102336,1730329813.5951347
-3110.826386311816,3831.178406617452,1730329813.599147
-3081.2773801419,3797.986066101321,1730329813.6041582
-2993.055044776803,3791.7052259093794,1730329813.6081457
-3012.50106245292,3825.2551943367953,1730329813.6111293
-3104.8137670533383,3833.1230083850633,1730329813.615141
-3085.65832205514,3790.431176475427,1730329813.6191635
-2991.915105809582,3784.686778150413,1730329813.623136
-2987.534163896342,3822.5506332577033,1730329813.62728
-3087.46881335602,3846.8693312250775,1730329813.6311731
-3097.5718018498187,3791.816984631656,1730329813.6361794
-3019.1842340450567,3782.831583360624,1730329813.6391664
-2993.859707577194,3810.2124703183736,1730329813.6432145
-3071.5096678149307,3835.469941552871,1730329813.6472287
-3106.04311299838,3805.049217349198,1730329813.651196
-3036.015097619903,3787.4807462073263,1730329813.6552212
-2984.539030139331,3803.104615581586,1730329813.6592338
-3052.980071661481,3829.0773426386527,1730329813.664242
-3111.184014223101,3819.823720434156,1730329813.6673107
-3041.088943611257,3796.063816078165,1730329813.6712508
-2979.085204492236,3806.882060394533,1730329813.6752892
-3039.0549348658246,3849.104505670608,1730329813.6792624
-3098.108243716746,3831.513682784281,1730329813.6832435
-3056.0646123963134,3793.068682321153,1730329813.6873035
-2974.436041645532,3798.723673668346,1730329813.6922915
-3007.471919950476,3837.973336931865,1730329813.695415
-3092.922639003115,3836.5651770311806,1730329813.699414
-3074.057766682836,3798.5448597127033,1730329813.7033637
-2985.2989894508114,3789.9841415863207,1730329813.7072842
-2992.697416865518,3830.172578116963,1730329813.7113135
-3082.9984644649585,3836.8781014535552,1730329813.715316
-3082.0596911978355,3808.8043104176895,1730329813.7193148
-3000.967562313981,3784.262095005762,1730329813.722321
-2991.8704023206715,3825.0540286366977,1730329813.7273898
-3082.551429575852,3851.473790582871,1730329813.7313373
-3100.790453051383,3816.4039035324936,1730329813.7353628
-3015.5185479543866,3788.419519474449,1730329813.7394528
-2985.187230728535,3826.484540281837,1730329813.7434144
-3067.866333468716,3852.591377805636,1730329813.74749
-3114.2909067023884,3821.276583823751,1730329813.7504983
-3033.154074329624,3794.230973032829,1730329813.7545564
-2973.340806167222,3821.008362890287,1730329813.7593763
-3051.5495600163413,3852.077287683164,1730329813.7636223
-3109.7982060668714,3831.156054872996,1730329813.7674415
-3045.8275134357827,3790.542935197704,1730329813.7716548
-2980.1357364816354,3799.975371357843,1730329813.7756126
-3027.9237661270818,3846.042316680231,1730329813.7786365
-3110.04407525588,3850.9597004603984,1730329813.782697
-3066.6369875236737,3808.312572039672,1730329813.7876873
-2980.046329503814,3798.500156223793,1730329813.7917197
-3009.6400391626407,3848.098677170119,1730329813.7957573
-3103.629124597207,3847.785752747745,1730329813.7997787
-3080.6068278082407,3806.971467372354,1730329813.802692
-2986.0365970178364,3818.4155605334713,1730329813.806543
-2989.054082519303,3863.789601777745,1730329813.8106325
-3080.0927376857685,3871.1880291924513,1730329813.8156688
-3089.033435467891,3824.763455958778,1730329813.8196795
-2998.195946001524,3820.717790212368,1730329813.823657
-2983.2873324498337,3851.920825471977,1730329813.8276677
-3070.101507914246,3896.713721360412,1730329813.8316936
-3095.4260343821093,3865.130706445064,1730329813.8345237
-3010.757626385406,3814.168729086963,1730329813.8385384
-2979.912219037082,3837.99568867632,1730329813.8425338
-3063.016004921914,3885.6049043661246,1730329813.8475995
-3108.233583955,3845.103543413108,1730329813.851558
-3030.0024783614253,3808.200813317396,1730329813.8546405
-2977.609989358186,3846.757572502801,1730329813.8585663
-3037.2667953094,3875.5019158723258,1730329813.8626127
-3105.32785717581,3854.4689243398816,1730329813.866567
-3053.494161783953,3827.4009618045047,1730329813.8707092
-2969.742175309917,3842.153113145008,1730329813.8755884
-3020.324173012277,3886.543677633247,1730329813.879645
-3115.47554915852,3887.2812852002726,1730329813.8826568
-3062.054879910336,3845.260005624296,1730329813.8866093
-2975.285407934833,3840.923767199966,1730329813.8906193
-3006.086111794247,3880.553410119225,1730329813.8946512
-3103.13738621919,3889.359997434616,1730329813.898631
-3084.18310692109,3839.42620032146,1730329813.9037385
-2982.0132830158814,3818.303801811194,1730329813.907664
-2988.2270679744565,3870.048090225231,1730329813.9107249
-3082.4173191091204,3895.8867068155655,1730329813.9146392
-3096.4542146270533,3862.895531999533,1730329813.9187253
-3009.818853118283,3842.488389311837,1730329813.9227605
-2989.9034488086045,3871.255084425817,1730329813.92668
-3075.5776853057964,3887.884782300566,1730329813.9317477
-3114.8944038026816,3853.95483421741,1730329813.9358568
-3012.3446002417327,3847.2269591363615,1730329813.9388716
-2970.0327479878365,3868.8187442801886,1730329813.9427762
-3052.7342024724726,3892.131613747074,1730329813.9488764
-3104.299676930866,3867.924674501976,1730329813.9518971
-3032.5729289737856,3834.531168285748,1730329813.9559195
-2970.2339136879345,3863.141401188541,1730329813.9588304
-3030.69538243954,3905.721474375901,1730329813.9627943
-3097.7729675499163,3871.970340248387,1730329813.9667826
-3049.046164637347,3829.524377527759,1730329813.9708712
-2966.4564688749874,3840.4096770774936,1730329813.975886
-3009.371818229177,3904.939163319965,1730329813.9788456
-3098.175298950112,3902.5922301521578,1730329813.9827888
-3067.151077646146,3848.433953336949,1730329813.9867978
-2977.54293412482,3826.3504298151056,1730329813.9908073
-3008.477748450965,3883.526192131781,1730329813.9948132
-3097.996484994469,3895.640837626557,1730329813.9988172
-3082.573781320308,3850.043278937731,1730329814.003826
-2979.3534254257,3828.987935660832,1730329814.006807
-2972.3126259222777,3857.039374952242,1730329814.0109491
-3073.543676560364,3904.0227417972974,1730329814.0149186
-3092.0956244582685,3890.4775846573816,1730329814.0189595
-2999.5146989243867,3829.792598461223,1730329814.0229647
-2974.525448623353,3849.775058004267,1730329814.0268784
-3058.70211824204,3867.947026246432,1730329814.0309615
-3100.656342584651,3846.534055058248,1730329814.033976
-3039.881949410671,3851.9655289608872,1730329814.0381324
-2989.8810970641493,3899.708855117424,1730329814.0429945
-3030.717734183995,3884.800241565733,1730329814.0470884
-3090.776871535405,3892.511593402816,1730329814.050943
-3043.860559923716,3832.206586862396,1730329814.0551355
-2970.6362450881297,3846.355241102605,1730329814.058957
-3020.771207901384,3883.593247365147,1730329814.0620975
-3100.633990840196,3866.0918314566416,1730329814.0661073
-3050.6107867492187,3827.602127504603,1730329814.0710905
-2967.752870053396,3841.28139511125,1730329814.0751743
-3005.1696902715794,3891.572820135692,1730329814.079122
-3085.680673799596,3912.136425034574,1730329814.0831563
-3056.55635077433,3870.226904180873,1730329814.0871212
-2974.1678207120685,3864.124877944575,1730329814.0901403
-2983.197925472012,3903.910983075021,1730329814.0942664
-3059.8420572092605,3912.158776779029,1730329814.099218
-3065.564103789819,3868.327005902172,1730329814.103174
-2993.345617454722,3850.2891481267393,1730329814.1071055
-2983.443794661021,3887.48245090037,1730329814.1110103
-3062.881894455182,3900.6923318734566,1730329814.1140964
-3086.015949966425,3871.880933270566,1730329814.1180005
-3003.8956408376266,3852.591377805636,1730329814.1221266
-2966.4341171305323,3883.235619453862,1730329814.127076
-3036.618594720196,3921.747675150356,1730329814.1310067
-3092.252086669456,3883.392081665049,1730329814.136025
-3028.214338805001,3856.8605609966,1730329814.140068
-2967.507000864387,3867.231770423862,1730329814.1432128
-3037.5126644984084,3905.028570297786,1730329814.1460469
-3104.478490886509,3889.449404412437,1730329814.150069
-3042.117123856202,3867.567046590692,1730329814.1541283
-2963.304872906789,3878.452346140426,1730329814.1590936
-3013.104559553213,3910.124768033597,1730329814.163094
-3094.7778337929053,3892.086910258164,1730329814.166072
-3048.599129748241,3859.1180871865854,1730329814.1701796
-2962.522561850853,3863.141401188541,1730329814.1741023
-3005.3261524827662,3899.686503372968,1730329814.1781452
-3088.2958279008662,3909.118939533108,1730329814.1821384
-3072.4484410820537,3875.3231019166833,1730329814.1872385
-2981.7003585935067,3845.282357368751,1730329814.1911132
-2981.0745097487584,3885.6943113439456,1730329814.1941328
-3078.975150463003,3918.104340804141,1730329814.1981645
-3087.759386033939,3882.05097699773,1730329814.2021663
-2999.3805884576545,3849.61859579308,1730329814.2061424
-2967.529352608842,3872.5067821153134,1730329814.2101972
-3046.453362280532,3892.19866898044,1730329814.2151842
-3082.082042942291,3875.390157150049,1730329814.219215
-2998.821794846272,3876.820668795189,1730329814.2221763
-2962.20963742848,3898.792433594756,1730329814.2261932
-3049.4931995264533,3918.5066722043366,1730329814.2302568
-3097.66120882764,3889.494107901348,1730329814.2341757
-3034.294013296844,3873.199686193429,1730329814.238247
-2958.454544359988,3862.9849389773535,1730329814.2433052
-3010.3105914963,3890.634046868569,1730329814.2462633
-3088.8322697677936,3905.050922042242,1730329814.2492585
-3035.3221935417887,3851.004403949309,1730329814.2542496
-2960.82382927225,3835.693458997424,1730329814.2582445
-2997.860669834694,3878.2064769514177,1730329814.2622683
-3079.936275474581,3870.919808258988,1730329814.2662585
-3061.7643072324167,3844.075363168164,1730329814.2703383
-2978.4146521585767,3843.918900956977,1730329814.2742655
-2986.2824662068447,3873.132630960063,1730329814.277399
-3081.947932475559,3881.000445008331,1730329814.28236
-3077.030548695392,3846.176427146963,1730329814.286386
-2987.444756918521,3828.831473449645,1730329814.2904692
-2982.505021393898,3869.064613469197,1730329814.2945297
-3070.257970125433,3901.519346418303,1730329814.298588
-3080.9644557195256,3850.7361830158457,1730329814.3025272
-2999.7158646244843,3829.479674038848,1730329814.305514
-2970.6138933436746,3852.658433039002,1730329814.3093607
-3049.3590890597216,3875.144287961041,1730329814.3145149
-3088.340531389777,3845.23765387984,1730329814.3184252
-3014.8926991096378,3825.501063525804,1730329814.3224337
-2969.786878798828,3844.880025968555,1730329814.3264017
-3040.753667444428,3878.38529090706,1730329814.3306231
-3097.884726272193,3855.0947731846304,1730329814.3336215
-3035.8139319198053,3822.148301857508,1730329814.3375273
-2963.8189630292613,3848.5010085703134,1730329814.3423972
-3006.1084635387024,3885.135517732563,1730329814.3466344
-3088.94402849007,3882.140383975552,1730329814.3505857
-3048.599129748241,3838.889758454533,1730329814.3546748
-2942.473047074443,3829.434970549938,1730329814.3586438
-2978.7946318143167,3877.2900554287503,1730329814.3616705
-3078.170487662612,3893.048035269742,1730329814.3656037
-3059.104449642235,3847.42812483646,1730329814.3706844
-2970.9044660215936,3812.291182552717,1730329814.374513
-2974.905428279093,3862.649662810524,1730329814.3785262
-3071.4202608371093,3877.602979851125,1730329814.3825324
-3073.5213248159084,3838.107447398597,1730329814.386459
-2996.0948820227245,3820.606031490092,1730329814.3895268
-2985.20958247299,3865.153058189519,1730329814.393532
-3060.043222909358,3874.071404227186,1730329814.3986292
-3082.9984644649585,3843.0918864121295,1730329814.4024792
-3009.416521718088,3771.4098419439606,1730329814.4064898
-2964.645977574108,3821.23188033484,1730329814.4095082
-3038.5184929988973,3877.982959506865,1730329814.413489
-3093.816708781327,3854.223055150873,1730329814.4174914
-3004.767358871384,3799.908316124477,1730329814.42158
-2959.5274280938424,3821.298935568206,1730329814.4265292
-3036.4621325090093,3875.09958447213,1730329814.4305592
-3097.2588774274445,3838.979165432354,1730329814.4345684
-3032.237652806956,3811.1959470744073,1730329814.437604
-2961.762602539373,3831.491331039826,1730329814.4415596
-3011.182309530057,3871.232732681362,1730329814.4455628
-3088.742862789972,3862.895531999533,1730329814.4495404
-3057.852751952738,3805.049217349198,1730329814.4535837
-2964.4448118740097,3801.651752191992,1730329814.4586644
-2985.6789691065514,3849.104505670608,1730329814.462601
-3088.407586623143,3856.4358778519486,1730329814.465572
-3066.502877056942,3799.595391702103,1730329814.4696236
-2971.485611377432,3778.6071036585695,1730329814.4735727
-2973.720785822962,3856.6593952965018,1730329814.4775996
-3068.0898509132685,3883.7497095763338,1730329814.481629
-3085.680673799596,3837.816874720678,1730329814.4866312
-2983.3320359387444,3796.8908306230105,1730329814.4906268
-2958.6780618045404,3823.735275713834,1730329814.4937248
-3053.740030972961,3863.2531599108174,1730329814.497614
-3088.8769732567043,3837.95098518741,1730329814.501736
-3000.699341380518,3803.0152086037647,1730329814.5056744
-2947.6139482991634,3819.488444267326,1730329814.5096748
-3031.097713839736,3850.780886504756,1730329814.514672
-3094.576668092808,3828.540900771725,1730329814.5176735
-3019.7653794008947,3811.8664994080655,1730329814.5217447
-2947.278672132334,3825.746932714813,1730329814.525684
-3018.424274733577,3843.0695346676753,1730329814.5297143
-3093.0343977253915,3830.2172816058737,1730329814.5336804
-3030.337754528255,3791.571115442648,1730329814.5377104
-2953.313643135267,3814.9957436318095,1730329814.5427833
-3006.2202222609785,3867.8352675241554,1730329814.546024
-3082.953760976048,3853.038412694742,1730329814.548894
-3057.3833653191764,3798.1872318014175,1730329814.5540009
-2964.981253740937,3795.817946889156,1730329814.5580013
-2985.4554516619983,3840.09675265512,1730329814.5623324
-3081.0091592084364,3851.339680116139,1730329814.566331
-3070.257970125433,3817.1862145884297,1730329814.5708776
-2974.994835256915,3821.388342546027,1730329814.5745764
-2973.2513991894007,3839.515607299281,1730329814.5768297
-3058.4786007974867,3841.974299189365,1730329814.5820577
-3085.926542988604,3827.42331354896,1730329814.5861542
-2995.5807919002527,3804.5351272267258,1730329814.590122
-2964.914198507571,3835.626403764058,1730329814.5939145
-3061.429031065587,3865.309520400706,1730329814.5988476
-3093.794357036872,3801.472938236349,1730329814.6019137
-3002.4874809369426,3794.610952688569,1730329814.6051514
-2949.7373640224178,3849.9538719599095,1730329814.6099415
-3019.094827067236,3865.153058189519,1730329814.614391
-3078.259894640433,3841.996650933821,1730329814.6178916
-3024.302783525322,3799.349522513095,1730329814.6223483
-2956.9793292259374,3817.454435521893,1730329814.6251411
-2999.112367524191,3862.359090132605,1730329814.629574
-3074.2365806384782,3851.183217904952,1730329814.6329124
-3036.4397807645537,3815.353371543096,1730329814.6369565
-2961.2932159058114,3830.776075217256,1730329814.6420286
-2990.037559275336,3868.505819857816,1730329814.645854
-3077.499935328953,3867.209418679407,1730329814.64992
-3060.423202565098,3833.681801996446,1730329814.6529343
-2964.757736296384,3829.099694383108,1730329814.6569047
-2978.1687829695684,3866.516514601292,1730329814.6608987
-3075.018891694414,3884.1520409765294,1730329814.6649227
-3083.7360720319834,3846.33288935815,1730329814.6699305
-2980.471012648465,3801.651752191992,1730329814.673944
-2959.0356897158254,3853.038412694742,1730329814.677986
-3047.749763458939,3890.611695124113,1730329814.6809623
-3092.006217480447,3858.9839767198537,1730329814.684972
-3002.8004053593168,3826.909223426488,1730329814.6889534
-2959.3933176271103,3833.8382642076335,1730329814.692973
-3036.819760420294,3865.24246516734,1730329814.6979764
-3084.0266447099025,3845.639985280036,1730329814.7020435
-3013.4845392089537,3810.65950520748,1730329814.7059877
-2961.2708641613563,3843.918900956977,1730329814.7089958
-3025.0627428368025,3880.5087066303145,1730329814.712993
-3091.84975526926,3858.71575578639,1730329814.717007
-3024.794521903339,3829.300860083206,1730329814.72116
-2956.6664048035627,3849.015098692787,1730329814.7260144
-3005.1696902715794,3899.261820228317,1730329814.7300718
-3086.775909277905,3894.4785469148815,1730329814.734063
-3043.815856434805,3819.309630311684,1730329814.7371943
-2956.8675705036608,3810.435987762927,1730329814.7411397
-2986.9977220294145,3873.758479804812,1730329814.7451425
-3070.0568044253355,3883.772061320789,1730329814.749581
-3059.7750019758946,3840.253214866306,1730329814.7534173
-2968.892809020616,3838.777999732256,1730329814.7588773
-2974.413689901077,3897.786605094266,1730329814.7612538
-3060.244388609456,3904.20155575294,1730329814.76546
-3062.8148392218163,3844.678860268458,1730329814.769178
-2969.0492712318032,3823.444703035916,1730329814.773152
-2964.087183962725,3872.395023393038,1730329814.7772143
-3051.169580360601,3896.043169026753,1730329814.781525
-3082.104394686746,3885.470793899392,1730329814.786328
-2992.764472098884,3853.843075495133,1730329814.7893248
-2953.1571809240795,3869.332834402661,1730329814.7933009
-3038.7420104434505,3888.041244511753,1730329814.7974408
-3094.107281459246,3865.644796567535,1730329814.801267
-3010.7129228964955,3833.525339785259,1730329814.8055491
-2950.564378567264,3853.61955805058,1730329814.809229
-3013.2610217644005,3914.528061691292,1730329814.81488
-3082.1267464312014,3904.5368319197696,1730329814.817246
-3033.221129562989,3861.6661860544905,1730329814.821414
-2959.5721315827527,3843.6283282790578,1730329814.825497
-3006.890774594638,3871.500953614826,1730329814.829522
-3085.501859843953,3893.763291092312,1730329814.8336225
-3052.4212780500984,3862.33673838815,1730329814.8374856
-2965.0930124632137,3849.015098692787,1730329814.8422804
-2983.2649807053785,3868.237598924351,1730329814.8454647
-3065.005310178436,3874.4737356273818,1730329814.8485055
-3063.9324264445813,3846.9363864584434,1730329814.8540084
-2978.146431225113,3827.579775760147,1730329814.8573651
-2971.1950386995127,3853.507799328304,1730329814.8620431
-3070.190914892068,3876.239523439351,1730329814.8655827
-3078.572819062808,3853.261930139295,1730329814.8695652
-2984.896658050616,3838.174502631962,1730329814.8726933
-2949.1338669221245,3862.850828510622,1730329814.87635
-3036.3503737867327,3895.5290789042806,1730329814.8816776
-3081.210324908534,3875.5019158723258,1730329814.8856485
-2994.329094210756,3826.685705981935,1730329814.8899193
-2939.1649888950574,3830.5972612616138,1730329814.8934605
-3023.945155614037,3878.653511840524,1730329814.8965175
-3084.6971970435616,3867.164715190496,1730329814.9005969
-3018.245460777934,3830.016115905776,1730329814.9045503
-2950.1620471670685,3842.913072456488,1730329814.9093883
-3002.062797792292,3877.647683340035,1730329814.9137478
-3077.946970218059,3856.324119129672,1730329814.917398
-3032.774094673884,3827.3562583155945,1730329814.9216874
-2952.4195733570546,3842.8013137342114,1730329814.9249191
-2986.729501095951,3873.0208722377865,1730329814.928714
-3081.3667871197213,3877.647683340035,1730329814.9326253
-3049.8284756932826,3833.771208974267,1730329814.9378266
-2960.8685327611606,3822.32711581315,1730329814.941998
-2978.146431225113,3853.7089650284015,1730329814.9454026
-3069.498010813953,3869.846924525133,1730329814.9496
-3065.340586345266,3832.5642147736808,1730329814.9539852
-2960.734422294429,3814.191080831418,1730329814.9565845
-2960.8685327611606,3860.839171509644,1730329814.960478
-3065.1170689007126,3901.0052562958313,1730329814.9655952
-3085.524211588408,3846.2434823803287,1730329814.9696925
-2997.279524478856,3822.28241232424,1730329814.9740517
-2948.642128544108,3848.47865682586,1730329814.97755
-3034.7410481859506,3869.377537891572,1730329814.982155
-3085.680673799596,3867.4105843795046,1730329814.9845097
-3006.019056560881,3828.339735071628,1730329814.98871
-2946.2504918873897,3834.8664444525775,1730329814.992516
-3012.791635130839,3880.352244419127,1730329814.9977095
-3073.431917838087,3877.513572873304,1730329815.001588
-3008.6789141510626,3840.320270099672,1730329815.0047915
-2948.1727419105464,3838.2192061208734,1730329815.0089135
-3002.062797792292,3895.998465537842,1730329815.01298
-3075.6447405391623,3888.555334634225,1730329815.016716
-3030.829492906272,3826.261022837284,1730329815.0210145
-2946.2728436318453,3833.748857229812,1730329815.0254953
-2980.918047537571,3877.044186239742,1730329815.0298
-3076.2929411283662,3879.033491496264,1730329815.0328608
-3049.4931995264533,3849.2833196262495,1730329815.0367124
-2958.342785637711,3840.8567119666,1730329815.041022
-2973.407861400588,3872.439726881949,1730329815.0448008
-3060.691423498562,3890.902267802032,1730329815.04876
-3065.1170689007126,3859.6098255646025,1730329815.0538273
-2972.82671604475,3839.493255554826,1730329815.0583303
-2950.8773029896383,3860.168619175985,1730329815.06069
-3045.98397564697,3895.149099248541,1730329815.0650177
-3076.2482376394555,3859.207494164407,1730329815.0686088
-2994.217335488479,3829.770246716768,1730329815.0725744
-2950.8102477562725,3856.1006016851193,1730329815.0766084
-3031.164769073101,3896.2443347268495,1730329815.0809083
-3079.5115923299304,3868.4164128799935,1730329815.0856917
-3013.7751118868723,3840.275566610762,1730329815.0885873
-2956.219369914457,3849.99857544882,1730329815.092605
-3009.9753153294705,3873.9372937604544,1730329815.0965965
-3086.9323714890925,3877.2900554287503,1730329815.100602
-3036.529187742375,3851.9655289608872,1730329815.1046064
-2956.800515270295,3853.0607644391976,1730329815.1087637
-2995.223163988968,3898.837137083666,1730329815.112982
-3074.303635871844,3902.0557882852304,1730329815.115847
-3057.5845310192744,3862.113220943597,1730329815.1206584
-2971.3291491662444,3865.756555289812,1730329815.1252227
-2983.2873324498337,3898.680674872479,1730329815.1292148
-3064.245350866956,3899.2171167394063,1730329815.1332848
-3046.341603558255,3870.651587325524,1730329815.1366563
-2958.5439513378087,3881.089851986153,1730329815.1408465
-2954.1630094245684,3921.837082128178,1730329815.1437786
-3047.146266358646,3919.4677972159134,1730329815.1491303
-3065.295882856355,3869.779869291767,1730329815.1529984
-2980.82864055975,3858.71575578639,1730329815.156824
-2952.4866285904204,3899.954724306432,1730329815.1609552
-3038.652603465629,3922.150006550552,1730329815.165382
-3074.1695254051124,3894.657360870524,1730329815.168806
-2992.4738994209647,3866.538866345748,1730329815.172228
-2952.151352423591,3896.087872515664,1730329815.1767375
-3027.2532137934227,3925.458064729937,1730329815.1807675
-3076.359996361732,3904.58153540868,1730329815.1847315
-3013.819815375783,3893.0256835252862,1730329815.1888788
-2941.020183684848,3904.693294130957,1730329815.1927931
-3001.794576858828,3917.523195448303,1730329815.1968234
-3074.1695254051124,3911.0188378118087,1730329815.1998792
-3027.9684696159925,3876.552447861725,1730329815.2039728
-2955.7052797919846,3860.772116276278,1730329815.2087555
-2998.6653326350847,3915.265669258317,1730329815.2129092
-3078.3940051071654,3923.4911112178697,1730329815.2169025
-3052.7342024724726,3887.929485789477,1730329815.2209685
-2960.086221705225,3874.451383882926,1730329815.2249076
-2969.3174921652667,3904.223907497395,1730329815.227874
-3058.568007775308,3929.9507653654537,1730329815.231852
-3063.351281088744,3890.5893433796577,1730329815.2369697
-2981.7003585935067,3877.938256017954,1730329815.2409756
-2962.8801897621383,3895.596134137647,1730329815.2448845
-3057.159847874624,3916.4056082255374,1730329815.2479365
-3082.9984644649585,3913.63399191308,1730329815.2518642
-2985.231934217445,3896.803128338234,1730329815.2559502
-2942.9871371969152,3906.950820320944,1730329815.2599497
-3022.626402691174,3940.9254718930097,1730329815.264938
-3067.598112535252,3913.745750635356,1730329815.2690763
-2987.176535985057,3888.153003234029,1730329815.2729423
-2941.891901718605,3911.801148867744,1730329815.275894
-3022.089960824246,3946.40164928456,1730329815.2799318
-3082.886705742682,3930.0848758321854,1730329815.2838857
-3017.8654811221936,3901.072311529197,1730329815.2878928
-2946.675175032041,3916.874994859099,1730329815.291895
-2991.8033470873056,3950.134390608596,1730329815.296944
-3064.044185166858,3943.942957394476,1730329815.3010387
-3033.377591774177,3905.050922042242,1730329815.304072
-2962.656672317585,3914.5727651802026,1730329815.3080878
-2987.3553499406994,3958.650405246068,1730329815.312008
-3070.168563147612,3963.970120426431,1730329815.3161566
-3045.2463680799447,3923.468759473415,1730329815.3209844
-2962.1425821951134,3916.942050092465,1730329815.3250625
-2975.5759806127526,3959.20919885745,1730329815.3290775
-3060.5349612873747,3970.139201896096,1730329815.3322268
-3075.309464372333,3929.816654898722,1730329815.3361588
-2982.817945816272,3909.856547100133,1730329815.34016
-2955.951148980993,3939.338498036682,1730329815.3440297
-3056.131667629679,3968.172248384029,1730329815.3481605
-3072.627255037696,3949.262672574839,1730329815.353192
-2976.268884690868,3916.517366947814,1730329815.357228
-2842.247824936846,4470.795925950519,1730329820.362961
-2934.828750470728,4515.99115323915,1730329820.365721
-2975.039538745825,4481.792984222529,1730329820.3709445
-2889.030026081804,4411.943782799695,1730329820.3749473
-2839.4091533910223,4441.135161058326,1730329820.3789425
-2915.092160116692,4460.73764094563,1730329820.3828747
-2968.0881462202246,4432.328573742935,1730329820.3878057
-2891.064034827237,4406.266439708047,1730329820.3908992
-2823.740580527852,4437.2906610120135,1730329820.393855
-2895.936715118494,4483.759937734597,1730329820.3988004
-2969.339843909722,4447.326594272447,1730329820.4028208
-2922.401180553577,4370.794221257475,1730329820.4070673
-2839.7220778133965,4392.162488956748,1730329820.4110184
-2885.4537469689544,4434.54139644401,1730329820.415822
-2964.981253740937,4440.889291869318,1730329820.4191518
-2945.5575878092754,4414.715399112153,1730329820.4219496
-2863.6160926361194,4473.388728307335,1730329820.4261107
-2847.075801739192,4552.938586823772,1730329820.430994
-2939.567320295253,4456.490809499122,1730329820.435025
-2945.4905325759096,4355.81855247242,1730329820.4389808
-2847.411077906022,4355.751497239054,1730329820.4431152
-2839.811484791217,4395.49289888059,1730329820.4470706
-2933.15236963658,4432.4179807207565,1730329820.4498382
-2945.825808742739,4426.628878906832,1730329820.456059
-2852.060240752726,4438.050620323494,1730329820.4590523
-2824.791112517252,4432.462684209667,1730329820.4630823
-2914.980401394416,4410.580326387922,1730329820.466918
-2954.922968736049,4394.844698291386,1730329820.4701016
-2870.500429928354,4378.10324169436,1730329820.4738698
-2825.9757549733827,4420.906832326274,1730329820.47815
-2899.5800494647087,4477.0320626535495,1730329820.4820905
-2960.175628683046,4466.3479288039125,1730329820.4870396
-2894.014465095337,4428.349963229891,1730329820.4908967
-2818.152644414025,4418.984582303117,1730329820.4951556
-2887.5548109477536,4429.981640575128,1730329820.498137
-3010.6905711520403,4457.0719548549605,1730329820.502148
-2981.096861493213,4537.985269783172,1730329820.506183
-2833.776513788285,4516.237022428158,1730329820.5102086
-2844.192426704458,4356.556160039444,1730329820.5151904
-2932.8170934697505,4345.000308156051,1730329820.5191903
-2920.8365584417056,4348.665994246721,1730329820.5230975
-2831.563691087209,4367.329700866902,1730329820.5262237
-2847.2546156948347,4423.477282938634,1730329820.530008
-2944.9093872200715,4430.428675464234,1730329820.5340292
-2938.62854702813,4396.431672147712,1730329820.538138
-2852.954310530938,4384.428785375212,1730329820.543258
-2850.316804685212,4430.607489419876,1730329820.5472364
-2923.876395687628,4474.640425996831,1730329820.551226
-2954.0288989578366,4444.912605871273,1730329820.5542445
-2878.4800026988987,4391.58134360091,1730329820.558041
-2834.737638799863,4450.075858840449,1730329820.5622368
-2920.1660061080465,4539.393429683856,1730329820.5660937
-2959.3933176271103,4439.011745335072,1730329820.570284
-2872.3332729736894,4357.986671684584,1730329820.5751636
-2818.5549758142206,4367.396756100268,1730329820.5782294
-2895.735549418396,4423.656096894276,1730329820.5821085
-2957.96280598197,4443.459742481678,1730329820.586282
-2889.342950504178,4408.658076364765,1730329820.5904016
-2817.549147313732,4409.0604077649605,1730329820.594299
-2868.645235138564,4450.701707685198,1730329820.5991535
-2956.1970181700017,4458.12248684436,1730329820.6033168
-2919.8530816856724,4407.652247864276,1730329820.6063237
-2837.2633859233124,4413.821329333941,1730329820.610298
-2866.253598481846,4484.810469723996,1730329820.614276
-2951.614910556664,4455.015594365072,1730329820.6183834
-2933.375887081133,4388.228581932614,1730329820.6221852
-2845.175903460491,4390.240238933592,1730329820.6263263
-2850.4285634074886,4466.616149737376,1730329820.6312375
-2943.210654641468,4452.221626308158,1730329820.634293
-2951.793724512306,4388.474451121623,1730329820.6388154
-2848.998051762349,4385.591076086888,1730329820.6424212
-2842.806618548229,4424.952498072684,1730329820.6468992
-2940.595500540197,4449.852341395896,1730329820.650223
-2977.006492257892,4413.173128744737,1730329820.6546726
-2885.274933013312,4373.968168970128,1730329820.6595206
-2847.8581127951284,4396.29756168098,1730329820.6627648
-2924.05520964327,4430.227509764136,1730329820.665424
-2979.1522597256017,4404.344189684891,1730329820.67048
-2904.9444681339824,4377.902075994262,1730329820.6742988
-2843.499522626343,4394.755291313564,1730329820.6784852
-2914.890994416594,4424.728980628131,1730329820.6822436
-2975.151297468102,4403.20425071767,1730329820.6874769
-2913.6840002160075,4364.066346176427,1730329820.690446
-2835.341135900156,4378.863201005841,1730329820.693442
-2876.3789387201,4416.30237296848,1730329820.6984448
-2955.146486180602,4406.936992041707,1730329820.7024927
-2951.637262301119,4370.973035213117,1730329820.706501
-2873.5179154298207,4377.72326203862,1730329820.7105024
-2891.376959249611,4415.497710168089,1730329820.7145135
-2970.792707299317,4429.087570796915,1730329820.7175095
-2954.0288989578366,4393.0342069905055,1730329820.7214715
-2861.2021042349465,4378.952607983662,1730329820.7265007
-2872.9814735628934,4406.713474597153,1730329820.7305312
-2980.985102770937,4447.617166950366,1730329820.734481
-2985.120175495169,4415.184785745715,1730329820.73852
-2884.202049279457,4363.105221164849,1730329820.7425387
-2859.2798542117903,4394.10709072436,1730329820.745522
-2949.8491227446943,4419.230451492125,1730329820.7495012
-2986.438928418032,4391.558991856456,1730329820.7545536
-2890.125261560114,4356.511456550534,1730329820.7584903
-2855.0330227652817,4389.860259277852,1730329820.762494
-2936.594538282697,4417.73288461362,1730329820.7663472
-2977.364120169177,4382.528887096511,1730329820.7695837
-2924.0328578988147,4356.466753061623,1730329820.7735424
-2860.71036585693,4369.900151479263,1730329820.777424
-2919.0707706297367,4406.221736219137,1730329820.781654
-2989.2328964749454,4395.559954113955,1730329820.7867084
-2927.2962125892896,4342.139284865772,1730329820.7903628
-2866.588874648676,4354.209226871637,1730329820.7947276
-2915.114511861147,4407.272268208536,1730329820.7974856
-2984.9413615395265,4400.969076272139,1730329820.8016083
-2939.6790790175296,4360.467715319123,1730329820.8054888
-2847.031098250282,4352.130514637293,1730329820.810622
-2888.895915615072,4390.173183700226,1730329820.8146417
-2983.3320359387444,4409.462739165156,1730329820.8184457
-2973.3184544227665,4384.473488864122,1730329820.8216703
-2862.0067670353374,4378.460869605645,1730329820.8256428
-2828.188577674458,4384.652302819765,1730329820.82947
-2939.053230172781,4377.365634127335,1730329820.8334746
-2970.6362450881297,4337.624232485799,1730329820.8376644
-2886.861906869639,4332.5727382389,1730329820.842661
-2858.206970477936,4358.009023429039,1730329820.846696
-2925.441017799499,4362.121744408816,1730329820.8494763
-2982.885001049638,4348.24131110207,1730329820.8536825
-2896.249639540868,4321.128645077783,1730329820.8575444
-2866.4994676708543,4351.303500092447,1730329820.8616648
-2950.542026822809,4427.008858562572,1730329820.8654635
-2998.3524082127105,4386.261628420547,1730329820.8707132
-2944.77527675334,4344.933252922685,1730329820.8744907
-2844.125371471092,4348.040145401972,1730329820.8776052
-2887.5548109477536,4352.1752181262045,1730329820.8818643
-2953.7830297688283,4337.66893597471,1730329820.885785
-2923.362305565156,4330.963412638118,1730329820.889751
-2843.0748394816924,4385.032282475506,1730329820.8938522
-2878.837630610184,4372.0235672025165,1730329820.8978384
-2992.4962511654203,4358.120782151315,1730329820.9028203
-2973.3184544227665,4335.724334207098,1730329820.9056022
-2893.545078461776,4375.711605037643,1730329820.9100077
-2876.4236422090107,4440.9339953582285,1730329820.9138083
-2984.181402228046,4408.322800197935,1730329820.917675
-2972.9384747670265,4336.931328407684,1730329820.921786
-2869.896932828061,4334.38322953978,1730329820.9256544
-2850.003880262838,4357.114953650827,1730329820.9307976
-2942.897730219094,4351.571721025911,1730329820.9337718
-2987.288294707333,4385.881648764807,1730329820.93802
-2878.278836998801,4311.048008328439,1730329820.941642
-2853.244883208857,4302.33082799087,1730329820.947925
-2917.550852006776,4357.159657139738,1730329820.9507124
-2989.5905243862303,4370.235427646092,1730329820.9539118
-2906.665552457041,4323.274412545492,1730329820.9576786
-2845.4888278828657,4322.402694511735,1730329820.9609225
-2885.9901888358822,4343.346279066358,1730329820.9657393
-2967.1046694641914,4346.386116312279,1730329820.9699728
-2912.253488570868,4319.295802032448,1730329820.9737072
-2840.839665036162,4335.970203396107,1730329820.9778993
-2892.114566816636,4414.4024746897785,1730329820.9819036
-2992.004512787403,4391.849564534374,1730329820.9857802
-2950.63143380063,4328.1694445812045,1730329820.9888673
-2844.4606476379213,4245.333879629837,1730329820.993986
-2870.992168306371,4303.336656491359,1730329820.998107
-2957.5604745817755,4276.447507911624,1730329821.0019302
-2964.668329318563,4279.554400390912,1730329821.0058813
-2874.5237439303096,4298.463976200102,1730329821.0100114
-2874.635502652586,4309.99747633904,1730329821.0130093
-2970.189210199024,4315.048970585939,1730329821.0170045
-2965.271826418856,4265.94218801763,1730329821.021013
-2856.128258243592,4223.250356107993,1730329821.0260117
-2840.1691127025024,4295.379435465269,1730329821.0300002
-2944.3505936086885,4331.969241138607,1730329821.034032
-2956.465239103465,4240.170626660661,1730329821.0380225
-2873.540267174276,4220.858719451275,1730329821.040875
-2852.194351219457,4276.626321867267,1730329821.0450425
-2921.5518142642754,4270.568999119878,1730329821.0488224
-2953.1571809240795,4237.913100470674,1730329821.0540571
-2911.024142625826,4220.612850262267,1730329821.0578277
-2859.9504065454494,4220.1658153731605,1730329821.062068
-2930.716029490952,4288.740967362042,1730329821.0658512
-2988.6741028635624,4272.491249143034,1730329821.0690656
-2933.465294058954,4233.8450829798085,1730329821.0729125
-2870.589836906176,4252.307623899892,1730329821.0770967
-2879.66464515503,4268.311472929892,1730329821.0819874
-2950.25145414489,4220.970478173552,1730329821.086079
-2921.8423869421945,4192.2261348040265,1730329821.090082
-2840.3255749136897,4181.497297465479,1730329821.093112
-2888.6053429371527,4275.195810222127,1730329821.0971107
-2969.92098926556,4309.0363513274615,1730329821.1010072
-2935.119323148647,4204.407835532169,1730329821.1050875
-2847.902816284038,4212.253297835982,1730329821.1091208
-2839.99029874686,4246.295004641414,1730329821.1141396
-2932.079485902725,4240.885882483231,1730329821.1181931
-2952.374869868144,4216.678943238133,1730329821.121192
-2878.859982354639,4184.984169600507,1730329821.124998
-2843.946557515449,4218.198861861094,1730329821.1291876
-2928.905538190072,4258.74492630302,1730329821.132991
-2976.313588179778,4243.948071473607,1730329821.1372297
-2881.542191689276,4203.156137842672,1730329821.1421914
-2839.096228968648,4223.049190407895,1730329821.146188
-2920.993020652893,4251.614719821778,1730329821.1489584
-2986.461280162487,4214.287306581415,1730329821.1531155
-2906.2632210568454,4235.007373691485,1730329821.1569812
-2826.534548584765,4193.5895912158,1730329821.1612203
-2891.645180183075,4212.901498425186,1730329821.1652153
-2994.3961494441214,4260.17543794816,1730329821.1702344
-2929.665497501552,4222.088065396317,1730329821.1740232
-2864.8007350922508,4187.308751023859,1730329821.177215
-2859.4586681674327,4224.3902950752135,1730329821.181102
-2948.5527215662864,4221.193995618105,1730329821.185068
-2945.803456998284,4197.523498239934,1730329821.1892345
-2850.89795004105,4197.277629050926,1730329821.1930668
-2872.5791421626977,4284.538839404445,1730329821.1981802
-2956.889922248116,4232.660440523678,1730329821.2011375
-2955.72763153644,4177.608093930256,1730329821.2050889
-2868.935807816483,4184.291265522393,1730329821.2092075
-2854.3401186871674,4222.177472374138,1730329821.2134788
-2947.949224465993,4253.402859378202,1730329821.2178638
-2965.1600676965795,4211.962725158063,1730329821.2214715
-2880.7151771444296,4155.591625641779,1730329821.2263887
-2847.5451883727537,4196.6294284617225,1730329821.229488
-2903.178680322013,4226.133731142728,1730329821.2321815
-2956.845218759205,4184.559486455856,1730329821.2373147
-2890.371130749122,4136.1679597101165,1730329821.2411294
-2841.2643481808127,4184.984169600507,1730329821.2452614
-2889.6111714376416,4240.595309805311,1730329821.2491148
-2958.2757304043453,4219.987001417519,1730329821.254302
-2895.6461424405747,4187.219344046038,1730329821.257171
-2824.478188094877,4188.627503946723,1730329821.260374
-2878.5023544433543,4210.353399557281,1730329821.2651725
-2966.143544452613,4172.467192705535,1730329821.269369
-2915.092160116692,4122.779264781388,1730329821.2733705
-2858.877522811594,4156.709212864544,1730329821.2772472
-2874.8813718415945,4194.885992394208,1730329821.2813578
-2965.852971774694,4192.159079570661,1730329821.2852805
-2949.044459944303,4143.476980147002,1730329821.2884047
-2857.156438488536,4129.462436373525,1730329821.2933865
-2861.2691594683124,4153.468209918525,1730329821.2974105
-2960.175628683046,4181.005559087463,1730329821.30143
-2965.4953438634093,4161.023099544418,1730329821.3053591
-2873.2049910074466,4139.945404523063,1730329821.3084722
-2849.6239006070973,4157.312709964837,1730329821.3125005
-2926.6703637445407,4183.263085277448,1730329821.3163388
-2960.9355879945265,4157.11154426474,1730329821.3206012
-2884.2914562572787,4111.826909998287,1730329821.3253083
-2823.5617665722093,4107.1106919182175,1730329821.329502
-2929.553738779276,4182.59253294379,1730329821.3334355
-2991.378663942655,4202.552640742379,1730329821.337874
-2915.695657216985,4141.53237837939,1730329821.3403375
-2844.728868571385,4151.970643040018,1730329821.3444695
-2893.2321540394014,4178.479811964013,1730329821.348524
-2950.3855646116217,4165.627558902212,1730329821.353584
-2904.653895456064,4132.7034393195445,1730329821.3574648
-2838.1127522126144,4132.144645708161,1730329821.3615642
-2877.2730084983123,4183.441899233091,1730329821.3646033
-2968.021090986859,4184.44772773358,1730329821.3685684
-2934.538177792809,4139.274852189405,1730329821.3725507
-2839.185635946469,4110.1058256752285,1730329821.376539
-2884.4926219573763,4170.232018260004,1730329821.3815105
-2950.1620471670685,4206.464196022057,1730329821.3855
-2937.555663294276,4120.275869402393,1730329821.3894937
-2846.092324983159,4092.716168489,1730329821.3925476
-2858.162266989025,4160.620768144223,1730329821.3965127
-2956.2864251478227,4190.840326647798,1730329821.400587
-2966.054137474792,4152.082401762295,1730329821.4045389
-2874.993130563871,4124.634459571178,1730329821.4095533
-2835.966984744905,4147.097962748761,1730329821.4134977
-2916.6791339730185,4172.869524105731,1730329821.4176197
-2968.0434427313144,4164.82289610182,1730329821.420549
-2896.4284534965104,4106.484843073469,1730329821.4244993
-2841.3314034141786,4139.051334744851,1730329821.4286325
-2918.2661078293454,4189.92390512513,1730329821.4324353
-2972.089108477725,4161.917169322631,1730329821.4376414
-2917.081465373214,4117.057218200829,1730329821.4415216
-2831.206063175925,4128.166035195117,1730329821.4445727
-2884.470270212921,4179.977378842518,1730329821.4484513
-2971.485611377432,4189.745091169488,1730329821.4525995
-2943.5906342972085,4158.497352420968,1730329821.4566925
-2865.046604281259,4179.530343953413,1730329821.460708
-2871.036871795281,4189.678035936122,1730329821.4649508
-2969.2951404208115,4183.061919577351,1730329821.4696896
-2939.187340639513,4129.685953818078,1730329821.4726555
-2844.192426704458,4130.3565061517365,1730329821.4766233
-2850.696784340952,4169.427355459614,1730329821.4806392
-2954.341823380211,4203.223193076038,1730329821.4846396
-2949.402087855588,4176.892838107686,1730329821.4886937
-2860.2409792233684,4153.6023203852565,1730329821.4927237
-2844.3265371711896,4196.584724972811,1730329821.4977715
-2935.566358037753,4217.461254294069,1730329821.5007243
-2969.16102995408,4180.849096876275,1730329821.5046582
-2875.4625171974326,4163.34768096777,1730329821.508762
-2834.4247143774887,4176.043471818384,1730329821.512734
-2925.217500354946,4218.154158372183,1730329821.5166962
-2954.475933846943,4170.0979077932725,1730329821.5206847
-2874.8143166082286,4145.890968548175,1730329821.525652
-2838.671545823997,4192.159079570661,1730329821.5287125
-2912.3205438042337,4234.470931824557,1730329821.5317383
-2988.8082133302946,4219.539966528412,1730329821.5367925
-2916.075636872725,4177.16105904115,1730329821.5406263
-2835.7881707892625,4163.437087945591,1730329821.544776
-2889.2982470152674,4195.265972049949,1730329821.5485992
-2966.009433985881,4190.97443711453,1730329821.5528047
-2930.5148637908537,4148.506122649446,1730329821.5557344
-2857.156438488536,4173.249503761471,1730329821.5607705
-2881.7657091338288,4224.16677763066,1730329821.564754
-2966.25530317489,4218.131806627727,1730329821.5687892
-2949.625605300141,4161.224265244516,1730329821.572794
-2849.5344936292763,4166.521628680423,1730329821.5768044
-2858.050508266748,4183.2407335329935,1730329821.5808756
-2960.3320908942333,4212.11918736925,1730329821.5838642
-2968.512829364876,4178.926846853119,1730329821.5878837
-2866.521819415309,4147.008555770941,1730329821.592863
-2848.394554662056,4186.30292252337,1730329821.596848
-2939.947299950993,4215.159024615172,1730329821.6008437
-2978.057024247292,4158.340890209781,1730329821.6048336
-2886.928962103005,4147.232073215494,1730329821.6089325
-2838.716249312908,4169.5838176708,1730329821.6119516
-2912.924040904527,4207.1347483557165,1730329821.615704
-2976.894733535616,4202.150309342183,1730329821.6199322
-2908.923078647027,4156.619805886723,1730329821.6249647
-2827.2051009184243,4174.277684006415,1730329821.628967
-2896.249639540868,4213.996733903496,1730329821.632831
-2971.530314866342,4198.037588362407,1730329821.6360228
-2902.2399070548904,4160.106678021751,1730329821.640054
-2836.056391722726,4142.985241768985,1730329821.6443288
-2877.1388980315805,4187.241695790493,1730329821.648934
-2967.3505386532,4188.895724880186,1730329821.6532078
-2936.3933725826,4162.632425145201,1730329821.6569946
-2828.188577674458,4154.7199076080215,1730329821.6611197
-2858.542246644765,4196.607076717267,1730329821.6641846
-2970.859762532683,4209.682847223621,1730329821.668594
-2961.427326372543,4190.840326647798,1730329821.672492
-2857.9834530333824,4155.882198319698,1730329821.675932
-2862.0067670353374,4157.893855320675,1730329821.6812656
-2942.696564518996,4214.868451937253,1730329821.685086
-2962.053175217292,4174.724718895522,1730329821.689387
-2863.437278680477,4123.852148515242,1730329821.691861
-2844.66181333802,4148.707288349544,1730329821.696044
-2936.281613860323,4188.515745224446,1730329821.6998844
-2966.210599685979,4182.771346899432,1730329821.7054489
-2886.0795958137032,4161.961872811541,1730329821.7089813
-2833.3965341325443,4172.087213049796,1730329821.7134995
-2909.3254100472227,4203.670227965144,1730329821.7158828
-2975.106593979191,4174.076518306318,1730329821.7200756
-2930.671326002041,4151.478904662002,1730329821.7239656
-2840.794961547251,4147.567349382323,1730329821.728193
-2894.57325870672,4188.44868999108,1730329821.7319305
-2970.7480038104063,4191.332065025815,1730329821.73729
-2927.3856195671106,4185.610018445256,1730329821.7409155
-2852.999014019849,4188.962780113552,1730329821.744234
-2871.6403688955747,4181.810221887854,1730329821.748237
-2968.177553198046,4168.622692659223,1730329821.7521412
-2955.079430947236,4171.081384549307,1730329821.756168
-2832.860092265617,4149.400192427658,1730329821.760344
-2853.2001797199464,4186.191163801094,1730329821.7642365
-2963.237817673424,4218.2882688389145,1730329821.769517
-2943.9259104640378,4184.425375989124,1730329821.7724876
-2834.2682521663014,4161.336023966793,1730329821.7760167
-2850.629729107586,4177.697500908077,1730329821.780545
-2936.840407471705,4211.158062357672,1730329821.784259
-2959.01333797137,4164.82289610182,1730329821.78835
-2871.9532933179494,4154.764611096932,1730329821.793528
-2834.156493444025,4209.056998378873,1730329821.796049
-2927.899709689583,4208.11822511175,1730329821.7990377
-2973.0278817448475,4177.496335207979,1730329821.8043163
-2900.9658576209376,4162.811239100843,1730329821.8080397
-2831.5860428316646,4163.750012367966,1730329821.8123133
-2904.5644884782423,4201.435053519614,1730329821.8160267
-2967.328186908745,4190.25918129196,1730329821.8203588
-2923.988154409904,4150.182503483594,1730329821.8241148
-2847.701650583941,4149.467247661024,1730329821.82752
-2878.7929271212734,4175.775250884921,1730329821.8320649
-2961.7402507949178,4209.9510681570855,1730329821.83642
-2929.821959712739,4159.905512321653,1730329821.8402064
-2834.2235486773907,4135.117427720717,1730329821.8444557
-2858.475191411399,4169.650872904167,1730329821.8482783
-2947.6810035325293,4183.866582377742,1730329821.85238
-2947.502189576887,4149.48959940548,1730329821.855283
-2843.410115648522,4126.869634016709,1730329821.8603263
-2856.865865810617,4167.326291480815,1730329821.8642485
-2952.643090801608,4177.049300318873,1730329821.8688593
-2963.3942798846106,4146.069782503818,1730329821.8727653
-2864.778383347796,4134.558634109335,1730329821.876454
-2850.249749451846,4181.586704443301,1730329821.8801537
-2940.908424962572,4188.471041735535,1730329821.8831975
-2968.512829364876,4148.416715671625,1730329821.8874133
-2887.9794940924044,4138.559596366835,1730329821.8922725
-2827.0709904516925,4172.020157816429,1730329821.8964882
-2908.5878024801973,4187.107585323762,1730329821.900426
-2965.4282886300434,4189.767442913943,1730329821.9045544
-2883.0621103122367,4162.744183867477,1730329821.908347
-2820.2313566483685,4169.784983370899,1730329821.9115305
-2886.5936859361755,4187.845192890786,1730329821.915208
-2967.529352608842,4173.987111328496,1730329821.9206176
-2920.3001165747783,4159.123201265717,1730329821.924208
-2833.731810299374,4152.194160484572,1730329821.9288745
-2871.506258428843,4179.284474764404,1730329821.9315803
-2959.2368554159234,4202.105605853272,1730329821.9353046
-2926.7821224668173,4148.10379124925,1730329821.9394667
-2842.828970292684,4108.720017518999,1730329821.943584
-2861.6491391240525,4161.827762344809,1730329821.9484773
-2943.076544174736,4194.885992394208,1730329821.952482
-2942.853026730183,4137.173788210605,1730329821.9566903
-2866.3653572041226,4133.8210265423095,1730329821.9593973
-2847.344022672656,4177.3175212523365,1730329821.9635272
-2937.3992010830884,4182.212553288049,1730329821.9675393
-2954.5206373358533,4148.282605204893,1730329821.9715571
-2863.034947280282,4129.730657306988,1730329821.975459
-2845.84645579415,4197.434091262114,1730329821.9804864
-2942.160122652069,4189.901553380675,1730329821.984625
-2974.8160213012725,4138.492541133469,1730329821.9875488
-2881.3857294780887,4111.111654175717,1730329821.991338
-2849.80271456274,4147.3214801933145,1730329821.9955149
-2927.3856195671106,4187.129937068216,1730329821.9994895
-2979.308721936789,4148.43906741608,1730329822.0035925
-2905.1009303451697,4113.995029210452,1730329822.008496
-2815.6939525239413,4128.881291017687,1730329822.012928
-2893.366264506133,4158.050317531863,1730329822.0153587
-2964.82479152975,4162.431259445102,1730329822.0200148
-2906.598497223675,4124.142721193161,1730329822.0233948
-2831.787208531762,4114.017380954907,1730329822.0276327
-2874.635502652586,4150.6295383727,1730329822.031629
-2957.046384459303,4152.06005001784,1730329822.0366323
-2917.081465373214,4125.86380551622,1730329822.0396073
-2850.249749451846,4119.717075791011,1730329822.0436523
-2845.08649648267,4111.268116386905,1730329822.0476525
-2959.661538560574,4132.837549786276,1730329822.0515532
-2968.870457276161,4108.742369263455,1730329822.0555558
-2862.5879123911755,4090.9503806770304,1730329822.059614
-2838.4927318683544,4108.317686118804,1730329822.064484
-2929.285517845812,4118.443026357058,1730329822.0676048
-2967.8422770312163,4095.8230609682873,1730329822.0716567
-2877.340063731678,4089.184592865061,1730329822.07562
-2839.342098157656,4110.150529164139,1730329822.079651
-2922.378828809122,4150.58483488379,1730329822.083491
-2983.153221983102,4119.895889746653,1730329822.0877454
-2904.475081500421,4084.937761418553,1730329822.092765
-2832.770685287796,4099.086415658762,1730329822.0956852
-2906.1067588456585,4159.279663476904,1730329822.0984826
-2971.0609282327805,4117.884232745675,1730329822.1037743
-2902.753997177362,4074.365386291192,1730329822.1075132
-2832.480112609877,4094.884287701164,1730329822.111725
-2892.1816220500023,4118.219508912505,1730329822.1155324
-2968.6916433205183,4066.654034454112,1730329822.120787
-2904.653895456064,4028.32079271326,1730329822.1235366
-2840.996127247349,4075.8406014252414,1730329822.126698
-2866.7676886043178,4116.140796678162,1730329822.131668
-2962.835486273228,4117.459549601024,1730329822.1356535
-2949.938529722516,4044.682269654545,1730329822.1396337
-2849.825066307196,4041.66478415308,1730329822.1437707
-2863.929017058494,4106.797767495843,1730329822.148543
-2948.284500632823,4128.43425612858,1730329822.1519291
-2933.2417766144013,4056.931025616053,1730329822.154786
-2839.431505135477,4048.929101101053,1730329822.1603673
-2848.3274994286894,4085.630665496668,1730329822.1642213
-2942.4283435855323,4132.457570130536,1730329822.1678698
-2972.2232189444567,4088.849316698232,1730329822.1720624
-2875.3284067307004,4028.879586324643,1730329822.1758218
-2829.216757919402,4061.624891951668,1730329822.1789122
-2911.359418792656,4105.9931046954525,1730329822.1825929
-2958.141619937613,4054.6958511705225,1730329822.1878412
-2907.045532112781,4038.915519585076,1730329822.191726
-2840.1691127025024,4033.282879982338,1730329822.19569
-2877.541229431776,4039.8542928521983,1730329822.1996748
-2960.980291483437,4044.7269731434553,1730329822.203212
-2928.905538190072,4024.275126966849,1730329822.2067332
-2832.904795754528,4001.7445685559,1730329822.2110498
-2856.6199966216086,4041.9553568309975,1730329822.2157004
-2952.3525181236887,4028.0078682908857,1730329822.220244
-2945.5575878092754,4019.6930193535113,1730329822.2237592
-2851.568502374709,4010.953487271487,1730329822.2283127
-2881.832764367195,4054.025298836864,1730329822.231231
-2951.860779745672,4048.280900511849,1730329822.2354555
-2932.8170934697505,3974.341329853693,1730329822.2394097
-2855.502409398843,3954.7835534553,1730329822.2429607
-2835.2070254334244,4005.522013368847,1730329822.2480648
-2939.924948206538,4029.214862491473,1730329822.2523272
-2976.8500300467053,3998.4141586320593,1730329822.2558029
-2894.595610451175,3964.730079737912,1730329822.2590003
-2865.918322315016,3995.955466741975,1730329822.2633784
-2936.482779560421,4030.891243325621,1730329822.266959
-2952.307814634778,3985.114870681152,1730329822.271377
-2874.054357296748,3963.54543728178,1730329822.2749696
-2834.2235486773907,3997.900068509587,1730329822.280066
-2897.255468041357,4039.161388774084,1730329822.282846
-2960.399146127599,4025.9515078009977,1730329822.2870705
-2894.0368168397927,3951.743716209378,1730329822.2908273
-2819.8513769926285,3957.845742445677,1730329822.2950552
-2881.1175085446253,3971.413251330048,1730329822.2988365
-2959.415669371566,3991.55217308428,1730329822.3033168
-2903.089273344192,3966.026480916319,1730329822.3079476
-2846.740525572363,3954.001242399364,1730329822.3115475
-2881.85511611165,3994.480251607925,1730329822.3149912
-2956.152314681091,4008.852423292688,1730329822.319101
-2935.432247571021,3946.848684173666,1730329822.3231416
-2838.4703801239,3945.395820784071,1730329822.3275304
-2845.622938349597,3961.779649469811,1730329822.331132
-2951.01141345637,3973.8272397312217,1730329822.3358643
-2965.3612333966776,3962.07022214773,1730329822.3394108
-2860.1739239900025,3949.709707463945,1730329822.3432713
-2840.929072013983,3950.0226318863192,1730329822.3476188
-2934.381715581622,3970.40742282956,1730329822.3510828
-2970.792707299317,3979.459879333959,1730329822.3551564
-2880.1787352775023,3926.218024041417,1730329822.35912
-2847.634595350575,3980.465707834448,1730329822.3639672
-2921.4624072864544,3991.641580062101,1730329822.3671007
-2966.0764892192474,3926.285079274783,1730329822.3711178
-2884.224401023913,3925.6592304300334,1730329822.3751004
-2839.364449902112,3955.051774388764,1730329822.3791025
-2910.308886803256,3996.335446397716,1730329822.38289
-2968.848105531705,3962.137277381096,1730329822.3880632
-2923.183491609513,3934.041134600775,1730329822.3910136
-2840.549092358243,3914.4386547134704,1730329822.3940873
-2884.716139401929,3949.553245252758,1730329822.398973
-2950.184398911524,3973.447260075481,1730329822.4031065
-2928.3690963231443,3942.668907960524,1730329822.4069915
-2838.4703801239,3920.4959774608574,1730329822.4114594
-2872.109755529136,3969.491001306892,1730329822.416052
-2948.5527215662864,3979.7504520118778,1730329822.4194007
-2929.7772562238288,3944.2782335613056,1730329822.422203
-2843.566577859709,3921.390047239071,1730329822.4276602
-2849.9368250294715,3961.198504113973,1730329822.4314766
-2947.2339686434234,3988.8252602607326,1730329822.4355946
-2950.4749715894427,3945.328765550705,1730329822.4395387
-2870.500429928354,3915.645648914057,1730329822.4435024
-2854.965967531916,3928.967288609421,1730329822.447545
-2930.000773668381,3971.5920652856894,1730329822.4501083
-2950.8773029896383,3963.388975070593,1730329822.4543188
-2884.76084289084,3930.6213176991128,1730329822.4598024
-2832.5471678432427,3961.9361116809982,1730329822.4635017
-2923.205843353968,3984.511373580858,1730329822.467249
-2982.437966160532,3956.839913945188,1730329822.4714932
-2899.4235872535214,3923.848739129154,1730329822.4751434
-2826.802769518229,3956.839913945188,1730329822.47841
-2887.3312935032004,3995.307266152772,1730329822.4821508
-2955.325300136245,3948.748582452367,1730329822.4875271
-2911.918212404038,3903.016913296809,1730329822.4910817
-2825.2381474063573,3925.1451403075625,1730329822.495243
-2884.023235323815,3999.777615043833,1730329822.4991524
-2968.3340154092334,3962.539608781292,1730329822.5035405
-2917.059113628759,3888.778852078778,1730329822.506245
-2840.482037124877,3899.194764994951,1730329822.5104687
-2873.3391014741783,3948.078030118708,1730329822.5151496
-2967.663463075574,3960.483248291403,1730329822.5195196
-2948.284500632823,3937.572710224713,1730329822.5232973
-2855.480057654388,3918.01493382632,1730329822.527481
-2853.624862864597,3934.823445656711,1730329822.5313492
-2938.606195283675,3967.8593239616544,1730329822.5346107
-2963.483686862432,3934.331707278694,1730329822.5387754
-2872.780307862796,3920.361866994127,1730329822.5435257
-2833.687106810464,3932.007125855342,1730329822.5476336
-2912.0076193818595,3953.1518761100624,1730329822.551665
-2942.338936607712,3918.7748931378,1730329822.5544348
-2871.5509619177537,3917.836119870677,1730329822.5581656
-2834.7823422887736,3923.73698040688,1730329822.5624285
-2903.871584400128,3952.63778598759,1730329822.5662105
-2950.8102477562725,3922.418227484015,1730329822.5714393
-2875.216648008424,3885.716663088401,1730329822.5753782
-2848.059278495226,3922.798207139756,1730329822.5797222
-2901.837575654695,3954.045945888274,1730329822.582252
-2965.0036054853927,3944.457047516948,1730329822.5865805
-2923.250546842879,3911.644686656557,1730329822.5903022
-2841.0631824807147,3905.319142975705,1730329822.5946329
-2886.19135453598,3916.316201247717,1730329822.5982597
-2960.175628683046,3924.0499048292527,1730329822.603692
-2925.1057416326694,3912.851680857144,1730329822.6073008
-2834.759990544318,3910.549451178247,1730329822.6105754
-2855.0777262541924,3929.4143234985263,1730329822.6145184
-2952.866608246161,3945.485227761892,1730329822.6185088
-2935.700468504485,3902.4134161965153,1730329822.62292
-2860.732717601385,3889.739977090356,1730329822.6266248
-2863.1914094914687,3938.01974511382,1730329822.6315725
-2934.784046981817,3929.63784094308,1730329822.6347215
-2966.344710152711,3906.928468576488,1730329822.6375422
-2868.980511305393,3896.5125556603134,1730329822.642694
-2831.675449809486,3913.611640168624,1730329822.6468675
-2913.2593170713567,3927.559128708736,1730329822.6506505
-2960.689718805518,3919.780721638289,1730329822.654578
-2885.833726624695,3895.8867068155655,1730329822.6599984
-2841.2643481808127,3909.3424569776607,1730329822.6629522
-2916.3662095506443,3951.1402191090847,1730329822.66543
-2961.0026432278923,3931.291870032772,1730329822.6705928
-2906.2632210568454,3874.361976905105,1730329822.674354
-2834.603528333131,3893.4727184143926,1730329822.6787512
-2865.694804870463,3952.59308249868,1730329822.6824567
-2956.800515270295,3934.555224723247,1730329822.6877043
-2918.824901440728,3903.843927841655,1730329822.690395
-2841.554920858732,3916.785587881278,1730329822.6936798
-2869.3828427055887,3955.565864511236,1730329822.6984372
-2949.804419255784,3949.508541763848,1730329822.7029457
-2930.783084724317,3888.264761956306,1730329822.7066977
-2834.447066121944,3895.663189371013,1730329822.7108035
-2866.8794473265943,3950.7602394533446,1730329822.7154438
-2950.4749715894427,3936.365716024127,1730329822.718712
-2941.936605207516,3900.290000473261,1730329822.7217455
-2846.539359872265,3884.420261909993,1730329822.7272162
-2844.058316237726,3928.073218831208,1730329822.731007
-2932.4818173029207,3967.054661161264,1730329822.734508
-2950.3632128671666,3928.453198486948,1730329822.739045
-2867.058261282237,3882.676825842479,1730329822.743762
-2836.972813245394,3892.9139248030096,1730329822.74702
-2920.076599130225,3950.3132045642383,1730329822.7495818
-2966.1211927081577,3922.06059957273,1730329822.7548602
-2894.282686028801,3860.749764531823,1730329822.7585304
-2841.443162136455,3922.2841170172833,1730329822.7628777
-2898.19424130848,3981.136260168106,1730329822.7666318
-2968.646939831608,3926.7321141638895,1730329822.7701137
-2912.633468226608,3884.800241565733,1730329822.7736151
-2836.5257783562874,3903.598058652647,1730329822.7777152
-2885.409043480044,3936.566881724225,1730329822.7825272
-2958.499247848898,3933.012954355831,1730329822.7871475
-2923.7646369653507,3917.67965765949,1730329822.7905688
-2845.622938349597,3918.4396169709694,1730329822.7947955
-2873.786136363284,3943.808846927744,1730329822.7980745
-2945.8928639761048,3928.184977553484,1730329822.802153
-2944.216483141957,3890.790509079756,1730329822.8057623
-2856.0164995213154,3900.781738851278,1730329822.8099256
-2848.5510168732426,3943.339460294183,1730329822.814229
-2937.801532483284,3977.5599810552576,1730329822.8188744
-2951.570207067753,3934.7787421678,1730329822.8230011
-2860.3303862011894,3908.5601459217246,1730329822.8257473
-2828.635612563564,3943.2724050608167,1730329822.830192
-2914.6898287164963,3969.066318162241,1730329822.8337772
-2955.951148980993,3927.6261839421018,1730329822.8382125
-2872.3332729736894,3904.112148775119,1730329822.8432765
-2832.390705632056,3927.648535686557,1730329822.8473947
-2900.9435058764825,3965.043004160286,1730329822.8509731
-2974.8830765346383,3941.081934104197,1730329822.8541176
-2891.756938905351,3883.928523531976,1730329822.857675
-2819.560804314709,3910.817672111711,1730329822.862272
-2879.1058515436475,3955.498809277869,1730329822.865661
-2971.73148056644,3962.941940181487,1730329822.871262
-2926.6256602556305,3909.074236044197,1730329822.8747609
-2827.763894529807,3920.160701294029,1730329822.8779595
-2877.496525942865,3961.3773180696153,1730329822.8817496
-2958.2980821488004,3949.262672574839,1730329822.885678
-2928.7490759788843,3913.29871574625,1730329822.8898938
-2835.005859733327,3900.647628384546,1730329822.8939643
-2864.2419414808683,3947.072201618219,1730329822.8988097
-2968.222256686957,3986.880658493121,1730329822.9031172
-2949.3573843666777,3911.801148867744,1730329822.9057894
-2862.4985054133545,3873.3337966601607,1730329822.9101872
-2843.61128134862,3909.945954077954,1730329822.9139712
-2931.8336167137168,3947.273367318317,1730329822.9181125
-2953.8053815132835,3950.290852819783,1730329822.9222655
-2861.2915112127675,3941.707782948946,1730329822.9269822
-2832.971850987893,3931.984774110887,1730329822.931323
-2905.7714826788288,3951.810771442744,1730329822.934199
-2954.766506524862,3925.100436818652,1730329822.9383268
-2860.777421090296,3897.004294038331,1730329822.9431512
-2822.868862494095,3938.243262558373,1730329822.9460075
-2888.113604559136,3978.923437467032,1730329822.9489646
-2967.685814820029,3956.236416844895,1730329822.9544432
-2912.3875990376,3908.113111032618,1730329822.9578545
-2832.904795754528,3899.686503372968,1730329822.962488
-2871.3050927287454,3964.663024504546,1730329822.9659157
-2952.576035568242,3953.643614488079,1730329822.9714625
-2920.9036136750715,3879.838154296656,1730329822.973843
-2855.122429743103,3895.8643550711104,1730329822.9781172
-2874.9484270749604,3983.058510191264,1730329822.9818892
-2942.58480579672,3961.153800625063,1730329822.9860764
-2937.019221427348,3909.3424569776607,1730329822.9898703
-2853.669566353508,3902.815747596711,1730329822.9940984
-2854.027194264793,3957.5998732566686,1730329822.9990337
-2938.58384353922,3944.166474839029,1730329823.002107
-2941.847198229694,3898.524212661292,1730329823.0048904
-2858.341080944668,3908.671904644001,1730329823.0100937
-2834.357659144123,3930.174282810007,1730329823.0140889
-2928.324392834233,3961.153800625063,1730329823.018093
-2950.340861122711,3929.235509542884,1730329823.0221944
-2874.6131509081306,3892.332779447172,1730329823.0275683
-2851.255577952335,3927.4473699864593,1730329823.0305088
-2909.370113536133,3988.020597460341,1730329823.0330467
-2958.096916448703,3937.259785802339,1730329823.0381055
-2886.459575469444,3884.755538076823,1730329823.0422244
-2843.6559848375305,3920.58538443868,1730329823.0460424
-2911.225308325924,3952.011937142842,1730329823.050132
-2967.216428186468,3941.484265504392,1730329823.0541267
-2912.0076193818595,3906.637895898568,1730329823.0569377
-2832.725981798885,3915.958573336432,1730329823.061468
-2877.317711987223,3974.654254276068,1730329823.066033
-2952.7324977794287,3966.898198950076,1730329823.070407
-2910.778273436817,3920.96536409442,1730329823.0740545
-2825.2381474063573,3923.3122972622273,1730329823.0784254
-2855.547112887754,3950.581425497702,1730329823.0812137
-2943.858855230672,3958.918626179532,1730329823.0851617
-2932.504169047376,3930.3307450211937,1730329823.089548
-2843.454819137433,3929.4143234985263,1730329823.093528
-2861.8950083130608,3957.488114534392,1730329823.098024
-2942.853026730183,3977.671739777534,1730329823.1024096
-2945.669346531552,3937.1703788245177,1730329823.1061978
-2864.398403692056,3923.044076328764,1730329823.1096346
-2839.833836535673,3951.028460386808,1730329823.1132634
-2929.754904479373,3968.798097228778,1730329823.1172256
-2947.5915965547083,3930.509558976836,1730329823.1212072
-2870.925113073005,3939.025573614309,1730329823.1262083
-2824.277022394779,3943.49592250537,1730329823.1302829
-2901.0105611098484,3953.3083383212497,1730329823.134226
-2981.141564982124,3926.285079274783,1730329823.1372802
-2890.281723771301,3887.3706921780936,1730329823.1410637
-2822.1312549270697,3920.160701294029,1730329823.145351
-2888.851212126161,3971.815582730244,1730329823.1491537
-2971.083279977236,3982.119736924141,1730329823.15457
-2916.500320017376,3924.92162286301,1730329823.1582043
-2836.32461265619,3920.2724600163056,1730329823.1625063
-2879.0387963102817,3966.4958675498806,1730329823.1651237
-2959.9744629829484,3966.764088483345,1730329823.1697452
-2923.854043943172,3919.2442797713616,1730329823.1732204
-2834.581176588676,3937.30448929125,1730329823.1774652
-2866.521819415309,3957.443411045481,1730329823.182126
-2940.6849075180185,3954.470629032925,1730329823.1862783
-2933.889977203605,3930.464855487926,1730329823.1895316
-2847.187560461469,3916.785587881278,1730329823.1934185
-2840.6832028249746,3949.106210363652,1730329823.1977465
-2920.1660061080465,3973.111983908652,1730329823.2015176
-2948.753887266384,3954.001242399364,1730329823.205304
-2862.9008368135496,3915.2433175138617,1730329823.2096632
-2841.3761069030893,3934.2199485564174,1730329823.2144372
-2906.889069901594,3963.1431058815847,1730329823.217506
-2934.1805498815243,3952.369565054127,1730329823.221517
-2885.3643399911334,3916.7632361368223,1730329823.2253957
-2844.3041854267344,3936.879806146599,1730329823.2295096
-2901.994037865882,3967.278178605816,1730329823.2334847
-2953.268939646356,3965.333576838205,1730329823.2378595
-2898.328351775212,3903.419244697004,1730329823.242947
-2838.135103957069,3924.6310501850894,1730329823.2454224
-2887.8453836256726,3948.502713263359,1730329823.2492445
-2969.250436931901,3956.9516726674647,1730329823.253546
-2921.730628219918,3926.128617063596,1730329823.257289
-2834.9164527555054,3902.5028231743368,1730329823.261881
-2854.6977465984523,3945.395820784071,1730329823.2652824
-2972.133811966635,3976.040062432297,1730329823.2703147
-2954.6770995470406,3932.074181088708,1730329823.273406
-2829.440275363955,3883.2803229427727,1730329823.2779336
-2839.27504292429,3933.2588235448393,1730329823.2814248
-2932.079485902725,3975.995358943386,1730329823.2854884
-2937.242738871901,3918.797244882256,1730329823.2895968
-2862.677319368997,3878.094718229141,1730329823.293635
-2841.733734814374,3926.039210085775,1730329823.2983298
-2928.413799812055,3951.229626086906,1730329823.3015337
-2940.7519627513843,3904.894459831055,1730329823.3054576
-2859.436316422977,3881.089851986153,1730329823.3094592
-2835.899929511539,3929.079047331697,1730329823.3134532
-2925.016334654848,3973.201390886473,1730329823.3175018
-2964.4448118740097,3940.7913614262775,1730329823.3216112
-2879.1058515436475,3914.930393091488,1730329823.3264744
-2828.0768189521814,3925.770989152312,1730329823.3295755
-2892.4498429834657,3952.838951687688,1730329823.3323689
-2950.452619844988,3934.175245067506,1730329823.337966
-2906.374979779122,3901.25112548484,1730329823.341683
-2817.6162025470976,3906.995523809853,1730329823.3455868
-2857.5811216331867,3943.808846927744,1730329823.3494391
-2967.4622973754763,3942.311280049239,1730329823.3538928
-2941.757791251873,3886.878953800077,1730329823.3565023
-2846.069973238704,3903.374541208093,1730329823.3609784
-2851.099115741148,3949.955576652954,1730329823.365446
-2943.769448252851,3943.2724050608167,1730329823.3696284
-2936.885110960616,3885.515497388303,1730329823.373444
-2832.1671881875027,3870.7186425588898,1730329823.3775826
-2827.115693940604,3915.3774279805934,1730329823.3805945
-2929.665497501552,3912.851680857144,1730329823.384588
-2962.410803128577,3862.537904088248,1730329823.388598
-2880.692825399974,3862.649662810524,1730329823.3944993
-2837.375144645589,3870.517476858792,1730329823.3976152
-2924.882224188116,3889.3823491790713,1730329823.4016163
-2955.3476518807,3892.95862829192,1730329823.405593
-2873.80848810774,3853.61955805058,1730329823.409595
-2825.886347995561,3883.414433409505,1730329823.4126136
-2886.0795958137032,3918.819596626711,1730329823.417208
-2946.339898865211,3885.537849132759,1730329823.4210114
-2883.173869034513,3849.328023115161,1730329823.4256873
-2824.1429119280474,3882.140383975552,1730329823.4300816
-2865.560694403732,3893.2044974809287,1730329823.4326167
-2950.407916356077,3870.4504216254254,1730329823.4367895
-2915.1368636056022,3832.228938606851,1730329823.440604
-2841.286699925268,3858.38047961956,1730329823.4449918
-2873.9873020633822,3915.0645035582193,1730329823.4485798
-2952.374869868144,3879.614636852102,1730329823.4541562
-2923.451712542977,3823.668220480469,1730329823.4575408
-2836.1010952116367,3821.053066379198,1730329823.4606352
-2844.728868571385,3855.4076976070046,1730329823.4647117
-2932.794741725295,3869.1540204470175,1730329823.4688268
-2930.58191902422,3850.9373487159432,1730329823.47282
-2850.5626738742203,3839.649717766013,1730329823.4773264
-2849.9368250294715,3833.5923950186248,1730329823.4816823
-2942.4283435855323,3839.2250346213614,1730329823.485804
-2948.1056866771805,3821.120121612564,1730329823.4888823
-2842.5607493592206,3796.4884992228153,1730329823.4932115
-2832.793037032251,3833.4135810629823,1730329823.4972875
-2910.174776336524,3866.024776223276,1730329823.5008788
-2952.0395937013145,3831.111351384086,1730329823.5048869
-2898.931848875505,3807.306743539184,1730329823.5101204
-2838.403324890533,3826.596299004114,1730329823.5138288
-2897.0766540857144,3854.133648173052,1730329823.5169077
-2957.15814318158,3854.871255740077,1730329823.521171
-2902.95516287746,3796.1308713115295,1730329823.524669
-2834.8046940332288,3817.297973310706,1730329823.5289986
-2869.3381392166784,3833.637098507536,1730329823.5326571
-2949.871474489149,3828.987935660832,1730329823.5382628
-2925.016334654848,3808.312572039672,1730329823.5407407
-2846.9863947613712,3781.110499037564,1730329823.5442176
-2869.114621772125,3826.864519937578,1730329823.5487473
-2952.4195733570546,3843.225996878862,1730329823.5531616
-2924.926927677027,3805.3397900271166,1730329823.5567324
-2842.6501563370416,3777.9141995804553,1730329823.5609045
-2848.930996528983,3835.9169764419767,1730329823.5656824
-2921.060075886259,3827.0880373821306,1730329823.5691493
-2911.6946949594853,3791.839336376112,1730329823.572054
-2838.8056562907286,3782.563362427159,1730329823.5773244
-2854.8095053207285,3839.560310788192,1730329823.5812173
-2937.287442360812,3857.5087615858033,1730329823.585356
-2944.9093872200715,3794.745063155301,1730329823.5890546
-2855.345947187656,3768.526466909226,1730329823.5943136
-2824.5005398393323,3831.42427580646,1730329823.5971768
-2909.4818722584096,3845.975261446865,1730329823.600062
-2951.3243378787447,3801.495289980804,1730329823.6049771
-2876.781270120296,3765.5536848966703,1730329823.6095576
-2825.349906128634,3809.117234840064,1730329823.6133533
-2888.2924185147785,3828.8538251941,1730329823.6171856
-2945.043497686803,3823.42235129146,1730329823.6213334
-2885.4313952245,3774.69554837889,1730329823.6250846
-2832.502464354332,3797.762548656768,1730329823.62817
-2883.956180090449,3834.5088165412926,1730329823.632957
-2955.861742003172,3830.910185683988,1730329823.6371992
-2931.788913224806,3786.966656084855,1730329823.6408565
-2825.5287200842763,3777.9365513249104,1730329823.645203
-2870.90276132855,3827.289203082228,1730329823.648929
-2962.075526961747,3862.157924432508,1730329823.6533554
-2931.475988802432,3812.4029412749937,1730329823.6560626
-2832.055429465226,3774.516734423248,1730329823.660126
-2848.349851173145,3828.0491623937087,1730329823.664971
-2940.6178522846526,3859.319252886683,1730329823.6695428
-2948.910349477572,3806.524432483248,1730329823.672982
-2845.511179627321,3776.818964102145,1730329823.676025
-2835.318784155701,3831.7372002288334,1730329823.6804304
-2919.4507502854767,3861.800296521223,1730329823.6845007
-2950.564378567264,3816.113330854575,1730329823.6882043
-2865.493639170365,3773.667368133946,1730329823.6931195
-2812.363542600101,3784.977350828332,1730329823.6976535
-2897.1660610635354,3842.130761400552,1730329823.701475
-2969.116326465169,3836.945156686921,1730329823.7041688
-2885.0737673132144,3794.387435244016,1730329823.7080593
-2793.990408657838,3810.391284274016,1730329823.7125056
-2852.015537263815,3845.818799235678,1730329823.7159414
-2939.7461342508955,3826.685705981935,1730329823.7211533
-2911.9405641484936,3804.490423737815,1730329823.725153
-2835.698763811441,3813.6099354755806,1730329823.7294855
-2875.887200342084,3850.020927193276,1730329823.732028
-2947.5468930657976,3859.162790675496,1730329823.7360497
-2916.120340361636,3824.584642003136,1730329823.7400491
-2845.064144738215,3824.651697236502,1730329823.7442412
-2868.0864415271813,3859.05103195322,1730329823.7490208
-2936.1027999046805,3864.817782022689,1730329823.7534096
-2916.0309333838145,3825.411656547983,1730329823.7571456
-2838.1798074459803,3788.821850874645,1730329823.760317
-2847.8581127951284,3864.9965959783312,1730329823.7645416
-2925.4857212884094,3883.906171787521,1730329823.768376
-2937.15333189408,3834.911147941488,1730329823.772256
-2865.404232192544,3835.08996189713,1730329823.7762043
-2827.361563129612,3851.809066749701,1730329823.7812457
-2916.05328512827,3874.943122260943,1730329823.7844665
-2957.2922536483115,3857.62052030808,1730329823.7885108
-2876.915380587028,3842.510741056292,1730329823.7928302
-2825.908699740017,3874.920770516488,1730329823.7961829
-2908.4536920134656,3886.9683607778975,1730329823.8002193
-2958.834524015728,3880.2404856968506,1730329823.804271
-2894.4614999844434,3855.1841801624514,1730329823.8092148
-2832.480112609877,3842.778961989756,1730329823.8122284
-2883.956180090449,3882.877991542577,1730329823.81636
-2965.1600676965795,3889.5611631347138,1730329823.820217
-2909.6159827251417,3834.084133396642,1730329823.824087
-2816.5656705576985,3833.905319441,1730329823.8283634
-2859.5257234007986,3889.896439301544,1730329823.8320904
-2932.079485902725,3913.7904541242665,1730329823.8377109
-2926.4021428110773,3846.2211306358736,1730329823.8401115
-2827.7191910408965,3846.265834124784,1730329823.8443987
-2839.0515254797374,3910.147119778052,1730329823.8482084
-2939.544968550798,3909.63302965558,1730329823.852801
-2936.594538282697,3856.1453051740295,1730329823.8562207
-2833.754162043829,3826.6410024930246,1730329823.8603516
-2819.2702316367904,3884.755538076823,1730329823.865208
-2905.704427445463,3880.620465352591,1730329823.8685408
-2955.7052797919846,3864.2589884113054,1730329823.8715675
-2865.001900792349,3848.456305081404,1730329823.8763745
-2825.3275543841787,3875.881895528066,1730329823.8804374
-2896.227287796413,3900.6699801290015,1730329823.8845212
-2956.085259447725,3894.903230059532,1730329823.8884418
-2887.219534780924,3832.407752562493,1730329823.8934853
-2828.210929418913,3844.030659679253,1730329823.8962634
-2893.0756918282145,3899.8206138397,1730329823.8993125
-2956.8675705036608,3895.640837626557,1730329823.9044638
-2897.590744208186,3839.917938699477,1730329823.908426
-2831.161359687014,3854.133648173052,1730329823.9128723
-2866.0747845262035,3901.072311529197,1730329823.9164128
-2949.7820675113285,3905.095625531152,1730329823.9198945
-2914.153386849569,3866.538866345748,1730329823.923314
-2831.384877131567,3851.026755693764,1730329823.9278817
-2860.129220501092,3919.288983260272,1730329823.9322617
-2936.840407471705,3919.11016930463,1730329823.936432
-2925.53042477732,3855.631215051558,1730329823.940261
-2827.6968392964413,3838.979165432354,1730329823.9444296
-2855.5247611432983,3875.926599016977,1730329823.948328
-2944.372945353144,3909.3424569776607,1730329823.9515374
-2943.098895919192,3889.851735812633,1730329823.9556124
-2847.2546156948347,3851.071459182675,1730329823.9608052
-2815.1128071681032,3876.4406891394488,1730329823.9644904
-2908.923078647027,3916.4056082255374,1730329823.96862
-2939.0308784283257,3908.716608132912,1730329823.9725893
-2858.5198949003097,3878.4970496293367,1730329823.976936
-2808.094359409137,3897.943067305454,1730329823.979638
-2906.4643867569434,3936.365716024127,1730329823.983688
-2959.2368554159234,3892.489241658359,1730329823.9889617
-2875.6860346419853,3849.9315202154544,1730329823.99306
-2820.65603979302,3875.6360263390575,1730329823.9968307
-2883.240924267879,3905.050922042242,1730329824.0007956
-2933.979384181426,3890.187011979463,1730329824.0036392
-2890.460537726944,3866.136534945552,1730329824.0073829
-2824.344077628145,3881.983921764365,1730329824.0120022
-2865.314825214723,3894.456195170426,1730329824.0154
-2954.274768146845,3897.898363816543,1730329824.021027
-2936.7062970049737,3876.8653722841,1730329824.0244648
-2826.08751369566,3856.704098785413,1730329824.0280936
-2836.972813245394,3898.099529516641,1730329824.0314236
-2946.9657477099595,3934.845797401166,1730329824.0356276
-2925.597480010686,3886.6330846110686,1730329824.0394332
-2839.7220778133965,3850.132685915552,1730329824.04376
-2837.6210138345973,3909.163643022018,1730329824.0484416
-2939.902596462083,3928.944936864965,1730329824.0528977
-2951.4137448565657,3876.306578672717,1730329824.0556667
-2845.868807538606,3834.3076508411946,1730329824.0597308
-2822.935917727461,3879.10054672963,1730329824.063676
-2924.658706743563,3911.510576189825,1730329824.0677052
-2971.239742188423,3896.780776593778,1730329824.0717082
-2887.755976647851,3866.0918314566416,1730329824.0766013
-2822.51123458281,3874.361976905105,1730329824.08071
-2890.058206326748,3909.454215699937,1730329824.0837116
-2948.3292041217333,3881.3133694307057,1730329824.0876822
-2892.896877872572,3853.105467928108,1730329824.0916762
-2816.476263579877,3901.139366762563,1730329824.0955932
-2873.09323228517,3947.407477785048,1730329824.0997214
-2952.240759401412,3935.851625901655,1730329824.103731
-2886.5266307028096,3868.4387646244486,1730329824.1087308
-2807.244993119836,3864.303691900217,1730329824.1117036
-2849.8697697961056,3908.806015110733,1730329824.1155963
-2947.926872721538,3949.262672574839,1730329824.119752
-2928.503206789876,3901.541698162759,1730329824.1235533
-2819.471397336888,3873.0208722377865,1730329824.1277423
-2826.3557346291227,3917.9031751040434,1730329824.13173
-2930.4254568130323,3958.7845157128,1730329824.136784
-2943.9259104640378,3897.607791138624,1730329824.1395938
-2847.791057561762,3867.1200117015856,1730329824.1448154
-2833.217720176902,3908.5154424328143,1730329824.1477292
-2928.838482956706,3971.390899585593,1730329824.1518323
-2950.519675078353,3945.775800439811,1730329824.1558273
-2857.4246594219994,3884.554372376725,1730329824.1598468
-2835.676412066986,3902.346360963149,1730329824.164691
-2917.6402589845966,3955.409402300048,1730329824.1678605
-2957.404012370588,3928.184977553484,1730329824.171883
-2876.8706770981166,3908.426035454993,1730329824.17584
-2828.210929418913,3933.370582267116,1730329824.1802816
-2876.6248079091083,3941.573672482213,1730329824.1844175
-2948.7985907552948,3935.091666590174,1730329824.1880047
-2902.1057965881582,3886.096642744141,1730329824.1919887
-2825.2381474063573,3899.0606545282194,1730329824.195424
-2869.025214794304,3938.690297447479,1730329824.198778
-2959.102744949191,3955.074126133218,1730329824.2043087
-2910.398293781077,3932.163588066529,1730329824.2078917
-2826.579252073676,3935.8292741572,1730329824.2122474
-2848.3722029176,3965.333576838205,1730329824.2157388
-2935.320488848745,3973.648425775579,1730329824.2204604
-2918.2214043404347,3922.217061783917,1730329824.2229123
-2837.688069067964,3922.9323176064872,1730329824.2270813
-2836.637537078564,3975.2130478874506,1730329824.2318866
-2922.401180553577,3986.2101061594617,1730329824.2358687
-2933.353535336678,3958.650405246068,1730329824.2399988
-2846.874636039094,3934.9352043789872,1730329824.2442985
-2839.811484791217,3979.5939898006905,1730329824.247573
-2915.1368636056022,4011.892260538609,1730329824.2513711
-2946.786933754317,3978.655216533568,1730329824.255113
-2876.825973609206,3925.547471707758,1730329824.2601926
-2821.4607025934106,3961.3773180696153,1730329824.2643063
-2893.545078461776,3984.98076021442,1730329824.2680724
-2960.533256594331,3958.158666868051,1730329824.2714708
-2879.642293410575,3925.949803107954,1730329824.2751293
-2813.7046472674187,3962.249036103373,1730329824.2793384
-2886.2584097693457,4001.2751819223386,1730329824.2828825
-2951.301986134289,3985.3160363812494,1730329824.2880666
-2888.8735638706166,3963.701899492967,1730329824.2926111
-2824.344077628145,3974.564847298247,1730329824.295882
-2865.4712874259103,3997.4083301315695,1730329824.2988756
-2940.260224373368,4005.052626735285,1730329824.3032591
-2913.125206604625,3949.910873164043,1730329824.306878
-2825.305202639723,3943.764143438833,1730329824.3113914
-2855.949444287949,3996.7824812868216,1730329824.314906
-2959.01333797137,4009.590030859713,1730329824.320083
-2937.287442360812,3960.036213402297,1730329824.3239112
-2842.761915059318,3958.739812223889,1730329824.3270352
-2820.5442810707427,3974.4977920648807,1730329824.330958
-2917.8190729402395,4001.0516644777854,1730329824.3350763
-2948.284500632823,3988.467632349448,1730329824.339166
-2869.271083983312,3931.425980499504,1730329824.3431408
-2829.6414410640527,3950.0896871196855,1730329824.3478718
-2915.785064194806,4023.805740333288,1730329824.352466
-2947.122209921147,4017.9272315415424,1730329824.355459
-2854.6753948539967,3950.0896871196855,1730329824.3592498
-2802.8864029510505,3959.678585491012,1730329824.3634024
-2891.064034827237,4007.354856414182,1730329824.3671875
-2944.5517593087866,4010.238231448917,1730329824.3711972
-2881.341025989178,3953.397745299071,1730329824.3761144
-2821.79597876024,3951.251977831361,1730329824.379202
-2875.9766073199044,4003.152728456584,1730329824.3819687
-2962.075526961747,4002.5715831007465,1730329824.3871956
-2896.5849157076977,3974.229571131417,1730329824.3910172
-2818.197347902936,4000.582277844224,1730329824.3951533
-2864.398403692056,4015.826167562743,1730329824.399196
-2962.7684310398618,3980.711577023456,1730329824.4041784
-2901.6587616990523,3945.373469039616,1730329824.4069924
-2812.899984467028,3951.1178673646295,1730329824.4111593
-2846.6287668500863,3991.8874492511095,1730329824.414991
-2944.9987941978925,4011.914612283065,1730329824.4191332
-2939.5226168063423,3954.8282569442094,1730329824.42298
-2832.077781209681,3941.4172102710254,1730329824.4274576
-2828.1438741855472,3977.2470566328834,1730329824.4320245
-2933.599404525686,3993.675588807534,1730329824.43546
-2944.641166286608,3959.6115302576463,1730329824.4383688
-2849.08745874017,3902.905154574532,1730329824.4433775
-2835.765819044807,3941.372506782116,1730329824.4476151
-2911.985267637404,4016.228498962939,1730329824.451408
-2959.9297594940376,3942.803018427255,1730329824.4555252
-2890.3264272602114,3901.742863862856,1730329824.4606247
-2815.3363246126564,3934.242300300873,1730329824.4635143
-2888.6500464260635,3968.619283273135,1730329824.4662788
-2943.5906342972085,3947.8992161630654,1730329824.471781
-2873.47321194091,3923.15583505104,1730329824.4753745
-2800.874745950073,3927.7602944088335,1730329824.4797575
-2859.369261189612,3955.319995322227,1730329824.483126
-2952.576035568242,3948.97209989692,1730329824.4876356
-2909.1912995804905,3914.908041347032,1730329824.4912531
-2814.799882745729,3915.4444832139593,1730329824.4944625
-2834.89410101105,3936.857454402144,1730329824.4991436
-2928.883186445616,3945.2840620617935,1730329824.5035248
-2926.156273622069,3900.0217795397975,1730329824.5071805
-2845.824104049695,3894.8585265706215,1730329824.5117793
-2821.930089226972,3934.756390423345,1730329824.5144937
-2925.7092387329626,3910.504747689337,1730329824.5185516
-2947.949224465993,3873.736128060357,1730329824.5225198
-2854.250711709346,3871.1880291924513,1730329824.5264215
-2844.70651682693,3926.553300208247,1730329824.5312572
-2925.4857212884094,3948.078030118708,1730329824.5353713
-2954.498285591398,3890.38817767956,1730329824.5393045
-2861.671490868508,3846.534055058248,1730329824.5429742
-2818.711438025408,3879.994616507842,1730329824.54624
-2896.4284534965104,3923.4911112178697,1730329824.5509448
-2950.7878960118173,3894.8585265706215,1730329824.554341
-2874.0096538078374,3879.949913018932,1730329824.5598557
-2831.60839457612,3900.0217795397975,1730329824.563794
-2893.8132993952395,3923.44640772896,1730329824.5675333
-2944.1941313975017,3909.945954077954,1730329824.5708935
-2877.47417419841,3903.039265041264,1730329824.574457
-2814.576365301176,3861.6661860544905,1730329824.5785892
-2855.4353541654773,3886.655436355524,1730329824.5822897
-2946.63047154313,3915.668000658513,1730329824.5875568
-2913.0805031157142,3882.408604909016,1730329824.591515
-2818.018533947293,3858.112258686097,1730329824.5954714
-2839.565615602209,3905.5650121647136,1730329824.598411
-2928.905538190072,3926.1509688080514,1730329824.6029005
-2912.901689160072,3887.035416011264,1730329824.606361
-2840.3702784026004,3856.614691807591,1730329824.6109383
-2829.194406174947,3906.615544154113,1730329824.6143126
-2902.5528314772646,3914.304544246738,1730329824.6194053
-2947.032802943326,3854.580683062158,1730329824.6225865
-2853.289586697768,3842.33192710065,1730329824.6266122
-2843.23130169288,3874.071404227186,1730329824.630737
-2910.890032159094,3917.322029748205,1730329824.6345575
-2931.2524713578787,3918.149044293052,1730329824.638641
-2848.930996528983,3850.624424293569,1730329824.6436396
-2821.572461315687,3870.9868634923537,1730329824.64773
-2890.7734621493178,3919.288983260272,1730329824.6510365
-2957.0687362037584,3897.004294038331,1730329824.6545453
-2892.114566816636,3866.918846001488,1730329824.6591113
-2807.490862308844,3885.940180532954,1730329824.6630535
-2868.533476416287,3920.294811760761,1730329824.666433
-2951.4137448565657,3891.5951718801466,1730329824.6709232
-2890.460537726944,3867.8576192686105,1730329824.6755705
-2812.2070803889133,3886.3201601886944,1730329824.67903
-2858.475191411399,3930.9789456103977,1730329824.682381
-2948.306852377278,3917.9031751040434,1730329824.686822
-2914.0416281272924,3872.886761771055,1730329824.6904037
-2839.364449902112,3876.5300961172697,1730329824.6948814
-2852.775496575296,3918.7748931378,1730329824.6984751
-2927.6761922450296,3951.7660679538335,1730329824.7038684
-2917.059113628759,3889.0247212677855,1730329824.7064347
-2828.8144265192063,3857.665223796991,1730329824.7109177
-2844.9523860159384,3920.96536409442,1730329824.7144191
-2920.5012822748763,3934.4434660009706,1730329824.7187345
-2926.7374189779066,3895.663189371013,1730329824.7226217
-2842.3372319146674,3890.790509079756,1730329824.7268353
-2815.9845252018604,3899.6641516285126,1730329824.7315776
-2904.072750100225,3912.7622738793225,1730329824.734745
-2952.017241956859,3909.9236023334975,1730329824.7388916
-2861.2021042349465,3896.19963123794,1730329824.7430828
-2805.635667519053,3922.4629309729257,1730329824.7465029
-2895.579087207209,3955.6552714890568,1730329824.7509472
-2948.3292041217333,3943.9876608833865,1730329824.7547233
-2870.6792438839966,3865.778907034267,1730329824.7593005
-2809.3907605875447,3911.421169212004,1730329824.7615204
-2849.5568453737314,3952.011937142842,1730329824.7667325
-2939.567320295253,3922.351172250649,1730329824.7707589
-2910.6218112256306,3895.5067271598255,1730329824.7746675
-2823.22649040538,3875.367805405594,1730329824.778898
-2854.6753948539967,3928.721419420412,1730329824.782667
-2945.53523606482,3954.3141668217386,1730329824.7869031
-2934.001735925882,3909.588326166669,1730329824.7895896
-2829.0826474526702,3903.665113886013,1730329824.793768
-2840.0350022357707,3931.470683988415,1730329824.7986631
-2946.63047154313,3941.081934104197,1730329824.802979
-2943.5906342972085,3908.828366855189,1730329824.8066192
-2823.092379938648,3877.223000195384,1730329824.8110664
-2816.0739321796814,3923.468759473415,1730329824.8146234
-2915.6509537280745,3978.766975255845,1730329824.8180904
-2944.149427908591,3924.20636704044,1730329824.8220532
-2848.3722029176,3905.34149472016,1730329824.8273003
-2823.829987505673,3901.854622585133,1730329824.8308556
-2912.029971126314,3934.510521234337,1730329824.8347428
-2938.3603260946666,3900.1111865176185,1730329824.839112
-2863.951368802949,3877.401814151027,1730329824.8431747
-2815.246917634835,3912.4269977124927,1730329824.845718
-2883.866773112628,3947.720402207423,1730329824.849911
-2931.9677271804485,3933.1917683114734,1730329824.8548465
-2874.344929974667,3894.232677725873,1730329824.8593347
-2808.31787685369,3909.3424569776607,1730329824.8633025
-2870.500429928354,3931.962422366432,1730329824.8668096
-2946.1610849095687,3912.0246663122975,1730329824.87117
-2913.0134478823484,3897.227811482884,1730329824.8736808
-2819.314935125701,3920.361866994127,1730329824.8780491
-2842.471342381399,3953.330690065705,1730329824.8827612
-2931.2301196134235,3933.080009589197,1730329824.8873312
-2914.4886630163987,3892.1539654915296,1730329824.8906643
-2835.117618455603,3878.00531125132,1730329824.89421
-2840.526740613788,3909.007180810831,1730329824.897768
-2927.229157355924,3938.265614302828,1730329824.9019234
-2925.8433491996943,3902.949858063442,1730329824.905708
-2833.9106242550165,3874.496087371837,1730329824.9112632
-2807.4014553310226,3891.326950946683,1730329824.9147074
-2900.5858779651976,3907.8895935880655,1730329824.9192028
-2936.05809641577,3904.402721453038,1730329824.922332
-2862.766726346818,3863.9907674778415,1730329824.9259217
-2809.860147221106,3885.940180532954,1730329824.9303415
-2892.919229617027,3915.3997797250486,1730329824.9341984
-2956.2640734033675,3924.519291462814,1730329824.9390914
-2884.872601613117,3907.956648821432,1730329824.9433126
-2828.9485369859385,3883.146212476041,1730329824.9470477
-2881.050453311259,3915.712704147423,1730329824.9506106
-2945.758753509373,3895.43967192646,1730329824.9544723
-2894.4614999844434,3867.8352675241554,1730329824.9580443
-2799.690103493941,3872.9538170044207,1730329824.9624913
-2870.276912483801,3944.769971939322,1730329824.9663365
-2964.1095357071804,3949.039155130286,1730329824.9710405
-2915.4274362835213,3864.616616322591,1730329824.975152
-2820.521929326288,3873.2890931712495,1730329824.9780655
-2831.0048974758265,3923.804035640245,1730329824.9819078
-2938.539140050309,3938.913814892032,1730329824.9860284
-2921.954145664471,3885.917828788499,1730329824.9899049
-2802.7522924843183,3893.62918062558,1730329824.9943109
-2797.4549290484106,3902.525174918792,1730329824.998915
-2929.240814356901,3915.176262280496,1730329825.0031908
-2940.796666240295,3899.73120686188,1730329825.0059693
-2841.3314034141786,3863.364918633094,1730329825.010192
-2818.599679303132,3906.704951131934,1730329825.014124
-2898.171889564024,3953.889483677088,1730329825.0181246
-2927.0056399113705,3919.9148321050207,1730329825.0222888
-2858.341080944668,3869.779869291767,1730329825.027171
-2811.1789001439693,3897.876012072088,1730329825.0302029
-2900.809395409751,3950.737887708889,1730329825.03308
-2958.5439513378087,3909.67773314449,1730329825.0380895
-2897.993075608382,3896.3113899602167,1730329825.0424876
-2830.3343451421674,3959.186847112995,1730329825.0461023
-2869.159325261036,3942.735963193889,1730329825.0502632
-2930.4925120463986,3913.924564590999,1730329825.0554028
-2885.297284757768,3882.118032231097,1730329825.0581348
-2809.8824989655614,3875.5913228501454,1730329825.0614069
-2852.060240752726,3932.9235473780095,1730329825.065972
-2940.640204029108,3936.857454402144,1730329825.0705576
-2907.8501949131723,3886.811898566711,1730329825.0740786
-2837.7104208124188,3900.155890006529,1730329825.078283
-2843.6559848375305,3940.299623048261,1730329825.0832553
-2938.4944365613983,3935.9857363683855,1730329825.0861428
-2919.6519159855743,3902.145195263052,1730329825.0892625
-2815.895118224039,3895.43967192646,1730329825.0944855
-2814.84458623464,3931.8953671330655,1730329825.0980115
-2912.8122821822503,3962.383146570104,1730329825.1022124
-2932.370058580644,3933.169416567018,1730329825.106011
-2844.840627293662,3903.6204103971018,1730329825.1095252
-2812.274135622279,3927.939108364476,1730329825.1132486
-2900.9435058764825,3959.902102935565,1730329825.1173947
-2940.282576117823,3933.3035270337496,1730329825.122262
-2850.4956186408544,3903.463948185915,1730329825.1262293
-2792.5598970126985,3924.385180996082,1730329825.1306052
-2882.972703334416,3976.464745576948,1730329825.1346056
-2959.415669371566,3958.06925989023,1730329825.1372845
-2885.9901888358822,3876.463040883904,1730329825.1411304
-2808.1390628980475,3886.878953800077,1730329825.1455772
-2859.503371656343,3939.182035825496,1730329825.1491392
-2948.195093655001,3973.916646709042,1730329825.1540897
-2893.925058117516,3911.7564453788336,1730329825.1588416
-2818.2644031363016,3905.5650121647136,1730329825.1624265
-2849.4897901403656,3947.720402207423,1730329825.1661606
-2947.032802943326,3962.092573892185,1730329825.1693137
-2911.985267637404,3919.758369893834,1730329825.1731567
-2810.5306995547653,3891.416357924504,1730329825.17787
-2851.367336674612,3933.616451456124,1730329825.182164
-2922.1776631090243,3967.144068139085,1730329825.1862893
-2926.759770722362,3933.147064822562,1730329825.190138
-2843.3877639040666,3909.767140122312,1730329825.1932726
-2813.1682054004914,3941.618375971124,1730329825.19719
-2896.76372966334,3959.186847112995,1730329825.20138
-2943.8365034862168,3923.647573429057,1730329825.2053747
-2870.4333746949883,3926.508596719336,1730329825.210323
-2807.4685105643885,3955.521161022325,1730329825.2141716
-2881.3857294780887,3986.187754415006,1730329825.2184052
-2942.540102307809,3962.159629125551,1730329825.2214065
-2871.327444473201,3952.8165999432326,1730329825.225247
-2798.706626737908,3940.59019572618,1730329825.2293007
-2862.632615880086,3957.0410796452857,1730329825.233389
-2922.132959620113,3942.311280049239,1730329825.2374356
-2881.4527847114546,3912.874032601599,1730329825.2424834
-2828.836778263662,3924.876919374099,1730329825.2454896
-2868.3323107161896,3971.88263796361,1730329825.2493536
-2930.112532390658,3951.699012720468,1730329825.253441
-2906.4196832680327,3887.303636944728,1730329825.2574248
-2825.0146299618045,3892.466889913904,1730329825.2614503
-2840.9737755028937,3957.018727900831,1730329825.2664073
-2914.153386849569,3946.0216696288194,1730329825.2702746
-2897.344875019178,3903.866279586111,1730329825.2732663
-2813.637592034053,3902.078140029686,1730329825.2773356
-2840.392630147056,3966.07118440523,1730329825.281288
-2916.477968272921,3977.001187443875,1730329825.2854238
-2915.2039188389685,3921.412398983527,1730329825.2892685
-2838.6491940795418,3902.145195263052,1730329825.2934036
-2827.450970107433,3944.97113763942,1730329825.2982712
-2921.1718346085354,3981.136260168106,1730329825.301465
-2930.671326002041,3952.704841220957,1730329825.305504
-2844.348888915645,3923.714628662423,1730329825.3093572
-2824.969926472894,3928.073218831208,1730329825.3134468
-2897.747206419373,3952.548379009769,1730329825.3174212
-2951.1231721786467,3945.9322626509984,1730329825.3215337
-2891.1087383161475,3906.324971476194,1730329825.3264787
-2811.514176310799,3916.830291370188,1730329825.3295364
-2872.780307862796,3956.415230800537,1730329825.3335516
-2944.507055819876,3962.874884948121,1730329825.3376417
-2882.4586132119434,3900.6923318734566,1730329825.3414705
-2774.477335748355,3906.5708406652025,1730329825.345592
-2833.5306445992765,3959.566826768736,1730329825.3494356
-2934.2029016259794,3953.040117387786,1730329825.3546193
-2820.32076362619,4511.386693881356,1730329826.383142
-2898.328351775212,4510.023237469582,1730329826.3873024
-2858.385784433578,4475.489792286133,1730329826.3921332
-2776.1760683269586,4472.31584457348,1730329826.395216
-2801.411187817,4513.241888671147,1730329826.399218
-2892.7404156613848,4516.348781150435,1730329826.4032204
-2882.19039227848,4480.943617933228,1730329826.4072273
-2792.69400747943,4470.214780594681,1730329826.4115431
-2806.015647174793,4535.280708704079,1730329831.485084
-2884.6267324241085,4521.959069008716,1730329831.4889936
-2859.1680954895137,4483.290551101035,1730329831.494062
-2771.3257397801567,4501.730740276664,1730329831.4980316
-2800.0477314052264,4539.214615728213,1730329831.502045
-2880.1116800441364,4544.131999508381,1730329831.505987
-2856.888217555072,4513.711275304709,1730329831.5090556
-2766.788335655729,4507.966876979695,1730329831.5130315
-2770.163449068481,4547.9988512991495,1730329831.5170784
-2871.573313662209,4550.077563533493,1730329831.52203
-2880.625770166608,4502.89303098834,1730329831.5260706
-2787.061367876693,4463.911588658284,1730329831.530022
-2766.967149611372,4488.520859303577,1730329831.5341096
-2861.671490868508,4535.817150571007,1730329831.537995
-2887.6889214144853,4505.307019389513,1730329831.5410864
-2792.984580157349,4483.737585990141,1730329831.5451157
-2764.284940276735,4508.190394424248,1730329831.5501857
-2856.128258243592,4532.889072047362,1730329831.553929
-2885.3196365022227,4499.182641408759,1730329831.558125
-2814.6434205345417,4452.0875158414265,1730329831.5611353
-2759.6804809189416,4465.900893914806,1730329831.565199
-2827.4062666185223,4512.07959795947,1730329831.569208
-2895.0649970847367,4494.712292517697,1730329831.5731883
-2839.185635946469,4459.709460700687,1730329831.5772047
-2756.6853471619306,4458.927149644751,1730329831.5821888
-2806.373275086078,4486.5092023026,1730329831.586233
-2890.214668537936,4504.055321700015,1730329831.5892253
-2855.122429743103,4473.902818429807,1730329831.5932572
-2769.291731034724,4444.018536093061,1730329831.5971313
-2790.3694260560783,4475.176867863759,1730329831.601246
-2873.5179154298207,4491.091309915938,1730329831.605171
-2872.668549140519,4452.489847241623,1730329831.6102848
-2783.350978297112,4425.779512617531,1730329831.6142795
-2777.070138105171,4469.03013813855,1730329831.6172853
-2871.5509619177537,4497.014522196594,1730329831.6210852
-2892.315732516734,4458.077783355449,1730329831.6252987
-2790.0788533781592,4425.153663772781,1730329831.629062
-2762.5638559536765,4436.016611578061,1730329831.6332524
-2849.154513973536,4468.918379416273,1730329831.638064
-2895.087348829192,4449.293547784513,1730329831.6420968
-2800.092434894137,4440.777533147041,1730329831.6453328
-2742.939024321917,4465.297396814513,1730329831.649334
-2819.60550780362,4491.784213994052,1730329831.6533256
-2878.859982354639,4451.573425718954,1730329831.657355
-2820.030190948271,4407.518137397545,1730329831.661361
-2769.0905653346263,4452.780419919542,1730329831.6663733
-2826.4674933514,4506.759882779108,1730329831.670336
-2882.57037193422,4440.9339953582285,1730329831.6733696
-2830.89313875355,4410.2897537100025,1730329831.6773834
-2754.338413994124,4427.098265540393,1730329831.6813831
-2800.383007572056,4462.838704924429,1730329831.6853783
-2885.85607836915,4465.118582858871,1730329831.689344
-2848.7521825733406,4429.579309174933,1730329831.6944115
-2769.0682135901707,4426.472416695645,1730329831.6972785
-2791.352902812112,4480.004844666105,1730329831.7003832
-2884.649084168564,4472.561713762488,1730329831.7052913
-2874.5684474192203,4434.4743412106445,1730329831.710444
-2772.599789214109,4412.368465944346,1730329831.7142673
-2770.185800812936,4447.460704739178,1730329831.717471
-2868.4887729273764,4474.5063155301,1730329831.722324
-2880.0669765552257,4427.0759137959385,1730329831.7254872
-2785.1167661090813,4402.06431175045,1730329831.728636
-2761.35686175309,4453.607434464388,1730329831.7335656
-2856.150609988047,4491.4712895716775,1730329831.7372448
-2898.775386664317,4458.815390922474,1730329831.7414951
-2825.3946096175446,4408.367503686846,1730329831.745601
-2751.410335470478,4412.480224666622,1730329831.7498467
-2823.382952616567,4453.115696086371,1730329831.7534668
-2877.921209087516,4440.106980813383,1730329831.7565193
-2825.0816851951704,4405.841756563396,1730329831.7615008
-2763.8155536431736,4447.170132061259,1730329831.7653956
-2797.5890395151428,4481.882391200351,1730329831.7699933
-2876.8036218647508,4472.6287689958535,1730329831.773476
-2844.0136127488154,4444.331460515436,1730329831.7776933
-2758.5628936961766,4431.814483620463,1730329831.781464
-2775.729033437852,4475.668606241776,1730329831.7849703
-2873.9873020633822,4494.444071584234,1730329831.788389
-2858.005804777837,4450.9699286186615,1730329831.7938664
-2774.007949114793,4422.404399204779,1730329831.797607
-2791.2634958342906,4468.203123593703,1730329831.80168
-2874.143764274569,4481.323597588968,1730329831.8044264
-2863.124354258103,4449.651175695798,1730329831.8086815
-2772.3315682806456,4424.863091094862,1730329831.8124397
-2774.902018893006,4457.295472299513,1730329831.8164716
-2870.276912483801,4504.278839144568,1730329831.8215096
-2896.651970941064,4459.3071293004905,1730329831.8256676
-2790.8164609451846,4417.3305532134245,1730329831.8295703
-2750.158637780981,4457.921321144262,1730329831.8326168
-2832.5695195876983,4497.372150107879,1730329831.8370683
-2906.7549594348625,4478.686091743242,1730329831.8405783
-2823.4947113388434,4430.920413842251,1730329831.844773
-2749.68925114742,4443.146818059304,1730329831.8502572
-2824.6793537949748,4476.450917297711,1730329831.853893
-2885.14082254658,4465.275045070058,1730329831.8583536
-2836.414019634011,4435.97190808915,1730329831.8609152
-2762.3626902535784,4434.876672610841,1730329831.8647358
-2817.415036847,4483.804641223507,1730329831.8759727
-2887.755976647851,4500.188469909247,1730329831.875992
-2848.9086447845275,4437.06714356746,1730329831.8764956
-2767.905922878495,4447.036021594528,1730329831.8846612
-2792.962228412894,4482.441184811733,1730329831.8856003
-2887.957142347949,4507.60924906841,1730329831.8919804
-2876.4236422090107,4474.014577152083,1730329831.8925045
-2774.0750043481594,4449.517065229066,1730329831.896544
-2776.086661349137,4469.588931749932,1730329831.9005249
-2855.770630332307,4474.9757021636615,1730329831.905532
-2872.132107273592,4448.935919873228,1730329831.9095373
-2773.516210736777,4430.696896397698,1730329831.913588
-2754.405469227489,4456.222588565658,1730329831.916654
-2854.6753948539967,4477.479097542656,1730329831.920594
-2888.135956303592,4449.092382084416,1730329831.9260936
-2803.422844817978,4404.277134451525,1730329831.9285896
-2758.3393762516234,4462.481077013144,1730329831.9325995
-2829.529682341776,4503.228307155169,1730329831.9375668
-2882.0786335562034,4451.327556529946,1730329831.94188
-2834.335307399668,4427.746466129597,1730329831.94989
-2762.2509315313023,4421.845605593397,1730329831.9499116
-2832.904795754528,4473.768707963074,1730329831.952714
-2903.111625088647,4495.204030895714,1730329831.9566276
-2848.3051476842343,4466.973777648661,1730329831.9606931
-2765.000196099305,4461.922283401762,1730329831.9656472
-2813.257612378313,4496.679246029764,1730329831.968636
-2890.058206326748,4479.066071398982,1730329831.972652
-2859.033985022781,4432.865015609863,1730329831.9766333
-2762.1391728090257,4393.548297112978,1730329831.9806693
-2777.8748009055616,4456.73667868813,1730329831.984661
-2874.635502652586,4476.808545208996,1730329831.9910944
-2870.0980985281585,4410.557974643466,1730329831.99393
-2778.254780561302,4402.801919317475,1730329831.996724
-2773.940893881428,4445.002012849094,1730329832.000482
-2867.9746828049047,4484.676359257264,1730329832.0089126
-2870.8133543507283,4463.21868458017,1730329832.0089295
-2779.3053125507013,4402.265477450547,1730329832.0150015
-2762.027414086749,4439.92816685774,1730329832.016861
-2844.974737760393,4475.579199263954,1730329832.0220115
-2882.503316700854,4431.412152220268,1730329832.0253649
-2814.442254834444,4396.208154703159,1730329832.0284183
-2751.410335470478,4433.133236543326,1730329832.0329547
-2832.189539931958,4463.106925857893,1730329832.0372105
-2889.342950504178,4437.760047645575,1730329832.041284
-2822.600641560631,4375.353977126358,1730329832.0450635
-2756.774754139752,4379.600808572866,1730329832.047968
-2800.114786638592,4425.824216106441,1730329832.0524971
-2902.1728518215245,4436.284832511525,1730329832.056002
-2853.80367682024,4391.58134360091,1730329832.0603971
-2761.5356757087325,4389.524983111022,1730329832.065029
-2803.713417495897,4434.764913888564,1730329832.0691023
-2882.592723678675,4434.787265633019,1730329832.073039
-2860.2856827122787,4393.39183490179,1730329832.076471
-2773.113879336581,4395.559954113955,1730329832.0799897
-2776.9136758939835,4435.92720460024,1730329832.08442
-2875.350758475156,4416.101207268383,1730329832.0889077
-2876.356586975645,4402.265477450547,1730329832.0930812
-2782.1439840965254,4392.184840701204,1730329832.0969596
-2758.249969273802,4403.316009439946,1730329832.1011188
-2850.093287240659,4398.912715782251,1730329832.103864
-2871.0145200508264,4364.9157124657295,1730329832.108076
-2804.965115185394,4358.120782151315,1730329832.112291
-2769.2023240569024,4400.991428016595,1730329832.1174936
-2842.7172115704075,4420.795073603997,1730329832.1209517
-2896.0484738407704,4390.061424977949,1730329832.1255264
-2833.687106810464,4372.448250347167,1730329832.1289508
-2760.3733849970563,4394.978808758117,1730329832.1320896
-2821.013667704304,4433.423809221245,1730329832.136
-2882.95035158996,4404.254782707069,1730329832.1400857
-2822.1759584159804,4365.094526421372,1730329832.1442611
-2744.9506813228945,4382.193610929681,1730329832.1491337
-2791.285847578746,4424.840739350408,1730329832.1529684
-2888.828860381706,4415.3412479569015,1730329832.1562047
-2857.536418144276,4373.923465481218,1730329832.1604488
-2764.1731815544586,4372.649416047266,1730329832.163942
-2786.212001587391,4401.01377976105,1730329832.168274
-2873.2720462408124,4407.24991646408,1730329832.1720722
-2873.026177051804,4391.938971512195,1730329832.1772988
-2790.1682603559807,4400.767910572042,1730329832.18115
-2772.7562514252963,4395.49289888059,1730329832.1843896
-2863.169057747013,4416.34707645739,1730329832.189181
-2874.836668352684,4391.871916278829,1730329832.1921651
-2783.3733300415674,4332.2821655609805,1730329832.1961331
-2764.687271676931,4371.710642780143,1730329832.2002842
-2850.4285634074886,4398.912715782251,1730329832.2050595
-2896.271991285323,4378.930256239207,1730329832.2094362
-2809.189594887447,4341.222863343103,1730329832.212155
-2747.945815079905,4365.966244455129,1730329832.2165947
-2834.4247143774887,4390.888439522796,1730329832.2203715
-2887.3089417587453,4359.439535074179,1730329832.2248433
-2828.3003363967346,4333.198587083649,1730329832.2285883
-2758.9428733519167,4356.354994339346,1730329832.2321477
-2823.60647006112,4398.353922170869,1730329832.2371292
-2887.375996992111,4378.796145772475,1730329832.2402391
-2844.125371471092,4330.002287626539,1730329832.2442791
-2767.414184500478,4350.454133803146,1730329832.24833
-2813.995219945338,4389.5696865999325,1730329832.2522795
-2896.607267452153,4377.164468427238,1730329832.2562084
-2853.915435542516,4340.23938658707,1730329832.2604315
-2766.989501355827,4357.316119350925,1730329832.2652304
-2775.147888082014,4412.569631644444,1730329832.2683
-2870.589836906176,4406.288791452503,1730329832.2722063
-2873.741432874374,4354.589206527377,1730329832.276307
-2768.7329374233414,4336.864273174318,1730329832.28029
-2755.54540819471,4371.241256146581,1730329832.2843769
-2855.547112887754,4406.713474597153,1730329832.2893028
-2885.967837091426,4394.956457013662,1730329832.2923307
-2785.1391178535364,4338.38419179728,1730329832.2953448
-2750.6280244145423,4359.573645540911,1730329832.3004024
-2846.092324983159,4397.01281750355,1730329832.3042111
-2888.3818254926,4363.14992465376,1730329832.3083696
-2803.0428651622374,4327.364781780813,1730329832.3121643
-2751.4773907038443,4353.136343137782,1730329832.3164074
-2834.022382977293,4383.132384196804,1730329832.3203511
-2893.5227267173204,4368.536695067489,1730329832.3234124
-2823.2041386609244,4330.248156815548,1730329832.327474
-2757.6911756624195,4345.983784912084,1730329832.3323777
-2813.682295522964,4383.311198152447,1730329832.3363173
-2896.7413779188846,4384.831116775407,1730329832.3404517
-2850.540322129765,4335.880796418285,1730329832.34446
-2759.0769838186484,4339.434723786679,1730329832.3484735
-2785.675559720464,4378.505573094556,1730329832.3514936
-2886.861906869639,4360.132439152293,1730329832.3554392
-2857.1340867440804,4320.726313677587,1730329832.3605075
-2766.8106874001846,4343.569796510911,1730329832.3644304
-2783.283923063746,4383.490012108089,1730329832.3690307
-2875.9319038309936,4370.011910201539,1730329832.3724427
-2878.614113165631,4325.219014313104,1730329832.3769157
-2790.9505714119164,4296.4746709435785,1730329832.3794005
-2780.64641721802,4335.366706295813,1730329832.3838727
-2849.5568453737314,4370.168372412726,1730329832.3883936
-2879.597589921664,4336.573700496399,1730329832.3925493
-2784.3791585420563,4313.238479285059,1730329832.3963916
-2754.6513384164978,4344.106238377838,1730329832.400032
-2824.8805194950723,4379.15377368376,1730329832.4037335
-2882.972703334416,4358.3442995958685,1730329832.4081385
-2799.93597268295,4316.546537464445,1730329832.411631
-2742.313175477168,4325.554290479933,1730329832.4156022
-2821.1030746821257,4398.912715782251,1730329832.420426
-2887.9794940924044,4383.333549896902,1730329832.4251208
-2829.3732201305893,4339.166502853215,1730329832.427712
-2742.871969088551,4346.833151201386,1730329832.4315312
-2790.928219667461,4405.528832141022,1730329832.435696
-2889.2088400374464,4387.714491810142,1730329832.4394844
-2863.347871702656,4337.981860397084,1730329832.4435928
-2781.7640044407854,4332.393924283258,1730329832.448573
-2785.317931809179,4368.849619489864,1730329832.4524786
-2864.3313484586893,4388.496802866078,1730329832.455436
-2869.159325261036,4351.281148347992,1730329832.4595983
-2774.2314665593467,4321.843900900352,1730329832.463462
-2784.3344550531456,4366.368575855324,1730329832.4676178
-2870.209857250435,4386.909829009751,1730329832.471552
-2871.439203195477,4328.035334114473,1730329832.4766464
-2764.441402487922,4347.503703535045,1730329832.4806056
-2751.2091697703804,4386.038110975995,1730329832.4841824
-2851.814371563717,4397.281038437014,1730329832.4875135
-2895.66849418503,4374.638721303788,1730329832.4917612
-2815.135158912559,4332.550386494445,1730329832.4955273
-2756.6853471619306,4356.176180383704,1730329832.5000052
-2829.149702686036,4395.425843647224,1730329832.504632
-2890.415834238033,4376.650378304766,1730329832.5088327
-2817.5267955692766,4323.207357312126,1730329832.511917
-2751.700908148397,4341.28991857647,1730329832.515725
-2814.6657722789973,4390.128480211315,1730329832.5201447
-2880.223438766413,4394.352959913368,1730329832.5238802
-2835.5646533447093,4355.86325596133,1730329832.5280795
-2762.385041998034,4338.004212141539,1730329832.5327315
-2794.2362778468464,4387.021587732028,1730329832.5359669
-2882.0786335562034,4397.370445414835,1730329832.5386047
-2846.9416912724605,4319.452264243635,1730329832.5443294
-2773.829135159151,4310.466862972601,1730329832.5477085
-2791.062330134193,4359.037203673984,1730329832.5518467
-2870.209857250435,4353.71748849362,1730329832.555604
-2864.4207554365107,4316.211261297615,1730329832.5608742
-2777.5171729942767,4307.09174955985,1730329832.5636976
-2761.222751286358,4355.282110605492,1730329832.5668056
-2865.940674059472,4379.466698106134,1730329832.5716505
-2895.4226249960216,4331.276337060492,1730329832.575833
-2798.12548138207,4306.242383270548,1730329832.5795968
-2748.057573802182,4359.059555418438,1730329832.584166
-2838.291566168257,4399.58326811591,1730329832.5876026
-2882.793889378773,4364.759250254542,1730329832.592013
-2799.310123838201,4304.253078014026,1730329832.5951087
-2742.4472859439,4327.588299225366,1730329832.6002965
-2830.0661242087035,4362.255854875548,1730329832.6037123
-2894.6850174289966,4357.629043773299,1730329832.6082947
-2832.122484698592,4328.258851559026,1730329832.6121285
-2760.6192541860646,4331.969241138607,1730329832.6171496
-2828.8144265192063,4350.297671591959,1730329832.6201043
-2896.540212218787,4330.136398093271,1730329832.6227882
-2838.246862679346,4316.099502575338,1730329832.628437
-2755.1430767945144,4332.90801440573,1730329832.6318176
-2790.481184778355,4377.589151571889,1730329832.6363742
-2887.7112731589405,4367.396756100268,1730329832.6398275
-2865.5830461481864,4328.839996914863,1730329832.644254
-2761.558027453188,4318.267621787503,1730329832.646838
-2783.283923063746,4340.060572631428,1730329832.6513302
-2870.6121886506307,4351.683479748187,1730329832.6548915
-2864.599569392153,4313.909031618719,1730329832.6603043
-2790.034149889249,4307.874060615785,1730329832.6637473
-2765.7825071552406,4351.303500092447,1730329832.6685092
-2847.679298839486,4344.3744593113015,1730329832.6710048
-2862.073822268704,4329.778770181986,1730329832.6751163
-2787.3966440435224,4294.842993598341,1730329832.6789167
-2748.817533113662,4331.14222659376,1730329832.6828873
-2828.166225930003,4373.811706758941,1730329832.6879632
-2887.5995144366643,4326.314249791414,1730329832.6925168
-2820.410170604011,4280.448470169124,1730329832.6958716
-2747.968166824361,4298.441624455646,1730329832.699551
-2809.323705354179,4327.320078291903,1730329832.702871
-2899.445938997977,4312.880851373774,1730329832.706996
-2839.252691179835,4294.775938364975,1730329832.7111616
-2755.277187261246,4302.800214624431,1730329832.7165115
-2796.4714522923773,4341.8487121878525,1730329832.720172
-2881.966874833927,4329.71171494862,1730329832.724492
-2845.824104049695,4265.919836273174,1730329832.727384
-2754.874855861051,4259.482533870046,1730329832.7311077
-2779.819402673173,4329.041162614962,1730329832.735263
-2872.534438673787,4342.00517439904,1730329832.73899
-2876.6471596535634,4309.0363513274615,1730329832.744233
-2766.050728088704,4265.785725806442,1730329832.7478964
-2758.093507062615,4288.472746428579,1730329832.752216
-2873.741432874374,4337.2666045745145,1730329832.7549448
-2890.6169999381304,4294.395958709235,1730329832.7592993
-2790.4588330339,4273.22885671006,1730329832.7630737
-2756.528884950744,4321.486272989067,1730329832.7672515
-2846.2487871943463,4335.433761529179,1730329832.772022
-2883.9114766015387,4292.317246474891,1730329832.7763305
-2803.445196562433,4257.493228613524,1730329832.7790596
-2756.26066401728,4286.639903383244,1730329832.7830536
-2838.4256766349886,4330.829302171386,1730329832.7870667
-2898.5518692197647,4305.013037325506,1730329832.7915015
-2828.859130008117,4251.771182032965,1730329832.7952788
-2757.0206233287604,4280.493173658035,1730329832.7996347
-2809.413112332,4293.859516842308,1730329832.803997
-2870.5227816728097,4282.571885892378,1730329832.8073435
-2825.863996251106,4252.88876925573,1730329832.8111963
-2742.3578789660787,4260.153086203705,1730329832.8151305
-2775.103184593104,4317.708828176121,1730329832.819532
-2878.859982354639,4318.535842720967,1730329832.823125
-2855.3682989321114,4258.0296704804505,1730329832.8274012
-2769.0682135901707,4248.12784768675,1730329832.8320856
-2789.78828070024,4289.210353995604,1730329832.835522
-2869.271083983312,4291.512583674501,1730329832.8391955
-2864.063127525226,4261.494190871023,1730329832.843214
-2782.0992806076147,4259.549589103412,1730329832.8478875
-2760.082812319137,4285.187039993649,1730329832.8554077
-2854.228359964891,4317.775883409487,1730329832.8554444
-2871.752127617852,4282.057795769906,1730329832.8601549
-2791.9787516568604,4235.633222536233,1730329832.8630705
-2749.73395463633,4263.841124038831,1730329832.8681085
-2839.744429557852,4290.283237729459,1730329832.8788812
-2895.757901162852,4253.894597756219,1730329832.8788989
-2805.188632629947,4224.792626475409,1730329832.879294
-2751.387983726023,4270.546647375422,1730329832.8841383
-2838.917415013005,4285.634074882755,1730329832.886078
-2894.4838517288986,4258.74492630302,1730329832.890139
-2822.4888828383546,4235.096780669306,1730329832.8941307
-2754.584283183132,4257.180304191149,1730329832.8992083
-2813.995219945338,4279.286179457447,1730329832.9031527
-2888.895915615072,4267.1268304737605,1730329832.907124
-2825.4616648509104,4244.663327296177,1730329832.91112
-2754.785448883229,4253.782839033943,1730329832.9151175
-2789.453004533411,4273.27356019897,1730329832.9181151
-2871.685072384485,4269.831391552852,1730329832.9247024
-2858.139915244569,4241.578786561345,1730329832.927162
-2772.935065380939,4220.366981073258,1730329832.933024
-2780.7134724513858,4265.718670573076,1730329832.9427104
-2866.410060693033,4264.332862416847,1730329832.942736
-2855.1671332320134,4210.8898414242085,1730329832.9427416
-2767.570646711665,4201.949143642085,1730329832.946417
-2755.813629128173,4262.231798438049,1730329832.9506376
-2848.2604441953235,4292.339598219347,1730329832.9552517
-2872.3109212292343,4240.751772016499,1730329832.959195
-2783.6639027194865,4184.045396333385,1730329832.9631977
-2761.2003995419027,4205.100739610283,1730329832.967258
-2827.361563129612,4257.135600702239,1730329832.970194
-2879.955217832949,4232.928661457141,1730329832.9742067
-2807.870841964584,4192.024969103929,1730329832.9833004
-2745.1071435340814,4222.378638074236,1730329832.9833224
-2818.2420513918464,4261.650653082211,1730329832.9922583
-2891.600476694164,4243.07635343985,1730329832.9922764
-2836.615185334109,4204.720759954544,1730329832.9999824
-2741.888492332517,4217.193033360605,1730329833.0000007
-2784.5579724976988,4262.432964138146,1730329833.0022764
-2871.126278773103,4277.8109643233975,1730329833.0071003
-2838.582138846176,4230.402914333691,1730329833.0104532
-2770.252856046302,4206.106568110772,1730329833.0154507
-2789.475356277866,4240.975289461051,1730329833.019479
-2884.514973701832,4237.287251625926,1730329833.0224843
-2854.4965808983543,4213.817919947854,1730329833.0265071
-2758.7193559073635,4218.712951983565,1730329833.0304728
-2762.87678037605,4255.302757656903,1730329833.0348868
-2861.7832495907846,4268.713804330087,1730329833.0384855
-2878.5470579322646,4250.050097709906,1730329833.0439107
-2793.163394112992,4184.783003900409,1730329833.0476372
-2757.579416940143,4221.305754340381,1730329833.0509655
-2822.7794555162736,4263.41644089418,1730329833.0544977
-2883.5538486902537,4237.823693492853,1730329833.0587533
-2810.865975721595,4210.755730957476,1730329833.0624728
-2759.479315218844,4208.07352162284,1730329833.0668535
-2831.1390079425587,4253.894597756219,1730329833.0704536
-2879.552886432753,4241.93641447263,1730329833.0760014
-2799.9806761718605,4186.437032990102,1730329833.078549
-2732.321945705646,4218.511786283468,1730329833.0826287
-2809.279001865268,4233.398048090702,1730329833.0867264
-2897.434281997,4224.211481119572,1730329833.0911627
-2832.144836443047,4190.013312102951,1730329833.0947285
-2743.766038866763,4197.635256962211,1730329833.0987885
-2777.673635205464,4240.528254571946,1730329833.1035209
-2875.864848597628,4242.338745872825,1730329833.1067128
-2841.197292947447,4208.587611745312,1730329833.1109147
-2751.410335470478,4195.623599961234,1730329833.1146903
-2763.8826088765395,4207.581783244823,1730329833.1188862
-2863.8396100806726,4215.516652526457,1730329833.1226115
-2871.9756450624045,4226.401952076191,1730329833.128055
-2777.8524491611065,4211.426283291135,1730329833.13075
-2766.698928677908,4207.917059411652,1730329833.1339016
-2848.9757000178934,4220.6352020067225,1730329833.1385996
-2872.735604373885,4205.97245764404,1730329833.1427228
-2790.3023708227124,4198.797547673887,1730329833.1465485
-2753.1984750269025,4186.2358672900045,1730329833.1507916
-2842.538397614765,4208.565260000856,1730329833.1547253
-2883.9785318349045,4207.335914055814,1730329833.1589897
-2796.31499008119,4166.476925191513,1730329833.1617532
-2738.4910271753106,4195.243620305493,1730329833.167102
-2815.470435079388,4233.621565535255,1730329833.17059
-2882.8162411232283,4205.234850077016,1730329833.1750605
-2824.3664293726006,4160.553712910857,1730329833.178661
-2771.906885135995,4194.371902271736,1730329833.1841035
-2808.966077442894,4249.6924697986215,1730329833.186906
-2876.021310808815,4221.573975273845,1730329833.189715
-2827.741542785352,4195.713006939055,1730329833.193978
-2747.744649379808,4211.158062357672,1730329833.1994123
-2792.8728214350726,4260.13073445925,1730329833.2028544
-2862.051470524248,4258.432001880647,1730329833.2066796
-2847.053449994737,4214.957858915074,1730329833.2111812
-2755.0536698166934,4211.962725158063,1730329833.214734
-2752.662033159975,4236.795513247909,1730329833.218068
-2846.9416912724605,4251.949995988607,1730329833.221681
-2856.6199966216086,4217.327143827337,1730329833.2272964
-2780.020568373271,4204.720759954544,1730329833.230826
-2754.226655271847,4244.260995895982,1730329833.235145
-2838.962118501916,4251.301795399403,1730329833.2377667
-2874.032005552293,4226.245489865004,1730329833.241988
-2771.1469258245143,4212.432111791624,1730329833.245813
-2737.2393294858134,4249.066620953872,1730329833.2502608
-2826.735714284863,4285.254095227015,1730329833.254779
-2874.2555229968457,4272.9382840321405,1730329833.259133
-2795.577382514165,4231.252280622993,1730329833.2627423
-2749.5327889362325,4242.025821450451,1730329833.2664125
-2804.115748896092,4287.757490606009,1730329833.2700424
-2899.0659593422365,4255.392164634724,1730329833.2741675
-2823.60647006112,4213.16971935865,1730329833.2782185
-2747.901111590995,4224.949088686596,1730329833.2828996
-2797.7231499818745,4270.568999119878,1730329833.286769
-2891.220497038424,4254.766315789976,1730329833.2912798
-2852.194351219457,4222.646859007699,1730329833.2944925
-2741.6202713990538,4216.544832771401,1730329833.2978885
-2766.07307983316,4239.276556882448,1730329833.3023386
-2860.933883301482,4268.244417696526,1730329833.3060532
-2853.378993675589,4227.072504409851,1730329833.3104837
-2764.687271676931,4211.605097246778,1730329833.3148427
-2773.605617714598,4248.820751764864,1730329833.319376
-2865.538342659276,4261.002452493007,1730329833.3218932
-2870.0310432947927,4227.8548154657865,1730329833.3263366
-2762.027414086749,4223.451521808091,1730329833.3298326
-2739.5639109091653,4246.339708130326,1730329833.3341951
-2839.431505135477,4237.17549290365,1730329833.33787
-2875.149592775058,4181.765518398943,1730329833.343028
-2804.0486936627262,4175.708195651555,1730329833.3469088
-2737.5299021637325,4226.826635220842,1730329833.3502724
-2806.373275086078,4246.272652896959,1730329833.353964
-2861.760897846329,4210.711027468566,1730329833.3583555
-2811.3353623551566,4180.737338153999,1730329833.3619397
-2746.850579601596,4194.461309249557,1730329833.3659751
-2807.312048353201,4224.367943330758,1730329833.3709593
-2873.964950318926,4215.226079848538,1730329833.374656
-2823.673525294486,4166.588683913789,1730329833.3782651
-2748.191684268914,4177.071652063329,1730329833.3821037
-2792.8728214350726,4238.561301059878,1730329833.3864665
-2877.7423951318738,4221.685733996122,1730329833.390106
-2845.2429586938574,4169.852038604265,1730329833.394166
-2752.1702947819585,4163.772364112421,1730329833.3990836
-2776.4889927493327,4215.516652526457,1730329833.402504
-2861.157400746036,4240.1259231717495,1730329833.4061143
-2866.611226393131,4170.96962582703,1730329833.4103563
-2768.509419978788,4149.556654638845,1730329833.4141304
-2759.456963474389,4198.842251162798,1730329833.418532
-2844.639461593564,4223.496225297002,1730329833.422084
-2863.370223447111,4162.9900530564855,1730329833.4275377
-2777.003082871805,4119.650020557645,1730329833.430102
-2757.6464721735088,4167.795678114376,1730329833.433096
-2845.3547174161336,4193.634294704712,1730329833.438025
-2884.76084289084,4170.366128726737,1730329833.4423015
-2799.0195511602824,4132.748142808455,1730329833.4461014
-2745.285957489724,4166.789849613887,1730329833.4501915
-2806.283868108257,4199.870431407742,1730329833.4550111
-2875.6860346419853,4190.370940014236,1730329833.4581633
-2805.769777985785,4150.562483139334,1730329833.461152
-2737.574605652643,4147.500294148957,1730329833.4662237
-2804.607487274109,4190.862678392253,1730329833.469978
-2868.1758485050023,4204.273725065437,1730329833.474214
-2830.781380031274,4162.811239100843,1730329833.47822
-2753.936082593928,4144.438105158581,1730329833.4821708
-2782.7921846857294,4181.87727712122,1730329833.4852295
-2864.4207554365107,4186.437032990102,1730329833.4893367
-2848.9757000178934,4152.417677929125,1730329833.4944067
-2758.808762885185,4108.720017518999,1730329833.4986167
-2757.177085539948,4155.323404708315,1730329833.5024755
-2845.377069160589,4191.935562126108,1730329833.5063615
-2857.0670315107145,4162.095983278273,1730329833.5094156
-2768.352957767601,4102.707398260522,1730329833.5131547
-2750.06923080316,4132.0552387303405,1730329833.5175302
-2856.0612030102257,4174.25533226196,1730329833.5221615
-2870.701595628452,4164.152343768161,1730329833.5265312
-2785.7202632093745,4117.504253089935,1730329833.5301948
-2769.179972312448,4124.030962470885,1730329833.5346584
-2831.898967254039,4166.007538557951,1730329833.5372157
-2873.406156707544,4148.416715671625,1730329833.541396
-2799.377179071568,4116.498424589447,1730329833.5453131
-2734.5571201511766,4147.544997637868,1730329833.549858
-2805.836833219151,4185.92294286763,1730329833.554253
-2873.0485287962592,4166.812201358343,1730329833.5584128
-2827.540377085254,4142.96289002453,1730329833.562192
-2763.614387943076,4133.418695142114,1730329833.566219
-2800.4277110609664,4168.44387870358,1730329833.569563
-2875.171944519513,4196.852945906276,1730329833.5734134
-2833.84356902165,4139.6324801006895,1730329833.577448
-2752.058536059682,4109.457625086025,1730329833.582353
-2769.805821157196,4138.850169044754,1730329833.58652
-2872.4897351848767,4146.2038929705495,1730329833.5904486
-2866.56652290422,4143.655794102645,1730329833.5943973
-2759.1440390520143,4129.171863695606,1730329833.5973537
-2759.16639079647,4188.873373135731,1730329833.6014085
-2861.962063546427,4188.918076624641,1730329833.6052735
-2859.503371656343,4151.9035878066525,1730329833.6108804
-2761.625082686553,4114.419712355103,1730329833.6145165
-2745.509474934277,4142.694669091066,1730329833.617878
-2830.6919730534523,4169.986149070996,1730329833.6212687
-2875.216648008424,4145.823913314809,1730329833.625572
-2787.5307545102546,4123.7850932818765,1730329833.6293235
-2737.038163785716,4135.966794010019,1730329833.6334455
-2824.858167750617,4171.975454327519,1730329833.638318
-2882.480964956399,4168.734451381499,1730329833.6425076
-2812.721170511385,4113.145662921151,1730329833.6452944
-2744.771867367252,4126.936689250075,1730329833.6500125
-2805.0768739076702,4169.852038604265,1730329833.6534288
-2881.899819600561,4154.608148885745,1730329833.6579669
-2828.926185241483,4115.604354811234,1730329833.6616168
-2751.365631981568,4104.473186072491,1730329833.6665783
-2799.5559930272098,4136.503235876946,1730329833.670437
-2863.1914094914687,4143.365221424726,1730329833.6736395
-2836.9057580120275,4125.327363649293,1730329833.6775837
-2757.4006029845004,4103.020322682896,1730329833.6815455
-2774.253818303802,4137.889044033175,1730329833.6858957
-2867.348833960156,4154.0717070188175,1730329833.6894689
-2853.580159375687,4091.464470799503,1730329833.6938603
-2752.8855506045284,4067.6598629546006,1730329833.698966
-2755.7242221503525,4102.4168255826025,1730329833.7015288
-2885.029063824304,4159.749050110466,1730329833.7055728
-2875.820145108717,4146.025079014907,1730329833.709998
-2778.1430218390256,4099.824023225788,1730329833.7135007
-2751.2091697703804,4117.839529256765,1730329833.7179475
-2829.574385830687,4159.950215810563,1730329833.7224758
-2871.3944997065664,4131.29527941886,1730329833.725884
-2797.678446492964,4095.264267356905,1730329833.7284188
-2745.3306609786346,4136.950270766052,1730329833.733808
-2806.015647174793,4178.010425330452,1730329833.7375576
-2877.541229431776,4156.373936697714,1730329833.7419348
-2811.871804222084,4120.186462424572,1730329833.7455547
-2733.931271306428,4114.24089839946,1730329833.7500553
-2793.0739871351707,4160.620768144223,1730329833.75346
-2878.8152788657285,4144.549863880857,1730329833.7566588
-2839.766781302307,4116.163148422617,1730329833.7609596
-2756.7076989063858,4126.936689250075,1730329833.7661629
-2774.745556681819,4147.880273804698,1730329833.7697463
-2861.2691594683124,4185.0065213449625,1730329833.7742872
-2856.7094035994296,4140.437142901081,1730329833.7777784
-2756.5959401841096,4113.793863510355,1730329833.7818165
-2776.9807311273494,4154.474038419013,1730329833.784798
-2877.161249776036,4165.001710057462,1730329833.788632
-2868.1982002494574,4124.857977015731,1730329833.794302
-2762.385041998034,4119.448854857547,1730329833.7976923
-2758.0264518292493,4163.235922245493,1730329833.801992
-2844.639461593564,4208.83348093432,1730329833.8057697
-2874.344929974667,4157.11154426474,1730329833.809836
-2794.191574357936,4117.48190134548,1730329833.8128157
-2755.54540819471,4144.885140047686,1730329833.817149
-2819.314935125701,4171.729585138511,1730329833.8216035
-2874.456688696944,4152.350622695759,1730329833.8260832
-2814.330496112168,4123.628631070689,1730329833.829664
-2755.6795186614418,4168.533285681401,1730329833.832797
-2816.6774292799746,4205.9054024106745,1730329833.8367443
-2870.768650861818,4180.1338410537055,1730329833.8412457
-2813.9505164564275,4139.163093467128,1730329833.8450255
-2757.802934384696,4139.386610911681,1730329833.8501928
-2791.2634958342906,4176.624617174222,1730329833.8536637
-2871.28274098429,4190.147422569683,1730329833.8581502
-2835.7881707892625,4145.935672037086,1730329833.8608508
-2749.130457536037,4138.537244622379,1730329833.864864
-2766.944797866917,4189.365111513747,1730329833.869179
-2860.218627478913,4194.684826694111,1730329833.8727095
-2851.4567436524326,4137.330250421793,1730329833.8772037
-2755.031318072238,4138.20196845555,1730329833.882052
-2773.091527592126,4181.698463165577,1730329833.8864555
-2861.6267873795973,4192.203783059572,1730329833.8888752
-2866.521819415309,4154.764611096932,1730329833.892876
-2785.832021931651,4144.706326092044,1730329833.8968625
-2749.845713358606,4171.908399094153,1730329833.9012043
-2831.5860428316646,4220.098760139795,1730329833.9047005
-2866.924150815505,4205.7265884550325,1730329833.9103584
-2809.7707402432848,4154.809314585843,1730329833.9139352
-2755.187780283425,4155.256349474949,1730329833.9171
-2816.2750978797794,4194.148384827183,1730329833.9209008
-2878.658816654541,4178.904495108664,1730329833.9250667
-2819.8960804815392,4126.556709594334,1730329833.9288807
-2744.0566115446823,4142.58291036879,1730329833.9327712
-2805.680371007964,4189.298056280381,1730329833.9379027
-2886.772499891818,4171.304901993859,1730329833.9411547
-2835.8775777670835,4127.495482861457,1730329833.944858
-2758.6299489295425,4146.941500537575,1730329833.949473
-2793.319856324179,4176.378747985214,1730329833.9530249
-2880.1787352775023,4172.9142275946415,1730329833.957606
-2842.7842668037733,4158.296186720871,1730329833.9613483
-2752.8184953711625,4140.191273712072,1730329833.9658284
-2776.511344493788,4166.454573447058,1730329833.9688349
-2864.912493814528,4173.562428183845,1730329833.972828
-2860.732717601385,4144.0357737583845,1730329833.9768128
-2764.3072920211903,4137.777285310899,1730329833.980812
-2752.1479430375034,4166.119297280228,1730329833.984799
-2845.265310438313,4148.953157538553,1730329833.9888108
-2871.841534595673,4134.133950964684,1730329833.9938085
-2771.5269054802548,4117.101921689739,1730329833.996808
-2758.0711553181595,4146.382706926192,1730329834.000868
-2850.406211663033,4179.284474764404,1730329834.0048416
-2873.2273427519017,4160.084326277295,1730329834.008812
-2789.542411511232,4126.713171805522,1730329834.0128393
-2734.2665474732576,4121.348753136248,1730329834.016834
-2808.586097787153,4181.87727712122,1730329834.0218613
-2888.0465493257702,4187.085233579306,1730329834.02483
-2836.70459231193,4132.904605019642,1730329834.0278676
-2767.615350200576,4123.069837459307,1730329834.0328372
-2814.6210687900866,4145.041602258873,1730329834.036838
-2880.648121911064,4146.427410415103,1730329834.043702
-2842.828970292684,4109.994066952952,1730329834.0448737
-2749.063402302671,4121.751084536443,1730329834.0512953
-2783.060405619193,4150.897759306164,1730329834.0592744
-2882.4586132119434,4149.288433705382,1730329834.059286
-2852.060240752726,4108.8764797301865,1730329834.0611024
-2753.757268638285,4098.952305192031,1730329834.0649135
-2774.164411325981,4145.980375525996,1730329834.0689352
-2884.604380679653,4153.579968640801,1730329834.0729196
-2862.632615880086,4108.004761696429,1730329834.075946
-2760.798068141707,4079.7298049604665,1730329834.0810392
-2769.7164141793746,4113.369180365704,1730329834.0849707
-2848.953348273438,4143.655794102645,1730329834.0912375
-2869.2040287499462,4093.0737964002847,1730329834.093825
-2799.690103493941,4055.276996526361,1730329834.096098
-2763.904960620994,4090.168069621095,1730329834.1004994
-2827.7191910408965,4128.38955263967,1730329834.1086032
-2867.4382409379773,4106.663657029111,1730329834.109002
-2799.243068604835,4064.3965082641257,1730329834.1136155
-2750.4492104589,4094.928991190075,1730329834.117097
-2814.88928972355,4135.162131209628,1730329834.120006
-2882.0786335562034,4105.210793639516,1730329834.124008
-2821.550109571232,4062.5636652187904,1730329834.1280122
-2751.097411048104,4084.669540485089,1730329834.1347573
-2807.870841964584,4125.48382586048,1730329834.1373785
-2877.8541538541504,4126.6237648277,1730329834.14109
-2853.915435542516,4087.776432964377,1730329834.144134
-2768.531771723244,4067.838676910243,1730329834.1493964
-2798.3937023155336,4104.875517472687,1730329834.152217
-2883.866773112628,4133.128122464195,1730329834.15889
-2867.594703149164,4078.388700293148,1730329834.160089
-2759.859294874584,4051.097220313218,1730329834.1659875
-2769.6493589460088,4115.425540855592,1730329834.1690705
-2866.56652290422,4121.10288394724,1730329834.1720915
-2868.3993659495554,4068.643339710634,1730329834.176113
-2786.413167287489,4041.933005086542,1730329834.180102
-2767.570646711665,4085.6530172411226,1730329834.1841097
-2862.4314501799886,4110.463453586513,1730329834.1881387
-2898.19424130848,4061.8260576517655,1730329834.193127
-2800.852394205617,4050.605481935201,1730329834.1971896
-2745.9565098233834,4103.869688972198,1730329834.2001734
-2811.022437932782,4109.770549508399,1730329834.2041435
-2877.47417419841,4082.032034639363,1730329834.2082002
-2827.026286962782,4037.261490495383,1730329834.2121418
-2761.5803791976427,4034.400467205104,1730329834.2162602
-2828.903833497028,4078.701624715522,1730329834.221255
-2890.95227610496,4077.9193136595854,1730329834.225664
-2841.532569114276,4050.449019724014,1730329834.228227
-2773.449155503411,4050.9184063575753,1730329834.2324376
-2796.1138243810924,4071.5267147453687,1730329834.2365277
-2869.8075258502395,4069.0233193663744,1730329834.240567
-2843.3877639040666,4039.898996341109,1730329834.2446475
-2758.540541951721,4051.052516824308,1730329834.249734
-2782.546315496721,4066.698737943024,1730329834.2524583
-2874.993130563871,4058.540351216835,1730329834.2553651
-2870.2322089948907,4045.308118499293,1730329834.2605453
-2764.0167193432712,4014.172138473051,1730329834.2644317
-2758.6970041629083,4027.6278886351456,1730329834.268588
-2865.09130777017,4043.765848131877,1730329834.272385
-2886.0125405803374,4023.001077532897,1730329834.277648
-2806.060350663704,4010.5958593602018,1730329834.280501
-2764.6202164435645,4036.345068972715,1730329834.2836847
-2832.971850987893,4057.623929694168,1730329834.288496
-2887.0407208252814,4029.9301183140415,1730329834.2924752
-2819.046714192237,4006.103158724685,1730329834.2963753
-2742.313175477168,4026.644411879112,1730329834.3005955
-2814.17403390098,4048.906749356598,1730329834.3055336
-2881.3857294780887,4009.858251793176,1730329834.3085997
-2824.1205601835923,3968.865152462143,1730329834.311401
-2762.3626902535784,4000.60462958868,1730329834.3165624
-2807.1779378864694,4050.694888913023,1730329834.320456
-2896.115529074136,4030.533615414336,1730329834.324592
-2856.6870518549745,3973.9613501979534,1730329834.3283968
-2775.483164248844,3967.1887716279953,1730329834.332595
-2804.518080296288,4016.630830363136,1730329834.3364491
-2882.7491858898625,4023.93985080002,1730329834.3395295
-2865.247769981357,4010.037065748819,1730329834.344676
-2761.870951875562,3988.8923154940985,1730329834.3485875
-2770.319911279668,4001.0516644777854,1730329834.3525915
-2879.5305346882983,4034.8475020942096,1730329834.3566563
-2878.211781765436,3992.088614951207,1730329834.360698
-2786.189649842936,3960.237379102394,1730329834.3645625
-2767.3918327560227,3995.88841150861,1730329834.367646
-2862.073822268704,4008.204222703484,1730329834.3714852
-2892.405139494555,3986.165402670551,1730329834.3766408
-2791.643475490031,3967.16641988354,1730329834.3806012
-2741.642623143509,3992.64740856259,1730329834.3846216
-2831.630746320576,4020.587089131724,1730329834.3888648
-2898.216593052935,3998.369455143149,1730329834.3926847
-2822.444179349444,3977.02353918833,1730329834.3955376
-2744.3024807336906,3986.612437559657,1730329834.3997023
-2810.016609432293,4007.93600177002,1730329834.4045153
-2898.328351775212,3994.12262369664,1730329834.408729
-2821.1477781710364,3944.837027172688,1730329834.4125192
-2738.4239719419447,3934.7787421678,1730329834.416178
-2808.69785650943,3998.7494347988886,1730329834.4198427
-2909.571279236231,4007.2430976919054,1730329834.4238253
-2855.4353541654773,3966.361757083149,1730329834.4279072
-2754.673690160953,3948.703878963456,1730329834.432806
-2779.864106162084,3962.651367503568,1730329834.4365864
-2881.6539504115526,3976.8000217437775,1730329834.441191
-2865.605397892642,3950.804942942256,1730329834.4443612
-2772.9574171253944,3927.425018242004,1730329834.4477072
-2772.1751060694583,3937.572710224713,1730329834.4518936
-2868.3993659495554,3973.626074031124,1730329834.4557018
-2889.767633648829,3951.319033064727,1730329834.460873
-2780.668768962475,3922.150006550552,1730329834.4648347
-2757.4006029845004,3951.2072743424505,1730329834.4688475
-2854.764801831818,3998.190641187506,1730329834.4716887
-2891.734587160896,3948.033326629797,1730329834.4758
-2812.0953216666367,3911.8235006122,1730329834.4796193
-2761.870951875562,3963.0536989037632,1730329834.4837897
-2842.9407290149607,3982.164440413051,1730329834.487718
-2903.8939361445828,3947.183960340496,1730329834.4927351
-2823.338249127656,3924.1393118070737,1730329834.4956148
-2749.3986784695007,3953.665966232535,1730329834.4999995
-2802.6852372509525,3978.968140955942,1730329834.503754
-2886.1019475581584,3986.0536439482735,1730329834.5080228
-2841.666679581008,3952.190751098484,1730329834.5138576
-2746.8952830905064,3951.54255050928,1730329834.5169623
-2794.4821470358547,3975.7941932432886,1730329834.5207412
-2883.3973864790664,3997.36362664266,1730329834.5243657
-2851.3002814412453,3949.061506874741,1730329834.5281525
-2773.672672947964,3943.0935911051743,1730329834.532086
-2779.8417544176286,3961.198504113973,1730329834.536193
-2871.3944997065664,3981.5385915683023,1730329834.5399463
-2871.9756450624045,3950.0896871196855,1730329834.5441463
-2778.6571119614973,3930.2413380433727,1730329834.5494792
-2764.575512954654,3970.541533296291,1730329834.552244
-2858.877522811594,3987.282989893317,1730329834.5547888
-2897.993075608382,3945.060544617241,1730329834.5604355
-2798.0807778931594,3929.7943031542654,1730329834.564058
-2758.585245440632,3969.200428628973,1730329834.568249
-2847.120505228103,4001.990437744909,1730329834.5720105
-2897.9707238639267,3990.8592690061655,1730329834.5764048
-2814.12933041207,3946.0216696288194,1730329834.5798304
-2756.8194576286623,3965.8029634717664,1730329834.5828805
-2835.117618455603,4021.4364554210256,1730329834.587845
-2884.649084168564,3960.192675613484,1730329834.592226
-2835.542301600254,3941.260748059839,1730329834.5958548
-2773.31504503668,3952.302509820761,1730329834.6002383
-2810.061312921204,3976.442393832492,1730329834.6028745
-2886.861906869639,3965.1547628825615,1730329834.6070073
-2843.3207086707007,3912.292887245761,1730329834.611082
-2749.577492425143,3910.7282651338896,1730329834.6159863
-2792.4928417793326,3984.846649747688,1730329834.6198387
-2889.8346888821948,3982.2091439019614,1730329834.6243443
-2853.222531464402,3947.429829529504,1730329834.6280358
-2768.196495556414,3946.3122423067375,1730329834.6321757
-2775.684329948941,3961.042041902786,1730329834.6352053
-2872.646197396064,3956.459934289448,1730329834.6392016
-2878.837630610184,3929.9507653654537,1730329834.644642
-2783.350978297112,3927.939108364476,1730329834.6480577
-2757.6911756624195,3930.420151999015,1730329834.6524477
-2854.585987876176,3947.0498498737634,1730329834.6560285
-2892.896877872572,3916.942050092465,1730329834.6605844
-2798.773681971274,3907.286096487772,1730329834.6628935
-2749.4657337028666,3925.6592304300334,1730329834.6675737
-2833.620051577097,3949.642652230579,1730329834.672098
-2897.501337230365,3938.667945703024,1730329834.6764977
-2827.741542785352,3898.1889364944623,1730329834.6800797
-2755.5007047058,3901.6534568850334,1730329834.6842785
-2822.667696793997,3937.505654991348,1730329834.6870282
-2892.516898216832,3947.3404225516815,1730329834.6915247
-2832.904795754528,3916.852643114644,1730329834.6949844
-2771.0351671022377,3909.7000848889456,1730329834.6995585
-2805.6580192635083,3934.734038678889,1730329834.7041087
-2900.8764506431166,3936.656288702046,1730329834.7083116
-2864.688976369974,3890.254067212829,1730329834.7119985
-2765.2460652883133,3873.087927471152,1730329834.716266
-2781.875763163061,3923.714628662423,1730329834.7195177
-2889.231191781901,3959.231550601906,1730329834.7232122
-2871.0145200508264,3924.742808907367,1730329834.727512
-2776.3325305381454,3884.286151443261,1730329834.732617
-2782.7474811968186,3913.969268079909,1730329834.7363043
-2877.027139309304,3931.2695182883167,1730329834.739175
-2887.2418865253794,3902.279305729784,1730329834.7432303
-2796.024417403271,3896.065520771208,1730329834.7472763
-2775.058481104193,3947.742753951878,1730329834.7511911
-2854.228359964891,3946.9604428959424,1730329834.7551851
-2878.859982354639,3904.0227417972974,1730329834.760448
-2796.225583103369,3879.949913018932,1730329834.7642913
-2749.175161024948,3934.4434660009706,1730329834.7673948
-2837.1292754565807,3951.028460386808,1730329834.7710905
-2881.296322500268,3901.474642929392,1730329834.7752252
-2811.156548399514,3847.405773092005,1730329834.7791822
-2750.06923080316,3877.312407173205,1730329834.783218
-2814.17403390098,3914.3492477356494,1730329834.78816
-2904.273915800324,3919.4677972159134,1730329834.7921782
-2851.501447141344,3878.564104862703,1730329834.795089
-2768.911751378984,3878.944084518443,1730329834.799508
-2807.580269286665,3918.327858248694,1730329834.803142
-2881.3857294780887,3901.25112548484,1730329834.807499
-2850.5626738742203,3870.6068838366136,1730329834.8113396
-2777.070138105171,3904.0897970306632,1730329834.815941
-2797.7902052152403,3898.9935992948535,1730329834.8203192
-2881.2292672669014,3896.91488706051,1730329834.8234751
-2876.133069531092,3866.047127967731,1730329834.8278232
-2796.024417403271,3881.581590364169,1730329834.8312013
-2788.067196377182,3941.350155037661,1730329834.8356037
-2862.029118779793,3922.485282717381,1730329834.8393152
-2870.3886712060776,3842.7566102453006,1730329834.8446004
-2794.660960991497,3824.696400725413,1730329834.8473394
-2759.5910739411206,3906.436730198471,1730329834.8508632
-2853.1331244865805,3921.9041373615432,1730329834.8554218
-2905.503261745365,3878.787622307256,1730329834.8598497
-2820.5442810707427,3855.832380751656,1730329834.8633175
-2760.082812319137,3866.985901234854,1730329834.8675249
-2848.640423851064,3894.992637037353,1730329834.8712797
-2908.654857713563,3895.596134137647,1730329834.8755443
-2839.4538568799326,3862.3143866436944,1730329834.8784027
-2755.88068436154,3878.3182356736943,1730329834.8832915
-2798.639571504542,3910.951782578443,1730329834.8873627
-2879.441127710477,3897.3395702051607,1730329834.8915527
-2849.109810484625,3861.9344069879535,1730329834.8953395
-2759.5910739411206,3871.2774361702727,1730329834.90001
-2791.3305510676564,3902.078140029686,1730329834.9033337
-2880.7822323777955,3911.06354130072,1730329834.906571
-2870.56748516172,3867.4999913573256,1730329834.9105935
-2776.8466206606176,3879.7710990632895,1730329834.915958
-2779.8417544176286,3900.178241750985,1730329834.919692
-2875.797793364262,3860.436840109449,1730329834.9237149
-2890.035854582293,3838.4427235654266,1730329834.9277303
-2795.867955192084,3836.587528775636,1730329834.9315913
-2766.609521700087,3877.3794624065713,1730329834.9346116
-2862.2302844798905,3908.91777383301,1730329834.939495
-2886.0125405803374,3878.072366484686,1730329834.943658
-2807.021475675282,3847.76340100329,1730329834.947369
-2758.585245440632,3858.224017408373,1730329834.9515407
-2858.6093018781307,3901.6758086294894,1730329834.9554777
-2914.823939183228,3871.05391872572,1730329834.9590535
-2831.541339342754,3829.7031914834015,1730329834.962428
-2761.5356757087325,3842.846017223122,1730329834.966798
-2824.388781117056,3882.386253164561,1730329834.971412
-2900.0047326093595,3865.868314012088,1730329834.9760692
-2836.5928335896533,3827.132740871041,1730329834.9794693
-2773.2032863144027,3845.818799235678,1730329834.9824572
-2809.971905943383,3903.463948185915,1730329834.9864097
-2890.527592960309,3869.3104826582057,1730329834.990882
-2859.860999567628,3830.5078542837928,1730329834.994664
-2768.397661256512,3836.967508431376,1730329834.999553
-2804.8757082075726,3887.7059683449233,1730329835.0034442
-2892.1369185610915,3871.791526292745,1730329835.008152
-2885.297284757768,3830.954889172898,1730329835.011064
-2780.8252311736624,3826.305726326195,1730329835.0146606
-2776.8466206606176,3861.2862063987504,1730329835.0187607
-2863.3031682137453,3879.927561274477,1730329835.0225956
-2880.916342844527,3842.890720712033,1730329835.0277624
-2796.7843767147515,3836.118142142074,1730329835.031742
-2762.9885390983272,3856.637043552047,1730329835.0360918
-2869.3604909611336,3884.3085031877167,1730329835.0386703
-2908.699561202474,3861.129744187563,1730329835.0426855
-2801.6123535170977,3820.069589623164,1730329835.0466552
-2770.252856046302,3828.607956005092,1730329835.0510876
-2834.022382977293,3858.201665663918,1730329835.054587
-2880.4469562109657,3863.364918633094,1730329835.0601065
-2837.2633859233124,3845.796447491223,1730329835.063762
-2777.450117760911,3843.963604445888,1730329835.0668428
-2817.415036847,3862.6720145549793,1730329835.0705967
-2888.7171016594293,3845.5729300466696,1730329835.0751083
-2856.7094035994296,3810.368932529561,1730329835.078601
-2772.1080508360924,3811.799444174701,1730329835.0827315
-2809.8377954766506,3853.261930139295,1730329835.087525
-2891.153441805058,3872.417375137493,1730329835.0918417
-2866.320653715212,3827.579775760147,1730329835.0946505
-2769.6270072015536,3813.162900586474,1730329835.099255
-2791.039978389738,3848.389249848038,1730329835.1027849
-2894.2379825398903,3872.19385769294,1730329835.1072097
-2882.011578322837,3837.012211920287,1730329835.110927
-2784.937952153439,3815.576888987648,1730329835.116142
-2783.8203649306733,3861.554427332214,1730329835.1191046
-2878.658816654541,3895.2161544819055,1730329835.1226206
-2882.637427167586,3857.397002863527,1730329835.1271126
-2805.6133157745976,3820.337810556628,1730329835.1308084
-2783.507440508299,3849.663299281991,1730329835.1351504
-2865.2701217258123,3871.2774361702727,1730329835.13886
-2898.171889564024,3847.718697514379,1730329835.1444385
-2820.4548740929217,3825.1657873589743,1730329835.146836
-2760.596902441609,3863.1190494440857,1730329835.151173
-2838.380973146078,3898.457157427926,1730329835.1548965
-2903.022218110826,3855.318290629184,1730329835.1588187
-2835.2964324112454,3832.8547874516,1730329835.1626844
-2759.3452047521123,3856.949967974421,1730329835.166922
-2818.018533947293,3902.972209807898,1730329835.1717815
-2892.405139494555,3892.8021660807335,1730329835.1748831
-2855.547112887754,3845.707040513402,1730329835.1779697
-2760.351033252601,3854.7594970178006,1730329835.1827471
-2792.537545268244,3913.164605279518,1730329835.1867197
-2887.8453836256726,3909.230698255384,1730329835.1909907
-2884.4255667240104,3839.940290443932,1730329835.1947763
-2772.64449270302,3841.7060782559015,1730329835.204537
-2790.6599987339973,3883.928523531976,1730329835.2059069
-2881.698653900463,3893.584477136669,1730329835.2059188
-2887.085424314192,3874.361976905105,1730329835.211092
-2800.964152927894,3853.194874905929,1730329835.2177591
-2780.199382328913,3900.6252766400894,1730329835.218829
-2862.4985054133545,3954.604739499657,1730329835.2301517
-2884.9843603353934,3895.618485882102,1730329835.2301652
-2816.6550775355195,3849.037450437242,1730329835.2309077
-2766.631873444542,3886.163697977507,1730329835.2339766
-2832.122484698592,3914.483358202381,1730329835.23901
-2905.413854767544,3905.028570297786,1730329835.242849
-2833.79886553274,3873.065575726697,1730329835.2468555
-2782.613370730087,3888.331817189672,1730329835.2507749
-2849.5121418848207,3913.008143068331,1730329835.2537906
-2911.560584492753,3897.071349271697,1730329835.2577755
-2853.222531464402,3861.554427332214,1730329835.2618258
-2763.994367598816,3872.640892582048,1730329835.2667918
-2805.389798330045,3918.39491348206,1730329835.2728412
-2897.635447697097,3904.8274045976887,1730329835.2761552
-2869.248732238857,3858.38047961956,1730329835.278813
-2765.380175755045,3872.19385769294,1730329835.281927
-2807.4238070754777,3911.197651767451,1730329835.2858288
-2895.221459295924,3914.0586750577295,1730329835.289922
-2864.130182758592,3874.4737356273818,1730329835.2966125
-2776.9136758939835,3869.28813091375,1730329835.2990675
-2789.6318184890533,3903.016913296809,1730329835.3084166
-2875.730738130896,3917.724361148401,1730329835.308427
-2884.157345790547,3879.2123054519066,1730329835.3099337
-2787.866030677084,3863.588436077647,1730329835.3141503
-2765.2684170327684,3896.087872515664,1730329835.3179376
-2854.8095053207285,3917.5902506816687,1730329835.3218844
-2898.842441897684,3888.778852078778,1730329835.3269668
-2806.149757641525,3862.046165710231,1730329835.3309276
-2772.488030491833,3876.3736339060815,1730329835.3349257
-2842.918377270505,3916.8973466035545,1730329835.3379145
-2904.6091919671526,3905.028570297786,1730329835.3418894
-2846.405249405533,3862.493200599337,1730329835.34593
-2773.4268037589554,3881.1569072195184,1730329835.3499231
-2831.3401736426563,3911.220003511906,1730329835.3539455
-2909.571279236231,3903.8886313305657,1730329835.3589945
-2844.505351126832,3858.71575578639,1730329835.3626697
-2758.741707651819,3873.177334448974,1730329835.3671403
-2808.31787685369,3931.984774110887,1730329835.3700967
-2906.7996629237728,3909.163643022018,1730329835.3764906
-2879.5305346882983,3855.698270284924,1730329835.382522
-2768.8223444011624,3857.888741241544,1730329835.382538
-2792.984580157349,3872.752651304323,1730329835.3870387
-2885.0514155687592,3911.801148867744,1730329835.3901968
-2868.309958971734,3874.116107716097,1730329835.394181
-2779.93116139545,3840.722601499868,1730329835.3982296
-2790.771757456274,3876.619503095091,1730329835.4020417
-2894.5285552178093,3909.230698255384,1730329835.406243
-2898.2612965418457,3881.4474798974375,1730329835.4102533
-2808.027304175771,3863.3425668886384,1730329835.4153233
-2782.83688817464,3889.047073012242,1730329835.41818
-2847.99222326186,3935.583404968191,1730329835.4222896
-2883.173869034513,3910.236526755873,1730329835.4263663
-2803.802824473718,3884.5096688878143,1730329835.4304562
-2763.368518754068,3899.2841719727726,1730329835.434288
-2830.088475953159,3938.623242214113,1730329835.4384289
-2864.890142070072,3911.421169212004,1730329835.4433873
-2801.0088564168045,3866.3153489011934,1730329835.44619
-2777.807745672196,3906.704951131934,1730329835.450183
-2822.2653653938014,3946.3122423067375,1730329835.4541526
-2907.2019943239684,3930.733076421389,1730329835.4585652
-2871.908589829038,3889.069424756697,1730329835.4621627
-2791.2634958342906,3890.634046868569,1730329835.4663286
-2804.853356463117,3928.833178142688,1730329835.4713428
-2870.723947372908,3894.8585265706215,1730329835.4743464
-2860.062165267726,3876.753613561823,1730329835.4773624
-2773.0021206143047,3890.164660235007,1730329835.4823115
-2787.329588810157,3916.20444252544,1730329835.486199
-2885.3643399911334,3933.5940997116686,1730329835.4902773
-2858.966929789416,3906.816709854211,1730329835.4945495
-2758.898169863006,3879.7710990632895,1730329835.498322
-2756.908864606484,3899.775910350789,1730329835.501421
-2858.765764089318,3933.9070241340432,1730329835.5052185
-2878.032967809793,3922.239413528373,1730329835.51044
-2777.070138105171,3871.880933270566,1730329835.5144544
-2751.030355814738,3858.201665663918,1730329835.5185285
-2832.435409120966,3847.9198632144767,1730329835.5223134
-2855.5247611432983,3799.595391702103,1730329835.5255249
-2802.0146849172934,3862.6049593216135,1730329835.5293036
-2751.9244255929502,3932.521215977814,1730329835.5335493
-2841.197292947447,3924.92162286301,1730329835.5373518
-2888.3818254926,3915.042151813764,1730329835.542454
-2813.056446678216,3893.24920096984,1730329835.5463338
-2768.7552891677965,3912.851680857144,1730329835.5505383
-2812.877632722573,3970.474478062925,1730329835.5533242
-2873.47321194091,3958.091611634685,1730329835.5575356
-2831.876615509584,3907.353151721138,1730329835.5613077
-2762.5191524647657,3916.338552992172,1730329835.56609
-2793.8339464466508,3963.008995414853,1730329835.5703907
-2876.9377323314825,3960.416193058037,1730329835.574609
-2845.08649648267,3918.8643001156215,1730329835.5775049
-2786.3908155430336,3912.0470180567527,1730329835.5815804
-2773.560914225688,3948.860341174644,1730329835.5855827
-2863.9737205474044,3943.451219016459,1730329835.589602
-2873.540267174276,3888.488279400859,1730329835.5935712
-2772.7562514252963,3892.019855024797,1730329835.5985675
-2770.6998909354083,3969.826277473721,1730329835.602553
-2871.1039270286474,3999.777615043833,1730329835.605594
-2886.146651047069,3961.8243529587216,1730329835.609398
-2790.190612100436,3905.140329020063,1730329835.6135557
-2732.411352683467,3924.854567629644,1730329835.6175616
-2817.0797606801702,3942.1548178380513,1730329835.621562
-2883.866773112628,3973.3802048421153,1730329835.626548
-2815.0681036791925,3945.105248106152,1730329835.6305826
-2762.9438356094165,3956.2811203338056,1730329835.633587
-2832.27894690978,3991.775690528833,1730329835.637523
-2899.7141599314405,3993.496774851892,1730329835.6415932
-2844.147723215547,3955.6552714890568,1730329835.645529
-2749.1975127694027,3949.7320592084006,1730329835.6495917
-2798.5278127822653,3965.758259982856,1730329835.653442
-2892.7180639169296,3989.652274805579,1730329835.6586473
-2866.2983019707567,3958.583350012702,1730329835.661482
-2795.286809836246,3947.720402207423,1730329835.665636
-2815.4257315904774,3985.897181737087,1730329835.6695335
-2898.6189244531306,3993.452071362981,1730329835.6737175
-2870.2322089948907,3961.444373302981,1730329835.6776211
-2774.9467223819165,3962.092573892185,1730329835.681554
-2771.9739403693607,4000.403463888581,1730329835.6865387
-2879.61994166612,4016.340257685216,1730329835.689785
-2894.506203473354,3983.527896824825,1730329835.6937385
-2782.0992806076147,3967.769916983834,1730329835.6977737
-2751.1421145370145,4004.225612190439,1730329835.7017455
-2837.933938256972,4033.6628596380783,1730329835.7057693
-2878.56940967672,4012.451054149992,1730329835.7097907
-2800.740635483341,3987.573562571236,1730329835.713802
-2746.4035447124893,4006.974876758442,1730329835.7187808
-2823.360600872112,4040.7036591415,1730329835.7217891
-2890.1029098156587,4022.1517112435954,1730329835.725846
-2823.293545638746,3997.1401091981065,1730329835.7298484
-2749.4880854473217,4015.2450222069056,1730329835.7338588
-2802.998161673327,4055.791086648832,1730329835.7388728
-2887.66656967003,4033.6628596380783,1730329835.7417924
-2839.498560368844,3999.040007476808,1730329835.7446263
-2761.31215826418,4005.231440690928,1730329835.7498574
-2797.7902052152403,4042.6706126535673,1730329835.753654
-2885.744319646873,4044.861083610188,1730329835.757832
-2866.2983019707567,4008.2712779368494,1730329835.7616825
-2779.573533484165,4007.7571878143776,1730329835.7656713
-2787.9777893993605,4050.9184063575753,1730329835.769648
-2879.3293689882007,4070.6773484560654,1730329835.772822
-2871.372147962112,4034.936909072031,1730329835.7767513
-2773.2032863144027,4026.577356645746,1730329835.7816985
-2765.290768777224,4067.972787376975,1730329835.7859082
-2858.9222263005054,4088.5587440203126,1730329835.7898653
-2883.755014390352,4061.379022762659,1730329835.793982
-2797.1420046260364,4036.926214328553,1730329835.7980144
-2763.0108908427824,4072.309025801304,1730329835.800904
-2843.3430604151563,4108.295334374348,1730329835.8054724
-2889.8346888821948,4090.436290554559,1730329835.810073
-2811.4247693329776,4060.484952984447,1730329835.8143444
-2754.9866145833275,4079.3721770491816,1730329835.81829
-2822.019496204793,4118.95711647953,1730329835.820932
-2886.325465002712,4110.284639630871,1730329835.825052
-2825.863996251106,4078.254589826416,1730329835.8288243
-2753.869027360562,4089.6316277541673,1730329835.8330765
-2811.0894931661483,4128.322497406304,1730329835.83809
-2895.4673284849323,4126.489654360968,1730329835.842065
-2848.081630239681,4091.129194632673,1730329835.8458283
-2755.768925639263,4093.1408516336505,1730329835.8490417
-2785.608504487098,4134.089247475773,1730329835.8528197
-2877.5859329206864,4147.880273804698,1730329835.8570528
-2867.929979315994,4108.988238452464,1730329835.8609142
-2768.956454867894,4109.1670524081055,1730329835.8660247
-2768.2411990453243,4149.8472273167645,1730329835.8698685
-2863.6831478694858,4168.890913592686,1730329835.8740544
-2875.373110219611,4140.794770812366,1730329835.8770268
-2784.7144347088856,4125.617936327211,1730329835.8810403
-2762.8991321205062,4159.279663476904,1730329835.885023
-2850.8085430632286,4186.280570778915,1730329835.8889298
-2889.2088400374464,4158.162076254139,1730329835.8929796
-2808.608449531609,4130.892948018664,1730329835.8980887
-2763.8155536431736,4160.799582099865,1730329835.9020755
-2838.984470246371,4197.121166839739,1730329835.9049425
-2891.354607505156,4179.865620120242,1730329835.9089253
-2822.5335863272653,4148.640233116178,1730329835.9129682
-2758.384079740534,4168.890913592686,1730329835.9171247
-2823.628821805575,4201.815033175353,1730329835.9210014
-2897.590744208186,4191.533230725912,1730329835.9261956
-2837.5316068567763,4160.956044311052,1730329835.9302533
-2752.3044052486903,4172.489544449991,1730329835.9330282
-2797.566687770687,4208.475853023035,1730329835.9370284
-2884.894953357572,4209.816957690354,1730329835.941138
-2851.0097087633267,4175.194105529083,1730329835.9449792
-2760.999233841805,4176.11052705175,1730329835.9491334
-2777.114841594081,4215.0025624039845,1730329835.9540944
-2867.304130471245,4225.619641020256,1730329835.957096
-2857.447011166455,4193.075501093328,1730329835.9601872
-2763.390870498523,4183.307788766359,1730329835.9650235
-2760.0157570857714,4215.874280437742,1730329835.9690163
-2858.6316536225863,4224.099722397295,1730329835.9731605
-2878.368243976622,4191.354416770269,1730329835.977158
-2788.9389144109387,4170.433183960103,1730329835.9820952
-2758.384079740534,4201.233887819515,1730329835.985114
-2842.3372319146674,4229.441789322113,1730329835.988268
-2884.313808001734,4202.68675120911,1730329835.9932137
-2806.060350663704,4172.131916538706,1730329835.9972253
-2757.199437284403,4196.45061450608,1730329836.001176
-2828.188577674458,4232.436923079124,1730329836.0053427
-2886.0795958137032,4217.014219404962,1730329836.0102684
-2824.545243328243,4180.1338410537055,1730329836.0131695
-2756.774754139752,4193.030797604418,1730329836.0164351
-2816.69978102443,4223.384466574725,1730329836.0213368
-2894.3944447510776,4211.180414102128,1730329836.0252266
-2838.1798074459803,4181.050262576373,1730329836.0292838
-2747.387021468523,4193.321370282337,1730329836.033352
-2787.21783008788,4226.469007309557,1730329836.03827
-2876.848325353661,4222.669210752155,1730329836.0413923
-2854.585987876176,4183.955989355563,1730329836.0440874
-2763.5920361986205,4179.865620120242,1730329836.049375
-2778.053614861204,4215.673114737644,1730329836.0532887
-2874.3672817191223,4225.21730962006,1730329836.0573988
-2870.500429928354,4193.656646449166,1730329836.061214
-2774.186763070436,4178.569218941834,1730329836.0652933
-2753.1984750269025,4216.678943238133,1730329836.0692737
-2846.159380216525,4236.057905680884,1730329836.0725064
-2871.6403688955747,4204.296076809893,1730329836.0773942
-2780.1770305844584,4183.643064933189,1730329836.0814192
-2739.966242309361,4217.416550805157,1730329836.0854793
-2822.7571037718185,4248.440772109124,1730329836.0898466
-2876.200124764457,4218.958821172574,1730329836.0924609
-2805.3003913522234,4182.369015499236,1730329836.0963044
-2745.5988819120985,4203.781986687421,1730329836.100283
-2811.737693755352,4238.203673148593,1730329836.1042492
-2883.799717879262,4218.914117683664,1730329836.109402
-2826.333382884668,4180.536172453902,1730329836.1134465
-2751.253873259291,4192.896687137686,1730329836.1175013
-2804.898059952028,4227.184263132127,1730329836.1203632
-2884.2914562572787,4221.328106084837,1730329836.1242764
-2844.1030197266364,4182.927809110619,1730329836.1283524
-2755.970091339361,4185.028873089418,1730329836.1325116
-2782.8145364301845,4221.2834025959255,1730329836.1372368
-2875.9319038309936,4221.5963270183,1730329836.141442
-2861.0009385348485,4183.866582377742,1730329836.1453314
-2770.543428724221,4176.82578287432,1730329836.1482787
-2772.26451304728,4214.041437392407,1730329836.152361
-2861.604435635142,4229.486492811024,1730329836.1564622
-2870.18750550598,4194.617771460745,1730329836.160489
-2780.3334927956457,4176.78107938541,1730329836.1654737
-2760.194571041414,4207.112396611261,1730329836.169434
-2847.031098250282,4231.811074234375,1730329836.1735325
-2881.1398602890804,4203.044379120395,1730329836.1765337
-2804.2945628517346,4171.595474671778,1730329836.1804817
-2762.2509315313023,4195.265972049949,1730329836.1845477
-2837.4198481345,4224.457350308579,1730329836.1885502
-2888.895915615072,4205.92775415513,1730329836.1925528
-2818.800845003229,4175.439974718091,1730329836.197568
-2751.9467773374054,4197.076463350829,1730329836.200572
-2812.184728644458,4232.816902734864,1730329836.2045703
-2883.9114766015387,4218.489434539012,1730329836.2096252
-2821.7736270157848,4191.376768514725,1730329836.2135866
-2738.8486550865955,4205.123091354739,1730329836.2165928
-2785.317931809179,4242.495208084012,1730329836.2204757
-2873.0485287962592,4238.31543187087,1730329836.2246304
-2846.069973238704,4196.383559272714,1730329836.2284367
-2758.853466374096,4195.73535868351,1730329836.2325232
-2780.154678840004,4234.158007402183,1730329836.237399
-2874.859020097139,4236.683754525632,1730329836.2416675
-2867.639406638075,4200.317466296848,1730329836.244475
-2773.3373967811344,4194.327198782826,1730329836.2486637
-2768.196495556414,4234.158007402183,1730329836.2525563
-2853.8483803091503,4260.935397259641,1730329836.2567005
-2869.114621772125,4229.21827187756,1730329836.2606716
-2782.903943408006,4208.677018723133,1730329836.265735
-2755.6571669169866,4242.495208084012,1730329836.2686992
-2847.1428569725585,4263.237626938538,1730329836.272718
-2888.2700667703234,4240.103571427295,1730329836.276717
-2799.4218825604776,4222.043361907407,1730329836.2807033
-2744.9953848118053,4252.911121000186,1730329836.2865405
-2820.521929326288,4288.584505150856,1730329836.289734
-2885.6549126690525,4267.8867897852415,1730329836.2937236
-2823.740580527852,4231.587556789823,1730329836.2965703
-2756.9759198398497,4246.295004641414,1730329836.2997084
-2812.251783877824,4288.7856708509535,1730329836.304683
-2891.444014482977,4278.213295723593,1730329836.308611
-2836.928109756483,4249.0442692094175,1730329836.3125665
-2747.834056357629,4259.840161781331,1730329836.3165708
-2781.249914318313,4300.766205878997,1730329836.3205323
-2864.979549047893,4304.521298947489,1730329836.3247762
-2838.939766757461,4271.418365409179,1730329836.32758
-2752.7514401377966,4266.143353717727,1730329836.33279
-2766.2295420443465,4304.9906855810505,1730329836.336604
-2860.062165267726,4313.596107196344,1730329836.3412004
-2862.5208571578096,4275.978121278063,1730329836.3446655
-2771.415146757978,4262.008280993496,1730329836.34936
-2761.781544897741,4296.966409321596,1730329836.3526158
-2850.629729107586,4321.776845666986,1730329836.3558729
-2875.4625171974326,4288.5621534064,1730329836.3608253
-2783.999178886316,4271.060737497895,1730329836.364795
-2744.6601086449755,4307.47172921559,1730329836.3686883
-2831.3401736426563,4331.85748241633,1730329836.3728533
-2880.916342844527,4306.689418159654,1730329836.375889
-2808.4743390648773,4273.452374154613,1730329836.3798597
-2750.091582547615,4300.766205878997,1730329836.3838732
-2819.761970014807,4337.557177252434,1730329836.3888934
-2890.348779004667,4317.597069453844,1730329836.392802
-2823.829987505673,4289.009188295507,1730329836.3968065
-2747.387021468523,4309.215165283104,1730329836.400654
-2803.2663826067906,4346.654337245744,1730329836.4065285
-2886.3031132582564,4340.9099389207295,1730329836.4076746
-2843.23130169288,4304.700112903132,1730329836.4117167
-2755.88068436154,4304.5660024364,1730329836.4158514
-2780.154678840004,4355.036241416484,1730329836.4212365
-2872.4897351848767,4361.115915908327,1730329836.4284356
-2859.5480751452537,4318.267621787503,1730329836.4287767
-2767.7941641562184,4313.461996729612,1730329836.4318285
-2767.056556589193,4359.171314140715,1730329836.4360704
-2861.671490868508,4373.29761663647,1730329836.4398787
-2871.930941573494,4338.227729586092,1730329836.4437852
-2776.9583793828942,4329.219976570604,1730329836.4487832
-2754.6513384164978,4364.647491532265,1730329836.4527707
-2844.125371471092,4388.228581932614,1730329836.4596753
-2874.5907991636755,4359.797162985464,1730329836.4618196
-2781.1381555960365,4341.535787765478,1730329836.463832
-2739.1839312534253,4369.050785189961,1730329836.4697971
-2819.359638614612,4400.924372783229,1730329836.474688
-2879.8211073662173,4372.984692214095,1730329836.4758368
-2810.1730716434804,4344.128590122294,1730329836.48125
-2745.218902256358,4370.526000324011,1730329836.4848473
-2809.1001879096257,4405.707646096665,1730329836.4877827
-2811.2683071217907,4927.822044828182,1730329841.5747387
-2837.4869033678656,4905.671466072973,1730329841.57878
-2736.993460296805,4845.5452734881965,1730329841.5827825
-2693.1840411644034,4895.099090945612,1730329841.58681
-2778.4559462614,4935.578100154174,1730329841.5897908
-2836.1905021894577,4904.442120127931,1730329841.594803
-2762.206228042392,4868.634625510529,1730329841.5988047
-2698.324942389124,4865.550084775697,1730329841.6027968
-2760.574550697154,4896.462547357386,1730329841.6067295
-2824.2993741392347,4884.504364073797,1730329841.6107843
-2789.9894464003382,4852.519017758253,1730329841.6148455
-2714.418198396945,4861.415012051465,1730329841.6175995
-2751.2762250037463,4894.853221756604,1730329841.621812
-2831.206063175925,4896.574306079663,1730329841.6266315
-2787.1731265989697,4838.86210189606,1730329841.6308205
-2703.510547102755,4802.004075289259,1730329841.6347113
-2743.16254176647,4872.68029125694,1730329841.6389084
-2831.384877131567,4902.251649171311,1730329841.6426673
-2812.899984467028,4848.249834567289,1730329841.6459105
-2721.9060327894726,4840.851407152582,1730329841.6498966
-2715.9604687643614,4887.63360829754,1730329841.654916
-2813.570536800687,4875.541314547219,1730329841.6588993
-2827.9427084854497,4844.830017665627,1730329841.662923
-2734.06538177316,4833.989421604803,1730329841.6669269
-2715.6475443419868,4848.115724100558,1730329841.670942
-2812.609411789109,4886.15839316349,1730329841.6739423
-2837.2633859233124,4870.512172044775,1730329841.6780076
-2742.603748155087,4818.119683041535,1730329841.683025
-2707.958544249361,4822.902956354971,1730329841.6871295
-2783.283923063746,4864.9689394198585,1730329841.6910212
-2843.3877639040666,4848.942738645404,1730329841.6950195
-2774.9467223819165,4799.724197354817,1730329841.6979673
-2712.652410584976,4814.85632835106,1730329841.7018836
-2775.192591570925,4859.425706794943,1730329841.706082
-2835.2293771778795,4849.747401445795,1730329841.711026
-2774.186763070436,4814.766921373239,1730329841.7150264
-2698.570811578132,4812.464691694342,1730329841.7189672
-2746.9399865794167,4859.179837605934,1730329841.722022
-2826.08751369566,4829.608479691563,1730329841.725797
-2802.439368061944,4815.035142306703,1730329841.7300508
-2712.0712652291377,4810.743607371283,1730329841.734086
-2730.9808410383275,4825.205186033868,1730329841.7379916
-2808.3625803426007,4817.560889430152,1730329841.7428412
-2808.384932087056,4794.09155775208,1730329841.7471802
-2710.260773928258,4764.766069026718,1730329841.7501087
-2712.25007918478,4808.687246881395,1730329841.7540576
-2814.5987170456315,4841.05257285268,1730329841.7578373
-2841.6890313254635,4798.450147920865,1730329841.762081
-2734.154788750981,4762.329728881089,1730329841.7660916
-2705.164576192448,4783.094499480069,1730329841.7710314
-2795.1750511139694,4821.897127854482,1730329841.7750397
-2842.9854325038714,4805.088616024091,1730329841.778047
-2747.387021468523,4733.250109344735,1730329841.782096
-2693.9440004758835,4776.679548821396,1730329841.786048
-2771.4374985024333,4800.238287477289,1730329841.7900512
-2845.3547174161336,4780.412290145432,1730329841.7941122
-2779.573533484165,4738.994507669748,1730329841.7991476
-2695.262753398747,4747.532874051675,1730329841.803136
-2756.908864606484,4785.374377414511,1730329841.8063416
-2851.3896884190667,4779.115888967024,1730329841.8099964
-2795.733844725352,4753.523141565698,1730329841.814221
-2696.15682317696,4734.613565756508,1730329841.8179593
-2737.284032974724,4770.264598162723,1730329841.8224432
-2831.2954701537456,4781.954560512849,1730329841.827038
-2824.2323189058684,4736.468760546299,1730329841.830466
-2730.578509638132,4715.905155647416,1730329841.8343103
-2732.5901666391096,4762.888522492472,1730329841.8381553
-2826.221624162391,4763.782592270683,1730329841.842445
-2824.634650306064,4725.471702274287,1730329841.8461535
-2720.833149055618,4691.385291979944,1730329841.8503225
-2708.942021005395,4746.772914740195,1730329841.8553376
-2797.2090598594023,4791.1858309728905,1730329841.8582537
-2819.091417681148,4749.3210136081,1730329841.8610775
-2732.187835238914,4712.731207934762,1730329841.8665545
-2707.1762331934256,4711.613620711997,1730329841.8702345
-2781.294617807224,4750.41624908641,1730329841.8746724
-2823.6511735500308,4746.124714150991,1730329841.8781087
-2762.3626902535784,4686.400852966411,1730329841.8834016
-2698.928439489417,4687.1161087889805,1730329841.886089
-2767.12361182256,4739.977984425782,1730329841.889527
-2833.08360971017,4737.1840163688685,1730329841.8941133
-2775.483164248844,4700.54950720662,1730329841.898286
-2690.971218463328,4694.380425736956,1730329841.902109
-2746.180027267936,4706.115091575992,1730329841.9063585
-2835.117618455603,4709.199632310824,1730329841.9111457
-2794.3927400580337,4685.417376210377,1730329841.914582
-2713.188852451903,4662.708003843785,1730329841.917194
-2735.697059118397,4701.063597329092,1730329841.9228015
-2828.0991706966365,4727.013972641704,1730329841.9262364
-2818.979658958872,4687.361977977989,1730329841.9307363
-2715.9828205088165,4634.969488974749,1730329841.934206
-2729.840902071107,4670.419355680866,1730329841.9383588
-2809.681333265464,4686.02087331067,1730329841.9417756
-2825.215795661902,4642.434971622822,1730329841.945923
-2733.059553272671,4641.183273933324,1730329841.9499533
-2703.376436636024,4666.35133819,1730329841.9544597
-2802.8864029510505,4682.109318030992,1730329841.9583795
-2840.0126504913155,4662.730355588241,1730329841.962507
-2742.134361521525,4600.927782169317,1730329841.9655216
-2705.701018059375,4622.854843479972,1730329841.9693496
-2791.3305510676564,4648.15701820338,1730329841.973826
-2842.18076970348,4631.974355217738,1730329841.9772744
-2771.504553735799,4613.467110808744,1730329841.9824436
-2698.6602185559536,4613.042427664092,1730329841.9863896
-2753.645509916009,4637.428180864833,1730329841.9902532
-2843.6783365819856,4657.790620063618,1730329841.993234
-2787.351940554612,4619.077398667026,1730329841.9973445
-2690.010093451749,4584.454546505755,1730329842.0013285
-2744.0566115446823,4641.227977422235,1730329842.005974
-2836.570481845198,4649.162846703869,1730329842.010367
-2810.553051299221,4602.693569981286,1730329842.0147283
-2703.801119780674,4609.24263110669,1730329842.0184124
-2714.418198396945,4652.314442672067,1730329842.0215616
-2818.711438025408,4657.388288663422,1730329842.0255969
-2815.9845252018604,4607.163918872348,1730329842.029879
-2713.255907685269,4600.704264724764,1730329842.033985
-2720.2520036997803,4646.502989113687,1730329842.0375218
-2818.756141514318,4660.249311953701,1730329842.042664
-2830.9378422424606,4627.34754411549,1730329842.046664
-2748.3034429911904,4586.734424440197,1730329842.049558
-2720.2520036997803,4619.01034343366,1730329842.0541346
-2794.951533669416,4647.307651914079,1730329842.0576017
-2831.7201532983963,4605.755758971663,1730329842.0617015
-2753.645509916009,4573.345729511468,1730329842.0667143
-2706.6621430709533,4614.182366631314,1730329842.07052
-2782.926295152461,4649.028736237137,1730329842.0736115
-2837.2410341788573,4634.388343618911,1730329842.0774276
-2773.180934569947,4588.723729696719,1730329842.0818105
-2718.329753676624,4595.563363500043,1730329842.0853872
-2774.3655770260784,4641.518550100154,1730329842.0896125
-2839.5879673466648,4624.464169080755,1730329842.0934412
-2795.487975536344,4584.901581394861,1730329842.0989077
-2721.9060327894726,4593.305837310057,1730329842.1014504
-2748.8845883470285,4634.164826174358,1730329842.1058574
-2831.317821898201,4643.597262334498,1730329842.1094625
-2819.829025248173,4595.093976866481,1730329842.113778
-2720.2296519553247,4587.3826250294005,1730329842.1174707
-2733.3724776950453,4638.746933787696,1730329842.1219356
-2827.160397429514,4644.983070490726,1730329842.126492
-2816.69978102443,4602.4700525367325,1730329842.1300185
-2715.6028408530765,4588.880191907906,1730329842.1341796
-2706.684494815409,4646.614747835964,1730329842.1376493
-2790.3023708227124,4641.362087888967,1730329842.1419785
-2842.4266388924884,4608.393264817389,1730329842.1458645
-2760.082812319137,4605.979276416216,1730329842.1496568
-2708.2044134383696,4627.995744704694,1730329842.15466
-2798.594868015632,4661.746878832207,1730329842.1576407
-2837.576310345687,4627.906337726872,1730329842.1621726
-2756.1712570394584,4593.596409987976,1730329842.165861
-2710.417236139445,4615.881099209917,1730329842.1697764
-2771.3704432690674,4659.3999456644,1730329842.1741405
-2844.348888915645,4653.946120017305,1730329842.1776707
-2791.6211237455755,4597.440910034288,1730329842.1832156
-2711.1771954509254,4573.077508578004,1730329842.1855292
-2763.122649565059,4631.683782539819,1730329842.1897762
-2846.1370284720697,4633.24840465169,1730329842.1935709
-2814.419903089989,4574.485668478688,1730329842.1976569
-2715.938117019906,4565.142639296369,1730329842.201634
-2741.754381865785,4611.589564274498,1730329842.206149
-2842.851322037139,4611.276639852124,1730329842.2096295
-2821.013667704304,4591.696511709275,1730329842.2125905
-2731.6960968608973,4604.079378137515,1730329842.217132
-2727.1363409920145,4627.101674926481,1730329842.2221117
-2820.4995775818325,4624.4194655918445,1730329842.2258806
-2834.447066121944,4599.139642612892,1730329842.229884
-2743.54252142221,4566.081412563492,1730329842.2339385
-2723.962393279361,4597.709130967753,1730329842.237686
-2804.786301229752,4635.170654674846,1730329842.2411635
-2839.252691179835,4624.039485936104,1730329842.2449577
-2759.993405341316,4580.542991226076,1730329842.249859
-2716.027523997728,4597.664427478841,1730329842.254328
-2786.4578707764,4643.77607629014,1730329842.2578578
-2842.918377270505,4612.349523585978,1730329842.2624424
-2764.3072920211903,4568.987139342683,1730329842.2650003
-2702.3929598799896,4622.63132603542,1730329842.2687354
-2759.121687307559,4636.154131430881,1730329842.2729714
-2851.61320586362,4609.644962506886,1730329842.2777512
-2799.6677517494863,4580.386529014889,1730329842.2821832
-2707.1762331934256,4586.980293629204,1730329842.2857397
-2748.1693325244587,4618.630363777919,1730329842.2899327
-2851.121467485603,4614.24942186468,1730329842.2938163
-2803.087568651148,4579.201886558758,1730329842.2974613
-2698.4143493669453,4566.930778852794,1730329842.3007133
-2748.728126135841,4610.740197985197,1730329842.304998
-2841.733734814374,4641.004459977682,1730329842.309832
-2828.3226881411897,4596.211564089246,1730329842.3140304
-2732.187835238914,4585.706244195252,1730329842.3172264
-2732.3666491945564,4624.777093503129,1730329842.3210392
-2828.2332811633687,4625.380590603422,1730329842.3252423
-2832.9494992434384,4580.565342970532,1730329842.3294249
-2745.151847022992,4579.268941792124,1730329842.3341444
-2726.868120058551,4613.310648597557,1730329842.338108
-2822.3994758605336,4641.183273933324,1730329842.3419776
-2842.51604587031,4612.170709630336,1730329842.3449545
-2746.82822785714,4560.515828194121,1730329842.34905
-2715.044047241693,4590.534220997599,1730329842.3535051
-2797.2090598594023,4624.754741758674,1730329842.357643
-2857.268197210813,4600.950133913771,1730329842.3610415
-2786.256705076302,4569.680043420797,1730329842.3663805
-2715.044047241693,4587.159107584847,1730329842.369846
-2787.508402765799,4607.454491550266,1730329842.3728766
-2876.3789387201,4607.968581672738,1730329842.377045
-2798.3042953377126,4582.174668571314,1730329842.3812375
-2686.0538346831604,4552.960938568227,1730329842.384828
-2733.037201528216,4593.976389643716,1730329842.3892152
-2828.0321154632707,4599.430215290811,1730329842.392939
-2809.189594887447,4567.422517230812,1730329842.3980472
-2728.4327421704224,4558.28065374859,1730329842.4009476
-2733.998326539794,4567.3778137419,1730329842.4054255
-2841.286699925268,4574.418613245322,1730329842.4091952
-2845.6452900940526,4531.771484824596,1730329842.4131927
-2750.091582547615,4536.085371504471,1730329842.4171824
-2723.4930066458,4578.911313880839,1730329842.421471
-2812.162376900003,4569.992967843172,1730329842.4259734
-2835.0729149666927,4520.394446896845,1730329842.4296253
-2749.577492425143,4482.575295278465,1730329842.4334867
-2723.1577304789703,4526.921156277795,1730329842.4371333
-2805.121577396581,4568.830677131496,1730329842.4411287
-2842.806618548229,4535.9065575488285,1730329842.445646
-2773.873838648062,4479.803678966007,1730329842.449266
-2712.875928029529,4481.167135377781,1730329842.4544303
-2780.959341640394,4547.015374543116,1730329842.4572833
-2859.056336767237,4520.707371319219,1730329842.4610653
-2804.2722111072794,4467.733736960142,1730329842.4655075
-2716.787483309208,4487.157402891803,1730329842.469057
-2763.614387943076,4537.046496516049,1730329842.473276
-2850.830894807684,4516.996981739639,1730329842.4771037
-2802.998161673327,4474.238094596636,1730329842.4814568
-2733.3277742061346,4481.569466777976,1730329842.4841185
-2755.567759939165,4526.474121388688,1730329842.4893272
-2839.431505135477,4511.386693881356,1730329842.4930124
-2834.000031232838,4480.049548155016,1730329842.4975955
-2740.390925454012,4469.544228261021,1730329842.5010104
-2742.246120243802,4507.184565923759,1730329842.5051904
-2851.166170974513,4520.03681898556,1730329842.5090213
-2854.6977465984523,4488.632618025854,1730329842.512198
-2749.868065103062,4458.346004288913,1730329842.5161967
-2728.388038681512,4490.5325163045545,1730329842.5212035
-2821.952440971427,4524.127188220881,1730329842.525201
-2826.6239555625866,4465.945597403717,1730329842.5292056
-2748.5716639246543,4429.556957430477,1730329842.5332255
-2725.862291558062,4479.758975477097,1730329842.5371325
-2796.963190670394,4506.268144401091,1730329842.5402014
-2843.253653437335,4475.512144030588,1730329842.545176
-2769.9846351128385,4443.21387329267,1730329842.5492373
-2708.159709949459,4440.755181402586,1730329842.553133
-2777.3383590386343,4479.401347565812,1730329842.5570858
-2860.2856827122787,4453.9650623756725,1730329842.5600572
-2807.021475675282,4427.187672518215,1730329842.5641444
-2713.278259429724,4438.989393590617,1730329842.5680602
-2757.9817483403385,4450.142914073815,1730329842.5723264
-2843.857150537628,4441.761009903074,1730329842.5771377
-2806.529737297265,4417.889346824807,1730329842.5813155
-2722.1519019784814,4423.477282938634,1730329842.585218
-2752.97495758235,4447.863036139373,1730329842.588289
-2858.9222263005054,4463.822181680463,1730329842.592278
-2833.061257965715,4426.740637629108,1730329842.596228
-2749.9127685919725,4402.801919317475,1730329842.6001396
-2743.319003977657,4440.241091280114,1730329842.6053443
-2832.3012986542344,4467.018481137572,1730329842.609203
-2846.606415105631,4433.088533054416,1730329842.6135075
-2749.577492425143,4383.691177808187,1730329842.616248
-2725.281146202224,4411.563803143955,1730329842.6208797
-2814.1069786676144,4443.727963415142,1730329842.6248064
-2853.490752397865,4436.329536000435,1730329842.6289806
-2771.5269054802548,4396.990465759095,1730329842.6335664
-2726.3763816805345,4407.562840886455,1730329842.6374283
-2805.881536708061,4440.039925580016,1730329842.641817
-2864.4207554365107,4430.741599886608,1730329842.6444712
-2793.319856324179,4407.071102508438,1730329842.648411
-2715.6475443419868,4423.454931194178,1730329842.6523373
-2774.83496365964,4438.944690101706,1730329842.6565733
-2859.190447233969,4430.652192908788,1730329842.660284
-2794.3927400580337,4400.522041383033,1730329842.6658168
-2709.612573339054,4406.132329241315,1730329842.6694689
-2744.8836260895287,4451.238149552125,1730329842.6729207
-2844.862979038117,4464.112754358382,1730329842.6763508
-2817.6609060360083,4416.727056113131,1730329842.6805685
-2720.676686844431,4399.58326811591,1730329842.6842828
-2752.080887804137,4443.303280270491,1730329842.688714
-2836.70459231193,4456.356699032391,1730329842.6933465
-2828.6579643080195,4394.889401780296,1730329842.6968832
-2730.2655852157577,4396.63283784781,1730329842.7007408
-2730.802027082685,4424.930146328228,1730329842.7045815
-2839.096228968648,4437.335364500924,1730329842.7089467
-2855.0330227652817,4421.77855036003,1730329842.7126577
-2758.227617529347,4386.909829009751,1730329842.7165675
-2730.6679166159533,4409.485090909611,1730329842.7209053
-2804.5627837851985,4456.1331815878375,1730329842.7250311
-2847.433429650477,4433.937899343718,1730329842.7287085
-2767.905922878495,4398.890364037796,1730329842.7338028
-2720.989611266805,4402.980733273117,1730329842.7367342
-2796.3373418256456,4449.695879184709,1730329842.739998
-2851.1438192300584,4449.651175695798,1730329842.7446816
-2793.498670279821,4394.308256424458,1730329842.7487652
-2731.517282905255,4389.837907533397,1730329842.7525427
-2784.1779928419583,4423.097303282893,1730329842.75668
-2862.5879123911755,4433.40145747679,1730329842.7621746
-2810.4189408324887,4401.1925937166925,1730329842.7649157
-2717.2345181983137,4413.307239211469,1730329842.7674155
-2767.168315311469,4442.543320959011,1730329842.772832
-2849.668604096008,4458.077783355449,1730329842.776445
-2829.0379439637595,4434.384934232823,1730329842.780854
-2740.5250359207434,4397.057520992461,1730329842.7844386
-2738.379268453034,4451.059335596483,1730329842.7888231
-2818.912603725505,4455.105001342893,1730329842.792461
-2839.4091533910223,4421.376218959835,1730329842.7960205
-2742.939024321917,4418.291678225002,1730329842.800724
-2714.6193640970428,4446.007841349583,1730329842.8048253
-2801.545298283732,4469.141896860826,1730329842.808739
-2840.549092358243,4453.227454808647,1730329842.8126864
-2770.4316700019444,4427.165320773759,1730329842.8166404
-2725.862291558062,4431.099227797893,1730329842.8207123
-2810.0389611767487,4455.21676006517,1730329842.8237293
-2856.083554754681,4434.429637721734,1730329842.8276727
-2797.8125569596955,4414.380122945324,1730329842.832733
-2724.4094281684675,4435.1225417998485,1730329842.8367083
-2783.485088763844,4470.818277694974,1730329842.841272
-2856.932921043983,4449.315899528969,1730329842.84482
-2802.2605541063017,4401.639628605799,1730329842.8489847
-2724.0518002571825,4416.525890413033,1730329842.8515768
-2768.2411990453243,4464.492734014122,1730329842.8561366
-2856.0388512657705,4447.63951869482,1730329842.8605475
-2811.0671414216927,4409.909774054262,1730329842.8649895
-2729.6173846265538,4422.382047460324,1730329842.8686893
-2753.9807860828387,4456.289643799025,1730329842.8720095
-2842.0019557478377,4462.659890968787,1730329842.8757253
-2836.4363713784664,4402.958381528661,1730329842.8797843
-2739.3403934646126,4376.62802656031,1730329842.883779
-2746.716469134864,4434.1837685327255,1730329842.8892884
-2859.5480751452537,4461.83287642394,1730329842.8925824
-2850.9426535299604,4419.342210214402,1730329842.896871
-2750.337451736624,4386.775718543019,1730329842.899815
-2730.6232131270426,4423.611393405366,1730329842.9039905
-2824.70170553943,4438.251786023591,1730329842.9078135
-2853.4460489089547,4404.63476236281,1730329842.9123523
-2776.6007514716093,4382.081852207405,1730329842.916818
-2724.543538635199,4396.431672147712,1730329842.9212315
-2788.357769055101,4424.1478352722925,1730329842.92531
-2846.8522842946395,4426.248899251092,1730329842.9277215
-2786.256705076302,4378.729090539109,1730329842.9322414
-2719.357933921568,4395.895230280785,1730329842.9356256
-2782.211039329892,4446.320765771958,1730329842.9400284
-2856.597644877153,4435.658983666776,1730329842.9448297
-2800.5618215276986,4393.257724435059,1730329842.9492755
-2719.424989154934,4394.934105269206,1730329842.95298
-2777.964207883383,4439.145855801804,1730329842.9560723
-2851.27792969679,4422.270288738047,1730329842.95969
-2813.5928885451426,4369.609578801344,1730329842.964183
-2739.8544835870844,4364.491029321079,1730329842.967696
-2762.2509315313023,4419.789245103508,1730329842.9721076
-2841.577272603187,4427.500596940589,1730329842.9766908
-2827.741542785352,4385.278151664514,1730329842.979878
-2755.0089663277827,4378.259703905547,1730329842.9839537
-2729.3938671820006,4434.653155166287,1730329842.9877422
-2814.777531001274,4435.346059244402,1730329842.9920652
-2855.770630332307,4408.68042810922,1730329842.995922
-2755.5007047058,4389.703797066664,1730329842.9999597
-2719.2461751992914,4415.140082256804,1730329843.0049777
-2832.010725976316,4434.787265633019,1730329843.0078628
-2857.826990822195,4403.427768162223,1730329843.0118177
-2764.1731815544586,4397.996294259584,1730329843.0158837
-2722.733047334319,4396.990465759095,1730329843.0199995
-2807.8484902201285,4410.200346732181,1730329843.0241494
-2865.314825214723,4398.555087870966,1730329843.027946
-2803.6240105180755,4392.318951167936,1730329843.0333767
-2729.796198582196,4402.243125706092,1730329843.036059
-2779.350016039612,4415.251840979081,1730329843.0395224
-2864.8007350922508,4401.930201283718,1730329843.0439591
-2807.647324520031,4394.017683746539,1730329843.0480273
-2723.247137456792,4398.420977404235,1730329843.0518708
-2756.6853471619306,4425.555995172977,1730329843.0561614
-2834.6258800775863,4437.335364500924,1730329843.0611734
-2819.1361211700587,4394.621180846832,1730329843.064072
-2736.524073663244,4396.118747725338,1730329843.0670483
-2741.597919654598,4444.823198893452,1730329843.0723236
-2827.361563129612,4444.35381225989,1730329843.076023
-2834.692935310952,4398.912715782251,1730329843.0801404
-2755.16542853897,4376.203343415659,1730329843.083841
-2735.1382655070147,4403.383064673312,1730329843.0891943
-2821.08072293767,4439.011745335072,1730329843.092156
-2848.5286651287875,4395.939933769695,1730329843.0956252
-2754.7407453943188,4382.707701052153,1730329843.1003711
-2716.832186798118,4423.611393405366,1730329843.1043866
-2815.5598420572096,4457.5413414885215,1730329843.108102
-2860.218627478913,4412.547279899988,1730329843.1123931
-2786.8825539210507,4375.085756192894,1730329843.1161478
-2744.2801289892354,4409.73096009862,1730329843.118994
-2793.722187724374,4433.915547599262,1730329843.1234534
-2864.688976369974,4403.852451306874,1730329843.128054
-2782.032225374249,4376.873895749319,1730329843.1324968
-2719.514396132755,4391.246067434081,1730329843.1360717
-2784.6920829644305,4449.248844295603,1730329843.1402447
-2862.118525757614,4449.137085573326,1730329843.1429555
-2811.044789677237,4390.9778465006175,1730329843.1470847
-2727.739838092308,4376.158639926749,1730329843.1510165
-2746.872931346051,4407.16050948626,1730329843.156221
-2854.4071739205333,4419.073989280938,1730329843.1599855
-2845.064144738215,4403.651285606777,1730329843.1643708
-2747.767001124263,4391.626047089821,1730329843.1679814
-2745.576530167643,4435.860149366874,1730329843.1713035
-2838.0456969792485,4441.537492458522,1730329843.1753528
-2841.3537551586337,4428.752294630086,1730329843.179442
-2759.814591385674,4399.717378582643,1730329843.1834323
-2720.0508379996822,4401.527869883522,1730329843.1881766
-2820.8795572375725,4443.415038992767,1730329843.1920843
-2842.2701766813016,4435.055486566483,1730329843.1965208
-2757.7805826402405,4413.530756656022,1730329843.199375
-2728.857425315073,4421.286811982013,1730329843.203648
-2797.700798237419,4445.717268671664,1730329843.2075136
-2857.4917146553653,4431.97094583165,1730329843.212527
-2792.5598970126985,4391.514288367544,1730329843.2162907
-2718.5979746100875,4400.007951260562,1730329843.2204623
-2774.544390981721,4447.483056483634,1730329843.2235389
-2845.868807538606,4434.11671329936,1730329843.2271247
-2806.2391646193464,4385.367558642335,1730329843.2315133
-2729.505625904277,4404.813576318452,1730329843.2351124
-2766.07307983316,4422.136178271315,1730329843.239463
-2849.4897901403656,4422.0914747824045,1730329843.244181
-2826.579252073676,4398.376273915324,1730329843.2483013
-2734.3336027066234,4383.378253385813,1730329843.2511988
-2750.7621348812745,4390.620218589333,1730329843.2555268
-2845.935862771972,4416.637649135309,1730329843.2591448
-2831.697801553941,4400.276172194025,1730329843.2635584
-2753.109068049081,4367.620273544821,1730329843.267186
-2757.6241204290536,4391.536640112,1730329843.2726407
-2828.166225930003,4399.560916371455,1730329843.2761424
-2835.8552260226284,4386.775718543019,1730329843.279534
-2742.804913855185,4366.2121136441365,1730329843.2832005
-2728.522149148244,4398.82330880443,1730329843.287244
-2831.98837423186,4415.564765401455,1730329843.291786
-2869.9863398058824,4410.2897537100025,1730329843.295539
-2781.696949207419,4381.076023706916,1730329843.300574
-2724.610593868565,4362.479372320101,1730329843.304433
-2799.511289538299,4398.979771015617,1730329843.3072555
-2854.6753948539967,4395.49289888059,1730329843.3115096
-2793.543373768732,4380.226657417615,1730329843.3154912
-2728.544500892699,4412.189651988703,1730329843.319487
-2783.261571319291,4420.30333522598,1730329843.3237765
-2849.08745874017,4397.4375006482005,1730329843.3273585
-2808.4519873204217,4380.338416139891,1730329843.3326292
-2716.675724586931,4379.466698106134,1730329843.3353825
-2750.963300581372,4408.948649042684,1730329843.3398452
-2841.3761069030893,4398.219811704136,1730329843.3432703
-2826.51219684031,4374.303445136958,1730329843.347418
-2740.860312087573,4379.131421939304,1730329843.3513114
-2758.2946727627127,4415.050675278982,1730329843.3558335
-2836.8834062675724,4436.441294722712,1730329843.35926
-2817.415036847,4372.068270691428,1730329843.3624272
-2741.821437099152,4345.492046534067,1730329843.3672805
-2745.6659371454643,4417.487015424611,1730329843.371874
-2844.70651682693,4427.031210307027,1730329843.3754776
-2846.807580805729,4381.679520807209,1730329843.3795283
-2744.570701667154,4363.865180476329,1730329843.3842971
-2728.164521236959,4410.155643243271,1730329843.387499
-2817.482092080366,4435.100190055393,1730329843.3905869
-2864.219589736413,4403.986561773606,1730329843.395972
-2784.0438823752265,4400.231468705114,1730329843.399631
-2735.652355629487,4438.296489512502,1730329843.4039652
-2794.012760402293,4439.92816685774,1730329843.407513
-2863.414926936022,4408.389855431301,1730329843.4125366
-2801.120615139081,4357.450229817657,1730329843.415945
-2720.699038588886,4393.615352346344,1730329843.4183335
-2784.7591381977963,4454.792076920518,1730329843.4238908
-2860.442144923466,4433.602623176887,1730329843.4274385
-2816.252746135324,4390.262590678048,1730329843.432031
-2732.2995939611906,4382.662997563243,1730329843.4353733
-2769.291731034724,4417.308201468969,1730329843.4400072
-2847.679298839486,4422.985544560617,1730329843.443447
-2832.122484698592,4399.292695437992,1730329843.4464607
-2748.9516435803944,4413.128425255826,1730329843.450375
-2743.16254176647,4449.181789062237,1730329843.4556053
-2840.280871424779,4440.598719191399,1730329843.4594042
-2855.502409398843,4404.053617006972,1730329843.4636445
-2752.326756993146,4390.284942422502,1730329843.466606
-2725.8175880691515,4426.718285884654,1730329843.4710188
-2821.8183305046955,4445.963137860673,1730329843.4749424
-2857.9834530333824,4408.63572462031,1730329843.4788451
-2771.8174781581733,4385.479317364611,1730329843.4838374
-2732.478407916833,4421.9126608267625,1730329843.4876382
-2801.254725605813,4439.190559290714,1730329843.4914224
-2853.1331244865805,4412.591983388899,1730329843.4948287
-2788.760100455296,4378.572628327922,1730329843.4988835
-2722.8224543121405,4384.24997141957,1730329843.5027344
-2797.611391259598,4426.003030062083,1730329843.5066783
-2870.343967717168,4411.809672332964,1730329843.5122464
-2801.9476296839275,4377.38798587179,1730329843.515943
-2717.860367043062,4375.644549804277,1730329843.519817
-2784.736786453341,4420.169224759248,1730329843.522781
-2869.7851741057843,4418.87282358084,1730329843.5265243
-2834.89410101105,4383.311198152447,1730329843.530943
-2721.168425222448,4378.8855527502965,1730329843.534577
-2745.822399356651,4414.313067711958,1730329843.5396988
-2839.6550225800306,4415.944745057195,1730329843.5435328
-2835.542301600254,4390.150831955771,1730329843.5477147
-2753.7125651493748,4394.82234654693,1730329843.5505087
-2755.16542853897,4410.312105454458,1730329843.5547204
-2849.154513973536,4387.960360999151,1730329843.5586069
-2859.5480751452537,4355.460924561135,1730329843.5627007
-2759.635777430032,4357.204360628648,1730329843.5666823
-2741.7096783768748,4381.746576040576,1730329843.5717337
-2822.935917727461,4395.202326202671,1730329843.575563
-2859.3022059562454,4377.969131227628,1730329843.578797
-2768.4423647454223,4355.930311194696,1730329843.5827897
-2716.720428075841,4389.748500555575,1730329843.5867257
-2793.990408657838,4433.35675398788,1730329843.5907123
-2860.9562350459382,4406.557012385966,1730329843.5946484
-2799.243068604835,4358.724279251609,1730329843.5998712
-2721.123721733537,4375.622198059821,1730329843.6027656
-2766.4530594889,4426.137140528816,1730329843.6058562
-2838.85035977964,4427.0759137959385,1730329843.6114063
-2798.863088949095,4373.051747447461,1730329843.615294
-2740.63679464302,4348.5989390133545,1730329843.6187663
-2779.1488503395144,4410.11093975436,1730329843.6232998
-2845.7123453274185,4409.149814742782,1730329843.6277018
-2822.287717138257,4358.880741462796,1730329843.6308632
-2745.889454590017,4339.702944720143,1730329843.6346304
-2754.517227949766,4387.558029598955,1730329843.639298
-2843.477170881888,4409.596849631888,1730329843.642685
-2844.840627293662,4360.802991485953,1730329843.647274
-2743.87779758904,4354.253930360547,1730329843.6506753
-2726.018753769249,4393.548297112978,1730329843.6559956
-2830.423752119989,4402.4889948951,1730329843.6588633
-2853.960139031427,4365.541561310478,1730329843.6622715
-2769.3364345236346,4358.009023429039,1730329843.6677592
-2721.0790182446267,4385.926352253718,1730329843.6709116
-2813.03409493376,4418.984582303117,1730329843.6752136
-2865.5830461481864,4390.262590678048,1730329843.6794035
-2777.718338694375,4356.422049572712,1730329843.683809
-2728.857425315073,4375.756308526553,1730329843.6869683
-2794.012760402293,4415.609468890366,1730329843.6913457
-2862.7443746023628,4404.657114107265,1730329843.6954052
-2810.977734443872,4361.33943335288,1730329843.69951
-2734.4453614289,4367.374404355813,1730329843.7030957
-2767.972978111861,4399.91854428274,1730329843.7071135
-2870.545133417265,4407.786358331008,1730329843.710881
-2822.89121423855,4379.734919039598,1730329843.7162998
-2730.6232131270426,4367.933197967195,1730329843.71884
-2755.12072505006,4428.126445785338,1730329843.7235098
-2828.859130008117,4449.941748373717,1730329843.726906
-2817.884423480561,4388.273285421525,1730329843.7314785
-2737.172274252448,4377.9467794831735,1730329843.7348275
-2749.935120336428,4432.865015609863,1730329843.738032
-2846.293490683257,4444.68908842672,1730329843.742119
-2842.225473192391,4394.196497702182,1730329843.7461095
-2740.8156085986625,4374.705776537154,1730329843.750146
-2719.11206473256,4401.01377976105,1730329843.7552917
-2832.413057376511,4420.482149181623,1730329843.7588792
-2860.218627478913,4377.097413193871,1730329843.7633274
-2770.9904636133274,4365.832133988397,1730329843.7661924
-2719.5367478772105,4398.577439615422,1730329843.7703865
-2795.487975536344,4419.051637536483,1730329843.7742405
-2861.2021042349465,4385.658131320254,1730329843.779549
-2782.5016120078103,4366.614445044333,1730329843.7835188
-2731.226710227336,4395.984637258606,1730329843.7870667
-2808.049655920226,4420.079817781427,1730329843.7915552
-2868.824049094206,4403.785396073508,1730329843.794075
-2794.1692226134805,4377.589151571889,1730329843.7979465
-2723.090675245604,4418.559899158466,1730329843.8019557
-2768.68823393443,4442.655079681287,1730329843.807082
-2862.677319368997,4412.323762455436,1730329843.811225
-2825.416961362,4378.215000416637,1730329843.8152137
-2737.7534196082856,4383.534715597,1730329843.81904
-2755.992443083816,4417.911698569262,1730329843.8234916
-2849.646252351553,4421.1527015152815,1730329843.825896
-2834.447066121944,4379.511401595045,1730329843.8302689
-2753.5561029381875,4373.029395703005,1730329843.833949
-2759.032280329738,4419.364561958857,1730329843.8392887
-2834.715287055408,4449.740582673619,1730329843.8429818
-2837.08457196767,4422.583213160421,1730329843.84618
-2756.908864606484,4394.308256424458,1730329843.8500967
-2729.572681137643,4426.517120184555,1730329843.8540933
-2799.444234304933,4451.104039085393,1730329843.8580377
-2839.4091533910223,4422.270288738047,1730329843.8620944
-2781.898114907517,4397.884535537307,1730329843.8669908
-2721.123721733537,4433.669678410253,1730329843.8711765
-2791.084681878648,4465.4091555367895,1730329843.874544
-2858.2293222223907,4442.990355848116,1730329843.8781102
-2788.3130655661903,4401.639628605799,1730329843.8823647
-2718.9556025213724,4420.728018370631,1730329843.8863368
-2784.915600408984,4455.440277509722,1730329843.8903773
-2863.057299024737,4454.188579820226,1730329843.895455
-2813.279964122768,4430.629841164332,1730329843.8993845
-2719.4696926438446,4421.487977682112,1730329843.90211
-2764.039071087727,4460.201199078703,1730329843.9066043
-2849.2439209513573,4462.145800846315,1730329843.9100115
-2818.152644414025,4406.758178086064,1730329843.91428
-2733.73010560633,4396.498727381078,1730329843.9180455
-2748.772829624752,4447.348946016901,1730329843.9224305
-2845.444124393955,4456.781382177041,1730329843.9271808
-2851.0097087633267,4416.101207268383,1730329843.930476
-2744.928329578439,4375.91277073774,1730329843.9340603
-2721.7942740671965,4439.190559290714,1730329843.93829
-2842.4266388924884,4468.851324182907,1730329843.9421053
-2859.481019911888,4434.854320866385,1730329843.946359
-2757.244140773313,4417.285849724513,1730329843.951144
-2725.8846433025174,4447.281890783535,1730329843.954532
-2818.9349554699606,4481.860039455895,1730329843.957163
-2871.349796217656,4454.4344490092335,1730329843.962346
-2788.2013068439137,4403.15954722876,1730329843.9663568
-2745.0847917896263,4440.039925580016,1730329843.9705083
-2802.998161673327,4482.55294353401,1730329843.974704
-2854.18365647598,4445.78432390503,1730329843.97839
-2794.12451912457,4451.193446063215,1730329843.9824803
-2706.1480529484816,4467.376109048857,1730329843.9852476
-2770.6998909354083,4496.746301263131,1730329843.990635
-2854.317766942712,4481.681225500253,1730329843.9942124
-2809.4801675653657,4430.540434186511,1730329843.9983473
-2722.196605467392,4442.096286069905,1730329844.00226
-2773.091527592126,4504.994094967138,1730329844.0072248
-2850.339156429667,4512.146653192836,1730329844.010254
-2822.6229933050863,4455.105001342893,1730329844.0138433
-2725.34820143559,4444.957309360184,1730329844.0171404
-2740.905015576484,4487.202106380714,1730329844.0227103
-2834.290603910757,4494.533478562054,1730329844.02622
-2849.154513973536,4468.35958580489,1730329844.0304873
-2749.9127685919725,4458.971853133661,1730329844.0342453
-2739.4521521868887,4471.086498628438,1730329844.03886
-2831.161359687014,4489.929019204262,1730329844.0414543
-2848.506313384332,4479.826030710463,1730329844.0454888
-2757.6688239179643,4457.630748466343,1730329844.050341
-2733.059553272671,4473.679300985254,1730329844.054726
-2814.799882745729,4498.847365241929,1730329844.0582876
-2860.1739239900025,4482.038853411538,1730329844.0627458
-2773.247989803313,4450.12056232936,1730329844.0667014
-2719.6932100883973,4471.041795139528,1730329844.069964
-2808.675504764975,4516.974629995183,1730329844.0738652
-2874.6131509081306,4508.391560124345,1730329844.0786493
-2802.0370366617485,4455.440277509722,1730329844.082595
-2734.78063759573,4472.874638184862,1730329844.0866148
-2779.729995695352,4488.811431981496,1730329844.090902
-2861.738546101874,4497.12628091887,1730329844.094658
-2819.493749081344,4472.762879462585,1730329844.0973525
-2733.0148497837604,4465.185638092236,1730329844.101349
-2760.105164063593,4511.699618303731,1730329844.106691
-2853.177827975492,4505.038798456049,1730329844.1103828
-2843.186598203969,4457.653100210798,1730329844.1145685
-2740.0556492871824,4459.910626400784,1730329844.1173148
-2738.4463236864,4496.545135563032,1730329844.121831
-2830.5578625867206,4520.617964341398,1730329844.1253493
-2837.866883023606,4477.300283587013,1730329844.130038
-2747.185855768425,4440.084629068927,1730329844.1343482
-2735.4958934183,4491.672455271775,1730329844.1388905
-2812.6764670224748,4506.849289756929,1730329844.1424
-2842.225473192391,4479.356644076901,1730329844.1456182
-2766.4530594889,4432.30622199848,1730329844.1495469
-2723.291840945702,4473.209914351692,1730329844.153567
-2808.027304175771,4512.124301448382,1730329844.1575468
-2859.2798542117903,4487.582086036455,1730329844.1628008
-2781.428728273956,4456.960196132683,1730329844.1666448
-2730.6232131270426,4475.355681819401,1730329844.1705704
-2789.3635975555894,4490.308998860001,1730329844.174085
-2857.2011419774467,4475.60155100841,1730329844.1775742
-2813.3246676116787,4459.798867678508,1730329844.1820214
-2735.093562018104,4464.269216569569,1730329844.1855032
-2769.7611176682854,4495.896934973828,1730329844.1895893
-2854.89891229855,4484.5422487905325,1730329844.1951296
-2823.2711938942903,4450.142914073815,1730329844.1977165
-2744.481294689333,4442.87859712584,1730329844.201445
-2756.886512862028,4497.349798363423,1730329844.205789
-2844.348888915645,4502.736568777153,1730329844.2094555
-2835.899929511539,4434.2955272550025,1730329844.213819
-2749.443381958411,4428.30525974098,1730329844.217486
-2741.5308644212323,4473.344024818423,1730329844.2229624
-2832.9494992434384,4497.506260574611,1730329844.2254856
-2850.786191318773,4448.734754173131,1730329844.2296405
-2755.0760215611485,4402.399587917279,1730329844.2336009
-2723.2694892012464,4440.531663958033,1730329844.237702
-2800.226545360869,4494.131147161859,1730329844.241794
-2867.549999660254,4467.867847426874,1730329844.2459064
-2789.385949300045,4434.1837685327255,1730329844.2506187
-2713.68059082992,4447.326594272447,1730329844.2537124
-2779.640588717531,4480.094251643926,1730329844.257716
-2858.832819322684,4473.768707963074,1730329844.2630348
-2799.0866063936483,4450.858169896384,1730329844.2658756
-2723.9176897904504,4455.909664143284,1730329844.270192
-2779.7746991842628,4492.03008318306,1730329844.2741456
-2848.3274994286894,4481.368301077879,1730329844.277767
-2803.512251795799,4442.811541892474,1730329844.2820485
-2739.5639109091653,4454.389745520323,1730329844.285787
-2771.996292113816,4482.038853411538,1730329844.2908196
-2861.403269935044,4475.556847519499,1730329844.2936842
-2837.576310345687,4451.685184441231,1730329844.296672
-2727.5610241366658,4445.203178549192,1730329844.3015692
-2735.8311695851294,4484.69871100172,1730329844.305702
-2828.859130008117,4499.786138509052,1730329844.3096013
-2844.3041854267344,4452.579254219443,1730329844.3139942
-2751.656204659487,4426.427713206735,1730329844.3176525
-2733.439532928411,4476.853248697907,1730329844.322164
-2822.377124116078,4465.520914259067,1730329844.3250053
-2851.7249645858965,4424.885442839318,1730329844.3298955
-2762.385041998034,4409.909774054262,1730329844.3336313
-2705.67866631492,4436.888329611817,1730329844.337823
-2813.3246676116787,4480.69774874422,1730329844.341945
-2856.1729617325022,4450.567597218465,1730329844.3478484
-2782.4122050299893,4396.744596570086,1730329844.3507063
-2729.751495093285,4428.394666718801,1730329844.3538806
-2800.5841732721537,4461.318786301468,1730329844.3578067
-2869.628711894597,4450.142914073815,1730329844.3619297
-2808.27317336478,4399.717378582643,1730329844.366328
-2740.189759753914,4405.39472167429,1730329844.3703225
-2786.6366847320423,4466.45968752619,1730329844.3742852
-2850.8085430632286,4468.516048016078,1730329844.377765
-2806.6191442750865,4401.282000694514,1730329844.3811643
-2730.7573235937743,4396.543430869989,1730329844.3847344
-2760.865123375073,4452.825123408452,1730329844.390308
-2845.533531371776,4453.585082719932,1730329844.3939052
-2831.7201532983963,4435.949556344695,1730329844.3978512
-2738.982765553328,4418.179919502726,1730329844.4007375
-2740.63679464302,4445.180826804737,1730329844.4052444
-2832.6142230766086,4467.845495682418,1730329844.41101
-2835.095266711148,4424.438407950212,1730329844.4143927
-2743.430762699933,4403.405416417768,1730329844.4177167
-2722.3083641896683,4453.093344341915,1730329844.4218931
-2818.800845003229,4473.165210862781,1730329844.425809
-2850.4732668964,4441.090457569416,1730329844.4294226
-2758.920521607461,4412.413169433256,1730329844.4333756
-2728.522149148244,4439.123504057348,1730329844.4374895
-2808.519042553788,4478.641388254331,1730329844.4411783
-2851.948482030449,4457.206065321692,1730329844.4454844
-2782.255742818802,4415.140082256804,1730329844.4500568
-2721.9060327894726,4432.30622199848,1730329844.4540644
-2797.946667426428,4490.55486804901,1730329844.4570332
-2868.958159560938,4486.88918195834,1730329844.4611928
-2809.2119466319023,4426.11478878436,1730329844.4655404
-2717.100407731582,4439.458780224179,1730329844.4690075
-2780.847582918117,4477.568504520476,1730329844.4734287
-2844.6171098491086,4463.173981091259,1730329844.4778488
-2831.206063175925,4412.860204322363,1730329844.4820025
-2730.734971849319,4420.862128837362,1730329844.484874
-2751.8573703595844,4469.588931749932,1730329844.4891772
-2857.022328021804,4476.853248697907,1730329844.4929297
-2835.341135900156,4438.676469168243,1730329844.4970744
-2736.904053318984,4445.113771571371,1730329844.500883
-2748.973995324849,4462.212856079681,1730329844.5063334
-2841.286699925268,4465.207989836692,1730329844.508917
-2835.4975981113435,4432.663849909764,1730329844.513302
-2749.085754047126,4429.556957430477,1730329844.517121
-2735.384134696023,4462.436373524234,1730329844.5214365
-2811.60358328862,4486.5986092804205,1730329844.5251944
-2847.5898918616645,4464.649196225309,1730329844.529475
-2751.902073848495,4432.663849909764,1730329844.5338504
-2716.720428075841,4469.141896860826,1730329844.5370538
-2809.7483884988296,4501.373112365379,1730329844.5411077
-2847.388726161567,4470.438298039234,1730329844.5450232
-2779.260609061791,4413.866032822852,1730329844.5490503
-2716.25104144228,4440.017573835561,1730329844.5532053
-2773.3373967811344,4483.514068545588,1730329844.557098
-2865.963025803927,4474.819239952474,1730329844.562176
-2812.6764670224748,4449.517065229066,1730329844.5649784
-2731.15965499397,4446.83485589443,1730329844.568954
-2764.374347254556,4466.593797992921,1730329844.573058
-2852.395516919556,4473.500487029611,1730329844.5770397
-2819.381990359067,4425.712457384165,1730329844.5811474
-2727.53867239221,4422.538509671511,1730329844.58513
-2750.337451736624,4496.656894285309,1730329844.5901053
-2831.2731184092904,4473.232266096147,1730329844.593121
-2829.3732201305893,4418.738713114109,1730329844.5971515
-2744.3695359670564,4413.754274100576,1730329844.6009836
-2747.677594146442,4441.381030247335,1730329844.604988
-2839.5879673466648,4465.83383868144,1730329844.6089816
-2850.4285634074886,4461.318786301468,1730329844.6131597
-2753.869027360562,4433.736733643619,1730329844.618039
-2705.2092796813586,4445.091419826916,1730329844.6211803
-2813.682295522964,4461.095268856915,1730329844.6240742
-2867.1253165156027,4451.484018741134,1730329844.6292458
-2784.64737947552,4440.084629068927,1730329844.633186
-2710.081959972616,4443.660908181776,1730329844.6374736
-2789.8553359336065,4483.98345517915,1730329844.6414623
-2862.409098435533,4478.84255395443,1730329844.645487
-2790.928219667461,4443.727963415142,1730329844.6484687
-2730.466750915856,4441.82806513644,1730329844.652786
-2779.7970509287184,4493.907629717306,1730329844.6574864
-2846.539359872265,4490.5325163045545,1730329844.661527
-2796.516155781288,4448.131257072837,1730329844.6651251
-2712.7194658183416,4451.238149552125,1730329844.6698692
-2755.3889459835227,4494.824051239973,1730329844.6725805
-2844.5500546157427,4474.618074252377,1730329844.676178
-2806.954420441916,4427.344134729402,1730329844.6806204
-2714.865233286051,4424.885442839318,1730329844.68516
-2729.192701481903,4456.915492643773,1730329844.6895115
-2830.870787009095,4471.488830028633,1730329844.6931608
-2842.024307492293,4436.329536000435,1730329844.697276
-2742.335527221624,4427.321782984946,1730329844.7002544
-2736.4346666854226,4454.099172842404,1730329844.7047
-2809.1001879096257,4476.495620786622,1730329844.708341
-2840.1020574691365,4453.272158297558,1730329844.7125556
-2770.588132213132,4420.079817781427,1730329844.7172365
-2724.320021190646,4459.083611855938,1730329844.7214413
-2804.607487274109,4466.705556715197,1730329844.725191
-2868.891104327572,4438.363544745868,1730329844.7284465
-2794.4374435469445,4431.993297576106,1730329844.732644
-2719.5814513661207,4432.999126076595,1730329844.736308
-2794.4374435469445,4479.133126632349,1730329844.740476
-2855.7482785878515,4473.992225407627,1730329844.745206
-2785.943780653928,4397.884535537307,1730329844.7500167
-2711.624230340032,4407.629896119821,1730329844.7525373
-2766.855390889096,4448.131257072837,1730329844.7564387
-2847.411077906022,4455.239111809625,1730329844.7604415
-2827.428618362977,4405.238259463103,1730329844.7648847
-2722.576585123132,4391.849564534374,1730329844.7682557
-2746.716469134864,4434.608451677376,1730329844.7738762
-2849.959176773927,4424.326649227935,1730329844.7774427
-2844.70651682693,4385.233448175603,1730329844.7806213
-2736.8817015745285,4395.962285514151,1730329844.7844036
-2728.075114259137,4442.655079681287,1730329844.789002
-2825.685182295464,4457.094306599415,1730329844.7923417
-2828.635612563564,4424.080780038927,1730329844.7965667
-2745.800047612196,4395.112919224849,1730329844.8013227
-2727.87394855904,4431.546262686999,1730329844.8059263
-2803.1099203956032,4455.574387976455,1730329844.8083189
-2855.480057654388,4422.225585249136,1730329844.812579
-2773.382100270045,4375.465735848634,1730329844.8165452
-2739.16157950897,4409.574497887433,1730329844.8206353
-2799.7124552383966,4463.553960746999,1730329844.8249142
-2848.662775595519,4430.0710475529495,1730329844.8286858
-2782.6580742189976,4374.370500370324,1730329844.8334265
-2718.9556025213724,4387.759195299053,1730329844.8365767
-2784.3791585420563,4441.917472114262,1730329844.840678
-2849.5568453737314,4421.487977682112,1730329844.8450415
-2796.6949697369305,4374.10227943686,1730329844.848873
-2715.1781577084253,4388.1615266992485,1730329844.8528428
-2754.539579694221,4428.059390551972,1730329844.8566723
-2844.728868571385,4414.983620045617,1730329844.8618789
-2814.84458623464,4367.687328778187,1730329844.865016
-2735.87587307404,4370.10131717936,1730329844.8685036
-2762.049765831204,4432.462684209667,1730329844.8730714
-2829.3285166416786,4435.16724528876,1730329844.8764937
-2825.059333450715,4374.884590492796,1730329844.8811016
-2742.469637688356,4372.560009069444,1730329844.8844435
-2754.2713587607573,4414.715399112153,1730329844.8886552
-2843.767743559807,4425.600698661888,1730329844.891713
-2852.663737853019,4378.974959728117,1730329844.8966534
-2754.941911094417,4368.894322978774,1730329844.900452
-2718.2403466988026,4419.141044514304,1730329844.9047148
-2808.764911742796,4452.69101294172,1730329844.9084733
-2861.7832495907846,4408.591021131399,1730329844.913056
-2764.396698999012,4368.112011922838,1730329844.916625
-2707.86913727154,4398.443329148689,1730329844.9201772
-2780.4228997734667,4430.182806275226,1730329844.924801
-2844.080667982181,4418.023457291539,1730329844.9292884
-2780.5570102401985,4363.820476987419,1730329844.933288
-2718.5309193767216,4369.72133752362,1730329844.9367576
-2761.9603588533832,4414.290715967502,1730329844.9409556
-2848.4839616398767,4404.277134451525,1730329844.9449823
-2809.301353609724,4374.146982925771,1730329844.947736
-2719.1791199659256,4381.478355107111,1730329844.9516473
-2741.30734697668,4395.49289888059,1730329844.9568756
-2846.2711389388014,4402.265477450547,1730329844.9607558
-2832.122484698592,4371.263607891036,1730329844.964805
-2744.548349922699,4367.128535166805,1730329844.9686253
-2736.25585272978,4403.606582117865,1730329844.9731889
-2822.5559380717204,4416.905870068774,1730329844.9756644
-2837.688069067964,4382.305369651958,1730329844.9798803
-2745.889454590017,4349.358898324836,1730329844.9845889
-2733.9089195619727,4393.145965712782,1730329844.9889555
-2836.4810748673767,4415.318896212447,1730329844.9927275
-2849.065106995715,4363.753421754053,1730329844.9959033
-2760.082812319137,4327.498892247545,1730329844.999916
-2720.810797311163,4366.882665977796,1730329845.0040712
-2806.954420441916,4400.164413471748,1730329845.007929
-2855.904740799039,4381.858334762852,1730329845.0128665
-2785.854373676106,4352.063459403928,1730329845.0166583
-2720.699038588886,4378.662035305743,1730329845.0208988
-2780.869934662573,4410.669733365743,1730329845.0239224
-2856.7541070883403,4374.929293981707,1730329845.02778
-2800.874745950073,4356.042069916973,1730329845.032259
-2724.0518002571825,4371.062442190939,1730329845.0357018
-2750.963300581372,4415.475358423634,1730329845.0399673
-2837.509255112321,4423.007896305072,1730329845.045174
-2790.6599987339973,4382.148907440771,1730329845.0493383
-2706.5727360931323,4381.478355107111,1730329845.051839
-2739.4745039313443,4445.046716338005,1730329845.0562613
-2834.044734721748,4453.003937364094,1730329845.0597515
-2814.933993212461,4366.949721211162,1730329845.0643094
-2729.505625904277,4347.4813517905895,1730329845.0689304
-2732.9254428059394,4407.607544375365,1730329845.0733578
-2823.1370834275585,4412.703742111175,1730329845.07679
-2840.839665036162,4383.065328963438,1730329845.0800517
-2743.6766318889418,4351.772886726008,1730329845.08384
-2726.0411055137047,4391.089605222894,1730329845.0879078
-2806.060350663704,4418.179919502726,1730329845.0918608
-2840.482037124877,4384.361730141846,1730329845.0964327
-2769.247027545813,4349.425953558201,1730329845.100932
-2738.8486550865955,4379.220828917126,1730329845.1053612
-2804.853356463117,4418.4928439251,1730329845.1080337
-2839.096228968648,4404.813576318452,1730329845.1120603
-2763.3014635207014,4358.3442995958685,1730329845.1161833
-2708.897317516484,4366.703852022154,1730329845.120366
-2776.6007514716093,4410.692085110198,1730329845.1244507
-2852.127295986092,4414.581288645421,1730329845.1278665
-2795.1526993695143,4367.508514822544,1730329845.1331031
-2720.2743554442354,4365.429802588201,1730329845.1365535
-2760.194571041414,4419.051637536483,1730329845.1402235
-2820.052542692726,4408.2333932201145,1730329845.1442132
-2816.163339157503,4339.390020297768,1730329845.1480205
-2738.4016201974896,4358.500761807056,1730329845.1520472
-2745.442419700911,4385.859297020352,1730329845.1565456
-2839.766781302307,4392.922448268228,1730329845.1600115
-2825.506368339821,4352.979880926595,1730329845.1631236
-2745.5988819120985,4340.664069731721,1730329845.1678855
-2745.151847022992,4386.887477265296,1730329845.1721172
-2820.32076362619,4399.382102415812,1730329845.175994
-2835.475246366888,4374.661073048243,1730329845.180256
-2753.7125651493748,4322.782674167475,1730329845.1865768
-2723.4706549013445,4355.371517583313,1730329845.188964
-2793.610429002098,4399.91854428274,1730329845.193018
-2837.5316068567763,4397.661018092754,1730329845.1963143
-2763.390870498523,4359.685404263188,1730329845.2000413
-2700.1801371789143,4371.509477080045,1730329845.2044773
-2775.840792160129,4379.042014961483,1730329845.208148
-2837.576310345687,4363.708718265142,1730329845.2124777
-2759.456963474389,4344.128590122294,1730329845.2163565
-2696.3356371326017,4344.910901178229,1730329845.219668
-2771.0798705911484,4389.5696865999325,1730329845.2241783
-2830.7143247979075,4367.776735756009,1730329845.2281473
-2787.798975443718,4323.788502667964,1730329845.232554
-2718.1732914654367,4351.683479748187,1730329845.2365625
-2756.9535680953945,4378.952607983662,1730329845.24004
-2847.2546156948347,4367.821439244919,1730329845.2442071
-2812.65411527802,4327.163616080716,1730329845.247574
-2721.146073477993,4329.398790526247,1730329845.2511055
-2743.11783827756,4372.515305580533,1730329845.256471
-2824.835816006162,4377.209171916148,1730329845.2601378
-2830.222586419891,4347.324889579402,1730329845.2644095
-2740.8156085986625,4348.5989390133545,1730329845.2670312
-2733.73010560633,4398.577439615422,1730329845.2712429
-2816.476263579877,4393.749462813075,1730329845.2750635
-2833.9553277439272,4348.24131110207,1730329845.2795367
-2745.151847022992,4346.676688990198,1730329845.2843373
-2707.8914890159954,4349.493008791567,1730329845.2882216
-2797.8125569596955,4370.995386957573,1730329845.2920656
-2838.023345234793,4366.793258999975,1730329845.295359
-2758.4287832294444,4346.184950612182,1730329845.299464
-2699.1519569339703,4355.639738516777,1730329845.3035345
-2771.415146757978,4387.356863898857,1730329845.3076017
-2837.576310345687,4382.260666163047,1730329845.3124754
-2764.5978646991093,4324.816682912909,1730329845.316514
-2689.4960033292778,4342.698078477154,1730329845.3203363
-2757.4676582178663,4398.8456605488855,1730329845.3237717
-2836.928109756483,4382.238314418592,1730329845.3272808
-2801.433539561456,4335.456113273634,1730329845.3315053
-2722.2636607007576,4345.603805256344,1730329845.3354275
-2748.348146480101,4388.6309133328095,1730329845.3405652
-2839.2973946687457,4395.872878536329,1730329845.3446405
-2824.6793537949748,4352.599901270855,1730329845.3482692
-2724.2082624683694,4333.869139417307,1730329845.351148
-2728.4997974037883,4377.678558549709,1730329845.3553572
-2826.936879984961,4413.039018278006,1730329845.3591986
-2829.3285166416786,4380.092546950883,1730329845.3634825
-2743.386059211023,4350.610596014332,1730329845.3683248
-2724.2082624683694,4377.410337616246,1730329845.3723354
-2800.472414549877,4398.398625659779,1730329845.3752716
-2835.408191133522,4365.027471188006,1730329845.3793836
-2748.973995324849,4335.657278973732,1730329845.3832035
-2695.10629118756,4370.615407301832,1730329845.3874102
-2788.000141143816,4398.1974599596815,1730329845.3914585
-2847.9698715174045,4377.835020760896,1730329845.3954144
-2773.113879336581,4341.28991857647,1730329845.4002895
-2704.516375603244,4350.878816947797,1730329845.4033213
-2781.316969551679,4381.500706851567,1730329845.407424
-2847.8134093062176,4374.862238748341,1730329845.411435
-2779.7970509287184,4357.740802495576,1730329845.415422
-2710.216070439348,4365.809782243941,1730329845.4193451
-2749.510437191777,4400.186765216204,1730329845.4233615
-2833.284775410268,4398.800957059974,1730329845.4285524
-2804.0486936627262,4366.569741555421,1730329845.4314463
-2711.914803017951,4408.836890320407,1730329845.435442
-2723.068323501149,4432.328573742935,1730329845.4394617
-2819.314935125701,4384.697006308676,1730329845.4434652
-2807.781434986762,4348.353069824347,1730329845.4474287
-2725.906995046973,4342.76513371052,1730329845.451337
-2725.258794457769,4387.110994709849,1730329845.456436
-2809.03313267626,4409.1721664872375,1730329845.459319
-2820.7901502597515,4385.144041197782,1730329845.4634628
-2736.3676114520567,4368.737860767586,1730329845.4672945
-2719.5367478772105,4391.514288367544,1730329845.4715097
-2802.8864029510505,4417.799939846986,1730329845.4752958
-2837.755124301329,4405.908811796762,1730329845.479524
-2753.9137308494724,4366.43563108869,1730329845.4844055
-2706.2151081818474,4411.2285269771255,1730329845.4876971
-2782.769832941274,4454.657966453787,1730329845.490548
-2832.077781209681,4422.694971882698,1730329845.4955475
-2751.253873259291,4381.143078940282,1730329845.499636
-2708.651448327476,4397.616314603843,1730329845.5036356
-2783.3733300415674,4445.4490477382005,1730329845.5075817
-2852.730793086385,4441.671602925254,1730329845.5116231
-2790.4588330339,4397.39279715929,1730329845.5145144
-2715.312268175157,4411.094416510394,1730329845.5185237
-2751.5220941927546,4444.107943070882,1730329845.5234914
-2841.3984586475444,4442.520969214555,1730329845.5277486
-2818.197347902936,4418.001105547083,1730329845.531655
-2720.5872798666096,4404.701817596176,1730329845.5358205
-2740.033297542727,4456.379050776845,1730329845.5398014
-2821.1701299154915,4481.658873755798,1730329845.5424857
-2817.102112424626,4429.467550452656,1730329845.5466893
-2726.555195636177,4414.201308989681,1730329845.5514324
-2724.2082624683694,4455.797905421007,1730329845.5557623
-2807.960248942405,4464.380975291846,1730329845.559445
-2821.728923526874,4434.407285977279,1730329845.5636482
-2727.2704514587467,4397.34809367038,1730329845.5665765
-2694.703959787364,4438.944690101706,1730329845.570554
-2781.629893974053,4502.602458310421,1730329845.5745478
-2828.0768189521814,4430.719248142153,1730329845.5794652
-2760.9545303528944,4375.398680615268,1730329845.583567
-2715.15580596397,4386.842773776385,1730329845.5875573
-2767.7941641562184,4443.370335503857,1730329845.5915487
-2810.1954233879355,4425.310125983969,1730329845.5945373
-2764.9554926103942,4393.436538390701,1730329845.5987136
-2707.332695404613,4391.626047089821,1730329845.6026888
-2764.5978646991093,4425.891271339807,1730329845.606681
-2846.472304638899,4429.087570796915,1730329845.6116912
-2802.640533762042,4382.975921985617,1730329845.615627
-2713.322962918635,4398.510384382055,1730329845.618745
-2748.035222057727,4440.710477913675,1730329845.6227283
-2839.7220778133965,4436.240129022614,1730329845.626652
-2813.0117431893045,4397.169279714737,1730329845.630793
-2727.8515968145844,4368.849619489864,1730329845.634802
-2715.066398986149,4393.861221535351,1730329845.6397223
-2800.539469783243,4436.217777278159,1730329845.6437385
-2816.0515804352262,4440.822236635952,1730329845.6468103
-2730.399695682489,4382.730052796609,1730329845.6505928
-2713.5017768742773,4380.5842853289,1730329845.6548128
-2805.501557052321,4417.241146235603,1730329845.65862
-2831.697801553941,4393.525945368522,1730329845.662871
-2733.506588161777,4368.000253200562,1730329845.66766
-2687.3502358615683,4406.042922263494,1730329845.6718347
-2781.719300951874,4439.034097079528,1730329845.674644
-2828.456798607921,4416.548242157489,1730329845.6787784
-2746.0012133122937,4382.931218496707,1730329845.6828885
-2693.899296986973,4422.024419549039,1730329845.6869
-2760.529847208244,4462.346966546413,1730329845.6908712
-2835.5870050891644,4439.749352902098,1730329845.6948855
-2774.097356092615,4406.735826341609,1730329845.6997125
-2680.734119502797,4411.362637443857,1730329845.7029004
-2733.819512584152,4428.506425441078,1730329845.706909
-2832.077781209681,4430.920413842251,1730329845.710795
-2804.0486936627262,4403.383064673312,1730329845.7148952
-2716.4298553979224,4402.086663494904,1730329845.7190075
-2731.673745116442,4442.163341303271,1730329845.7230017
-2818.3985136030333,4453.0262891085495,1730329845.728043
-2806.4626820639,4397.4375006482005,1730329845.731044
-2713.7252943188305,4374.10227943686,1730329845.7349885
-2715.3346199196126,4415.832986334919,1730329845.7389796
-2811.3353623551566,4445.516102971566,1730329845.7429645
-2820.588984559653,4420.459797437167,1730329845.7467897
-2728.25392821478,4400.119709982838,1730329845.7520733
-2710.461939628356,4418.82812009193,1730329845.7549925
-2817.2809263802683,4471.98056840665,1730329845.7580273
-2830.602566075632,4456.200236821203,1730329845.7628834
-2730.06441951566,4381.232485918104,1730329845.766924
-2681.4717270698225,4415.609468890366,1730329845.7710564
-2757.579416940143,4437.849454623396,1730329845.774858
-2817.415036847,4414.11190201186,1730329845.7788498
-2730.533806149221,4377.767965527531,1730329845.7830873
-2650.738078443775,4364.20045664316,1730329845.78604
-2740.927367320939,4411.317933954947,1730329845.7911825
-2804.741597740841,4398.510384382055,1730329845.7950394
-2761.066289075171,4369.743689268075,1730329845.7988992
-2645.127790585493,4390.910791267252,1730329845.8029833
-2713.7476460632856,4421.599736404388,1730329845.806966
-2783.3733300415674,4346.43081980119,1730329845.8110576
-2758.853466374096,4316.010095597518,1730329845.813972
-2619.445636206345,4416.011800290561,1730329845.8180056
-2665.020843150716,4482.910571445295,1730329845.8233638
-2833.84356902165,4521.713199819708,1730329845.8275232
-2807.960248942405,4475.556847519499,1730329845.8313253
-2697.2744103997243,4440.621070935854,1730329845.835693
-2620.9208513403955,4434.228472021637,1730329845.839454
-2735.786466096218,4434.653155166287,1730329845.8419397
-2789.117728366581,4402.265477450547,1730329845.8461847
-2737.842826586106,4402.801919317475,1730329845.8510113
-2702.3706081355344,4426.248899251092,1730329845.8550649
-2721.6601636004643,4405.595887374388,1730329845.8589604
-2794.012760402293,4422.940841071706,1730329845.8621523
-2734.870044573551,4384.518192353034,1730329845.8661942
-2664.126773372504,4431.97094583165,1730329845.8702135
-2729.0809427596264,4473.5675422629765,1730329845.8742006
-2789.810632444696,4429.624012663843,1730329845.8791995
-2719.223823454836,4318.379380509779,1730329845.883033
-2721.771922322741,4384.272323164025,1730329845.887179
-2743.7213353778525,4502.378940865868,1730329845.890182
-2826.84747300714,4472.852286440407,1730329845.8941936
-2758.0711553181595,4408.054579264472,1730329845.8981712
-2661.0198808932164,4422.136178271315,1730329845.9022064
-2725.035277013216,4471.533533517544,1730329845.90723
-2788.6259899885645,4457.116658343871,1730329845.9112437
-2763.681443176442,4407.518137397545,1730329845.9150317
-2690.971218463328,4405.953515285672,1730329845.9181857
-2716.273393186736,4443.906777370784,1730329845.9222083
-2817.705609524919,4483.894048201329,1730329845.926068
-2811.894155966539,4434.764913888564,1730329845.9301283
-2693.027578953216,4352.689308248676,1730329845.934082
-2735.562948651665,4409.708608354164,1730329845.9392333
-2784.803841686707,4505.08350194496,1730329845.943333
-2796.605562759109,4466.54909450401,1730329845.9464257
-2697.7885005221965,4429.244033008103,1730329845.9500587
-2657.197732591359,4453.741544931119,1730329845.9541388
-2729.6173846265538,4482.061205155994,1730329845.958266
-2816.3421531131453,4473.098155629416,1730329845.9623125
-2750.359803481079,4458.301300800002,1730329845.967147
-2686.031482938705,4479.624865010365,1730329845.9713378
-2747.744649379808,4516.326429405979,1730329845.9743102
-2811.22360363288,4494.958161706706,1730329845.9783072
-2755.0760215611485,4450.299376285002,1730329845.982263
-2689.741872518286,4458.860094411385,1730329845.9863577
-2737.01581204126,4494.019388439583,1730329845.9901855
-2810.553051299221,4490.264295371091,1730329845.9953592
-2775.5502194822097,4449.807637906985,1730329845.9983673
-2691.5970673080765,4451.863998396873,1730329846.002344
-2716.25104144228,4495.584010551454,1730329846.0061724
-2810.955382699416,4500.4119873538,1730329846.0103445
-2794.862126691595,4460.581178734444,1730329846.0143232
-2699.0625499561493,4455.328518787446,1730329846.0182683
-2708.673800071931,4492.499469816622,1730329846.02333
-2800.807690716707,4512.683095059764,1730329846.0264027
-2804.2275076183687,4478.596684765421,1730329846.029264
-2718.9556025213724,4464.157457847293,1730329846.0343876
-2696.96148597735,4504.390597866845,1730329846.0384967
-2789.475356277866,4523.300173676035,1730329846.0422795
-2819.292583381245,4496.4110250963,1730329846.0464473
-2728.835073570618,4472.785231207041,1730329846.0514748
-2688.7583957622523,4497.953295463717,1730329846.0545433
-2768.30825427869,4526.071789988493,1730329846.0574756
-2820.186653159458,4504.591763566943,1730329846.0624971
-2748.683422646931,4477.143821375826,1730329846.0663004
-2689.5854103070988,4496.120452418381,1730329846.0705175
-2751.745611637308,4538.097028505448,1730329846.0745237
-2820.7454467708408,4529.603365612432,1730329846.0795443
-2759.479315218844,4495.2263826401695,1730329846.0826263
-2678.2307241238027,4507.408083368312,1730329846.0857215
-2723.5377101347103,4548.9376245662725,1730329846.0904715
-2808.586097787153,4547.149485009848,1730329846.0945349
-2766.07307983316,4514.18066193827,1730329846.0986323
-2677.560171790144,4515.544118350043,1730329846.1023333
-2706.0139424817494,4555.777258369596,1730329846.1065705
-2798.0807778931594,4564.561493940531,1730329846.109331
-2785.094414364626,4530.475083646189,1730329846.1135116
-2697.0732446996267,4519.053342229527,1730329846.1185193
-2694.480442342811,4559.4429444602665,1730329846.1224945
-2787.4636992768883,4573.256322533646,1730329846.1265087
-2802.215850617391,4536.822979071496,1730329846.130606
-2710.283125672713,4519.723894563186,1730329846.1334133
-2684.0198259377275,4555.33022348049,1730329846.1375575
-2772.1080508360924,4582.6887586937855,1730329846.1414063
-2808.2284698758685,4556.47016244771,1730329846.145831
-2727.292803203202,4530.318621435002,1730329846.1503627
-2682.835183481596,4555.75490662514,1730329846.1545784
-2755.567759939165,4589.57309598602,1730329846.1584184
-2811.5588797997093,4567.936607353283,1730329846.1615677
-2741.843788843607,4537.962918038716,1730329846.1655877
-2672.91100894344,4562.125153794904,1730329846.169592
-2732.858387572573,4600.05606413556,1730329846.1736944
-2807.7143797533968,4590.735386697696,1730329846.1786432
-2760.26162627478,4552.491551934666,1730329846.1827493
-2678.677759012909,4564.002700329149,1730329846.1866968
-2715.2675646862467,4608.370913072934,1730329846.1896932
-2804.31691459619,4608.706189239763,1730329846.1936693
-2780.534658495744,4568.80832538704,1730329846.1976607
-2692.0217504527272,4564.136810795881,1730329846.2017252
-2704.9410587478947,4604.81698570454,1730329846.206643
-2788.536583010743,4625.067666181048,1730329846.2107024
-2789.8776876780616,4585.549781984065,1730329846.214703
-2700.24719241228,4568.115421308926,1730329846.2177165
-2688.601933551065,4605.465186293744,1730329846.221701
-2774.723204937364,4632.689611040308,1730329846.225582
-2791.755234212308,4607.141567127892,1730329846.2297533
-2702.974105235828,4588.544915741077,1730329846.2347565
-2671.569904276121,4619.904413211872,1730329846.2386696
-2753.667861660464,4651.845056038506,1730329846.241505
-2797.03024590376,4626.29701212609,1730329846.245711
-2723.5377101347103,4596.479785022711,1730329846.2495534
-2668.708880985842,4626.229956892724,1730329846.2537813
-2735.607652140576,4665.658434111886,1730329846.257744
-2798.84073720464,4645.877140268939,1730329846.2617989
-2736.032335285227,4612.349523585978,1730329846.266611
-2667.591293763077,4629.135683671914,1730329846.2698424
-2721.615460111554,4668.362995190978,1730329846.2737725
-2800.9194494389835,4663.333852688534,1730329846.277835
-2759.255797774291,4630.096808683492,1730329846.2818208
-2675.414404322434,4638.3446023875,1730329846.2858083
-2708.5620413496545,4679.4047569519,1730329846.289781
-2799.9136209384947,4679.44946044081,1730329846.2947547
-2776.667806704975,4649.185198448325,1730329846.2978723
-2687.81962249513,4647.352355402989,1730329846.3018198
-2696.715616788342,4686.400852966411,1730329846.3058643
-2787.441347532433,4701.6670944293855,1730329846.3098423
-2788.2460103328244,4673.190971993324,1730329846.313823
-2698.5037563447663,4659.355242175489,1730329846.3177173
-2687.953732961861,4692.167603035879,1730329846.3228292
-2776.6231032160645,4713.1782428238685,1730329846.3257096
-2800.762987227796,4684.54565817662,1730329846.3298595
-2711.199547195381,4666.463096912276,1730329846.3336897
-2672.508677543244,4699.141347305936,1730329846.337792
-2755.813629128173,4730.344382565544,1730329846.3417113
-2808.0720076646817,4706.78564390965,1730329846.3458858
-2736.591128896609,4676.588437150531,1730329846.350906
-2678.9459799463725,4698.73901590574,1730329846.353946
-2743.430762699933,4738.055734402626,1730329846.3569353
-2808.4519873204217,4730.389086054455,1730329846.3619351
-2752.572626182154,4700.348341506522,1730329846.3659806
-2676.3084741006464,4713.98290562426,1730329846.3701537
-2716.653372842476,4759.4910573352645,1730329846.3743112
-2790.3023708227124,4769.214066173323,1730329846.378031
-2756.283015761735,4735.775856468184,1730329846.3809638
-2675.637921766988,4736.625222757486,1730329846.3850155
-2703.041160469193,4778.065356977625,1730329846.3890507
-2792.895173179528,4784.793232058672,1730329846.393954
-2779.88645790654,4750.930339208882,1730329846.3980148
-2687.886677728496,4748.359888596522,1730329846.4020104
-2686.7020352723644,4792.593990873575,1730329846.404961
-2779.0817951061485,4810.47538643782,1730329846.4088798
-2793.8339464466508,4770.264598162723,1730329846.4129362
-2708.852614027573,4750.259786875223,1730329846.418021
-2682.38814859249,4792.549287384664,1730329846.4219143
-2770.4316700019444,4819.192566775389,1730329846.4259996
-2809.860147221106,4788.548325127164,1730329846.43004
-2730.086771260116,4760.005147457737,1730329846.4328516
-2680.1753258914146,4795.365607186032,1730329846.4370103
-2754.785448883229,4831.284860525711,1730329846.441293
-2807.647324520031,4812.643505649985,1730329846.4449096
-2742.1790650104363,4780.658159334441,1730329846.4498432
-2677.314302601136,4803.032255534203,1730329846.4540348
-2733.752457350786,4843.980651376325,1730329846.4578917
-2804.160452385003,4835.889319883504,1730329846.4611552
-2758.473486718355,4796.080863008602,1730329846.4655004
-2682.075224170116,4803.792214845684,1730329846.469049
-2721.34723917809,4848.33924154511,1730329846.47349
-2803.9145831959945,4852.988404391815,1730329846.4781222
-2779.93116139545,4812.6658573944405,1730329846.481979
-2695.2180499098363,4809.111930026046,1730329846.485606
-2712.0489134846825,4849.881511912527,1730329846.48952
-2802.707588995408,4859.716279472862,1730329846.4931245
-2794.526850524765,4826.47923546782,1730329846.497497
-2701.67770405742,4818.298496997178,1730329846.5011752
-2694.5922010650875,4855.938834659914,1730329846.5065596
-2779.0147398727822,4883.319721617666,1730329846.5103104
-2794.213926102392,4858.017546894258,1730329846.5133414
-2711.1771954509254,4833.542386715697,1730329846.5170617
-2679.683587513398,4871.2497796118,1730329846.5212195
-2756.0818500616374,4908.912469018993,1730329846.5250523
-2797.924315681972,4877.731785503839,1730329846.529475
-2726.4434369139003,4847.288709555711,1730329846.5330808
-2677.157840389948,4866.53356153173,1730329846.538386
-2747.387021468523,4902.2069456824,1730329846.5411909
-2809.658981521008,4885.934875718936,1730329846.545466
-2753.667861660464,4846.037011866214,1730329846.54925
-2688.6242852955206,4857.2799393272335,1730329846.5534687
-2740.010945798272,4898.831832269649,1730329846.5575075
-2814.1069786676144,4894.517945589775,1730329846.5622928
-2774.4549840039,4853.323680558644,1730329846.566146
-2696.894430743984,4860.297424828699,1730329846.56966
-2727.203396225381,4903.995085238825,1730329846.5734951
