Fp1,C3,time_board
2793.923353424472,-120.00651598054364,1730243146.0289612
2799.0642546491927,-128.14255096227538,1730243146.032799
2791.487013278844,-95.01726567951032,1730243146.0369473
2782.054577118704,-85.20484986363053,1730243146.0407665
2778.12067009457,-124.74508580506873,1730243146.0448165
2788.894210922028,-136.3679929218284,1730243146.0488353
2801.0759116501704,-99.46526282611644,1730243146.0517845
2792.2469725903243,-85.96480917511096,1730243146.0558045
2779.7970509287184,-115.26794615601852,1730243146.0607617
2784.8485451756173,-135.831551054901,1730243146.0647757
2800.964152927894,-108.58477456388172,1730243146.06895
2794.4821470358547,-82.56734401790429,1730243146.0729463
2787.5531062547097,-103.62268729480354,1730243146.0758836
2790.12355686707,-129.4836556295938,1730243146.0799725
2792.850469690617,-109.188271664175,1730243146.083969
2785.7202632093745,-87.55178303143776,1730243146.0879955
2776.779565427252,-96.24661162455222,1730243146.0929897
2779.618236973076,-127.60610909534802,1730243146.09698
2800.740635483341,-121.01234448103244,1730243146.1010132
2798.2372401043463,-89.76460573251316,1730243146.1040404
2795.063292391693,-91.95507668913324,1730243146.1078312
2795.286809836246,-129.50600737404912,1730243146.112043
2798.796033715729,-124.7003823161581,1730243146.115811
2804.987466929849,-91.84331796685672,1730243146.1210313
2802.573478528676,-89.5634400324154,1730243146.1249893
2788.6930452219303,-125.70621081664692,1730243146.1290326
2789.318894066679,-127.67316432871394,1730243146.1321547
2801.545298283732,-96.29131511346284,1730243146.1360328
2790.5929435006315,-86.25538185302996,1730243146.140038
2791.4646615343886,-118.88892875777826,1730243146.144062
2805.389798330045,-134.73631557659098,1730243146.1489637
2803.6016587736203,-103.8238529949013,1730243146.153093
2793.319856324179,-88.42350106519474,1730243146.1561072
2778.746518939319,-126.82379803941228,1730243146.1600964
2795.3315133251567,-153.91411231924442,1730243146.1641183
2822.153606671525,-101.74514076055776,1730243146.1680305
2807.580269286665,-74.6771782251809,1730243146.1719885
2806.6191442750865,-109.99293446456606,1730243146.1771307
2795.577382514165,-149.80139133946793,1730243146.181148
2789.2294870888577,-115.156187433742,1730243146.1842496
2795.286809836246,-76.86764918180099,1730243146.1881597
2782.8815916635504,-92.46916681160532,1730243146.1921418
2785.7873184427403,-129.84128354087872,1730243146.196034
2798.796033715729,-125.16976894971955,1730243146.2001252
2805.881536708061,-92.17859413368632,1730243146.2052555
2798.550164526721,-99.6664285262142,1730243146.2093644
2797.1196528815813,-124.92389976071118,1730243146.2123137
2811.60358328862,-119.22420492460788,1730243146.216033
2809.8154437321955,-90.68102725518077,1730243146.2202165
2792.8281179461624,-95.79957673544608,1730243146.2240367
2796.672617992475,-126.8908532727782,1730243146.2282429
2803.4004930735223,-140.41365866823898,1730243146.2321043
2804.026341918271,-104.1367774172756,1730243146.2372513
2802.9758099288715,-81.62857075078139,1730243146.2402592
2813.7269990118743,-112.63044031029229,1730243146.2442198
2820.5442810707427,-133.43991439818316,1730243146.2480931
2816.900946724528,-114.15035893325316,1730243146.2522488
2805.836833219151,-87.14945163124224,1730243146.256277
2797.857260448606,-103.68974252816946,1730243146.2602873
2796.627914503564,-121.92876600370003,1730243146.2641647
2795.4432720474333,-106.61782105181469,1730243146.2671869
2801.545298283732,-80.1086521278205,1730243146.2722552
2801.6570570060085,-102.1921756496639,1730243146.2762954
2805.4568535634107,-150.20372273966345,1730243146.2800925
2845.84645579415,-139.43018191220546,1730243146.2843032
2837.1739789454914,-81.27094283949648,1730243146.288323
2785.7873184427403,-78.56638176040433,1730243146.2922547
2789.184783599947,-128.50017887356032,1730243146.295308
2835.050563222237,-126.2873561724849,1730243146.2991705
2851.814371563717,-96.1795563911863,1730243146.3043413
2797.7902052152403,-114.82091126691238,1730243146.3093996
2766.900094378006,-132.74701032006865,1730243146.313376
2800.5841732721537,-138.06672550043172,1730243146.316228
2864.7560316033405,-124.07453347140952,1730243146.3204029
2926.469198044443,-121.39232413677266,1730243146.323191
2802.9087546955056,-104.96379196212196,1730243146.3274295
2752.3044052486903,-61.288483296451965,1730243146.3322666
2792.358731312601,-71.14560260124237,1730243146.336398
2864.465458925421,-125.52739686100446,1730243146.3403814
2856.0164995213154,-121.61584158132572,1730243146.3444383
2715.513433875255,-78.96871316059985,1730243146.3474548
2733.5959951395985,-75.75006195903563,1730243146.35136
2759.5240187077547,-84.91427718571153,1730243146.355354
2736.412314940967,-130.84711204136755,1730243146.360448
2792.9398766684385,-138.15613247825294,1730243146.3644626
2874.6802061414965,-105.54493731795996,1730243146.3684735
2949.91617797806,-101.99100994956612,1730243146.3712437
2975.5089253793867,-143.20762672515235,1730243146.3763776
2902.061093099248,-211.4475025472048,1730243146.3804636
2740.8826638320284,-186.9946941130989,1730243146.3833332
2876.5577526757424,-80.13100387227583,1730243146.3874593
2830.89313875355,-29.884282336745542,1730243146.3926263
2685.9197242164287,-83.75198647403556,1730243146.396417
2737.5969573970983,-101.18634714917508,1730243146.3993273
2723.6941723458976,-49.15148605722023,1730243146.403684
2765.581341455143,-71.88321016826751,1730243146.407369
2782.8145364301845,-143.52055114752665,1730243146.4115238
2792.984580157349,-141.4641906576384,1730243146.4163954
2825.506368339821,-115.8267397674012,1730243146.4203885
2890.259372026845,-152.66241462974725,1730243146.4244103
2802.1040918951144,-159.94908332217733,1730243146.427537
2741.486160932322,-77.58290500437082,1730243146.4315355
2768.7329374233414,-74.00662589152168,1730243146.4355323
2775.907847393494,-67.0999368548318,1730243146.439572
2772.26451304728,-127.24848118406312,1730243146.4435058
2806.730902997363,-154.89758907527795,1730243146.448531
2815.7833595017623,-103.98031520608843,1730243146.452614
2786.50257426531,-79.68396898316968,1730243146.4555967
2796.6949697369305,-131.0482777414653,1730243146.4594946
2836.123446956092,-149.98020529511038,1730243146.4636116
2825.2381474063573,-122.1299317037978,1730243146.4675376
2901.055264598759,-157.3115774764511,1730243146.4716074
2866.0077292928377,-143.0288127695099,1730243146.476504
2832.725981798885,-157.2892257319958,1730243146.4795356
2853.2672349533123,-64.50713449801619,1730243146.4835832
2754.4501727164,-42.669480165181184,1730243146.4877615
2774.097356092615,-118.84422526886765,1730243146.4916615
2780.6240654735643,-116.36318163432855,1730243146.4957664
2769.0682135901707,-96.24661162455222,1730243146.4995253
2749.30927149168,-138.73727783409095,1730243146.5048
2818.8231967476845,-155.61284489784776,1730243146.5078552
2852.887255297572,-134.62455685431445,1730243146.5106444
2820.723095026385,-138.11142898934233,1730243146.515788
2770.811649657685,-140.30189994596242,1730243146.5197544
2729.282108459724,-93.83262322337904,1730243146.5237367
2791.375254556567,-160.91020833375555,1730243146.5277555
2856.0164995213154,-167.32515899242867,1730243146.5327687
2721.391942667001,-122.64402182626984,1730243146.535804
2744.2354255003247,-203.2220605876518,1730243146.5396647
2849.2215692069017,-156.9986530540768,1730243146.5437973
2818.51027232531,-91.4856900555718,1730243146.5478044
2767.4588879893886,-121.07939971439836,1730243146.5517747
2741.754381865785,-100.82871923789016,1730243146.5557644
2782.8145364301845,-53.30891052590734,1730243146.559942
2853.7366215868738,-142.3359086913954,1730243146.563916
2820.477225837377,-107.08720768537614,1730243146.566718
2755.7912773837184,-89.27286735449641,1730243146.571874
2768.844696145617,-208.6758862347468,1730243146.5757115
2717.30157343168,-290.9303058302767,1730243146.579857
2756.4394779729223,-95.35254184633992,1730243146.5837443
2868.913456072027,-101.2981058714516,1730243146.5888505
2828.6579643080195,-52.63835819224813,1730243146.5917554
2788.111899866092,-174.991807340599,1730243146.594826
2833.84356902165,-261.85068629392225,1730243146.599696
3007.114292039191,-103.86855648381191,1730243146.60419
2903.8045291667618,-113.23393741058558,1730243146.6077173
2824.7464090283406,-98.50413781453824,1730243146.611846
2748.728126135841,-27.31383172438523,1730243146.6148305
2810.977734443872,-132.79171380897927,1730243146.6188817
2723.582413623621,-63.99304437554412,1730243146.6228943
2761.066289075171,-256.79919204702287,1730243146.6278975
2904.00569486686,-202.7526739540904,1730243146.6319027
2698.704922044864,-49.08443082385431,1730243146.635882
2759.389908241023,-125.61680383882567,1730243146.6399095
2749.443381958411,-127.42729513970556,1730243146.6429155
2785.250876575813,-298.0381605670644,1730243146.6469328
2822.8241590051844,-173.58364743991464,1730243146.650951
2763.5696844541653,-124.47686487160504,1730243146.6549587
2770.208152557392,-87.39532082025062,1730243146.659978
2811.93885945545,-143.6770133587138,1730243146.6638827
2789.1400801110367,18.79781708691324,1730243146.6679652
2861.962063546427,-118.24072816857436,1730243146.6709664
2953.760678024373,-164.33002523541754,1730243146.6749835
2904.117453589136,-161.91603683424435,1730243146.6789925
2846.89698778355,-150.49429541758246,1730243146.682813
2794.8844784360504,-80.98037016157748,1730243146.6870048
2767.570646711665,-20.608308387793112,1730243146.6921496
2757.1100303065814,-118.84422526886765,1730243146.6960456
2654.4484680233563,-251.79240128903407,1730243146.6988266
2874.2331712523905,-250.40659313280503,1730243146.7029028
2792.358731312601,-106.41665535171693,1730243146.7070675
2801.701760494919,-110.93170773168896,1730243146.7130632
2835.1623219445137,-125.39328639427262,1730243146.7158597
2792.604600501609,-141.4641906576384,1730243146.7200575
2759.032280329738,65.17768683167539,1730243146.7230544
2859.905703056538,-104.02501869499908,1730243146.7270117
2879.4187759660217,-291.2655819971063,1730243146.7310364
2906.2408693123903,-165.93935083619962,1730243146.735062
2807.1332343975587,-98.95117270364436,1730243146.739092
2765.938969366428,-175.39413874079452,1730243146.7430005
2867.572351404709,-212.74390372561265,1730243146.7481823
2743.6542801444866,-3.442168646117288,1730243146.7511115
2670.72053798682,-169.40387122677222,1730243146.755116
2801.813519217196,-113.39039962177272,1730243146.7590652
2846.1370284720697,-122.57696659290391,1730243146.7632368
2947.144561665602,-60.7743931739799,1730243146.7670803
2954.63239605813,-73.89486716924515,1730243146.771062
2687.5290498172108,-34.287575994441035,1730243146.7762084
2806.4626820639,-252.59706408942512,1730243146.7791915
2883.956180090449,-287.018750550598,1730243146.7821608
2773.896190392517,61.78022167446872,1730243146.7873485
2850.965005274416,-10.19239547162002,1730243146.7910967
2894.975590106916,-114.2397659110744,1730243146.7952256
2797.276115092768,-250.987738488643,1730243146.7990465
2835.5199498557986,-239.5883488164364,1730243146.8043845
2702.281201157713,9.74536058251388,1730243146.8072162
2629.459217722323,-136.1668272217306,1730243146.8112152
2821.5277578267765,-215.5155200380707,1730243146.8150427
2855.502409398843,-73.22431483558594,1730243146.819236
2782.0769288631595,66.29527405444075,1730243146.8232417
2804.071045407182,-98.414730836717,1730243146.8272965
2689.1160236735373,12.204052472597656,1730243146.8313012
2784.937952153439,-84.66840799670315,1730243146.834214
2742.1790650104363,-193.476700005138,1730243146.83824
2914.3992560385773,-317.3947712653603,1730243146.8433044
2958.9462827380044,-169.91796134924428,1730243146.847309
2719.3132304326573,1.2964011784078096,1730243146.8512907
2653.3755842895016,-16.026200774455162,1730243146.8553095
2741.933195821428,18.77546534245793,1730243146.859316
2783.59684748612,-129.17073120721952,1730243146.8622968
2870.634540395086,-169.24740901558508,1730243146.866118
2801.2770773502684,-72.06202412390996,1730243146.871348
2819.9184322259944,-134.66926034322506,1730243146.8752203
2803.512251795799,-83.5284690294825,1730243146.8793292
2726.8234165696404,-86.76947197550201,1730243146.883171
2772.979768869849,-38.86968360777898,1730243146.8873549
2784.5579724976988,-56.41580300519502,1730243146.8902762
2796.4938040368324,-131.02592599701,1730243146.894299
2873.3614532186334,-223.9868311866321,1730243146.8991833
2943.121247663647,-52.50424772551629,1730243146.9034238
2677.649578767965,81.11448062830934,1730243146.9072025
2732.679573616931,-181.0714818324425,1730243146.9114268
2800.65122850552,-166.4310892142164,1730243146.91443
2703.9128785029507,-66.65290196572566,1730243146.9188013
2671.3463868315685,-149.734336106102,1730243146.9227748
2705.8574802705625,-86.74712023104671,1730243146.926629
2619.42328446189,-126.01913523902122,1730243146.931748
2714.865233286051,-180.04330158749838,1730243146.9356225
2793.543373768732,-12.718142595069718,1730243146.9389288
2762.966187353872,54.60531170431516,1730243146.9423692
2785.966132398383,-28.364363713784662,1730243146.9467516
2773.4268037589554,-122.77813229300168,1730243146.9503248
2710.260773928258,-131.91999577522228,1730243146.9565902
2801.9923331728382,-105.92491697370016,1730243146.9595573
2720.2967071886906,-160.30671123346227,1730243146.9635484
2888.203011536957,-102.57215530540412,1730243146.966358
2798.192536615436,73.20196309113064,1730243146.970678
2883.330331245701,-115.96085023413303,1730243146.9743395
2768.777640912252,-92.15624238923102,1730243146.9786837
2671.0781658981045,-23.111703766787503,1730243146.9823685
2742.737858621819,-30.085448036843307,1730243146.9875832
2794.8174232026845,-146.4933331600825,1730243146.9914503
2674.2968170996687,-48.16800930118672,1730243146.994506
2627.0228775766946,-196.89651690679992,1730243146.998388
2706.125701204026,-117.4360653681833,1730243147.0026667
2898.775386664317,-157.42333619872764,1730243147.0066411
2688.5572300621548,-108.98710596407724,1730243147.0106409
2677.269599112225,10.862947805279232,1730243147.0145688
2621.8819763519737,-22.08352352184338,1730243147.020877
2743.7213353778525,-123.62749858230336,1730243147.0244577
2944.1941313975017,-84.53429752997131,1730243147.0277507
2773.762079925785,-29.884282336745542,1730243147.03073
2644.233720807281,-75.6383032367591,1730243147.034598
2745.554178423188,-16.517939152471918,1730243147.0387816
2862.85613332464,-83.64022775175903,1730243147.0436003
2763.5473327097097,-47.1398290562426,1730243147.0478127
2747.2976144907016,-219.6505927623025,1730243147.050547
2663.4338692943898,-167.21340027015214,1730243147.0546193
2722.1519019784814,4.224479702053035,1730243147.0584583
2746.3364894791234,8.225441959552999,1730243147.0629196
2728.008059025772,-103.95796346163314,1730243147.0665567
2728.4997974037883,-166.766365381046,1730243147.0707865
2850.137990729569,-49.330300012862686,1730243147.0745163
2739.0721725311487,13.835729817835071,1730243147.077573
2730.6679166159533,-104.4273500951946,1730243147.08252
2764.1955332989137,-48.77150640148001,1730243147.0867789
2734.870044573551,-67.3905095327508,1730243147.0905612
2739.608614398076,-113.50215834404926,1730243147.0947
2768.3306060231457,-22.798779344413205,1730243147.098719
2679.348311346568,-25.391581701228823,1730243147.1027756
2808.8543187206174,-106.75193151854651,1730243147.105706
2848.5957203621533,-102.12512041629796,1730243147.1106613
2809.346057098634,-67.30110255492957,1730243147.1145537
2687.4843463283,-76.37591080378424,1730243147.1187043
2643.1831888178813,-28.34201196932936,1730243147.122714
2685.6962067718755,-53.957111115111246,1730243147.1273007
2623.737171141764,-139.40783016775015,1730243147.130874
2851.434391907977,-104.85203323984544,1730243147.1336353
2752.863198860073,-39.80845687490188,1730243147.1378732
2665.065546639627,-116.83256826789,1730243147.142904
2832.9271474989832,-189.9004208922888,1730243147.1469383
2653.330880800591,-87.30591384242939,1730243147.150722
2696.469747599333,25.011602045488605,1730243147.1542487
2883.62090392362,9.007753015488746,1730243147.1576495
2937.3992010830884,-86.59065801985956,1730243147.1620927
2884.5820289351977,-180.4903364766045,1730243147.1656668
2666.1831338623924,-2.9951337570111463,1730243147.1711917
2730.6455648714978,-33.237044005041604,1730243147.174648
2711.937154762406,-84.24372485205232,1730243147.1790092
2726.7563613362745,-239.76716277207885,1730243147.1818852
2883.866773112628,-57.08635533885424,1730243147.1869228
2770.6551874464976,43.854122621312456,1730243147.190703
2618.596269917044,27.872625335767907,1730243147.194274
2584.331045667058,-98.7723587480019,1730243147.198714
2771.951588624905,-180.87031613234475,1730243147.2040637
2877.250656753857,-119.2912601579738,1730243147.2077296
2858.9222263005054,-162.13955427879742,1730243147.21103
2699.420177867434,-149.77903959501262,1730243147.2139337
2701.454186612867,-38.6014626743153,1730243147.2178426
2760.216922785869,-187.5087842355709,1730243147.222016
2857.514066399821,-392.6530948463792,1730243147.2258909
2701.0071517237607,89.11640514330927,1730243147.2309833
2795.264458091791,-120.00651598054364,1730243147.2348876
3079.3774818631987,-263.2811979390619,1730243147.2380362
2907.2690495573343,-45.68696566664764,1730243147.2417684
2718.150939720981,-72.12907935727588,1730243147.246142
2764.933140865939,-76.33120731487362,1730243147.2498078
2666.4737065403115,70.40799503421725,1730243147.2549129
2576.8879147634407,-95.03961742396564,1730243147.2588887
2701.1412621904924,24.87749157875676,1730243147.2620983
2703.3987883804784,-134.98218476559936,1730243147.2658443
2636.388258503468,-169.78385088251244,1730243147.270131
2602.525365653678,-85.92010568620034,1730243147.273867
2776.6007514716093,-68.91042815571167,1730243147.27798
2863.4596304249326,-218.957688684188,1730243147.2819705
2945.244663386901,-65.73648044305807,1730243147.2873604
2773.0021206143047,-17.076732763854597,1730243147.2901287
2680.0188636802272,55.49938148252744,1730243147.294238
2733.394829439501,-17.635526375237273,1730243147.2982464
2850.048583751748,-140.16778947923058,1730243147.3021529
2759.903998363495,31.58301491534888,1730243147.3065112
2682.72342475932,-16.67440136365907,1730243147.310418
2714.708771074864,-224.09858990890865,1730243147.3150728
2957.8733990041496,-163.2794932460181,1730243147.3184638
2948.284500632823,-91.1057103998316,1730243147.3221304
2545.3719550814576,20.38479094324004,1730243147.3260589
2588.197897457826,0.0670552333659211,1730243147.3300245
2806.12740589707,-83.2378963515635,1730243147.3339782
2821.348943871134,-34.958128328100244,1730243147.338295
2701.811814524152,-118.26307991302969,1730243147.3432558
2809.4578158209106,-57.48868673904977,1730243147.3464885
2784.4909172643324,-65.15533508722008,1730243147.3489196
2708.517337860744,-66.54114324344913,1730243147.354404
2766.900094378006,-26.151541012709263,1730243147.357986
2733.9536230508834,-91.26217261101874,1730243147.3623176
2671.3910903204787,-89.67519875469193,1730243147.3660855
2743.855445844584,-102.2145273941192,1730243147.370204
2716.6310210980205,-180.669150432247,1730243147.37331
2659.9469971593617,13.366343184273624,1730243147.3783467
2807.446158819933,-58.76273617300227,1730243147.3819945
2831.5860428316646,-68.70926245561391,1730243147.3863208
2735.5853003961206,55.52173322698275,1730243147.3902752
2815.9174699684945,-117.57017583491516,1730243147.3941183
2797.566687770687,-151.6565861292584,1730243147.3972387
2679.1471456464706,-15.087427507332269,1730243147.4012482
2825.0146299618045,-31.135980026242738,1730243147.4051917
2867.594703149164,-15.310944951885338,1730243147.4104004
2716.407503653468,-121.14645494776428,1730243147.414476
2588.7119875802982,-147.1638854937417,1730243147.4184964
2774.3655770260784,-34.33227948335165,1730243147.4226773
2831.764856787307,6.794930314413347,1730243147.425104
2801.5229465392767,-40.00962257499964,1730243147.4293072
2674.4085758219453,-15.936793796633935,1730243147.4331355
2764.5084577212883,-89.38462607677295,1730243147.4392867
2754.807800627685,-9.253622204497123,1730243147.4435558
2702.571773835632,-46.17870404466439,1730243147.446314
2771.616312458076,-69.08924211135412,1730243147.4502432
2831.161359687014,-47.58686394534874,1730243147.4534676
2751.1868180259253,-72.37494854628427,1730243147.457147
2677.0237299232163,-39.20495977460859,1730243147.4613523
2720.319058933146,-171.2590660165627,1730243147.465259
2769.3587862680897,-11.935831539133972,1730243147.4703207
2884.5820289351977,-2.4363401456284697,1730243147.474174
2821.8853857380614,-9.834767560335107,1730243147.4773011
2752.25970175978,-60.52852398497153,1730243147.4814732
2821.08072293767,-10.974706527555767,1730243147.4853845
2706.751550048775,66.13881184325359,1730243147.489705
2706.416273881945,-68.9998351335329,1730243147.493467
2679.348311346568,-253.91581701228824,1730243147.4983385
2922.7364567204067,-133.97635626511052,1730243147.5023909
2841.532569114276,48.212712790097335,1730243147.5051389
2790.928219667461,1.721084323058644,1730243147.5093646
2608.4709296787896,9.790064071424494,1730243147.5133443
2684.645674782476,-45.93283485565601,1730243147.517272
2790.5482400117207,-24.11753226727632,1730243147.521335
2715.312268175157,-172.15313579477498,1730243147.5268912
2742.469637688356,-52.61600644779283,1730243147.5312788
2757.288844262224,69.6033322338262,1730243147.535596
2908.610154224653,-50.38083200226212,1730243147.5388052
2846.4946563833546,-37.86385510729016,1730243147.5412793
2678.476593312811,32.38767771573993,1730243147.5457697
2714.932288519417,-16.629697874748455,1730243147.5492036
2711.7136373178528,-39.47318070807227,1730243147.5544186
2714.5299571192213,-65.37885253177316,1730243147.558229
2805.2556878633127,-24.832788089846147,1730243147.561785
2756.528884950744,-108.67418154170294,1730243147.5654285
2731.53963464971,-213.5262147815484,1730243147.5694604
2745.3083092341794,55.18645706015314,1730243147.5733442
2761.6474344310086,-127.8743300288117,1730243147.577446
2773.0468241032154,-38.86968360777898,1730243147.5823345
2725.7952363246964,128.83545504038992,1730243147.5859952
2737.932233563928,44.34586099932921,1730243147.5896375
2810.016609432293,-62.45077400812794,1730243147.5934086
2930.045477157292,-91.06100691092098,1730243147.5977917
2775.438460759933,4.157424468687114,1730243147.6019497
2627.961650843817,-9.87947104924572,1730243147.6053767
2762.8544286315955,-136.27858594400715,1730243147.6107352
2891.2652005273344,-70.83267817886808,1730243147.6134136
2846.069973238704,-23.379924700251188,1730243147.616382
2562.9627779677844,29.258433491996943,1730243147.6215837
2538.778190467142,-117.95015549065538,1730243147.6254432
2725.5940706245983,-50.76081165800234,1730243147.6296008
2838.604490590631,-11.734665839036207,1730243147.6335075
2887.443052225477,-30.219558503575147,1730243147.638785
2723.0459717566937,-48.86091337930124,1730243147.6413658
2713.032390240716,-34.64520390572595,1730243147.6445184
2707.645619826987,-57.62279720578161,1730243147.649386
2798.058426148704,-39.562587685893504,1730243147.6534736
2856.6199966216086,-53.77829715946879,1730243147.657447
2765.2013617994025,5.342066924818388,1730243147.6616373
2747.029393557238,-92.737387745069,1730243147.6654058
2735.652355629487,-52.72776517006936,1730243147.669951
2812.274135622279,-62.74134668604693,1730243147.672901
2773.292693292224,45.68696566664764,1730243147.677716
2740.189759753914,28.185549758142205,1730243147.68161
2747.9234633354504,-50.17966630216436,1730243147.686037
2646.1783225748927,-111.80342576544592,1730243147.6899896
2757.445306473411,-72.01732063499935,1730243147.6935256
2856.128258243592,-57.26516929449669,1730243147.6966844
2742.469637688356,-46.44692497812808,1730243147.7005243
2748.325794735646,-52.906579125711815,1730243147.7046535
2727.203396225381,-35.22634926156393,1730243147.7101667
2734.199492239892,-62.45077400812794,1730243147.713571
2789.3635975555894,16.249718219008233,1730243147.7176754
2822.4218276049887,54.24768379303024,1730243147.7218883
2830.3566968866226,-25.27982297895229,1730243147.7244568
2799.824213960673,-120.34179214737324,1730243147.7286584
2644.770162674208,12.874604806256867,1730243147.7335272
2679.772994491219,53.06304133689897,1730243147.7376325
2761.5803791976427,48.52563721247164,1730243147.741511
2753.891379105017,-39.58493943034881,1730243147.74564
2749.01869881376,-125.72856256110222,1730243147.7485108
2803.780472729263,-172.98015033962136,1730243147.752662
2806.686199508453,-11.891128050223358,1730243147.7566776
2711.1548437064703,39.78610513044657,1730243147.7606928
2707.3103436601573,-9.52184313796081,1730243147.7655013
2800.5841732721537,-105.0308471954879,1730243147.7696848
2749.01869881376,-34.5110934389941,1730243147.7734854
2761.2451030308134,34.153465527709194,1730243147.776687
2791.3081993232013,-100.89577447125608,1730243147.7807105
2734.0430300287044,-96.4924808135606,1730243147.784619
2670.9887589202835,80.75685271702442,1730243147.789704
2783.574495741665,22.44115143312829,1730243147.793187
2812.877632722573,-35.89690159522314,1730243147.7970865
2767.995329856316,-104.20383265064152,1730243147.8007712
2813.0117431893045,-76.97940790407752,1730243147.8046217
2817.3032781247234,58.96390187310004,1730243147.809948
2657.6224157360098,9.700657093603263,1730243147.8141732
2728.0527625146824,-145.19693198167468,1730243147.8166964
2837.956290001427,26.151541012709263,1730243147.8209758
2685.249171882769,-2.4363401456284697,1730243147.8247137
2669.826468208608,-61.48964899654973,1730243147.828887
2756.551236695199,52.772468658979975,1730243147.832636
2709.72433206133,1.4752151340502662,1730243147.8380437
2788.737748710841,-59.61210246230394,1730243147.841674
2749.4880854473217,-76.13004161477586,1730243147.846338
2644.412534762924,-124.27569917150728,1730243147.8486528
2765.7825071552406,16.383828685740077,1730243147.8530502
2844.9970895048486,74.49836426953844,1730243147.8569152
2770.856353146595,-42.669480165181184,1730243147.8629217
2711.244250684292,-112.58573682138169,1730243147.865785
2771.795126413718,-59.65680595121455,1730243147.869976
2734.937099806917,-47.56451220089343,1730243147.8730705
2844.9523860159384,-72.33024505737366,1730243147.877042
2879.99992132186,-77.62760849328143,1730243147.8812428
2813.1682054004914,-10.57237512736024,1730243147.8847756
2815.8504147351287,-44.27880576596329,1730243147.8891437
2545.841341715019,31.828884104357257,1730243147.8939724
2651.989776133272,-25.235119490041672,1730243147.8969834
2705.365741892545,-35.24870100601924,1730243147.89984
2812.721170511385,-81.60621900632609,1730243147.9049263
2581.246504932225,-151.2989582179735,1730243147.9088304
2516.78407392312,-228.7924562445231,1730243147.9149306
2837.4198481345,-352.30819610454995,1730243147.9184651
2908.923078647027,109.478844342094,1730243147.9209788
2557.844228487519,-2.413988401173163,1730243147.9260669
2688.937209717895,-117.4584171126386,1730243147.9293876
2682.052872425661,-52.50424772551629,1730243147.9327574
2777.5618764831875,200.9645343976658,1730243147.9371164
2809.860147221106,239.54364532752567,1730243147.9418144
2773.7173764368745,-75.68300672566971,1730243147.9472024
2955.995852469904,-288.0692825399974,1730243147.9498515
2873.9425985744715,87.75294873153553,1730243147.9539804
2575.2785891626586,109.97058272011076,1730243147.9568455
2683.7292532598085,52.101916325320765,1730243147.9610405
2680.4882503137887,17.479064164050122,1730243147.9650047
2759.121687307559,-27.179721257653387,1730243147.9691908
2786.301408565213,-41.21661677558623,1730243147.973032
2731.897262560995,12.606383872793185,1730243147.9770343
2637.639956192965,48.36917500128448,1730243147.980014
2642.1773603173924,-184.08896733390893,1730243147.9839947
2641.7303254282865,-91.7986144779461,1730243147.989231
2887.8453836256726,50.67140468018111,1730243147.9928863
2964.8024397852946,-58.04748035043245,1730243147.9970722
2648.18997957587,-12.0252385169552,1730243148.00109
2641.931491128384,-104.18148090618622,1730243148.0065017
2733.6854021174195,-68.17282058868655,1730243148.0090606
2825.5287200842763,77.64996023773674,1730243148.0143309
2735.607652140576,-42.78123888745772,1730243148.0169008
2779.104146850604,-123.60514683784804,1730243148.021269
2750.5609691811765,98.37002734780638,1730243148.024907
2662.8974274274624,94.79374823495723,1730243148.0290003
2679.705939257853,71.99496889054404,1730243148.0320532
2703.1752709359257,-4.895032035712247,1730243148.0362349
2603.620601131988,-84.69075974115846,1730243148.0403247
2596.333932439558,-82.36617831780653,1730243148.0441432
2887.0183690808262,-92.80444297843492,1730243148.0491617
2782.4345567744444,-79.63926549425906,1730243148.0530517
2609.163833756904,-11.667610605670289,1730243148.0570157
2690.3677213630344,65.512962998505,1730243148.0604954
2833.3294788991784,-11.86877630576805,1730243148.064048
2783.0380538747377,-28.90080558071203,1730243148.068388
2782.3004463077127,-10.214747216075327,1730243148.0723076
2703.421140124934,28.118494524776285,1730243148.0771806
2610.4378831908566,-66.4293845211726,1730243148.0810163
2688.981913206805,-103.55563206143762,1730243148.085366
2750.315099992168,108.02598095249904,1730243148.0894022
2720.2296519553247,-67.65873046621448,1730243148.0921907
2850.9426535299604,-16.83086357484622,1730243148.0963595
2822.9135659830054,-0.4023314001955271,1730243148.100171
2686.545573061177,88.0211696649992,1730243148.1051126
2583.9287142668622,101.32045761590692,1730243148.1094377
2700.96244823485,-58.80743966191288,1730243148.1123908
2840.3255749136897,-130.1318562187977,1730243148.1161544
2808.899022209528,43.720012154580616,1730243148.1203103
2645.552473730144,23.75990435599141,1730243148.1241229
2716.832186798118,-108.02598095249904,1730243148.1282752
2790.2800190782573,-97.63241978078123,1730243148.1320915
2707.1985849378807,37.61798591828179,1730243148.1372707
2709.545518105688,30.6889451371366,1730243148.1400795
2729.170349737448,-91.03865516646566,1730243148.1442368
2749.8904168475174,85.29425684145176,1730243148.1483765
2731.2714137162466,53.755945415013485,1730243148.152251
2790.861164434096,-1.430511645139652,1730243148.156505
2713.479425129822,-45.59755868882641,1730243148.1605492
2715.2675646862467,50.13496281325374,1730243148.165197
2731.8525590720847,53.375965759273264,1730243148.168298
2694.5027940872665,12.159348983687044,1730243148.172346
2731.8525590720847,-110.28350714248504,1730243148.1763563
2738.0439922862047,-30.018392803477383,1730243148.1808016
2641.5068079837333,-101.72278901610244,1730243148.1867063
2662.070412882616,8.046628003910543,1730243148.1893191
2793.163394112992,122.35344914835086,1730243148.192468
2874.5237439303096,44.45761972160575,1730243148.195662
2822.354772371623,-36.29923299541867,1730243148.2003057
2704.091692458593,32.07475329336563,1730243148.204364
2552.546865051612,-29.504302681005324,1730243148.2082188
2726.711657847364,-26.46446543508356,1730243148.2127576
2808.921373953983,-75.37008230329542,1730243148.216234
2802.5958302731315,-190.25804880357373,1730243148.2203925
2654.023784878705,108.5624228194264,1730243148.2235646
2634.9577468583284,-44.43526797715044,1730243148.2286856
2678.4318898239007,31.024221303966204,1730243148.23227
2769.537600223732,166.11816479184208,1730243148.2364964
2871.3944997065664,-58.09218383934306,1730243148.240282
2707.042122726694,-141.26302495754064,1730243148.2464445
2673.872133955018,91.19511737765282,1730243148.249353
2688.780747506708,102.48274832758288,1730243148.2527685
2749.845713358606,12.85225306180156,1730243148.2564988
2776.153716582503,-43.45179122111693,1730243148.2607036
2663.456221038845,49.21854129058615,1730243148.2644508
2732.836035828118,71.5032305125273,1730243148.268875
2747.7893528687187,-9.767712326969187,1730243148.2726989
2775.5502194822097,-75.9735794035887,1730243148.2767775
2709.098483216582,-15.132130996242882,1730243148.27958
2687.3055323726576,-33.72878238305836,1730243148.2834537
2739.54155916471,-64.64124496474803,1730243148.288463
2815.470435079388,61.48964899654973,1730243148.2925708
2740.0556492871824,-57.13105882776485,1730243148.2968464
2720.5425763777,28.96786081407795,1730243148.2994
2839.364449902112,58.09218383934306,1730243148.3034449
2644.412534762924,-30.42072420367291,1730243148.3074248
2696.357988877057,41.48483770904991,1730243148.311669
2799.153661627014,36.45569520660582,1730243148.316393
2790.9505714119164,39.36142198579574,1730243148.321062
2637.125866070493,27.55970091339361,1730243148.3244567
2693.9216487314284,-26.93385206864501,1730243148.327659
2699.5319365897103,-14.506282151494284,1730243148.33163
2691.5300120747106,62.04844260793241,1730243148.3355825
2713.3453146630904,16.875567063756833,1730243148.3397825
2797.1420046260364,-84.06491089640986,1730243148.3446045
2845.019441249304,37.95326208511139,1730243148.3484392
2763.5249809652546,-31.068924792876818,1730243148.3528056
2687.640808539488,26.10683752379865,1730243148.3561714
2678.9012764574622,-11.309982694385374,1730243148.3599515
2738.1110475195705,-5.923212280656371,1730243148.3640935
2767.369481011568,20.69771536561434,1730243148.3677745
2785.5861527426428,61.80257341892403,1730243148.3719184
2699.554288334166,79.7733759609909,1730243148.3770156
2760.529847208244,-47.58686394534874,1730243148.380662
2729.930309048928,-80.44392829465012,1730243148.3835185
2659.365851803524,-78.45462303812779,1730243148.3878903
2708.360875649557,-49.71027966860291,1730243148.3915007
2648.7264214427973,-2.369284912262549,1730243148.3962166
2806.663847763997,100.85107098234546,1730243148.3994863
2822.332420627168,24.341049711829392,1730243148.4046688
2695.195698165381,-34.153465527709194,1730243148.4075706
2816.4315600909663,-8.024276259455236,1730243148.411955
2797.566687770687,55.09705008233191,1730243148.415588
2757.9817483403385,148.4155831832389,1730243148.419813
2657.823581436108,129.61776609632565,1730243148.4236476
2693.027578953216,-17.25554671949705,1730243148.427869
2659.119982614516,-125.86267302783406,1730243148.4325364
2637.259976537225,-115.40205662275037,1730243148.436236
2652.682680211387,-6.973744270055803,1730243148.4397862
2753.936082593928,8.180738470642385,1730243148.443719
2764.709623421386,19.15544499819816,1730243148.4480743
2765.7825071552406,47.58686394534874,1730243148.4521573
2731.472579416344,14.036895517932836,1730243148.4560435
2730.1091230045704,115.13383568928668,1730243148.4609592
2654.4484680233563,2.6598575901815407,1730243148.4638782
2736.993460296805,-91.84331796685672,1730243148.4681752
2763.4355739874336,-16.115607752276393,1730243148.4718225
2860.9785867903934,-53.35361401481796,1730243148.475844
2856.284720454779,39.58493943034881,1730243148.480173
2628.989831088761,50.09025932434313,1730243148.4838977
2616.4728541937893,-59.701509440125164,1730243148.4889932
2696.0897679435934,9.410084415684274,1730243148.491732
2798.483109293355,-36.56745392888235,1730243148.494686
2705.768073292741,61.601407718826266,1730243148.49974
2673.000415921261,142.090039502387,1730243148.5039003
2642.3785260174905,100.47109132660523,1730243148.50773
2757.73587915133,66.13881184325359,1730243148.511927
2784.826193431162,-39.42847721916166,1730243148.5157027
2711.579526851121,-109.43414085318338,1730243148.5189722
2707.936192504906,12.584032128337876,1730243148.5230658
2684.57861954911,66.7646606880022,1730243148.528122
2638.71283992682,-104.40499835073928,1730243148.5316775
2772.063347347182,-113.70332404414702,1730243148.5359733
2909.392465280589,57.84631465033468,1730243148.5400534
2802.3052575952124,98.705303514636,1730243148.54402
2667.256017596247,-71.72674795708036,1730243148.5469449
2542.8015044690974,-15.623869374259638,1730243148.551028
2723.358896179068,195.6001157283921,1730243148.5561848
2812.2070803889133,121.90641425924473,1730243148.5602844
2716.027523997728,-63.81423041990166,1730243148.564027
2767.414184500478,69.58098048937089,1730243148.568302
2755.6571669169866,85.07073939689867,1730243148.572291
2724.0741520016377,-15.06507576287696,1730243148.5748076
2716.027523997728,-15.489758907527795,1730243148.5790749
2795.3985685585226,17.34495369731828,1730243148.5848303
2841.2643481808127,-16.003849029999856,1730243148.590762
2812.2070803889133,48.59269244583756,1730243148.5942702
2643.607871962532,104.02501869499908,1730243148.598101
2587.884973035452,-4.5597558688826405,1730243148.6014926
2762.5415042092213,-35.338107983840466,1730243148.604176
2765.2013617994025,53.4877244815498,1730243148.6077871
2671.547552531666,-99.62172503730358,1730243148.6111913
2501.048445826584,-244.9974709746207,1730243148.6158872
2802.439368061944,119.44772236916094,1730243148.6201577
2812.9446879559387,170.83438287191188,1730243148.6229017
2736.009983540772,122.68872531518046,1730243148.627016
2776.9583793828942,75.90652417022278,1730243148.6312964
2759.121687307559,-39.78610513044657,1730243148.6348944
2708.897317516484,51.40901224720624,1730243148.639026
2597.362112684502,3.4868721350279017,1730243148.6439233
2659.119982614516,-91.4409865666612,1730243148.6480126
2802.2382023618466,81.00272190603279,1730243148.6514244
2787.776623699263,104.1367774172756,1730243148.654843
2733.193663739403,-33.41585796068406,1730243148.659024
2642.4455812508563,-67.0999368548318,1730243148.6630423
2699.956619734361,-15.176834485153496,1730243148.66721
2758.0041000847937,96.8724604693008,1730243148.6711
2781.7416526963298,127.2037776951525,1730243148.6764932
2893.4780232284097,38.17677952966447,1730243148.679171
2749.68925114742,42.28950050944096,1730243148.6829932
2673.514506043733,130.73535331909102,1730243148.6871896
2675.5932182780766,10.326505938351865,1730243148.690967
2732.3666491945564,58.69568093963635,1730243148.6951027
2737.7981230971964,-26.218596246075183,1730243148.699988
2625.94999384284,-116.1173124453202,1730243148.7045553
2698.3696458780346,34.1758172721645,1730243148.7070782
2792.604600501609,48.413878490195096,1730243148.711321
2814.732827512363,24.475160178561232,1730243148.7150028
2727.605727625576,41.59659643132645,1730243148.7192192
2643.0714300956047,142.3359086913954,1730243148.7232115
2705.3433901480903,43.83177087685715,1730243148.7272437
2757.7582308957853,-31.091276537332124,1730243148.7313836
2711.3336576621127,59.25447455101902,1730243148.7341633
2692.267619641736,16.406180430195384,1730243148.7391715
2824.6793537949748,9.857119304790414,1730243148.7431412
2842.0466592367484,51.36430875829563,1730243148.7471914
2851.27792969679,34.46638995008349,1730243148.751124
2696.2462301547803,89.07170165439865,1730243148.7551744
2699.844861012085,48.480933723561016,1730243148.7591915
2747.677594146442,82.83556495136797,1730243148.7621908
2669.513543786233,26.57622415736009,1730243148.7661104
2669.5358955306883,56.68402393865871,1730243148.7711816
2730.802027082685,14.595689129315511,1730243148.775302
2719.6038031105763,-50.67140468018111,1730243148.779188
2742.201416754892,16.517939152471918,1730243148.7833395
2682.790479992685,-13.522805395460772,1730243148.7872176
2700.940096490395,-23.111703766787503,1730243148.7900555
2808.3625803426007,129.86363528533403,1730243148.79421
2871.215685750924,7.957221026089314,1730243148.799106
2765.5366379662323,50.470238980083344,1730243148.8031707
2749.510437191777,109.61295480882583,1730243148.8071873
2703.421140124934,81.22623935058587,1730243148.8113503
2659.611720992532,-61.04261410744359,1730243148.8150868
2835.899929511539,-37.14859928472034,1730243148.8183837
2848.640423851064,179.1715835537414,1730243148.8232388
2725.1023322465817,75.6606549812144,1730243148.8273191
2737.4628469303666,-64.50713449801619,1730243148.8311057
2713.613535596554,-142.64883311376968,1730243148.8354168
2610.415531446401,-69.13394560026474,1730243148.8387291
2696.939134232895,119.44772236916094,1730243148.8423488
2771.0128153577825,131.58471960839267,1730243148.8468952
2823.4276561054776,-123.58279509339276,1730243148.8502228
2781.428728273956,86.14362313075343,1730243148.8556468
2668.7535844747526,96.02309417999912,1730243148.859923
2725.3929049245007,-18.551947897904864,1730243148.8636396
2707.5562128491656,49.6879279241476,1730243148.8662288
2595.4398626613456,45.441096477639256,1730243148.8707387
2763.9273123654502,174.47771721812694,1730243148.8742847
2879.932866088494,45.306986010907416,1730243148.8787427
2722.8671578010512,65.66942520969215,1730243148.8833008
2688.3113608731464,65.512962998505,1730243148.8873923
2735.1382655070147,-25.838616590334965,1730243148.8912425
2720.2743554442354,-39.31671849688512,1730243148.8943462
2741.128533021037,71.90556191272282,1730243148.8982885
2710.8866227730064,127.94138526217765,1730243148.9025357
2751.8573703595844,86.30008534194057,1730243148.9084196
2794.191574357936,38.71322139659184,1730243148.9116545
2712.96533500735,5.319715180363081,1730243148.915315
2637.349383515046,-155.7246036201243,1730243148.9205155
2690.5241835742218,-48.749154657024704,1730243148.9243836
2759.0769838186484,177.42814748622746,1730243148.9275186
2758.0264518292493,18.97663104255569,1730243148.9306643
2793.431615046456,1.385808156229038,1730243148.9344833
2735.719410862853,44.9270063551672,1730243148.938574
2728.723314848341,102.37098960530636,1730243148.943504
2735.808817840674,-57.42163150568384,1730243148.9465775
2823.382952616567,-15.936793796633935,1730243148.9504952
2724.744704335297,63.188381575153066,1730243148.954543
2675.6602735114425,93.51969880100476,1730243148.9585552
2689.4960033292778,82.36617831780653,1730243148.9628763
2702.0576837131603,68.06106186641,1730243148.9687552
2732.25489047228,6.0126192584776,1730243148.9718945
2850.965005274416,25.905671823700885,1730243148.97445
2764.2178850433693,89.78695747696847,1730243148.978926
2681.605837536554,60.81909666289052,1730243148.982377
2616.271688493692,-8.873642548756903,1730243148.9877708
2750.695079647908,69.0221868779882,1730243148.9915507
2785.7202632093745,-30.018392803477383,1730243148.9945996
2763.0108908427824,0.0447034889106141,1730243148.9994044
2689.317189373636,11.734665839036207,1730243149.0028472
2789.74357721133,73.93957065815576,1730243149.0066233
2705.477500614822,54.62766344877046,1730243149.010814
2763.0779460761487,-50.02320409097721,1730243149.0146017
2833.9106242550165,7.621944859259709,1730243149.018602
2770.252856046302,118.28543165748498,1730243149.0225997
2754.2043035273914,96.02309417999912,1730243149.0276475
2754.517227949766,-0.6482005892039048,1730243149.0306213
2682.678721270409,6.347895425307206,1730243149.0346642
2688.19960215087,113.50215834404926,1730243149.0386512
2698.9507912338727,36.23217776205275,1730243149.0436242
2721.324887433635,-21.61413688828193,1730243149.0476377
2767.5035914783,76.30885557041832,1730243149.0506935
2735.674707373942,29.191378258631023,1730243149.0544963
2711.065436728649,65.42355602068378,1730243149.0575016
2792.537545268244,9.924174538156336,1730243149.061692
2787.21783008788,25.10100902330983,1730243149.0666656
2768.934103123439,48.59269244583756,1730243149.071619
2770.163449068481,96.38072209128406,1730243149.0757155
2715.53578561971,1.0281802449441249,1730243149.0797155
2753.869027360562,38.55675918540468,1730243149.082493
2707.645619826987,48.03389883445488,1730243149.086676
2672.709843243342,81.89679168424507,1730243149.089671
2690.971218463328,75.10186136983172,1730243149.0946434
2783.798013186218,62.3390152858514,1730243149.098577
2838.068048723704,-13.187529228631169,1730243149.1027355
2783.909771908495,-38.75792488550245,1730243149.106573
2675.637921766988,37.573282429371176,1730243149.1097772
2710.1713669504365,26.687982879636632,1730243149.1137557
2730.734971849319,57.68985243914753,1730243149.117792
2678.4989450572666,10.237098960530634,1730243149.121796
2821.4830543378657,56.28169253846318,1730243149.126824
2834.737638799863,-7.68900009262563,1730243149.1308424
2630.4426944783563,3.57627911284913,1730243149.134676
2702.7505877912745,95.44194882416116,1730243149.1387408
2669.893523441973,77.76171896001327,1730243149.1433284
2753.042012815716,21.48002642155009,1730243149.145934
2794.906830180506,4.671514591159176,1730243149.15186
2761.0439373307154,98.99587619255496,1730243149.1546645
2754.3607657385787,39.2496632635192,1730243149.158811
2781.249914318313,54.1135733262984,1730243149.1628497
2767.749460667308,32.298270737918706,1730243149.1657448
2748.124629035548,22.99994504451097,1730243149.169763
2770.319911279668,83.08143414037634,1730243149.173689
2722.5095298897663,124.45451312714972,1730243149.1778164
2710.8866227730064,7.68900009262563,1730243149.1827052
2740.4579806873776,-19.82599733185737,1730243149.186972
2747.901111590995,82.50028878453837,1730243149.189844
2693.0499306976712,-42.15539004270912,1730243149.1939716
2754.584283183132,-40.88134060875662,1730243149.1978607
2731.472579416344,91.06100691092098,1730243149.2019713
2631.783799145675,-58.248646050530205,1730243149.2060652
2732.5007596612886,34.66755565018126,1730243149.2109847
2874.054357296748,44.54702669942698,1730243149.214786
2709.2102419388584,151.18719949569697,1730243149.218293
2685.740910260786,153.5117809190489,1730243149.2221968
2758.093507062615,-19.96010779858921,1730243149.226554
2807.9155454534944,-17.613174630781966,1730243149.2303827
2759.16639079647,115.5138153450269,1730243149.2339096
2778.2994840502124,60.32735828487376,1730243149.2392924
2714.7534745637745,43.3400324988404,1730243149.2432463
2628.811017133119,4.760921568980405,1730243149.2462387
2698.0120179667497,-44.59173018833759,1730243149.249764
2768.4423647454223,124.49921661606034,1730243149.2541456
2772.599789214109,40.05432606391025,1730243149.2578423
2747.5881871686206,34.39933471671757,1730243149.2622423
2662.4950960272668,80.95801841712218,1730243149.2669575
2707.6009163380763,36.29923299541867,1730243149.271099
2768.509419978788,-21.725895610558464,1730243149.2738576
2796.4043970590114,-31.493607937527653,1730243149.2783449
2775.326702037657,49.46441047959453,1730243149.2818725
2685.6962067718755,15.333296696340645,1730243149.2861495
2699.844861012085,92.49151855606064,1730243149.2899756
2799.310123838201,52.70541342561405,1730243149.2950096
2747.3423179796123,40.5237126974717,1730243149.298228
2840.6832028249746,127.44964688416088,1730243149.3011715
2772.242161302825,111.80342576544592,1730243149.3062017
2721.7942740671965,-13.723971095558536,1730243149.310258
2742.06730628816,29.750171870013705,1730243149.313969
2726.0411055137047,48.23506453455264,1730243149.3184187
2701.856518013062,53.21950354808612,1730243149.3238826
2776.868972405073,-48.03389883445488,1730243149.327138
2729.5950328820986,22.93288981114505,1730243149.3311503
2667.8148112076296,41.26132026449684,1730243149.334279
2810.955382699416,90.5245650439936,1730243149.3383162
2818.867900236595,121.5040828590492,1730243149.3420968
2757.3782512400453,-10.25945070498594,1730243149.3465097
2706.103349459571,18.507244408994246,1730243149.3500886
2685.226820138314,35.941605084133755,1730243149.3540435
2697.632038311009,-106.81898675191243,1730243149.3569417
2764.1731815544586,2.883375034734611,1730243149.362291
2750.002175569794,142.91705404723336,1730243149.3660347
2705.030465725716,132.27762368650718,1730243149.370254
2827.518025340799,88.71407374311373,1730243149.3740623
2758.6299489295425,88.24468710955229,1730243149.3782833
2724.8564630575734,-3.218651201564217,1730243149.3814
2801.6347052615533,-30.018392803477383,1730243149.3851764
2778.478298005855,52.70541342561405,1730243149.3894744
2754.517227949766,95.10667265733156,1730243149.3944137
2760.574550697154,51.00668084701072,1730243149.3982613
2757.1100303065814,-17.59082288632666,1730243149.4023044
2718.2850501877133,146.76155409354618,1730243149.405098
2728.4327421704224,96.40307383573936,1730243149.409812
2626.2405665207584,-38.17677952966447,1730243149.4132657
2664.350290817057,-11.64525886121498,1730243149.4173636
2786.703739965408,52.99598610353305,1730243149.4223883
2727.203396225381,70.27388456748541,1730243149.4268143
2698.749625533774,36.34393648432928,1730243149.4305563
2726.197567724892,-51.453715736116855,1730243149.4331095
2762.809725142685,52.05721283641015,1730243149.4372938
2797.0525976482154,113.05512345494311,1730243149.441222
2854.0495460092484,60.86380015180113,1730243149.4451067
2826.959231729416,29.638413147737165,1730243149.4503083
2747.319966235157,61.64611120773688,1730243149.4542236
2752.796143626708,26.12918926825396,1730243149.458108
2731.8525590720847,-25.458636934594743,1730243149.46167
2764.8213821436625,52.07956458086546,1730243149.4652183
2743.900149333495,152.863580329845,1730243149.4693158
2703.421140124934,108.31655363041804,1730243149.4732423
2751.5220941927546,16.27206996346354,1730243149.477528
2754.874855861051,-19.60247988730429,1730243149.482191
2773.6503212035086,-31.71712538208072,1730243149.4863565
2748.281091246736,28.990212558533266,1730243149.4894452
2571.36703388298,37.01448881798849,1730243149.4933467
2729.930309048928,154.7634786085461,1730243149.4974308
2766.7436321668188,119.80535028044584,1730243149.501359
2679.5941805355765,14.014543773477529,1730243149.505652
2729.572681137643,-65.53531474296031,1730243149.5103805
2818.532624069765,33.32645098286283,1730243149.5133588
2755.098373305604,55.96876811608888,1730243149.5185645
2689.540706818188,69.9609601451111,1730243149.5217876
2722.218957211848,32.11945678227625,1730243149.5253825
2846.9193395280054,30.040744547932693,1730243149.5297506
2809.256650120813,72.4420037796502,1730243149.533254
2696.067416199138,30.44307594812821,1730243149.5394323
2746.8952830905064,57.466334994594455,1730243149.5429406
2709.5902215945985,119.89475725826708,1730243149.54679
2730.511454404766,71.61498923480383,1730243149.5492458
2842.9854325038714,116.87727175680062,1730243149.553485
2796.6949697369305,97.07362616939858,1730243149.5573406
2730.3102887046684,5.6102878582820725,1730243149.561643
2732.679573616931,16.74145659702499,1730243149.5679965
2843.946557515449,58.74038442854696,1730243149.5705545
2735.1382655070147,25.57039565687128,1730243149.5742724
2680.2423811247804,68.23987582205247,1730243149.5776572
2760.3733849970563,46.29046276694093,1730243149.5813105
2774.209114814892,48.79385814593532,1730243149.5856009
2665.8702094400182,-30.95716607060028,1730243149.5895026
2739.630966142531,-81.11448062830934,1730243149.5945308
2725.549367135688,76.01828289249931,1730243149.5978696
2698.5037563447663,130.44478064117203,1730243149.601016
2688.4007678509674,8.82893905984629,1730243149.6060205
2793.632780746553,53.08539308135428,1730243149.609635
2859.8833513120835,118.26307991302969,1730243149.6133752
2792.4257865459667,133.64108009828092,1730243149.6177096
2715.87106178654,160.93256007821086,1730243149.621812
2696.2015266658696,76.28650382596301,1730243149.6243732
2658.538837258677,-22.128227010753992,1730243149.628889
2735.16061725147,25.86096833479027,1730243149.6335323
2906.732607690407,30.82305560386844,1730243149.637622
2844.974737760393,-31.135980026242738,1730243149.6414924
2655.633110479488,142.51472264703784,1730243149.646088
2657.912988413929,80.28746608346297,1730243149.6495087
2674.810907222141,34.39933471671757,1730243149.652774
2794.3927400580337,4.760921568980405,1730243149.6563883
2812.184728644458,-9.4994913935055,1730243149.6615891
2799.1760133714693,27.62675614675953,1730243149.6654878
2698.324942389124,-30.53248292594945,1730243149.6697395
2772.443327002922,147.96854829413277,1730243149.673471
2765.4919344773216,212.2074618586853,1730243149.6781096
2724.2082624683694,99.30880061492928,1730243149.6806517
2751.5667976816653,71.8608584238122,1730243149.6846504
2751.0750593036487,52.5265994699716,1730243149.6896477
2740.97207080985,15.422703674161871,1730243149.6936414
2793.096338879626,23.7375526115361,1730243149.69771
2849.735659329374,53.91240762620063,1730243149.7017975
2792.3363795681453,84.31078008541824,1730243149.7057602
2692.669951041931,74.74423345854682,1730243149.7085507
2653.912026156429,71.39147179025076,1730243149.712686
2692.446433597378,105.85786174033424,1730243149.7165794
2693.720483031331,93.78791973446845,1730243149.7219462
2771.236332802336,20.965936299078024,1730243149.725582
2754.2043035273914,-128.05314398445415,1730243149.7289305
2713.635887341009,-36.81332311789073,1730243149.732519
2792.917524923984,138.5361121339932,1730243149.736838
2822.712400282908,98.25826862552984,1730243149.7405286
2795.0856441361484,119.98416423608832,1730243149.7447045
2800.964152927894,92.53622204497124,1730243149.7496607
2738.4016201974896,73.29137006895186,1730243149.7536807
2766.3636525110787,24.87749157875676,1730243149.756582
2861.7832495907846,5.409122158184309,1730243149.7616155
2750.337451736624,67.61402697730387,1730243149.764588
2679.035386924194,138.26789120052948,1730243149.7687624
2660.7293082152974,75.79476544794625,1730243149.7727728
2637.0811625815827,-12.382866428240114,1730243149.777773
2806.797958230729,21.100046765809868,1730243149.7816837
2823.98644971686,151.50012391807127,1730243149.7846105
2811.6482867775308,103.24270763906333,1730243149.7887793
2688.132546917504,-10.639430360726164,1730243149.7927697
2689.2054306513587,-48.19036104564203,1730243149.7967649
2785.519097509277,61.78022167446872,1730243149.803886
2835.0729149666927,103.89090822826722,1730243149.8077245
2785.02735913126,138.49140864508257,1730243149.8109353
2705.2092796813586,61.04261410744359,1730243149.8141477
2780.579361984654,12.539328639427264,1730243149.8167915
2785.854373676106,86.52360278649364,1730243149.8208723
2720.721390333342,137.88791154478926,1730243149.824812
2783.8203649306733,54.58295995985985,1730243149.82888
2746.6494139014976,26.017430545977422,1730243149.8344982
2745.867102845562,24.765732856480227,1730243149.8370335
2702.839994769096,29.481950936550017,1730243149.8396847
2730.8914340605065,92.84914646734552,1730243149.8446891
2784.7144347088856,35.405163217206386,1730243149.8486793
2784.937952153439,-17.300250208407668,1730243149.853181
2749.443381958411,37.640337662737096,1730243149.856742
2750.6280244145423,94.2796581124852,1730243149.8609128
2716.9439455203947,-9.857119304790414,1730243149.864715
2726.979878780828,58.85214315082349,1730243149.8680325
2836.5034266118323,129.3942486517726,1730243149.8728695
2844.773572060296,47.1398290562426,1730243149.8769903
2729.483274159822,70.20682933411949,1730243149.881266
2720.0508379996822,72.06202412390996,1730243149.8848972
2797.633743004053,45.95518660011132,1730243149.889887
2780.7134724513858,120.2970886584626,1730243149.8929348
2807.9155454534944,-44.36821274378452,1730243149.8959472
2685.6291515385096,69.82684967837926,1730243149.89987
2732.4337044279223,146.89566456027802,1730243149.9049544
2748.124629035548,64.10480309782065,1730243149.909468
2878.703520143452,23.69284912262549,1730243149.9132116
2724.63294561302,-2.928078523645225,1730243149.9174814
2686.9926079502834,-10.058285004888178,1730243149.9213536
2709.2102419388584,51.96780585858892,1730243149.9238703
2774.007949114793,63.16602983069776,1730243149.929075
2802.9534581844164,2.9504302681005323,1730243149.9328792
2763.6590914319863,62.76369843050223,1730243149.9372773
2713.971163507839,22.888186322234432,1730243149.940837
2710.663105328453,-53.13009657026489,1730243149.9439244
2724.0741520016377,49.88909362424536,1730243149.947894
2803.758120984807,234.1792266582521,1730243149.9521074
2827.830949763173,149.15319075026403,1730243149.9560056
2796.1808796144583,15.288593207430033,1730243149.9610443
2797.186708114947,2.4363401456284697,1730243149.9648626
2742.089658032616,57.37692801677323,1730243149.969071
2705.812776781652,68.86572466680106,1730243149.9722824
2745.1071435340814,56.728727427569325,1730243149.9760127
2736.322907963146,42.133038298253815,1730243149.9801989
2716.161634464459,34.10876203879858,1730243149.9845588
2781.808707929696,-32.67825039365893,1730243149.98933
2779.0147398727822,35.56162542839353,1730243149.9931946
2714.194680952392,81.13683237276464,1730243149.99717
2726.599899125087,51.453715736116855,1730243150.0000737
2816.163339157503,119.22420492460788,1730243150.0042565
2827.741542785352,101.5886785493706,1730243150.01018
2735.5405969072103,34.04170680543265,1730243150.0131402
2721.928384533928,-75.0124543920105,1730243150.017281
2755.7912773837184,102.32628611639574,1730243150.0212812
2755.1430767945144,154.2046849971634,1730243150.0250027
2791.822289445673,75.3030270699295,1730243150.0282605
2824.70170553943,35.405163217206386,1730243150.0319912
2793.185745857448,17.50141590850543,1730243150.0362902
2746.872931346051,61.355538529817885,1730243150.0399644
2686.2997038721687,22.66466887768136,1730243150.0451417
2798.5278127822653,15.199186229608802,1730243150.0490904
2787.3966440435224,68.0387101219547,1730243150.052316
2743.855445844584,144.39226918128364,1730243150.0562732
2703.0858639581043,-22.70937236659197,1730243150.060247
2815.7163042683965,-12.338162939329498,1730243150.064416
2808.3625803426007,151.6118826403478,1730243150.0682795
2680.4435468248785,84.78016671897969,1730243150.0721464
2744.570701667154,8.67247684865914,1730243150.0770545
2736.412314940967,69.08924211135412,1730243150.0803175
2775.349053782112,70.34093980085133,1730243150.0841873
2770.029338601749,59.54504722893802,1730243150.088294
2727.225747969836,61.55670422991565,1730243150.0924957
2734.0430300287044,46.223407533575006,1730243150.0963051
2797.0525976482154,109.65765829773645,1730243150.100391
2848.1710372175025,46.893959867234216,1730243150.1053262
2755.768925639263,10.751189083002696,1730243150.108241
2771.92923688045,24.0504770339104,1730243150.1122935
2806.663847763997,44.77054414398005,1730243150.116162
2714.77582630823,111.0434664539655,1730243150.1204288
2762.8991321205062,107.15426291874206,1730243150.124091
2792.6269522460643,8.82893905984629,1730243150.1306036
2661.9586541603394,-33.95229982761143,1730243150.1331806
2764.128478065548,106.349600118351,1730243150.1374729
2802.0146849172934,98.88411747027844,1730243150.140184
2754.83015237214,21.41297118818417,1730243150.1441755
2711.601878595576,52.437192492150366,1730243150.1481369
2810.061312921204,49.64322443523699,1730243150.152843
2767.324777522657,76.80059394843506,1730243150.1561744
2674.6991484998644,31.381849215251115,1730243150.1613522
2668.641825752476,10.639430360726164,1730243150.1643603
2809.279001865268,133.97635626511052,1730243150.1675124
2835.8552260226284,111.73637053208,1730243150.1723752
2791.3976063010227,141.1065627463535,1730243150.1768231
2744.5930534116096,65.8258874208793,1730243150.1808307
2797.4549290484106,22.687020622136668,1730243150.1842775
2784.3791585420563,46.44692497812808,1730243150.1883771
2772.5550857251988,56.974596616577706,1730243150.1912944
2710.528994861721,52.32543376987383,1730243150.1953666
2804.831004718662,57.24281755004139,1730243150.2003305
2863.99607229186,42.89299760973425,1730243150.2043295
2766.251893788802,76.28650382596301,1730243150.2082503
2803.668714006986,117.3690101348174,1730243150.2124095
2746.381192968034,72.55376250192673,1730243150.215246
2670.0499856531605,67.01052987701057,1730243150.219342
2719.3355821771124,35.807494617401915,1730243150.2231967
2715.9157652754507,-22.97759330005566,1730243150.228412
2773.382100270045,89.2505156100411,1730243150.232263
2771.3033880357016,102.90743147223372,1730243150.2364197
2749.935120336428,50.02320409097721,1730243150.240303
2869.4946014278653,86.50125104203833,1730243150.2434618
2809.681333265464,62.78605017495754,1730243150.2474816
2787.9777893993605,75.6383032367591,1730243150.2514384
2738.4016201974896,81.673274239692,1730243150.255438
2718.642678098998,39.13790454124267,1730243150.26048
2713.971163507839,-59.20977106210841,1730243150.2646365
2775.863143904584,74.74423345854682,1730243150.2674365
2816.096283924137,193.3425895384061,1730243150.272422
2802.215850617391,146.89566456027802,1730243150.2764912
2799.511289538299,31.35949747079581,1730243150.2795062
2831.98837423186,-9.074808248854668,1730243150.2834845
2796.158527870003,69.17864908917537,1730243150.2883704
2704.6951895588863,66.18351533216422,1730243150.2934864
2723.4706549013445,84.1766696186864,1730243150.2975707
2754.785448883229,62.22725656357486,1730243150.3008263
2776.734861938341,82.50028878453837,1730243150.303638
2773.9185421369725,87.0376929089657,1730243150.3073905
2812.65411527802,10.773540827458003,1730243150.3117015
2727.9857072813165,-17.233194975041744,1730243150.3166125
2822.980621216371,50.6267011912705,1730243150.3208663
2800.807690716707,97.07362616939858,1730243150.3234572
2691.1723841634257,66.11646009879829,1730243150.3279257
2733.9759747953385,-74.52071601399375,1730243150.3314404
2794.638609247042,61.69081469664749,1730243150.3360348
2832.100132954137,160.1502490222751,1730243150.339534
2844.773572060296,-3.531575623938516,1730243150.3446555
2752.3714604820566,82.16501261770877,1730243150.3484902
2759.3452047521123,158.76444086604607,1730243150.3517623
2819.493749081344,135.98801326608816,1730243150.3560724
2837.4645516234104,57.35457627231792,1730243150.3596888
2792.358731312601,0.2905726779189918,1730243150.3636572
2786.904905665506,94.07849241238743,1730243150.3676715
2800.5841732721537,100.9851814490773,1730243150.3724542
2742.9837278108275,52.72776517006936,1730243150.3761733
2816.543318813243,14.841558318323887,1730243150.3788257
2740.5026841762883,30.75600037050252,1730243150.3836584
2797.946667426428,29.347840469818173,1730243150.3879385
2796.8067284592066,28.051439291410365,1730243150.391618
2795.4432720474333,16.115607752276393,1730243150.395818
2819.471397336888,89.78695747696847,1730243150.4012148
2797.0525976482154,147.90149306076682,1730243150.40456
2749.868065103062,94.36906509030642,1730243150.4075716
2778.83592591714,30.308965481396378,1730243150.411847
2910.4877007588984,20.49654966551657,1730243150.4155276
2786.50257426531,131.9870510085882,1730243150.42022
2700.984799979305,106.14843441825325,1730243150.4235616
2774.812611915185,68.64220722224799,1730243150.4289277
2849.445086651455,40.92604409766723,1730243150.431574
2806.976772186372,110.05998969793198,1730243150.4361084
2748.8845883470285,112.27281239900738,1730243150.4405768
2752.796143626708,-1.9446017676117144,1730243150.4437163
2724.700000846386,-4.71621808006979,1730243150.4467769
2796.0691208921817,8.739532082025061,1730243150.4507596
2846.114676727614,80.48863178356073,1730243150.4556355
2719.782617066219,101.72278901610244,1730243150.4599645
2748.906940091484,68.84337292234575,1730243150.464147
2848.930996528983,34.71225913909187,1730243150.467913
2827.853301507628,31.918291082178484,1730243150.472208
2772.868010147573,19.378962442751224,1730243150.4746644
2761.289806519724,-4.224479702053035,1730243150.478994
2833.1953684324467,27.69381138012545,1730243150.48448
2795.510327280799,176.98111259712132,1730243150.487893
2771.3033880357016,139.2960714454736,1730243150.4919178
2805.546260541232,-15.802683329902091,1730243150.4960587
2844.773572060296,35.22634926156393,1730243150.4997654
2732.25489047228,105.92491697370016,1730243150.5031147
2783.887420164039,140.92774879071104,1730243150.5066936
2791.151737112014,53.73359367055818,1730243150.5122552
2724.8564630575734,74.45366078062783,1730243150.515734
2792.090510379137,74.56541950290436,1730243150.5202768
2888.0018458368595,57.6004454613263,1730243150.523894
2728.2092247258693,54.09122158184309,1730243150.527109
2699.7107505453528,64.35067228682904,1730243150.5309925
2820.007839203816,106.12608267379794,1730243150.534746
2782.1439840965254,99.21939363710806,1730243150.5398133
2746.82822785714,-8.001924514999928,1730243150.5441496
2815.962173457405,-17.523767652960736,1730243150.547839
2781.875763163061,88.46820455410536,1730243150.551415
2807.692028008941,74.0960328693429,1730243150.554817
2847.053449994737,38.40029697421753,1730243150.559471
2862.5879123911755,55.58878846034867,1730243150.5632002
2779.5064782508,106.21548965161917,1730243150.568314
2723.962393279361,136.88208304430046,1730243150.5721598
2739.049820786693,97.29714361395165,1730243150.5763087
2790.190612100436,38.51205569649407,1730243150.579036
2802.774644228774,67.97165488858877,1730243150.582924
2806.328571597168,42.334203998351576,1730243150.587038
2688.6913405288865,-4.962087269078168,1730243150.5908248
2736.747591107797,45.575206944371104,1730243150.5950043
2887.0407208252814,75.75006195903563,1730243150.5998569
2793.409263302,44.85995112180128,1730243150.6041732
2674.453279310856,51.23019829156379,1730243150.6068213
2811.760045499808,32.9241195826673,1730243150.611215
2890.058206326748,122.1522834482531,1730243150.614897
2790.704702222908,74.6995299696362,1730243150.6191216
2689.898334729473,53.443020992639184,1730243150.622952
2838.626842335086,93.18442263417516,1730243150.6281514
2851.61320586362,15.06507576287696,1730243150.631863
2834.759990544318,52.25837853650791,1730243150.6350744
2732.25489047228,177.94223760869951,1730243150.6399193
2714.798178052685,146.13570524879756,1730243150.6432433
2774.8796671485507,18.998982787011,1730243150.6470835
2817.5938508026425,-26.55387241290479,1730243150.6515648
2813.481129822866,6.459654147583741,1730243150.6559885
2784.4685655198773,187.3523220243838,1730243150.6601107
2714.351143163579,68.30693105541839,1730243150.66315
2797.7231499818745,-10.482968149539012,1730243150.6672463
2846.964043016916,110.1270449312979,1730243150.6712897
2740.905015576484,77.8734776822898,1730243150.6750836
2772.6891961919305,66.47408801008321,1730243150.6790302
2838.51508361281,9.36538092677366,1730243150.684611
2823.4053043610224,26.50916892399417,1730243150.687188
2736.702887618886,69.13394560026474,1730243150.6909726
2822.5559380717204,120.00651598054364,1730243150.6951003
2801.858222706106,-1.2516976894971954,1730243150.6989815
2847.746354072852,39.51788419698288,1730243150.7032769
2843.633633093076,142.42531566921662,1730243150.7070265
2754.7630971387744,92.7150360006137,1730243150.7122643
2724.655297357476,68.41868977769492,1730243150.7150214
2766.4530594889,86.27773359748527,1730243150.7182672
2793.476318535366,105.41082685122812,1730243150.7230508
2766.028376344249,83.90844868522271,1730243150.7272227
2780.7581759402965,34.600500416815336,1730243150.7309787
2800.360655827601,55.23116054906375,1730243150.735258
2779.9088096509945,40.88134060875662,1730243150.7400432
2799.1760133714693,51.11843956928725,1730243150.7432663
2817.839719991651,36.74626788452481,1730243150.7462792
2907.090235601692,60.081489095865386,1730243150.7512767
2800.6735802499747,91.59744877784834,1730243150.755236
2761.4015652420003,42.69183190963649,1730243150.7592416
2911.828805426217,-9.8124158158798,1730243150.7633088
2852.6860895974746,30.063096292388,1730243150.7672577
2794.1021673801147,137.9996702670658,1730243150.77026
2854.6977465984523,128.7460480625687,1730243150.7741191
2722.688343845409,76.577076503882,1730243150.7792006
2755.031318072238,78.07464338238756,1730243150.7831628
2757.73587915133,58.51686698399389,1730243150.7872477
2733.037201528216,90.88219295527853,1730243150.791283
2706.751550048775,-4.693866335614483,1730243150.7952826
2813.0787984226704,35.78514287294661,1730243150.798134
2863.8396100806726,62.60723621931509,1730243150.8023024
2766.318949022168,103.98031520608843,1730243150.8071792
2782.0992806076147,72.93374215766694,1730243150.8113244
2839.0738772241925,45.95518660011132,1730243150.8152242
2812.877632722573,55.409974504706206,1730243150.8196335
2772.6891961919305,77.42644279318367,1730243150.8224318
2799.2654203492907,69.84920142283457,1730243150.8267224
2874.6802061414965,59.43328850666148,1730243150.8303497
2848.394554662056,54.62766344877046,1730243150.8341937
2857.111734999625,10.102988493798792,1730243150.8392556
2836.5034266118323,54.87353263777884,1730243150.84327
2814.285792623257,97.20773663613042,1730243150.8473227
2771.906885135995,116.34082988987326,1730243150.8503327
2775.863143904584,119.02303922451011,1730243150.8544047
2739.1839312534253,45.239930777541495,1730243150.8582768
2746.0459168012044,14.774503084957969,1730243150.8623536
2819.739618270352,45.21757903308619,1730243150.8672535
2872.959121818438,94.10084415684274,1730243150.8713188
2797.857260448606,130.1318562187977,1730243150.874193
2732.165483494459,18.551947897904864,1730243150.8784077
2837.665717323508,63.09897459733184,1730243150.88229
2849.9368250294715,85.02603590798806,1730243150.8864412
2775.147888082014,21.792950843924388,1730243150.89026
2754.025489571749,72.28554156846305,1730243150.8953798
2847.366374417112,77.8734776822898,1730243150.8993535
2810.709513510408,86.52360278649364,1730243150.9024198
2824.567595072698,88.91523944321149,1730243150.9062805
2838.89506326855,-6.571412869860277,1730243150.9104104
2859.6598338675303,53.890055881745326,1730243150.9142742
2795.8232517031734,153.73529836360197,1730243150.9183152
2747.4987801908,108.1824431636862,1730243150.9224038
2777.2713038052684,60.70733794061398,1730243150.9274323
2833.8212172771955,45.95518660011132,1730243150.9304404
2899.1106628311472,71.5032305125273,1730243150.934454
2883.28562775679,72.26318982400774,1730243150.9384615
2792.470490034877,78.36521606030657,1730243150.942473
2707.9808959938164,17.076732763854597,1730243150.946532
2772.3539200251007,27.224424746564,1730243150.950692
2833.9553277439272,92.84914646734552,1730243150.955444
2824.277022394779,24.966898556577988,1730243150.9597733
2804.5627837851985,-9.74536058251388,1730243150.9624507
2748.325794735646,13.343991439818316,1730243150.9666412
2750.359803481079,133.08228648689823,1730243150.9706268
2853.289586697768,108.38360886378396,1730243150.9745808
2884.805546379751,68.75396594452452,1730243150.9796808
2911.1135496036472,41.127209797765,1730243150.9824665
2884.112642301636,74.61012299181498,1730243150.9855185
2813.436426333956,108.8753472418007,1730243150.9904869
2794.4821470358547,77.31468407090713,1730243150.994676
2735.4958934183,77.33703581536244,1730243150.998438
2767.54829496721,69.17864908917537,1730243151.002756
2833.284775410268,51.09608782483195,1730243151.0064905
2790.145908611525,79.48280328307192,1730243151.0106535
2736.233500985325,64.39537577573965,1730243151.013589
2827.026286962782,139.43018191220546,1730243151.0177193
2851.702612841441,117.48076885709392,1730243151.022614
2823.047676449737,61.22142806308605,1730243151.026803
3023.855748636216,29.459599192094707,1730243156.0444975
3035.9033388976263,36.34393648432928,1730243156.0485036
3043.011193634414,73.24666658004125,1730243156.0516708
3040.9771848889814,78.02993989347695,1730243156.0553308
3022.7605131579057,43.27297726547447,1730243156.0593288
3029.3319260277663,33.885244594245506,1730243156.0633104
3034.271661552389,66.71995719909158,1730243156.0683832
3039.0102313769144,81.15918411721995,1730243156.0723891
3033.176426074079,39.58493943034881,1730243156.0765078
3025.7109434260065,33.28174749395222,1730243156.0794272
3036.976222631481,71.36912004579546,1730243156.0833557
3028.2590422939115,81.38270156177302,1730243156.0874076
3019.6759724230737,48.4362302346504,1730243156.0914392
3028.16963531609,26.978555557555623,1730243156.0964544
3036.1939115755454,58.62862570627043,1730243156.1006477
3028.639021949652,75.59359974784849,1730243156.1043987
3030.69538243954,54.04651809293248,1730243156.107607
3031.5223969843864,30.934814326144974,1730243156.1115613
3030.9636033730035,49.48676222404983,1730243156.1155417
3029.8460161502385,82.29912308444061,1730243156.1195548
3025.3980190036323,65.22239032058602,1730243156.1245298
3029.756609172417,29.504302681005324,1730243156.128448
3025.018039347892,35.49457019502761,1730243156.1325665
3030.2259958059785,71.1679543456977,1730243156.1355605
3018.9383648560483,65.95999788761114,1730243156.1395478
3019.1842340450567,30.152503270209227,1730243156.1440115
3037.467961009498,43.787067387946536,1730243156.1475167
3026.180330059568,76.9123526707116,1730243156.151602
3020.0336003343587,72.4867072685608,1730243156.1566525
3019.363048000699,32.521788182471774,1730243156.1595817
3034.69634469704,27.55970091339361,1730243156.1634643
3052.756554216928,55.90171288272296,1730243156.16763
3033.869330152193,74.6771782251809,1730243156.1714387
3010.981143829959,59.23212280656372,1730243156.175633
3031.6788591955733,35.271052750474546,1730243156.1795208
3038.4067342766207,62.67429145268101,1730243156.1846557
3023.3863620026546,79.66161723871437,1730243156.1877477
3019.295992767333,51.43136399166155,1730243156.1916485
3040.8654261667048,15.914442052178629,1730243156.195678
3041.111295355713,40.41195397519517,1730243156.1996098
3024.280431780867,93.25147786754108,1730243156.2036812
3039.814894177305,67.16699208819772,1730243156.207961
3024.1686730585902,32.56649167138239,1730243156.212684
2997.7042076235066,47.609215689804046,1730243156.216686
3006.264925749889,75.75006195903563,1730243156.2196872
3019.02777183387,65.80353567642399,1730243156.2237127
3015.473844465476,19.20014848710877,1730243156.227735
3034.4281237635764,49.71027966860291,1730243156.2317295
3040.2842808108667,89.42932956568356,1730243156.2357423
3013.685704909052,78.43227129367249,1730243156.2407618
2997.59244890123,35.78514287294661,1730243156.2437365
3013.819815375783,31.024221303966204,1730243156.24662
3020.346524756733,71.1679543456977,1730243156.251798
3013.819815375783,79.72867247208029,1730243156.255618
3007.606030417208,45.46344822209456,1730243156.2598069
3021.911146868604,31.828884104357257,1730243156.2673664
3024.9956876034366,58.36040477280674,1730243156.267832
3013.55159444232,70.60916073431501,1730243156.270838
3012.9928008309366,42.267148764985656,1730243156.27483
3024.638059692152,18.283726964441176,1730243156.2812629
3023.900452125127,51.07373608037664,1730243156.2894864
3024.8392253922493,78.29816082694065,1730243156.2895043
3026.828530648772,44.72584065506943,1730243156.2918394
3017.2396322774453,32.834712604846075,1730243156.2958765
3015.3844374876544,56.594616960837484,1730243156.3001654
3008.589507173241,75.12421311428703,1730243156.3026795
3012.813986875294,50.49259072453865,1730243156.3076696
3030.6730306950844,18.283726964441176,1730243156.3150327
3016.9937630884365,35.338107983840466,1730243156.317237
3009.863556607194,67.85989616631224,1730243156.319776
3006.130815283157,58.11453558379837,1730243156.3283668
3026.828530648772,35.62868066175946,1730243156.3283963
3058.2997868418443,41.55189294241583,1730243156.334912
3030.69538243954,64.50713449801619,1730243156.3357327
2990.574001142264,64.14950658673126,1730243156.3397448
3000.9452105695264,33.95229982761143,1730243156.3438256
3016.792597388339,26.24094799053049,1730243156.3479748
3025.554481214819,53.06304133689897,1730243156.350931
3036.909167398115,58.78508791745757,1730243156.359088
3027.521434726886,29.034916047443875,1730243156.3591063
2979.8004603148056,30.13015152575392,1730243156.363838
2988.271771463368,48.413878490195096,1730243156.36885
3004.2532687489115,64.82005892039048,1730243156.3729432
3048.979109403981,29.23608174754164,1730243156.3762443
3044.665222724107,9.36538092677366,1730243156.3788383
3047.280376825378,51.386660502750935,1730243156.3855045
3093.4367291255867,68.91042815571167,1730243156.3868718
3105.305505431355,45.709317411102944,1730243156.390869
3023.654582936118,23.871663078267943,1730243156.3958435
3029.5777952167746,37.48387545154994,1730243156.3998437
3233.202187204622,43.652956921214695,1730243156.4028244
3259.286672983965,19.9154043096786,1730243156.4074202
2951.4137448565657,25.79391310142435,1730243156.4109955
2788.804803944207,60.17089607368661,1730243156.4149673
3106.8701275432263,48.97267210157777,1730243156.4190924
3406.3611514998856,-8.247793704008306,1730243156.4230745
3190.242134361522,-1.810491300879872,1730243156.428072
2700.984799979305,107.48953908557166,1730243156.43106
2684.0868811710934,118.30778340194028,1730243156.4348917
2919.8754334301275,59.43328850666148,1730243156.4390788
3002.1298530256577,2.481043634539084,1730243156.4431047
2996.6536756341075,10.795892571913312,1730243156.4470005
2965.8753235191493,71.99496889054404,1730243156.4512105
2989.1658412415795,72.84433517984571,1730243156.4560704
3029.376629516677,17.680229864147886,1730243156.4591413
3019.810082889805,-2.525747123449698,1730243156.46309
2945.959919209471,91.95507668913324,1730243156.4671888
2927.3185643337447,89.02699816548802,1730243156.471063
2966.7693932973616,45.73166915555825,1730243156.4749825
2991.177498242557,3.620982601759744,1730243156.479124
2962.8131345287725,14.707447851592049,1730243156.4831836
2997.21246924549,49.15148605722023,1730243156.486235
2987.668274363074,82.05325389543222,1730243156.4912248
2951.3913931121106,51.87839888076769,1730243156.4952016
2972.513791622376,63.32249204188491,1730243156.4992487
3019.02777183387,59.36623327329556,1730243156.5032475
3030.494216739442,29.59370965882655,1730243156.508227
2987.377701685155,6.325543680851899,1730243156.5111108
2934.091142903703,23.20111074460873,1730243156.5140626
2954.4312303580323,55.45467799361682,1730243156.5192575
2999.0229605463696,39.13790454124267,1730243156.5232155
3004.767358871384,16.517939152471918,1730243156.5270731
2991.669236620574,33.32645098286283,1730243156.5312164
3009.6847426515515,69.22335257808598,1730243156.535122
2989.948152297515,101.74514076055776,1730243156.539176
2990.64105637563,51.05138433592133,1730243156.5422666
2974.5478003678086,26.55387241290479,1730243156.5461051
2959.5944833272083,66.4293845211726,1730243156.5513327
2932.370058580644,69.06689036689882,1730243156.555254
2944.5741110532417,36.52275043997174,1730243156.5594244
2968.4010706426,55.0523465934213,1730243156.563246
3018.178405544568,60.90850364071174,1730243156.5673337
3072.8284207377937,15.623869374259638,1730243156.5701947
2994.0385215328365,14.260412962485908,1730243156.5742593
2897.747206419373,55.67819543816989,1730243156.5791793
2942.182474396524,68.12811709977592,1730243156.58334
2951.056116945281,80.26511433900767,1730243156.5873463
2962.1649339395685,30.778352114957823,1730243156.5903287
3000.520527424876,-54.448849493128,1730243156.594268
3045.335775057766,23.0893520223322,1730243156.5981946
2943.702393019485,149.6672808727361,1730243156.6023269
2905.927944890016,31.135980026242738,1730243156.607342
2971.083279977236,-1.050531989399432,1730243156.6113365
2989.702283108507,36.23217776205275,1730243156.6173897
2914.756883949862,5.945564025111679,1730243156.620367
2992.965637798982,42.82594237636833,1730243156.623334
2952.508980334876,32.20886376009748,1730243156.6263857
2915.852119428172,-43.47414296557224,1730243156.6304114
2950.0055849558817,87.10474814233163,1730243156.6353135
2938.9414714505047,113.56921357741518,1730243156.639543
2982.9744080274595,12.762846083980332,1730243156.6433935
2982.862649305183,-1.385808156229038,1730243156.6463137
3013.886870609149,-3.19629945710891,1730243156.6504464
3036.8421121647493,-68.23987582205247,1730243156.6542854
3017.7760741443726,-50.82786689136826,1730243156.6584067
2965.7859165413283,59.58975071784863,1730243156.6632528
2891.3322557607003,32.65589864920362,1730243156.6674132
2932.414762069555,71.39147179025076,1730243156.6713276
2951.1902274120125,77.64996023773674,1730243156.6744547
3020.234766034456,-8.13603498173177,1730243156.678568
3018.8713096226825,-20.94358455462272,1730243156.6824582
2923.988154409904,16.026200774455162,1730243156.6865606
2868.4217176940106,-111.84812925435654,1730243156.690599
2948.664480288563,18.753113598002624,1730243156.695481
2894.282686028801,113.79273102196824,1730243156.6986437
2804.31691459619,101.49927157154936,1730243156.7025623
2880.0446248107705,-54.06886983738779,1730243156.7068453
3010.020018818381,-9.655953604692652,1730243156.710405
2977.431175402543,-53.8006489039241,1730243156.7145393
2992.764472098884,-7.398427414706638,1730243156.7185738
3053.3153478283107,-31.314793981885195,1730243156.7235448
3021.285298023856,-34.220520761075115,1730243156.726536
3033.4446470075427,53.1524483147202,1730243156.7304244
2902.463424499443,76.15239335923117,1730243156.7345428
2854.273063453801,-21.94941305511153,1730243156.7384007
2957.985157726426,-88.37879757628413,1730243156.7424445
2906.218517567935,-200.5845547419256,1730243156.7464752
2900.3400087761893,-201.14334835330823,1730243156.7515705
2805.8591849636064,102.41569309421696,1730243156.7544217
2858.89987455605,48.23506453455264,1730243156.7585757
3028.370801016188,46.49162846703869,1730243156.763456
2792.761062712796,-68.0834136108653,1730243156.7676055
2768.4870682343326,-42.64712842072588,1730243156.7706065
2920.791854952795,51.05138433592133,1730243156.7746005
2891.1757935495134,-43.00475633201079,1730243156.7794576
2929.0620004012585,4.313886679874263,1730243156.782638
3084.6748452991064,98.54884130344884,1730243156.7866497
2879.7764038773066,-3.978610513044657,1730243156.7906475
2877.697691642963,37.3274132403628,1730243156.7946477
2955.526465836342,71.88321016826751,1730243156.7986803
2987.467108662976,40.70252665311416,1730243156.8026688
2994.440852933032,91.32922784438466,1730243156.8066585
2914.4886630163987,47.63156743425935,1730243156.809652
2935.320488848745,45.46344822209456,1730243156.813652
2947.9045209770825,30.35366897030699,1730243156.8186731
3003.605068159708,-27.20207300210869,1730243156.822676
3016.099693310224,-39.58493943034881,1730243156.8266914
2939.7014307619847,-14.282764706941212,1730243156.830543
2866.857095582139,-8.694828593114448,1730243156.833683
2953.313643135267,-16.696753108114375,1730243156.8375432
2952.866608246161,58.82979140636819,1730243156.841715
2853.826028564695,-21.658840377192544,1730243156.846578
2770.4987252353103,25.6374508902372,1730243156.8506
2862.677319368997,-7.174909970153567,1730243156.8545687
3000.967562313981,-35.51692193948292,1730243156.8587935
3018.8936613671376,27.805570102401987,1730243156.8625767
2831.3625253871114,91.93272494467794,1730243156.86579
2862.342043202167,62.6519397082257,1730243156.8697786
2931.5206922913426,13.455750162094851,1730243156.8738053
2949.2679773888563,1.13993896722066,1730243156.8787827
2940.662555773563,-34.39933471671757,1730243156.882872
2980.247495203912,68.26222756650778,1730243156.8868608
3000.855803591705,3.509223879483209,1730243156.8898616
2969.20573344299,-55.45467799361682,1730243156.8938165
2831.094304453648,28.431418947150583,1730243156.8978128
2808.4519873204217,21.837654332835,1730243156.902839
2811.7823972442625,-19.80364558740206,1730243156.9068704
2894.57325870672,40.88134060875662,1730243156.9108734
2886.99601733637,48.346823256829175,1730243156.9148898
2910.5547559922643,53.443020992639184,1730243156.9178813
2878.0776712987035,1.922250023156408,1730243156.9217243
2889.499412715365,7.778407070446858,1730243156.92587
2972.44673638901,7.9125175371787,1730243156.9297547
2989.791690086328,90.05517841043215,1730243156.934898
2898.730683175407,60.88615189625644,1730243156.9388263
2923.898747432083,-31.694773637625413,1730243156.9420433
2944.5964627976973,-7.331372181340717,1730243156.9457753
2893.030988339304,19.6248316317596,1730243156.949942
2960.77912578334,-47.83273313435711,1730243156.9540153
2899.7812151648063,-43.49649471002754,1730243156.957936
2858.765764089318,62.60723621931509,1730243156.9620197
2879.3293689882007,-27.91732882467852,1730243156.967336
2889.14178480408,74.0736811248876,1730243156.969942
2811.4247693329776,107.86951874131188,1730243156.973973
2838.000993490338,1.0281802449441249,1730243156.9779997
2817.884423480561,-60.88615189625644,1730243156.9818697
2894.863831384639,28.14084626923159,1730243156.986035
2969.2951404208115,46.46927672258338,1730243156.990003
2853.535455886776,-5.453825647094924,1730243156.995024
2804.920411696484,-41.99892783152197,1730243156.9978635
2830.580214331176,-26.06213403488804,1730243157.0019517
2859.4586681674327,49.55381745741576,1730243157.005954
2848.7521825733406,-21.524729910460703,1730243157.0098586
2917.997886895882,-62.11549784129833,1730243157.0139468
2932.8394452142056,4.157424468687114,1730243157.0180264
2860.665662368019,76.35355905932893,1730243157.0218952
2824.2323189058684,77.80642244892388,1730243157.0249307
2881.944523089472,25.548043912415974,1730243157.0309465
2867.907627571539,26.911500324189703,1730243157.0339763
2883.62090392362,58.315701283896125,1730243157.0379152
2886.481927213899,23.15640725569812,1730243157.0420537
2892.271029027824,49.866741879790055,1730243157.045914
2870.120450272614,28.40906720269528,1730243157.0500927
2905.346799534178,-46.156352300209086,1730243157.0530488
2881.4974882003653,95.17372789069748,1730243157.058104
2801.768815728285,44.569378443882286,1730243157.062136
2915.762712450351,5.967915769566986,1730243157.0661068
2829.194406174947,40.14373304173149,1730243157.070151
2846.204083705436,-26.62092764627071,1730243157.074134
2895.4226249960216,-28.051439291410365,1730243157.0790553
2893.7462441618736,75.10186136983172,1730243157.0822244
2857.447011166455,125.79561779446814,1730243157.0861528
2789.117728366581,-10.818244316368618,1730243157.090219
2838.984470246371,-61.84727690783464,1730243157.0942366
2838.4256766349886,27.358535213295845,1730243157.0982685
2812.5870600446538,107.73540827458004,1730243157.1022651
2841.7113830699186,117.81604502392352,1730243157.1050937
2793.2080976019024,-23.581090400348952,1730243157.1092565
2896.473156985421,-9.097159993309974,1730243157.1130445
2901.85992739915,91.7986144779461,1730243157.1185887
2782.568667241176,106.12608267379794,1730243157.1220927
2816.118635668592,9.4994913935055,1730243157.1265275
2881.7880608782843,-56.68402393865871,1730243157.1292844
2862.4985054133545,62.31666354139609,1730243157.1334877
2864.398403692056,47.63156743425935,1730243157.1372356
2873.786136363284,11.779369327946824,1730243157.141199
2832.770685287796,-19.04368627592162,1730243157.1461303
2833.5753480881867,74.56541950290436,1730243157.150242
2877.2059532649464,94.14554764575335,1730243157.1541595
2841.7113830699186,37.640337662737096,1730243157.1573136
2829.1049991971254,-5.275011691452467,1730243157.1614592
2858.788115833773,48.90561686821185,1730243157.1658297
2851.568502374709,75.05715788092111,1730243157.1693065
2827.3392113851564,41.68600340914767,1730243157.174229
2834.5141213553097,11.354686183295987,1730243157.1783395
2841.890197025561,59.36623327329556,1730243157.1825545
2807.22264137538,77.98523640456634,1730243157.1855285
2805.0098186743044,18.17196824216464,1730243157.189185
2853.2672349533123,-3.531575623938516,1730243157.1933398
2876.915380587028,-27.31383172438523,1730243157.1972747
2870.9474648174605,35.06988705037678,1730243157.201353
2823.315897383201,96.13485290227568,1730243157.206363
2787.061367876693,36.90273009571196,1730243157.2104104
2833.8212172771955,-12.673439106159105,1730243157.2132845
2933.6441080145964,14.103950751298756,1730243157.2177148
2828.121522441092,-29.258433491996943,1730243157.2212796
2782.926295152461,-75.3030270699295,1730243157.2255907
2789.5647632556875,26.37505845726233,1730243157.229251
2814.88928972355,130.78005680800163,1730243157.2346432
2845.019441249304,85.07073939689867,1730243157.2374115
2811.894155966539,20.29538396541881,1730243157.242695
2851.166170974513,62.78605017495754,1730243157.2453055
2804.607487274109,130.44478064117203,1730243157.2495308
2825.595775317642,57.10870708330955,1730243157.2538722
2855.1671332320134,-26.10683752379865,1730243157.2577305
2813.995219945338,-33.14763702722038,1730243157.2624333
2852.6860895974746,-2.861023290279304,1730243157.2659276
2865.247769981357,-44.32350925487391,1730243157.2697072
2822.1089031826145,52.59365470333752,1730243157.2740135
2831.049600964737,19.60247988730429,1730243157.2774277
2890.840517382684,49.95614885761128,1730243157.2814229
2893.2098022949463,47.72097441208058,1730243157.2856684
2800.450062805422,44.569378443882286,1730243157.2905245
2676.979026434305,-81.00272190603279,1730243157.2932937
2801.701760494919,-6.079674491843521,1730243157.2973478
2819.314935125701,16.160311241187006,1730243157.301551
2752.907902348984,20.071866520865743,1730243157.3054
2764.5531612101986,9.410084415684274,1730243157.3097315
2777.763042183285,-31.314793981885195,1730243157.3133905
2845.757048816329,98.23591688107454,1730243157.3186927
2855.3012436987456,133.46226614263847,1730243157.3213463
2901.3905407655884,88.82583246539026,1730243157.3246148
2856.3294239436896,51.72193666958054,1730243157.3294363
2873.3167497297227,-22.32939271085176,1730243157.3336248
2927.609137011664,36.56745392888235,1730243157.3375173
2801.478243050366,98.81706223691252,1730243157.3416135
2785.899077165017,10.393561171717783,1730243157.3464644
2877.183601520491,10.706485594092085,1730243157.3497305
2828.6132608191087,-136.32328943291776,1730243157.3531027
2737.373439952545,-13.209880973086474,1730243157.357766
2717.9944775097943,90.25634411052992,1730243157.3615944
2894.014465095337,71.32441655688484,1730243157.3656132
2825.2381474063573,91.59744877784834,1730243157.3694377
2741.7320301213304,-7.420779159161944,1730243157.372538
2884.5820289351977,-7.30902043688541,1730243157.3766267
2870.6792438839966,45.28463426645211,1730243157.3804994
2815.4033798460223,18.0378577754328,1730243157.385618
2739.3403934646126,62.74134668604693,1730243157.389798
2821.438350848955,-13.299287950907702,1730243157.3937435
2773.605617714598,-13.791026328924458,1730243157.397591
2770.588132213132,36.74626788452481,1730243157.4011767
2850.137990729569,78.07464338238756,1730243157.4045508
2797.4549290484106,67.59167523284856,1730243157.4088447
2757.288844262224,17.59082288632666,1730243157.412532
2841.7784383032845,33.72878238305836,1730243157.417617
2797.231411603858,63.27778855297429,1730243157.4215868
2766.006024599794,-27.13501776874277,1730243157.4256997
2817.0127054468044,-36.47804695106112,1730243157.4287474
2887.130127803103,100.56049830442647,1730243157.432693
2858.5645983892205,71.57028574589322,1730243157.4366856
2792.604600501609,51.20784654710848,1730243157.4408016
2802.193498872936,44.256454021507984,1730243157.4457583
2910.1077211031584,7.800758814902164,1730243157.4547057
2825.79694101774,10.25945070498594,1730243157.4552789
2697.520279588733,33.92994808315612,1730243157.456767
2753.9137308494724,14.08159900684345,1730243157.460889
2753.578454682643,8.314848937374228,1730243157.4680753
2846.382897661078,84.46724229660539,1730243157.468722
2819.113769425603,12.762846083980332,1730243157.477794
2836.4587231229216,42.44596272062811,1730243157.4778135
2761.5803791976427,57.89101813924529,1730243157.4807909
2740.413277198468,-44.6140819327929,1730243157.4847755
2738.5580824086765,63.74717518653574,1730243157.4922912
2814.777531001274,15.802683329902091,1730243157.4925818
2883.799717879262,4.693866335614483,1730243157.4965937
2881.989226578382,77.02411139298813,1730243157.502606
2756.7076989063858,84.89192544125622,1730243157.505761
2676.487288056289,-32.67825039365893,1730243157.508873
2754.3607657385787,-11.689962350125594,1730243157.512758
2847.679298839486,150.8295715844121,1730243157.5195785
2796.1138243810924,54.895884382234144,1730243157.5207365
2817.415036847,-49.21854129058615,1730243157.5248249
2830.468455608899,111.4010943652504,1730243157.53268
2804.383969829556,66.60819847681505,1730243157.5336971
2814.6881240234525,49.08443082385431,1730243157.5413103
2862.051470524248,36.90273009571196,1730243157.5413263
2865.024252536804,5.900860536201065,1730243157.544666
2791.866992934584,12.47227340606134,1730243157.554425
2799.0195511602824,42.73653539854711,1730243157.5544462
2768.7329374233414,85.94245743065565,1730243157.5569637
2741.35205046559,2.212822701075399,1730243157.5648272
2821.03601944876,31.04657304842151,1730243157.5648544
2791.084681878648,154.02587104152096,1730243157.570368
2705.2092796813586,59.43328850666148,1730243157.5727775
2657.823581436108,-90.8151377219126,1730243157.576723
2851.8367233081726,29.23608174754164,1730243157.5807886
2916.0309333838145,82.32147482889592,1730243157.5852375
2768.4423647454223,-20.5636048988825,1730243157.588771
2721.0790182446267,-22.66466887768136,1730243157.5919025
2801.478243050366,85.85305045283442,1730243157.5996563
2795.622086003076,-10.438264660628398,1730243157.6018028
2858.318729200212,55.946416371633575,1730243157.6047935
2872.1991625069577,66.63055022127035,1730243157.6109264
2812.6988187669303,78.7898992049574,1730243157.613763
2752.907902348984,58.71803268409165,1730243157.6171992
2739.228634742336,80.19805910564175,1730243157.6198015
2798.572516271176,32.521788182471774,1730243157.627678
2901.502299487865,36.96978532907788,1730243157.6289651
2745.420067956456,-82.76850971800205,1730243157.6331651
2814.7551792568183,-26.911500324189703,1730243157.6369593
2741.821437099152,76.53237301497138,1730243157.6429749
2691.418253352434,-56.37109951628441,1730243157.6448903
2853.624862864597,89.40697782122825,1730243157.6497707
2776.153716582503,36.36628822878459,1730243157.652835
2639.249281793748,-54.359442515306775,1730243157.6568863
2723.1577304789703,-13.388694928728931,1730243157.660926
2731.5619863941656,-64.06009960891004,1730243157.664928
2697.185003421904,-119.85005376935646,1730243157.6690836
2834.312955655212,131.83058879740105,1730243157.6730745
2767.816515900673,109.23297515308562,1730243157.6760676
2749.4880854473217,-4.000962257499964,1730243157.679974
2831.563691087209,216.65545900529136,1730243157.6850836
2815.761007757307,212.3639240698724,1730243157.6892316
2857.871694311106,63.74717518653574,1730243157.6932616
2832.70363005443,17.970802542066878,1730243157.6960375
2778.5677049836763,50.269073279985584,1730243157.7002592
2799.623048260576,93.38558833427292,1730243157.7039983
2802.9758099288715,3.620982601759744,1730243157.7082937
2752.25970175978,-100.09111167086505,1730243157.7130153
2854.2954151982567,35.673384150670074,1730243157.7173126
2737.842826586106,128.768399807024,1730243157.7211409
2686.3891108499897,-31.918291082178484,1730243157.7240393
2650.6263197214985,-63.27778855297429,1730243157.7282927
2671.324035087113,66.38468103226198,1730243157.732416
2824.053504950226,146.64979537126965,1730243157.7365503
2762.474448975855,93.81027147892374,1730243157.7405057
2677.0237299232163,-178.56808645344813,1730243157.745343
2744.4365912004223,-207.2230228451517,1730243157.7493827
2651.5427412441663,-145.75572559305735,1730243157.752133
2783.3062748082016,180.3338742654174,1730243157.7561483
2853.289586697768,295.6912273992571,1730243157.7602637
2825.1263886840807,53.06304133689897,1730243157.7641804
2703.510547102755,31.18068351515335,1730243157.768321
2743.5648731666656,120.02886772499892,1730243157.7739403
2886.0795958137032,187.5758394689369,1730243157.777319
2826.89217649605,97.65477152523655,1730243157.7801435
2729.3938671820006,120.16297819173076,1730243157.784253
2769.671710690464,27.47029393557238,1730243157.78811
2808.9437256984384,-34.33227948335165,1730243157.7926524
2838.090400468159,-79.97454166108867,1730243157.7961116
2781.808707929696,72.7772799464798,1730243157.801237
2719.067361243649,45.8881313667454,1730243157.8041575
2736.993460296805,-7.15255822569826,1730243157.8084128
2732.478407916833,23.871663078267943,1730243157.812173
2622.038438563161,-68.0387101219547,1730243157.8163345
2752.5949779266093,69.64803572273681,1730243157.8202307
2777.092489849626,80.13100387227583,1730243157.8243637
2849.9144732850164,107.98127746358844,1730243157.830175
2777.3383590386343,185.184202812219,1730243157.8333533
2709.2325936833136,121.68289681469165,1730243157.8371863
2714.0382187412047,20.205976987597584,1730243157.8403575
2808.0720076646817,-7.644296603715015,1730243157.8443625
2823.829987505673,2.7492645680027685,1730243157.8483813
2852.4178686640107,0.5811453558379837,1730243157.8523564
2758.3393762516234,-11.824072816857436,1730243157.8574195
2584.733377067253,-26.844445090823783,1730243157.860365
2738.7815998532296,110.4846728425828,1730243157.864358
2764.4637542323776,218.46595030617124,1730243157.8683743
2668.865343197029,-91.4633383111165,1730243157.8723748
2835.676412066986,11.689962350125594,1730243157.8764136
2767.88357113404,109.36708561981746,1730243157.880262
2648.6370144649763,34.77931437245779,1730243157.8852592
2730.3773439380343,104.51675707301582,1730243157.8882716
2903.1339768331027,138.0220220115211,1730243157.8913383
2864.666624625519,67.25639906601896,1730243157.8962584
2758.0264518292493,-5.163252969175932,1730243157.9004514
2765.156658310492,131.74118181957982,1730243157.9043794
2686.2997038721687,39.83080861935719,1730243157.9086492
2725.5940706245983,54.40414600421739,1730243157.9134789
2773.69502469242,98.54884130344884,1730243157.9165342
2794.526850524765,3.531575623938516,1730243157.919582
2793.252801090813,75.83946893685686,1730243157.9245822
2645.3513080300463,59.85797165131231,1730243157.9286351
2660.0587558816383,21.5023781660054,1730243157.9326737
2828.501502096832,96.60423953583712,1730243157.9368863
2847.5451883727537,-22.284689221941143,1730243157.939623
2789.0730248776704,103.86855648381191,1730243157.9435103
2800.1371383830474,81.3379980728624,1730243157.9474638
2749.01869881376,36.3886399732399,1730243157.952714
2782.546315496721,114.64209731126992,1730243157.9569523
2807.557917542209,22.08352352184338,1730243157.961041
2761.73684140883,19.96010779858921,1730243157.9646175
2768.4423647454223,187.10645283537545,1730243157.9676156
2661.0422326376715,112.18340542118617,1730243157.9713871
2722.8001025676854,71.12325085678707,1730243157.9757876
2807.9155454534944,93.63145752328128,1730243157.9794695
2763.033242587238,56.6393204497481,1730243157.9848745
2737.619309141554,21.01063978798864,1730243157.9884162
2809.346057098634,71.95026540163343,1730243157.9926176
2782.1439840965254,-3.0398372459217606,1730243157.9964788
2815.0010484458267,13.969840284566914,1730243158.0000355
2818.3985136030333,111.49050134307164,1730243158.003722
2603.79941508763,21.81530258837969,1730243158.0078332
2826.065161951204,75.34773055884011,1730243158.0124528
2819.024362447782,56.75107917202463,1730243158.0169263
2709.567869850144,130.93651901918878,1730243158.019575
2700.0683784566377,97.76653024751307,1730243158.0240428
2824.1205601835923,83.68493124066964,1730243158.0278378
2820.901908982028,82.2767713399853,1730243158.0316536
2798.6172197600868,71.10089911233176,1730243158.035493
2803.3334378401564,48.07860232336549,1730243158.0410893
2846.338194172168,-28.364363713784662,1730243158.0450711
2903.089273344192,83.34965507384004,1730243158.047797
2770.856353146595,72.28554156846305,1730243158.0515854
2664.5067530282445,24.22929098955285,1730243158.0572293
2679.638884024487,154.58466465290363,1730243158.0617476
2790.5482400117207,63.27778855297429,1730243158.064732
2668.977101919306,29.99604105902208,1730243158.069086
2540.968661423762,-88.78112897647965,1730243158.07261
2815.157510657014,106.77428326300183,1730243158.076013
2887.1971830364687,204.0490751324982,1730243158.0795674
2760.0157570857714,59.65680595121455,1730243158.0836737
2682.1869828923923,8.158386726187079,1730243158.0876071
2773.471507247866,70.67621596768093,1730243158.0917623
2834.067086466204,52.48189598106098,1730243158.0966115
2838.448028379444,104.36029486182868,1730243158.101002
2782.8145364301845,37.12624754026504,1730243158.103784
2779.260609061791,94.9502104461444,1730243158.1078527
2831.250766664835,141.1512662352641,1730243158.1117928
2770.6998909354083,92.60327727833716,1730243158.115852
2800.517118038788,54.94058787114476,1730243158.1201527
2762.8544286315955,2.0563604898882497,1730243158.1238596
2773.02447235876,73.89486716924515,1730243158.128232
2737.060515530171,109.1435681752644,1730243158.130956
2722.1071984895707,109.56825131991522,1730243158.1360202
2715.446378641889,9.030104759944054,1730243158.1400397
2782.8815916635504,31.80653235990195,1730243158.1441612
2861.984415290882,66.29527405444075,1730243158.147916
2809.2119466319023,84.24372485205232,1730243158.1518235
2792.515193523788,91.66450401121426,1730243158.1557796
2752.3714604820566,44.6140819327929,1730243158.158955
2769.02351010126,24.318697967374085,1730243158.163653
2825.3275543841787,103.19800415015273,1730243158.1678553
2813.995219945338,135.22805395460773,1730243158.1717172
2775.706681693397,92.31270460041816,1730243158.1762128
2792.761062712796,50.49259072453865,1730243158.1796913
2784.915600408984,81.56151551741547,1730243158.1839125
2750.739783136819,111.46814959861632,1730243158.1869526
2843.23130169288,-31.024221303966204,1730243158.1909144
2801.098263394626,6.169081469664749,1730243158.195717
2693.2063929088586,33.617023660781825,1730243158.2000785
2562.806315756597,-113.14453043276436,1730243158.2037988
2712.7194658183416,13.9251367956563,1730243158.2079568
2813.391722845045,204.16083385477472,1730243158.2119064
2850.048583751748,52.54895121442691,1730243158.215404
2732.2325387278247,110.08234144238727,1730243158.2198913
2768.4200130009667,71.77145144599098,1730243158.2242627
2884.783194635296,64.66359670920333,1730243158.2283385
2877.7423951318738,18.3507821978071,1730243158.2318275
2929.1961108679907,55.16410531569783,1730243158.2361467
2708.740855305297,132.2999754309625,1730243158.2398524
2753.310233749179,67.4128612772061,1730243158.243004
2829.440275363955,64.10480309782065,1730243158.2469113
2657.4659535248225,19.46836942057245,1730243158.2519984
2751.410335470478,91.66450401121426,1730243158.256039
2840.884368525072,111.3563908763398,1730243158.2601423
2796.829080203662,98.48178607008292,1730243158.2629447
2724.320021190646,141.66535635773616,1730243158.2672305
2771.88453339154,74.96775090309988,1730243158.2708952
2695.687436543398,-14.439226918128362,1730243158.274979
2737.5299021637325,40.36725048628456,1730243158.2788503
2783.0827573636484,37.21565451808626,1730243158.2841337
2690.72534927432,-94.12319590129805,1730243158.2879243
2769.4034897570004,59.58975071784863,1730243158.2910745
2796.963190670394,214.7779124710456,1730243158.2952688
2823.829987505673,139.11725748983116,1730243158.2990646
2850.1603424740247,103.73444601708007,1730243158.3030589
2765.111954821581,24.564567156382463,1730243158.3082695
2758.3393762516234,10.57237512736024,1730243158.3120508
2806.3956268305337,45.374041244273336,1730243158.3164103
2808.295525109235,88.87053595430088,1730243158.3189733
2785.183821342447,61.82492516337933,1730243158.323112
2745.9788615678385,-48.59269244583756,1730243158.3272483
2734.020678284249,74.23014333607476,1730243158.3310416
2722.755399078774,59.768564673491085,1730243158.3350646
2798.013722659793,70.85502992332339,1730243158.3402717
2796.158527870003,69.9386084006558,1730243158.3435
2810.6201065325868,71.99496889054404,1730243158.3469384
2946.5410645653087,119.55948109143748,1730243158.3511028
2720.162596721959,142.02298426902107,1730243158.355126
2726.6893061029086,18.86487232027916,1730243158.3592975
2837.6210138345973,23.20111074460873,1730243158.3630824
2753.7125651493748,20.2506804765082,1730243158.3683195
2694.458090598356,-73.93957065815576,1730243158.3709717
2664.238532094781,-64.93181764266701,1730243158.3753183
2859.9727582899045,229.0606771779868,1730243158.379979
2804.0039901738155,200.4504442751937,1730243158.383062
2794.012760402293,137.93261503369988,1730243158.3870847
2682.544610803677,41.06015456439908,1730243158.3911755
2687.7525672617635,-34.24287250553042,1730243158.3960648
2782.255742818802,138.22318771161886,1730243158.3991442
2820.5442810707427,135.02688825450997,1730243158.402238
2856.195313476958,-50.55964595790458,1730243158.4074976
2822.8018072607288,116.1620159342308,1730243158.4114532
2762.608559442587,94.90550695723378,1730243158.4158978
2810.329533854668,98.97352444809968,1730243158.419423
2778.053614861204,101.65573378273652,1730243158.4243045
2832.904795754528,29.034916047443875,1730243158.427601
2796.985542414849,26.57622415736009,1730243158.4301004
2810.4412925769443,44.32350925487391,1730243158.4354272
2712.898279773984,106.46135884062754,1730243158.4393654
2676.710805500842,0.4246831446508342,1730243158.4434958
2719.961431021861,8.605421615293219,1730243158.4471772
2755.523056450255,99.24174538156336,1730243158.4512775
2752.192646526414,-9.074808248854668,1730243158.454168
2795.1079958806035,45.59755868882641,1730243158.4583106
2853.4013454200444,195.17543258374127,1730243158.463136
2757.3782512400453,134.93748127668874,1730243158.467408
2788.447176032922,33.32645098286283,1730243158.4711463
2832.725981798885,48.92796861266716,1730243158.4753025
2829.552034086232,68.9998351335329,1730243158.479099
2798.9524959269165,49.46441047959453,1730243158.4822087
2831.6530980650305,-14.595689129315511,1730243158.4868743
2822.1983101604355,49.129134312764926,1730243158.4912896
2748.236387757825,150.76251635104614,1730243158.4954412
2714.6864193304086,121.43702762568329,1730243158.4992974
2777.293655549724,131.0482777414653,1730243158.503456
2777.4948212498216,72.88903866875633,1730243158.5063906
2790.190612100436,11.086465249832305,1730243158.5103796
2797.857260448606,61.04261410744359,1730243158.5144591
2811.4247693329776,87.86470745381206,1730243158.5198624
2729.840902071107,89.98812317706623,1730243158.52338
2754.83015237214,43.42943947666162,1730243158.5276434
2804.831004718662,38.86968360777898,1730243158.5313716
2807.244993119836,101.23105063808568,1730243158.534758
2684.466860826833,104.56146056192644,1730243158.5381987
2754.4948762053104,-64.61889322029272,1730243158.542734
2799.377179071568,82.79086146245736,1730243158.5463164
2855.3235954432007,111.82577750990124,1730243158.551441
2888.6276946816083,126.10854221684244,1730243158.5552847
2720.721390333342,27.067962535376854,1730243158.5587208
2759.948701852405,18.619003131270784,1730243158.5622776
2875.954255575449,93.6538092677366,1730243158.5667531
2810.1283681545697,203.02089488755405,1730243158.5704985
2738.4463236864,33.77348587196897,1730243158.5745983
2853.3342901866786,-32.54413992692708,1730243158.5793283
2856.530589643787,114.2397659110744,1730243158.5838456
2737.3957916970007,113.21158566613028,1730243158.5867069
2747.767001124263,83.57317251839311,1730243158.5904708
2747.990518568816,46.24575927803031,1730243158.5948856
2781.8534114186064,99.19704189265276,1730243158.5988438
2777.36071078309,101.23105063808568,1730243158.6029
2735.406486440478,2.9951337570111463,1730243158.607626
2804.831004718662,-31.04657304842151,1730243158.6115425
2990.8422220757275,56.30404428291849,1730243158.614647
2743.229596999836,107.6460012967588,1730243158.6187031
2705.119872703537,41.30602375340745,1730243158.6225376
2776.936027638438,68.55280024442676,1730243158.6266215
2698.77197727823,89.29521909895172,1730243158.6305385
2829.820255019695,102.99683845005497,1730243158.6347768
2853.177827975492,171.41552822774986,1730243158.6401076
2841.3984586475444,53.957111115111246,1730243158.642698
2750.002175569794,62.29431179694078,1730243158.6464956
2787.441347532433,158.45151644367178,1730243158.6506224
2814.88928972355,145.5992633818702,1730243158.654415
2782.8145364301845,-13.723971095558536,1730243158.658974
2826.4898450958544,-73.00079739103286,1730243158.66356
2834.2459004218463,134.40103940976138,1730243158.6667097
2820.27606013728,102.43804483867228,1730243158.6762607
2838.2021591904354,73.29137006895186,1730243158.67629
2774.298521792713,71.36912004579546,1730243158.680032
2733.573643395144,-1.095235478310046,1730243158.6824503
2788.536583010743,-19.82599733185737,1730243158.689435
2815.381028101567,175.9976358410878,1730243158.6905885
2832.9271474989832,51.76664015849116,1730243158.701006
2819.806673503718,133.30580393145132,1730243158.7010286
2710.417236139445,181.3397027659062,1730243158.7025597
2789.117728366581,94.70434125713602,1730243158.7064872
2819.449045592433,54.31473902639616,1730243158.71074
2817.996182202838,-15.06507576287696,1730243158.714779
2809.122539654081,62.04844260793241,1730243158.7197137
2729.438570670912,90.32339934389584,1730243158.7227075
2778.321835794668,71.70439621262506,1730243158.7256944
2864.7560316033405,80.28746608346297,1730243158.7306423
2798.3937023155336,22.08352352184338,1730243158.7347028
2783.485088763844,76.80059394843506,1730243158.738558
2756.8194576286623,27.69381138012545,1730243158.7427056
2748.9516435803944,29.481950936550017,1730243158.7477176
2848.439258150966,133.50696963154908,1730243158.750718
2864.979549047893,126.93555676168882,1730243158.7536116
2862.4985054133545,46.24575927803031,1730243158.7577431
2870.8133543507283,45.105820310809655,1730243158.7662437
2817.79501650274,117.16784443471964,1730243158.7712443
2786.8825539210507,147.76738259403498,1730243158.7712736
2753.9807860828387,97.92299245870024,1730243158.774722
2783.641550975031,79.08047188287638,1730243158.7786577
2835.4528946224327,21.658840377192544,1730243158.781676
2818.979658958872,73.62664623578146,1730243158.7859254
2786.83785043214,97.99004769206616,1730243158.793764
2752.4385157154225,85.67423649719197,1730243158.7946167
2751.678556403942,30.97951781505559,1730243158.806172
2856.977624532893,65.44590776513908,1730243158.806199
2768.554123467699,150.18137099520814,1730243158.80621
2684.131584660004,24.22929098955285,1730243158.809657
2819.1808246589694,40.5237126974717,1730243158.8137453
2885.3643399911334,91.88802145576732,1730243158.818685
2856.955272788438,89.63049526578132,1730243158.8227887
2791.419958045478,70.76562294550216,1730243158.8266776
2757.802934384696,88.46820455410536,1730243158.829651
2701.096558701582,66.07175660988767,1730243158.8337598
2848.081630239681,167.7274903926242,1730243158.8376727
2834.603528333131,75.10186136983172,1730243158.8426564
2829.4179236195,52.772468658979975,1730243158.8467405
2786.6813882209526,45.08346856635435,1730243158.8510015
2843.1418947150582,116.20671942314142,1730243158.8572729
2791.352902812112,142.91705404723336,1730243158.8597014
2830.200234675436,39.58493943034881,1730243158.8671925
2787.284885321246,117.0784374568984,1730243158.867211
2716.9886490093054,79.16987886069762,1730243158.8698993
2766.095431577615,-33.617023660781825,1730243158.8739128
2837.5316068567763,120.92293750321122,1730243158.8791573
2849.154513973536,183.6419324448028,1730243158.8827317
2780.869934662573,98.59354479235944,1730243158.8858051
2703.4658436138448,-76.2641520815077,1730243158.889928
2724.9235182909392,34.62285216127064,1730243158.8939905
2783.5297922527543,173.1366125508085,1730243158.8980176
2804.115748896092,184.33483652291736,1730243158.90232
2849.020403506804,47.743326156535886,1730243158.9071276
2866.633578137586,55.36527101579559,1730243158.9114077
2827.540377085254,89.38462607677295,1730243158.9140253
2785.4296905314554,36.67921265115889,1730243158.918294
2769.582303712643,87.70824524262491,1730243158.9218583
2888.9406191039825,54.71707042659169,1730243158.9263191
2867.192371748969,131.83058879740105,1730243158.929912
2796.0691208921817,137.48558014459374,1730243158.9350548
2733.9089195619727,126.220300939119,1730243158.937974
2784.4238620309666,25.145712512220445,1730243158.9419563
2851.322633185701,14.707447851592049,1730243158.9459453
2819.359638614612,60.64028270724806,1730243158.950316
2793.766891213285,138.37964992280604,1730243158.9539237
2750.739783136819,51.20784654710848,1730243158.9582047
2761.31215826418,77.76171896001327,1730243158.9630487
2790.056501633704,103.1533006612421,1730243158.9662557
2768.397661256512,144.54873139247078,1730243158.9693098
2739.5639109091653,106.6848762851806,1730243158.9744272
2812.542356555743,54.739422171047,1730243158.9782374
2865.024252536804,65.8482391653346,1730243158.9820397
2850.763839574318,144.0122895255434,1730243158.9861803
2769.9846351128385,107.35542861883982,1730243158.99111
2742.201416754892,55.36527101579559,1730243158.9942243
2814.1069786676144,68.12811709977592,1730243158.9970374
2820.253708392824,81.3379980728624,1730243159.0021129
2774.298521792713,104.092073928365,1730243159.006738
2796.4491005479217,6.660819847681505,1730243159.0102572
2766.386004255534,9.790064071424494,1730243159.0144043
2765.804858899696,65.28944555395194,1730243159.0181105
2799.846565705129,101.54397506046,1730243159.0209954
2812.6988187669303,85.02603590798806,1730243159.0253828
2774.4326322594443,21.97176479956684,1730243159.0291083
2746.202379012392,116.56434733442632,1730243159.03421
2787.3966440435224,117.4360653681833,1730243159.0381117
2845.444124393955,40.07667780836557,1730243159.0421505
2827.1380456850584,51.65488143621462,1730243159.04538
2794.012760402293,89.16110863221988,1730243159.0493498
2765.983672855338,172.734281150613,1730243159.0533843
2744.3248324781457,105.45553034013872,1730243159.058297
2783.1721643414694,14.148654240209371,1730243159.0621047
2906.374979779122,-85.20484986363053,1730243159.0662785
2873.294397985268,138.67022260072503,1730243159.0702765
2714.507605374766,223.8303689754449,1730243159.0734532
2808.65315302052,101.6333820382812,1730243159.077407
2782.7921846857294,148.99672853907688,1730243159.0813031
2748.325794735646,118.30778340194028,1730243159.0866258
2775.125536337559,2.123415723254171,1730243159.09033
2815.8504147351287,-61.22142806308605,1730243159.094324
2808.340228598145,93.51969880100476,1730243159.098746
2818.666734536497,103.53328031698231,1730243159.1021533
2825.215795661902,107.33307687438452,1730243159.105192
2859.749240845352,101.74514076055776,1730243159.1096184
2840.0797057246814,3.889203535223429,1730243159.1131704
2808.407283831511,95.46430056861648,1730243159.1184387
2859.637482123075,142.55942613594846,1730243159.122476
2765.380175755045,124.45451312714972,1730243159.125752
2725.191739224403,105.79080650696832,1730243159.129272
2750.7844866257296,81.44975679513894,1730243159.1337273
2797.03024590376,77.15822185971999,1730243159.137244
2822.377124116078,55.74525067153581,1730243159.141415
2773.69502469242,-24.51986366747185,1730243159.1463068
2881.0728050557145,59.34388152884025,1730243159.1502552
2733.484236417322,45.39639298872864,1730243159.153781
2778.031263116749,39.54023594143819,1730243159.1575005
2838.582138846176,-29.414895703184094,1730243159.1614115
2839.632670835575,210.82165370245625,1730243159.165498
2850.1603424740247,143.4087924252501,1730243159.1695924
2813.03409493376,121.32526890340674,1730243159.1736608
2797.1196528815813,59.92502688467823,1730243159.1784985
2823.22649040538,76.44296603715016,1730243159.181475
2760.0157570857714,105.83550999587894,1730243159.1854136
2788.402472544012,126.75674280604636,1730243159.189692
2762.407393742489,72.71022471311387,1730243159.194846
2829.3955718750444,87.14945163124224,1730243159.197546
2880.8716393556165,94.994913935055,1730243159.2014687
2761.5356757087325,22.30704096639645,1730243159.205298
2878.636464910086,89.69755049914724,1730243159.2095988
2873.182639262991,55.16410531569783,1730243159.2133875
2808.7425599983408,16.808511830390913,1730243159.21864
2790.324722567168,114.97737347809954,1730243159.221326
2771.0798705911484,101.32045761590692,1730243159.225708
2800.9865046723494,134.64690859876976,1730243159.2293355
2843.119542970603,118.19602467966376,1730243159.23361
2824.4558363504216,99.75583550403542,1730243159.237336
2747.1411522795147,25.10100902330983,1730243159.2415388
2763.1450013095146,95.41959707970584,1730243159.2463868
2838.403324890533,112.49632984356045,1730243159.2495687
2864.8677903256166,64.9094658982117,1730243159.253616
2846.114676727614,40.70252665311416,1730243159.2576938
2796.1808796144583,25.168064256675752,1730243159.261577
2817.79501650274,47.25158777851913,1730243159.2657816
2750.1139342920706,74.74423345854682,1730243159.2695053
2762.183876297936,115.42440836720569,1730243159.2735617
2854.1166012426143,117.50312060154924,1730243159.2765508
2767.347129267112,38.55675918540468,1730243159.2805057
2817.705609524919,90.94924818864445,1730243159.2856543
2809.256650120813,130.17655970770832,1730243159.2896144
2777.2489520608133,61.64611120773688,1730243159.2935655
2862.9008368135496,89.2281638655858,1730243159.2976117
2838.2021591904354,112.38457112128393,1730243159.301617
2813.1458536560363,102.92978321668902,1730243159.3044653
2809.0778361651705,93.60910577882598,1730243159.3086514
2866.275950226301,64.50713449801619,1730243159.3135848
2851.61320586362,60.93085538516705,1730243159.3176272
2812.6988187669303,-46.29046276694093,1730243159.321521
2819.404342103522,83.50611728502719,1730243159.3256648
2819.694914781441,128.2096061956413,1730243159.330639
2803.959286684905,108.2271466525968,1730243159.3335085
2841.420810392,99.75583550403542,1730243159.3366475
2816.2974496242346,111.78107402099062,1730243159.34158
2806.797958230729,84.35548357432886,1730243159.3455117
2759.5910739411206,74.85599218082335,1730243159.34969
2717.703904831875,-64.08245135336534,1730243159.353556
2834.715287055408,111.4010943652504,1730243159.356701
2859.8162960787176,152.72946986311317,1730243159.360662
2874.0767090412032,42.55772144290465,1730243159.3647025
2893.947409861971,34.37698297226226,1730243159.369666
2682.075224170116,104.74027451756888,1730243159.3737268
2727.53867239221,68.86572466680106,1730243159.3777194
2844.125371471092,33.70643063860305,1730243159.3807547
2903.379846022111,97.4759575695941,1730243159.3847356
2868.935807816483,135.58568186589264,1730243159.3887928
2875.127241030603,81.0474253949434,1730243159.3932283
2843.61128134862,110.4846728425828,1730243159.3966572
2809.7930919877404,118.55365259094866,1730243159.4016836
2785.7426149538296,98.1018064143427,1730243159.405873
2883.509145201343,4.693866335614483,1730243159.4091847
2867.7735171048066,-37.61798591828179,1730243159.4126997
2815.537490312754,155.32227221992878,1730243159.4171193
2825.7298857843743,169.15800203776385,1730243159.420679
2696.223878410325,28.565529413882427,1730243159.425154
2744.7271638783413,-27.8502735913126,1730243159.42965
2878.0776712987035,71.190306090153,1730243159.4336653
2905.2350408119014,75.75006195903563,1730243159.436762
2809.5025193098213,88.46820455410536,1730243159.441003
2763.7932018987185,63.41189901970613,1730243159.444881
2830.3566968866226,108.2047949081415,1730243159.4489465
2892.8074708947506,147.36505119383946,1730243159.4533052
2850.965005274416,99.82289073740134,1730243159.4580996
2829.775551530785,8.471311148561377,1730243159.461712
2816.3645048576004,66.96582638809996,1730243159.4652832
2880.916342844527,106.52841407399346,1730243159.46902
2782.859239919095,164.68765314670244,1730243159.4729905
2795.1526993695143,103.77914950599067,1730243159.4772956
2836.2128539339133,18.46254092008364,1730243159.4807584
2834.4917696108546,73.82781193587923,1730243159.484897
2879.1058515436475,80.24276259455236,1730243159.4899237
2898.864793642139,12.964011784078096,1730243159.4929152
2879.5305346882983,-1.1175872227653532,1730243159.4968102
2921.7753317088286,123.69455381566928,1730243159.5010705
2876.960084075938,114.59739382235932,1730243159.5047815
2866.0747845262035,61.601407718826266,1730243159.5089736
2850.6520808520418,63.47895425307206,1730243159.513818
2707.8467855270846,57.53339022796038,1730243159.517188
2721.68251534492,43.09416330983202,1730243159.5199096
2827.2721561517906,38.13207604075385,1730243159.5249927
2842.2701766813016,112.38457112128393,1730243159.52884
2861.6491391240525,112.74219903256882,1730243159.5331247
2857.178790232991,133.50696963154908,1730243159.5368323
2823.092379938648,57.66750069469222,1730243159.5419412
2834.000031232838,55.29821578242967,1730243159.5449555
2862.3643949466223,84.35548357432886,1730243159.5481312
2889.030026081804,81.71797772860262,1730243159.5532827
2827.808598018718,60.03678560695477,1730243159.557279
2790.0117981447934,-40.613119675292936,1730243159.5614936
2833.9553277439272,60.97555887407767,1730243159.5651636
2872.1991625069577,156.81983909843436,1730243159.5701666
2822.7571037718185,54.13592507075371,1730243159.573193
2823.673525294486,-5.118549480265317,1730243159.5763085
2858.0281565222926,103.55563206143762,1730243159.5811176
2939.1649888950574,138.67022260072503,1730243159.585179
2876.893028842572,72.50905901301611,1730243159.5891235
2847.2993191837454,40.14373304173149,1730243159.593042
2872.75795611834,87.0376929089657,1730243159.5970628
2836.1905021894577,93.3632365898176,1730243159.6013725
2734.735934106819,-30.085448036843307,1730243159.6039636
2802.9534581844164,-6.079674491843521,1730243159.6082897
2833.3294788991784,110.66348679822526,1730243159.6129255
2868.891104327572,103.01919019451026,1730243159.617289
2860.5539036457426,195.5330604950261,1730243159.6208956
2810.88832746605,94.45847206812763,1730243159.625321
2840.0126504913155,13.32163969536301,1730243159.6281152
2826.4674933514,-79.16987886069762,1730243159.6320317
2864.979549047893,54.51590472649393,1730243159.636964
2850.4285634074886,209.569956012959,1730243159.641402
2755.098373305604,64.39537577573965,1730243159.6451612
2825.662830551008,-7.957221026089314,1730243159.6492472
2765.670748432964,-29.66076489219247,1730243159.6521196
2866.1418397595694,92.15624238923102,1730243159.6561415
2925.6421834995967,98.50413781453824,1730243159.660224
2851.054412252237,82.70145448463613,1730243159.66471
2830.5578625867206,57.22046580558608,1730243159.6692955
2892.673360428019,64.79770717593517,1730243159.6735451
2853.893083798061,50.470238980083344,1730243159.677375
2824.4334846059664,29.414895703184094,1730243159.681264
2796.3373418256456,108.76358851952416,1730243159.6856184
2858.654005367041,153.91411231924442,1730243159.6896403
2937.332145849722,9.58889837132673,1730243159.6923115
2878.658816654541,75.05715788092111,1730243159.698818
2803.5346035402545,97.43125408068347,1730243159.7014904
2868.287607227279,47.27393952297444,1730243159.7083943
2808.966077442894,-31.895939337723178,1730243159.7114198
2688.221953895325,32.11945678227625,1730243159.7144077
2817.7503130138293,105.25436464004096,1730243159.7184856
2921.1718346085354,108.04833269695436,1730243159.7211175
2762.9214838649614,-21.2118054880864,1730243159.7243464
2847.4557813949327,67.47991651057202,1730243159.7291677
2869.0922700276697,132.5234928755156,1730243159.7323456
2891.488717971888,88.51290804301597,1730243159.7364812
2942.785971496817,23.98342180054448,1730243159.7403955
2856.910569299528,46.558683700404615,1730243159.744272
2784.602675986609,45.97753834456663,1730243159.7502928
2840.482037124877,100.44873958214994,1730243159.7534387
2859.436316422977,95.9560389466332,1730243159.7575908
2802.5287750397656,65.80353567642399,1730243159.7604504
2817.571499058187,-23.715200867080792,1730243159.765433
2841.4655138809103,-19.60247988730429,1730243159.768808
2779.6852922064418,114.48563510008276,1730243159.7733424
2788.670693477475,94.10084415684274,1730243159.7784517
2875.5519241752536,62.49547749703855,1730243159.7814147
2948.038631443814,-9.767712326969187,1730243159.7854445
2869.271083983312,160.30671123346227,1730243159.7882886
2758.741707651819,105.94726871815548,1730243159.7928383
2804.4957285518326,27.40323870220646,1730243159.796239
2830.4014003755333,76.68883522615853,1730243159.8003955
2839.766781302307,54.56060821540454,1730243159.8042989
2864.733679858885,-20.69771536561434,1730243159.808654
2856.731755343885,-15.221537974064107,1730243159.8133192
2831.250766664835,111.13287343178672,1730243159.8166735
2838.6938975684525,162.00544381206558,1730243159.819743
2818.6890862809523,56.05817509391012,1730243159.8247635
2827.2945078962457,-33.818189360879586,1730243159.8284645
2873.182639262991,34.71225913909187,1730243159.8337584
2817.169167657992,43.67530866567,1730243159.8373337
2789.0730248776704,80.98037016157748,1730243159.841762
2893.902706373061,100.78401574897954,1730243159.852975
2914.5557182497646,73.49253576904962,1730243159.853036
2804.8757082075726,98.81706223691252,1730243159.8544824
2755.478352961344,51.43136399166155,1730243159.8573816
2806.1050541526147,47.229236034063824,1730243159.8615236
2793.722187724374,24.92219506766737,1730243159.864483
2833.4859411103657,51.05138433592133,1730243159.8675127
2839.5879673466648,51.36430875829563,1730243159.8713925
2872.2885694847787,-59.56739897339333,1730243159.8773615
2885.543153946776,-56.594616960837484,1730243159.8923354
2913.3040205602674,103.1309489167868,1730243159.8923583
2918.646087485085,159.1667722662416,1730243159.8923695
2957.672233304052,55.11940182678722,1730243159.89238
2872.936770073982,26.486817179538868,1730243159.8961864
2806.082702408159,94.9725621905997,1730243159.9014568
2787.508402765799,84.40018706323947,1730243159.9045408
2723.604765368076,5.09619773581001,1730243159.907368
2884.559677190742,20.80947408789088,1730243159.9125528
2837.7104208124188,69.40216653372843,1730243159.916371
2688.8925062289845,66.31762579889606,1730243159.92119
2795.8232517031734,-37.52857894046056,1730243159.924454
2889.879392371105,-37.12624754026504,1730243159.9346197
2890.3264272602114,120.94528924766652,1730243159.9346485
2852.641386108564,92.15624238923102,1730243159.937434
2946.2057883984794,80.17570736118644,1730243159.945573
2882.90564810105,19.02133453146631,1730243159.9455955
2706.5280326042216,-0.6034971002932907,1730243159.953539
2872.3332729736894,110.88700424277832,1730243159.9535503
2843.566577859709,98.28062036998516,1730243159.956611
2816.7221327688853,69.80449793392395,1730243159.9594262
2842.1360662145694,42.602424931815264,1730243159.9635725
2823.539414827754,-6.973744270055803,1730243159.968423
2868.4217176940106,53.375965759273264,1730243159.9770052
2914.6898287164963,32.56649167138239,1730243159.977023
2838.023345234793,65.66942520969215,1730243159.979518
2738.982765553328,41.50718945350521,1730243159.9837124
2787.1060713656034,4.895032035712247,1730243159.9875538
2943.434172086021,31.627718404259493,1730243159.9916828
2872.176810762502,10.438264660628398,1730243159.99903
2771.906885135995,141.41948716872778,1730243160.000534
2859.99511003436,51.788991902946464,1730243160.0045104
2872.802659607251,68.6869107111586,1730243160.008557
2835.0729149666927,60.7743931739799,1730243160.0128589
2918.7801979518176,-4.895032035712247,1730243160.0166757
2887.6442179255746,43.652956921214695,1730243160.0196671
2803.1993273734247,108.58477456388172,1730243160.0259535
2840.1020574691365,73.31372181340717,1730243160.0317397
2787.2625335767907,39.92021559717841,1730243160.0347435
2883.8444213681723,58.02512860597714,1730243160.0407171
2850.719136085408,-63.970692631088816,1730243160.041064
2860.464496667921,34.26522424998573,1730243160.0445886
2876.2895317422785,83.26024809601881,1730243160.0478776
2813.570536800687,-8.873642548756903,1730243160.0528548
2826.802769518229,19.28955546493,1730243160.0558112
2783.239219574836,-17.702581608603193,1730243160.0587645
2792.381083057056,36.90273009571196,1730243160.0638635
2846.9193395280054,125.639155583281,1730243160.0679088
2887.6889214144853,101.02988493798792,1730243160.0717585
2827.160397429514,69.69273921164742,1730243160.0757616
2847.098153483648,63.90363739772289,1730243160.0817494
2800.1371383830474,37.95326208511139,1730243160.0851145
2821.326592126679,32.81236086039077,1730243160.0890136
2828.412095119011,35.89690159522314,1730243160.092973
2886.146651047069,14.729799596047354,1730243160.0958314
2885.81137488024,76.2418003370524,1730243160.10303
2807.289696608746,55.0523465934213,1730243160.1060183
2839.61031909112,2.525747123449698,1730243160.1102688
2860.643310623564,35.271052750474546,1730243160.1129751
2821.7512752713296,71.27971306797423,1730243160.115972
2828.0991706966365,88.75877723202434,1730243160.1199436
2828.8814817525727,2.7045610790921546,1730243160.1241665
2787.798975443718,-138.35729817835073,1730243160.1279478
2883.509145201343,-44.43526797715044,1730243160.1318958
2916.8355961842058,137.21735921113006,1730243160.136337
2887.420700481022,98.21356513661924,1730243160.1400106
2800.517118038788,65.58001823187092,1730243160.1434808
2725.191739224403,82.6120475068149,1730243160.1468956
2753.1537715379923,23.178759000153423,1730243160.151996
2815.0010484458267,-10.102988493798792,1730243160.156486
2916.8802996731165,50.716108169091726,1730243160.1603353
2905.637372212097,-1.8328430453351792,1730243160.1640978
2869.114621772125,80.7121492281138,1730243160.1680596
2848.4839616398767,66.60819847681505,1730243160.170957
2776.511344493788,54.62766344877046,1730243160.175093
2795.666789491986,-36.81332311789073,1730243160.1799133
2850.8755982965945,9.946526282611645,1730243160.184292
2890.6169999381304,75.23597183656358,1730243160.1878674
2830.759028286818,122.62167008181454,1730243160.191465
2693.8322417536074,-32.72295388256954,1730243160.194962
2809.0778361651705,19.513072909483064,1730243160.199093
2877.541229431776,109.1435681752644,1730243160.2031877
2773.7173764368745,-2.2351744455307063,1730243160.2083316
2866.857095582139,8.851290804301597,1730243160.2119088
2938.4273813280324,114.01624846652132,1730243160.2161622
2889.09708131517,94.39141683476171,1730243160.219256
2874.769613119318,99.21939363710806,1730243160.2234943
2863.7725548473068,2.078712234343557,1730243160.2272842
2832.770685287796,-22.97759330005566,1730243160.2316113
2778.388891028034,112.71984728811351,1730243160.2352395
2833.374182388089,69.35746304481782,1730243160.2402227
2880.4469562109657,-61.04261410744359,1730243160.2441957
2772.4656787473773,-93.87732671228966,1730243160.2470365
2752.349108737601,-32.052401548910325,1730243160.2513025
2884.1349940460914,91.7762627334908,1730243160.255026
2855.502409398843,-8.024276259455236,1730243160.2591984
2780.959341640394,-45.59755868882641,1730243160.2631044
2808.1167111535924,134.35633592085077,1730243160.2683687
2871.819182851217,148.23676922759643,1730243160.2710457
2876.311883486734,99.28644887047398,1730243160.275284
2815.1128071681032,102.5051000720382,1730243160.2790537
2815.537490312754,77.15822185971999,1730243160.2833023
2831.7201532983963,41.06015456439908,1730243160.28722
2882.3692062341224,8.113683237276463,1730243160.2912405
2814.50931006781,16.339125196829464,1730243160.296168
2856.195313476958,29.16902651417572,1730243160.299313
2911.0464943702814,86.32243708639588,1730243160.3031695
2822.712400282908,0.5811453558379837,1730243160.3073435
2729.505625904277,-24.29634622291878,1730243160.3113885
2838.403324890533,11.734665839036207,1730243160.3153465
2832.27894690978,-18.86487232027916,1730243160.3193312
2693.2510963977693,-115.98320197858835,1730243160.324355
2876.088366042181,39.94256734163372,1730243160.327662
2978.8169835587723,59.94737862913354,1730243160.3312535
2963.081355462236,146.40392618226127,1730243160.3353004
2874.18846776348,142.87235055832275,1730243160.3395028
2751.5667976816653,70.2515328230301,1730243160.3434932
2701.700055801876,45.441096477639256,1730243160.3474011
2711.288954173202,59.63445420675925,1730243160.3522444
2765.000196099305,65.64707346523684,1730243160.355211
2843.410115648522,30.59953815931537,1730243160.3586433
2845.84645579415,-23.715200867080792,1730243160.3631575
2937.287442360812,2.861023290279304,1730243160.3673315
2849.825066307196,65.26709380949663,1730243160.3711553
2769.3364345236346,16.093256007821086,1730243160.3757727
2777.2266003163577,-128.29901317346253,1730243160.3802829
2716.9215937759395,-43.25062552101917,1730243160.3833594
2817.2809263802683,17.769636841969113,1730243160.3865025
2768.68823393443,62.89780889723407,1730243160.3913603
2855.5247611432983,84.86957369680091,1730243160.395212
2896.4284534965104,100.6499052822477,1730243160.3996203
2823.2711938942903,27.02325904646624,1730243160.4032671
2804.2722111072794,76.13004161477586,1730243160.4074242
2898.2612965418457,96.09014941336508,1730243160.4122229
2965.852971774694,83.5284690294825,1730243160.416446
2880.536363188787,100.11346341532034,1730243160.4194243
2749.9574720808832,15.199186229608802,1730243160.4234357
2749.711602891875,-31.04657304842151,1730243160.427458
2824.1429119280474,-82.63439925127021,1730243160.431443
2890.639351682586,33.63937540523713,1730243160.4344604
2814.84458623464,112.6527920547476,1730243160.438279
2835.341135900156,-79.92983817217805,1730243160.4424033
2731.5843381386208,51.23019829156379,1730243160.447474
2711.8477477845845,25.34687821231821,1730243160.4514515
2770.185800812936,-29.750171870013705,1730243160.455464
2831.3401736426563,73.04550087994348,1730243160.4595537
2905.4809100009097,125.3038794164514,1730243160.462412
2867.5276479157983,64.35067228682904,1730243160.4664953
2911.0017908813707,108.13773967477556,1730243160.4703104
2861.2021042349465,40.54606444192701,1730243160.4744253
2828.0991706966365,-21.368267699273552,1730243160.4793673
2807.066179164193,108.40596060823924,1730243160.484512
2801.210022116902,21.63648863273724,1730243160.4885516
2813.682295522964,-29.90663408120085,1730243160.4915552
2874.6802061414965,4.023314001955272,1730243160.4945564
2844.214778448913,26.57622415736009,1730243160.4985409
2717.100407731582,-8.29249719291892,1730243160.502545
2768.062385089682,-60.97555887407767,1730243160.50766
2827.6297840630755,116.63140256779224,1730243160.511398
2827.5850805741647,123.78396079349052,1730243160.5145946
2804.115748896092,-10.415912916173092,1730243160.5185804
2790.6599987339973,-61.89198039674525,1730243160.5224998
2894.0368168397927,56.594616960837484,1730243160.526539
2871.170982262013,72.71022471311387,1730243160.530534
2817.929126969472,62.808401919412844,1730243160.5345535
2871.886238084583,17.076732763854597,1730243160.5396144
2830.222586419891,52.88422738125651,1730243160.5435903
2822.712400282908,61.73551818555811,1730243160.5467117
2764.776678654752,17.859043819790344,1730243160.5511043
2799.0195511602824,23.111703766787503,1730243160.55445
2887.465403969932,-31.694773637625413,1730243160.558684
2871.752127617852,46.893959867234216,1730243160.563769
2839.4091533910223,143.25233021406297,1730243160.5677905
2837.1516272010363,67.25639906601896,1730243160.5704954
2692.7593580197527,-84.69075974115846,1730243160.5748415
2776.153716582503,-32.767657371480155,1730243160.578589
2839.967947002405,63.16602983069776,1730243160.582925
2808.764911742796,46.8492563783236,1730243160.5887616
2826.534548584765,23.98342180054448,1730243160.5932744
2859.99511003436,-81.44975679513894,1730243160.5955667
2853.80367682024,14.260412962485908,1730243160.5999863
2832.3236503986896,133.64108009828092,1730243160.6028554
2811.60358328862,51.20784654710848,1730243160.606828
2803.6016587736203,41.10485805330969,1730243160.610849
2754.852504116596,-13.433398417639545,1730243160.6150968
2872.6238456516085,66.07175660988767,1730243160.619185
2917.930831662516,67.7257856995804,1730243160.62384
2874.9037235860496,18.88722406473447,1730243160.6278005
2847.1428569725585,-18.88722406473447,1730243160.6308072
2808.69785650943,-47.89978836772303,1730243160.6351826
2811.4024175885224,27.447942191117072,1730243160.6388278
2728.343335192601,21.860006077290308,1730243160.6433427
2741.955547565883,-29.97368931456677,1730243160.6467
2803.4004930735223,78.74519571604678,1730243160.651625
2836.123446956092,44.21175053259737,1730243160.6546566
2852.127295986092,56.661672194203405,1730243160.65895
2801.679408750464,22.888186322234432,1730243160.6643703
2797.611391259598,76.15239335923117,1730243160.6682496
2777.450117760911,-6.660819847681505,1730243160.6716716
2921.976497408926,-81.963846917611,1730243160.6770568
2917.14852060658,86.18832661966404,1730243160.6798315
2780.668768962475,86.92593418668916,1730243160.6840415
2776.287827049235,31.605366659804183,1730243160.686722
2916.3662095506443,25.19041600113106,1730243160.6913218
2867.1476682600583,28.00673580249975,1730243160.69474
2801.299429094724,101.14164366026446,1730243160.698975
2817.6609060360083,60.10384084032069,1730243160.701688
2917.752017706873,4.537404124427334,1730243160.7063537
2746.9399865794167,-7.063151247877032,1730243160.7102685
2726.890471803006,3.822148301857508,1730243160.713888
2829.9990689753377,99.19704189265276,1730243160.7197788
2860.5539036457426,39.31671849688512,1730243160.723298
2845.4888278828657,22.39644794421768,1730243160.728747
2850.7414878298628,-15.400351929706568,1730243160.7317526
2788.2013068439137,-21.68119212164785,1730243160.735123
2802.0817401506592,118.7101148021358,1730243160.7378476
2840.526740613788,42.84829412082364,1730243160.7418902
2848.8192378067065,-27.671459635670143,1730243160.7470455
2839.185635946469,-4.693866335614483,1730243160.7514076
2874.747261374863,40.1660847861868,1730243160.7548656
2859.324557700701,-78.87930618277862,1730243160.7582605
2789.0730248776704,-1.6093256007821086,1730243160.76179
2724.58824212411,142.22414996911883,1730243160.7662811
2749.175161024948,132.45643764214967,1730243160.7698174
2789.2294870888577,-92.737387745069,1730243160.775086
2860.062165267726,-23.938718311633863,1730243160.77889
2929.3972765680883,74.11838461379821,1730243160.7830987
2883.66560741253,132.07645798640942,1730243160.786286
2786.927257409961,95.39724533525056,1730243160.7903411
2815.492786823844,5.9902675140222925,1730243160.7959151
2856.1059064991364,17.680229864147886,1730243160.7991562
2828.792074774751,56.28169253846318,1730243160.8020296
2802.4617198064,13.99219202902222,1730243160.8072698
2851.702612841441,-31.11362828178743,1730243160.8119397
2886.861906869639,-27.291479979929925,1730243160.8162284
2836.570481845198,53.8006489039241,1730243160.8193035
2797.991370915338,39.94256734163372,1730243160.8220017
2757.7582308957853,41.41778247568399,1730243160.8260622
2836.414019634011,19.33425895384061,1730243160.8320816
2752.617329671065,45.91048311120071,1730243160.835317
2729.818550326652,-61.422593763183805,1730243160.8379848
2811.6482867775308,-19.42366593166184,1730243160.8421192
2919.115474118647,102.2145273941192,1730243160.8459136
2819.5831560591646,159.99378681108794,1730243160.8503432
2794.1021673801147,57.73455592805814,1730243160.8539636
2856.865865810617,-45.61991043328172,1730243160.8581262
2858.542246644765,-11.466444905572525,1730243160.86298
2817.571499058187,115.46911185611629,1730243160.8660457
2808.809615231706,57.19811406113077,1730243160.870149
2845.444124393955,-6.526709380949662,1730243160.874135
2978.928742281049,-63.27778855297429,1730243160.8780217
2913.86281417165,45.75402090001356,1730243160.8821292
2740.480332431833,109.09886468635378,1730243160.8859348
2811.4694728218883,20.47419792106127,1730243160.8909564
2878.345892232167,30.845407348323747,1730243160.894169
2843.454819137433,12.628735617248491,1730243160.896949
2797.566687770687,9.36538092677366,1730243160.9021616
2835.5199498557986,71.99496889054404,1730243160.9061096
2698.906087744962,-35.58397717284885,1730243160.9101284
2770.543428724221,-17.702581608603193,1730243160.9142327
2852.842551808661,35.78514287294661,1730243160.918256
2888.985322592893,32.231215504552786,1730243160.9223404
2828.635612563564,52.92893087016712,1730243160.925176
2847.344022672656,6.951392525600497,1730243160.9301577
2835.1846736889693,56.19228556064196,1730243160.9341905
2854.89891229855,112.20575716564146,1730243160.938334
2854.6753948539967,20.74241885452496,1730243160.9423096
2859.190447233969,28.45377069160589,1730243160.9472373
2851.814371563717,33.66172714969244,1730243160.95022
2867.23707523788,56.795782660935245,1730243160.95304
2903.8045291667618,13.947488540111609,1730243160.9570978
2877.921209087516,17.769636841969113,1730243160.9620855
2867.0359095377817,26.419761946172947,1730243160.9662166
2823.4276561054776,52.370137258784446,1730243160.9701009
2792.4928417793326,57.6004454613263,1730243160.9732344
2809.703685009919,-17.65787811969258,1730243160.9772985
2826.243975906846,80.7121492281138,1730243160.981245
2817.0797606801702,44.569378443882286,1730243160.9871464
2816.409208346511,-13.835729817835071,1730243160.9901824
2817.705609524919,14.036895517932836,1730243160.995138
2844.214778448913,5.565584369371458,1730243160.9992468
2850.093287240659,83.79668996294618,1730243161.0024135
2833.2624236658125,45.776372644468864,1730243161.0053744
2790.861164434096,-59.835619906857005,1730243161.009404
2833.061257965715,-3.19629945710891,1730243161.0143628
2829.842606764151,52.14661981423138,1730243161.0182943
2843.477170881888,66.4293845211726,1730243161.0223413
2866.275950226301,38.84733186332368,1730243161.026414
2846.025269749793,15.154482740698189,1730243161.0292864
2852.8202000642063,26.352706712807027,1730243161.0334945
2868.0417380382705,22.08352352184338,1730243161.0372877
2806.060350663704,-270.0984799979305,1730243166.0469975
2802.3723128285783,-277.407500434816,1730243166.0509715
2813.481129822866,-309.61636419491344,1730243166.0549972
2818.3091066252123,-314.5560997195363,1730243166.0590696
2814.710475767908,-280.9837795476651,1730243166.0640955
2799.868917449584,-277.116927756897,1730243166.0682104
2799.9136209384947,-309.72812291719,1730243166.0709498
2804.138100640548,-321.59689922295803,1730243166.074992
2795.21975460288,-283.75539586012314,1730243166.0791223
2793.766891213285,-276.7369481011568,1730243166.0831215
2806.3062198527123,-310.8457101399553,1730243166.0870695
2801.3217808391787,-330.8281696829998,1730243166.0919771
2797.0078941593047,-296.8088146220225,1730243166.0959888
2787.351940554612,-271.5066398986149,1730243166.0989532
2775.505515993299,-301.1674047908074,1730243166.1030295
2793.386911557545,-330.8281696829998,1730243166.1073003
2789.9447429114275,-298.8204716230001,1730243166.11105
2777.070138105171,-268.0421195080423,1730243166.1155634
2778.2771323057573,-295.1994890212404,1730243166.120116
2781.674597462964,-324.4132190243267,1730243166.1231945
2792.358731312601,-320.0546288555418,1730243166.1270473
2781.585190485143,-284.7388726161567,1730243166.13125
2772.733899680841,-285.20825924971814,1730243166.1350443
2784.1779928419583,-321.2169195672178,1730243166.1391969
2784.7591381977963,-316.83597765397764,1730243166.143021
2772.912713636484,-276.3569684454165,1730243166.148157
2767.101260078104,-287.9351720732656,1730243166.1511977
2782.3675015410786,-327.07307661450824,1730243166.1542325
2787.5531062547097,-321.7757131786005,1730243166.1590478
2780.2664375622794,-280.1120615139081,1730243166.1632311
2764.64256818802,-276.0216922785869,1730243166.1672535
2763.413222242978,-320.68047770029045,1730243166.171283
2776.9136758939835,-337.9807279086981,1730243166.1762753
2774.209114814892,-299.53572744556993,1730243166.1792593
2760.798068141707,-280.84966908093327,1730243166.1822784
2760.663957674976,-306.8447478824553,1730243166.187288
2776.6007514716093,-338.3607075644383,1730243166.1912704
2776.667806704975,-316.03131485358654,1730243166.1951127
2749.01869881376,-292.7184453867013,1730243166.199159
2760.507495463788,-317.3053642875391,1730243166.204148
2777.673635205464,-337.0643063860305,1730243166.2071393
2766.989501355827,-315.5619282200251,1730243166.2101593
2760.194571041414,-283.5542301600254,1730243166.2151663
2780.378196284556,-309.70577117273467,1730243166.2191536
2783.8203649306733,-343.0545739000528,1730243166.2231684
2766.341300766623,-324.4132190243267,1730243166.2271628
2791.93404816795,-299.0439890675532,1730243166.2311845
2838.917415013005,-320.94869863375413,1730243166.234215
2800.4277110609664,-333.823303440011,1730243166.238202
2696.894430743984,-301.212108279718,1730243166.2432103
2726.7563613362745,-284.96239006070977,1730243166.2474048
2741.910844076973,-292.4502244532376,1730243166.251407
2741.910844076973,-323.4297422682932,1730243166.25543
2758.585245440632,-338.338355819983,1730243166.2594025
2781.1381555960365,-313.5502712190475,1730243166.2624085
2773.091527592126,-310.1751578062961,1730243166.266418
2744.25777724478,-332.68336447279034,1730243166.2714312
2763.1450013095146,-343.0992773889634,1730243166.2755392
2815.1128071681032,-316.2771840425949,1730243166.2794547
2840.7502580583405,-304.7213321592012,1730243166.2834473
2815.246917634835,-331.87870167239925,1730243166.2864623
2782.9486468969167,-361.9641497092426,1730243166.2905197
2790.034149889249,-333.33156506199424,1730243166.294515
2741.3967539545006,-289.5444976740477,1730243166.2984445
2746.8952830905064,-312.566794463014,1730243166.3034008
2753.9807860828387,-351.5705885375248,1730243166.307492
2805.948591941428,-343.1886843667846,1730243166.31148
2917.6402589845966,-321.4404370117709,1730243166.314492
2920.4789305304207,-328.97297489320937,1730243166.3183336
2734.758285851274,-354.5210188056253,1730243166.3228796
2691.731177774808,-339.18772210928466,1730243166.3263595
2813.7046472674187,-325.41904752481554,1730243166.3318863
2759.5240187077547,-320.0546288555418,1730243166.3354292
2623.960688586317,-316.59010846496926,1730243166.339651
2768.26355078978,-345.35680357894944,1730243166.3428092
2820.901908982028,-303.469634469704,1730243166.346562
2697.654390055465,-275.7758230895785,1730243166.3510509
2663.3444623165683,-326.693096958768,1730243166.3544395
2756.528884950744,-359.3266438635163,1730243166.359676
2820.2313566483685,-323.1615213348295,1730243166.3636272
2800.226545360869,-309.59401245045814,1730243166.366627
2713.7923495521964,-342.8087047110444,1730243166.3706095
2721.995439767294,-350.1847803812957,1730243166.374725
2740.390925454012,-321.4180852673156,1730243166.3786263
2791.799937701218,-318.6464689548575,1730243166.3826685
2795.957362169905,-355.4374403282929,1730243166.3866537
2747.2752627462464,-357.6055595404577,1730243166.391667
2753.9807860828387,-324.144998090863,1730243166.3946097
2776.757213682796,-299.60278267893585,1730243166.3986328
2764.083774576637,-336.1702366078182,1730243166.4025683
2760.418088485967,-359.9077892193543,1730243166.4066412
2750.292748247713,-352.0846786599968,1730243166.4104772
2772.64449270302,-363.0370334430973,1730243166.4147072
2764.284940276735,-301.36857049090514,1730243166.4197097
2751.052707559193,-301.43562572427106,1730243166.422658
2772.912713636484,-333.532730762092,1730243166.4265308
2781.4063765295004,-313.147939818852,1730243166.43073
2796.605562759109,-310.7115996732235,1730243166.4355528
2824.2099671614133,-371.3071788915609,1730243166.43969
2830.021420719793,-387.400434899382,1730243166.44456
2771.0128153577825,-301.212108279718,1730243166.447739
2828.501502096832,-347.65903325784603,1730243166.4506116
2852.730793086385,-413.3061067230829,1730243166.4546
2784.602675986609,-325.6425649693686,1730243166.4587088
2732.746628850297,-299.5133757011146,1730243166.4626093
2726.197567724892,-297.4793669556817,1730243166.4668667
2733.417181183956,-330.3811347938937,1730243166.4708755
2774.186763070436,-348.7095652472455,1730243166.4749172
2827.316859640701,-348.5531030360584,1730243166.477646
2811.692990266441,-326.2460620696619,1730243166.4827745
2797.1643563704915,-349.24600711417287,1730243166.4867616
2829.3732201305893,-381.209001685262,1730243166.4907477
2822.645345049542,-354.0739839165192,1730243166.494758
2796.3596935701007,-311.4939107291592,1730243166.4986796
2738.222806241847,-317.081846842986,1730243166.502638
2791.5540685122096,-367.8873619898989,1730243166.505787
2833.2400719213574,-369.0049492126643,1730243166.5096111
2844.639461593564,-336.32669881900534,1730243166.5148125
2824.0982084391367,-359.77367875262246,1730243166.518668
2798.907792438006,-389.3897401559044,1730243166.52289
2792.4257865459667,-396.8775745484322,1730243166.526694
2749.4657337028666,-352.4199548268265,1730243166.5308287
2761.513323964277,-338.76303896463384,1730243166.5337873
2810.217775132391,-381.3207604075385,1730243166.5379803
2840.1020574691365,-381.3431121519938,1730243166.541748
2796.247934847824,-358.8349054854996,1730243166.546802
2761.02158558626,-354.90099846136553,1730243166.5509906
2767.3918327560227,-388.0486354885859,1730243166.554978
2801.746463983829,-412.4120369448706,1730243166.559069
2845.9582145164272,-414.1778247568399,1730243166.5619946
2847.925168028494,-408.9028130653874,1730243166.565915
2769.8505246461064,-343.1886843667846,1730243166.5710344
2793.565725513188,-385.4111296428597,1730243166.5749736
2863.102002513648,-420.07868529304096,1730243166.5790932
2852.395516919556,-388.1603942108625,1730243166.581998
2786.279056820757,-362.88057123191015,1730243166.5858586
2776.734861938341,-409.59571714350193,1730243166.5899498
2822.4665310938994,-393.5695163690468,1730243166.5938663
2845.9135110275165,-387.1992691992842,1730243166.5979705
2791.3081993232013,-392.58603961301327,1730243166.6028447
2751.4550389593887,-384.2041354422731,1730243166.607098
2839.699726068941,-404.20894672977295,1730243166.60983
2840.3032231692346,-378.5491440950804,1730243166.614098
2782.3675015410786,-388.2050976997731,1730243166.618063
2785.3849870425447,-422.5373771831247,1730243166.6220353
2763.413222242978,-391.08847273450766,1730243166.6260707
2803.3110860957013,-428.0582580635856,1730243166.6310666
2872.780307862796,-449.18065657385074,1730243166.6348636
2825.3946096175446,-395.46941464774784,1730243166.6380177
2804.8757082075726,-405.3935891859042,1730243166.6420176
2783.261571319291,-396.1846704703177,1730243166.6459503
2772.868010147573,-392.0719494905412,1730243166.6500523
2793.923353424472,-420.4363132043258,1730243166.6540267
2811.737693755352,-464.4692497812808,1730243166.6592364
2846.405249405533,-436.2166447897727,1730243166.6631234
2809.994257687838,-409.4616066767701,1730243166.6659591
2790.436481289444,-452.4663630087809,1730243166.6701136
2796.5608592701983,-506.2223084237944,1730243166.6740918
2819.024362447782,-458.0319473781523,1730243166.6780972
2831.7201532983963,-373.7435190371894,1730243166.682088
2803.445196562433,-414.46839743475886,1730243166.6870408
2807.1332343975587,-483.5129360572024,1730243166.6900651
2866.633578137586,-504.8365002675653,1730243166.692953
2819.002010703327,-446.4984472392139,1730243166.698115
2792.090510379137,-399.91741179435394,1730243166.702044
2803.378141329067,-410.4674351772589,1730243166.7061195
2815.2022141459247,-442.8327611485435,1730243166.7100365
2808.004952431316,-419.25167074819456,1730243166.714222
2800.383007572056,-437.1330663124402,1730243166.7180245
2828.9485369859385,-526.3165266891154,1730243166.7212265
2896.2943430297787,-514.1348259609731,1730243166.7261312
2802.349961084123,-434.3390982555269,1730243166.7302115
2781.093452107126,-418.2905457366164,1730243166.734204
2814.9563449569164,-472.94056092984215,1730243166.738243
2812.4976530668323,-483.7588052462108,1730243166.7422016
2854.56363613172,-483.3788255904705,1730243166.746212
2837.978641745882,-411.04858053309687,1730243166.749216
2842.091362725659,-468.4255085498701,1730243166.753261
2767.4588879893886,-491.3807501054704,1730243166.7581367
2714.708771074864,-507.6081165800234,1730243166.7621665
2755.366594239068,-474.751052230722,1730243166.766292
2816.386856602056,-487.6703605258895,1730243166.7702885
2787.329588810157,-482.5071075567136,1730243166.774295
2783.909771908495,-478.752014488222,1730243166.7771375
2770.0069868572937,-478.9308284438644,1730243166.7812896
2749.376326725045,-509.7762357921882,1730243166.7863195
2790.101205122615,-488.7655960041996,1730243166.790326
2837.2633859233124,-464.6257119924679,1730243166.7943025
2926.089218388703,-503.7189130448,1730243166.797336
2872.646197396064,-444.3303280270491,1730243166.801314
2694.838070254096,-491.9395437168532,1730243166.80533
2747.2752627462464,-503.18247117787257,1730243166.809369
2782.211039329892,-436.6413279344235,1730243166.814192
2881.318674244723,-501.8860699994648,1730243166.8181896
2891.064034827237,-479.6013807775236,1730243166.8223903
2785.4296905314554,-503.7412647892553,1730243166.825385
2822.086551438159,-553.0492130576627,1730243166.8293836
2900.205898309457,-594.3552368110701,1730243166.8333836
2781.4734317628663,-500.880241498976,1730243166.8394167
2766.050728088704,-503.49539560024687,1730243166.8424025
2758.6299489295425,-437.9377291128313,1730243166.8463626
2770.901056635506,-436.3284035120492,1730243166.850371
2797.7455017263296,-448.3536420290044,1730243166.8534234
2815.8504147351287,-537.4029919389477,1730243166.8573737
2796.225583103369,-472.89585744093154,1730243166.861265
2810.3965890880336,-541.2921954741711,1730243166.8653677
2785.519097509277,-560.1794195389056,1730243166.8693943
2797.857260448606,-530.4515994133473,1730243166.87515
2848.8192378067065,-396.4305396593261,1730243166.8784618
2799.93597268295,-451.0358513636412,1730243166.8814583
2798.863088949095,-600.0549316471734,1730243166.885281
2716.9886490093054,-491.35839836101513,1730243166.8896675
2678.320131101624,-564.1803817964055,1730243166.893316
2770.923408379961,-515.297116672649,1730243166.8975134
2883.307979501245,-489.1008721710292,1730243166.9024484
2943.769448252851,-545.069640287118,1730243166.905398
2874.0767090412032,-518.0463812406518,1730243166.909502
2732.098428261093,-459.8871421679429,1730243166.9135387
2789.5200597667767,-466.2573893377053,1730243166.91748
2775.103184593104,-490.68784602735593,1730243166.9214585
2798.974847671372,-497.4380728528587,1730243166.9254391
2876.445993953466,-513.3748666494926,1730243166.9315305
2859.3022059562454,-538.6546896284449,1730243166.9343996
2779.3053125507013,-568.3825097540033,1730243166.938578
2823.22649040538,-604.1676526269499,1730243166.941497
2757.7135274068746,-586.0850913626065,1730243166.9454813
2717.770960065241,-487.9385814593532,1730243166.9495552
2707.9808959938164,-400.5879641280132,1730243166.953568
2707.332695404613,-525.0201255107075,1730243166.9585967
2712.4959483737885,-561.9452073508749,1730243166.9616227
2759.568722196665,-590.5554402536679,1730243166.9654927
2797.924315681972,-487.7150640148001,1730243166.969556
2761.870951875562,-518.9180992744087,1730243166.974068
2824.5228915837874,-609.1744433849387,1730243166.9774764
2717.838015298607,-386.5063651211697,1730243166.982071
2738.8486550865955,-487.3350843590599,1730243166.9867432
2795.867955192084,-567.0414050866849,1730243166.9900317
2829.932013741972,-549.7188031338219,1730243166.992679
2799.578344771665,-482.48475581225824,1730243166.9978554
2906.8443664126835,-543.7285356197996,1730243167.0014884
2807.066179164193,-615.0306004322291,1730243167.0056715
2735.8311695851294,-461.8093921910992,1730243167.009725
2677.0460816676714,-366.7697747671336,1730243167.0139773
2697.587334822099,-460.2671218236831,1730243167.017266
2766.386004255534,-530.6751168579003,1730243167.0208309
2730.466750915856,-589.1249286085283,1730243167.0255835
2645.6418807079654,-477.2767993541717,1730243167.029986
2522.729637948232,-617.9586789558743,1730243167.033994
2678.610703779543,-630.0509727061955,1730243167.037985
2830.0661242087035,-462.815220691588,1730243167.041962
2850.316804685212,-549.2717682447158,1730243167.0446067
2717.2121664538586,-501.9307734883754,1730243167.0489972
2686.7243870168195,-522.4049714094367,1730243167.0539458
2882.57037193422,-587.6720652189333,1730243167.0577812
2719.11206473256,-483.1553081459175,1730243167.0617473
2702.281201157713,-451.4381827638367,1730243167.0656245
2778.970036383872,-392.8989640353876,1730243167.069791
2729.6173846265538,-474.95221793081976,1730243167.0749197
2696.223878410325,-515.4535788838361,1730243167.078863
2730.1761782379363,-563.5545329516569,1730243167.0822375
2816.0739321796814,-572.003492355763,1730243167.084696
2772.64449270302,-492.3865786059593,1730243167.0891163
2780.735824195841,-528.7528668347438,1730243167.0929673
2641.95384287284,-550.5681694231235,1730243167.0979872
2642.490284739767,-567.5107917202463,1730243167.101688
2631.9849648457725,-597.5068327792684,1730243167.1058412
2594.9257725388734,-555.7761258812101,1730243167.109254
2818.420865347489,-428.7511621417001,1730243167.1132555
2814.732827512363,-476.4050813204148,1730243167.1174004
2749.063402302671,-560.2911782611822,1730243167.1214328
2557.687766276332,-550.9481490788638,1730243167.12585
2768.26355078978,-517.5099393737245,1730243167.129878
2637.5281974706886,-562.8839806179977,1730243167.13411
2631.42617123439,-586.6438849739892,1730243167.1367996
2736.769942852252,-540.5098844182354,1730243167.1412685
2638.690488182365,-562.5263527067128,1730243167.1447957
2645.172494074404,-537.2018262388499,1730243167.1493564
2840.0350022357707,-431.27690926514975,1730243167.1541555
2800.070083149681,-477.589723776546,1730243167.1579585
2631.694392167853,-488.9891134487526,1730243167.160765
2726.711657847364,-503.49539560024687,1730243167.1649845
2809.122539654081,-509.3292009030821,1730243167.168868
2724.96822177985,-541.6274716410007,1730243167.173126
2732.9254428059394,-502.37780837748153,1730243167.176797
2700.828337768118,-467.86671493848746,1730243167.1813316
2742.4249341994446,-573.3893005119921,1730243167.1858225
2726.957527036372,-556.7596026372436,1730243167.1892986
2705.8574802705625,-508.0327997246743,1730243167.1928165
2726.555195636177,-438.6976884243117,1730243167.1974475
2707.10917796006,-539.749925106755,1730243167.2010431
2709.567869850144,-513.4642736273138,1730243167.205466
2728.790370081708,-580.87713490452,1730243167.2092748
2664.059718139138,-607.6098212730672,1730243167.21423
2688.1772504064147,-503.11541594450665,1730243167.2175012
2654.4484680233563,-536.9336053053862,1730243167.2214985
2642.3785260174905,-516.8170352956099,1730243167.2260363
2684.7574335047525,-473.9910929192416,1730243167.2300436
2721.883681045017,-574.0151493567407,1730243167.2333865
2648.480552253789,-504.6800380563782,1730243167.237102
2700.895393001484,-474.7734039751773,1730243167.2423208
2689.093671929082,-492.4536338393252,1730243167.2449555
2713.926460018928,-471.8676771959874,1730243167.2491329
2807.066179164193,-584.7439866952881,1730243167.253083
2781.4734317628663,-660.5387521432343,1730243167.257245
2712.96533500735,-517.1523114624395,1730243167.2610593
2744.548349922699,-483.267066868194,1730243167.2660315
2733.573643395144,-462.2340753357501,1730243167.2689188
2607.643915133943,-461.1835433463506,1730243167.2721903
2507.418692996346,-580.3853965265032,1730243167.2769887
2597.5632783845995,-621.3784958575363,1730243167.2810605
2753.757268638285,-438.87650237995416,1730243167.28497
2686.6573317834536,-503.85302351153183,1730243167.2892723
2731.070248016149,-635.4377431199244,1730243167.2939806
2689.8536312405627,-626.2735278932486,1730243167.2973433
2685.0256544382164,-441.268139036672,1730243167.3005245
2693.9440004758835,-457.1155258554848,1730243167.30613
2688.154898661959,-571.6905679333887,1730243167.309219
2777.092489849626,-436.6860314233341,1730243167.313161
2652.8167906781187,-472.202953362817,1730243167.3171232
2547.6741847603544,-623.032524947229,1730243167.3214772
2674.4085758219453,-588.8343559306093,1730243167.325301
2643.4067062624345,-397.7269408377339,1730243167.3280723
2680.8458782250736,-462.815220691588,1730243167.3323371
2653.330880800591,-513.3525149050373,1730243167.33726
2659.81288669263,-532.910291303431,1730243167.3413398
2766.900094378006,-514.2242329387943,1730243167.3450975
2648.547607487155,-457.16022934439536,1730243167.3493533
2631.515578212211,-552.9821578242967,1730243167.3532407
2728.3656869370566,-619.5009493232906,1730243167.3567307
2730.511454404766,-548.3553467220481,1730243167.3601344
2621.010258318217,-461.87644742446514,1730243167.3651936
2574.228057173259,-495.94050597435313,1730243167.3692234
2579.637179331444,-600.8595944475644,1730243167.3733778
2814.2634408788017,-578.9995883702742,1730243167.3771348
2687.3055323726576,-405.7735688416444,1730243167.3803236
2598.412644673901,-508.2563171692273,1730243167.384375
2574.496278106723,-645.741897313821,1730243167.3882787
2597.4962231512336,-485.1669651468951,1730243167.393129
2618.752732128231,-414.4236939458482,1730243167.3973508
2625.4582554648227,-472.8064504631103,1730243167.4011836
2703.5999540805765,-666.8419440796309,1730243167.4044156
2758.7864111407293,-547.7742013662101,1730243167.408357
2699.911916245451,-485.30107561362695,1730243167.4128537
2758.7864111407293,-499.80735776512125,1730243167.41642
2598.300885951625,-557.3630997375369,1730243167.420411
2492.130099788916,-484.138784901951,1730243167.4252973
2648.5699592316105,-516.7723318066993,1730243167.4293442
2671.10051764256,-499.2709158981938,1730243167.432752
2638.936357371373,-485.2787238691717,1730243167.436317
2655.81192443513,-563.0404428291849,1730243167.4403555
2674.3638723330346,-522.6061371095344,1730243167.4442596
2714.9546402638725,-469.83366845055446,1730243167.4483702
2551.384574339935,-460.8929706684317,1730243167.4533677
2586.65562709041,-577.0326348582071,1730243167.457382
2695.039235954194,-576.6526552024669,1730243167.460288
2539.5605015230776,-580.9888936267964,1730243167.4643788
2554.469115074768,-595.5398792672014,1730243167.4682038
2634.6224706914986,-546.6342623989896,1730243167.4725287
2675.503811300256,-439.0329645911413,1730243167.4762888
2614.215328003804,-453.0922118535295,1730243167.481694
2613.7906448591525,-520.4380178973696,1730243167.4855356
2638.3105085266243,-638.2317111768378,1730243167.488469
2737.708716119375,-587.4485477743802,1730243167.492468
2625.167682786904,-506.28936365716027,1730243167.496554
2645.3960115189566,-577.9490563808747,1730243167.500833
2588.0861387355494,-524.0590004991294,1730243167.504452
2572.238751916737,-472.6276365074679,1730243167.509362
2642.579691717588,-514.4701021278026,1730243167.5125084
2653.353232545046,-394.86591754745456,1730243167.5154374
2599.664342363398,-578.0384633586959,1730243167.5210316
2636.857645137029,-579.8489546595758,1730243167.5243957
2757.6688239179643,-406.6005833864908,1730243167.528407
2590.9918655147394,-485.010502935708,1730243167.532842
2659.522314014711,-572.2493615447714,1730243167.5380251
2706.751550048775,-512.7266660602887,1730243167.540733
2451.069945224517,-554.9938148252744,1730243167.5433311
2577.804336286108,-533.5137884037243,1730243167.5487106
2687.7302155173084,-488.05034018162974,1730243167.5523882
2679.393014835479,-576.1609168244502,1730243167.5566518
2624.13950254196,-502.37780837748153,1730243167.560411
2522.1931960813044,-586.3980157849808,1730243167.5667007
2413.4072558173248,-573.7022249343664,1730243167.5695343
2538.5099695336785,-752.2256078989038,1730243167.5740025
2798.4607575488994,-516.2582416842272,1730243167.576409
2634.398953246946,-405.7735688416444,1730243167.580881
2633.907214868929,-484.2728953686829,1730243167.5843716
2678.364834590535,-521.6897155868669,1730243167.5885682
2584.8898392784404,-513.8442532830541,1730243167.5927005
2538.085286389028,-465.40802304840366,1730243167.595534
2477.44500368178,-568.8965998764753,1730243167.5998523
2715.625192597532,-705.3987032650356,1730243167.604544
2703.5328988472106,-583.0005506277741,1730243167.608749
2733.931271306428,-570.5953324550787,1730243167.613014
2666.4290030514007,-423.9231853393537,1730243167.6167777
2404.824185946487,-450.5441129856245,1730243167.6216445
2502.881288871919,-595.6292862450226,1730243167.6244512
2654.7613924457305,-542.8344658415873,1730243167.627566
2591.684769592854,-506.87050901299824,1730243167.632902
2572.730490294753,-639.1704844439607,1730243167.636597
2701.1412621904924,-500.5449653321464,1730243167.6409929
2665.713747228831,-474.3487208305265,1730243167.6445177
2555.117315663972,-456.333214799549,1730243167.647704
2614.885880337463,-391.37904541242665,1730243167.651559
2485.625742152422,-601.0607601476622,1730243167.655682
2548.232978371737,-651.8215718056646,1730243167.6594834
2768.129440323048,-487.60330529252354,1730243167.6645029
2664.238532094781,-408.9698682987533,1730243167.6685784
2619.75856062872,-434.78613314463297,1730243167.6728392
2606.101644766527,-490.6431425384453,1730243167.6757293
2569.8024117711084,-662.7292230998544,1730243167.6796963
2546.4001353264016,-581.7935564271876,1730243167.6840875
2533.3690683089576,-488.0950436705404,1730243167.6877468
2678.208372379348,-527.9929075232634,1730243167.692594
2691.6641225414423,-460.4682875237808,1730243167.696606
2658.71765121432,-451.3487757860155,1730243167.7009065
2674.4979827997668,-492.364226861504,1730243167.7038808
2637.5952527040545,-558.1454107934727,1730243167.707954
2640.992717861261,-462.4352410358478,1730243167.7118418
2601.050150519628,-468.6490259944232,1730243167.7157516
2568.0813274480497,-510.8267677815876,1730243167.72074
2461.7093755852434,-722.5871947511667,1730243167.7246978
2620.362057729013,-652.6932898394215,1730243167.72771
2664.5514565171547,-371.6871585473011,1730243167.731799
2597.518574895689,-532.3738494365036,1730243167.7356403
2490.520774188134,-482.976494190275,1730243167.7401204
2581.1123944654937,-454.1203920984736,1730243167.743777
2701.1189104460373,-468.4255085498701,1730243167.748958
2648.413497020423,-474.7063487418114,1730243167.752797
2633.326069513091,-501.3719798769927,1730243167.755695
2619.244470506248,-417.7764556141443,1730243167.7597632
2648.2346830647807,-481.6130377785013,1730243167.7640142
2652.615624978021,-616.1481876549944,1730243167.767698
2722.5542333786766,-488.2068023928169,1730243167.771964
2591.640066103944,-582.4641087608468,1730243167.7758582
2690.792404507685,-524.7519045772439,1730243167.781005
2629.302755511136,-364.8922282328878,1730243167.7840772
2580.710063065298,-388.6521325888792,1730243167.7877564
2604.4029121879234,-472.33706382954887,1730243167.7922032
2682.4999073147665,-489.72672101577774,1730243167.7958198
2681.5611340476435,-497.39336936394807,1730243167.8000762
2635.360078258524,-693.999313592829,1730243167.804008
2578.6089990865,-737.9428431919627,1730243167.8091023
2625.346496742546,-454.4556682653032,1730243167.812034
2607.0180662891944,-349.6259867699131,1730243167.8157656
2510.1456058198937,-473.4099475634036,1730243167.819795
2567.254312903204,-493.3924071064481,1730243167.8240728
2706.1704046929367,-420.0339818041304,1730243167.827993
2624.810054875619,-485.63635178045655,1730243167.8333068
2656.929511657895,-483.7364535017555,1730243167.835863
2571.0764612050607,-561.1181928060284,1730243167.8390174
2652.1685900889147,-506.3117154016156,1730243167.843791
2665.020843150716,-452.5110664976915,1730243167.8480868
2595.775138828175,-562.0346143286961,1730243167.8518803
2510.97262036474,-548.8023816111543,1730243167.8559875
2653.62145347851,-404.54422289660255,1730243167.8598804
2712.875928029529,-456.914360155387,1730243167.864256
2602.927697053873,-643.484371123835,1730243167.8668797
2651.721555199809,-573.1210795785283,1730243167.872
2750.337451736624,-405.21477523026175,1730243167.8758426
2699.420177867434,-371.5753998250246,1730243167.88002
2557.4418970873235,-443.1233338264625,1730243167.8858972
2435.3790206168915,-655.9119410409858,1730243167.8892665
2645.686584196876,-501.48373859926926,1730243167.8923297
2687.707863772853,-331.20814933874004,1730243167.8959265
2692.1111574305487,-444.5985489605128,1730243167.8991797
2673.067471154627,-565.7450039082771,1730243167.9041803
2632.431999734879,-606.9839724283186,1730243167.908082
2593.048226004628,-596.1433763674946,1730243167.9122088
2615.3999704599346,-546.522503676713,1730243167.9158506
2629.861549122518,-379.95730399576473,1730243167.9200604
2658.1141541140264,-412.8367200895215,1730243167.9230933
2599.7090458523094,-506.93756424636416,1730243167.9268854
2553.440934829824,-542.0521547856516,1730243167.9321344
2711.646582084487,-429.0864383085297,1730243167.936129
2703.354084891568,-458.81425843408806,1730243167.9400873
2597.2503539622253,-506.7587502907217,1730243167.942948
2570.718833293776,-480.9871889337527,1730243167.947072
2579.3019031646136,-542.3203757191153,1730243167.950962
2542.26506260217,-574.9315708794082,1730243167.955052
2735.317079462657,-414.3119352235717,1730243167.9590914
2641.1491800724484,-466.3914998044372,1730243167.9641185
2663.09859312756,-550.8363903565872,1730243167.9679716
2733.148960250492,-567.264922531238,1730243167.9711297
2715.4016751529784,-483.3117703571046,1730243167.975032
2645.843046408063,-466.0562236376076,1730243167.9791224
2534.106675875983,-509.97740149228594,1730243167.983088
2587.974380013273,-455.32738629906015,1730243167.9874225
2674.0732996551155,-453.8521711650099,1730243167.9922934
2667.5018867852555,-535.4360384268807,1730243167.9965012
2632.879034623985,-482.7306250012666,1730243167.9996364
2674.0732996551155,-455.3050345546048,1730243168.003234
2596.579801628566,-460.2671218236831,1730243168.0072958
2548.143571393916,-456.6461392219233,1730243168.0113237
2592.645894604432,-488.2962093706381,1730243168.0153103
2667.323072829613,-626.7652662712653,1730243168.020425
2765.5589897106875,-644.4231443909579,1730243168.0243728
2724.58824212411,-452.60047347551273,1730243168.028208
2552.0551266735947,-458.7024997118115,1730243168.032277
2571.03175771615,-462.7034619693115,1730243168.035096
2662.2939303271687,-378.1021092059743,1730243168.0393589
2713.702942574376,-460.8035636906104,1730243168.0431323
2630.4426944783563,-486.30690411411575,1730243168.048676
2703.8234715251297,-480.5848575335572,1730243168.0510647
2739.295689975702,-500.4332066098698,1730243168.0554976
2616.539909427155,-445.3138047830826,1730243168.0594437
2570.4282606158567,-452.7792874311552,1730243168.0633197
2616.2493367492366,-531.7927040806657,1730243168.0674453
2559.252388388203,-637.4270483764468,1730243168.0717225
2679.124793902015,-502.2436979107497,1730243168.0762014
2735.11591376256,-315.1595968198296,1730243168.0798302
2726.935175291917,-391.02141750114174,1730243168.0826435
2630.0850665670714,-505.0600177121184,1730243168.0878756
2675.9731979338167,-552.2892537461822,1730243168.09131
2617.0763512940825,-530.3174889466154,1730243168.0953293
2550.803428984097,-503.2942299001491,1730243168.0998569
2655.1190203570154,-458.590740989535,1730243168.1045575
2709.143186705493,-530.0045645242411,1730243168.1074204
2650.291043554669,-551.7081083903443,1730243168.1102445
2698.0790732001155,-412.5237956671472,1730243168.115491
2643.7866859181745,-418.2234905032505,1730243168.119282
2508.268059285648,-550.8363903565872,1730243168.1232126
2621.770217629697,-540.4428291848694,1730243168.1272545
2725.2140909688583,-338.76303896463384,1730243168.1328037
2618.842139106052,-410.3109729660717,1730243168.1353276
2577.200839185815,-559.2182945273274,1730243168.138412
2716.675724586931,-504.27770665618266,1730243168.1432765
2695.776843521219,-418.7599323701778,1730243168.1477585
2653.912026156429,-403.6501531183902,1730243168.1512716
2667.233665851792,-439.7482204137111,1730243168.1554184
2628.542796199655,-478.5508487881242,1730243168.1586375
2554.6032255415,-575.3562540240591,1730243168.1644058
2608.649743634432,-568.5389719651904,1730243168.1676545
2702.415311624445,-559.8888468609866,1730243168.171285
2770.3422630241234,-409.5063101656807,1730243168.1753013
2785.966132398383,-469.4089853059036,1730243168.1796913
2618.260993750214,-447.7501449287111,1730243168.183853
2594.724606838776,-422.1350457829292,1730243168.187629
2697.29676214418,-498.5780118200793,1730243168.1908684
2742.849617344096,-512.2125759378166,1730243168.194375
2594.5010893942226,-511.4749683707915,1730243168.200646
2486.586867164,-427.16418828537326,1730243168.2035668
2633.6613456799205,-397.95045828228695,1730243168.2078576
2649.821656921108,-465.36331955949305,1730243168.2113774
2627.268746765703,-502.556622333124,1730243168.2145498
2657.2424360802697,-462.88227592495394,1730243168.2183888
2667.5242385297106,-441.91633962587593,1730243168.2228973
2616.7187233827976,-582.7546814387657,1730243168.227359
2656.929511657895,-549.9199688339197,1730243168.2319555
2621.367886229502,-426.2924702516163,1730243168.235372
2573.0881182060384,-575.423309257425,1730243168.2399707
2738.871006831051,-456.2438078217278,1730243168.2425942
2702.3035529021686,-330.55994874953615,1730243168.2470045
2680.5106020582443,-521.3991429089479,1730243168.250428
2674.1180031440263,-508.97157299179713,1730243168.254574
2677.314302601136,-418.335249225527,1730243168.25945
2652.4368110223786,-375.3304928935162,1730243168.2637484
2551.3398708510244,-504.0765409560849,1730243168.2666688
2585.448632889824,-599.5631932691566,1730243168.2711563
2690.5688870631325,-452.8686944089764,1730243168.2749665
2631.9179096124067,-380.00200748467535,1730243168.279152
2740.837960343118,-394.6424001029015,1730243168.2826536
2740.547387665199,-618.6292312895335,1730243168.2879517
2636.1870928033704,-584.1851930839053,1730243168.292034
2531.826797941542,-401.79495832859976,1730243168.2945037
2613.8353483480632,-419.0952085370074,1730243168.2989533
2607.9568395563174,-413.3731619564488,1730243168.3024848
2718.2403466988026,-507.7198753023,1730243168.306836
2663.567979761121,-564.9850445967966,1730243168.310508
2663.411517549934,-419.0728567925521,1730243168.3147385
2677.9177997014285,-355.34803335047167,1730243168.319688
2673.1121746435374,-597.0597978901623,1730243168.3228517
2673.4698025548223,-481.7694999896884,1730243168.3265245
2639.1375230714707,-392.1390047239072,1730243168.3310163
2723.358896179068,-448.3536420290044,1730243168.334516
2614.32708672608,-482.55181104562416,1730243168.3390512
2651.8333139220854,-432.6403656769235,1730243168.3425505
2674.9450176888727,-452.73458394224457,1730243168.3477645
2721.9507362783834,-499.4944333427469,1730243168.350817
2545.0590306590834,-441.7151739257782,1730243168.3548107
2580.039510731639,-456.42262177737024,1730243168.3596573
2657.108325613537,-417.1953102583064,1730243168.3628137
2732.2101869833696,-460.7365084572445,1730243168.3672965
2846.5170081278097,-546.231930998794,1730243168.371818
2727.9857072813165,-563.7333469072994,1730243168.3748968
2551.36222259548,-415.8765573354432,1730243168.3779013
2663.2774070832024,-407.852281075988,1730243168.3831165
2644.412534762924,-428.3935342304152,1730243168.3866556
2594.277571949669,-534.9666517933192,1730243168.3912082
2668.641825752476,-517.0852562290736,1730243168.3946116
2639.204578304837,-484.4740610687806,1730243168.398912
2683.751605004264,-427.65592666339,1730243168.402704
2699.241363911792,-474.4157760638924,1730243168.405818
2618.3727524724904,-413.82019684555496,1730243168.4106867
2609.4991099237336,-452.93574964234233,1730243168.414925
2689.4960033292778,-440.4858279807363,1730243168.4188051
2654.515523256722,-445.9173018833759,1730243168.4231448
2623.670115908398,-428.4158859748705,1730243168.4267385
2633.9742701022947,-397.7716443266445,1730243168.4309878
2709.5231663612326,-447.14664782841777,1730243168.4338872
2717.9274222764284,-502.6907327998558,1730243168.4381287
2720.699038588886,-476.3156743425935,1730243168.4426916
2642.4008777619456,-413.4402171898148,1730243168.447029
2659.656424481442,-444.15151407140667,1730243168.450783
2695.3074568876573,-480.1601743889064,1730243168.455371
2642.0432498506607,-541.8509890855538,1730243168.4589589
2586.610923601499,-459.1048311120071,1730243168.462453
2689.4065963514563,-459.7306799567557,1730243168.4659493
2658.6505959809538,-505.8199770235988,1730243168.4711864
2596.8033190731194,-632.2414436628155,1730243168.4754229
2704.270506414236,-441.6704704368676,1730243168.4793952
2647.362965031024,-381.6336848299128,1730243168.482119
2589.0025602582173,-424.2137580172728,1730243168.4857397
2708.2491169272803,-414.9601358127756,1730243168.4899244
2854.56363613172,-447.6383862064345,1730243168.4937785
2727.87394855904,-479.7131394998002,1730243168.4992
2559.1853331548373,-580.2736378042266,1730243168.5028956
2532.854978186486,-499.9861717207637,1730243168.507246
2665.691395484376,-432.5509586991023,1730243168.509765
2707.8914890159954,-381.6336848299128,1730243168.5142355
2690.5018318297666,-438.3177087685715,1730243168.5178516
2733.9759747953385,-476.1368603869511,1730243168.5223193
2706.6621430709533,-505.4399973678586,1730243168.5268073
2622.70899089682,-368.5355625791029,1730243168.5313144
2585.426281145368,-463.26225558069416,1730243168.5349338
2659.142334358971,-542.007451296741,1730243168.538411
2721.9060327894726,-453.38278453144846,1730243168.5422163
2744.3248324781457,-426.6277464184459,1730243168.545899
2644.3007760406467,-436.86484537897655,1730243168.5503583
2601.877165064474,-462.6811102248562,1730243168.5542364
2692.334674875101,-473.1193748854846,1730243168.5591176
2719.089712988104,-419.1175602814627,1730243168.5630648
2616.0928745380493,-504.18829967836143,1730243168.5660224
2610.773159357686,-449.6947466963228,1730243168.5700092
2674.743851988775,-451.3040722971049,1730243168.5741284
2675.2802938557024,-545.4496199428582,1730243168.5779543
2732.5678148946545,-463.7316422142556,1730243168.5832388
2705.6563145704645,-426.6500981629012,1730243168.5875
2639.226930049292,-559.1065358050508,1730243168.5902996
2586.901496279418,-468.5819707610573,1730243168.59392
2628.4310374773786,-409.9980485436975,1730243168.5983489
2733.998326539794,-393.21188845776186,1730243168.6019385
2720.117893233048,-492.7218547727889,1730243168.606098
2655.744869201764,-476.2262673647723,1730243168.6100297
2711.780692551218,-453.71806069827807,1730243168.6151748
2703.510547102755,-390.41792040084846,1730243168.6180458
2681.717596258831,-447.1913513173284,1730243168.6223593
2636.14238931446,-492.3418751170487,1730243168.6259277
2627.3134502546136,-468.17963936086176,1730243168.6303592
2652.8838459114845,-438.8988541244095,1730243168.634163
2700.6942273013865,-510.6032503370345,1730243168.63835
2788.402472544012,-534.3408029485706,1730243168.6429768
2750.695079647908,-460.9376741573423,1730243168.6460235
2734.154788750981,-378.2585714171614,1730243168.6505773
2701.744759290786,-475.8462877090321,1730243168.654446
2653.4873430117777,-509.9326980033753,1730243168.6583257
2631.76144740122,-431.5004267097028,1730243168.6619873
2587.1473654684264,-490.48668032725817,1730243168.6659908
2731.740800349808,-386.5734203545357,1730243168.670992
2776.064309604682,-465.02804339266345,1730243168.6739717
2759.836943130129,-445.85024665001,1730243168.677986
2656.258959324236,-445.40321176090384,1730243168.6820765
2586.946199768329,-574.0598528456513,1730243168.6860616
2660.841066937574,-527.6129278675232,1730243168.69006
2761.714489664375,-440.5305314696469,1730243168.6941967
2686.858497483551,-440.8658076364765,1730243168.6980684
2675.8614392115405,-478.77436623267727,1730243168.7022195
2721.324887433635,-418.8269876035437,1730243168.7050672
2799.958324427405,-527.3223551896042,1730243168.710067
2635.9188718699065,-367.06034744505257,1730243168.7140343
2616.2493367492366,-287.7787098620784,1730243168.7180622
2709.34435240559,-527.9035005454422,1730243168.722067
2712.6971140738865,-467.1738108603729,1730243168.726044
2698.034369711205,-391.02141750114174,1730243168.7290523
2756.551236695199,-448.3089385400938,1730243168.7330496
2729.170349737448,-477.008578420708,1730243168.7372825
2669.558247275144,-447.236054806239,1730243168.7422552
2744.861274345073,-472.3147120850936,1730243168.7460773
2753.69021340492,-673.1674877604828,1730243168.7500844
2584.286342178147,-611.0966934080951,1730243168.7541254
2712.6971140738865,-275.5299539005701,1730243168.7582624
2706.416273881945,-296.42883496628224,1730243168.7612455
2681.069395669627,-415.8989090798985,1730243168.766256
2751.320928492657,-523.7460760767551,1730243168.7703197
2684.19863989337,-434.2720430221609,1730243168.774372
2684.7350817602974,-390.1720512118401,1730243168.7784684
2753.1984750269025,-439.1447233134178,1730243168.7818112
2705.812776781652,-492.5430408171465,1730243168.7852092
2681.941113703384,-514.1124742165177,1730243168.7897177
2748.6163674135646,-455.8861799104429,1730243168.793334
2739.1168760200594,-345.9379489347874,1730243168.7986903
2697.006189466261,-443.7268309267558,1730243168.8024364
2786.6813882209526,-486.5080698142135,1730243168.8065937
2771.415146757978,-450.0076711186971,1730243168.8092945
2641.707973683831,-486.2398488807498,1730243168.8135462
2720.0508379996822,-429.66758366436767,1730243168.8174214
2597.898554551429,-516.5041108732356,1730243168.8217309
2636.0529823366383,-440.8434558920212,1730243168.826354
2671.6369595094875,-460.31182531259367,1730243168.8306327
2682.231686381303,-532.2844424586824,1730243168.8342867
2753.1761232824474,-371.6871585473011,1730243168.8378797
2753.600806427098,-404.1195397519517,1730243168.8416955
2733.752457350786,-462.7928689471327,1730243168.8453093
2735.205320740381,-382.2818854191167,1730243168.8497417
2706.416273881945,-362.9923299541867,1730243168.85443
2724.9235182909392,-440.1058483249961,1730243168.8587868
2848.4839616398767,-474.5051830417136,1730243168.8613808
2690.479480085311,-358.74549850767835,1730243168.8654957
2570.204743171304,-470.817145206588,1730243168.8693218
2747.87875984654,-515.1406544614618,1730243168.87402
2758.4064314849893,-450.3429472855267,1730243168.8775427
2656.258959324236,-433.5344354551358,1730243168.8817463
2691.060625441149,-499.6061920650235,1730243168.8866549
2718.419160654445,-508.74805554724406,1730243168.8899176
2668.1500873744594,-446.1631710723843,1730243168.8933575
2687.0373114391937,-334.06917262901936,1730243168.8979516
2807.1108826531035,-466.9726451602752,1730243168.9013565
2705.5892593370986,-553.0715648021179,1730243168.905579
2670.094689142072,-480.6966162558337,1730243168.909424
2686.523221316722,-413.3284584675382,1730243168.9145253
2730.6232131270426,-476.9415231873421,1730243168.9174857
2843.946557515449,-459.8200869345769,1730243168.9216695
2688.221953895325,-381.6336848299128,1730243168.9256885
2606.280458722169,-466.7714794601774,1730243168.9296095
2673.000415921261,-473.61111326350135,1730243168.9336865
2741.30734697668,-418.24584224770575,1730243168.938621
2686.0761864276155,-400.45385366128136,1730243168.9416215
2668.999453663761,-430.1816737868397,1730243168.9445353
2713.524128618733,-428.95232784179785,1730243168.9496408
2795.7114929808968,-472.202953362817,1730243168.9536424
2834.4917696108546,-472.94056092984215,1730243168.957601
2654.7837441901856,-364.69106253279006,1730243168.961606
2629.772142144697,-464.1563253589065,1730243168.966617
2706.77390179323,-545.4049164539476,1730243168.9696496
2726.8234165696404,-468.87254343897627,1730243168.9726
2791.352902812112,-346.98848092418683,1730243168.9776068
2760.574550697154,-349.82715247001084,1730243168.9816504
2629.481569466778,-464.6257119924679,1730243168.9855647
2615.42232220439,-613.3095161091705,1730243168.9896684
2714.3958466524896,-440.03879309163017,1730243168.9935565
2724.2082624683694,-364.8028212550666,1730243168.9977114
2723.4706549013445,-452.8463426645211,1730243169.0007987
2645.6642324524205,-552.2892537461822,1730243169.005669
2733.9089195619727,-420.8386446045214,1730243169.0096445
2776.8913241495284,-346.04970765706395,1730243169.0139017
2750.8962453480062,-378.8620685174547,1730243169.0175724
2726.555195636177,-516.3700004065038,1730243169.021939
2775.1702398264697,-449.9182641408759,1730243169.025645
2715.3346199196126,-388.3392081665049,1730243169.029138
2694.256924898258,-447.0572408505965,1730243169.0331185
2761.468620475366,-470.2136481062946,1730243169.0379744
2722.576585123132,-453.8745229094652,1730243169.0421484
2694.8604219985514,-420.8162928600661,1730243169.045639
2699.8225092676294,-423.9902405727197,1730243169.049061
2698.1684801779365,-496.99103796375255,1730243169.052658
2765.715451921875,-471.8676771959874,1730243169.057074
2745.196550511903,-457.2496363222166,1730243169.060667
2689.3395411180904,-394.6424001029015,1730243169.065709
2704.2481546697804,-455.01446187668586,1730243169.0699506
2751.2762250037463,-492.4312820948699,1730243169.0741844
2700.0683784566377,-434.8755401224542,1730243169.0766857
2692.4911370862887,-434.98729884473073,1730243169.0812373
2760.6192541860646,-438.1165430684737,1730243169.084658
2773.136231081037,-454.2097990762948,1730243169.0912597
2721.168425222448,-427.0077260741861,1730243169.0936892
2711.266602428747,-421.9338800828314,1730243169.0992618
2757.3335477511346,-445.4255635053592,1730243169.1018524
2744.213073755869,-429.0864383085297,1730243169.1057577
2706.2598116707577,-545.4049164539476,1730243169.108935
2762.720318164864,-517.264070184716,1730243169.1130931
2758.674652418453,-411.3391532110159,1730243169.1167867
2736.8817015745285,-388.272152933139,1730243169.122294
2691.395901607979,-361.6735770313236,1730243169.125686
2737.4404951859115,-369.6978532907788,1730243169.1300516
2676.3308258451016,-426.2477667627057,1730243169.13273
2737.127570763537,-469.4089853059036,1730243169.137025
2908.05136061327,-446.7666681726776,1730243169.1412988
2810.8212722326844,-451.4381827638367,1730243169.1450968
2672.0169391652275,-387.3557314104714,1730243169.1490464
2688.713692273342,-408.9698682987533,1730243169.1543765
2723.090675245604,-488.6985407708336,1730243169.157051
2670.541724031177,-510.42443638139207,1730243169.1607325
2698.928439489417,-435.76960990066647,1730243169.164796
2822.7571037718185,-466.74912771572207,1730243169.1689
2865.0689560257147,-420.07868529304096,1730243169.1731284
2741.821437099152,-435.2778715226497,1730243169.1793067
2653.28617731168,-470.83949695104326,1730243169.1821845
2671.905180442951,-506.9822677352748,1730243169.1849468
2727.4939689032994,-536.7994948386544,1730243169.189142
2731.6290416275315,-342.0934488884746,1730243169.1928868
2720.520224633244,-311.8515386404441,1730243169.1967976
2724.700000846386,-373.9893882261978,1730243169.200822
2749.286919747224,-476.2486191092276,1730243169.2053642
2861.4256216795,-496.7004652858336,1730243169.209867
2843.097191226148,-392.6754465908345,1730243169.2130432
2703.309381402657,-418.60347015899066,1730243169.215947
2728.410390425968,-466.01152014869695,1730243169.2213323
2800.6735802499747,-525.4448086553584,1730243169.2249317
2857.111734999625,-486.1727936473839,1730243169.229159
2746.470599945855,-377.65507431686814,1730243169.2333384
2768.4200130009667,-376.917466749843,1730243169.2380672
2717.905070531973,-415.3401154685158,1730243169.2413392
2724.387076424012,-430.3604877424822,1730243169.2449746
2709.813739039152,-388.3392081665049,1730243169.2492723
2695.7991952656744,-461.9882061467417,1730243169.253086
2689.227782395814,-542.0298030411963,1730243169.2574062
2700.4036546234674,-469.6101510060014,1730243169.2610953
2751.5667976816653,-391.624914601435,1730243169.2652943
2825.215795661902,-441.558711714591,1730243169.2679632
2850.003880262838,-539.168779750917,1730243169.2723403
2713.859404785562,-436.462513978781,1730243169.2770042
2660.3716803040124,-372.15654518086257,1730243169.2813475
2856.3517756881447,-459.0824793675517,1730243169.2849827
2824.7464090283406,-408.5675368985578,1730243169.2893655
2734.534768406721,-399.4256734163372,1730243169.2930975
2736.412314940967,-375.3751963824268,1730243169.295968
2760.574550697154,-383.690045319801,1730243169.300332
2810.061312921204,-467.0620521380964,1730243169.3053205
2836.6822405674748,-480.87543021147616,1730243169.309116
2768.7329374233414,-399.2692112051501,1730243169.3131697
2696.514451088244,-415.16130151287337,1730243169.3172953
2742.894320833006,-511.9890584932636,1730243169.3202522
2790.5929435006315,-468.20199110531706,1730243169.3240156
2810.0389611767487,-413.7754933566444,1730243169.3281193
2761.2003995419027,-467.35262481601535,1730243169.3333623
2799.9806761718605,-470.9959591622304,1730243169.337506
2698.280238900213,-503.6965613003447,1730243169.341745
2766.5201147222656,-421.8891765939208,1730243169.3452413
2798.7513302268185,-357.06911767353034,1730243169.348333
2720.363762422057,-359.8407339859884,1730243169.3522284
2773.382100270045,-467.7549562162109,1730243169.3562727
2834.2459004218463,-440.01644134717486,1730243169.3601625
2807.669676264486,-390.8426035454993,1730243169.3652508
2755.4560012168886,-456.17675258836186,1730243169.3692825
2767.2130188003803,-464.3798428034596,1730243169.372824
2812.2070803889133,-443.3468512710156,1730243169.376155
2768.3306060231457,-423.431446961337,1730243169.3803592
2773.292693292224,-468.4255085498701,1730243169.3842847
2850.249749451846,-491.02312219418553,1730243169.3883405
2771.862181647084,-537.8500268280538,1730243169.3931828
2717.703904831875,-378.7950132840888,1730243169.3973677
2766.5648182111763,-402.2419932177059,1730243169.4003067
2781.987521885338,-432.2603860211833,1730243169.4043193
2757.892341362517,-453.06986010907417,1730243169.4086325
2904.788005922795,-422.2244527607504,1730243169.4123304
2859.99511003436,-379.4879173622033,1730243169.4162414
2694.614552809543,-377.99035048369774,1730243169.4228387
2709.411407638956,-448.4206972623703,1730243169.4253004
2726.666954358453,-482.5965145345348,1730243169.429342
2763.0779460761487,-428.1253132969515,1730243169.4327447
2830.379048631078,-422.96206032777553,1730243169.4364295
2838.604490590631,-494.59940130703467,1730243169.4407475
2743.5872249111208,-492.92302047288666,1730243169.444271
2686.4114625944453,-588.0073413857629,1730243169.4492447
2784.982655642349,-423.4761504502476,1730243169.4539497
2726.868120058551,-416.7482753692002,1730243169.4561985
2813.79405424524,-398.4198449158484,1730243169.460201
2865.3595287036337,-358.43257408530405,1730243169.4643433
2793.4539667909107,-389.0097605001641,1730243169.4683409
2778.5006497503105,-434.98729884473073,1730243169.4726713
2920.277764830323,-450.56646473007976,1730243169.4772546
2851.27792969679,-403.1584147403735,1730243169.4805665
2733.6183468840536,-412.0320572891304,1730243169.483453
2709.433759383412,-470.817145206588,1730243169.4886804
2737.775771352741,-444.46443849378096,1730243169.4933667
2776.667806704975,-460.87061892397634,1730243169.4978876
2779.7970509287184,-446.11846758347366,1730243169.5005271
2749.666899402964,-363.1264404209185,1730243169.5045476
2795.1750511139694,-421.3080312380828,1730243169.508602
2798.0807778931594,-486.105738414018,1730243169.5116212
2662.875075683007,-555.7537741367548,1730243169.5165608
2702.661180813453,-471.33123532906,1730243169.5208051
2872.512086929332,-366.92623697832073,1730243169.5244987
2793.5880772576425,-436.6636796788788,1730243169.5284505
2783.060405619193,-438.9659093577754,1730243169.532495
2766.050728088704,-419.206967259284,1730243169.5364783
2782.032225374249,-465.74329921523326,1730243169.5395036
2843.3877639040666,-479.37786333297055,1730243169.5433593
2852.462572152921,-429.33230749753807,1730243169.5485291
2798.1031296376145,-380.1137662069519,1730243169.5524442
2780.087623606637,-461.6529299799121,1730243169.5565736
2713.881756530018,-423.0291155611415,1730243169.5604672
2816.5656705576985,-398.0622170045635,1730243169.5645168
2904.8327094117058,-502.4001601219368,1730243169.5673783
2846.449952894444,-463.59753174752376,1730243169.5735197
2769.179972312448,-423.6996678948007,1730243169.5763836
2737.35108820809,-462.0999648690182,1730243169.5806055
2823.025324705282,-469.83366845055446,1730243169.58437
2735.4958934183,-417.7764556141443,1730243169.587617
2708.092654716093,-447.5713309730686,1730243169.5916357
2694.1898696648923,-432.37214474345984,1730243169.5956163
2826.3557346291227,-416.6812201358343,1730243169.599601
2871.4615549399323,-443.2574442931944,1730243169.604442
2744.8836260895287,-525.8024365666433,1730243169.6086094
2810.2401268768463,-441.8045809035994,1730243169.612664
2859.5480751452537,-392.6083913574686,1730243169.615656
2830.84843526464,-498.4215496088922,1730243169.619608
2822.4218276049887,-585.5710012401345,1730243169.6235757
2945.1329046646247,-506.0211427236966,1730243169.6276584
2702.9517534913725,-326.2460620696619,1730243169.6326544
2877.183601520491,-399.4927286497031,1730243169.6369252
2818.979658958872,-449.7394501852334,1730243169.6406713
2711.5348233622103,-379.0408824730972,1730243169.643568
2728.343335192601,-347.68138500230134,1730243169.6477425
2749.868065103062,-427.65592666339,1730243169.6515632
2759.635777430032,-490.7101977718112,1730243169.655561
2800.874745950073,-471.6665114958896,1730243169.6596644
2837.2410341788573,-420.0339818041304,1730243169.6645412
2838.1798074459803,-404.3207054520495,1730243169.6685517
2820.588984559653,-437.8930256239207,1730243169.6717951
2769.6493589460088,-416.23418524672815,1730243169.6755383
2747.230559257336,-437.4683424792698,1730243169.6799664
2776.9583793828942,-506.8034537796323,1730243169.6837285
2828.926185241483,-421.7997696160996,1730243169.6877646
2744.548349922699,-410.1321590104293,1730243169.692582
2768.68823393443,-467.33027307156,1730243169.6969783
2844.9970895048486,-460.8035636906104,1730243169.700118
2912.4546542709654,-426.3818772294375,1730243169.7040188
2916.790892695295,-395.1117867364629,1730243169.707821
2781.004045129305,-399.8950600498986,1730243169.7123544
2680.130622402504,-512.5925555935569,1730243169.7158473
2817.347981613634,-514.5148056167133,1730243169.720795
2923.317602076245,-417.8882143364208,1730243169.724202
2791.643475490031,-388.42861514432616,1730243169.7277863
2782.4122050299893,-374.7046440487676,1730243169.7322123
2722.598936867588,-486.3292558585711,1730243169.7357304
2765.827210644152,-489.8831832269649,1730243169.740031
2807.312048353201,-436.1272378119514,1730243169.7436826
2848.349851173145,-370.2342951577062,1730243169.7491615
2891.220497038424,-469.6101510060014,1730243169.7516828
2792.023455145771,-449.493580996225,1730243169.7558727
2696.067416199138,-450.8570374079988,1730243169.7597508
2714.574660608132,-414.0884177790186,1730243169.7641757
2778.254780561302,-360.3548241084605,1730243169.7677076
2820.7454467708408,-545.069640287118,1730243169.7718835
2826.534548584765,-534.9219483044086,1730243169.776696
2781.093452107126,-376.38102488291565,1730243169.7799013
2743.9895563113164,-358.6560915298571,1730243169.7828965
2759.389908241023,-439.0329645911413,1730243169.7878408
2852.3284616861897,-460.0883078680406,1730243169.791819
2857.4917146553653,-426.15835978488445,1730243169.7962794
2838.85035977964,-415.0048393016862,1730243169.7999668
2794.996237158327,-430.96398484277546,1730243169.8041608
2837.5316068567763,-476.71800574278905,1730243169.8075583
2896.786081407796,-494.1300146734732,1730243169.8108575
2830.155531186525,-376.0904522049966,1730243169.8160024
2801.925277939472,-425.5995661735018,1730243169.82048
2762.765021653774,-441.2010838033061,1730243169.824274
2801.5229465392767,-427.9688510857644,1730243169.8292673
2716.6980763313863,-381.6113330854575,1730243169.832102
2783.7756614417626,-484.7646337466996,1730243169.83592
2900.6529331985635,-464.7821742036551,1730243169.8400378
2805.501557052321,-408.72399910974497,1730243169.8438516
2699.889564500995,-547.1930560103722,1730243169.8470964
2806.8873652085504,-517.4205323959031,1730243169.8509085
2835.005859733327,-432.41684823237046,1730243169.854943
2790.771757456274,-348.3966408248712,1730243169.8599775
2824.947574728438,-393.7036268357786,1730243169.8642385
2805.03217041876,-423.5432056836135,1730243169.867924
2785.7873184427403,-445.78319141664406,1730243169.87142
2865.828915337195,-389.8814785339211,1730243169.8752832
2783.283923063746,-449.5382844851357,1730243169.8793795
2752.3044052486903,-424.7501998842001,1730243169.8831751
2849.758011073829,-400.11857749445176,1730243169.8881712
2804.383969829556,-471.3088835846047,1730243169.892116
2822.0418479492487,-486.5304215586688,1730243169.8960931
2861.380918190589,-414.8483770904991,1730243169.8993433
2788.447176032922,-411.1826909998287,1730243169.903072
2770.252856046302,-397.2575542041725,1730243169.9071188
2763.2791117762463,-388.2945046775943,1730243169.9111087
2790.414129544989,-491.82778499457663,1730243169.9161344
2826.288679395757,-508.09985495804017,1730243169.920341
2881.8774678561053,-504.5459275896464,1730243169.9242983
2839.0738772241925,-419.0952085370074,1730243169.9270384
2715.044047241693,-366.5686090670358,1730243169.931348
2744.2801289892354,-428.54999644160233,1730243169.9349976
2812.4305978334664,-528.1493697344506,1730243169.9391289
2887.5771626922087,-395.0000280141864,1730243169.944152
2833.016554476804,-343.61336751143546,1730243169.9480968
2795.4209203029777,-433.1991592883062,1730243169.9509668
2800.9865046723494,-481.21070637830576,1730243169.9550126
2804.138100640548,-510.2456224257496,1730243169.958994
2756.193608783914,-419.0728567925521,1730243169.9631555
2890.795813893773,-452.71223219778926,1730243169.9670265
2879.7764038773066,-413.3061067230829,1730243169.9717467
2729.5279776487328,-445.6043774610016,1730243169.9760814
2887.420700481022,-442.02809834815247,1730243169.9793265
2786.8825539210507,-447.0348891061413,1730243169.9833088
2801.5229465392767,-468.0678806385852,1730243169.9872768
2738.669841130953,-453.1369153424401,1730243169.9916651
2742.782562110729,-408.947516554298,1730243169.9954965
2787.8883824215395,-408.1652054983623,1730243169.9993534
2868.153496760547,-429.4217144753593,1730243170.0043204
2785.675559720464,-478.1485173879287,1730243170.0074928
2838.000993490338,-453.00280487570825,1730243170.0112534
2928.9502416789824,-384.65117033137926,1730243170.0152495
2869.47224968341,-403.5830978850243,1730243170.0190964
2813.9728682008827,-400.6997228502897,1730243170.0236404
2738.6921928754086,-463.7092904698003,1730243170.0273564
2777.003082871805,-465.1621538593953,1730243170.0321853
2760.7533646527963,-392.87661229093226,1730243170.0351431
2784.64737947552,-457.13787759994005,1730243170.039707
2837.5316068567763,-460.0659561235853,1730243170.0431707
2850.540322129765,-432.2603860211833,1730243170.047459
2866.633578137586,-418.0223248031527,1730243170.0511365
2785.4073387870003,-494.8005670071324,1730243170.056496
2806.037998919249,-401.8173100730551,1730243170.0592153
2757.0653268176707,-425.6666214068677,1730243170.0623603
2759.7251844078523,-531.1892069803723,1730243170.06716
2792.31402782369,-529.4681226573138,1730243170.0716474
2950.1620471670685,-403.5383943961137,1730243170.0752866
2870.299264228257,-329.28589931558366,1730243170.0794804
2754.4278209719446,-369.9213707353319,1730243170.0833466
2818.174996158481,-459.2389415787389,1730243170.0877347
2854.965967531916,-463.686938725345,1730243170.090649
2824.2099671614133,-424.884310350932,1730243170.0942972
2736.144094007504,-441.9386913703312,1730243170.0992455
2829.0155922193044,-468.0455288941299,1730243170.1039743
2864.2419414808683,-518.1804917073837,1730243170.1077886
2798.706626737908,-416.7482753692002,1730243170.1119733
2868.1982002494574,-359.59486479698,1730243170.1154292
2834.89410101105,-466.7938312046327,1730243170.1183112
2767.92827462295,-439.21177854678376,1730243170.1227753
2815.9398217129497,-470.52657252866896,1730243170.1273355
2858.9445780449605,-447.9736623732642,1730243170.1314535
2793.4539667909107,-426.15835978488445,1730243170.135359
2838.0456969792485,-500.0979304430402,1730243170.139902
2822.4218276049887,-502.6907327998558,1730243170.1423075
2778.5230014947656,-419.8104643595772,1730243170.1464124
2928.212634111957,-429.22054877526153,1730243170.1503322
2876.513049186832,-386.1710889543401,1730243170.1554985
2761.5803791976427,-390.0379407451082,1730243170.159443
2762.765021653774,-402.0855310065188,1730243170.163909
2877.8988573430606,-436.9989558457084,1730243170.1673446
2941.243701129401,-488.5420785596465,1730243170.1706567
2776.712510193886,-468.8054882056104,1730243170.17443
2785.2061730869023,-477.36620633199294,1730243170.1786003
2863.414926936022,-474.751052230722,1730243170.1836135
2845.9582145164272,-417.59764165850186,1730243170.187879
2861.3362147016783,-486.0610349251074,1730243170.191696
2824.5005398393323,-492.56539256160175,1730243170.1945791
2834.447066121944,-401.9067170508763,1730243170.1987214
2856.128258243592,-375.5987138269799,1730243170.202395
2831.98837423186,-406.1311967529293,1730243170.2066555
2827.3839148740667,-396.8999262928875,1730243170.2103968
2788.9612661553942,-440.1058483249961,1730243170.2156
2820.253708392824,-455.66266246588975,1730243170.2201517
2868.4887729273764,-492.56539256160175,1730243170.2228527
2850.1156389851144,-495.9181542298978,1730243170.2264
2841.577272603187,-379.01853072864185,1730243170.2308557
2842.0690109812035,-373.3635393814492,1730243170.2344956
2834.447066121944,-455.9085316548982,1730243170.23872
2791.1740888564696,-430.9192813538649,1730243170.2436
2808.541394298243,-450.7899821746328,1730243170.2476485
2767.1459635670144,-526.3165266891154,1730243170.2504487
2834.067086466204,-484.69757851333367,1730243170.2545786
2867.5276479157983,-427.52181619665816,1730243170.2586973
2881.609246922642,-364.35578636596045,1730243170.2626293
2846.651118594541,-416.18948175781753,1730243170.266748
2840.951423758438,-490.911363471909,1730243170.2719548
2878.725871887907,-501.75195953273294,1730243170.27551
2805.881536708061,-384.8076325425664,1730243170.2790763
2758.1158588070703,-369.6084463129576,1730243170.283136
2839.364449902112,-532.4632564143249,1730243170.2872157
2997.815966345783,-523.0308202541853,1730243170.2911448
2839.252691179835,-334.73972496267857,1730243170.2947268
2723.515358390255,-380.76196679615583,1730243170.3000717
2797.7902052152403,-457.5849124890462,1730243170.3027844
2896.0484738407704,-538.7217448618109,1730243170.3055327
2833.664755066008,-434.3390982555269,1730243170.3106952
2812.475301322377,-342.92046343332095,1730243170.3150873
2834.312955655212,-473.0299679076634,1730243170.318563
2837.308089412223,-492.3418751170487,1730243170.3231125
2865.225418236901,-452.66752870887865,1730243170.3278348
2819.381990359067,-412.4567404337813,1730243170.3311553
2794.8174232026845,-468.4255085498701,1730243170.3336587
2784.200344586414,-496.40989260791457,1730243170.3391752
2798.997199415827,-451.54994148611325,1730243170.3426917
2841.0184789918044,-414.2895834791164,1730243170.3468716
2922.222366597935,-429.4217144753593,1730243170.3506408
2808.407283831511,-491.3360466165598,1730243170.355618
2810.1730716434804,-470.2583515952053,1730243170.358745
2834.067086466204,-351.6376437708907,1730243170.3622503
2858.5645983892205,-361.628873542413,1730243170.367026
2859.324557700701,-489.6820175268671,1730243170.3706644
2855.7259268433963,-438.4518192353033,1730243170.3751287
2827.0709904516925,-391.401397156882,1730243170.379104
2818.219699647391,-422.55972892758,1730243170.383658
2823.60647006112,-451.3711275304708,1730243170.3872075
2907.7160844464406,-441.5363599701357,1730243170.392005
2950.8102477562725,-432.37214474345984,1730243170.3950195
2905.8161861677395,-420.07868529304096,1730243170.3991191
2904.2068605669574,-497.3486658750375,1730243170.4028368
2838.3586214016227,-495.22525015178326,1730243170.4069772
2782.6580742189976,-426.8959673519096,1730243170.409846
2727.829245070129,-454.00863337619705,1730243170.4141452
2811.93885945545,-465.34096781503774,1730243170.417815
2905.8385379121946,-473.4546510523142,1730243170.423108
2873.2049910074466,-425.1525312843957,1730243170.4268897
2794.549202269221,-366.4121468558487,1730243170.431339
2741.575567910143,-510.2903259146602,1730243170.4349046
2806.1721093859805,-474.169906874884,1730243170.4380825
2855.860037310128,-413.8872520789209,1730243170.4418688
2885.14082254658,-373.5870568260023,1730243170.4458315
2863.5266856582984,-430.4051912313928,1730243170.4508052
2940.796666240295,-560.8723236170201,1730243170.455377
2943.2330063859235,-441.24578729221673,1730243170.4587705
2842.18076970348,-386.99810349918647,1730243170.4631622
2837.3304411566787,-418.93874632582026,1730243170.4659724
2880.7822323777955,-434.2720430221609,1730243170.4701104
2917.5955554956863,-402.13023449542936,1730243170.4742956
2877.09419454267,-418.9610980702756,1730243170.4781466
2769.828172901651,-426.85126386299896,1730243170.4833324
2772.666844447476,-512.167872448906,1730243170.4871137
2845.7123453274185,-565.5885416970899,1730243170.4913409
2832.837740521162,-449.6276914629569,1730243170.4939544
2808.384932087056,-357.2702833736281,1730243170.4980433
2770.029338601749,-451.21466531928365,1730243170.5018706
2757.7135274068746,-577.6137802140452,1730243170.5060425
2853.893083798061,-436.3507552565045,1730243170.5109875
2899.535345975798,-322.8262451679999,1730243170.5153863
2857.737583844374,-456.914360155387,1730243170.5189211
2921.5294625198203,-482.2612383677052,1730243170.523177
2924.234023598912,-412.7249613672449,1730243170.5269685
2798.3042953377126,-384.1594319533625,1730243170.530373
2789.2071353444026,-439.882330880443,1730243170.5339973
2861.3585664461334,-473.00761616320807,1730243170.5393443
2967.529352608842,-461.8317439355545,1730243170.543054
2874.635502652586,-400.8114815725663,1730243170.5461228
2806.2391646193464,-408.2322607317282,1730243170.5502648
2840.213816191413,-443.1680373153731,1730243170.5543644
2839.766781302307,-507.9210410023977,1730243170.5579429
2832.033077720771,-500.83553801006536,1730243170.562493
2828.3450398856453,-404.0301327741305,1730243170.566112
2826.959231729416,-383.5782865975245,1730243170.5712008
2831.2731184092904,-449.4712292517697,1730243170.574267
2845.734697071874,-466.9949969047304,1730243170.5786774
2850.607377363131,-389.6356093449127,1730243170.5824072
2842.0019557478377,-461.3176538130825,1730243170.5861945
2804.2722111072794,-513.7771980496882,1730243170.5903256
2844.1030197266364,-424.50433069519175,1730243170.5941207
2854.228359964891,-399.62683911643495,1730243170.599362
2835.251728922335,-512.1231689599954,1730243170.6020324
2897.903668630561,-487.4244913368811,1730243170.606075
2961.628492072641,-493.6606280399118,1730243170.61019
2906.062055356748,-415.9212608243538,1730243170.614417
2830.803731775729,-372.7376905367006,1730243170.6180444
2878.971741076916,-438.0718395795631,1730243170.6223245
2773.136231081037,-386.528716865625,1730243170.6262944
2835.4975981113435,-394.821214058544,1730243170.6294563
2842.538397614765,-443.0786303375519,1730243170.633307
2809.569574543187,-498.0862734420626,1730243170.6386693
2861.6491391240525,-480.9201337003868,1730243170.642118
2847.344022672656,-385.433481387315,1730243170.6463988
2823.4053043610224,-472.22530510727233,1730243170.65017
2842.51604587031,-482.6412180234454,1730243170.6543362
2845.5782348606867,-420.68218239333424,1730243170.657652
2774.0750043481594,-444.6209007049681,1730243170.6622896
2870.791002606273,-534.6313756264897,1730243170.6661477
2952.7548495238843,-530.6751168579003,1730243170.6702864
2848.4839616398767,-404.3654089409601,1730243170.6742496
2869.919284572516,-396.3187809370496,1730243170.6782875
2797.5890395151428,-408.7463508542003,1730243170.6822855
2759.568722196665,-421.08451379352977,1730243170.685104
2866.454764181944,-531.7256488472997,1730243170.6893392
2954.96767222496,-402.0631792620634,1730243170.694326
2852.507275641832,-332.16927435031823,1730243170.6983352
2833.642403321553,-419.4528364482923,1730243170.7022216
2850.607377363131,-457.8978369114205,1730243170.7062993
2858.497543155854,-452.9581013867976,1730243170.7092204
2912.2981920597786,-426.56069118508,1730243170.7133436
2843.3207086707007,-499.7179507873,1730243170.7171884
2818.174996158481,-475.0192731641857,1730243170.7223823
2875.820145108717,-346.69790824626784,1730243170.7262197
2849.758011073829,-373.52000159263633,1730243170.7302432
2769.7164141793746,-469.7442614727332,1730243170.7333689
2838.8056562907286,-543.3485559640594,1730243170.7373655
2853.602511120142,-525.9812505222858,1730243170.7414975
2824.791112517252,-445.6267292054569,1730243170.7453876
2921.86473868665,-429.5781766865464,1730243170.7493875
2909.012485624848,-404.8347955745216,1730243170.7543073
2876.513049186832,-420.39160971541526,1730243170.7583745
2820.052542692726,-437.4683424792698,1730243170.7622774
2840.0350022357707,-461.87644742446514,1730243170.7654295
2893.5227267173204,-464.04456663663,1730243170.7694528
2920.8365584417056,-431.5227784541581,1730243170.7734432
2841.7560865588293,-407.6287636314349,1730243170.7774124
2839.342098157656,-461.6305782354568,1730243170.7834303
2914.086331616203,-557.0948788040732,1730243170.786574
2915.874471172628,-417.59764165850186,1730243170.790897
2892.2039737944574,-331.789294694578,1730243170.7932985
2843.9689092599046,-414.9601358127756,1730243170.797896
2728.164521236959,-515.7441515617552,1730243170.8013372
2873.7190811299183,-433.75795289968886,1730243170.8055055
2894.863831384639,-511.7431893042552,1730243170.8104424
2844.6841650824745,-455.2826828101496,1730243170.8145356
2780.892286407028,-444.77736291615525,1730243170.8173108
2838.291566168257,-408.2769642206388,1730243170.8214946
2972.6479020891074,-493.1912414063504,1730243170.8253005
2875.0378340527814,-460.7812119461551,1730243170.8295453
2893.120395317125,-380.9407807517983,1730243170.833347
2796.8514319481174,-389.07681573353005,1730243170.8388822
2785.563800998187,-431.9921650877196,1730243170.841539
2832.055429465226,-408.5004816651919,1730243170.8444278
2903.089273344192,-376.40337662737096,1730243170.849525
2888.515935959332,-444.39738326041504,1730243170.8539872
2886.0125405803374,-436.8424936345213,1730243170.859445
2880.0446248107705,-433.9814703442419,1730243170.8635044
2853.3566419311337,-441.268139036672,1730243170.866667
2908.2301745689124,-481.85890696750965,1730243170.8695052
2877.1388980315805,-450.0970780965183,1730243170.873462
2872.646197396064,-449.784153674144,1730243170.8775747
2863.951368802949,-421.6433074049124,1730243170.8815491
2842.225473192391,-516.973497506797,1730243170.8855178
2847.031098250282,-471.89002894044273,1730243170.8894792
2852.283758197279,-343.65807100034607,1730243170.8934827
2884.4926219573763,-419.8104643595772,1730243170.897596
2853.2001797199464,-416.1224265244516,1730243170.9004493
2970.725652065951,-421.1962725158063,1730243170.9056308
2906.084407101203,-383.44417613079264,1730243170.9094732
2750.583320925632,-444.6209007049681,1730243170.913678
2782.032225374249,-503.65185781143407,1730243170.9175105
2935.879282460128,-463.5528282586132,1730243170.921667
2927.609137011664,-394.9329727808205,1730243170.9266207
2842.739563314863,-412.7920166006109,1730243170.9295564
2860.866828068117,-449.6053397185016,1730243170.9334545
2956.644053059108,-468.7160812277891,1730243170.9376504
2750.8515418590955,-518.0463812406518,1730243170.941537
2845.220606949402,-413.9990108011974,1730243170.9454951
2906.687904201496,-305.3471810039498,1730243170.9496033
2881.6539504115526,-429.4887697087252,1730243170.9525657
2910.152424592069,-496.9686862192973,1730243170.956486
2843.5889296041646,-421.3303829825381,1730243170.961526
2835.5646533447093,-458.9036654119093,1730243170.9656482
2874.456688696944,-444.79971466061056,1730243170.9696045
2962.187285684024,-485.3457791025376,1730243170.973595
2890.214668537936,-430.1593220423844,1730243170.9766524
2858.6316536225863,-370.2789986466168,1730243170.9805665
2816.185690901958,-532.9549947923416,1730243170.984517
2884.716139401929,-506.4234741238921,1730243170.9886525
2952.508980334876,-348.5531030360584,1730243170.9935863
2812.9446879559387,-346.6085012684466,1730243170.9978008
2818.577327558676,-456.7802496886552,1730243171.0017526
2871.170982262013,-412.9708305562533,1730243171.0047848
2875.015482308326,-391.8707837904434,1730243171.0086224
2862.610264135631,-417.30706898058287,1730243171.0127058
2889.2758952708123,-427.94649934130905,1730243171.016724
2894.729720917907,-426.3595254849822,1730243171.021746
2830.781380031274,-459.5518660011132,1730243171.0256813
2877.2953602427674,-417.9999730586974,1730243171.0298512
2905.8161861677395,-430.7181156537671,1730243171.0326629
2819.404342103522,-477.075633654074,1730243171.0369215
2899.356532020156,-553.1833235243945,1730243171.0409064
3030.047181850336,-491.6489710389342,1730243171.0449488
2875.954255575449,-291.5561546750253,1730243171.0496974
3169.6114742292734,-295.53476518807,1730243176.0584772
3163.598854970796,-299.4016169788381,1730243176.0626705
3161.475439247541,-337.8913209308769,1730243176.067663
3176.1605353546784,-346.04970765706395,1730243176.0716305
3179.4015383006977,-302.39675073584925,1730243176.0745049
3147.5503024518853,-294.6406954098577,1730243176.078556
3152.557093209874,-335.74555346316737,1730243176.0824716
3171.3549102967872,-349.49187630318124,1730243176.087494
3167.331596294832,-311.67272468480166,1730243176.0926275
3152.0653548318573,-287.53284067307004,1730243176.095699
3160.268445046955,-317.81945441001113,1730243176.0995317
3169.2985498068992,-341.4005448103601,1730243176.1024697
3169.879695162737,-311.33744851797206,1730243176.1065052
3166.504581749986,-288.58337266246946,1730243176.110551
3163.1294683372344,-321.32867828949435,1730243176.1146083
3172.114869608268,-339.9923849096757,1730243176.1187067
3181.301436579399,-316.4783497426927,1730243176.122534
3160.2237415580444,-295.78063437707834,1730243176.1276884
3145.8068663843715,-319.9875736221759,1730243176.1307108
3160.559017724874,-348.4189925693265,1730243176.1347313
3180.005035400991,-322.9156521458211,1730243176.138584
3179.267427833966,-293.3442942314499,1730243176.142779
3156.9156833786587,-307.0682653270084,1730243176.146768
3152.0653548318573,-341.7358209771897,1730243176.151745
3168.315073050865,-338.8971494313657,1730243176.154858
3172.8524771752927,-290.8856023413661,1730243176.1575963
3157.809753156871,-299.53572744556993,1730243176.1627562
3157.116849078757,-345.8708937014215,1730243176.166762
3167.577465483841,-340.30530933205,1730243176.1707675
3162.682433448128,-303.6260966808911,1730243176.174682
3161.631901458729,-304.6989804147459,1730243176.1788037
3166.9963201280025,-334.8738354294104,1730243176.1826563
3162.43656425912,-341.758172721645,1730243176.1856997
3173.746546953505,-300.4968524571481,1730243176.189812
3166.1246020942453,-285.18590750526283,1730243176.1947997
3158.703822935084,-328.2130155817289,1730243176.198629
3164.850552660293,-349.20130362526226,1730243176.2028792
3173.366567297765,-311.96329736272065,1730243176.206746
3166.81750617236,-287.0634540395086,1730243176.210915
3153.6076251992736,-317.4171230098156,1730243176.213898
3159.396727013198,-345.8485419569662,1730243176.2188773
3165.4093462716755,-327.274242314606,1730243176.2228703
3165.7446224385053,-300.7874251350672,1730243176.2268894
3181.8602301907817,-317.0594950985307,1730243176.23093
3166.236360816522,-345.982652423698,1730243176.2338848
3165.6328637162287,-324.36851553541607,1730243176.237883
3168.471535262053,-289.4997941851371,1730243176.2418644
3158.05562234588,-302.39675073584925,1730243176.245972
3174.394747542709,-339.83592269848856,1730243176.2509625
3179.3121313228767,-335.2761668296059,1730243176.254884
3158.7708781684496,-292.1596517753186,1730243176.2589505
3143.303471005377,-302.41910248030456,1730243176.2620296
3158.2344363015222,-347.1896466242846,1730243176.2658465
3179.289779578421,-342.9651669222316,1730243176.2700143
3168.180962584134,-293.4113494648158,1730243176.2738228
3151.819485642849,-288.15868951781863,1730243176.279028
3149.025517585936,-328.14596034836296,1730243176.282792
3171.2878550634214,-347.34610883547174,1730243176.2869165
3177.546343510908,-312.49973922964807,1730243176.2899573
3177.4122330441755,-296.47353845519285,1730243176.29398
3169.4773637625417,-336.7290302192009,1730243176.2979057
3164.939959638114,-356.1973996397733,1730243176.3019562
3178.038081888924,-307.3141345160168,1730243176.3060224
3180.273256334455,-285.4094249498159,1730243176.3109229
3144.2198925280445,-315.8525008979441,1730243176.314972
3137.939052336103,-353.64930077186835,1730243176.3181856
3163.91177939317,-345.42385881231536,1730243176.322152
3175.713500465572,-282.5484016595366,1730243176.32619
3151.2830437759217,-295.17713727678506,1730243176.330074
3154.255825788477,-403.71720835175614,1730243176.3340445
3203.384960101242,-365.9427602222872,1730243176.3400452
3152.9370728656145,-228.1666073997745,1730243176.3431304
3136.687354646606,-262.49888688312615,1730243176.3471136
3128.730133620517,-320.72518118920107,1730243176.3500144
3159.4414305021087,-358.2761118741169,1730243176.3541346
3192.276143106955,-362.4111845983487,1730243176.3580177
3163.978834626536,-314.1537683193408,1730243176.36196
3150.7913053979046,-325.3519922914496,1730243176.3671532
3201.082730422346,-352.4199548268265,1730243176.3701353
3168.560942239874,-289.276276740584,1730243176.3739927
3134.4521802010754,-244.86336050788887,1730243176.3779836
3088.8099180233385,-285.8117563500114,1730243176.382005
3131.5017499329747,-335.6114429964355,1730243176.3861666
3190.644465761717,-300.8321286239778,1730243176.3900807
3187.537573282429,-292.00318956413145,1730243176.3952012
3116.369618936732,-344.9321204342986,1730243176.3982034
3155.6639856891616,-378.88442026191,1730243176.4012356
3175.042948131913,-346.65320475735723,1730243176.4061875
3148.556130952374,-248.5513983430145,1730243176.410267
3126.2267382415225,-284.38124470487173,1730243176.4142776
3169.991453885013,-374.3470161374827,1730243176.4180408
3165.1858288271224,-334.04682088456406,1730243176.4240887
3128.193691753589,-260.35311941541664,1730243176.427219
3158.9273403796365,-273.85357306642214,1730243176.4311848
3167.823334672849,-317.21595730971785,1730243176.4342084
3144.957500095069,-304.07313156999726,1730243176.4381511
3137.134389535712,-266.05281425152,1730243176.442449
3136.2850232464107,-284.11302377140805,1730243176.4461958
3143.0576018163683,-330.17996909379593,1730243176.450186
3162.704785192584,-335.8573121854439,1730243176.453369
3179.8262214453484,-305.9283263597878,1730243176.457168
3158.949692124092,-300.3850937348716,1730243176.4623103
3168.605645728785,-329.8446929269664,1730243176.4661438
3180.899105179204,-337.2878238305836,1730243176.4702847
3153.3841077547204,-264.7340613286569,1730243176.4741416
3130.7641423659497,-268.66796835279087,1730243176.478299
3151.0148228424578,-326.6036899809468,1730243176.483287
3190.1080238947898,-350.4082978258488,1730243176.4862666
3194.10898615229,-340.95350992125395,1730243176.490132
3168.0245003729465,-292.9419628312544,1730243176.494318
3119.8117875828493,-281.3637592034053,1730243176.4983587
3118.2024619820672,-317.1265503318966,1730243176.5022583
3190.622114017262,-314.9807828641871,1730243176.5063443
3150.5454362088963,-286.3705499613941,1730243176.5103395
3149.5396077084074,-312.74560841865645,1730243176.5151749
3131.613508655252,-333.5774342510026,1730243176.5183828
3117.755427092961,-323.02741086809766,1730243176.5224173
3142.409401227165,-300.0051140791314,1730243176.5263164
3199.8980879662145,-338.8747976869104,1730243176.5302255
3168.873866662248,-368.3343968790051,1730243176.5334735
3123.611584140252,-299.53572744556993,1730243176.5374825
3142.05177331588,-253.71465131219043,1730243176.5413291
3137.9614040805586,-318.1100270879301,1730243176.5453024
3162.9283026371363,-354.1633908943404,1730243176.5505075
3129.3112789763545,-283.71069237121253,1730243176.5545864
3104.6126013532403,-305.5930501929582,1730243176.557325
3135.256843001466,-324.6143847244245,1730243176.5615032
3112.882746801704,-281.1178900143969,1730243176.5653317
3135.726229635028,-305.48129147068164,1730243176.569597
3170.952578896592,-304.6766286702906,1730243176.5734391
3201.261544377988,-320.72518118920107,1730243176.5785992
3188.386939571731,-361.27124563112807,1730243176.5823212
3082.439670853576,-321.1051608449413,1730243176.5856967
3107.563031621341,-291.2655819971063,1730243176.5895329
3118.895366060181,-294.9312680877767,1730243176.593817
3128.9536510650696,-364.8698764884325,1730243176.5977757
3179.8038697008933,-399.8727083054433,1730243176.6014695
3163.7776689264383,-327.9671463927205,1730243176.6066258
3118.42597942662,-295.2218407656957,1730243176.610597
3156.982738612025,-286.2587912391176,1730243176.6135347
3132.8428546002933,-328.16831209281827,1730243176.6175544
3189.906858194692,-359.9748444527202,1730243176.6215315
3150.970119353547,-342.3616698219383,1730243176.6255465
3077.790508006872,-253.5134856120927,1730243176.6294708
3120.3482294497767,-290.2150500077069,1730243176.6335363
3111.0499037563686,-335.2314633406953,1730243176.6389303
3128.976002809525,-342.339318077483,1730243176.641503
3148.891407119204,-294.17130877629626,1730243176.6458216
3191.002093673002,-347.2119983687399,1730243176.6495423
3137.424962213632,-306.10714031543023,1730243176.655583
3100.142252462179,-249.2219506766737,1730243176.6585455
3101.8856885296927,-289.2092215072181,1730243176.6615877
3119.878842816215,-326.40252428084904,1730243176.66545
3102.779758307905,-303.69315191425704,1730243176.6686077
3138.699011647584,-339.12066687591874,1730243176.6734526
3119.3871044381985,-436.4401622343257,1730243176.6776333
3268.003853321535,-430.8075226315883,1730243176.6817331
3260.650129395739,-296.42883496628224,1730243176.6876297
3109.105301988757,-275.7758230895785,1730243176.6904838
3152.177113554134,-214.73320898213493,1730243176.693567
3101.148080962668,-264.2199712061848,1730243176.6965797
3074.75067076095,-365.4733735887258,1730243176.7016103
3116.101398003268,-291.95848607522083,1730243176.705583
3101.751578062961,-291.8020238640337,1730243176.7096815
3068.7156997580173,-364.4451933437817,1730243176.7136831
3062.3231008437992,-402.71137985126734,1730243176.717699
3085.054824954847,-436.82014189006594,1730243176.7216089
3110.0217235114246,-393.0330745021194,1730243176.7266765
3174.43945103162,-255.90512226881057,1730243176.7296147
3213.3091346393985,-296.18296577727386,1730243176.7337604
3211.789216016438,-253.62524433436923,1730243176.738749
3157.787401412416,-290.34916047443875,1730243176.7417035
3111.943973534581,-284.7165208717014,1730243176.745756
3115.6320113697066,-397.7716443266445,1730243176.7495809
3161.162514825168,-434.5402639556246,1730243176.752695
3245.093315254845,-362.54529506508055,1730243176.7567563
3314.003743410557,-278.793308591045,1730243176.761772
3120.9293748056148,-286.21408775020694,1730243176.766778
3114.9614590360475,-284.15772726031867,1730243176.7717896
3163.7553171819827,-411.0262287886416,1730243176.7746751
3148.779648396928,-383.98061799772,1730243176.7778258
3179.267427833966,-383.399472641882,1730243176.780754
3179.7368144675274,-310.33162001748326,1730243176.7848084
2993.077396521258,-314.8690241419106,1730243176.7898252
2997.9947803014256,-326.2907655585725,1730243176.793867
3122.963383551048,-285.29766622753937,1730243176.7978475
3167.0186718724576,-284.5824104049695,1730243176.8008757
3156.3792415117314,-392.3625221684602,1730243176.8047097
3109.3958746666763,-525.9812505222858,1730243176.8087611
2978.1687829695684,-330.8281696829998,1730243176.8128326
3075.4435748390647,-369.6084463129576,1730243176.8168004
3146.4774187180305,-251.5688838444809,1730243176.821867
3110.647572356173,-271.9313230432657,1730243176.8257253
3131.278232488421,-255.2345699351513,1730243176.8297825
3157.653290945684,-349.6259867699131,1730243176.8327656
3227.122512712778,-317.19360556526254,1730243176.8367312
3206.201279902611,-485.5022413137247,1730243176.840758
3201.4850618225414,-365.4286700998152,1730243176.845745
3117.755427092961,-259.5931601039362,1730243176.8498752
3125.265613229944,-309.23638453917323,1730243176.85396
3126.2937934748884,-368.04382420108607,1730243176.8569236
3076.8070312508385,-345.75913497914496,1730243176.8609335
3095.0684064708244,-262.6553490943133,1730243176.8650498
3212.2138991610886,-301.1227013018968,1730243176.8690915
3144.510465205964,-376.4927836051922,1730243176.873011
3206.000114202513,-293.0760732979862,1730243176.8778653
3184.6094947587844,-357.9408357072873,1730243176.881071
2888.091252814681,-338.3607075644383,1730243176.8850374
2998.5535739128086,-319.4287800107932,1730243176.8890555
3158.077974090335,-243.3881453738386,1730243176.8928928
3183.3130935803765,-309.5269572170922,1730243176.896966
3120.9964300389806,-339.5453500205696,1730243176.9009447
3116.5707846368296,-386.9757517547312,1730243176.9060884
3173.2771603199435,-285.1188522718969,1730243176.9089844
3072.8731242267045,-248.9537297432101,1730243176.9130557
3135.4803604460194,-335.29851857406123,1730243176.9170291
3123.030438784413,-366.97094046723134,1730243176.9210072
3035.880987153171,-328.05655337054174,1730243176.9250753
3127.210214997556,-358.09729791847445,1730243176.9310875
3228.0165824909905,-353.02345192711977,1730243176.9340937
3057.785696719372,-305.6377536818688,1730243176.9380162
3025.286260281356,-271.2160672206959,1730243176.9409802
3178.10513712229,-314.75726541963405,1730243176.9451315
3176.3840527992315,-373.4082428703598,1730243176.948982
3139.503674447975,-382.77362379713344,1730243176.9530876
3165.923436394148,-288.65042789583543,1730243176.956912
3179.4015383006977,-343.4792570447036,1730243176.962116
3087.3570546337432,-161.4019467117723,1730243176.9649315
3026.716771926496,-272.7806893325674,1730243176.9681096
3100.9245635181146,-347.7931437245779,1730243176.9732292
3112.145139234679,-291.37734071938286,1730243176.9771152
3096.6777320716064,-350.0730216590192,1730243176.9812264
3149.204331541578,-426.8959673519096,1730243176.985216
3107.652438599162,-282.41429119280474,1730243176.9881687
3082.4843743424863,-284.5600586605142,1730243176.9922607
3039.233748821467,-411.8308915890326,1730243176.9981291
2979.1969632145124,-430.0699150645632,1730243177.0012448
3063.4853915554754,-322.1556928343407,1730243177.00523
3097.236525682989,-243.18697967374084,1730243177.0102537
3162.4142125146645,-203.46792977666016,1730243177.014258
3079.5115923299304,-215.94020318272152,1730243177.0171847
3081.6126563087296,-262.0965554829306,1730243177.0202782
3188.878677949748,-297.4346634667711,1730243177.024062
3124.125674262724,-388.2945046775943,1730243177.028217
3203.1837944011445,-406.108845008474,1730243177.0331557
3065.809972978828,-272.06543350999755,1730243177.037164
3069.475659069498,-353.7387077496896,1730243177.0412116
3073.2978073713552,-265.33755842895016,1730243177.044213
3078.528115573897,-300.63096292388,1730243177.0481272
3060.602016520741,-284.5600586605142,1730243177.05224
3179.7144627230723,-344.0827541449969,1730243177.056246
3068.9615689470256,-294.372474476394,1730243177.0612812
3111.0499037563686,-228.1442556553192,1730243177.0651011
3131.1888255106005,-385.1652604538513,1730243177.0692737
3013.305725253312,-329.3976580378602,1730243177.0722525
3099.426996639609,-282.2354772371623,1730243177.076203
3115.9225840476256,-257.33563391395023,1730243177.0802715
3127.746656864483,-323.63090796839094,1730243177.086301
3099.270534428422,-258.5426281145368,1730243177.0892572
3028.3037457828223,-298.90987860082134,1730243177.0933144
2998.888850079638,-342.7192977332232,1730243177.0972564
3110.535813633897,-330.3140795605278,1730243177.1003332
3089.9275052461035,-472.1135463849958,1730243177.104329
3105.014932753436,-292.9419628312544,1730243177.1083467
3005.281448993856,-240.5271220835593,1730243177.1123197
3024.0569143363136,-377.5880190835022,1730243177.1162803
3028.057876593813,-361.15948690885153,1730243177.121349
3071.286150370377,-230.6476510343136,1730243177.12435
3115.296735202877,-240.68358429474645,1730243177.1283827
3091.290961657877,-267.0362910075535,1730243177.132213
3064.0888886557686,-288.29279998455047,1730243177.1363144
3066.234656123478,-328.14596034836296,1730243177.140262
3095.0237029819136,-213.0344764035316,1730243177.144387
3064.8041444783385,-238.4484098492157,1730243177.1493554
3113.3074299463547,-397.95045828228695,1730243177.1534052
3157.72034617905,-276.69224461224616,1730243177.1563597
3119.320049204832,-376.5821905830134,1730243177.1604345
3087.2899994003774,-311.0692275845084,1730243177.1644228
3089.301656401355,-277.1839829902629,1730243177.1684797
3084.56308657683,-302.5532129470364,1730243177.1724684
3081.4114906086315,-296.18296577727386,1730243177.177346
2973.5866753562304,-310.28691652857265,1730243177.1804824
2970.0774514767472,-457.9648921447864,1730243177.1844811
3032.438818507054,-279.888544069355,1730243177.188491
3102.690351330084,-272.4901166546484,1730243177.1924803
3050.9013594271373,-345.66972800132373,1730243177.1964269
2928.3020410897784,-382.86303077495467,1730243177.2005424
3040.6642604666067,-275.8652300673997,1730243177.2055416
3084.6971970435616,-104.87438498430072,1730243177.2085052
3104.2326216975,-301.65914316882413,1730243177.212503
3019.005420089414,-412.5908509005131,1730243177.2164843
3097.817671038827,-281.8778493258774,1730243177.220541
3110.9381450340925,-274.92645680027687,1730243177.2244549
3054.790562962361,-311.2256897956956,1730243177.2285357
3212.392713116731,-429.8016941310995,1730243177.232381
3145.2480727729885,-243.0081657180984,1730243177.2355769
2974.994835256915,-173.8071648844677,1730243177.2404015
2976.402995157599,-236.54851157051465,1730243177.2445712
3011.6740479080736,-357.09146941798565,1730243177.248382
3094.308447159344,-383.6453418308904,1730243177.2525916
3049.180275104079,-316.8136259095224,1730243177.256426
2999.559402413297,-258.4755728811709,1730243177.260583
2972.49143987792,-339.07596338700813,1730243177.2635064
3054.432935051076,-351.6152920264354,1730243177.2675664
3089.4581186125424,-311.4492072402486,1730243177.2729802
3129.043058042891,-222.95865094168795,1730243177.2767713
3109.0829502443016,-245.6903750527352,1730243177.2810545
3015.496196209931,-263.1694392167853,1730243177.2849731
2994.954943055504,-250.92068325527708,1730243177.2887244
3079.936275474581,-288.0469307955421,1730243177.2915754
3096.633028582696,-246.69620355322405,1730243177.2957113
3026.493254481942,-328.0342016260864,1730243177.300828
3020.905318368116,-349.6706902588237,1730243177.3051229
3006.846071105728,-286.3481982169388,1730243177.308576
3058.590359519764,-249.78074428805644,1730243177.3115811
3084.9207144881148,-345.5803210235025,1730243177.3159013
3093.928467503604,-329.7776376936004,1730243177.3199043
3051.236635593967,-251.05479372200887,1730243177.32365
3119.610621882752,-306.57652694899167,1730243177.3291917
3051.996594905448,-323.1168178459189,1730243177.3327065
3018.7371991559507,-256.4415641357379,1730243177.3372395
2997.279524478856,-261.49305838263734,1730243177.3399136
3024.0345625918585,-325.7990271805557,1730243177.34409
3077.857563240238,-310.35397176193857,1730243177.3475935
3033.2658330519,-316.92538463179886,1730243177.352088
3067.531057301886,-337.1984168527624,1730243177.3559792
3070.3920805921653,-254.7875350460452,1730243177.3609595
3150.5454362088963,-267.61743636339145,1730243177.3649209
3033.6458127076403,-293.5231081870924,1730243177.3677795
3002.755701870406,-246.182113430752,1730243177.3721995
3062.658377010629,-220.5670142849701,1730243177.3776467
3083.199630165056,-320.23344281118426,1730243177.3808303
3037.2667953094,-297.59112567795825,1730243177.3837876
3090.598057579763,-348.9554344362539,1730243177.388862
3010.914088596593,-336.1925883522735,1730243177.392864
2986.170707484568,-370.368405624438,1730243177.39591
3041.8712546671936,-251.59123558893629,1730243177.3997405
3079.0645574408245,-263.8399915504445,1730243177.4038413
3019.117178811691,-229.57476730045883,1730243177.4076605
3086.731205788995,-280.5367446585589,1730243177.411912
3108.7029705885616,-350.49770480367005,1730243177.41685
3002.733350125951,-303.5143379586146,1730243177.4199257
2929.9113666905605,-299.468672212204,1730243177.422905
3017.172577044079,-283.44247143774885,1730243177.4279385
3071.4202608371093,-236.88378773734425,1730243177.4317715
3084.9207144881148,-290.8856023413661,1730243177.4362695
3085.5689150773187,-280.8943725698439,1730243177.4399247
3017.686667166551,-283.44247143774885,1730243177.445106
2969.54100960982,-370.8601440024548,1730243177.4479325
3054.947025173548,-351.81645772653314,1730243177.452386
3085.8371360107826,-232.279328379551,1730243177.4559956
3041.759495944917,-291.7573203751231,1730243177.460184
2987.489460407432,-302.66497166931293,1730243177.4643216
3061.9654729325143,-234.313337124984,1730243177.4678335
3083.780775520894,-283.6212853933913,1730243177.473093
3054.052955395336,-247.1655901867855,1730243177.476174
3020.346524756733,-246.45033436421568,1730243177.4791265
3025.666239937096,-332.39279179487136,1730243177.4840724
3052.465981539009,-332.7951231950669,1730243177.4880304
3093.4367291255867,-278.212163235207,1730243177.4919713
3136.329726735321,-261.1130787268972,1730243177.4961586
3005.6167251606853,-263.5494188725256,1730243177.5000715
2998.195946001524,-298.4851954561705,1730243177.50433
2989.8587453196938,-265.69518634023507,1730243177.506864
2997.0113035453924,-328.95062314875406,1730243177.5113747
2973.92195152306,-270.1655352312965,1730243177.5158937
3002.710998381496,-346.76496347963376,1730243177.520213
3043.055897123325,-337.9360244197875,1730243177.5239744
3072.716662015517,-305.14601530385204,1730243177.5280535
3038.138513343157,-208.5194240235596,1730243177.5319953
2963.930721751538,-295.6241721658912,1730243177.5350678
3088.8099180233385,-304.81073913702244,1730243177.5399475
3165.208180571578,-253.82641003446705,1730243177.5441804
3026.7391236709504,-220.81288347397847,1730243177.5490012
3000.9228588250708,-262.85651479441105,1730243177.553301
3015.496196209931,-275.373491689383,1730243177.556208
3016.6137834326964,-251.1442006998301,1730243177.5591106
2998.8664983351828,-275.373491689383,1730243177.5633714
3029.019001605392,-344.4627338007372,1730243177.567114
3066.6369875236737,-262.78945956104513,1730243177.5723264
3073.9683597050143,-277.407500434816,1730243177.57624
3003.627419904163,-317.17125382080724,1730243177.580026
3009.6176874181856,-296.63000066638006,1730243177.583069
3045.8498651802383,-312.6338496963799,1730243177.587512
3044.17348434609,-324.4132190243267,1730243177.591033
3000.6099344026966,-198.48349076312672,1730243177.5960343
3049.8061239488275,-307.15767230482965,1730243177.600068
3058.8585804532268,-253.66994782327984,1730243177.6044245
3003.4486059485207,-256.30745366900607,1730243177.6081936
3013.082207808758,-261.6942240827351,1730243177.611641
3028.9519463720258,-277.65336962382435,1730243177.6150384
3015.049161320825,-233.2404533911292,1730243177.6193793
2965.897675263605,-232.07816267945324,1730243177.623109
2956.085259447725,-285.9905703056539,1730243177.6281316
3031.1871208175567,-310.1751578062961,1730243177.63213
3042.854731423227,-346.98848092418683,1730243177.6357336
3083.110223187235,-277.0722242679864,1730243177.63936
2990.5069459088977,-284.91768657179915,1730243177.6433704
3034.2046063190232,-272.37835793237184,1730243177.6473968
3047.481542525476,-288.24809649563986,1730243177.6515002
2955.2582449028787,-328.9953266376647,1730243177.6556954
3076.56116206183,-224.9926596871209,1730243177.6601942
3106.8701275432263,-220.81288347397847,1730243177.6636975
3053.114182128213,-271.14901198733,1730243177.667136
2991.02103603137,-250.40659313280503,1730243177.671183
3067.08402241278,-312.49973922964807,1730243177.6752017
3044.2181878350007,-259.4814013816597,1730243177.6793604
3000.408768702599,-261.6048171049139,1730243177.6843672
3019.854786378716,-232.0111074460873,1730243177.6882875
2969.809230543284,-204.80903444397865,1730243177.6913996
2972.536143366831,-217.84010146142265,1730243177.6953332
3019.78773114535,-295.8923930993549,1730243177.7001967
3057.338661830266,-327.11778010341885,1730243177.7047048
2999.6488093911184,-291.8690790973996,1730243177.7072396
3038.3620307877104,-270.5008113981261,1730243177.7114055
3036.238615064456,-280.5814481474696,1730243177.7161937
3000.811100102794,-293.50075644263705,1730243177.7197487
3042.832379678772,-298.6863611562683,1730243177.7232616
3021.4864637239534,-266.03046250706467,1730243177.72724
3007.851899606216,-243.5446075850257,1730243177.7313693
3071.3308538592883,-353.62694902741305,1730243177.7354567
3034.3834202746657,-191.7779674265346,1730243177.7392275
3020.7935596458387,-202.6632669762692,1730243177.743745
2991.2892569648334,-278.7486051021344,1730243177.746418
2994.709073866496,-357.42674558481525,1730243177.751839
3039.3678592882,-281.1178900143969,1730243177.755256
3051.236635593967,-170.5661619384482,1730243177.7595751
3049.560254759819,-292.5619831755141,1730243177.7638133
2988.316474952277,-324.43557076878204,1730243177.7674372
3004.2532687489115,-227.47370332166,1730243177.77129
3037.5126644984084,-225.730267254146,1730243177.7743125
3011.6963996525287,-254.4746106236709,1730243177.7785473
3026.046219592836,-337.9583761642428,1730243177.7835133
3016.099693310224,-289.9468290742432,1730243177.7874637
3039.07728661028,-203.669095476758,1730243177.7913716
3042.854731423227,-277.31809345699475,1730243177.7957425
3030.985955117459,-269.40557591981604,1730243177.7994275
3026.783827159861,-241.10826743939728,1730243177.80253
3026.157978315113,-308.94581186125424,1730243177.806342
3068.0898509132685,-348.7319169917008,1730243177.811688
2937.019221427348,-222.69043000822427,1730243177.8154137
3002.733350125951,-254.67577632376867,1730243177.8198547
3048.5767780037854,-232.4357905907381,1730243177.8233373
2941.690736018508,-294.7301023876789,1730243177.826514
3016.8373008772496,-260.5766368599697,1730243177.8306
3029.533091727864,-300.31803850150567,1730243177.8350909
2999.112367524191,-314.46669274171506,1730243177.8395438
3031.723562684484,-209.8381769464227,1730243177.84361
3028.9742981164814,-191.8003191709899,1730243177.8475833
3072.9401794600703,-290.5950296634471,1730243177.850487
3099.2928861728774,-322.8933004013658,1730243177.8549075
3021.821739890783,-265.96340727369875,1730243177.858508
2982.3932626716214,-204.4514065326937,1730243177.8627136
3008.276582750867,-239.2530726496068,1730243177.8664532
3019.2289375339674,-261.1130787268972,1730243177.8718233
3035.6798214530736,-254.116982712386,1730243177.875748
3007.896603095127,-237.12965692635265,1730243177.8787353
2955.884093747627,-321.32867828949435,1730243177.8824377
3038.7420104434505,-281.7884423480561,1730243177.8867805
3036.663298209107,-273.5630003885032,1730243177.8905318
3000.2970099803224,-268.77972707506746,1730243177.895184
3046.185141347068,-247.03147972005365,1730243177.8994186
3060.378499076188,-258.8779042813664,1730243177.9040904
3035.7915801753497,-277.63101787936904,1730243177.906469
3009.59533567373,-234.0674679359756,1730243177.9106705
2979.979274270448,-251.54653210002567,1730243177.9146688
3016.2338037769564,-318.3335445324832,1730243177.919145
3029.98012661697,-183.41841500024967,1730243177.922768
3027.521434726886,-221.10345615189743,1730243177.9276776
3020.391228245644,-317.48417824318153,1730243177.9314911
2950.96670996746,-324.7037917022457,1730243177.9351068
3030.181292317068,-245.10922969689724,1730243177.9389064
3041.3795162891765,-214.46498804867127,1730243177.9432557
3063.7089090000286,-275.8652300673997,1730243177.946622
3076.1588306616345,-306.3530095044386,1730243177.9508548
2920.635392741608,-339.3441843204718,1730243177.9557345
3004.141510026635,-201.85860417587807,1730243177.9586587
3013.59629793123,-232.79341850202303,1730243177.9630156
3031.991783617948,-336.84078894147746,1730243177.9666843
3104.94787752007,-321.5745474785027,1730243177.97099
3035.657469708618,-260.30841592650603,1730243177.974681
3037.847940665238,-203.04324663200936,1730243177.9788952
2970.2339136879345,-236.16853191477443,1730243177.9837437
2999.3582367131994,-246.4950378531263,1730243177.9865825
2988.3611784411883,-278.5250876575813,1730243177.9896495
3013.372780486677,-349.3801175809047,1730243177.9948096
3042.3182895562995,-194.88485990582228,1730243177.998676
3032.438818507054,-245.6233198193693,1730243178.0026104
3060.51260954292,-222.9139474527773,1730243178.0065775
3008.567155428786,-249.9372064992436,1730243178.0118926
3012.523414197375,-267.5280293855702,1730243178.0146246
3018.044295077836,-313.9078991303324,1730243178.0177128
3007.114292039191,-296.2053175217292,1730243178.0230515
2973.430213145043,-297.4346634667711,1730243178.0272098
2972.737309066929,-268.57856137496964,1730243178.0310867
3116.973116037025,-232.1452179128192,1730243178.03471
3124.237432985,-215.82844446044496,1730243178.0407329
3021.017077090392,-192.13559533781952,1730243178.0439484
2942.853026730183,-273.8088695775116,1730243178.047742
3007.5166234393864,-234.60390980290293,1730243178.0507205
3054.835266451272,-269.2938171975395,1730243178.055231
2990.059911019792,-291.4443959527488,1730243178.0590262
3036.0598011088136,-320.7698846781117,1730243178.0627737
3071.107336414735,-271.10430849841936,1730243178.0679083
3091.7827000358943,-339.724163976212,1730243178.0709069
3079.3774818631987,-211.20163335819643,1730243178.0738263
3029.376629516677,-196.829461673434,1730243178.0792887
2948.016279699359,-271.1713637317853,1730243178.0827756
2931.364230080156,-235.76620051457888,1730243178.0870163
3005.97435307197,-275.0382155225534,1730243178.0909293
3040.530149999875,-247.70203205371288,1730243178.0940983
3014.9374025985485,-266.65631135181326,1730243178.098793
3017.7760741443726,-286.8175848505002,1730243178.1034052
2996.9666000564816,-216.67781074974667,1730243178.106861
3021.3970567461324,-233.68748828023533,1730243178.1113024
3078.572819062808,-330.4928935161702,1730243178.114112
3074.817725994316,-215.7837409715344,1730243178.1179388
3006.711960638996,-237.3531743709057,1730243178.1230817
3015.563251443297,-214.5990985154031,1730243178.1270454
3009.304762995811,-259.03436649255354,1730243178.1311772
3065.564103789819,-338.42776279780423,1730243178.134086
3042.9664901455035,-283.44247143774885,1730243178.1379783
3111.3181246898325,-213.7720839705568,1730243178.1419823
3039.5466732438417,-247.05383146450896,1730243178.1460888
2976.9394370245263,-285.96821856119857,1730243178.1513672
2912.856985671161,-295.0206750655979,1730243178.1552691
2974.056061989792,-289.99153256315384,1730243178.159516
3034.651641208129,-278.32392195748355,1730243178.1620116
3033.60110921873,-231.83229349044484,1730243178.1658604
3080.3609586192324,-223.22687187515163,1730243178.1701825
2997.3465797122217,-206.4630635336713,1730243178.1739416
2926.1115701331582,-290.7738436190896,1730243178.1792026
2972.5808468557416,-247.03147972005365,1730243178.1829765
3097.1247669607123,-238.22489240466268,1730243178.1869953
3081.9926359644696,-205.5466420110037,1730243178.1899524
2953.939491980016,-263.5494188725256,1730243178.1939268
2936.7062970049737,-330.0682103715194,1730243178.1979594
3028.527263227375,-240.1918459167297,1730243178.202394
3081.7691185199164,-279.93324755826563,1730243178.2062514
2998.5535739128086,-247.74673554262347,1730243178.2114043
2991.02103603137,-238.6495755493135,1730243178.2150185
3009.885908351649,-264.6670060952909,1730243178.2181437
2982.3485591827107,-228.88186322234432,1730243178.2223327
3020.145359056635,-247.36675588688323,1730243178.226051
3036.3950772756434,-306.77769264908943,1730243178.2303524
2978.213486458479,-302.73202690267885,1730243178.234262
3048.8002954483386,-239.76716277207885,1730243178.2393477
3088.6087523232404,-161.7595746230572,1730243178.242162
3001.369893714177,-245.8244855194671,1730243178.2462444
2929.240814356901,-304.34135250346094,1730243178.2502148
3007.8295478617606,-297.1440907888521,1730243178.2544303
2957.6275298151413,-264.599950861925,1730243178.2581143
2976.0677189907697,-254.04992747902008,1730243178.2623053
2995.893716322627,-205.14431061080825,1730243178.2672024
3006.667257150085,-294.79715762104485,1730243178.2703507
3072.3813858486874,-220.99169742962093,1730243178.273145
2977.8782102916493,-221.5504910410036,1730243178.2783308
3014.468015964987,-250.4736483661709,1730243178.2821465
3041.5136267559087,-299.0216373230979,1730243178.2864816
3022.1123125687022,-294.5289366875812,1730243178.2902193
3009.8412048627383,-144.0122895255434,1730243178.2956984
3016.390265988144,-221.72930499664605,1730243178.298102
2994.060873277292,-293.0090180646203,1730243178.301826
3004.923821082571,-252.8876367673441,1730243178.3063457
3019.8994898676265,-265.7398898291457,1730243178.3107204
3072.090813170769,-326.5366347475809,1730243178.3143382
2951.570207067753,-324.502626002148,1730243178.3183255
2977.967617269471,-213.7720839705568,1730243178.323141
2975.374814912655,-211.24633684710705,1730243178.3263128
2933.5099975478647,-257.4697443806821,1730243178.3313146
3016.12204505468,-352.5540652935583,1730243178.3348997
3045.6039959912296,-296.8088146220225,1730243178.338142
2977.855858547194,-140.61482436833674,1730243178.3424742
2983.6449603611186,-221.2375666186293,1730243178.346322
3074.8400777387715,-266.7904218185451,1730243178.3504567
3076.695272528562,-272.5571718880143,1730243178.3537471
2982.527373138353,-216.0296101605428,1730243178.3572018
2958.5886548267194,-245.2880436525397,1730243178.3625572
2962.6790240620408,-407.22643223123936,1730243178.3664005
3029.734257427962,-244.9527674857101,1730243178.3706024
3061.026699665392,-186.3911970128056,1730243178.3741877
2940.7519627513843,-202.8867844208222,1730243178.378214
2964.1542391960907,-242.3376133844392,1730243178.381291
2976.313588179778,-362.5899985539912,1730243178.385404
2992.6750651210627,-274.6135323779026,1730243178.3902335
2987.221239473968,-178.54573470899282,1730243178.3947997
3005.8402426052385,-265.67283459577976,1730243178.3982522
3045.022850635392,-239.7448110276236,1730243178.4024563
2988.8752685636605,-213.21329035917407,1730243178.4062903
3007.6730856505737,-262.90121828332167,1730243178.409846
2939.9696516954486,-268.82443056397807,1730243178.4136827
3045.715754713506,-273.51829689959254,1730243178.4189997
3067.531057301886,-241.4882470951375,1730243178.4226325
2947.01045119887,-174.991807340599,1730243178.42645
2972.245570688912,-268.7573753306121,1730243178.430859
2974.97248351246,-282.3472359594388,1730243178.4334202
2998.598277401719,-338.6065767534467,1730243178.4374158
3097.9741332500143,-218.51065379508185,1730243178.4438028
2947.032802943326,-179.1268800648308,1730243178.446519
2920.277764830323,-295.244192510151,1730243178.4505289
2900.697636687474,-302.2849920135727,1730243178.4545152
2986.126003995658,-243.32109014047268,1730243178.4573352
3048.2638535814112,-270.8360875649557,1730243178.4615092
3062.636025266174,-294.5736401764918,1730243178.4654171
2982.437966160532,-201.9703628981546,1730243178.4693687
2988.383530185644,-159.5244001775265,1730243178.4732983
3039.9713563884925,-214.3532293263948,1730243178.478328
3065.005310178436,-279.4415091802489,1730243178.4824417
3003.470957692976,-288.0469307955421,1730243178.4854925
2968.959864253982,-267.7515468301233,1730243178.4893644
2981.7003585935067,-174.25419977357387,1730243178.4933376
3020.7935596458387,-262.9459217722323,1730243178.4973617
2978.951094025504,-324.0779428574971,1730243178.5015495
3026.068571337292,-214.2861740930288,1730243178.5063694
3025.4874259814533,-192.53792673801505,1730243178.510408
3003.336847226244,-287.0411022950533,1730243178.51354
3022.849920135727,-291.04206455255326,1730243178.5175524
2994.530259910853,-225.1714736427633,1730243178.5216236
2924.792817210295,-241.68941279523528,1730243178.5253932
2921.954145664471,-241.06356395048667,1730243178.5295987
3008.0977687952245,-267.30451194101715,1730243178.5336423
3033.869330152193,-278.65919812431315,1730243178.538643
3015.5408996988417,-297.8369948669666,1730243178.5414393
2954.990023969415,-280.24617198064,1730243178.5456254
2965.3612333966776,-271.2160672206959,1730243178.5494735
3005.4826146939536,-211.26868859156235,1730243178.5535069
3008.9694868289816,-189.36397902536143,1730243178.5574806
2954.699451291496,-252.12767745586368,1730243178.5618773
3013.730408397962,-335.5220360186143,1730243178.5665128
3115.073217758324,-206.3736565558501,1730243178.5699031
3082.551429575852,-190.4815662481268,1730243178.5734873
3022.1123125687022,-254.5640176014921,1730243178.5777433
2961.2038089279904,-273.51829689959254,1730243178.581545
2998.888850079638,-243.343441884928,1730243178.5861392
3012.16578628609,-188.6263714583363,1730243178.5895329
2902.016389610337,-276.8487068234333,1730243178.5939026
2899.2000698089687,-314.35493401943853,1730243178.5967052
2971.5526666107976,-286.83993659495553,1730243178.601754
3032.7964464183387,-229.86533997837785,1730243178.6059504
3044.240539579456,-202.73032220963503,1730243178.6097624
2939.0979336616915,-264.599950861925,1730243178.6141531
2982.4826696494424,-323.00505912364235,1730243178.6177728
3100.3881216511872,-290.2821052410728,1730243178.6216955
3065.005310178436,-170.8567346163672,1730243178.6247897
3015.205623532012,-203.2220605876518,1730243178.6287951
3052.89066468366,-267.7962503190339,1730243178.6337235
3012.255193263912,-208.74294146811263,1730243178.6377923
3003.9626960709925,-211.6933717362132,1730243178.641765
2962.053175217292,-247.4785146091598,1730243178.6458018
2978.6158178586743,-287.3540267174276,1730243178.6498694
2992.920934310071,-245.891540752833,1730243178.6526527
2951.1231721786467,-290.1256430298857,1730243178.6566665
3019.944193356537,-275.0158637780981,1730243178.6628523
2998.4865186794423,-230.2453196341181,1730243178.6657226
3062.6136735217183,-242.18115117325203,1730243178.6698756
3065.8323247232825,-244.505732596604,1730243178.672866
3006.2202222609785,-224.6797352647466,1730243178.676995
2989.1881929860347,-253.4464303787268,1730243178.6808736
2972.6479020891074,-281.2072969922182,1730243178.6849267
2904.76565417834,-261.4260031492714,1730243178.689692
2969.898637521105,-219.89646195131087,1730243178.6938837
3034.0928475967467,-221.2599183630846,1730243178.6977055
2989.1881929860347,-252.37354664487205,1730243178.7008736
2977.364120169177,-256.2851019245508,1730243178.7048695
3037.7808854318723,-220.3658485848724,1730243178.7088957
3040.9771848889814,-268.82443056397807,1730243178.7129347
3015.2726787653783,-255.01105249059827,1730243178.717842
3032.12589408468,-254.0722792234754,1730243178.7219152
3040.5748534887857,-236.28029063705097,1730243178.7259157
3020.8606148792046,-166.56519968094824,1730243178.7289488
2991.311608709289,-227.69722076621304,1730243178.732768
3069.877990469693,-279.06152952450867,1730243178.7369611
3009.528280440364,-292.04789305304206,1730243178.7408233
2901.569354721231,-240.1918459167297,1730243178.7459283
2973.8325445452388,-243.9469389852213,1730243178.749833
2967.864628775672,-277.7874800905562,1730243178.753929
2898.19424130848,-269.0032445196205,1730243178.756767
2985.54485863982,-213.1462351258081,1730243178.7608843
3064.915903200615,-283.39776794883824,1730243178.7647772
3050.879007682682,-262.6106456054027,1730243178.7690132
3008.008361817403,-270.5231631425814,1730243178.7729833
3007.158995528101,-266.4104421628049,1730243178.7779512
3047.883873925671,-235.25211039210683,1730243178.7809234
2951.1455239231022,-185.85475514587824,1730243178.7850292
2944.887035475616,-205.2784210775401,1730243178.7890368
2993.4797279214536,-211.24633684710705,1730243178.7930305
2979.331073681244,-220.2540898625958,1730243178.7969532
3027.163806815601,-249.19959893221844,1730243178.8010552
3017.1278735551687,-262.05185199402,1730243178.806075
2972.6255503446523,-279.3968056913383,1730243178.8090274
2938.270919116845,-264.97993051766525,1730243178.8130152
3059.7079467425283,-331.87870167239925,1730243178.8169196
3080.852696997249,-254.04992747902008,1730243178.8210442
2976.2241812019565,-98.32532385889576,1730243178.825041
2967.149372953102,-225.3726393428611,1730243178.829048
2986.170707484568,-313.1032363299413,1730243178.834056
3013.1939665310347,-248.03730822054249,1730243178.8370347
3024.950984114526,-196.62829597333624,1730243178.8399687
2987.601219129708,-188.78283366952343,1730243178.845183
2981.92387603806,-310.30926827302795,1730243178.8491285
3001.749873369917,-252.32884315596144,1730243178.853104
2992.920934310071,-163.2794932460181,1730243178.8569255
2995.223163988968,-205.4348832887272,1730243178.8621502
3009.952963585015,-259.39199440383845,1730243178.8650312
2945.6469947870964,-312.23151829618433,1730243178.869086
2950.340861122711,-321.61925096741334,1730243178.8729217
3012.903393853116,-246.62914831985813,1730243178.877024
3018.401922989121,-177.31638876395093,1730243178.8809595
3031.053010350825,-277.4969074126372,1730243178.8851812
3064.1559438891345,-218.8682817063668,1730243178.8900251
3021.7099811685066,-197.29884830699544,1730243178.8932097
2951.614910556664,-238.89544473832188,1730243178.8982525
2977.4982306359093,-301.8379571244666,1730243178.9012504
3044.9334436575705,-227.09372366591973,1730243178.9052467
2985.075472006258,-144.50402790356017,1730243178.9091427
2977.028844002348,-231.47466557916,1730243178.913241
3013.439835720043,-298.4851954561705,1730243178.9161224
2986.505983651398,-206.44071178921604,1730243178.9202137
3026.7391236709504,-238.9848517161431,1730243178.924147
3029.5777952167746,-186.7935284130012,1730243178.929469
2984.9860650284368,-231.3629068568834,1730243178.9332333
3074.013063193925,-274.6582358668132,1730243178.9375348
3061.8313624657826,-257.536799614048,1730243178.9411385
3011.271716507878,-249.15489544330785,1730243178.9456909
2926.1339218776134,-292.696093642246,1730243178.948108
2929.7772562238288,-284.6941691272461,1730243178.95242
2926.3574393221666,-191.8673744043558,1730243178.9571762
2948.77623901084,-202.4844530206267,1730243178.9617565
3084.5407348323747,-229.68652602273536,1730243178.9652543
3075.108298672235,-236.97319471516548,1730243178.9693065
2980.5827713707413,-201.2104035866741,1730243178.9721708
2940.1037621621804,-192.80614767147875,1730243178.9763672
2950.854951245183,-249.91485475478828,1730243178.9801435
2986.729501095951,-336.8631406859328,1730243178.9852245
2969.853934032194,-256.3521571579167,1730243178.9891255
3084.2948656433664,-222.4222090747606,1730243178.9931335
3083.825479009805,-269.3161689419948,1730243178.997147
3110.245240955978,-293.0090180646203,1730243179.0001376
3077.589342306774,-236.7496772706124,1730243179.0041542
2937.667422016552,-167.28045550351806,1730243179.0081742
2939.2320441284232,-190.2356970591184,1730243179.012164
2994.418501188577,-233.6204330468694,1730243179.0162184
3031.053010350825,-230.5805958009477,1730243179.0211833
3057.0033856634363,-209.14527286830813,1730243179.024197
2975.866553290672,-266.7010148407239,1730243179.0281944
2963.975425240448,-321.4404370117709,1730243179.032271
2999.3358849687443,-291.42204420829347,1730243179.036404
2961.1367536946245,-176.17644979673028,1730243179.040234
2917.014410139848,-216.85662470538912,1730243179.045314
3033.55640572982,-256.4192123912826,1730243179.049264
3053.158885617124,-354.8786467169102,1730243179.0522275
3008.567155428786,-212.58744151442548,1730243179.0562332
2956.733460036929,-180.80326089897883,1730243179.0602531
3081.545601075364,-235.29681388101744,1730243179.0642505
3074.817725994316,-228.9265667112549,1730243179.0682669
2992.4291959320544,-175.79647014099004,1730243179.0722687
3004.365027471188,-201.76919719805684,1730243179.0773008
3033.221129562989,-277.65336962382435,1730243179.0803404
3005.035579804847,-235.7885522590342,1730243179.0843055
2968.512829364876,-205.03255188853169,1730243179.088313
2956.085259447725,-225.1714736427633,1730243179.0923195
2955.571169325253,-255.1898664462408,1730243179.0963051
2979.219314958968,-316.6348119538799,1730243179.1003516
3011.629344419163,-299.53572744556993,1730243179.1053565
3051.929539672082,-198.46113901867145,1730243179.1083708
3033.891681896649,-200.0704646194536,1730243179.1123388
3017.396094488632,-253.40172688981616,1730243179.1163824
2981.029806259848,-209.25703159058472,1730243179.120377
2978.4146521585767,-238.0013749601096,1730243179.1243763
2973.8995997786046,-221.72930499664605,1730243179.1284423
3043.435876779065,-248.9537297432101,1730243179.1324203
3019.5865654452523,-266.8127735630004,1730243179.1354213
3031.991783617948,-176.9364091082107,1730243179.139384
3011.852861863716,-196.22596457314071,1730243179.1444883
2970.211561943479,-227.29488936601751,1730243179.1484723
3021.866443379693,-267.7515468301233,1730243179.1525493
2997.4583384344983,-172.93544685071075,1730243179.1589606
3008.254231006412,-197.8352901739228,1730243179.1618333
3051.884836183171,-275.4181951782936,1730243179.1655395
3063.664205511118,-234.69331678072416,1730243179.168766
3003.694475137529,-233.0616394354868,1730243179.1728475
2997.6818558790515,-176.39996724128335,1730243179.1766884
3000.3864169581434,-179.1492318092861,1730243179.1807697
3037.3785540316767,-275.6417126228467,1730243179.1847272
3037.5797197317747,-248.0149564760872,1730243179.1876724
3050.946062916048,-183.1725458112413,1730243179.19162
2968.512829364876,-235.2744621365621,1730243179.1961238
2998.754739612906,-294.41717796530463,1730243179.2010162
2995.536088411342,-172.4884119616046,1730243179.2050183
2990.059911019792,-187.8887638913112,1730243179.209273
3074.437746338576,-294.3277709874834,1730243179.2131472
3063.4853915554754,-207.8488716899004,1730243179.2167327
3018.670143922585,-230.26767137857337,1730243179.2197845
3022.469940479987,-158.20564725466338,1730243179.223681
3010.869385107683,-194.2366593166184,1730243179.2290657
2962.96959673996,-285.94586681674326,1730243179.2326992
3062.4125078216207,-303.98372459217603,1730243179.236792
2979.8451638037163,-230.11120916738625,1730243179.2396252
2907.8054914242616,-185.65358944578043,1730243179.243906
2982.572076627264,-203.4232262877496,1730243179.2476425
3095.917772760126,-213.3697525703612,1730243179.2520068
3108.166528721634,-175.9976358410878,1730243179.2567298
2916.969706650937,-245.8468372639224,1730243179.26105
2959.9074077495825,-246.3385756419392,1730243179.2646596
3061.540789787864,-223.9868311866321,1730243179.2677886
3057.182199619079,-168.9791880821214,1730243179.2720373
2953.2018844129902,-169.9626648381549,1730243179.2761755
2987.3329981962443,-276.0887475119528,1730243179.28029
3075.689444028073,-276.46872716769303,1730243179.2839909
3099.985790250992,-152.57300765192602,1730243179.2891333
3024.8392253922493,-177.5622579529593,1730243179.2932787
2922.445884042488,-262.45418339421553,1730243179.2960155
2923.742285220896,-297.25584951112864,1730243179.299836
2983.868477805672,-210.17345311325232,1730243179.3039494
3013.2610217644005,-172.4213567282387,1730243179.3077593
3044.195836090545,-203.5349850100261,1730243179.312152
2991.8033470873056,-223.94212769772147,1730243179.3169253
2968.021090986859,-215.3590578268836,1730243179.3207843
3051.5495600163413,-241.77881977305648,1730243179.3237596
3089.5698773348186,-262.11890722738593,1730243179.3277886
3027.052048093325,-261.3365961714502,1730243179.3317187
2947.703355276985,-219.6729445067578,1730243179.3357313
2981.789765571328,-210.91106068027744,1730243179.339713
2995.3572744557,-232.1005144239085,1730243179.3447936
2971.507963121887,-261.6048171049139,1730243179.3476908
3044.151132601635,-238.35900287139447,1730243179.3517008
3010.0647223072915,-267.99741601913166,1730243179.3557148
2980.2921986928227,-259.8613810373999,1730243179.35976
2976.5594573687863,-190.68273194822456,1730243179.3637478
3063.306577599833,-196.0695023619536,1730243179.3677697
3111.3851799231984,-174.0977375623867,1730243179.372759
3044.106429112724,-210.91106068027744,1730243179.3757668
3006.1531670276127,-216.83427296093384,1730243179.3788393
2975.888905035127,-227.11607541037503,1730243179.3839257
2965.3835851411327,-206.23954608911828,1730243179.3877988
3000.341713469233,-175.05886257396492,1730243179.3918624
3040.5748534887857,-236.97319471516548,1730243179.3958137
3046.408658791621,-274.81469807800033,1730243179.4008431
3046.274548324889,-218.4883020506265,1730243179.403848
3028.12493182718,-233.66513653578,1730243179.4068406
2971.753832310895,-289.9468290742432,1730243179.4118545
3042.5865104897634,-250.11602045488604,1730243179.4158456
3093.503784358953,-197.58942098491443,1730243179.41988
3075.018891694414,-179.68567367621347,1730243179.423874
3033.0646673518027,-204.02672338804288,1730243179.427873
3012.6128211751966,-190.861545903867,1730243179.4318693
2973.6090271006856,-229.75358125610128,1730243179.4348836
2978.8393353032275,-257.8720757808776,1730243179.4399323
3008.4553967065094,-207.5135955230708,1730243179.443902
3037.669126709596,-297.0323320665756,1730243179.4479115
3058.791525219861,-213.59327001491428,1730243179.4519117
3065.8993799566488,-184.6254092008364,1730243179.4549289
2988.2047162300014,-150.0696122729316,1730243179.4589372
2991.959809298493,-262.45418339421553,1730243179.4629507
3061.540789787864,-319.7417044331675,1730243179.467946
3061.540789787864,-169.3368159934063,1730243179.4719477
3086.03830171088,-232.9275289687549,1730243179.475964
3031.745914428939,-257.4473926362268,1730243179.4800277
3035.2327865639672,-219.0470956620092,1730243179.4829717
3014.3115537538,-186.637066201814,1730243179.486974
2987.221239473968,-181.2055922991744,1730243179.491089
3068.112202657724,-202.97619139864344,1730243179.4951005
3106.892479287682,-234.24628189161805,1730243179.500095
3041.133647100168,-227.11607541037503,1730243179.5040553
2966.25530317489,-198.7517116965904,1730243179.508378
3015.2950305098334,-201.2551070755848,1730243179.5114944
2963.8189630292613,-253.75935480110107,1730243179.5151985
3008.298934495322,-204.89844142179984,1730243179.5193446
3034.629289463674,-254.1393344568413,1730243179.5234823
3021.4641119794983,-223.3833340863388,1730243179.5281951
3009.304762995811,-217.862453205878,1730243179.5321376
2975.8442015462165,-252.6194158338804,1730243179.5362203
3018.8042543893166,-319.56289047752506,1730243179.5393066
3058.3891938196653,-197.72353145164627,1730243179.5433888
3035.2327865639672,-217.4824735501377,1730243179.547246
3140.844779115293,-232.0111074460873,1730243179.5516992
3081.3667871197213,-158.60797865485893,1730243179.5556345
2972.156163711091,-163.54771417948177,1730243179.5603745
2990.7975185868168,-206.9548019116881,1730243179.5641649
3042.340641300755,-230.93822371223257,1730243179.5673287
3016.4796729659647,-227.3842963438388,1730243179.5713496
2997.503041923409,-263.3035496835172,1730243179.5755637
3025.4203707480874,-233.9780609581544,1730243179.579353
3055.6846327405733,-236.7720290150677,1730243179.5833657
3112.726284590517,-261.8730380383776,1730243179.5884402
2974.5478003678086,-167.1239932923309,1730243179.5912328
2990.059911019792,-183.3066562779732,1730243179.5957158
3048.4203157925986,-218.1977293727076,1730243179.5992992
3002.2416117479343,-241.4882470951375,1730243179.6037903
3052.443629794553,-196.96357214016584,1730243179.607236
3003.761530370895,-194.16960408325247,1730243179.6118011
2987.0647772627804,-276.8934103123439,1730243179.616333
3085.166583677123,-314.243175297162,1730243179.6198175
2974.59250385672,-225.9537846986991,1730243179.6232204
2997.9947803014256,-168.93448459321078,1730243179.6275513
2980.6721783485627,-231.47466557916,1730243179.6322944
3038.630251721174,-179.52921146502632,1730243179.6374416
3156.423945000642,-220.5670142849701,1730243179.6412818
3076.114127172724,-288.58337266246946,1730243179.6447246
2964.690681063018,-202.0821216204312,1730243179.648304
3013.439835720043,-246.24916866411792,1730243179.651837
3085.054824954847,-172.53311545051525,1730243179.6556072
2966.2329514304342,-123.7169055601246,1730243179.6594844
2981.3650824266774,-205.14431061080825,1730243179.663854
3003.2697919928783,-267.90800904131044,1730243179.6674893
3113.173319479623,-238.3366511269392,1730243179.6715958
3104.5678978643296,-166.3863857253058,1730243179.67438
3026.4261992485763,-222.39985733030528,1730243179.6796017
3052.913016428115,-273.6747591107797,1730243179.6840928
2965.696509563507,-275.48525041165954,1730243179.6874757
2980.82864055975,-219.2929648510176,1730243179.691516
3069.3191968583105,-232.5251975685593,1730243179.6957588
3071.7108335150283,-189.5874964699145,1730243179.7010508
3011.182309530057,-187.3299702799285,1730243179.70374
3041.9383099005595,-266.25397995161774,1730243179.706447
3056.89162694116,-288.53866917355884,1730243179.7120054
3054.589397262263,-194.4378250167161,1730243179.7154248
3002.9345158260485,-199.1987465856965,1730243179.719865
3016.6808386660623,-145.73337384860204,1730243179.7234788
2994.083225021747,-202.1491768537971,1730243179.727577
2976.7829748133395,-263.3035496835172,1730243179.730782
3092.9673424920256,-244.05869770749783,1730243179.7348237
3097.437691383087,-213.99560141510983,1730243179.7394855
3113.8885753021927,-175.05886257396492,1730243179.7437525
3087.08883370028,-170.9014381052778,1730243179.7474515
3015.4514927210207,-255.5698461019809,1730243179.7516563
3099.09172047278,-263.0353287500535,1730243179.7555115
2972.469088133465,-195.667170961758,1730243179.7584078
2989.344655197222,-183.9772086116324,1730243179.762446
2965.897675263605,-281.1178900143969,1730243179.7664373
3069.2521416249447,-246.91972099777712,1730243179.7714193
3078.4834120849864,-145.9568912931551,1730243179.7755194
2989.009379030392,-312.9691258632095,1730243179.778552
3024.4145422475985,-274.9041050558216,1730243179.7824812
3008.053065306314,-158.8538478438673,1730243179.7864735
2985.0307685173475,-144.99576628157692,1730243179.790468
3005.057931549303,-204.4514065326937,1730243179.7944777
3107.920659532626,-191.442691259705,1730243179.7994792
3078.528115573897,-204.4514065326937,1730243179.8035269
3092.006217480447,-290.5056226856259,1730243179.806501
3046.721583213995,-223.22687187515163,1730243179.810573
3029.734257427962,-168.73331889311302,1730243179.814504
3127.9701743090363,-257.4473926362268,1730243179.81852
3091.313313402333,-245.3327471414503,1730243179.8225076
2941.847198229694,-171.46023171666047,1730243179.8275309
3021.4864637239534,-256.95565425821,1730243179.8315248
2987.8917918076268,-220.5893660294254,1730243179.8345354
3000.4534721915093,-173.67305441773587,1730243179.8386035
3060.5573130318303,-212.2745170920512,1730243179.8427014
3029.801312661328,-238.76133427159004,1730243179.8465087
2974.3242829232554,-307.0906170714637,1730243179.850562
3066.458173568032,-228.054848677498,1730243179.855562
3080.629179552696,-184.6254092008364,1730243179.8595924
3077.812859751328,-219.9188136957661,1730243179.8625753
3026.873234137682,-215.26965084906232,1730243179.8666415
2938.24856737239,-213.88384269283327,1730243179.8705916
2983.466146405476,-218.17537762825225,1730243179.874624
3045.335775057766,-231.45231383470465,1730243179.8786633
3068.536885802375,-242.18115117325203,1730243179.883644
3024.1686730585902,-236.0120697035873,1730243179.8866737
3105.685485087095,-183.99956035608773,1730243179.8896189
3105.864299042737,-218.91298519527737,1730243179.8946474
3093.950819248059,-271.39488117633834,1730243179.898686
2978.861687047683,-190.4592145036715,1730243179.9026985
3001.280486736356,-227.2054823881963,1730243179.9067712
3036.7750569313835,-208.2735548345512,1730243179.9116533
3048.532074514875,-187.5087842355709,1730243179.914728
3109.105301988757,-255.90512226881057,1730243179.9177237
3036.1268563421795,-207.58065075643668,1730243179.922655
2939.2320441284232,-208.6758862347468,1730243179.9269328
3052.6671472391067,-254.7428315571346,1730243179.9307132
3071.777888748394,-172.95779859516605,1730243179.935038
3012.434007219554,-177.2269817861297,1730243179.939113
3037.624423220685,-220.18703462922988,1730243179.943112
3029.4883882389536,-209.1676246127635,1730243179.9463298
2992.987989543437,-235.9226627257661,1730243179.9513617
3064.1559438891345,-256.3521571579167,1730243179.9553187
3053.203589106034,-275.5299539005701,1730243179.9593463
3074.460098083031,-190.861545903867,1730243179.9633915
3044.9557954020256,-222.1539881412969,1730243179.967925
3038.272623809889,-267.3715671743831,1730243179.9712098
3022.0005538464256,-190.5262697370374,1730243179.9738605
3033.8469784077383,-198.90817390777755,1730243179.979082
3034.450475508032,-226.44552307671583,1730243179.9829526
3041.491275011453,-227.1384271548304,1730243179.9871852
2983.533201638842,-187.732301680124,1730243179.990853
3042.474751767487,-183.9772086116324,1730243179.995366
3085.5912668217743,-264.3540816729166,1730243179.9978783
3103.2267931970114,-243.7904767740341,1730243180.002468
3006.711960638996,-196.33772329541725,1730243180.0070012
3016.50202471042,-192.94025813821057,1730243180.0110548
3059.484429297976,-237.5766918154588,1730243180.014892
3023.0063823469145,-224.635031775836,1730243180.0190897
2981.342730682222,-170.9014381052778,1730243180.022189
3001.124024525169,-215.96255492717685,1730243180.0260634
2994.597315144219,-262.7000525832239,1730243180.0300653
3020.771207901384,-311.33744851797206,1730243180.0360737
3049.4708477819977,-306.9565066047319,1730243180.038899
3078.908095229637,-126.66733582822512,1730243180.0430536
3018.066646822292,-137.15030397776414,1730243180.0470753
3002.643943148129,-223.5844997864365,1730243180.050043
3054.0976588842464,-153.31061521895114,1730243180.054088
3088.005255222947,-154.3611472083506,1730243180.0580833
3098.8011477948608,-254.7651833015899,1730243180.0620968
3020.838263134749,-278.8827155688662,1730243180.0670524
2994.3514459552107,-194.8178046724564,1730243180.0711467
3144.510465205964,-206.1724908557524,1730243180.0752714
2930.5595672797645,-210.3969705578054,1730243180.0780802
2968.021090986859,-260.5319333710591,1730243180.0820026
3040.6866122110623,-213.6603252482802,1730243180.0861597
3016.3232107547774,-175.48354571861574,1730243180.0900152
3021.799388146328,-166.36403398085048,1730243180.0953336
3020.4582834790094,-235.408572603294,1730243180.0991232
3045.8945686691486,-285.1635557608075,1730243180.1023457
3033.7128679410066,-305.16836704830735,1730243180.1061368
3063.910074700126,-244.6174913188805,1730243180.110603
3071.4202608371093,-160.4631734446494,1730243180.1140962
3038.8090656768163,-257.1344682138525,1730243180.118163
3023.4310654915653,-211.91688918076625,1730243180.1224875
3078.528115573897,-129.99774575206587,1730243180.1276033
2961.404974628088,-201.47862452013783,1730243180.1302917
2981.1639167265794,-249.6242820768693,1730243180.1342292
3029.175463816579,-233.5980813024141,1730243180.1381464
3049.627309993185,-173.1366125508085,1730243180.1427588
3018.2231090334785,-188.40285401378324,1730243180.1463697
3014.5574229428084,-245.5786163304587,1730243180.1503234
3000.274658235867,-257.02270949157594,1730243180.1553607
3122.04696202838,-198.79641518550105,1730243180.1584144
3049.314385570811,-235.22975864765152,1730243180.1623232
2970.412727643577,-266.25397995161774,1730243180.1662004
3042.5865104897634,-158.67503388822485,1730243180.170327
3040.708963955517,-156.57396990942598,1730243180.174291
2943.9259104640378,-234.29098538052864,1730243180.178393
3032.036487106858,-226.6243370323583,1730243180.1835172
3073.3201591158104,-219.9635171846768,1730243180.18624
3054.6788042400844,-197.1870895847189,1730243180.1902847
3047.1015628697355,-252.48530536714856,1730243180.1946814
2924.1446166210912,-266.857477051911,1730243180.1981914
3049.4261442930874,-202.37269429835013,1730243180.2026455
3092.3191419028217,-160.10554553336448,1730243180.2062926
3067.46400206852,-173.98597884011016,1730243180.2118008
3040.373687788688,-246.47268610867096,1730243180.2142055
3076.717624273017,-246.2044651752073,1730243180.2181923
3033.8469784077383,-169.40387122677222,1730243180.2224526
3006.1978705165234,-198.7293599521351,1730243180.2264357
2974.257227689889,-233.93335746924373,1730243180.2303455
3022.604050946719,-235.90031098131075,1730243180.23442
3008.008361817403,-195.153080839286,1730243180.2382407
2975.2630561903784,-226.42317133226047,1730243180.2413642
3062.0325281658806,-333.95741390674283,1730243180.2455375
3075.5553335613413,-250.0489652215201,1730243180.250281
3048.688536726062,-139.96662377913282,1730243180.2544658
3002.040446047836,-193.6555139607804,1730243180.2583573
2994.083225021747,-211.38044731383889,1730243180.2623
3053.561217017319,-223.36098234188347,1730243180.26627
3040.12781859968,-226.78079924354543,1730243180.2693295
3064.93825494507,-204.5408135105149,1730243180.2732356
3032.88585339616,-214.6214502598584,1730243180.2772207
2991.40101568711,-182.99373185559887,1730243180.282281
3024.7051149255176,-197.67882796273565,1730243180.2872643
3021.419408490588,-150.0696122729316,1730243180.2922835
3027.9684696159925,-134.84807429886752,1730243180.295268
3003.8285856042608,-248.90902625429945,1730243180.2983503
3012.9928008309366,-247.6349768203469,1730243180.302294
3016.4796729659647,-228.56893879997003,1730243180.3063169
3050.70019372704,-257.76031705860106,1730243180.310297
3065.0723654118024,-248.3725843873721,1730243180.3143072
3075.8459062392603,-193.0520168604871,1730243180.317299
2970.122154965658,-213.45915954818244,1730243180.3212967
3040.373687788688,-206.1724908557524,1730243180.3253586
3061.4960862989533,-177.2046300416744,1730243180.3294456
3034.0928475967467,-233.12869466885263,1730243180.3333452
3018.2231090334785,-182.81491789995647,1730243180.338344
3033.623460963185,-206.9995054005987,1730243180.342378
3025.442722492543,-236.0791249369532,1730243180.3453736
3054.3211763287995,-288.9410005737544,1730243180.349399
3009.9976670739256,-215.76138922707904,1730243180.3533776
3026.157978315113,-163.21243801265217,1730243180.357352
3037.98205113197,-163.3241967349287,1730243180.3614278
3032.684687696062,-228.56893879997003,1730243180.366372
3073.5660283048187,-258.8555525369111,1730243180.370391
2950.63143380063,-154.3611472083506,1730243180.3734396
2990.886925564638,-222.8245404749561,1730243180.3774033
3022.7605131579057,-252.5076571116039,1730243180.3814058
3061.1831618765787,-211.33574382492827,1730243180.385434
3082.260856897933,-157.669205387736,1730243180.3895054
3041.491275011453,-169.91796134924428,1730243180.394431
2977.565285869275,-237.0626016929867,1730243180.39846
3018.2231090334785,-218.46595030617124,1730243180.401481
3079.7574615189387,-221.08110440744213,1730243180.4055393
3050.879007682682,-222.1092846523863,1730243180.409476
3052.443629794553,-286.63877089485777,1730243180.4134552
3040.4854465109643,-260.68839558224624,1730243180.41753
3096.275400671411,-213.92854618174388,1730243180.4215224
3136.821465113338,-229.6641742782801,1730243180.4265804
3051.929539672082,-184.93833362321064,1730243180.4295888
2991.4233674315656,-182.85962138886708,1730243180.4346683
2981.789765571328,-160.35141472237288,1730243180.4386902
2975.285407934833,-147.90149306076682,1730243180.4417229
2977.118250980169,-193.4319965162273,1730243180.4458954
3007.293105994833,-255.4804391241597,1730243180.4507928
3048.397964048143,-212.58744151442548,1730243180.4543018
3045.425182035587,-159.70321413316896,1730243180.456679
3078.975150463003,-216.29783109400643,1730243180.461925
3074.661263783129,-256.6203780913804,1730243180.4657445
3020.4135799900987,-231.29585162351748,1730243180.4699636
3003.5827164152524,-178.63514168681405,1730243180.4736676
2985.2542859619007,-247.72438379816816,1730243180.4793556
3066.860504968227,-326.2460620696619,1730243180.481774
3099.605810595252,-238.2695958935733,1730243180.4846635
3114.268554957933,-199.80224368598985,1730243180.4896755
3073.3201591158104,-187.6652464467581,1730243180.4941504
3037.1997400760342,-184.2230778006408,1730243180.4976957
2977.1629544690795,-194.5942872279033,1730243180.5018735
2997.503041923409,-177.38344399731685,1730243180.5056524
3007.963658328493,-197.92469715174403,1730243180.5096908
3003.2697919928783,-249.57957858795865,1730243180.5127068
3070.7050050145394,-244.7963052745229,1730243180.5177643
3082.8643539982268,-164.41943221323876,1730243180.52169
2990.9092773090933,-112.85395775484535,1730243180.5256586
3006.5554984278083,-243.65636630730228,1730243180.52968
3056.6234060076963,-280.1120615139081,1730243180.533677
3064.17829563359,-197.61177272936973,1730243180.53773
3132.395819711187,-202.73032220963503,1730243180.5407023
3061.674900254596,-272.9818550326652,1730243180.5446448
2950.0055849558817,-232.6369562908359,1730243180.5496929
3066.3911183346654,-159.1891240106969,1730243180.5536983
3047.883873925671,-164.77706012452367,1730243180.5577064
2983.01911151637,-233.88865398033312,1730243180.5617058
3020.1006555677245,-242.3823168733498,1730243180.5658052
3042.6535657231293,-245.73507854164583,1730243180.5686965
3041.491275011453,-215.1802438712411,1730243180.5727117
3052.5106850279194,-197.0753308624424,1730243180.5777383
3043.0335453788693,-215.537871782526,1730243180.5817478
3021.151187557124,-199.17639484124123,1730243180.5857222
3065.474696811997,-173.53894395100403,1730243180.5887291
3066.4134700791205,-197.27649656254013,1730243180.5927703
2989.143489497124,-215.38140957133885,1730243180.5968435
3024.4592457365093,-216.1413688828193,1730243180.600803
3064.1559438891345,-192.3591127823726,1730243180.6057985
3056.981033918981,-221.81871197446728,1730243180.6097963
3086.6194470667183,-234.00041270260965,1730243180.6137688
3022.916975369093,-209.36879031286125,1730243180.616878
3087.8711447562155,-196.29301980650663,1730243180.6208107
3043.502932012431,-184.8489266453894,1730243180.6248214
2942.473047074443,-248.81961927647825,1730243180.6288335
3035.8139319198053,-266.34338692943896,1730243180.6328492
2968.646939831608,-228.07720042195328,1730243180.637844
3000.3864169581434,-199.24345007460715,1730243180.6418805
3017.7760741443726,-235.29681388101744,1730243180.644844
3057.2939583413554,-223.85272071990025,1730243180.6488652
3076.5388103173746,-197.58942098491443,1730243180.6528437
3027.07439983778,-216.119017138364,1730243180.6568716
3016.9043561106155,-169.60503692687,1730243180.6609824
3100.4775286290087,-208.8323484459339,1730243180.6659992
3040.3513360442325,-258.4532211367156,1730243180.6689403
3017.5078532109087,-153.75765010805728,1730243180.6729033
3032.5505772293304,-168.26393225955158,1730243180.677022
3048.397964048143,-245.3550988859056,1730243180.6809406
3066.458173568032,-231.3182033679728,1730243180.6852157
3035.1880830750565,-189.8780691478335,1730243180.6889832
2942.473047074443,-206.6865809782244,1730243180.6942196
3029.9130713836043,-240.5271220835593,1730243180.697182
3035.1657313306014,-260.2190089486848,1730243180.701238
2997.883021579149,-181.6302754438252,1730243180.705222
3051.504856527431,-149.80139133946793,1730243180.709374
2974.905428279093,-272.87009631038865,1730243180.71362
2987.467108662976,-330.20232083825124,1730243180.717492
3060.378499076188,-197.7458831961016,1730243180.722175
3079.489240585476,-136.1444754772753,1730243180.7251685
2957.3816606261325,-195.04132211700943,1730243180.7283115
3002.040446047836,-228.74775275561248,1730243180.733277
3084.652493554652,-225.0597149204868,1730243180.737506
3130.719438877039,-211.93924092522155,1730243180.7412183
3011.539937441342,-226.9819649436432,1730243180.7453623
3011.249364763423,-217.9742119281545,1730243180.7501907
3041.558330244819,-190.1239383368419,1730243180.7533288
2964.7800880408395,-137.08324874439822,1730243180.7561932
2994.6867221220405,-211.64866824730257,1730243180.7613816
3042.117123856202,-233.77689525805656,1730243180.765175
3032.8635016517046,-272.5124683991037,1730243180.7693503
3022.246423035434,-192.4038162712832,1730243180.773276
3017.396094488632,-124.40980963823912,1730243180.7774732
2998.97825705746,-231.988755701632,1730243180.7803566
2998.888850079638,-238.7389825271348,1730243180.7847283
3071.688481770573,-211.58161301393665,1730243180.7891595
3021.821739890783,-252.73117455615696,1730243180.7934272
3042.8994349121376,-210.1063978798864,1730243180.7971969
3107.0265897544136,-202.43974953171607,1730243180.801509
3091.7827000358943,-221.6398980188248,1730243180.805498
3055.014080406914,-211.67101999175787,1730243180.8084326
3026.5156062263977,-256.665081580291,1730243180.812749
3051.7730774608945,-244.1257529408637,1730243180.817293
2985.9918935289256,-127.33788816188434,1730243180.8217397
2976.604160857697,-146.15805699325287,1730243180.8258252
3011.0705508077804,-211.15692986928585,1730243180.8297088
3010.7352746409506,-225.4173428317717,1730243180.83351
3006.980181572459,-239.4989418386152,1730243180.836362
3005.728483882962,-189.45338600318263,1730243180.840258
2973.698434078507,-180.959723110166,1730243180.8457477
3050.4096210491207,-210.30756357998416,1730243180.8493605
3086.6194470667183,-217.7283427391461,1730243180.8539145
3079.310426629833,-181.7420341661017,1730243180.857303
2971.4185561440654,-203.78085419903448,1730243180.8606763
2979.308721936789,-251.05479372200887,1730243180.8642595
3029.086056838758,-260.1519537153189,1730243180.8683472
3053.158885617124,-211.87218569185563,1730243180.8732612
3016.2785072658667,-232.16756965727447,1730243180.877342
3063.2618741109222,-237.2637673930845,1730243180.881245
3074.2365806384782,-155.99282455358798,1730243180.884447
3014.780940387361,-152.8412285853897,1730243180.8884616
2957.3146053927667,-182.122013821842,1730243180.8924692
3003.046274548325,-249.4454681212268,1730243180.8964667
3021.8440916352383,-270.4337561647601,1730243180.9003968
3033.534053985364,-179.73037716512408,1730243180.9053447
3045.626347735685,-156.1045832758645,1730243180.9094143
3022.7381614134506,-183.48547023361567,1730243180.9123464
3050.1190483712016,-231.54172081252585,1730243180.9174533
3005.6167251606853,-262.7671078165898,1730243180.921515
3028.5496149718306,-209.5252525240484,1730243180.9243653
3074.102470171746,-217.05779040548688,1730243180.928356
3028.773132416384,-253.4464303787268,1730243180.9324095
2996.921896567571,-230.0888574229309,1730243180.9363203
3033.668164452096,-139.9442720346775,1730243180.9403515
3021.55351895732,-177.04816783048724,1730243180.94436
2980.046329503814,-294.3948262208493,1730243180.9494345
3017.5302049553643,-222.7574852415902,1730243180.9524486
3055.3940600626543,-172.28724626150685,1730243180.9564643
3020.12300731218,-196.5165372510597,1730243180.960369
3001.2357832474454,-225.9761364431544,1730243180.9643662
2993.233858732445,-228.68069752224656,1730243180.9684165
3027.8343591492608,-170.9014381052778,1730243180.9723892
3056.3328333297773,-158.2279989991187,1730243180.9773932
3061.786658976872,-200.0704646194536,1730243180.9803731
3027.8343591492608,-274.0994422554305,1730243180.9844792
2987.824736574261,-235.7438487701236,1730243180.988568
3028.817835905294,-173.4718887176381,1730243180.9924147
3046.542769258353,-231.54172081252585,1730243180.9966238
2994.440852933032,-237.30847088199508,1730243181.0004578
3052.980071661481,-172.57781893942584,1730243181.0054307
3036.909167398115,-182.2784760330291,1730243181.0085845
3023.7216381694843,-240.97415697266544,1730243181.0124424
3003.2474402484227,-249.87015126587767,1730243181.0164268
3006.3096292388,-201.6574384757803,1730243181.0204303
2984.539030139331,-195.89068840631109,1730243181.0244696
3036.015097619903,-191.95678138217704,1730243181.0284395
3046.296900069344,-236.3249941259616,1730243181.0325146
2989.031730774848,-212.56508976997017,1730243181.0354507
3004.432082704554,-188.82753715843407,1730243181.039476
3049.694365226551,-177.31638876395093,1730243181.0444827
3048.643833237152,-259.4814013816597,1730243181.0484867
2982.795594071817,-248.7078605542017,1730243181.052519
2985.231934217445,-184.98303711212125,1730243181.0565317
3021.955850357515,-194.37076978335023,1730243181.060495
3243.618100120795,-154.09292627488688,1730243186.0786104
3261.320681729398,-156.2610454870517,1730243186.0836496
3267.221542265599,-113.34569613286212,1730243186.0866563
3255.3080624709205,-110.7975972649571,1730243186.0905895
3250.614196135306,-153.8694088303338,1730243186.0935116
3266.0145480650126,-163.9723973241326,1730243186.099535
3268.137963788267,-123.58279509339276,1730243186.10271
3260.02428055099,-112.58573682138169,1730243186.1055765
3269.970806833602,-149.82374308392323,1730243186.111523
3289.036844853979,-168.3533392373728,1730243186.1145852
3265.299292242443,-124.3427544048732,1730243186.118723
3246.7249926000827,-89.45168131013887,1730243186.1216402
3242.679326853672,-131.40590565275022,1730243186.1256452
3244.8921495547474,-166.11816479184208,1730243186.129589
3262.4159172077084,-139.38547842329484,1730243186.1335638
3264.874609097792,-103.75679776153538,1730243186.138698
3247.082620511368,-114.575042077904,1730243186.1416397
3246.233254222066,-156.23869374259638,1730243186.1455684
3262.527675929985,-141.93357729119984,1730243186.1495996
3257.5655886609065,-106.50606232953815,1730243186.15374
3244.333355943365,-118.39719037976153,1730243186.1597996
3246.4791234110744,-158.96560656614383,1730243186.1626103
3268.4061847217304,-148.1250105053199,1730243186.166844
3267.400356221241,-113.59156532187048,1730243186.169823
3257.7667543610046,-110.4399693536722,1730243186.173808
3261.365385218309,-155.23286524210755,1730243186.1778035
3279.3808912492864,-160.1726007667304,1730243186.181896
3270.0155103225125,-106.26019314052978,1730243186.185831
3236.3984866617307,-94.9502104461444,1730243186.1898372
3232.8669110377923,-141.19596972417472,1730243186.1948264
3251.3741554467865,-169.6273886713253,1730243186.197852
3268.584998677373,-124.32040266041788,1730243186.2008674
3262.4606206966187,-94.92785870168908,1730243186.205886
3246.2109024776105,-137.6643941002362,1730243186.2098784
3247.0155652780018,-166.8110688699566,1730243186.2137928
3283.426556995697,-132.0317544974988,1730243186.2178757
3288.634513453784,-103.04154193896557,1730243186.2228663
3235.9961552615355,-128.83545504038992,1730243186.2258637
3231.414047648197,-163.637121157303,1730243186.2308693
3259.3090247284204,-152.57300765192602,1730243186.2337563
3245.8309228218704,-111.49050134307164,1730243186.2377515
3247.462600167108,-118.93363224668887,1730243186.2417457
3253.78814384796,-162.38542346780582,1730243186.245725
3260.873646840292,-152.68476637420255,1730243186.2509153
3249.541312401452,-115.8714432563118,1730243186.2538311
3246.389716433253,-127.15907420624188,1730243186.2569396
3253.497571170041,-160.1726007667304,1730243186.2620604
3282.2419145395656,-143.09586800287582,1730243186.265973
3303.520775261018,-105.23201289558564,1730243186.269994
3281.191382550166,-109.05416119744316,1730243186.2740176
3261.745364874049,-153.31061521895114,1730243186.27808
3260.068984039901,-152.26008322955173,1730243186.2810037
3230.967012759091,-122.8228357819123,1730243186.2850163
3243.5957483763395,-115.2008909226526,1730243186.2900157
3247.0155652780018,-138.0443737559764,1730243186.294041
3230.20705344761,-158.33975772139524,1730243186.2980473
3239.5053791410187,-129.7295248186022,1730243186.3020444
3243.3051756984205,-113.6362688107811,1730243186.3048413
3240.600614619329,-138.17848422270825,1730243186.308971
3273.748251646549,-160.84315310038963,1730243186.3128564
3270.3060830004315,-135.20570221015242,1730243186.3180225
3238.6783645961723,-109.07651294189849,1730243186.3219404
3218.6064980753063,-129.4166003962279,1730243186.3261857
3235.9514517726248,-170.186182282708,1730243186.3300104
3253.922254314692,-154.65171988626955,1730243186.3330705
3256.2915392269542,-108.69653328615824,1730243186.3372188
3258.0796787833788,-113.25628915504088,1730243186.3411615
3246.814399577904,-151.12014426233105,1730243186.3452487
3250.189512990655,-148.81791458343443,1730243186.350335
3272.2730365124985,-115.58087057839282,1730243186.3539476
3301.7326357045936,-134.1998737096636,1730243186.358363
3304.928935161702,-220.4552555626936,1730243186.3621247
3260.1360392732668,-178.72454866463528,1730243186.36516
3231.8387307928483,-44.32350925487391,1730243186.369184
3228.128341213267,-56.14758207173134,1730243186.3732033
3226.563719101396,-108.5624228194264,1730243186.3781056
3236.2867279394545,-132.5681963644262,1730243186.382177
3236.3984866617307,-103.06389368342089,1730243186.385187
3236.7114110841053,-97.4759575695941,1730243186.3891287
3241.40527741972,-145.9121878042445,1730243186.3931432
3232.196358704133,-168.6215601708365,1730243186.3971837
3249.7424781015493,-122.68872531518046,1730243186.401301
3249.0719257678898,-87.90941094272267,1730243186.4062665
3236.845521550837,-128.72369631811338,1730243186.4101105
3255.017489793001,-162.18425776770803,1730243186.4131465
3300.2797723149984,-131.51766437502675,1730243186.4172392
3258.012623550013,-87.26121035351878,1730243186.421043
3215.141977684734,-113.09982694385374,1730243186.425324
3256.6715188826943,-175.6623596742582,1730243186.429042
3287.941609375669,-153.04239428548746,1730243186.4332316
3253.4081641922194,-87.55178303143776,1730243186.438106
3206.9835909585468,-90.8598412108232,1730243186.4410484
3225.222614434077,-150.896626817778,1730243186.4452283
3247.5743588893843,-155.3669757088394,1730243186.449228
3217.712428297094,-92.17859413368632,1730243186.45319
3226.943698757136,-108.42831235269456,1730243186.4570563
3289.7297489320936,-146.35922269335066,1730243186.461209
3294.4012635232525,-152.70711811865786,1730243186.4662504
3205.038989190935,-116.65375431224756,1730243186.4692967
3178.172192355656,-111.75872227653532,1730243186.473374
3227.9495272576246,-138.17848422270825,1730243186.4783406
3242.433457664664,-153.42237394122768,1730243186.4811723
3251.575321146884,-138.8937400452781,1730243186.4852
3234.900919783225,-91.86566971131202,1730243186.4893177
3192.7455297405163,-94.25730636802987,1730243186.493312
3222.54040509944,-151.2766064735182,1730243186.497252
3272.1389260457668,-123.58279509339276,1730243186.5011988
3280.274961027498,-104.51675707301582,1730243186.50622
3291.1155570883225,-140.4583621571496,1730243186.5093567
3282.867763384314,-165.44761245818287,1730243186.5121613
3213.3091346393985,-108.78594026397948,1730243186.5173712
3208.436454348141,-79.66161723871437,1730243186.5212834
3259.711356128616,-146.2698157155294,1730243186.525382
3262.88530384127,-129.61776609632565,1730243186.5292013
3189.4151198166755,-64.82005892039048,1730243186.533398
3157.049793845391,-52.57130295888221,1730243186.5363345
3170.6396544742174,-83.30495158492943,1730243186.540342
3190.4209483171644,-137.73144933360211,1730243186.5454075
3231.034067992457,-131.27179518601838,1730243186.549437
3198.2440588765216,-129.4613038851385,1730243186.553448
3168.650349217696,-155.0316995420098,1730243186.5574884
3222.518053354985,-115.1785391781973,1730243186.5614595
3273.8823621132806,-160.50787693356003,1730243186.5643034
3268.9873300775685,-136.77032432202392,1730243186.5683491
3219.1876434311444,-107.78011176349064,1730243186.5734243
3192.6784745071504,-124.43216138269442,1730243186.57782
3205.553079313407,-108.60712630833702,1730243186.581627
3236.6443558507394,-99.3311523593846,1730243186.5855448
3235.4373616501525,-86.65771325322548,1730243186.5894608
3235.7502860725267,-107.40013210775044,1730243186.5923538
3236.7337628285604,-143.20762672515235,1730243186.5963445
3216.4160271186865,-117.52547234600452,1730243186.60165
3204.033160690446,-83.57317251839311,1730243186.605347
3214.091445695334,-151.9248070627221,1730243186.6094177
3248.0437455229458,-135.71979233262448,1730243186.6134536
3212.3480096278204,-68.6645589667033,1730243186.616692
3190.2197826170664,-32.81236086039077,1730243186.6204453
3193.818413474371,-53.10774482580958,1730243186.6245391
3176.875791177248,-83.84139345185679,1730243186.6286104
3171.734889952528,-114.2621176555297,1730243186.633624
3211.4762915940632,-111.0658181984208,1730243186.6374211
3207.8329572478483,-116.98903047907716,1730243186.640578
3197.6182100317733,-150.51664716203777,1730243186.6445177
3232.30811742641,-127.89668177326702,1730243186.648599
3249.563664145907,-78.4769747825831,1730243186.652683
3226.720181312583,-86.47889929758303,1730243186.656565
3179.289779578421,-141.86652205783392,1730243186.661527
3201.01567518898,-148.1026587608646,1730243186.665723
3186.062358148379,-128.27666142900722,1730243186.6690502
3217.555966085907,-178.72454866463528,1730243186.67249
3264.8299056088813,-159.1667722662416,1730243186.6765912
3186.82231745986,-42.84829412082364,1730243186.6806607
3173.746546953505,-103.01919019451026,1730243186.6846
3200.121605410768,-80.48863178356073,1730243186.689624
3193.3713785852647,-106.99780070755492,1730243186.6936536
3258.1690857612,-138.80433306745687,1730243186.6965106
3266.21571376511,-149.0637837724428,1730243186.7006893
3222.138073699245,-98.61589653681476,1730243186.7045105
3102.2209646965225,-111.64696355425878,1730243186.70867
3119.2306422270112,-182.7478626665905,1730243186.7125182
3200.121605410768,-79.50515502752722,1730243186.7177095
3193.6395995187286,-32.72295388256954,1730243186.7215395
3243.752210587527,-138.9384435341887,1730243186.7247012
3252.1117630138115,-157.35628096536172,1730243186.7286816
3211.2751258939657,-127.89668177326702,1730243186.7328184
3231.5481581149293,-132.25527194205188,1730243186.736822
3146.298604762388,-113.81508276642356,1730243186.7407265
3175.311169065377,-95.5984110353483,1730243186.7447407
3160.5143142359634,-87.86470745381206,1730243186.7498136
3215.991343974036,-119.44772236916094,1730243186.7527957
3222.205128932611,-88.19998362064167,1730243186.7567468
3310.4721677866182,-101.54397506046,1730243186.7607589
3190.4656518060747,-91.01630342201037,1730243186.7647717
3215.365495129287,-40.63547141974824,1730243186.7687964
3237.4043151622195,-132.6128998533368,1730243186.773815
3327.8618249728474,-214.30852583748413,1730243186.7767277
3231.5258063704737,-186.6594179462693,1730243186.779688
3207.005942703002,-27.78321835794668,1730243186.7848272
3081.3220836308105,1.095235478310046,1730243186.78874
3085.166583677123,-99.59937329284828,1730243186.792796
3148.444372230097,-184.1560225672749,1730243186.796785
3138.944880836592,-145.53220814850428,1730243186.8008313
3166.750450938994,-61.89198039674525,1730243186.804741
3189.39276807222,-110.70819028713588,1730243186.8078427
3150.880712375726,-236.61556680388057,1730243186.8118565
3197.9981896875133,-212.6768484922467,1730243186.8168893
3182.2849133354325,-46.2010557891197,1730243186.8217764
3105.1937467090784,-30.82305560386844,1730243186.8279076
3192.1196808957675,-128.56723410692624,1730243186.8308997
3173.411270786676,-118.17367293520844,1730243186.834912
3245.942681544147,-108.5400710749711,1730243186.8378344
3208.503509581508,-56.81813440539055,1730243186.8409307
3127.210214997556,-146.33687094889535,1730243186.8449273
3221.802797532416,-309.4822537281816,1730243186.848995
3299.855089170348,-178.34456900889506,1730243186.8529797
3112.9498020350698,-49.55381745741576,1730243186.8568037
3104.277325186411,-115.60322232284813,1730243186.859826
3139.9507093370808,-199.46696751916025,1730243186.8639767
3200.501585066508,-212.9450694257104,1730243186.8678403
3332.175711652721,-64.14950658673126,1730243186.8728929
3295.6753129572053,-71.10089911233176,1730243186.8769736
3269.45671671113,-200.4504442751937,1730243186.8809896
2977.565285869275,-50.67140468018111,1730243186.883999
3030.8071411618166,-60.72968968506929,1730243186.8878677
3138.877825603226,-40.03197431945495,1730243186.8923905
3184.2518668474995,-59.768564673491085,1730243186.895899
3152.9370728656145,-59.58975071784863,1730243186.90104
3038.9878796324588,-189.5651447254592,1730243186.9049437
3073.2307521379894,-209.45819729068248,1730243186.9090424
3258.124382272289,-189.07340634744244,1730243186.9121315
3276.7210336591047,-140.01132726804343,1730243186.9160566
3164.0905933488125,-101.05223668244324,1730243186.9200847
3190.6668175061727,-90.34575108835116,1730243186.924022
3192.969047185069,-120.38649563628384,1730243186.9280488
3230.005887747513,-78.18640210466411,1730243186.932937
3207.7659020144824,-121.61584158132572,1730243186.936916
3201.976800200558,30.398372459217605,1730243186.9400742
3146.946805351592,-23.938718311633863,1730243186.944089
3194.3548553412984,-206.82069144495625,1730243186.9481032
3157.7650496679607,-184.1113190783643,1730243186.9520185
3169.499715506997,-102.01336169402144,1730243186.956103
3142.6776221606283,-204.9431449107105,1730243186.9610856
3219.58997483134,-160.57493216692595,1730243186.9649646
3175.624093487751,20.47419792106127,1730243186.9681008
3140.509502948464,-102.23687913857452,1730243186.9720285
3095.917772760126,-128.99191725157706,1730243186.976117
3164.0235381154466,-58.02512860597714,1730243186.9821973
3182.910762180181,-65.04357636494355,1730243186.9861748
3270.753117889538,-25.235119490041672,1730243186.9901946
3227.010753990502,-123.78396079349052,1730243186.9932392
3147.885578618715,-175.10356606287553,1730243186.9971747
3253.922254314692,-92.29035285596288,1730243187.0007172
3209.621096804273,-60.14854432923131,1730243187.0042386
3142.6776221606283,-123.091056715376,1730243187.00835
3110.71462758954,-65.04357636494355,1730243187.012205
3074.37069110521,-28.20790150259751,1730243187.0173533
3225.3120214118985,-63.09897459733184,1730243187.0204482
3338.255386144565,-73.738404958058,1730243187.0234215
3298.9833711365904,-151.88010357381148,1730243187.0284443
3149.00316584148,-78.99106490505515,1730243187.032232
3179.8932766787148,-123.40398113775028,1730243187.0367455
3142.2752907604327,-134.87042604332282,1730243187.0403757
3126.517310919441,-59.03095710646596,1730243187.0454533
3277.682158670683,-97.25244012504103,1730243187.0488307
3074.348339360755,-72.55376250192673,1730243187.0513053
3134.8992150901813,-53.24185529254142,1730243187.056384
3223.0321434774573,-125.21447243863015,1730243187.0607364
3148.377316996732,-97.29714361395165,1730243187.0641968
3170.3490817962984,-55.141753571242525,1730243187.068663
3175.042948131913,-55.18645706015314,1730243187.0734036
3127.724305120028,-103.68974252816946,1730243187.0762663
3187.336407582332,-201.09864486439764,1730243187.079147
3256.068021782401,-214.08500839293103,1730243187.0842896
3228.0165824909905,-13.54515713991608,1730243187.0881605
3118.8059590823605,-26.37505845726233,1730243187.0922403
3109.2841159444,-83.17084111819759,1730243187.0963423
3166.571636983352,16.96497404157806,1730243187.1002707
3176.6746254771506,-70.05036712293233,1730243187.1033154
3200.590992044329,-47.542160456438125,1730243187.1073303
3204.2119746460885,-131.78588530849044,1730243187.112121
3344.938557736702,-168.86742935984486,1730243187.1163037
3111.943973534581,-16.160311241187006,1730243187.1201491
3199.294590865921,-154.80818209745672,1730243187.1243253
3260.8512950958366,-196.36007503987256,1730243187.1273286
3011.629344419163,-102.5051000720382,1730243187.1312869
3133.33459297831,-78.1640503602088,1730243187.1353705
3199.853384477304,-12.896956550712176,1730243187.141302
3256.135077015767,-14.886261807234504,1730243187.144335
3289.260362298532,-65.17768683167539,1730243187.148394
3208.4811578370523,-107.6236495523035,1730243187.1554072
3174.7300237095387,-107.48953908557166,1730243187.1584072
3268.428536466186,-27.31383172438523,1730243187.1622028
3145.5162937064524,-1.6316773452374156,1730243187.1653764
3109.999371766969,-122.19698693716371,1730243187.1694236
3198.802852487904,-68.44104152215023,1730243187.1724336
3170.237323074022,-80.53333527247135,1730243187.1763947
3217.2206899190774,-183.3066562779732,1730243187.1804385
3196.29945710891,-37.21565451808626,1730243187.183431
3135.592119168296,-125.28152767199607,1730243187.1872687
3209.755207271005,-86.99298942005508,1730243187.1934223
3250.4130304352084,-80.57803876138196,1730243187.1963477
3102.846813541272,-32.097105037820945,1730243187.2004807
3035.8362836642605,-118.73246654659113,1730243187.2043433
3227.100160968323,-70.51975375649378,1730243187.2074587
3168.650349217696,-52.68306168115875,1730243187.211384
3039.949004644037,-142.7382400915909,1730243187.2155204
3277.592751692862,-87.57413477589307,1730243187.219488
3263.7570218750266,-65.46825950959439,1730243187.2235909
3177.859267933281,9.11951173776528,1730243187.2285633
3179.289779578421,-22.23998573303053,1730243187.2324955
3234.3868296607534,-27.40323870220646,1730243187.235528
3210.0010764600133,-82.96967541809981,1730243187.2394888
3193.0584541628905,-130.40007715226142,1730243187.243583
3201.77563450046,-124.43216138269442,1730243187.24753
3200.188660644133,-57.48868673904977,1730243187.2515235
3249.0272222789795,-29.549006169915938,1730243187.2565796
3187.090538393324,-93.18442263417516,1730243187.2605696
3220.059361464901,-138.960795278644,1730243187.2635603
3221.40046613222,-73.15725960222002,1730243187.267554
3149.1819797971225,-33.90759633870081,1730243187.2724872
3119.297697460377,-85.31660858590706,1730243187.2765691
3116.2802119589105,-231.60877604589177,1730243187.2794905
3132.5522819223743,-191.8673744043558,1730243187.2835808
3175.355872554287,34.91342483918963,1730243187.2886512
3203.7649397569826,-56.862837894301165,1730243187.2916112
3174.037119631424,-70.34093980085133,1730243187.2965472
3150.612491442262,-113.47980659959396,1730243187.3006957
3219.5005678535185,-36.43334346215051,1730243187.304638
3325.2466708715765,-50.917273869189486,1730243187.3076522
3128.976002809525,-4.447997146606106,1730243187.3116648
3195.4724425640634,-135.831551054901,1730243187.316675
3218.293573652932,6.660819847681505,1730243187.31967
3144.130485550223,-16.473235663561304,1730243187.3236732
3177.7251574665497,-78.34286431585126,1730243187.3276544
3180.273256334455,-165.11233629135327,1730243187.3315876
3209.911669482192,-101.2981058714516,1730243187.3359675
3305.1301008618,-59.58975071784863,1730243187.3399131
3247.462600167108,-32.700602138114235,1730243187.344056
3123.52217716243,-105.0308471954879,1730243187.3466516
3203.2508496345104,-113.25628915504088,1730243187.351202
3146.969157096047,-48.54798895692694,1730243187.3562703
3076.1588306616345,-72.7772799464798,1730243187.3598475
3152.4006309986867,-143.94523429217747,1730243187.363691
3216.9301172411583,-21.368267699273552,1730243187.3682246
3169.231494573533,-10.214747216075327,1730243187.3718307
3167.1974858281,-111.66931529871408,1730243187.374904
3221.8922045102368,-58.58392221735981,1730243187.3787997
3238.9912890185465,-132.5234928755156,1730243187.3841512
3199.361646099287,-102.34863786085104,1730243187.3876543
3107.205403710056,46.558683700404615,1730243187.392276
3170.684357963128,-85.58482951937074,1730243187.3957288
3159.106154335279,-139.5866441233926,1730243187.3989103
3162.7271369370387,-49.196189546130846,1730243187.402789
3189.996265172513,-19.33425895384061,1730243187.4073098
3223.7697510444823,-149.28730121699587,1730243187.4120247
3105.529022875908,-210.17345311325232,1730243187.4162407
3194.712483252584,-68.55280024442676,1730243187.4199867
3171.1984480856,31.158331770698044,1730243187.422757
3215.8795852517587,-67.52461999948264,1730243187.4272287
3162.3471572812987,-102.30393437194044,1730243187.4308412
3243.1934169761444,-29.392543958728787,1730243187.4349976
3265.343995731353,-29.191378258631023,1730243187.4388852
3192.656122762695,-15.243889718519418,1730243187.4442892
3151.730078665028,-150.67310937322492,1730243187.448067
3220.931079498658,-159.2114757551522,1730243187.452382
3119.5435666493854,65.75883218751338,1730243187.4547772
3135.949747079581,-8.203090215097692,1730243187.4593315
3241.807608819915,-115.55851883393753,1730243187.4628055
3251.6423763802504,-55.18645706015314,1730243187.469093
3242.232291964566,-87.41767256470592,1730243187.4721556
3187.2470006045105,-91.01630342201037,1730243187.47624
3105.1937467090784,-100.89577447125608,1730243187.4788263
3210.49281483803,-79.34869281634008,1730243187.4828484
3212.9291549836585,-106.37195186280633,1730243187.486918
2989.7469865974176,-136.03271675499877,1730243187.4910667
3139.48132270352,-66.47408801008321,1730243187.4951515
3212.9515067281136,-31.024221303966204,1730243187.500104
3183.5366110249297,-53.28655878145204,1730243187.503848
3121.7787410949163,-187.53113598002625,1730243187.5072536
3224.9543935006136,-89.31757084340703,1730243187.5110924
3166.526933494441,48.1009540678208,1730243187.51541
3224.328544655865,12.829901317346254,1730243187.520896
3223.3227161553764,-110.32821063139566,1730243187.5243924
3197.8640792207816,-41.97657608706666,1730243187.5283942
3172.740718453016,-26.352706712807027,1730243187.531014
3221.646335321228,-38.42264871867284,1730243187.535188
3241.807608819915,-33.84054110533489,1730243187.539046
3222.83097777736,-146.15805699325287,1730243187.5429735
3133.5804621673183,19.24485197601938,1730243187.546909
3197.551154798407,-57.77925941696876,1730243187.5515032
3151.3948024981983,-105.3884751067728,1730243187.5561416
3153.7417356660053,-84.8248702078903,1730243187.5592716
3142.185883782612,-159.68086238871365,1730243187.5629115
3082.3949673646653,-193.9237348942441,1730243187.567252
3183.715424980572,33.99700331652204,1730243187.570995
3260.001928806535,-52.32543376987383,1730243187.5751095
3183.089576135824,-66.22821882107483,1730243187.578948
3155.3063577778767,-8.359552426284841,1730243187.5845048
3240.399448919231,3.3974651572066734,1730243187.5869355
3236.890225039748,-46.759849400502375,1730243187.5913105
3128.5960231537847,-136.50210338856024,1730243187.595153
3159.8661136467595,-64.52948624247149,1730243187.599361
3133.7816278674163,-4.783273313435712,1730243187.6031363
3165.074070104846,-102.28158262748512,1730243187.607175
3149.159628052668,-73.22431483558594,1730243187.612016
3121.2870027169,-105.07555068439852,1730243187.615483
3163.464744504064,-3.308058179385445,1730243187.6182003
3201.6415240337283,-51.54312271393809,1730243187.622988
3185.9282476816475,-166.766365381046,1730243187.627344
3165.945788138603,-146.11335350434226,1730243187.6314776
3186.777613970949,53.957111115111246,1730243187.6356564
3214.002038717513,-71.30206481242953,1730243187.6381068
3220.5734515873733,-95.5984110353483,1730243187.6421518
3283.6947779291604,-47.65391917871466,1730243187.6461773
3235.549120372429,31.158331770698044,1730243187.6513546
3036.596242975741,-27.738514869036063,1730243187.6551163
3044.084077368269,-139.40783016775015,1730243187.6593373
3195.2042216306,-63.79187867544636,1730243187.6631386
3188.319884338365,44.03293657695491,1730243187.666366
3212.079788694357,-18.19431998661995,1730243187.6703568
3190.644465761717,-108.42831235269456,1730243187.674706
3126.204386497067,-140.88304530180042,1730243187.6791344
3108.904136288659,-135.69744058816917,1730243187.683271
3183.715424980572,-69.71509095610273,1730243187.687142
3183.424852302653,-9.544194882416116,1730243187.6913078
3168.158610839678,-90.1669371327087,1730243187.6943576
3225.5802423453624,-105.85786174033424,1730243187.698518
3127.657249886662,-26.732686368547245,1730243187.7023232
3157.094497334301,-125.41563813872791,1730243187.7073698
3186.084709892835,27.47029393557238,1730243187.711278
3135.010973812458,87.0376929089657,1730243187.715796
3206.000114202513,-14.014543773477529,1730243187.71961
3283.6947779291604,-122.75578054854638,1730243187.7223632
3216.34897188532,-41.082506308854384,1730243187.7267542
3149.5396077084074,-70.96678864559992,1730243187.7303
3192.4102535736865,-35.91925333967845,1730243187.7347317
3162.280102047933,-100.0017046930438,1730243187.7395086
3189.01278841648,-114.77620777800176,1730243187.743204
3141.180055282123,23.60344214480426,1730243187.7473068
3246.769696088993,-27.69381138012545,1730243187.750986
3181.4802505350413,-4.738569824525097,1730243187.7543156
3220.7969690319264,-129.88598702978933,1730243187.7586448
3228.64243133574,-70.67621596768093,1730243187.762236
3085.546563332864,4.313886679874263,1730243187.7685435
3087.021778466914,-31.851235848812564,1730243187.771279
3096.498918115964,-60.70733794061398,1730243187.775761
3151.081878075824,-125.21447243863015,1730243187.7784824
3226.4072568902084,-174.27655151802918,1730243187.7824197
3127.791360353394,-122.39815263726148,1730243187.786572
3124.639764385196,-115.96085023413303,1730243187.7907386
3240.0865244968563,8.046628003910543,1730243187.7948873
3242.455809409119,23.044648533421583,1730243187.7995658
3234.3421261718427,-71.27971306797423,1730243187.8024292
3209.509338081996,12.919308295167482,1730243187.806686
3141.7388488935053,4.313886679874263,1730243187.8105285
3164.515276493464,-78.58873350485963,1730243187.814626
3188.901029694204,-31.337145726340506,1730243187.8188033
3124.125674262724,-3.933907024134043,1730243187.8225143
3167.4433550171084,-133.46226614263847,1730243187.8279123
3087.692330800573,-109.76941702001298,1730243187.8304234
3080.115089430224,-186.27943829052907,1730243187.8345168
3291.31672278842,-78.4769747825831,1730243187.8383892
3330.23110988511,-87.70824524262491,1730243187.842502
3253.7657921035043,-114.75385603354646,1730243187.8463883
3077.365824862221,-13.455750162094851,1730243187.8508844
3094.844889026271,-23.20111074460873,1730243187.855497
3128.6407266426954,136.18917896618592,1730243187.8587656
3158.390898512709,5.878508791745758,1730243187.8623884
3192.499660551508,-17.143787997220517,1730243187.8669128
3167.331596294832,17.59082288632666,1730243187.8704207
3178.7086342225834,-52.32543376987383,1730243187.8746324
3211.297477638421,-170.36499623835044,1730243187.8784556
3188.6998639941057,-72.17378284618651,1730243187.8826177
3197.797023987416,-2.101063978798864,1730243187.885916
3234.900919783225,-93.22912612308576,1730243187.891051
3146.5221222069413,-24.85513983430145,1730243187.8947828
3123.1869009956004,-91.23982086656343,1730243187.8988855
3159.061450846368,-139.18431272319708,1730243187.902651
3167.823334672849,51.52077096948278,1730243187.9070735
3134.273366245433,-25.6374508902372,1730243187.9108224
3165.4764015050414,-100.91812621571138,1730243187.9135602
3248.9601670456136,-50.53729421344927,1730243187.918062
3167.599817228296,-8.203090215097692,1730243187.9224677
3059.685594998073,-104.74027451756888,1730243187.927081
3172.8524771752927,-16.920270552667446,1730243187.9305713
3220.3499341428205,33.34880272731814,1730243187.934719
3195.941829197625,16.74145659702499,1730243187.938516
3270.194324278155,-131.6741265862139,1730243187.941681
3275.8940191142583,-188.1346330803196,1730243187.946606
3124.9750405520253,-23.91636656717856,1730243187.9510863
3131.5017499329747,55.90171288272296,1730243187.954527
3148.332613507821,-41.88716910924544,1730243187.959088
3211.1857189161447,-157.06570828744273,1730243187.962587
3192.522012295963,16.115607752276393,1730243187.9671843
3165.4093462716755,-7.241965203519488,1730243187.9698238
3186.263523848477,-54.67236693768108,1730243187.974134
3220.126416698268,-151.09779251787575,1730243187.97855
3144.018726827947,-62.40607051921732,1730243187.9827583
3209.107006681801,120.16297819173076,1730243187.986755
3141.0012413264803,97.31949535840695,1730243187.990311
3116.503729403464,-73.38077704677309,1730243187.9942973
3166.7280991945386,-174.70123466268,1730243187.9982874
3133.5357586784075,-156.43985944269414,1730243188.0017796
3153.518218221452,-62.51782924149386,1730243188.007126
3215.611364318296,-34.8016661169131,1730243188.011172
3202.915573467681,44.6140819327929,1730243188.0152907
3132.0605435443576,21.41297118818417,1730243188.0178173
3150.0984013197904,-20.09421826532105,1730243188.0216515
3188.6104570162843,-131.9646992641329,1730243188.0261507
3308.9298974192025,-116.51964384551572,1730243188.0296476
3296.524679246507,-75.0348061364658,1730243188.0336473
3043.055897123325,-45.91048311120071,1730243188.03871
3087.424109867109,31.918291082178484,1730243188.0439708
3238.1195709847893,11.7123140945809,1730243188.0479512
3214.6055358178064,-106.17078616270857,1730243188.0511646
3162.123639836745,-41.90952085370074,1730243188.0537517
3138.4754942030304,-15.914442052178629,1730243188.057969
3209.330524126354,-24.631622389748383,1730243188.0617473
3110.491110144986,-29.794875358924315,1730243188.0670223
3113.128615990712,-28.297308480418742,1730243188.0707512
3181.0555673903905,-15.556814140893716,1730243188.0742135
3166.1246020942453,-126.77909455050164,1730243188.0787525
3290.869687899314,-73.80546019142392,1730243188.0817492
3165.0293666159355,8.091331492821157,1730243188.085863
3047.2356733364672,-64.08245135336534,1730243188.089874
3180.273256334455,-130.26596668552955,1730243188.0950136
3202.893221723225,-46.558683700404615,1730243188.097906
3200.099253666312,44.09999181032084,1730243188.1019423
3160.916645636159,-79.86278293881213,1730243188.1058233
3157.7650496679607,-116.72080954561348,1730243188.1098747
3155.418116500153,-39.94256734163372,1730243188.1138923
3184.073052891857,0.2682209334636847,1730243188.1178558
3215.723123040572,43.94352959913368,1730243188.1229591
3184.654198247695,-60.50617224051622,1730243188.1259935
3268.115612043812,-203.64674373230264,1730243188.1298416
3156.647462445196,6.571412869860277,1730243188.1340375
3167.488058506019,27.179721257653387,1730243188.1378484
3194.48896580803,-15.713276352080864,1730243188.142446
3200.099253666312,-56.57226521638218,1730243188.1457744
3112.458063657053,29.92898582565616,1730243188.1511936
3126.04792428588,32.61119516029301,1730243188.153813
3119.275345715922,-50.269073279985584,1730243188.1573305
3132.4405232000977,-163.10067929037564,1730243188.1618636
3111.407531667653,-164.82176361343429,1730243188.1660576
3219.031181219957,-36.14277078423152,1730243188.1700215
3261.655957896228,50.09025932434313,1730243188.174337
3190.957390184092,-49.665576179692295,1730243188.1780035
3101.952743763059,-31.985346315544408,1730243188.1819596
3184.944770925614,8.471311148561377,1730243188.1850822
3206.558907813896,-19.9377560541339,1730243188.1904013
3144.510465205964,-63.188381575153066,1730243188.1945095
3163.800020670893,-112.58573682138169,1730243188.1984828
3272.0495190679458,-57.08635533885424,1730243188.2019565
3161.8554189032816,15.422703674161871,1730243188.206251
3126.9196423196368,-10.214747216075327,1730243188.2088852
3125.7126481190503,-75.57124800339318,1730243188.2129111
3161.944825881103,-69.42451827818374,1730243188.2182412
3193.7737099854603,-19.69188686512552,1730243188.221982
3179.558000511885,-87.86470745381206,1730243188.226303
3150.6348431867177,-24.072828778365707,1730243188.2300563
3146.030383828924,-71.90556191272282,1730243188.233137
3215.723123040572,-103.62268729480354,1730243188.2369664
3140.8000756263827,24.318697967374085,1730243188.2413647
3104.076159486313,-103.53328031698231,1730243188.246075
3175.847610932304,-102.12512041629796,1730243188.2503662
3160.938997380614,35.71808763958069,1730243188.2540293
3097.4153396386314,-33.66172714969244,1730243188.2583084
3172.3830905417312,-78.18640210466411,1730243188.2611833
3158.7708781684496,-163.48065894611585,1730243188.2656963
3139.7718953814383,-17.859043819790344,1730243188.2695868
3219.075884708868,75.05715788092111,1730243188.273263
3150.008994341969,-22.50820666649421,1730243188.2783296
3118.6047933822624,-107.9589257191331,1730243188.2824328
3134.318069734344,-9.186566971131205,1730243188.2864096
3144.421058228142,-10.930003038645154,1730243188.289312
3161.4530875030864,-90.61397202181485,1730243188.2933104
3218.382980630753,-122.68872531518046,1730243188.29723
3207.609439803295,-46.58103544485992,1730243188.301308
3126.696124875084,-19.15544499819816,1730243188.306295
3151.551264709385,-34.77931437245779,1730243188.3103888
3213.8232247618707,-69.98331188956641,1730243188.313125
3219.411160875697,-22.061171777388072,1730243188.318364
3171.2878550634214,1.8328430453351792,1730243188.3210952
3123.365714951243,-20.205976987597584,1730243188.3252816
3143.035250071913,-63.00956761951061,1730243188.329115
3179.982683656536,-62.29431179694078,1730243188.3342652
3168.717404451061,-25.57039565687128,1730243188.3382983
3157.094497334301,-35.98630857304437,1730243188.341218
3132.8428546002933,-56.90754138321178,1730243188.3450632
3160.782535169427,-125.37093464981731,1730243188.3493197
3179.625055745251,-69.08924211135412,1730243188.3532715
3184.5871430143293,33.79583761642428,1730243188.357434
3089.4804703569976,-92.0668354114098,1730243188.3631356
3135.346249979288,-155.0540512864651,1730243188.3667142
3197.3723408427645,-64.2165618200972,1730243188.3701584
3203.1390909122338,20.38479094324004,1730243188.3734868
3214.091445695334,-107.17661466319736,1730243188.3773768
3210.8951462382256,-98.72765525909128,1730243188.381482
3173.9253609091475,-4.023314001955272,1730243188.385476
3106.624258354218,20.831825832346183,1730243188.390366
3178.239247589022,18.551947897904864,1730243188.3943682
3112.122787490224,-3.710389579580972,1730243188.3973727
3148.645537930195,-65.42355602068378,1730243188.4013772
3115.9672875365363,-20.92123281016741,1730243188.4052775
3189.213954116577,-12.673439106159105,1730243188.4093957
3203.720236268072,-174.88004861832246,1730243188.413297
3192.611419273784,-109.478844342094,1730243188.4173727
3121.2199474835334,43.20592203210855,1730243188.42127
3131.010011554958,-13.209880973086474,1730243188.4243796
3241.2935186974432,-133.5963766093703,1730243188.4292536
3224.328544655865,-129.50600737404912,1730243188.4334204
3143.7058024055723,-32.56649167138239,1730243188.4373276
3117.241336970489,21.54708165491601,1730243188.4412577
3127.009049297458,-75.3030270699295,1730243188.4452376
3175.802907443393,-58.96390187310004,1730243188.4494364
3189.795099472416,43.13886679874263,1730243188.4524
3168.6727009621504,9.410084415684274,1730243188.4564505
3213.867928250781,-55.52173322698275,1730243188.4614887
3207.363570614287,-65.89294265424522,1730243188.4654603
3133.692220889595,17.81434033087973,1730243188.4694796
3121.175243994623,-76.82294569289037,1730243188.4734826
3267.9144463437137,-105.0979024288538,1730243188.4775107
3223.6803440666613,-27.71616312458076,1730243188.4804163
3133.938090078603,3.19629945710891,1730243188.4844851
3114.0226857689245,30.35366897030699,1730243188.4895072
3116.5707846368296,-43.049459820921406,1730243188.4935353
3191.002093673002,-154.1376297637975,1730243188.497511
3216.5277858409627,-48.92796861266716,1730243188.5014925
3131.278232488421,26.12918926825396,1730243188.505515
3066.771097990405,-132.3446789198731,1730243188.5095248
3152.110058320768,-95.82192847990136,1730243188.5123816
3229.5141493694964,18.686058364636704,1730243188.517548
3169.790288184916,27.49264568002769,1730243188.5225072
3111.0499037563686,-33.237044005041604,1730243188.5266104
3229.983536003058,-136.7256208331133,1730243188.5294733
3246.233254222066,-153.62353964132544,1730243188.5325892
3120.5493951498743,-15.06507576287696,1730243188.5366817
3169.9691021405583,78.29816082694065,1730243188.540902
3133.848683100782,-25.12336076776514,1730243188.5454664
3234.4762366385744,-38.46735220758345,1730243188.5497527
3217.421855619175,-7.107854736787646,1730243188.553485
3066.458173568032,2.3469331678072414,1730243188.5568736
3147.7067646630726,-63.56836123089329,1730243188.5605652
3151.4171542426534,-55.54408497143805,1730243188.5650856
3153.853494388282,-3.95625876858935,1730243188.56908
3139.838950614804,-7.666648348170322,1730243188.5741196
3148.042040829902,-47.89978836772303,1730243188.5779471
3154.904026377681,-106.37195186280633,1730243188.5816543
3204.63665779074,-44.569378443882286,1730243188.5851133
3187.716387238072,-26.44211369062825,1730243188.5902348
3130.697087132584,-34.04170680543265,1730243188.5941646
3128.5960231537847,-45.95518660011132,1730243188.5990672
3151.841837387304,7.845462303812779,1730243188.601606
3143.52698844993,19.80364558740206,1730243188.607134
3110.2228892115227,-58.60627396181512,1730243188.6100557
3164.939959638114,-127.31553641742904,1730243188.6137784
3234.587995360851,-91.39628307775058,1730243188.617156
3179.6697592341616,-38.80262837441306,1730243188.6205895
3087.8934965006706,-45.01641333298842,1730243188.624578
3127.500787675475,-52.68306168115875,1730243188.6285546
3144.331651250321,-28.185549758142205,1730243188.6339335
3139.6601366591617,-41.44013422013929,1730243188.6365638
3186.6435035042173,19.848349076312672,1730243188.6408331
3184.5424395254186,-115.58087057839282,1730243188.644886
3178.1498406112005,-72.95609390212225,1730243188.6490462
3196.2771053644547,-57.82396290587937,1730243188.652686
3098.175298950112,-53.4877244815498,1730243188.6570752
3189.01278841648,-35.7627911284913,1730243188.661651
3208.6599717926947,-72.10672761282058,1730243188.6653404
3150.3889739977094,-91.17276563319751,1730243188.667786
3130.0265347989243,-10.19239547162002,1730243188.6726685
3158.592064212807,-16.67440136365907,1730243188.6771324
3133.4687034450417,-38.9367388411449,1730243188.6826437
3093.503784358953,-10.19239547162002,1730243188.6858325
3148.28791001891,-1.6093256007821086,1730243188.690953
3123.365714951243,-114.2621176555297,1730243188.694186
3004.8567658492047,-175.9976358410878,1730243188.6983533
3081.0315109528915,-29.392543958728787,1730243188.701054
3148.712593163561,9.58889837132673,1730243188.7047284
3155.7310409225274,-24.22929098955285,1730243188.7093005
3178.4404132891195,-75.21362009210827,1730243188.7127535
3230.698791825628,-71.99496889054404,1730243188.718052
3189.169250627667,-1.8998982787011005,1730243188.7207627
3096.3648076492323,-1.2516976894971954,1730243188.7243097
3121.845796328282,-51.61017794730401,1730243188.728721
3207.944715970125,-86.43419580867241,1730243188.7328217
3211.6104020607954,-32.72295388256954,1730243188.736736
3171.757241696983,-26.39741020171764,1730243188.7409918
3084.406624365643,-54.91823612668945,1730243188.7458255
3155.7980961558937,-93.6538092677366,1730243188.7490427
3253.229350236577,-82.2767713399853,1730243188.7522209
3126.517310919441,16.003849029999856,1730243188.7571034
3131.099418532779,-16.74145659702499,1730243188.7612417
3144.8457413727933,-91.84331796685672,1730243188.7653992
3111.608697367752,-43.116515054287326,1730243188.769344
3143.7952093833937,-25.3021747234076,1730243188.7728336
3154.881674633226,-42.82594237636833,1730243188.7761586
3123.231604484511,-67.85989616631224,1730243188.779785
3164.4258695156423,-31.895939337723178,1730243188.7851465
3137.9837558250138,22.01646828847745,1730243188.789108
3047.2356733364672,-79.68396898316968,1730243188.7928936
3141.3812209822204,-190.9062493927776,1730243188.799036
3277.905676115236,-107.78011176349064,1730243188.802354
3249.496608912541,56.08052683836542,1730243188.8048632
3121.890499817193,20.340087454329428,1730243188.8082104
3097.594153594274,-78.54403001594902,1730243188.812837
3146.43271522912,-53.01833784798836,1730243188.8173468
3147.885578618715,-31.27009049297458,1730243188.8209
3135.234491257011,-64.30596879791842,1730243188.825162
3168.315073050865,-67.7257856995804,1730243188.8288856
3191.1809076286445,-124.07453347140952,1730243188.833038
3136.530892435419,-3.0398372459217606,1730243188.8362596
3134.295717989888,9.074808248854668,1730243188.840224
3143.035250071913,-78.1416986157535,1730243188.8448956
3188.833974460837,-71.8385066793569,1730243188.849136
3196.9923611870245,-52.437192492150366,1730243188.8524704
3121.3764096947207,49.263244779496766,1730243188.8561974
3083.624313309707,-1.877546534245793,1730243188.859939
3120.2141189830445,-133.12698997580887,1730243188.8641863
3146.343308251299,-61.4002420187285,1730243188.8682327
3151.3500990092875,-20.42949443215065,1730243188.873088
3099.337589661788,-57.6004454613263,1730243188.8775246
3096.521269860419,-116.63140256779224,1730243188.8799715
3218.382980630753,-78.29816082694065,1730243188.884106
3146.991508840503,3.643334346215051,1730243188.8879907
3129.8253690988267,-43.049459820921406,1730243188.8921287
3148.9584623525698,-51.990157603044224,1730243188.8959749
3209.509338081996,-14.99802052951104,1730243188.9023583
3110.558165378352,-69.20100083363067,1730243188.9063356
3058.813876964316,-112.78690252147943,1730243188.9092937
3091.223906424512,-59.88032339576762,1730243188.912996
3104.7914153088827,-27.20207300210869,1730243188.916398
3205.8213002468706,-13.23223271754178,1730243188.9220948
3129.557148165364,-38.02031731847731,1730243188.92525
3110.75933107845,-110.68583854268056,1730243188.928152
3103.1820897081006,4.023314001955272,1730243188.933143
3122.8963283176818,30.644241648225982,1730243188.9362671
3175.154706854189,-125.79561779446814,1730243188.9406524
3138.207273269567,-26.82209334636848,1730243188.9446282
3124.706819618561,-30.063096292388,1730243188.948504
3150.299567019888,-87.48472779807184,1730243188.952255
3164.515276493464,-16.942622297122753,1730243188.9573412
3034.897510397137,-26.308003223896414,1730243188.9603505
3134.586290667807,-73.96192240261107,1730243188.9631548
3209.107006681801,-32.54413992692708,1730243188.9676926
3148.5337792079185,-69.98331188956641,1730243188.9722493
3074.303635871844,-186.12297607934192,1730243188.9766748
3112.167490979134,-109.88117574228951,1730243188.9801805
3140.844779115293,67.81519267740163,1730243188.9843552
3114.2909067023884,-30.934814326144974,1730243188.9881144
3078.304598129344,-89.47403305459417,1730243188.9913197
3186.755262226494,-22.485854922038904,1730243188.99615
3179.490945278519,11.354686183295987,1730243189.000347
3173.1877533421225,5.789101813924529,1730243189.0041242
3128.081933031313,-28.25260499150813,1730243189.0087423
3131.613508655252,-67.25639906601896,1730243189.0133271
3144.979851839525,-48.4362302346504,1730243189.016381
3130.3171074768434,42.75888714300241,1730243189.0191753
3055.170542618101,-58.382756517262045,1730243189.0234313
3151.9535961095808,-74.65482648072559,1730243189.0281413
3190.4209483171644,-146.13570524879756,1730243189.032303
3108.3900461661874,-45.66461392219233,1730243189.0365202
3163.732965437528,-86.3671405753065,1730243189.0407896
3175.467631276564,-51.05138433592133,1730243189.0443769
3142.2752907604327,-27.49264568002769,1730243189.0475128
3170.729061452039,16.629697874748455,1730243189.0512605
3143.5493401943854,12.628735617248491,1730243189.056785
3163.1965235706,-54.67236693768108,1730243189.0607295
3107.3842176656985,-45.12817205526496,1730243189.06449
3081.165621419623,-18.90957580918977,1730243189.0688112
3098.532926861397,-73.47018402459432,1730243189.072368
3127.433732442109,-128.7907515514793,1730243189.0757656
3120.035305027402,-11.980535028044583,1730243189.079219
3153.071183332346,-17.479064164050122,1730243189.084398
3231.235233692555,8.806587315390983,1730243189.0884116
3130.115941776746,1.765787811969258,1730243189.0923784
3148.62318618574,-45.91048311120071,1730243189.0952475
3187.984608171536,-53.91240762620063,1730243189.0993075
3171.332558552332,-43.787067387946536,1730243189.1032295
3086.5523918333524,-116.4749403566051,1730243189.1074283
3104.724360075517,-60.81909666289052,1730243189.1122208
3168.449183517597,-2.838671545823997,1730243189.1165133
3166.7057474500834,-31.11362828178743,1730243189.120298
3075.2871126278774,-55.23116054906375,1730243189.123421
3091.603886080252,-113.6139170663258,1730243189.1274571
3066.6369875236737,-95.79957673544608,1730243189.1312656
3166.214009072067,35.740439384035994,1730243189.135461
3163.0177096149578,35.51692193948292,1730243189.1404665
3199.1828321436446,-126.04148698347652,1730243189.1444676
3085.792432521872,-139.9442720346775,1730243189.148491
3092.9673424920256,37.46152370709464,1730243189.1513772
3130.652383643673,39.92021559717841,1730243189.1555705
3178.552172011396,8.560718126382605,1730243189.159875
3161.564846225363,-23.15640725569812,1730243189.1634312
3125.176206252123,-34.24287250553042,1730243189.1688688
3118.828310826816,-18.70841010909201,1730243189.1725116
3114.067389257835,-130.0648009854318,1730243189.1756868
3135.8603401017594,-134.87042604332282,1730243189.1794324
3180.9214569236588,27.69381138012545,1730243189.1836874
3141.269462259944,51.61017794730401,1730243189.1873977
3089.949856990559,-71.10089911233176,1730243189.191546
3095.984827993492,-136.0774202439094,1730243189.1954043
3209.129358426256,-46.98336684505544,1730243189.2006292
3110.401703167165,63.72482344208044,1730243189.2034197
3114.849700313771,-6.951392525600497,1730243189.2079678
3115.296735202877,-84.46724229660539,1730243189.2114065
3140.3753924817315,-93.76556799001312,1730243189.2156727
3114.447368913576,-1.9893052565223288,1730243189.2196732
3143.5046367054747,-4.135072724231806,1730243189.2240102
3152.780610654427,-101.18634714917508,1730243189.2284803
3149.092572819301,30.53248292594945,1730243189.231614
3115.296735202877,25.05630553439922,1730243189.2357807
3108.255935699455,-38.80262837441306,1730243189.240006
3143.8399128723045,-28.990212558533266,1730243189.2434795
3132.1275987777235,-43.69766041012531,1730243189.2477288
3195.695960008617,-70.47505026758317,1730243189.2516303
3117.531909648408,-48.57034070138225,1730243189.2566626
3180.943808668114,-114.73150428909116,1730243189.2594929
3111.675752601117,-117.61487932382576,1730243189.2636087
3098.130595461201,47.7880296454465,1730243189.2680247
3100.9692670070253,31.314793981885195,1730243189.2716749
3117.308392203855,-78.20875384911942,1730243189.275553
3188.2081256160886,-20.98828804353333,1730243189.2795167
3161.050756102891,12.695790850614411,1730243189.28377
3195.3159803528765,19.33425895384061,1730243189.2864842
3121.1528922501675,-55.81230590490173,1730243189.291525
3089.033435467891,-138.98314702309932,1730243189.2956178
3187.5152215379744,-40.94839584212254,1730243189.299991
3123.1198457622345,7.376075670251331,1730243189.302736
3131.5241016774303,-10.147691982709407,1730243189.307592
3153.182942054623,-117.83839676837884,1730243189.3115437
3120.035305027402,-38.75792488550245,1730243189.315833
3075.6447405391623,28.45377069160589,1730243189.3196497
3122.5163486619413,-16.920270552667446,1730243189.3248272
3170.125564351745,-62.16020133020894,1730243189.3277495
3157.34036652331,-63.94834088663351,1730243189.331314
3105.7748920649165,-72.7996316909351,1730243189.3361237
3093.8390605257823,-21.368267699273552,1730243189.3396575
3076.5835138062853,43.09416330983202,1730243189.34404
3115.6096596252514,-54.7617739155023,1730243189.3483405
3133.2228342560334,10.72883733854739,1730243189.3527524
3106.7807205654053,-22.798779344413205,1730243189.3557434
3178.842744689315,-136.81502781093454,1730243189.3587923
3195.673608264161,-94.81609997941256,1730243189.362619
3134.7651046234496,52.81717214789059,1730243189.3678336
3157.541532223408,-3.6656860906703583,1730243189.3718033
3163.3753375262427,-62.85310540832346,1730243189.375798
3118.247165470977,-105.81315825142364,1730243189.3786783
3106.691313587584,-13.880433306745688,1730243189.3827915
3152.7359071655164,-36.72391614006951,1730243189.3866706
3158.4803054905306,-93.63145752328128,1730243189.3910265
3180.072090634357,-36.56745392888235,1730243189.3956883
3214.359666628798,-65.512962998505,1730243189.3997416
3118.09070325979,-86.99298942005508,1730243189.4037511
3016.50202471042,60.88615189625644,1730243189.4068997
3117.688371859595,32.588843415837694,1730243189.411044
3147.7961716408936,10.460616405083703,1730243189.415034
3120.5493951498743,-70.09507061184294,1730243189.4192035
3085.010121465936,-78.09699512684287,1730243189.4240923
3168.806811428882,-34.55579692790472,1730243189.4280643
3160.2460933024995,11.42174141666191,1730243189.4322932
3121.175243994623,58.65097745072573,1730243189.4349904
3114.402665424665,15.221537974064107,1730243189.4390483
3110.9381450340925,-79.61691374980376,1730243189.4429317
3138.140218036201,-76.82294569289037,1730243189.446763
3169.097384106801,-23.715200867080792,1730243189.451923
3192.812584973882,-26.17389275716457,1730243189.456334
3163.3529857817875,-93.96673369011089,1730243189.459241
3223.4344748776525,-70.16212584520888,1730243189.462778
3130.4735696880307,6.727875081047426,1730243189.4671211
3034.3834202746657,45.441096477639256,1730243189.4708507
3040.7313156999726,-73.29137006895186,1730243189.4750917
3078.326949873799,-148.28147271650707,1730243189.4800172
3179.0886138783235,-47.609215689804046,1730243189.4841342
3183.849535447304,47.4751052230722,1730243189.4868324
3066.3911183346654,-8.851290804301597,1730243189.4912753
3153.182942054623,-41.149561542220304,1730243189.4948573
3134.4074767121647,-41.35072724231807,1730243189.499144
3116.6154881257403,-62.27196005248548,1730243189.5028598
3160.916645636159,36.45569520660582,1730243189.5073793
3150.7242501645387,-47.89978836772303,1730243189.512002
3186.5540965263963,-73.29137006895186,1730243189.5149553
3212.079788694357,-54.02416634847717,1730243189.5192528
3080.9644557195256,22.754075855502588,1730243189.522993
3140.978889582025,27.358535213295845,1730243189.5273874
3128.104284775768,-64.73065194256925,1730243189.531158
3120.61645038324,-43.13886679874263,1730243189.5352433
3163.8223724153486,-54.1135733262984,1730243189.5401385
3161.676604947639,-74.92304741418927,1730243189.543097
3104.1655664641344,-56.03582334945481,1730243189.547187
3135.681526146117,-54.02416634847717,1730243189.551166
3143.750505894483,-35.36045972829577,1730243189.5550268
3093.4590808700423,-30.331317225851684,1730243189.5592537
3096.275400671411,-133.08228648689823,1730243189.5629325
3162.682433448128,-10.751189083002696,1730243189.5673487
3115.9002323031705,64.61889322029272,1730243189.5699208
3068.7156997580173,-39.76375338599127,1730243189.5752256
3112.1898427235897,-51.76664015849116,1730243189.579004
3128.6183748982403,-15.8250350743574,1730243189.5830624
3089.100490701257,-42.82594237636833,1730243189.5871108
3159.1285060797345,-10.214747216075327,1730243189.5913212
3192.0302739179465,-73.24666658004125,1730243189.594974
3169.432660273631,-31.672421893170107,1730243189.5983577
3137.022630813436,1.3187529228631167,1730243189.603998
3132.2170057555445,-53.375965759273264,1730243189.6073568
3077.097603928757,-106.59546930735938,1730243189.6111784
3140.2189302705447,-38.02031731847731,1730243189.6153083
3192.3879018292314,56.6393204497481,1730243189.6192653
3216.058399207401,-12.315811194874192,1730243189.622133
3156.647462445196,-23.312869466885267,1730243189.6262076
3092.7438250474725,-36.96978532907788,1730243189.6301715
3053.2259408504897,-19.87070082076798,1730243189.6354144
3080.4727173415085,-62.83075366386815,1730243189.6398308
3115.699066603073,-91.7762627334908,1730243189.6433876
3190.622114017262,-39.45082896361696,1730243189.64743
3176.7863841994267,-4.380941913240184,1730243189.6506832
3166.884561405726,-18.48489266453894,1730243189.6540928
3116.593136381285,-19.75894209849144,1730243189.6582923
3085.7700807774168,-44.85995112180128,1730243189.6632988
3123.008087039958,-62.89780889723407,1730243189.6673174
3171.064337618868,14.238061218030598,1730243189.6711953
3087.379406378199,-31.001869559510897,1730243189.674288
3133.4463517005865,-80.33216957237359,1730243189.6781204
3149.204331541578,-40.47900920856109,1730243189.682237
3116.034342769902,40.21078827509741,1730243189.686263
3105.886650787193,-52.75011691452467,1730243189.6924355
3170.7961166854047,-124.23099568259666,1730243189.6951568
3093.235563425489,-32.65589864920362,1730243189.6996992
3038.0267546208806,-60.17089607368661,1730243189.7023103
3132.887558089204,5.409122158184309,1730243189.706869
3169.142087595712,-22.955241555600352,1730243189.7106435
3132.9322615781143,-59.56739897339333,1730243189.714846
3175.534686509929,1.13993896722066,1730243189.71876
3165.588160227318,21.74824735501377,1730243189.7237628
3157.00509035648,-64.9094658982117,1730243189.7276416
3152.3559275097764,-68.21752407759716,1730243189.7304668
3140.2189302705447,-14.059247262388142,1730243189.7347944
3227.9048237687143,-5.6102878582820725,1730243189.738299
3124.8632818297488,-52.50424772551629,1730243189.742484
3089.413415123632,-126.35441140585084,1730243189.7462404
3163.6659102041617,10.371209427262476,1730243189.7514417
3102.6456478411733,36.45569520660582,1730243189.755521
3113.486243901997,-34.57814867236002,1730243189.7588549
3106.110168231746,-79.39339630525069,1730243189.762349
3098.8905547726818,-29.884282336745542,1730243189.7669277
3152.825314143338,-1.385808156229038,1730243189.770274
3131.389991210698,32.43238120465055,1730243189.774768
3137.804941869372,-60.17089607368661,1730243189.7793243
3103.942049019581,-98.23591688107454,1730243189.7824583
3096.253048926956,-72.84433517984571,1730243189.7862911
3111.340476434288,-50.49259072453865,1730243189.790474
3110.04407525588,-8.538366381927299,1730243189.7945564
3151.3948024981983,-21.39061944372886,1730243189.7988863
3234.7221058275827,1.5869738563268014,1730243189.8024876
3193.840765218826,-13.858081562290378,1730243189.8077185
3084.965417977025,-91.06100691092098,1730243189.8108563
3145.918625106648,-120.45355086964976,1730243189.81344
3142.185883782612,18.88722406473447,1730243189.8187866
3138.4754942030304,12.584032128337876,1730243189.822532
3102.623296096718,-35.025183561466164,1730243189.8267453
3128.752485364972,-43.94352959913368,1730243189.8306708
3071.040281181369,-40.14373304173149,1730243189.8358517
3131.881729588715,8.44895940410607,1730243189.8384652
3143.5046367054747,-43.652956921214695,1730243189.8415377
3156.9380351231143,-70.94443690114461,1730243189.84648
3136.7991133688824,19.28955546493,1730243189.8506732
3154.568750210852,-39.92021559717841,1730243189.854375
3181.994340657513,-72.95609390212225,1730243189.8589847
3100.2316594400004,-103.04154193896557,1730243189.8636367
3069.6768247695954,-80.89096318375626,1730243189.866738
3062.9042461996373,-80.33216957237359,1730243189.8694997
3130.5182731769414,-105.12025417330912,1730243189.874622
3164.9846631270248,17.926099053156264,1730243189.8784933
3175.2441138320105,69.24570432254129,1730243189.8826191
3111.206365967556,24.25164273400816,1730243189.8864448
3108.211232210545,-73.4031287912284,1730243189.890869
3157.206256056578,-51.69958492512524,1730243189.8937924
3165.163477082667,-36.88037835125665,1730243189.898028
3175.2441138320105,-33.95229982761143,1730243189.9026437
3135.10038079028,-10.415912916173092,1730243189.906647
3172.450145775097,-62.56253273040447,1730243189.9108255
3100.499880373464,-26.39741020171764,1730243189.9150555
3128.7971888538827,-27.514997424483,1730243189.9190905
3115.721418347528,-37.61798591828179,1730243189.9216087
3086.2618191554334,-81.62857075078139,1730243189.925809
3090.083967457291,-72.35259680182897,1730243189.93082
3143.0576018163683,-13.947488540111609,1730243189.9347584
3146.9244536071365,-25.838616590334965,1730243189.938776
3118.314220704344,-20.340087454329428,1730243189.9427345
3110.558165378352,-123.29222241547376,1730243189.9456468
3123.231604484511,-63.36719553079552,1730243189.94991
3094.5096128594414,38.53440744094937,1730243189.9535556
3154.2781775329327,33.39350621622875,1730243189.9579215
3185.3471023258094,-140.61482436833674,1730243189.9625847
3185.302398836899,-74.25249508053007,1730243189.9668703
3165.521104993952,33.01352656048853,1730243189.9706452
3082.9984644649585,38.40029697421753,1730243189.9741983
3089.815746523828,-27.40323870220646,1730243189.9778495
3136.8661686022483,-76.73353871506914,1730243189.9822552
3115.117921247235,-26.64327939072602,1730243189.9859166
3120.7729125944275,17.970802542066878,1730243189.991196
3111.9663252790365,-70.94443690114461,1730243189.994609
3185.525916281452,-43.45179122111693,1730243189.9981115
3158.1897328126115,-51.5878262028487,1730243190.0016882
3144.063430316857,-4.1797762131424205,1730243190.0063405
3124.7291713630166,-58.315701283896125,1730243190.009895
3211.2751258939657,-56.77343091647994,1730243190.0137844
3125.846758585782,12.874604806256867,1730243190.0188348
3166.169305583156,-31.337145726340506,1730243190.0237873
3186.710558737583,-65.69177695414746,1730243190.026848
3053.427106550588,-64.59654147583741,1730243190.030928
3113.240374712989,-24.139884011731628,1730243190.033851
3130.451217943576,24.87749157875676,1730243190.0377529
3124.6621161296507,6.034971002932907,1730243190.04197
3107.630086854707,-96.26896336900752,1730243190.0457325
3148.444372230097,-52.2136750475973,1730243190.0508313
3072.2919788708664,-3.062188990377068,1730243190.0536723
3059.327967086788,-139.11725748983116,1730243190.0578604
3232.1740069596776,-113.2786408994962,1730243190.0617375
3246.188550733156,-18.57429964236017,1730243190.065898
3138.9672325810475,55.946416371633575,1730243190.069729
3176.4511080325974,9.05245650439936,1730243190.0739198
3157.496828734497,-6.973744270055803,1730243190.0786889
3134.7874563679047,-51.923102369678304,1730243190.0820272
3173.657139975684,26.44211369062825,1730243190.0859437
3104.009104252947,34.891073094734324,1730243190.0899117
3116.3472671922764,-74.05132938043229,1730243190.0938687
3193.01375067398,-103.04154193896557,1730243190.0979383
3139.749543636983,-19.80364558740206,1730243190.101992
3068.6933480135617,-23.111703766787503,1730243190.106005
3167.0186718724576,-35.472218450572306,1730243190.1089928
3132.61933715574,-62.60723621931509,1730243190.1138835
3149.785476897416,-28.744343369524884,1730243190.1178863
3101.952743763059,5.47617739155023,1730243190.1220584
3066.838153223772,-20.51890140997188,1730243190.1257536
3151.238340287011,-44.07764006586553,1730243190.1300392
3114.9614590360475,-130.35537366335078,1730243190.134431
3101.4833571294976,-63.47895425307206,1730243190.1368656
3163.53179973743,-21.368267699273552,1730243190.1423552
3209.107006681801,42.80359063191303,1730243190.145897
3104.7914153088827,-13.299287950907702,1730243190.150356
3197.9981896875133,-26.419761946172947,1730243190.1538324
3176.942846410614,-45.82107613337948,1730243190.158039
3106.04311299838,-25.36922995677352,1730243190.16193
3172.8524771752927,24.98925030103329,1730243190.1653986
3185.8611924482816,55.78995416044643,1730243190.1691873
3157.8991601346925,-53.688890181647565,1730243190.1739306
3133.7816278674163,-113.03277171048782,1730243190.1778688
3146.633880929218,-48.749154657024704,1730243190.1825016
3142.655270416173,14.349819940307134,1730243190.1860847
3128.2383952425,-32.767657371480155,1730243190.190174
3167.5104102504743,-21.12239851026517,1730243190.193106
3118.09070325979,-41.39543073122868,1730243190.1971884
3137.7602383804606,-40.5237126974717,1730243190.2019746
3164.0235381154466,-52.50424772551629,1730243190.2062178
3217.310096896899,-24.005773544999784,1730243190.2103603
3111.2957729453774,-1.721084323058644,1730243190.2130694
3116.5707846368296,28.029087546955058,1730243190.2171705
3136.6650029021507,0.4246831446508342,1730243190.2211328
3129.3112789763545,-39.227311519063896,1730243190.225361
3159.6425962022063,-83.66257949621433,1730243190.2301545
3215.656067807206,-42.44596272062811,1730243190.2341416
3141.515331448953,24.09518052282101,1730243190.238092
3115.14027299169,-21.94941305511153,1730243190.2415636
3146.745639651494,-143.94523429217747,1730243190.245041
3216.4830823520524,-32.87941609375669,1730243190.249326
3201.418006589175,16.96497404157806,1730243190.252987
3096.3424559047767,-46.089297066843166,1730243190.2573445
3137.089686046801,-65.98234963206644,1730243190.2620049
3110.9828485230028,5.275011691452467,1730243190.2662504
3134.340421478799,-4.760921568980405,1730243190.2689812
3106.4677961430307,-58.47216349508328,1730243190.2732294
3189.951561683603,-39.31671849688512,1730243190.2774692
3256.112725271312,2.905726779189918,1730243190.2814653
3169.365605040265,19.446017676117144,1730243190.2852228
3047.481542525476,-13.299287950907702,1730243190.2902913
3056.5787025187856,-71.63734097925914,1730243190.294362
3143.035250071913,-46.31281451139623,1730243190.2974086
3177.3451778108097,-39.13790454124267,1730243190.3011415
3191.337369839832,-70.31858805639602,1730243190.3053756
3171.131392852234,-30.331317225851684,1730243190.3096824
3140.487151204008,6.861985547779268,1730243190.3132164
3107.4065694101537,-23.84931133381264,1730243190.3186936
3129.7359621210057,-9.87947104924572,1730243190.3222988
3188.431643060642,-45.53050345546049,1730243190.3253467
3175.691148721117,-78.92400967168923,1730243190.3291838
3178.842744689315,-26.55387241290479,1730243190.3333733
3177.903971422192,19.9154043096786,1730243190.3371277
3128.2830987314105,-55.85700939381235,1730243190.3415425
3163.285930548421,-37.573282429371176,1730243190.3461576
3100.812804795838,-30.018392803477383,1730243190.349784
3138.7437151364943,-53.957111115111246,1730243190.3531313
3123.164549251145,-69.37981478927313,1730243190.357618
3101.8856885296927,-41.48483770904991,1730243190.3611555
3163.084764848324,-14.819206573868582,1730243190.365764
3133.625165656229,20.38479094324004,1730243190.3694286
3085.1889354215787,-42.75888714300241,1730243190.374375
3104.4561391420534,-61.98138737456649,1730243190.377422
3198.6016867878066,-2.9504302681005323,1730243190.3813224
3227.681306324161,-26.95620381310032,1730243190.3856585
3223.814454533393,-51.18549480265317,1730243190.389878
3100.209307695545,-89.18346037667519,1730243190.3932748
3131.077066788324,-30.264261992485764,1730243190.3973827
3156.267482789455,-66.51879149899382,1730243190.4023528
3167.868038161759,56.19228556064196,1730243190.405367
3188.29753259391,16.003849029999856,1730243190.408374
3139.9954128259915,-24.966898556577988,1730243190.4132876
3149.271386774944,-2.101063978798864,1730243190.417412
3149.919587364148,2.726912823547462,1730243190.4213092
3101.2821914293995,-58.8744948952788,1730243190.4256604
3146.343308251299,-78.4769747825831,1730243190.429457
3157.8321049013266,-11.26527920547476,1730243190.4335375
3146.298604762388,-28.4761224360612,1730243190.436296
3144.644575672696,-54.359442515306775,1730243190.4413145
3145.1586657951675,-82.79086146245736,1730243190.4453351
3186.777613970949,-1.810491300879872,1730243190.449649
3200.143957155223,-9.477139649050194,1730243190.4534817
3087.2229441670115,-40.12138129727618,1730243190.4567397
3114.04503751338,-43.60825343230408,1730243190.460739
3168.0915556063123,-95.68781801316952,1730243190.4647443
3186.44233780412,-13.209880973086474,1730243190.4692893
3176.0487766324018,38.46735220758345,1730243190.4735992
3083.7137202875283,-42.91534935418956,1730243190.477851
3152.847665887793,2.324581423351934,1730243190.4814272
3156.2898345339104,9.655953604692652,1730243190.484882
3135.256843001466,7.577241370349094,1730243190.4885776
3163.3753375262427,-58.09218383934306,1730243190.4925487
3170.3267300518432,-25.12336076776514,1730243190.498056
3142.655270416173,-0.4917383780167553,1730243190.5015352
3155.105192077779,-30.398372459217605,1730243190.5059896
3229.5812046028623,-33.8628928497902,1730243190.509762
3180.943808668114,-81.56151551741547,1730243190.5123694
3198.199355387611,-52.66070993670344,1730243190.5167089
3134.362773223254,-8.44895940410607,1730243190.5204556
3134.7874563679047,-48.65974767920348,1730243190.525
3181.7037679795944,-41.082506308854384,1730243190.5294728
3150.277215275433,18.86487232027916,1730243190.533776
3142.521159949441,20.22832873205289,1730243190.5374825
3144.8010378838826,-58.00277686152183,1730243190.540748
3179.0439103894128,-46.06694532238786,1730243190.5444512
3112.3239531903214,-56.12523032727604,1730243190.5487676
3119.8341393273045,11.913479794678665,1730243190.552652
3130.339459221299,-38.82498011886837,1730243190.5580847
3159.8884653912146,-71.23500957906361,1730243190.5614383
3185.8611924482816,-4.872680291256939,1730243190.564858
3206.715370025083,18.01550603097749,1730243190.5690143
3120.2141189830445,84.86957369680091,1730243190.5725503
3106.691313587584,-10.080636749343483,1730243190.5768173
3167.0633753613683,-94.3243616013958,1730243190.5811815
3160.8272386583376,-46.67044242268115,1730243190.5857449
3164.7387939380164,-11.600555372304363,1730243190.5899951
3237.516073884496,-25.27982297895229,1730243190.5926597
3185.4812127925416,-26.978555557555623,1730243190.5964603
3115.9002323031705,16.227366474552927,1730243190.6010482
3136.173264524134,-1.0281802449441249,1730243190.6046348
3196.5453262979186,-97.31949535840695,1730243190.6089883
3247.552007144929,-93.92203020120029,1730243190.6126068
3185.972951170558,-1.5869738563268014,1730243190.618094
3081.925580731104,12.204052472597656,1730243190.6206172
3104.009104252947,-29.705468381103085,1730243190.6247408
3180.6755877346504,-76.86764918180099,1730243190.6285653
3176.719328966061,-42.49066620953872,1730243190.6327393
3111.6981043455726,-22.23998573303053,1730243190.6365576
3106.579554865308,7.398427414706638,1730243190.6416347
3180.787346456927,-3.777444812946893,1730243190.6455832
3163.464744504064,-17.300250208407668,1730243190.6489208
3185.235343603533,26.50916892399417,1730243190.6525776
3182.9331139246365,-41.44013422013929,1730243190.6569183
3149.785476897416,-74.31955031389599,1730243190.660645
3217.1089311968008,-32.164160271186866,1730243190.665095
3178.3733580557537,7.063151247877032,1730243190.669603
3156.714517678561,-20.49654966551657,1730243190.6726503
3159.463782246564,-109.90352748674482,1730243190.6761496
3227.234271435055,-65.08827985385416,1730243190.68133
3160.335500280321,31.6500701487148,1730243190.6847897
3094.75548204845,37.46152370709464,1730243190.6886952
3126.80788359736,-34.62285216127064,1730243190.6926343
3186.419986059664,-84.06491089640986,1730243190.6968791
3230.005887747513,-67.21169557710834,1730243190.701234
3131.010011554958,40.30019525291864,1730243190.7037172
3187.269352348966,-27.98438405804444,1730243190.708704
3213.3761898727644,-144.8840075593004,1730243190.7127202
3117.911889304148,-52.59365470333752,1730243190.7168844
3129.914776076648,59.1650675731978,1730243190.7207232
3148.8020001413825,-13.478101906550158,1730243190.7247243
3241.986422775557,-69.0221868779882,1730243190.7297518
3213.8902799952366,17.166139741675824,1730243190.732693
3105.3502089202657,31.985346315544408,1730243190.7360184
3065.7205660010063,4.984439013533475,1730243190.740692
3147.595005940796,-21.658840377192544,1730243190.744759
3187.492869793519,-2.168119212164785,1730243190.7491543
3176.7863841994267,3.0398372459217606,1730243190.752684
3168.762107939972,-25.81626484587965,1730243190.756776
3189.8398029613263,-65.31179729840724,1730243190.760198
3212.079788694357,-61.69081469664749,1730243190.7644365
3175.266465576466,-54.448849493128,1730243190.768953
3147.595005940796,-22.23998573303053,1730243190.772755
3148.354965252276,-127.82962653990108,1730243190.7773397
3101.9974472519693,-70.69856771213624,1730243190.77989
3152.914721121159,45.172875544175575,1730243190.784067
3255.486876426563,-10.058285004888178,1730243190.7878764
3277.525696459496,-2.9727820125558395,1730243190.792102
3212.68328579465,-20.898881065712104,1730243190.7970648
3108.94883977757,-50.87257038027887,1730243190.8010664
3129.981831310014,57.73455592805814,1730243190.8048344
3159.083802590824,47.609215689804046,1730243190.808246
3145.4715902175417,-47.4751052230722,1730243190.811915
3135.592119168296,-7.845462303812779,1730243190.8163292
3180.228552845544,-9.767712326969187,1730243190.8198216
3181.457898790586,-90.1445853882534,1730243190.8251264
3137.6037761692737,-65.95999788761114,1730243190.8289378
3158.5473607238964,-8.44895940410607,1730243190.832979
3163.732965437528,44.45761972160575,1730243190.835996
3140.151875037179,-26.55387241290479,1730243190.8403523
3174.372395798254,-78.99106490505515,1730243190.84412
3172.8301254308376,-70.65386422322563,1730243190.8483124
3130.562976665852,-30.040744547932693,1730243190.852428
3199.6745705216613,-1.13993896722066,1730243190.8570907
3106.333685676299,-82.07560563988753,1730243190.860937
3170.5055440074857,-51.09608782483195,1730243190.8645198
3208.056474692401,19.848349076312672,1730243190.8683658
3160.6037212137844,3.263354690474831,1730243190.8720274
3191.650294262206,-59.38858501775086,1730243190.8762963
3214.382018373253,-37.48387545154994,1730243190.8802004
3187.0234831599573,-15.646221118714944,1730243190.8849325
3177.4792882775414,33.32645098286283,1730243190.8880763
3088.8099180233385,-49.88909362424536,1730243190.8923082
3124.237432985,-78.92400967168923,1730243190.8959537
3194.10898615229,-14.707447851592049,1730243190.90092
3246.657937366717,51.72193666958054,1730243190.905958
3112.9721537795253,-1.5869738563268014,1730243190.908949
3113.530947390908,-50.11261106879844,1730243190.9130948
3114.983810780503,-72.35259680182897,1730243190.9161704
3172.114869608268,-31.314793981885195,1730243190.920035
3203.988457201536,-12.002886772499892,1730243190.9242284
3244.266300709999,-139.40783016775015,1730243190.9279585
3188.29753259391,-94.81609997941256,1730243190.931939
3139.6601366591617,-0.6034971002932907,1730243190.9359643
3109.0605984998465,-30.487779437038835,1730243190.94109
3141.71649714905,-51.05138433592133,1730243190.9440985
3170.8631719187706,51.81134364740177,1730243190.9470155
3227.480140624063,-44.9493580996225,1730243190.952178
3202.1109106672898,-26.93385206864501,1730243190.956218
3141.6717936601394,16.652049619203762,1730243190.9602027
3137.6037761692737,-11.354686183295987,1730243190.9643035
3167.1974858281,28.92315732516733,1730243190.9691455
3139.3248604923324,-20.8765293212568,1730243190.9722407
3135.726229635028,-121.8617107703341,1730243190.9752572
3136.307374990866,-56.3487477718291,1730243190.9802694
3138.453142458576,33.10293353830976,1730243190.9843218
3122.4045899396647,10.1253402382541,1730243190.9882991
3168.605645728785,-0.2682209334636847,1730243190.99229
3175.48998302102,-7.867814048268086,1730243190.9963267
3161.1848665696225,-23.178759000153423,1730243191.0003033
3140.777723881927,-79.66161723871437,1730243191.0030725
3128.148988264679,-42.75888714300241,1730243191.0080724
3161.8554189032816,-26.084485779343343,1730243191.012179
3171.623131230251,-71.10089911233176,1730243191.0162585
3168.605645728785,13.16517748417586,1730243191.0201862
3149.249035030489,52.81717214789059,1730243191.0241776
3206.0895211803345,-48.63739593474817,1730243191.027348
3236.532597128463,-53.443020992639184,1730243191.031273
3216.237213163044,-74.85599218082335,1730243191.0361173
3213.4432451061307,-29.86193059229024,1730243191.0402987
3200.9262682111585,-13.32163969536301,1730243191.0441363
3200.121605410768,5.63263960273738,1730243191.0482328
3092.229734925,-18.686058364636704,1730243191.0513608
3130.0265347989243,-27.91732882467852,1730243191.0553808
3148.2208547855444,4.805625057891018,1730243191.0594368
3148.5337792079185,-4.872680291256939,1730243191.0644195
3134.854511601271,-9.8124158158798,1730243191.0684595
3101.6174675962293,-53.1524483147202,1730243191.0723977
3158.167381068156,-7.465482648072559,1730243191.0763865
3208.190585159133,-51.76664015849116,1730243191.080232
3133.2898894893992,-68.93277990016698,1730243191.0842962
3142.09647680479,-5.073845991354704,1730243191.0873773
3209.799910759916,8.918346037667519,1730243191.091501
3183.849535447304,-62.04844260793241,1730243191.096382
3161.743660181005,11.131168738742916,1730243191.1005156
3160.9613491250693,35.71808763958069,1730243191.103304
3141.113000048757,-52.12426806977607,1730243191.10727
3119.208290482556,-83.64022775175903,1730243191.1114187
3197.528803053952,18.79781708691324,1730243191.1153903
3203.742588012527,21.278860721452325,1730243191.1192577
3338.6353658003054,-67.18934383265304,1730243196.1771655
3352.158171195766,-41.93187259815605,1730243196.1811228
