time_board,marker
1730986666.1111343,1.0
1730986666.1151748,1.0
1730986666.1191487,1.0
1730986666.1231537,1.0
1730986666.1282787,1.0
1730986666.1311607,1.0
1730986666.1341436,1.0
1730986666.1392612,1.0
1730986666.14332,1.0
1730986666.147477,1.0
1730986666.15117,1.0
1730986666.15624,1.0
1730986666.159268,1.0
1730986666.1622963,1.0
1730986666.1672847,1.0
1730986666.1714573,1.0
1730986666.1753902,1.0
1730986666.1793427,1.0
1730986666.184368,1.0
1730986666.1873856,1.0
1730986666.190242,1.0
1730986666.1953895,1.0
1730986666.1992764,1.0
1730986666.2034144,1.0
1730986666.2072985,1.0
1730986666.2103968,1.0
1730986666.2143848,1.0
1730986666.2183998,1.0
1730986666.222293,1.0
1730986666.227285,1.0
1730986666.231295,1.0
1730986666.2353213,1.0
1730986666.23831,1.0
1730986666.242313,1.0
1730986666.246333,1.0
1730986666.250342,1.0
1730986666.2553828,1.0
1730986666.2593963,1.0
1730986666.2633877,1.0
1730986666.2663715,1.0
1730986666.2705617,1.0
1730986666.2744043,1.0
1730986666.278571,1.0
1730986666.283676,1.0
1730986666.2876232,1.0
1730986666.29165,1.0
1730986666.294642,1.0
1730986666.2985888,1.0
1730986666.3025453,1.0
1730986666.3065605,1.0
1730986666.3115568,1.0
1730986666.3154967,1.0
1730986666.3195603,1.0
1730986666.322574,1.0
1730986666.326506,1.0
1730986666.3305,1.0
1730986666.3345904,1.0
1730986666.3386035,1.0
1730986666.3435392,1.0
1730986666.3465176,1.0
1730986666.3505895,1.0
1730986666.3546312,1.0
1730986666.358617,1.0
1730986666.3626337,1.0
1730986666.366558,1.0
1730986666.3719163,1.0
1730986666.374719,1.0
1730986666.3786073,1.0
1730986666.3825345,1.0
1730986666.3865955,1.0
1730986666.390726,1.0
1730986666.3945875,1.0
1730986666.399576,1.0
1730986666.402595,1.0
1730986666.406741,1.0
1730986666.410647,1.0
1730986666.4146528,1.0
1730986666.4187171,1.0
1730986666.4227357,1.0
1730986666.4277637,1.0
1730986666.4307616,1.0
1730986666.433754,1.0
1730986666.4387767,1.0
1730986666.442804,1.0
1730986666.4467444,1.0
1730986666.450786,1.0
1730986666.4557889,1.0
1730986666.458953,1.0
1730986666.461906,1.0
1730986666.4668145,1.0
1730986666.470794,1.0
1730986666.4748766,1.0
1730986666.4788632,1.0
1730986666.4818015,1.0
1730986666.4857435,1.0
1730986666.4897337,1.0
1730986666.4947302,1.0
1730986666.4988365,1.0
1730986666.5029385,1.0
1730986666.5068347,1.0
1730986666.5109923,1.0
1730986666.5140991,1.0
1730986666.5177872,1.0
1730986666.522912,1.0
1730986666.5268617,1.0
1730986666.530789,1.0
1730986666.534908,1.0
1730986666.538824,1.0
1730986666.541835,1.0
1730986666.5458708,1.0
1730986666.5498357,1.0
1730986666.5549564,1.0
1730986666.5590825,1.0
1730986666.562955,1.0
1730986666.5660036,1.0
1730986666.5700753,1.0
1730986666.5739987,1.0
1730986666.577896,1.0
1730986666.5829148,1.0
1730986666.586955,1.0
1730986666.5900016,1.0
1730986666.5939815,1.0
1730986666.5979805,1.0
1730986666.6018896,1.0
1730986666.6059172,1.0
1730986666.6109228,1.0
1730986666.6151285,1.0
1730986666.6179297,1.0
1730986666.6219237,1.0
1730986666.6260235,1.0
1730986666.630005,1.0
1730986666.6339896,1.0
1730986666.6380048,1.0
1730986666.643008,1.0
1730986666.645995,1.0
1730986666.6500008,1.0
1730986666.65406,1.0
1730986666.6580224,1.0
1730986666.662022,1.0
1730986666.6660156,1.0
1730986666.671032,1.0
1730986666.674074,1.0
1730986666.6780612,1.0
1730986666.6820192,1.0
1730986666.6860652,1.0
1730986666.6901264,1.0
1730986666.694184,1.0
1730986666.698034,1.0
1730986666.7010448,1.0
1730986666.7061536,1.0
1730986666.7100887,1.0
1730986666.7140813,1.0
1730986666.7180643,1.0
1730986666.7221315,1.0
1730986666.7261195,1.0
1730986666.7290616,1.0
1730986666.734133,1.0
1730986666.738118,1.0
1730986666.7421963,1.0
1730986666.746134,1.0
1730986666.750152,1.0
1730986666.7541578,1.0
1730986666.75716,1.0
1730986666.7621422,1.0
1730986666.7661855,1.0
1730986666.7701824,1.0
1730986666.7741797,1.0
1730986666.7781928,1.0
1730986666.7822208,1.0
1730986666.7852263,1.0
1730986666.789221,1.0
1730986666.794237,1.0
1730986666.7983377,1.0
1730986666.8022356,1.0
1730986666.8062327,1.0
1730986666.810259,1.0
1730986666.813252,1.0
1730986666.817266,1.0
1730986666.8212814,1.0
1730986666.8262837,1.0
1730986666.83031,1.0
1730986666.8333018,1.0
1730986666.837304,1.0
1730986666.8413222,1.0
1730986666.845318,1.0
1730986666.849332,1.0
1730986666.8545303,1.0
1730986666.8583384,1.0
1730986666.8614116,1.0
1730986666.8654728,1.0
1730986666.8694184,1.0
1730986666.8734188,1.0
1730986666.8773654,1.0
1730986666.882438,1.0
1730986666.8866353,1.0
1730986666.889601,1.0
1730986666.893601,1.0
1730986666.8976195,1.0
1730986666.9014935,1.0
1730986666.9056363,1.0
1730986666.9097817,1.0
1730986666.9146185,1.0
1730986666.9177582,1.0
1730986666.9216144,1.0
1730986666.9256675,1.0
1730986666.9295733,1.0
1730986666.9334793,1.0
1730986666.93867,1.0
1730986666.9426043,1.0
1730986666.9457667,1.0
1730986666.9495249,1.0
1730986666.953688,1.0
1730986666.957723,1.0
1730986666.9616337,1.0
1730986666.9665475,1.0
1730986666.9696045,1.0
1730986666.972638,1.0
1730986666.9776857,1.0
1730986666.981563,1.0
1730986666.9856706,1.0
1730986666.989692,1.0
1730986666.994707,1.0
1730986666.9980333,1.0
1730986667.0006971,1.0
1730986667.0057635,1.0
1730986667.0097797,1.0
1730986667.0137212,1.0
1730986667.017908,1.0
1730986667.0218189,1.0
1730986667.025841,1.0
1730986667.0287316,1.0
1730986667.0327857,1.0
1730986667.037898,1.0
1730986667.041819,1.0
1730986667.0458238,1.0
1730986667.0498705,1.0
1730986667.053857,1.0
1730986667.0568037,1.0
1730986667.0618036,1.0
1730986667.065712,1.0
1730986667.069796,1.0
1730986667.073714,1.0
1730986667.0767128,1.0
1730986667.080746,1.0
1730986667.0847368,1.0
1730986667.0886984,1.0
1730986667.09402,1.0
1730986667.0978825,1.0
1730986667.10183,1.0
1730986667.1048288,1.0
1730986667.1088068,1.0
1730986667.1128416,1.0
1730986667.116886,1.0
1730986667.1218505,1.0
1730986667.125882,1.0
1730986667.13006,1.0
1730986667.1330044,1.0
1730986667.1369584,1.0
1730986667.1408372,1.0
1730986667.1450562,1.0
1730986667.1488955,1.0
1730986667.1540732,1.0
1730986667.1578605,1.0
1730986667.1610231,1.0
1730986667.1650217,1.0
1730986667.1690056,1.0
1730986667.1729283,1.0
1730986667.1768782,1.0
1730986667.1818533,1.0
1730986667.1862082,1.0
1730986667.1891785,1.0
1730986667.1931458,1.0
1730986667.196998,1.0
1730986667.2011876,1.0
1730986667.2053187,1.0
1730986667.2102056,1.0
1730986667.2141955,1.0
1730986667.217235,1.0
1730986667.2209828,1.0
1730986667.2253206,1.0
1730986667.2292807,1.0
1730986667.233158,1.0
1730986667.238119,1.0
1730986667.2411582,1.0
1730986667.245288,1.0
1730986667.2491477,1.0
1730986667.2543485,1.0
1730986667.2571416,1.0
1730986667.2613187,1.0
1730986667.265165,1.0
1730986667.26933,1.0
1730986667.2732673,1.0
1730986667.2772355,1.0
1730986667.2813132,1.0
1730986667.2843976,1.0
1730986667.2893305,1.0
1730986667.2933352,1.0
1730986667.297247,1.0
1730986667.301474,1.0
1730986667.3053818,1.0
1730986667.3093748,1.0
1730986667.3123488,1.0
1730986667.317238,1.0
1730986667.3213844,1.0
1730986667.3254654,1.0
1730986667.3293743,1.0
1730986667.3332682,1.0
1730986667.3372724,1.0
1730986667.3402596,1.0
1730986667.3444245,1.0
1730986667.34917,1.0
1730986667.3532605,1.0
1730986667.3571904,1.0
1730986667.3612535,1.0
1730986667.365193,1.0
1730986667.3681867,1.0
1730986667.3722289,1.0
1730986667.3773077,1.0
1730986667.3812523,1.0
1730986667.3852296,1.0
1730986667.3881834,1.0
1730986667.3922198,1.0
1730986667.3962176,1.0
1730986667.400319,1.0
1730986667.4053211,1.0
1730986667.4093137,1.0
1730986667.4133852,1.0
1730986667.4162924,1.0
1730986667.4203265,1.0
1730986667.4242456,1.0
1730986667.4282832,1.0
1730986667.4333906,1.0
1730986667.4373305,1.0
1730986667.4414413,1.0
1730986667.4444523,1.0
1730986667.448311,1.0
1730986667.4523776,1.0
1730986667.4564264,1.0
1730986667.4614,1.0
1730986667.4652672,1.0
1730986667.4694402,1.0
1730986667.4725108,1.0
1730986667.4767,1.0
1730986667.480668,1.0
1730986667.4848711,1.0
1730986667.4883478,1.0
1730986667.4936335,1.0
1730986667.4973423,1.0
1730986667.500356,1.0
1730986667.504326,1.0
1730986667.5083904,1.0
1730986667.512715,1.0
1730986667.5166123,1.0
1730986667.521962,1.0
1730986667.5245087,1.0
1730986667.5285027,1.0
1730986667.5325196,1.0
1730986667.536708,1.0
1730986667.5404892,1.0
1730986667.5450504,1.0
1730986667.5495603,1.0
1730986667.5530975,1.0
1730986667.556698,1.0
1730986667.5607293,1.0
1730986667.5650437,1.0
1730986667.5686169,1.0
1730986667.5727203,1.0
1730986667.577767,1.0
1730986667.5807767,1.0
1730986667.5851388,1.0
1730986667.5885944,1.0
1730986667.592697,1.0
1730986667.596558,1.0
1730986667.6006105,1.0
1730986667.6057212,1.0
1730986667.6087325,1.0
1730986667.61169,1.0
1730986667.6168108,1.0
1730986667.6207335,1.0
1730986667.6246777,1.0
1730986667.6286497,1.0
1730986667.6326516,1.0
1730986667.636158,1.0
1730986667.6399183,1.0
1730986667.6447484,1.0
1730986667.648616,1.0
1730986667.6527324,1.0
1730986667.656616,1.0
1730986667.6602433,1.0
1730986667.6641068,1.0
1730986667.6682773,1.0
1730986667.6728437,1.0
1730986667.67673,1.0
1730986667.6809769,1.0
1730986667.6848867,1.0
1730986667.6877568,1.0
1730986667.6919067,1.0
1730986667.69611,1.0
1730986667.69981,1.0
1730986667.7046587,1.0
1730986667.7087834,1.0
1730986667.7129304,1.0
1730986667.7157872,1.0
1730986667.7203577,1.0
1730986667.7238548,1.0
1730986667.7283149,1.0
1730986667.7328205,1.0
1730986667.736698,1.0
1730986667.7408502,1.0
1730986667.7441642,1.0
1730986667.7483065,1.0
1730986667.7521732,1.0
1730986667.7559068,1.0
1730986667.760855,1.0
1730986667.7648304,1.0
1730986667.7678516,1.0
1730986667.7721255,1.0
1730986667.7762454,1.0
1730986667.7804272,1.0
1730986667.7837632,1.0
1730986667.7888503,1.0
1730986667.7930963,1.0
1730986667.796106,1.0
1730986667.7997644,1.0
1730986667.8049667,1.0
1730986667.808162,1.0
1730986667.812281,1.0
1730986667.8170109,1.0
1730986667.821067,1.0
1730986667.823838,1.0
1730986667.827866,1.0
1730986667.8318405,1.0
1730986667.8364038,1.0
1730986667.839955,1.0
1730986667.8441143,1.0
1730986667.8488705,1.0
1730986667.8520098,1.0
1730986667.856114,1.0
1730986667.8601372,1.0
1730986667.8639069,1.0
1730986667.8679235,1.0
1730986667.8720975,1.0
1730986667.8762474,1.0
1730986667.8792048,1.0
1730986667.884004,1.0
1730986667.8879073,1.0
1730986667.891922,1.0
1730986667.8959465,1.0
1730986667.9011576,1.0
1730986667.9041424,1.0
1730986667.9070473,1.0
1730986667.9125152,1.0
1730986667.9162889,1.0
1730986667.9202423,1.0
1730986667.924128,1.0
1730986667.928247,1.0
1730986667.9321709,1.0
1730986667.935711,1.0
1730986667.940172,1.0
1730986667.9440444,1.0
1730986667.948131,1.0
1730986667.9524736,1.0
1730986667.9562695,1.0
1730986667.960668,1.0
1730986667.9633005,1.0
1730986667.9680505,1.0
1730986667.9727025,1.0
1730986667.9763503,1.0
1730986667.9806824,1.0
1730986667.9843974,1.0
1730986667.9873424,1.0
1730986667.991218,1.0
1730986667.9953787,1.0
1730986668.0001664,1.0
1730986668.004403,1.0
1730986668.0081868,1.0
1730986668.0124264,1.0
1730986668.0152,1.0
1730986668.0192096,1.0
1730986668.023245,1.0
1730986668.0273592,1.0
1730986668.032212,1.0
1730986668.0363257,1.0
1730986668.0393217,1.0
1730986668.0433216,1.0
1730986668.0479617,1.0
1730986668.0513294,1.0
1730986668.055317,1.0
1730986668.0604217,1.0
1730986668.0645993,1.0
1730986668.0673113,1.0
1730986668.071689,1.0
1730986668.0754569,1.0
1730986668.079388,1.0
1730986668.0834143,1.0
1730986668.0882215,1.0
1730986668.0927553,1.0
1730986668.0953507,1.0
1730986668.0992358,1.0
1730986668.1035445,1.0
1730986668.1072671,1.0
1730986668.1116016,1.0
1730986668.11528,1.0
1730986668.1206577,1.0
1730986668.1232927,1.0
1730986668.1273868,1.0
1730986668.1314566,1.0
1730986668.1356828,1.0
1730986668.1399784,1.0
1730986668.1443036,1.0
1730986668.1473117,1.0
1730986668.1514912,1.0
1730986668.1557088,1.0
1730986668.159331,1.0
1730986668.1634653,1.0
1730986668.1674948,1.0
1730986668.1725738,1.0
1730986668.1753829,1.0
1730986668.1784196,1.0
1730986668.1834283,1.0
1730986668.1880772,1.0
1730986668.191567,1.0
1730986668.195681,1.0
1730986668.200991,1.0
1730986668.2036216,1.0
1730986668.206499,1.0
1730986668.212012,1.0
1730986668.2155116,1.0
1730986668.219731,1.0
1730986668.2235188,1.0
1730986668.228456,1.0
1730986668.2315793,1.0
1730986668.2346966,1.0
1730986668.2394693,1.0
1730986668.2434092,1.0
1730986668.2476983,1.0
1730986668.2517817,1.0
1730986668.2557354,1.0
1730986668.258536,1.0
1730986668.2628996,1.0
1730986668.266759,1.0
1730986668.2716067,1.0
1730986668.276284,1.0
1730986668.2797427,1.0
1730986668.282609,1.0
1730986668.286816,1.0
1730986668.290533,1.0
1730986668.2946155,1.0
1730986668.2996025,1.0
1730986668.30357,1.0
1730986668.307747,1.0
1730986668.3106294,1.0
1730986668.3145697,1.0
1730986668.3186004,1.0
1730986668.3226612,1.0
1730986668.3277743,1.0
1730986668.3315256,1.0
1730986668.3358667,1.0
1730986668.338642,1.0
1730986668.3428843,1.0
1730986668.3470073,1.0
1730986668.350668,1.0
1730986668.3557763,1.0
1730986668.359999,1.0
1730986668.3640828,1.0
1730986668.3666334,1.0
1730986668.37086,1.0
1730986668.3746417,1.0
1730986668.37866,1.0
1730986668.3826475,1.0
1730986668.3882017,1.0
1730986668.3918953,1.0
1730986668.3950849,1.0
1730986668.3986633,1.0
1730986668.4030545,1.0
1730986668.4066985,1.0
1730986668.410896,1.0
1730986668.4156897,1.0
1730986668.4193833,1.0
1730986668.42312,1.0
1730986668.4267051,1.0
1730986668.4307115,1.0
1730986668.4347134,1.0
1730986668.438717,1.0
1730986668.4438467,1.0
1730986668.446705,1.0
1730986668.4508543,1.0
1730986668.454814,1.0
1730986668.458847,1.0
1730986668.462876,1.0
1730986668.466899,1.0
1730986668.47185,1.0
1730986668.4748597,1.0
1730986668.4787917,1.0
1730986668.4828527,1.0
1730986668.4867852,1.0
1730986668.4907916,1.0
1730986668.4949088,1.0
1730986668.5000148,1.0
1730986668.5028255,1.0
1730986668.5058467,1.0
1730986668.510933,1.0
1730986668.5148385,1.0
1730986668.518891,1.0
1730986668.5228553,1.0
1730986668.5269592,1.0
1730986668.5299726,1.0
1730986668.5341115,1.0
1730986668.5389967,1.0
1730986668.5429337,1.0
1730986668.5472276,1.0
1730986668.5509982,1.0
1730986668.5551896,1.0
1730986668.5580232,1.0
1730986668.562132,1.0
1730986668.566958,1.0
1730986668.5711985,1.0
1730986668.575214,1.0
1730986668.579435,1.0
1730986668.582342,1.0
1730986668.5860248,1.0
1730986668.590008,1.0
1730986668.5945814,1.0
1730986668.5991488,1.0
1730986668.6032712,1.0
1730986668.6070971,1.0
1730986668.6102724,1.0
1730986668.6142716,1.0
1730986668.618297,1.0
1730986668.6226342,1.0
1730986668.627112,1.0
1730986668.6314583,1.0
1730986668.6342747,1.0
1730986668.6380875,1.0
1730986668.642306,1.0
1730986668.6463828,1.0
1730986668.650406,1.0
1730986668.655304,1.0
1730986668.659315,1.0
1730986668.662283,1.0
1730986668.6662848,1.0
1730986668.6702688,1.0
1730986668.674124,1.0
1730986668.678125,1.0
1730986668.6833525,1.0
1730986668.6872249,1.0
1730986668.6902206,1.0
1730986668.6943252,1.0
1730986668.698202,1.0
1730986668.7027717,1.0
1730986668.7062604,1.0
1730986668.71175,1.0
1730986668.715263,1.0
1730986668.7183084,1.0
1730986668.7227347,1.0
1730986668.7263384,1.0
1730986668.730812,1.0
1730986668.734816,1.0
1730986668.7383332,1.0
1730986668.7439864,1.0
1730986668.7465928,1.0
1730986668.7505236,1.0
1730986668.7545693,1.0
1730986668.758284,1.0
1730986668.762503,1.0
1730986668.7663703,1.0
1730986668.7718506,1.0
1730986668.7742748,1.0
1730986668.7782855,1.0
1730986668.7822816,1.0
1730986668.786796,1.0
1730986668.790238,1.0
1730986668.795474,1.0
1730986668.7982943,1.0
1730986668.8014412,1.0
1730986668.8063784,1.0
1730986668.8104455,1.0
1730986668.8145766,1.0
1730986668.818324,1.0
1730986668.8233073,1.0
1730986668.82653,1.0
1730986668.8294957,1.0
1730986668.834487,1.0
1730986668.8383524,1.0
1730986668.842491,1.0
1730986668.8464787,1.0
1730986668.8505862,1.0
1730986668.854614,1.0
1730986668.8573587,1.0
1730986668.8625002,1.0
1730986668.8665557,1.0
1730986668.870504,1.0
1730986668.8745284,1.0
1730986668.877452,1.0
1730986668.8814309,1.0
1730986668.8855665,1.0
1730986668.889614,1.0
1730986668.8945544,1.0
1730986668.898402,1.0
1730986668.9026003,1.0
1730986668.905613,1.0
1730986668.9096956,1.0
1730986668.9135883,1.0
1730986668.917935,1.0
1730986668.922728,1.0
1730986668.9266367,1.0
1730986668.9306557,1.0
1730986668.9334245,1.0
1730986668.9377644,1.0
1730986668.941712,1.0
1730986668.945634,1.0
1730986668.950714,1.0
1730986668.9546547,1.0
1730986668.958596,1.0
1730986668.961744,1.0
1730986668.965632,1.0
1730986668.9698613,1.0
1730986668.9736304,1.0
1730986668.977769,1.0
1730986668.9826896,1.0
1730986668.986792,1.0
1730986668.9897203,1.0
1730986668.9938138,1.0
1730986668.9979384,1.0
1730986669.0018332,1.0
1730986669.0058205,1.0
1730986669.010856,1.0
1730986669.0138493,1.0
1730986669.0179305,1.0
1730986669.021869,1.0
1730986669.0258656,1.0
1730986669.0298965,1.0
1730986669.0339603,1.0
1730986669.0387356,1.0
1730986669.0423045,1.0
1730986669.0462115,1.0
1730986669.049631,1.0
1730986669.0539873,1.0
1730986669.057822,1.0
1730986669.0620675,1.0
1730986669.0672224,1.0
1730986669.0700953,1.0
1730986669.0736845,1.0
1730986669.0782788,1.0
1730986669.0816915,1.0
1730986669.0861032,1.0
1730986669.089792,1.0
1730986669.0947192,1.0
1730986669.098117,1.0
1730986669.1012027,1.0
1730986669.1062543,1.0
1730986669.1102264,1.0
1730986669.114055,1.0
1730986669.1181133,1.0
1730986669.122106,1.0
1730986669.125388,1.0
1730986669.1301005,1.0
1730986669.134102,1.0
1730986669.1382997,1.0
1730986669.1422632,1.0
1730986669.1461563,1.0
1730986669.149878,1.0
1730986669.1530838,1.0
1730986669.1567748,1.0
1730986669.1617465,1.0
1730986669.165738,1.0
1730986669.1697197,1.0
1730986669.1737573,1.0
1730986669.178038,1.0
1730986669.18075,1.0
1730986669.184744,1.0
1730986669.1897836,1.0
1730986669.1937675,1.0
1730986669.1981344,1.0
1730986669.2017703,1.0
1730986669.2047956,1.0
1730986669.2088058,1.0
1730986669.212795,1.0
1730986669.2168252,1.0
1730986669.221862,1.0
1730986669.2259357,1.0
1730986669.229972,1.0
1730986669.233019,1.0
1730986669.2369337,1.0
1730986669.2410083,1.0
1730986669.245004,1.0
1730986669.2499912,1.0
1730986669.2540815,1.0
1730986669.2569163,1.0
1730986669.2609165,1.0
1730986669.2651193,1.0
1730986669.269029,1.0
1730986669.2729852,1.0
1730986669.2779963,1.0
1730986669.282068,1.0
1730986669.2850862,1.0
1730986669.2890875,1.0
1730986669.2931812,1.0
1730986669.2971656,1.0
1730986669.3011053,1.0
1730986669.3060927,1.0
1730986669.310351,1.0
1730986669.31327,1.0
1730986669.3172598,1.0
1730986669.321159,1.0
1730986669.3251784,1.0
1730986669.3292077,1.0
1730986669.333359,1.0
1730986669.3380656,1.0
1730986669.3412397,1.0
1730986669.3452327,1.0
1730986669.349122,1.0
1730986669.353057,1.0
1730986669.3570545,1.0
1730986669.3610451,1.0
1730986669.3663564,1.0
1730986669.369161,1.0
1730986669.3731158,1.0
1730986669.3771706,1.0
1730986669.3811836,1.0
1730986669.3854115,1.0
1730986669.390244,1.0
1730986669.393344,1.0
1730986669.3964252,1.0
1730986669.401437,1.0
1730986669.405446,1.0
1730986669.4094336,1.0
1730986669.4133244,1.0
1730986669.4173503,1.0
1730986669.421487,1.0
1730986669.4244514,1.0
1730986669.429524,1.0
1730986669.4336247,1.0
1730986669.4374084,1.0
1730986669.4415033,1.0
1730986669.4453433,1.0
1730986669.4493184,1.0
1730986669.452337,1.0
1730986669.4563324,1.0
1730986669.4617198,1.0
1730986669.4653428,1.0
1730986669.4695184,1.0
1730986669.4733572,1.0
1730986669.4773505,1.0
1730986669.4805212,1.0
1730986669.4845622,1.0
1730986669.489416,1.0
1730986669.4940453,1.0
1730986669.4978824,1.0
1730986669.5010576,1.0
1730986669.5049396,1.0
1730986669.5083456,1.0
1730986669.5126605,1.0
1730986669.5175407,1.0
1730986669.521973,1.0
1730986669.5255516,1.0
1730986669.528444,1.0
1730986669.5325089,1.0
1730986669.5366416,1.0
1730986669.54038,1.0
1730986669.5459151,1.0
1730986669.5494826,1.0
1730986669.5536811,1.0
1730986669.556409,1.0
1730986669.5606935,1.0
1730986669.564523,1.0
1730986669.568622,1.0
1730986669.572492,1.0
1730986669.578127,1.0
1730986669.58155,1.0
1730986669.584745,1.0
1730986669.588462,1.0
1730986669.5924816,1.0
1730986669.5969388,1.0
1730986669.6010857,1.0
1730986669.6056397,1.0
1730986669.609934,1.0
1730986669.6127183,1.0
1730986669.6170032,1.0
1730986669.620452,1.0
1730986669.6251786,1.0
1730986669.628492,1.0
1730986669.634133,1.0
1730986669.6368582,1.0
1730986669.6405673,1.0
1730986669.6446612,1.0
1730986669.64856,1.0
1730986669.6531165,1.0
1730986669.656633,1.0
1730986669.6619833,1.0
1730986669.6647055,1.0
1730986669.6686745,1.0
1730986669.6727047,1.0
1730986669.677147,1.0
1730986669.680946,1.0
1730986669.6851828,1.0
1730986669.6897068,1.0
1730986669.6930487,1.0
1730986669.6960824,1.0
1730986669.701291,1.0
1730986669.7052164,1.0
1730986669.7087417,1.0
1730986669.712946,1.0
1730986669.7169049,1.0
1730986669.721105,1.0
1730986669.7248764,1.0
1730986669.7286725,1.0
1730986669.7328994,1.0
1730986669.736144,1.0
1730986669.7406688,1.0
1730986669.7450523,1.0
1730986669.748776,1.0
1730986669.7528284,1.0
1730986669.7567244,1.0
1730986669.7609885,1.0
1730986669.7637427,1.0
1730986669.767896,1.0
1730986669.7727344,1.0
1730986669.7768962,1.0
1730986669.7809763,1.0
1730986669.7850528,1.0
1730986669.788727,1.0
1730986669.791863,1.0
1730986669.7963047,1.0
1730986669.8010988,1.0
1730986669.8052845,1.0
1730986669.8088572,1.0
1730986669.8119936,1.0
1730986669.8159118,1.0
1730986669.8202243,1.0
1730986669.8238387,1.0
1730986669.8289032,1.0
1730986669.833026,1.0
1730986669.8369873,1.0
1730986669.8398497,1.0
1730986669.8442175,1.0
1730986669.8478613,1.0
1730986669.8520207,1.0
1730986669.8559065,1.0
1730986669.8609183,1.0
1730986669.8648555,1.0
1730986669.868218,1.0
1730986669.872083,1.0
1730986669.875842,1.0
1730986669.8798733,1.0
1730986669.8850913,1.0
1730986669.888908,1.0
1730986669.8929584,1.0
1730986669.8961222,1.0
1730986669.8999453,1.0
1730986669.904147,1.0
1730986669.9079905,1.0
1730986669.9121857,1.0
1730986669.9171836,1.0
1730986669.9210117,1.0
1730986669.9239645,1.0
1730986669.92812,1.0
1730986669.9319894,1.0
1730986669.9362729,1.0
1730986669.94003,1.0
1730986669.9456434,1.0
1730986669.948023,1.0
1730986669.9510863,1.0
1730986669.9560523,1.0
1730986669.960142,1.0
1730986669.96421,1.0
1730986669.968186,1.0
1730986669.9730575,1.0
1730986669.9761484,1.0
1730986669.9797878,1.0
1730986669.984046,1.0
1730986669.988347,1.0
1730986669.9922476,1.0
1730986669.9963927,1.0
1730986670.0013037,1.0
1730986670.00482,1.0
1730986670.0070782,1.0
1730986670.0122695,1.0
1730986670.016065,1.0
1730986670.0207045,1.0
1730986670.024272,1.0
1730986670.0282822,1.0
1730986670.0321102,1.0
1730986670.035888,1.0
1730986670.039324,1.0
1730986670.0444083,1.0
1730986670.0481608,1.0
1730986670.0527744,1.0
1730986670.0556073,1.0
1730986670.0595,1.0
1730986670.0635672,1.0
1730986670.067253,1.0
1730986670.0725117,1.0
1730986670.0763328,1.0
1730986670.080232,1.0
1730986670.083253,1.0
1730986670.0872405,1.0
1730986670.0912,1.0
1730986670.0954187,1.0
1730986670.100325,1.0
1730986670.1042051,1.0
1730986670.1082814,1.0
1730986670.1114285,1.0
1730986670.115312,1.0
1730986670.1193995,1.0
1730986670.1232812,1.0
1730986670.128387,1.0
1730986670.132337,1.0
1730986670.1365037,1.0
1730986670.1392784,1.0
1730986670.143482,1.0
1730986670.1473882,1.0
1730986670.1514862,1.0
1730986670.1563344,1.0
1730986670.1602564,1.0
1730986670.1644442,1.0
1730986670.1672688,1.0
1730986670.1714025,1.0
1730986670.1754043,1.0
1730986670.1795666,1.0
1730986670.1836188,1.0
1730986670.1884353,1.0
1730986670.191589,1.0
1730986670.1955776,1.0
1730986670.199606,1.0
1730986670.2036233,1.0
1730986670.2081947,1.0
1730986670.2116232,1.0
1730986670.2174237,1.0
1730986670.2195232,1.0
1730986670.2234616,1.0
1730986670.2281356,1.0
1730986670.2316177,1.0
1730986670.2358289,1.0
1730986670.239718,1.0
1730986670.2451043,1.0
1730986670.247646,1.0
1730986670.251731,1.0
1730986670.2559872,1.0
1730986670.2598271,1.0
1730986670.2637746,1.0
1730986670.2680216,1.0
1730986670.2726865,1.0
1730986670.275764,1.0
1730986670.2797296,1.0
1730986670.2834823,1.0
1730986670.2880404,1.0
1730986670.2921312,1.0
1730986670.2960553,1.0
1730986670.2996078,1.0
1730986670.3031228,1.0
1730986670.3066423,1.0
1730986670.3118095,1.0
1730986670.315694,1.0
1730986670.319839,1.0
1730986670.3236856,1.0
1730986670.328066,1.0
1730986670.3309731,1.0
1730986670.3348775,1.0
1730986670.3396935,1.0
1730986670.3441954,1.0
1730986670.3477795,1.0
1730986670.3520904,1.0
1730986670.354998,1.0
1730986670.3586068,1.0
1730986670.3634057,1.0
1730986670.3680167,1.0
1730986670.3722231,1.0
1730986670.3759365,1.0
1730986670.3797233,1.0
1730986670.3827033,1.0
1730986670.3866737,1.0
1730986670.3907013,1.0
1730986670.395255,1.0
1730986670.3999794,1.0
1730986670.4040723,1.0
1730986670.4081757,1.0
1730986670.4107246,1.0
1730986670.4146583,1.0
1730986670.4186504,1.0
1730986670.4237103,1.0
1730986670.4279177,1.0
1730986670.4319365,1.0
1730986670.4351494,1.0
1730986670.4388237,1.0
1730986670.442752,1.0
1730986670.44698,1.0
1730986670.4507778,1.0
1730986670.4558172,1.0
1730986670.4602833,1.0
1730986670.4631631,1.0
1730986670.4667978,1.0
1730986670.47089,1.0
1730986670.4747624,1.0
1730986670.4788804,1.0
1730986670.484016,1.0
1730986670.4879024,1.0
1730986670.4909613,1.0
1730986670.495042,1.0
1730986670.498865,1.0
1730986670.503024,1.0
1730986670.5068624,1.0
1730986670.5110917,1.0
1730986670.515808,1.0
1730986670.5190337,1.0
1730986670.522822,1.0
1730986670.5270212,1.0
1730986670.5308769,1.0
1730986670.5350668,1.0
1730986670.5399384,1.0
1730986670.5431466,1.0
1730986670.5462725,1.0
1730986670.5509875,1.0
1730986670.5551004,1.0
1730986670.5591552,1.0
1730986670.563275,1.0
1730986670.5671177,1.0
1730986670.5711803,1.0
1730986670.574039,1.0
1730986670.5792544,1.0
1730986670.5830314,1.0
1730986670.5870807,1.0
1730986670.5911963,1.0
1730986670.595235,1.0
1730986670.5991347,1.0
1730986670.6022682,1.0
1730986670.6070683,1.0
1730986670.6112258,1.0
1730986670.6150894,1.0
1730986670.6192176,1.0
1730986670.6230843,1.0
1730986670.62732,1.0
1730986670.6302624,1.0
1730986670.635285,1.0
1730986670.6390283,1.0
1730986670.6433048,1.0
1730986670.647153,1.0
1730986670.6512291,1.0
1730986670.6551957,1.0
1730986670.6581843,1.0
1730986670.6622744,1.0
1730986670.667311,1.0
1730986670.6712947,1.0
1730986670.6751497,1.0
1730986670.6782534,1.0
1730986670.682094,1.0
1730986670.6863596,1.0
1730986670.6901724,1.0
1730986670.6954176,1.0
1730986670.699243,1.0
1730986670.7033052,1.0
1730986670.706176,1.0
1730986670.7103553,1.0
1730986670.7141182,1.0
1730986670.7182386,1.0
1730986670.7231684,1.0
1730986670.727359,1.0
1730986670.7312813,1.0
1730986670.7343853,1.0
1730986670.7382169,1.0
1730986670.742242,1.0
1730986670.7464104,1.0
1730986670.7503047,1.0
1730986670.755452,1.0
1730986670.7594187,1.0
1730986670.76245,1.0
1730986670.766327,1.0
1730986670.7704363,1.0
1730986670.7743196,1.0
1730986670.7783515,1.0
1730986670.7834337,1.0
1730986670.7875872,1.0
1730986670.7903476,1.0
1730986670.7944784,1.0
1730986670.7982483,1.0
1730986670.8024807,1.0
1730986670.8062932,1.0
1730986670.8115191,1.0
1730986670.8143153,1.0
1730986670.817496,1.0
1730986670.822304,1.0
1730986670.82647,1.0
1730986670.830482,1.0
1730986670.834485,1.0
1730986670.8393269,1.0
1730986670.8425145,1.0
1730986670.8465223,1.0
1730986670.8504777,1.0
1730986670.8545358,1.0
1730986670.858477,1.0
1730986670.862538,1.0
1730986670.8676577,1.0
1730986670.870582,1.0
1730986670.8734365,1.0
1730986670.8783908,1.0
1730986670.882599,1.0
1730986670.8866484,1.0
1730986670.8904324,1.0
1730986670.8955843,1.0
1730986670.89844,1.0
1730986670.9016175,1.0
1730986670.9064949,1.0
1730986670.910672,1.0
1730986670.9144273,1.0
1730986670.918562,1.0
1730986670.921518,1.0
1730986670.9254804,1.0
1730986670.9297416,1.0
1730986670.934567,1.0
1730986670.9386246,1.0
1730986670.9425695,1.0
1730986670.9465318,1.0
1730986670.949505,1.0
1730986670.9537113,1.0
1730986670.957832,1.0
1730986670.962873,1.0
1730986670.9668608,1.0
1730986670.9708164,1.0
1730986670.974624,1.0
1730986670.9786687,1.0
1730986670.981624,1.0
1730986670.9859183,1.0
1730986670.9906816,1.0
1730986670.9948027,1.0
1730986670.998618,1.0
1730986671.0026047,1.0
1730986671.0056314,1.0
1730986671.0096564,1.0
1730986671.013714,1.0
1730986671.0177324,1.0
1730986671.0226583,1.0
1730986671.0268507,1.0
1730986671.030618,1.0
1730986671.0337465,1.0
1730986671.037848,1.0
1730986671.0417569,1.0
1730986671.0458927,1.0
1730986671.0497687,1.0
1730986671.0547156,1.0
1730986671.0577989,1.0
1730986671.061856,1.0
1730986671.0657358,1.0
1730986671.069994,1.0
1730986671.0738385,1.0
1730986671.0778463,1.0
1730986671.0829315,1.0
1730986671.085918,1.0
1730986671.0898347,1.0
1730986671.0938768,1.0
1730986671.0979767,1.0
1730986671.1019642,1.0
1730986671.1058967,1.0
1730986671.110995,1.0
1730986671.1138709,1.0
1730986676.1328871,1.0
1730986676.1369874,1.0
1730986676.1409311,1.0
1730986676.145074,1.0
1730986676.1489203,1.0
1730986676.1529076,1.0
1730986676.1559768,1.0
1730986676.160004,1.0
1730986676.1650715,1.0
1730986676.169178,1.0
1730986676.1730857,1.0
1730986676.1761236,1.0
1730986676.180015,1.0
1730986676.184144,1.0
1730986676.1881535,1.0
1730986676.1933105,1.0
1730986676.1971505,1.0
1730986676.2010148,1.0
1730986676.2040224,1.0
1730986676.208231,1.0
1730986676.2121904,1.0
1730986676.216141,1.0
1730986676.2210329,1.0
1730986676.2251537,1.0
1730986676.229077,1.0
1730986676.2321548,1.0
1730986676.2361531,1.0
1730986676.2403328,1.0
1730986676.2443535,1.0
1730986676.2483678,1.0
1730986676.2530954,1.0
1730986676.2571862,1.0
1730986676.2603512,1.0
1730986676.2643385,1.0
1730986676.2682056,1.0
1730986676.272368,1.0
1730986676.276446,1.0
1730986676.2814496,1.0
1730986676.284217,1.0
1730986676.288458,1.0
1730986676.292426,1.0
1730986676.2963576,1.0
1730986676.3001952,1.0
1730986676.3042512,1.0
1730986676.3091908,1.0
1730986676.312182,1.0
1730986676.3162217,1.0
1730986676.3202207,1.0
1730986676.3242724,1.0
1730986676.3282588,1.0
1730986676.3323767,1.0
1730986676.3372858,1.0
1730986676.340406,1.0
1730986676.344402,1.0
1730986676.3483367,1.0
1730986676.3523557,1.0
1730986676.3564267,1.0
1730986676.360406,1.0
1730986676.364306,1.0
1730986676.3684356,1.0
1730986676.3713784,1.0
1730986676.3763258,1.0
1730986676.3803496,1.0
1730986676.384437,1.0
1730986676.3883665,1.0
1730986676.393442,1.0
1730986676.3964567,1.0
1730986676.3993964,1.0
1730986676.403406,1.0
1730986676.408418,1.0
1730986676.4123416,1.0
1730986676.4164028,1.0
1730986676.419376,1.0
1730986676.4234457,1.0
1730986676.42751,1.0
1730986676.432426,1.0
1730986676.436444,1.0
1730986676.4405675,1.0
1730986676.4444697,1.0
1730986676.4474344,1.0
1730986676.4514349,1.0
1730986676.4555275,1.0
1730986676.4595463,1.0
1730986676.4647124,1.0
1730986676.4687235,1.0
1730986676.472772,1.0
1730986676.4757447,1.0
1730986676.479628,1.0
1730986676.483601,1.0
1730986676.4885285,1.0
1730986676.492614,1.0
1730986676.4966922,1.0
1730986676.5005443,1.0
1730986676.503594,1.0
1730986676.5076654,1.0
1730986676.5116267,1.0
1730986676.5157845,1.0
1730986676.52063,1.0
1730986676.524824,1.0
1730986676.5277104,1.0
1730986676.5316544,1.0
1730986676.5356326,1.0
1730986676.539572,1.0
1730986676.5435734,1.0
1730986676.5476253,1.0
1730986676.5525937,1.0
1730986676.5556235,1.0
1730986676.5596132,1.0
1730986676.5638268,1.0
1730986676.567803,1.0
1730986676.5717025,1.0
1730986676.5768852,1.0
1730986676.5807636,1.0
1730986676.584066,1.0
1730986676.5876608,1.0
1730986676.5916865,1.0
1730986676.5957055,1.0
1730986676.599692,1.0
1730986676.6037512,1.0
1730986676.6086743,1.0
1730986676.611778,1.0
1730986676.6157866,1.0
1730986676.6197808,1.0
1730986676.6237724,1.0
1730986676.6278048,1.0
1730986676.631981,1.0
1730986676.6370952,1.0
1730986676.6400044,1.0
1730986676.6428502,1.0
1730986676.6478932,1.0
1730986676.65189,1.0
1730986676.6558623,1.0
1730986676.6597872,1.0
1730986676.663797,1.0
1730986676.666914,1.0
1730986676.6708286,1.0
1730986676.6757803,1.0
1730986676.6798244,1.0
1730986676.6838076,1.0
1730986676.6878111,1.0
1730986676.6919258,1.0
1730986676.6949327,1.0
1730986676.698984,1.0
1730986676.7039733,1.0
1730986676.7079122,1.0
1730986676.711984,1.0
1730986676.7159588,1.0
1730986676.718828,1.0
1730986676.7228923,1.0
1730986676.726924,1.0
1730986676.731881,1.0
1730986676.7358444,1.0
1730986676.7398317,1.0
1730986676.743942,1.0
1730986676.747918,1.0
1730986676.7509456,1.0
1730986676.7549124,1.0
1730986676.7589333,1.0
1730986676.764024,1.0
1730986676.7680275,1.0
1730986676.7709384,1.0
1730986676.7749505,1.0
1730986676.7789986,1.0
1730986676.7831385,1.0
1730986676.7872765,1.0
1730986676.7921205,1.0
1730986676.796023,1.0
1730986676.7990763,1.0
1730986676.8031487,1.0
1730986676.807158,1.0
1730986676.8110435,1.0
1730986676.8151543,1.0
1730986676.819996,1.0
1730986676.8241084,1.0
1730986676.827104,1.0
1730986676.8310828,1.0
1730986676.8350277,1.0
1730986676.8390312,1.0
1730986676.843057,1.0
1730986676.8481853,1.0
1730986676.8521752,1.0
1730986676.855124,1.0
1730986676.8591883,1.0
1730986676.8630886,1.0
1730986676.8670926,1.0
1730986676.8710785,1.0
1730986676.8762033,1.0
1730986676.88014,1.0
1730986676.8831067,1.0
1730986676.8870733,1.0
1730986676.8912373,1.0
1730986676.895198,1.0
1730986676.8991597,1.0
1730986676.9041235,1.0
1730986676.9072385,1.0
1730986676.9104345,1.0
1730986676.915152,1.0
1730986676.919178,1.0
1730986676.9231849,1.0
1730986676.9272285,1.0
1730986676.9321756,1.0
1730986676.9352,1.0
1730986676.938182,1.0
1730986676.9432223,1.0
1730986676.9472663,1.0
1730986676.9513674,1.0
1730986676.9552712,1.0
1730986676.9602797,1.0
1730986676.9633543,1.0
1730986676.9663491,1.0
1730986676.9714086,1.0
1730986676.975463,1.0
1730986676.979375,1.0
1730986676.9834137,1.0
1730986676.9873729,1.0
1730986676.991531,1.0
1730986676.9945333,1.0
1730986676.9994128,1.0
1730986677.003496,1.0
1730986677.0075145,1.0
1730986677.0115085,1.0
1730986677.015384,1.0
1730986677.0185173,1.0
1730986677.0225065,1.0
1730986677.0265737,1.0
1730986677.0316544,1.0
1730986677.035632,1.0
1730986677.0394404,1.0
1730986677.0426085,1.0
1730986677.0465126,1.0
1730986677.050563,1.0
1730986677.05448,1.0
1730986677.059559,1.0
1730986677.0635087,1.0
1730986677.0675104,1.0
1730986677.0704887,1.0
1730986677.0744376,1.0
1730986677.0785491,1.0
1730986677.082478,1.0
1730986677.0874443,1.0
1730986677.0916069,1.0
1730986677.0954487,1.0
1730986677.098632,1.0
1730986677.1027093,1.0
1730986677.1066852,1.0
1730986677.110705,1.0
1730986677.1146495,1.0
1730986677.1196518,1.0
1730986677.1235847,1.0
1730986677.126714,1.0
1730986677.130689,1.0
1730986677.1347013,1.0
1730986677.138703,1.0
1730986677.1428118,1.0
1730986677.1475308,1.0
1730986677.15053,1.0
1730986677.154497,1.0
1730986677.1585732,1.0
1730986677.1628304,1.0
1730986677.1665473,1.0
1730986677.170551,1.0
1730986677.175684,1.0
1730986677.178662,1.0
1730986677.1827333,1.0
1730986677.1865723,1.0
1730986677.1907213,1.0
1730986677.1945622,1.0
1730986677.198604,1.0
1730986677.20357,1.0
1730986677.206706,1.0
1730986677.2107103,1.0
1730986677.214694,1.0
1730986677.2187033,1.0
1730986677.2228696,1.0
1730986677.2266629,1.0
1730986677.2316444,1.0
1730986677.2346368,1.0
1730986677.2376547,1.0
1730986677.2426853,1.0
1730986677.2466576,1.0
1730986677.2507603,1.0
1730986677.254742,1.0
1730986677.2577755,1.0
1730986677.2618685,1.0
1730986677.2658117,1.0
1730986677.2707455,1.0
1730986677.274824,1.0
1730986677.2787464,1.0
1730986677.282836,1.0
1730986677.2869227,1.0
1730986677.2898612,1.0
1730986677.293816,1.0
1730986677.2988217,1.0
1730986677.302801,1.0
1730986677.3069353,1.0
1730986677.310909,1.0
1730986677.3149104,1.0
1730986677.318092,1.0
1730986677.3220956,1.0
1730986677.32701,1.0
1730986677.3310256,1.0
1730986677.3349164,1.0
1730986677.3389144,1.0
1730986677.3419304,1.0
1730986677.3458817,1.0
1730986677.3500247,1.0
1730986677.3539522,1.0
1730986677.3590271,1.0
1730986677.3628771,1.0
1730986677.3670087,1.0
1730986677.3700175,1.0
1730986677.37399,1.0
1730986677.3779728,1.0
1730986677.3820052,1.0
1730986677.3869102,1.0
1730986677.3910408,1.0
1730986677.3951192,1.0
1730986677.398198,1.0
1730986677.4020827,1.0
1730986677.4060912,1.0
1730986677.4101193,1.0
1730986677.415113,1.0
1730986677.4192245,1.0
1730986677.4222293,1.0
1730986677.426134,1.0
1730986677.430252,1.0
1730986677.43422,1.0
1730986677.4381473,1.0
1730986677.443138,1.0
1730986677.4472284,1.0
1730986677.4502485,1.0
1730986677.4541075,1.0
1730986677.4582152,1.0
1730986677.462152,1.0
1730986677.4662187,1.0
1730986677.470186,1.0
1730986677.475228,1.0
1730986677.4780505,1.0
1730986677.4820893,1.0
1730986677.486156,1.0
1730986677.490189,1.0
1730986677.494203,1.0
1730986677.4981918,1.0
1730986677.5030935,1.0
1730986677.5062745,1.0
1730986677.5102544,1.0
1730986677.5142877,1.0
1730986677.5183003,1.0
1730986677.5222957,1.0
1730986677.5263083,1.0
1730986677.5303068,1.0
1730986677.5332491,1.0
1730986677.5382707,1.0
1730986677.5422895,1.0
1730986677.5462563,1.0
1730986677.5502336,1.0
1730986677.5542912,1.0
1730986677.5582876,1.0
1730986677.5612855,1.0
1730986677.5652556,1.0
1730986677.570154,1.0
1730986677.574334,1.0
1730986677.5783792,1.0
1730986677.5823836,1.0
1730986677.5864396,1.0
1730986677.5894496,1.0
1730986677.593284,1.0
1730986677.598292,1.0
1730986677.6023664,1.0
1730986677.6063983,1.0
1730986677.610421,1.0
1730986677.6132708,1.0
1730986677.6173778,1.0
1730986677.6214297,1.0
1730986677.626469,1.0
1730986677.630428,1.0
1730986677.634428,1.0
1730986677.637327,1.0
1730986677.6415024,1.0
1730986677.6453607,1.0
1730986677.6495535,1.0
1730986677.6533563,1.0
1730986677.6584258,1.0
1730986677.6623013,1.0
1730986677.6654131,1.0
1730986677.669427,1.0
1730986677.6733572,1.0
1730986677.6774707,1.0
1730986677.6815116,1.0
1730986677.6864762,1.0
1730986677.6905131,1.0
1730986677.6941185,1.0
1730986677.697484,1.0
1730986677.7015429,1.0
1730986677.7055535,1.0
1730986677.7094877,1.0
1730986677.714496,1.0
1730986677.718534,1.0
1730986677.7214935,1.0
1730986677.7254512,1.0
1730986677.729398,1.0
1730986677.7335007,1.0
1730986677.7374537,1.0
1730986677.7425628,1.0
1730986677.7454224,1.0
1730986677.7494433,1.0
1730986677.753408,1.0
1730986677.7574515,1.0
1730986677.7614832,1.0
1730986677.7654772,1.0
1730986677.770476,1.0
1730986677.7735617,1.0
1730986677.7765064,1.0
1730986677.781512,1.0
1730986677.785525,1.0
1730986677.789534,1.0
1730986677.7935088,1.0
1730986677.798557,1.0
1730986677.8019176,1.0
1730986677.804705,1.0
1730986677.8096905,1.0
1730986677.8136723,1.0
1730986677.8175564,1.0
1730986677.8228068,1.0
1730986677.8256528,1.0
1730986677.829614,1.0
1730986677.8336916,1.0
1730986677.8376815,1.0
1730986677.8418367,1.0
1730986677.8448048,1.0
1730986677.84962,1.0
1730986677.853717,1.0
1730986677.8577125,1.0
1730986677.8618648,1.0
1730986677.8656845,1.0
1730986677.8697517,1.0
1730986677.8728814,1.0
1730986677.876763,1.0
1730986677.881699,1.0
1730986677.885774,1.0
1730986677.889786,1.0
1730986677.8937416,1.0
1730986677.8976889,1.0
1730986677.9007728,1.0
1730986677.904765,1.0
1730986677.9096975,1.0
1730986677.9137983,1.0
1730986677.9179616,1.0
1730986677.921884,1.0
1730986677.925887,1.0
1730986677.9287436,1.0
1730986677.9329057,1.0
1730986677.937852,1.0
1730986677.9418657,1.0
1730986677.946138,1.0
1730986677.9489255,1.0
1730986677.9528852,1.0
1730986677.9569533,1.0
1730986677.960798,1.0
1730986677.96497,1.0
1730986677.9699008,1.0
1730986677.973853,1.0
1730986677.9768443,1.0
1730986677.980858,1.0
1730986677.9848468,1.0
1730986677.988851,1.0
1730986677.9928312,1.0
1730986677.9979095,1.0
1730986678.0019193,1.0
1730986678.004887,1.0
1730986678.0088737,1.0
1730986678.012859,1.0
1730986678.0169384,1.0
1730986678.0209036,1.0
1730986678.025924,1.0
1730986678.0299196,1.0
1730986678.0329146,1.0
1730986678.036919,1.0
1730986678.0409532,1.0
1730986678.0451105,1.0
1730986678.048986,1.0
1730986678.053933,1.0
1730986678.057125,1.0
1730986678.0601294,1.0
1730986678.0650816,1.0
1730986678.0690954,1.0
1730986678.073006,1.0
1730986678.077077,1.0
1730986678.0811307,1.0
1730986678.085049,1.0
1730986678.0880628,1.0
1730986678.0930376,1.0
1730986678.097074,1.0
1730986678.101046,1.0
1730986678.105059,1.0
1730986678.11008,1.0
1730986678.1130364,1.0
1730986678.116164,1.0
1730986678.1211562,1.0
1730986678.1251695,1.0
1730986678.1290731,1.0
1730986678.1331017,1.0
1730986678.1370966,1.0
1730986678.1412184,1.0
1730986678.144177,1.0
1730986678.149125,1.0
1730986678.1531315,1.0
1730986678.157128,1.0
1730986678.1610909,1.0
1730986678.1642048,1.0
1730986678.1681788,1.0
1730986678.1722212,1.0
1730986678.1761284,1.0
1730986678.1811783,1.0
1730986678.1851509,1.0
1730986678.1891625,1.0
1730986678.1921754,1.0
1730986678.1961706,1.0
1730986678.200182,1.0
1730986678.204213,1.0
1730986678.2091756,1.0
1730986678.2131927,1.0
1730986678.217189,1.0
1730986678.2202325,1.0
1730986678.2242253,1.0
1730986678.228235,1.0
1730986678.2322493,1.0
1730986678.237229,1.0
1730986678.2412856,1.0
1730986678.2452755,1.0
1730986678.2483084,1.0
1730986678.2522852,1.0
1730986678.256286,1.0
1730986678.2603068,1.0
1730986678.2643409,1.0
1730986678.269328,1.0
1730986678.2733,1.0
1730986678.2763648,1.0
1730986678.2803357,1.0
1730986678.2843544,1.0
1730986678.2883503,1.0
1730986678.2933629,1.0
1730986678.29739,1.0
1730986678.300414,1.0
1730986678.304361,1.0
1730986678.3083942,1.0
1730986678.3123748,1.0
1730986678.3164108,1.0
1730986678.320366,1.0
1730986678.3253846,1.0
1730986678.3283937,1.0
1730986678.3324044,1.0
1730986678.3364248,1.0
1730986678.3404386,1.0
1730986678.3444352,1.0
1730986678.348447,1.0
1730986678.3534627,1.0
1730986678.3564816,1.0
1730986678.3594687,1.0
1730986678.36448,1.0
1730986678.3684862,1.0
1730986678.3726532,1.0
1730986678.3765042,1.0
1730986678.3805568,1.0
1730986678.3845804,1.0
1730986678.3875852,1.0
1730986678.3927276,1.0
1730986678.396587,1.0
1730986678.4005687,1.0
1730986678.404595,1.0
1730986678.4075963,1.0
1730986678.4115703,1.0
1730986678.415738,1.0
1730986678.4206762,1.0
1730986678.4247355,1.0
1730986678.4286327,1.0
1730986678.4327264,1.0
1730986678.4356248,1.0
1730986678.4396408,1.0
1730986678.443629,1.0
1730986678.447762,1.0
1730986678.4528155,1.0
1730986678.4568365,1.0
1730986678.4608326,1.0
1730986678.4638724,1.0
1730986678.4678864,1.0
1730986678.4718416,1.0
1730986678.475912,1.0
1730986678.4809408,1.0
1730986678.4849756,1.0
1730986678.488976,1.0
1730986678.4921167,1.0
1730986678.4957309,1.0
1730986678.499719,1.0
1730986678.5037172,1.0
1730986678.508817,1.0
1730986678.512726,1.0
1730986678.5168366,1.0
1730986678.5199647,1.0
1730986678.523892,1.0
1730986678.5278726,1.0
1730986678.5319047,1.0
1730986678.5367868,1.0
1730986678.5408585,1.0
1730986678.5438464,1.0
1730986678.5478804,1.0
1730986678.5520017,1.0
1730986678.5558877,1.0
1730986678.5598843,1.0
1730986678.563804,1.0
1730986678.5688148,1.0
1730986678.571846,1.0
1730986678.5758502,1.0
1730986678.5798526,1.0
1730986678.583841,1.0
1730986678.5879085,1.0
1730986678.5928795,1.0
1730986678.5969706,1.0
1730986678.6000092,1.0
1730986678.6038876,1.0
1730986678.607998,1.0
1730986678.6118753,1.0
1730986678.6160307,1.0
1730986678.6199152,1.0
1730986678.6250167,1.0
1730986678.628157,1.0
1730986678.6311483,1.0
1730986678.6361291,1.0
1730986678.6401253,1.0
1730986678.6441443,1.0
1730986678.648218,1.0
1730986678.6520813,1.0
1730986678.6552975,1.0
1730986678.659192,1.0
1730986678.6642475,1.0
1730986678.668239,1.0
1730986678.6722116,1.0
1730986678.6762173,1.0
1730986678.6802175,1.0
1730986678.6831431,1.0
1730986678.6871412,1.0
1730986678.6922195,1.0
1730986678.6961584,1.0
1730986678.7002616,1.0
1730986678.7042024,1.0
1730986678.708289,1.0
1730986678.7113352,1.0
1730986678.7152352,1.0
1730986678.7201648,1.0
1730986678.7242332,1.0
1730986678.728169,1.0
1730986678.7321527,1.0
1730986678.7351575,1.0
1730986678.739152,1.0
1730986678.7431602,1.0
1730986678.747194,1.0
1730986678.7521377,1.0
1730986678.756324,1.0
1730986678.760173,1.0
1730986678.7631962,1.0
1730986678.76728,1.0
1730986678.7712164,1.0
1730986678.775298,1.0
1730986678.7804072,1.0
1730986678.784442,1.0
1730986678.7873516,1.0
1730986678.79143,1.0
1730986678.795353,1.0
1730986678.7994356,1.0
1730986678.8033078,1.0
1730986678.808247,1.0
1730986678.8123944,1.0
1730986678.8154943,1.0
1730986678.819479,1.0
1730986678.8233936,1.0
1730986678.8275552,1.0
1730986678.8315368,1.0
1730986678.8364832,1.0
1730986678.8404765,1.0
1730986678.843431,1.0
1730986678.8474133,1.0
1730986678.8514044,1.0
1730986678.8554387,1.0
1730986678.8594394,1.0
1730986678.8644345,1.0
1730986678.8684697,1.0
1730986678.8714912,1.0
1730986678.8756857,1.0
1730986678.8795156,1.0
1730986678.8834984,1.0
1730986678.8874333,1.0
1730986678.892564,1.0
1730986678.8954775,1.0
1730986678.8985565,1.0
1730986678.9033952,1.0
1730986678.9075758,1.0
1730986678.9114974,1.0
1730986678.9155536,1.0
1730986678.9194856,1.0
1730986678.9235797,1.0
1730986678.9266124,1.0
1730986678.9316208,1.0
1730986678.9355009,1.0
1730986678.9395175,1.0
1730986678.9435484,1.0
1730986678.947544,1.0
1730986678.9515002,1.0
1730986678.9546947,1.0
1730986678.9596412,1.0
1730986678.9636347,1.0
1730986678.9675815,1.0
1730986678.9716284,1.0
1730986678.9756217,1.0
1730986678.979604,1.0
1730986678.9827905,1.0
1730986678.9865503,1.0
1730986678.9916751,1.0
1730986678.9956465,1.0
1730986678.999566,1.0
1730986679.0035667,1.0
1730986679.007662,1.0
1730986679.0106711,1.0
1730986679.014665,1.0
1730986679.0197513,1.0
1730986679.0236845,1.0
1730986679.0277083,1.0
1730986679.031938,1.0
1730986679.0346336,1.0
1730986679.0386283,1.0
1730986679.0428052,1.0
1730986679.0478027,1.0
1730986679.0516653,1.0
1730986679.0556593,1.0
1730986679.0586777,1.0
1730986679.0632277,1.0
1730986679.0666983,1.0
1730986679.0706356,1.0
1730986679.0757103,1.0
1730986679.079776,1.0
1730986679.0837586,1.0
1730986679.0866597,1.0
1730986679.0907743,1.0
1730986679.0947094,1.0
1730986679.0988455,1.0
1730986679.102792,1.0
1730986679.107888,1.0
1730986679.1118991,1.0
1730986679.1149116,1.0
1730986679.1188908,1.0
1730986679.1228082,1.0
1730986679.1268358,1.0
1730986679.1308546,1.0
1730986679.1358733,1.0
1730986679.139894,1.0
1730986679.142872,1.0
1730986679.1468544,1.0
1730986679.1508777,1.0
1730986679.1550677,1.0
1730986679.159068,1.0
1730986679.1641047,1.0
1730986679.1670935,1.0
1730986679.1708949,1.0
1730986679.1751215,1.0
1730986679.179048,1.0
1730986679.1830792,1.0
1730986679.1870286,1.0
1730986679.1920946,1.0
1730986679.195073,1.0
1730986679.1981587,1.0
1730986679.2030551,1.0
1730986679.2071948,1.0
1730986679.2112691,1.0
1730986679.2151887,1.0
1730986679.2201476,1.0
1730986679.223114,1.0
1730986679.2261465,1.0
1730986679.2311196,1.0
1730986679.2350943,1.0
1730986679.2390864,1.0
1730986679.243009,1.0
1730986679.2471187,1.0
1730986679.2510865,1.0
1730986679.254118,1.0
1730986679.2591028,1.0
1730986679.2631414,1.0
1730986679.267203,1.0
1730986679.2711732,1.0
1730986679.274137,1.0
1730986679.2780533,1.0
1730986679.2820177,1.0
1730986679.2869976,1.0
1730986679.2910898,1.0
1730986679.295022,1.0
1730986679.2990773,1.0
1730986679.3030193,1.0
1730986679.3060567,1.0
1730986679.310177,1.0
1730986679.3141465,1.0
1730986679.319086,1.0
1730986679.323131,1.0
1730986679.3271072,1.0
1730986679.3302045,1.0
1730986679.3342156,1.0
1730986679.338162,1.0
1730986679.3422968,1.0
1730986679.3472233,1.0
1730986679.3512151,1.0
1730986679.3552458,1.0
1730986679.3582072,1.0
1730986679.3621435,1.0
1730986679.366146,1.0
1730986679.3701856,1.0
1730986679.3742225,1.0
1730986679.3792076,1.0
1730986679.3821898,1.0
1730986679.3863783,1.0
1730986679.390202,1.0
1730986679.3942237,1.0
1730986679.398234,1.0
1730986679.4022217,1.0
1730986679.4072764,1.0
1730986679.4102702,1.0
1730986679.4143867,1.0
1730986679.4183495,1.0
1730986679.4224415,1.0
1730986679.4263017,1.0
1730986679.4303613,1.0
1730986679.4352891,1.0
1730986679.4383037,1.0
1730986679.4423597,1.0
1730986679.4463544,1.0
1730986679.4503984,1.0
1730986679.454401,1.0
1730986679.4583862,1.0
1730986679.4634025,1.0
1730986679.4664152,1.0
1730986679.4704373,1.0
1730986679.474436,1.0
1730986679.4783528,1.0
1730986679.4824696,1.0
1730986679.486549,1.0
1730986679.4914725,1.0
1730986679.494413,1.0
1730986679.4975064,1.0
1730986679.502581,1.0
1730986679.5065858,1.0
1730986679.5105991,1.0
1730986679.514567,1.0
1730986679.5186338,1.0
1730986679.521621,1.0
1730986679.5254395,1.0
1730986679.5304692,1.0
1730986679.5345967,1.0
1730986679.5385537,1.0
1730986679.5427413,1.0
1730986679.5454912,1.0
1730986679.5496852,1.0
1730986679.5535617,1.0
1730986679.5586078,1.0
1730986679.5628052,1.0
1730986679.5666518,1.0
1730986679.5707223,1.0
1730986679.5735352,1.0
1730986679.5776615,1.0
1730986679.5815873,1.0
1730986679.585605,1.0
1730986679.590648,1.0
1730986679.594584,1.0
1730986679.5986402,1.0
1730986679.6027868,1.0
1730986679.6055615,1.0
1730986679.6096733,1.0
1730986679.613658,1.0
1730986679.618677,1.0
1730986679.6228726,1.0
1730986679.6267438,1.0
1730986679.6297865,1.0
1730986679.6338086,1.0
1730986679.6377473,1.0
1730986679.6417663,1.0
1730986679.6467574,1.0
1730986679.6508644,1.0
1730986679.6536813,1.0
1730986679.6578135,1.0
1730986679.661718,1.0
1730986679.665804,1.0
1730986679.6697123,1.0
1730986679.6737845,1.0
1730986679.6789904,1.0
1730986679.681746,1.0
1730986679.6858065,1.0
1730986679.689796,1.0
1730986679.6939273,1.0
1730986679.697982,1.0
1730986679.7028975,1.0
1730986679.7070029,1.0
1730986679.709887,1.0
1730986679.7138836,1.0
1730986679.7178612,1.0
1730986679.72194,1.0
1730986679.7259655,1.0
1730986679.7300105,1.0
1730986679.7350385,1.0
1730986679.738047,1.0
1730986679.7418375,1.0
1730986679.7459977,1.0
1730986679.7500677,1.0
1730986679.7539022,1.0
1730986679.7579207,1.0
1730986679.7619412,1.0
1730986679.7650363,1.0
1730986679.7699015,1.0
1730986679.7741208,1.0
1730986679.7780752,1.0
1730986679.7821271,1.0
1730986679.786894,1.0
1730986679.7899697,1.0
1730986679.7928734,1.0
1730986679.797989,1.0
1730986679.8019004,1.0
1730986679.8060124,1.0
1730986679.809992,1.0
1730986679.8140128,1.0
1730986679.8180044,1.0
1730986679.8209152,1.0
1730986679.8250408,1.0
1730986679.8300245,1.0
1730986679.8340485,1.0
1730986679.8381095,1.0
1730986679.8421495,1.0
1730986679.8451364,1.0
1730986679.8491876,1.0
1730986679.8530605,1.0
1730986679.8581264,1.0
1730986679.8621247,1.0
1730986679.8665438,1.0
1730986679.8700452,1.0
1730986679.8730464,1.0
1730986679.8770654,1.0
1730986679.8810632,1.0
1730986679.8860571,1.0
1730986679.890085,1.0
1730986679.8940873,1.0
1730986679.8970847,1.0
1730986679.901044,1.0
1730986679.9052744,1.0
1730986679.909171,1.0
1730986679.9130828,1.0
1730986679.9181027,1.0
1730986679.9221094,1.0
1730986679.925179,1.0
1730986679.9291537,1.0
1730986679.9330742,1.0
1730986679.937168,1.0
1730986679.941231,1.0
1730986679.946247,1.0
1730986679.950146,1.0
1730986679.9531126,1.0
1730986679.9571376,1.0
1730986679.9611716,1.0
1730986679.9653234,1.0
1730986679.9693415,1.0
1730986679.974296,1.0
1730986679.9781663,1.0
1730986679.9812124,1.0
1730986679.985234,1.0
1730986679.9892333,1.0
1730986679.9933207,1.0
1730986679.9973028,1.0
1730986680.002221,1.0
1730986680.005264,1.0
1730986680.008254,1.0
1730986680.0133624,1.0
1730986680.0173464,1.0
1730986680.0213149,1.0
1730986680.025342,1.0
1730986680.0302985,1.0
1730986680.033276,1.0
1730986680.0363004,1.0
1730986680.04129,1.0
1730986680.0453205,1.0
1730986680.0493667,1.0
1730986680.053282,1.0
1730986680.0583727,1.0
1730986680.0614028,1.0
1730986680.0644202,1.0
1730986680.0694728,1.0
1730986680.07332,1.0
1730986680.077341,1.0
1730986680.0814407,1.0
1730986680.0863757,1.0
1730986680.0893514,1.0
1730986680.092402,1.0
1730986680.097626,1.0
1730986680.101417,1.0
1730986680.1054225,1.0
1730986680.1094162,1.0
1730986680.11343,1.0
1730986680.116431,1.0
1730986680.1204245,1.0
1730986680.125486,1.0
1730986680.1294844,1.0
1730986680.1334891,1.0
1730986680.1375008,1.0
1730986680.1404536,1.0
1730986680.14444,1.0
1730986680.1484442,1.0
1730986680.152553,1.0
1730986680.157467,1.0
1730986680.1614888,1.0
1730986680.165522,1.0
1730986680.1685364,1.0
1730986680.1726232,1.0
1730986680.1765432,1.0
1730986680.1805863,1.0
1730986680.185577,1.0
1730986680.1895914,1.0
1730986680.1935391,1.0
1730986680.1965597,1.0
1730986680.2005727,1.0
1730986680.2046337,1.0
1730986680.20864,1.0
1730986680.2135427,1.0
1730986680.217549,1.0
1730986680.2215767,1.0
1730986680.2245605,1.0
1730986680.228638,1.0
1730986680.2328155,1.0
1730986680.2366068,1.0
1730986680.2406068,1.0
1730986680.24558,1.0
1730986680.2485971,1.0
1730986680.2527623,1.0
1730986680.256608,1.0
1730986680.2606647,1.0
1730986680.2646463,1.0
1730986680.2686565,1.0
1730986680.2736409,1.0
1730986680.2767556,1.0
1730986680.2806945,1.0
1730986680.2847977,1.0
1730986680.2887368,1.0
1730986680.2926476,1.0
1730986680.2968073,1.0
1730986680.3018184,1.0
1730986680.3048184,1.0
1730986680.3089623,1.0
1730986680.3128555,1.0
1730986680.3169348,1.0
1730986680.3208444,1.0
1730986680.3249192,1.0
1730986680.3298583,1.0
1730986680.3327858,1.0
1730986680.3359048,1.0
1730986680.3408833,1.0
1730986680.3448093,1.0
1730986680.3489747,1.0
1730986680.3529232,1.0
1730986680.357008,1.0
1730986680.3599997,1.0
1730986680.3639312,1.0
1730986680.369082,1.0
1730986680.3728628,1.0
1730986680.377063,1.0
1730986680.3809128,1.0
1730986680.3840244,1.0
1730986680.3881638,1.0
1730986680.3921063,1.0
1730986680.3971603,1.0
1730986680.4011357,1.0
1730986680.4051514,1.0
1730986680.409166,1.0
1730986680.4129496,1.0
1730986680.4160028,1.0
1730986680.4199708,1.0
1730986680.4240353,1.0
1730986680.4290266,1.0
1730986680.4329588,1.0
1730986680.437096,1.0
1730986680.4413118,1.0
1730986680.4442172,1.0
1730986680.448253,1.0
1730986680.4530764,1.0
1730986680.4572525,1.0
1730986680.4610724,1.0
1730986680.4651349,1.0
1730986680.4680154,1.0
1730986680.4720623,1.0
1730986680.4760509,1.0
1730986680.480044,1.0
1730986680.4850707,1.0
1730986680.4890678,1.0
1730986680.4920335,1.0
1730986680.4960563,1.0
1730986680.5000007,1.0
1730986680.5040758,1.0
1730986680.5082915,1.0
1730986680.5130315,1.0
1730986680.5170588,1.0
1730986680.5200768,1.0
1730986680.5241992,1.0
1730986680.528088,1.0
1730986680.532208,1.0
1730986680.5363283,1.0
1730986680.541181,1.0
1730986680.5451584,1.0
1730986680.5482287,1.0
1730986680.55216,1.0
1730986680.5562105,1.0
1730986680.5602696,1.0
1730986680.5643468,1.0
1730986680.5692878,1.0
1730986680.5731835,1.0
1730986680.5763032,1.0
1730986680.5803502,1.0
1730986680.584294,1.0
1730986680.5883424,1.0
1730986680.5923195,1.0
1730986680.5972133,1.0
1730986680.6002667,1.0
1730986680.6032057,1.0
1730986680.608244,1.0
1730986680.6121924,1.0
1730986680.6162596,1.0
1730986680.620281,1.0
1730986680.625246,1.0
1730986680.6283617,1.0
1730986680.631288,1.0
1730986680.6352603,1.0
1730986680.6402867,1.0
1730986680.6442645,1.0
1730986680.6483736,1.0
1730986680.652367,1.0
1730986680.656382,1.0
1730986680.6593392,1.0
1730986680.663355,1.0
1730986680.6685271,1.0
1730986680.6724515,1.0
1730986680.676532,1.0
1730986680.6805596,1.0
1730986680.6844468,1.0
1730986680.6873007,1.0
1730986680.6913886,1.0
1730986680.696529,1.0
1730986680.7004344,1.0
1730986680.7044551,1.0
1730986680.7084837,1.0
1730986680.7123663,1.0
1730986680.7153833,1.0
1730986680.719493,1.0
1730986680.7243934,1.0
1730986680.7284205,1.0
1730986680.7324743,1.0
1730986680.7353995,1.0
1730986680.7394028,1.0
1730986680.743514,1.0
1730986680.747472,1.0
1730986680.752669,1.0
1730986680.7565017,1.0
1730986680.7604945,1.0
1730986680.763494,1.0
1730986680.7675085,1.0
1730986680.7715728,1.0
1730986680.7755291,1.0
1730986680.779554,1.0
1730986680.784564,1.0
1730986680.788594,1.0
1730986680.79153,1.0
1730986680.795565,1.0
1730986680.7995985,1.0
1730986680.8035257,1.0
1730986680.8075426,1.0
1730986680.8126388,1.0
1730986680.8165925,1.0
1730986680.819593,1.0
1730986680.823571,1.0
1730986680.827556,1.0
1730986680.831574,1.0
1730986680.8357687,1.0
1730986680.8406138,1.0
1730986680.8435855,1.0
1730986680.8476152,1.0
1730986680.851652,1.0
1730986680.8557148,1.0
1730986680.8596418,1.0
1730986680.8636813,1.0
1730986680.8686678,1.0
1730986680.871632,1.0
1730986680.8757052,1.0
1730986680.8797152,1.0
1730986680.8837745,1.0
1730986680.88803,1.0
1730986680.891994,1.0
1730986680.89719,1.0
1730986680.900132,1.0
1730986680.9028175,1.0
1730986680.9079778,1.0
1730986680.9119692,1.0
1730986680.9161613,1.0
1730986680.9199245,1.0
1730986680.925108,1.0
1730986680.927928,1.0
1730986680.9312391,1.0
1730986680.936072,1.0
1730986680.9400032,1.0
1730986680.9438288,1.0
1730986680.9479103,1.0
1730986680.952116,1.0
1730986680.9558637,1.0
1730986680.9588313,1.0
1730986680.963811,1.0
1730986680.9677527,1.0
1730986680.9717717,1.0
1730986680.975938,1.0
1730986680.9787812,1.0
1730986680.9828029,1.0
1730986680.9868414,1.0
1730986680.9908726,1.0
1730986680.99588,1.0
1730986680.999872,1.0
1730986681.0038471,1.0
1730986681.0069275,1.0
1730986681.0108736,1.0
1730986681.0149672,1.0
1730986681.0189145,1.0
1730986681.0239022,1.0
1730986681.0278945,1.0
1730986681.0319662,1.0
1730986681.034891,1.0
1730986681.0388815,1.0
1730986681.0429482,1.0
1730986681.0469096,1.0
1730986681.0520124,1.0
1730986681.0560148,1.0
1730986681.0599666,1.0
1730986681.062995,1.0
1730986681.0671349,1.0
1730986681.0710397,1.0
1730986681.0750244,1.0
1730986681.0791209,1.0
1730986681.0840435,1.0
1730986681.0882475,1.0
1730986681.0910025,1.0
1730986681.0950437,1.0
1730986681.0990112,1.0
1730986681.103016,1.0
1730986681.1070132,1.0
1730986681.1130335,1.0
1730986681.1160624,1.0
1730986681.1200516,1.0
1730986681.1241252,1.0
1730986681.1280289,1.0
1730986681.1310613,1.0
1730986681.135198,1.0
1730986681.1390264,1.0
1730986686.154179,1.0
1730986686.157215,1.0
1730986686.1612225,1.0
1730986686.166211,1.0
1730986686.1703527,1.0
1730986686.174258,1.0
1730986686.1783571,1.0
1730986686.1822712,1.0
1730986686.1852653,1.0
1730986686.1894796,1.0
1730986686.1942885,1.0
1730986686.198275,1.0
1730986686.2023554,1.0
1730986686.2054384,1.0
1730986686.209459,1.0
1730986686.2134285,1.0
1730986686.217406,1.0
1730986686.2214427,1.0
1730986686.2263436,1.0
1730986686.230454,1.0
1730986686.2334836,1.0
1730986686.237362,1.0
1730986686.241484,1.0
1730986686.2454784,1.0
1730986686.249503,1.0
1730986686.254481,1.0
1730986686.2584877,1.0
1730986686.261492,1.0
1730986686.265507,1.0
1730986686.2693915,1.0
1730986686.2734013,1.0
1730986686.2774308,1.0
1730986686.2824464,1.0
1730986686.2864337,1.0
1730986686.289418,1.0
1730986686.293475,1.0
1730986686.2974763,1.0
1730986686.3014472,1.0
1730986686.3055718,1.0
1730986686.3106337,1.0
1730986686.313656,1.0
1730986686.3165653,1.0
1730986686.32155,1.0
1730986686.3255892,1.0
1730986686.329688,1.0
1730986686.3336155,1.0
1730986686.3386707,1.0
1730986686.341694,1.0
1730986686.3445995,1.0
1730986686.3496523,1.0
1730986686.3536997,1.0
1730986686.3576694,1.0
1730986686.3616831,1.0
1730986686.3656766,1.0
1730986686.3697126,1.0
1730986686.3727083,1.0
1730986686.3777416,1.0
1730986686.381749,1.0
1730986686.3857596,1.0
1730986686.3897817,1.0
1730986686.3937144,1.0
1730986686.397794,1.0
1730986686.400828,1.0
1730986686.4058173,1.0
1730986686.4097035,1.0
1730986686.413654,1.0
1730986686.417662,1.0
1730986686.4216824,1.0
1730986686.4246943,1.0
1730986686.4287317,1.0
1730986686.4326649,1.0
1730986686.4378748,1.0
1730986686.4418075,1.0
1730986686.4458113,1.0
1730986686.448836,1.0
1730986686.4528306,1.0
1730986686.456812,1.0
1730986686.4608488,1.0
1730986686.4658403,1.0
1730986686.469823,1.0
1730986686.4738908,1.0
1730986686.4768696,1.0
1730986686.4809172,1.0
1730986686.4848237,1.0
1730986686.4889536,1.0
1730986686.4940062,1.0
1730986686.4980536,1.0
1730986686.5018418,1.0
1730986686.5048969,1.0
1730986686.508911,1.0
1730986686.512922,1.0
1730986686.5169425,1.0
1730986686.520954,1.0
1730986686.5259066,1.0
1730986686.5299149,1.0
1730986686.5329704,1.0
1730986686.5370026,1.0
1730986686.5409603,1.0
1730986686.544886,1.0
1730986686.548901,1.0
1730986686.5539749,1.0
1730986686.5570035,1.0
1730986686.5610173,1.0
1730986686.5650437,1.0
1730986686.5689306,1.0
1730986686.57294,1.0
1730986686.5769255,1.0
1730986686.5819533,1.0
1730986686.5850277,1.0
1730986686.589387,1.0
1730986686.5930476,1.0
1730986686.5972157,1.0
1730986686.6011147,1.0
1730986686.6052537,1.0
1730986686.6100223,1.0
1730986686.6130464,1.0
1730986686.6160324,1.0
1730986686.621119,1.0
1730986686.6250288,1.0
1730986686.6291237,1.0
1730986686.633037,1.0
1730986686.6370044,1.0
1730986686.6410468,1.0
1730986686.645054,1.0
1730986686.6490872,1.0
1730986686.6530988,1.0
1730986686.6561964,1.0
1730986686.6613195,1.0
1730986686.6653552,1.0
1730986686.6693077,1.0
1730986686.673211,1.0
1730986686.6771765,1.0
1730986686.6810682,1.0
1730986686.6841905,1.0
1730986686.6892495,1.0
1730986686.6931512,1.0
1730986686.6972208,1.0
1730986686.7011647,1.0
1730986686.705242,1.0
1730986686.7093663,1.0
1730986686.7122047,1.0
1730986686.7162611,1.0
1730986686.7212665,1.0
1730986686.7252414,1.0
1730986686.7292829,1.0
1730986686.73236,1.0
1730986686.7362125,1.0
1730986686.7403257,1.0
1730986686.7442117,1.0
1730986686.7492769,1.0
1730986686.7534711,1.0
1730986686.7571905,1.0
1730986686.7602112,1.0
1730986686.7642667,1.0
1730986686.7682326,1.0
1730986686.7722497,1.0
1730986686.7772665,1.0
1730986686.7813623,1.0
1730986686.785278,1.0
1730986686.7883136,1.0
1730986686.7923098,1.0
1730986686.7963154,1.0
1730986686.80031,1.0
1730986686.804417,1.0
1730986686.8093247,1.0
1730986686.81347,1.0
1730986686.8164773,1.0
1730986686.8204627,1.0
1730986686.8243537,1.0
1730986686.8283384,1.0
1730986686.8333728,1.0
1730986686.8373687,1.0
1730986686.8413718,1.0
1730986686.8446448,1.0
1730986686.8486545,1.0
1730986686.852589,1.0
1730986686.8566425,1.0
1730986686.8606355,1.0
1730986686.8656917,1.0
1730986686.8685167,1.0
1730986686.8726914,1.0
1730986686.8767383,1.0
1730986686.8807,1.0
1730986686.884719,1.0
1730986686.888456,1.0
1730986686.893617,1.0
1730986686.8968308,1.0
1730986686.9007244,1.0
1730986686.9045105,1.0
1730986686.9087954,1.0
1730986686.9125972,1.0
1730986686.9165504,1.0
1730986686.9215767,1.0
1730986686.9246328,1.0
1730986686.9275274,1.0
1730986686.9325535,1.0
1730986686.936556,1.0
1730986686.9405415,1.0
1730986686.944661,1.0
1730986686.9496622,1.0
1730986686.9526806,1.0
1730986686.9556549,1.0
1730986686.960688,1.0
1730986686.9648073,1.0
1730986686.968824,1.0
1730986686.9728448,1.0
1730986686.9767632,1.0
1730986686.980847,1.0
1730986686.9838364,1.0
1730986686.9878457,1.0
1730986686.9927828,1.0
1730986686.9968505,1.0
1730986687.0007477,1.0
1730986687.0038445,1.0
1730986687.0077872,1.0
1730986687.01187,1.0
1730986687.0156584,1.0
1730986687.0208488,1.0
1730986687.0248268,1.0
1730986687.0288472,1.0
1730986687.0318696,1.0
1730986687.035895,1.0
1730986687.0397527,1.0
1730986687.0437968,1.0
1730986687.0486996,1.0
1730986687.052847,1.0
1730986687.0567083,1.0
1730986687.0597265,1.0
1730986687.0637355,1.0
1730986687.0678113,1.0
1730986687.0718994,1.0
1730986687.076769,1.0
1730986687.0809612,1.0
1730986687.084962,1.0
1730986687.088076,1.0
1730986687.092008,1.0
1730986687.096024,1.0
1730986687.0999231,1.0
1730986687.1039464,1.0
1730986687.1090367,1.0
1730986687.1118362,1.0
1730986687.1158488,1.0
1730986687.1198463,1.0
1730986687.1239395,1.0
1730986687.127955,1.0
1730986687.1329637,1.0
1730986687.1369278,1.0
1730986687.1398594,1.0
1730986687.1438692,1.0
1730986687.1479228,1.0
1730986687.151903,1.0
1730986687.155975,1.0
1730986687.159888,1.0
1730986687.1649284,1.0
1730986687.16792,1.0
1730986687.1719186,1.0
1730986687.175923,1.0
1730986687.1799412,1.0
1730986687.1839511,1.0
1730986687.188059,1.0
1730986687.1930668,1.0
1730986687.1961284,1.0
1730986687.1991336,1.0
1730986687.2042668,1.0
1730986687.2082655,1.0
1730986687.212162,1.0
1730986687.2161543,1.0
1730986687.220117,1.0
1730986687.223186,1.0
1730986687.2271657,1.0
1730986687.232164,1.0
1730986687.2361288,1.0
1730986687.240168,1.0
1730986687.244177,1.0
1730986687.248322,1.0
1730986687.251152,1.0
1730986687.256275,1.0
1730986687.2601345,1.0
1730986687.264326,1.0
1730986687.2681792,1.0
1730986687.2723486,1.0
1730986687.275375,1.0
1730986687.2791245,1.0
1730986687.2830803,1.0
1730986687.2880864,1.0
1730986687.292108,1.0
1730986687.2960927,1.0
1730986687.3000984,1.0
1730986687.303085,1.0
1730986687.307075,1.0
1730986687.3111255,1.0
1730986687.3161938,1.0
1730986687.3201225,1.0
1730986687.3241532,1.0
1730986687.32821,1.0
1730986687.3312082,1.0
1730986687.3351977,1.0
1730986687.3392825,1.0
1730986687.3442852,1.0
1730986687.3482823,1.0
1730986687.3523383,1.0
1730986687.3553214,1.0
1730986687.359296,1.0
1730986687.3633313,1.0
1730986687.3673344,1.0
1730986687.37153,1.0
1730986687.3765185,1.0
1730986687.3803864,1.0
1730986687.3835175,1.0
1730986687.387548,1.0
1730986687.3915792,1.0
1730986687.3955717,1.0
1730986687.399711,1.0
1730986687.4045727,1.0
1730986687.4085035,1.0
1730986687.41153,1.0
1730986687.4155564,1.0
1730986687.41974,1.0
1730986687.4235609,1.0
1730986687.4275572,1.0
1730986687.4313953,1.0
1730986687.4363985,1.0
1730986687.4393716,1.0
1730986687.443336,1.0
1730986687.4474883,1.0
1730986687.4514437,1.0
1730986687.455474,1.0
1730986687.46043,1.0
1730986687.4644876,1.0
1730986687.4674091,1.0
1730986687.4715545,1.0
1730986687.4755476,1.0
1730986687.479636,1.0
1730986687.483542,1.0
1730986687.4886453,1.0
1730986687.4915895,1.0
1730986687.4946225,1.0
1730986687.499637,1.0
1730986687.5035205,1.0
1730986687.5075204,1.0
1730986687.5115712,1.0
1730986687.516552,1.0
1730986687.519744,1.0
1730986687.5225508,1.0
1730986687.5275958,1.0
1730986687.531602,1.0
1730986687.5356493,1.0
1730986687.539704,1.0
1730986687.5436494,1.0
1730986687.5476456,1.0
1730986687.5506482,1.0
1730986687.5557227,1.0
1730986687.5596848,1.0
1730986687.5637262,1.0
1730986687.567579,1.0
1730986687.5717297,1.0
1730986687.5756743,1.0
1730986687.5787268,1.0
1730986687.5829382,1.0
1730986687.5879183,1.0
1730986687.5920005,1.0
1730986687.5958712,1.0
1730986687.5999455,1.0
1730986687.6038697,1.0
1730986687.606646,1.0
1730986687.6107233,1.0
1730986687.6157413,1.0
1730986687.6199117,1.0
1730986687.623638,1.0
1730986687.6266255,1.0
1730986687.630612,1.0
1730986687.6347868,1.0
1730986687.6387072,1.0
1730986687.6438491,1.0
1730986687.6478171,1.0
1730986687.6518724,1.0
1730986687.654683,1.0
1730986687.6586988,1.0
1730986687.6629272,1.0
1730986687.666967,1.0
1730986687.6717138,1.0
1730986687.6758275,1.0
1730986687.6798956,1.0
1730986687.682896,1.0
1730986687.687076,1.0
1730986687.6909657,1.0
1730986687.6949935,1.0
1730986687.698959,1.0
1730986687.704048,1.0
1730986687.7080607,1.0
1730986687.7110322,1.0
1730986687.7150908,1.0
1730986687.719231,1.0
1730986687.722998,1.0
1730986687.726987,1.0
1730986687.7319312,1.0
1730986687.7359588,1.0
1730986687.7389495,1.0
1730986687.7428615,1.0
1730986687.7470324,1.0
1730986687.7509072,1.0
1730986687.7549455,1.0
1730986687.75987,1.0
1730986687.7629433,1.0
1730986687.7661731,1.0
1730986687.7710233,1.0
1730986687.7750363,1.0
1730986687.7790644,1.0
1730986687.7829926,1.0
1730986687.7879992,1.0
1730986687.7909973,1.0
1730986687.7939973,1.0
1730986687.7990189,1.0
1730986687.803027,1.0
1730986687.807031,1.0
1730986687.8110747,1.0
1730986687.8150592,1.0
1730986687.819105,1.0
1730986687.8220146,1.0
1730986687.8271184,1.0
1730986687.8311188,1.0
1730986687.8350906,1.0
1730986687.8391356,1.0
1730986687.842184,1.0
1730986687.8461328,1.0
1730986687.850012,1.0
1730986687.854112,1.0
1730986687.858996,1.0
1730986687.86315,1.0
1730986687.8671808,1.0
1730986687.8711464,1.0
1730986687.8742,1.0
1730986687.8781102,1.0
1730986687.882205,1.0
1730986687.8872046,1.0
1730986687.8911812,1.0
1730986687.8953109,1.0
1730986687.8991504,1.0
1730986687.902226,1.0
1730986687.9062488,1.0
1730986687.9101114,1.0
1730986687.9151073,1.0
1730986687.9190795,1.0
1730986687.9233856,1.0
1730986687.9262269,1.0
1730986687.9301088,1.0
1730986687.9340963,1.0
1730986687.9381187,1.0
1730986687.9432049,1.0
1730986687.947255,1.0
1730986687.9512153,1.0
1730986687.954264,1.0
1730986687.95828,1.0
1730986687.9622858,1.0
1730986687.9663136,1.0
1730986687.9713657,1.0
1730986687.975336,1.0
1730986687.97834,1.0
1730986687.9823952,1.0
1730986687.9863331,1.0
1730986687.99027,1.0
1730986687.9944208,1.0
1730986687.9994354,1.0
1730986688.0034173,1.0
1730986688.0064137,1.0
1730986688.0102437,1.0
1730986688.0144207,1.0
1730986688.0183592,1.0
1730986688.022472,1.0
1730986688.0263844,1.0
1730986688.0314271,1.0
1730986688.0343137,1.0
1730986688.03837,1.0
1730986688.0423124,1.0
1730986688.0464158,1.0
1730986688.0503688,1.0
1730986688.0543523,1.0
1730986688.0594292,1.0
1730986688.0624733,1.0
1730986688.0663967,1.0
1730986688.070443,1.0
1730986688.0745237,1.0
1730986688.0784688,1.0
1730986688.0823796,1.0
1730986688.0874844,1.0
1730986688.0903852,1.0
1730986688.094524,1.0
1730986688.0985165,1.0
1730986688.1026947,1.0
1730986688.10704,1.0
1730986688.1110115,1.0
1730986688.1147504,1.0
1730986688.1175096,1.0
1730986688.1214645,1.0
1730986688.126474,1.0
1730986688.1304932,1.0
1730986688.1344843,1.0
1730986688.1385891,1.0
1730986688.1425524,1.0
1730986688.1455767,1.0
1730986688.1498249,1.0
1730986688.1546328,1.0
1730986688.1586835,1.0
1730986688.1626022,1.0
1730986688.1666045,1.0
1730986688.169737,1.0
1730986688.173633,1.0
1730986688.1776357,1.0
1730986688.1826277,1.0
1730986688.186591,1.0
1730986688.1906104,1.0
1730986688.194666,1.0
1730986688.197677,1.0
1730986688.2016609,1.0
1730986688.2056756,1.0
1730986688.209771,1.0
1730986688.2147062,1.0
1730986688.218763,1.0
1730986688.2217257,1.0
1730986688.225664,1.0
1730986688.2298634,1.0
1730986688.233738,1.0
1730986688.2377555,1.0
1730986688.2426164,1.0
1730986688.2467644,1.0
1730986688.2498443,1.0
1730986688.2537704,1.0
1730986688.2577877,1.0
1730986688.2617388,1.0
1730986688.2657275,1.0
1730986688.2707646,1.0
1730986688.274778,1.0
1730986688.2777767,1.0
1730986688.2816725,1.0
1730986688.28572,1.0
1730986688.2896717,1.0
1730986688.293789,1.0
1730986688.2978275,1.0
1730986688.302828,1.0
1730986688.3057296,1.0
1730986688.3096788,1.0
1730986688.313809,1.0
1730986688.3177967,1.0
1730986688.3218627,1.0
1730986688.3268468,1.0
1730986688.3307931,1.0
1730986688.3337903,1.0
1730986688.3378637,1.0
1730986688.3418868,1.0
1730986688.346001,1.0
1730986688.349992,1.0
1730986688.3550012,1.0
1730986688.3580077,1.0
1730986688.3610425,1.0
1730986688.366022,1.0
1730986688.3699367,1.0
1730986688.3740065,1.0
1730986688.378006,1.0
1730986688.38206,1.0
1730986688.386058,1.0
1730986688.3890953,1.0
1730986688.3941364,1.0
1730986688.3980708,1.0
1730986688.4020655,1.0
1730986688.406083,1.0
1730986688.4099264,1.0
1730986688.4141014,1.0
1730986688.4170213,1.0
1730986688.4211223,1.0
1730986688.425985,1.0
1730986688.4299452,1.0
1730986688.4339266,1.0
1730986688.4380853,1.0
1730986688.4419856,1.0
1730986688.4451468,1.0
1730986688.450041,1.0
1730986688.4541888,1.0
1730986688.458141,1.0
1730986688.4621556,1.0
1730986688.465135,1.0
1730986688.4691105,1.0
1730986688.4731374,1.0
1730986688.4771657,1.0
1730986688.4821537,1.0
1730986688.48616,1.0
1730986688.4899826,1.0
1730986688.4930668,1.0
1730986688.497105,1.0
1730986688.5010493,1.0
1730986688.5053902,1.0
1730986688.5100408,1.0
1730986688.5141258,1.0
1730986688.5180757,1.0
1730986688.5211625,1.0
1730986688.5251963,1.0
1730986688.5291317,1.0
1730986688.5331476,1.0
1730986688.5371451,1.0
1730986688.542102,1.0
1730986688.5461748,1.0
1730986688.5491898,1.0
1730986688.5531666,1.0
1730986688.5572913,1.0
1730986688.5613651,1.0
1730986688.565375,1.0
1730986688.57027,1.0
1730986688.5743122,1.0
1730986688.577334,1.0
1730986688.581346,1.0
1730986688.585219,1.0
1730986688.5902083,1.0
1730986688.5931923,1.0
1730986688.5983143,1.0
1730986688.6014276,1.0
1730986688.6053889,1.0
1730986688.6131914,1.0
1730986688.6132088,1.0
1730986688.6172724,1.0
1730986688.6216223,1.0
1730986688.62627,1.0
1730986688.6292305,1.0
1730986688.6333933,1.0
1730986688.6373887,1.0
1730986688.6413643,1.0
1730986688.6453383,1.0
1730986688.6493747,1.0
1730986688.6543708,1.0
1730986688.6573474,1.0
1730986688.66423,1.0
1730986688.6659844,1.0
1730986688.6693237,1.0
1730986688.67334,1.0
1730986688.6811604,1.0
1730986688.6825783,1.0
1730986688.6912053,1.0
1730986688.6912222,1.0
1730986688.6933928,1.0
1730986688.6990976,1.0
1730986688.701372,1.0
1730986688.7053857,1.0
1730986688.7104003,1.0
1730986688.713398,1.0
1730986688.7164168,1.0
1730986688.721376,1.0
1730986688.7274864,1.0
1730986688.7294097,1.0
1730986688.7334552,1.0
1730986688.7374167,1.0
1730986688.740477,1.0
1730986688.7470677,1.0
1730986688.749432,1.0
1730986688.7535436,1.0
1730986688.7574432,1.0
1730986688.7615044,1.0
1730986688.7710378,1.0
1730986688.771054,1.0
1730986688.7724676,1.0
1730986688.7764876,1.0
1730986688.7814567,1.0
1730986688.785509,1.0
1730986688.7897007,1.0
1730986688.7934432,1.0
1730986688.796546,1.0
1730986688.800545,1.0
1730986688.804561,1.0
1730986688.809738,1.0
1730986688.8135908,1.0
1730986688.8175862,1.0
1730986688.8205476,1.0
1730986688.824616,1.0
1730986688.82857,1.0
1730986688.83259,1.0
1730986688.8375993,1.0
1730986688.8416564,1.0
1730986688.844656,1.0
1730986688.8486438,1.0
1730986688.85263,1.0
1730986688.8566356,1.0
1730986688.8606453,1.0
1730986688.8647027,1.0
1730986688.869744,1.0
1730986688.872661,1.0
1730986688.8767252,1.0
1730986688.8806777,1.0
1730986688.8847592,1.0
1730986688.8887572,1.0
1730986688.892795,1.0
1730986688.8976903,1.0
1730986688.9007075,1.0
1730986688.9047663,1.0
1730986688.908727,1.0
1730986688.9127607,1.0
1730986688.9167724,1.0
1730986688.9207468,1.0
1730986688.9257972,1.0
1730986688.928956,1.0
1730986688.9319923,1.0
1730986688.9369252,1.0
1730986688.9408078,1.0
1730986688.9448173,1.0
1730986688.948812,1.0
1730986688.9538786,1.0
1730986688.9569297,1.0
1730986688.9598172,1.0
1730986688.9648757,1.0
1730986688.9688416,1.0
1730986688.9728885,1.0
1730986688.9768934,1.0
1730986688.9818969,1.0
1730986688.984975,1.0
1730986688.9879007,1.0
1730986688.9928489,1.0
1730986688.996908,1.0
1730986689.000979,1.0
1730986689.005057,1.0
1730986689.008006,1.0
1730986689.0119655,1.0
1730986689.016016,1.0
1730986689.0209537,1.0
1730986689.025034,1.0
1730986689.029039,1.0
1730986689.0331748,1.0
1730986689.0361829,1.0
1730986689.0399806,1.0
1730986689.0440493,1.0
1730986689.0481305,1.0
1730986689.0530927,1.0
1730986689.0570133,1.0
1730986689.0610695,1.0
1730986689.0640852,1.0
1730986689.0680656,1.0
1730986689.072064,1.0
1730986689.0760646,1.0
1730986689.0811474,1.0
1730986689.0850508,1.0
1730986689.0880444,1.0
1730986689.0921135,1.0
1730986689.0960598,1.0
1730986689.1001484,1.0
1730986689.10416,1.0
1730986689.1091895,1.0
1730986689.1131957,1.0
1730986689.116172,1.0
1730986689.1201608,1.0
1730986689.1241877,1.0
1730986689.1281855,1.0
1730986689.1322596,1.0
1730986689.1364632,1.0
1730986689.1415772,1.0
1730986689.1443956,1.0
1730986689.1484072,1.0
1730986689.1524303,1.0
1730986689.1564443,1.0
1730986689.1602216,1.0
1730986689.1644251,1.0
1730986689.169304,1.0
1730986689.17229,1.0
1730986689.1762185,1.0
1730986689.1802452,1.0
1730986689.1842403,1.0
1730986689.188222,1.0
1730986689.1936336,1.0
1730986689.1973245,1.0
1730986689.200304,1.0
1730986689.2055912,1.0
1730986689.213498,1.0
1730986689.213518,1.0
1730986689.2163334,1.0
1730986689.22201,1.0
1730986689.2243285,1.0
1730986689.2272224,1.0
1730986689.2324636,1.0
1730986689.2363627,1.0
1730986689.240284,1.0
1730986689.2443848,1.0
1730986689.2484367,1.0
1730986689.25238,1.0
1730986689.255405,1.0
1730986689.2596877,1.0
1730986689.26431,1.0
1730986689.2683692,1.0
1730986689.272499,1.0
1730986689.277424,1.0
1730986689.2804177,1.0
1730986689.286679,1.0
1730986689.2873454,1.0
1730986689.292374,1.0
1730986689.2980423,1.0
1730986689.3003514,1.0
1730986689.3045907,1.0
1730986689.3083868,1.0
1730986689.3114417,1.0
1730986689.3153665,1.0
1730986689.320381,1.0
1730986689.3244183,1.0
1730986689.3284085,1.0
1730986689.332409,1.0
1730986689.3354409,1.0
1730986689.3453045,1.0
1730986689.3453283,1.0
1730986689.3484905,1.0
1730986689.352508,1.0
1730986689.3564997,1.0
1730986689.3596976,1.0
1730986689.363884,1.0
1730986689.3697257,1.0
1730986689.3773172,1.0
1730986689.3773377,1.0
1730986689.380538,1.0
1730986689.385192,1.0
1730986689.3875172,1.0
1730986689.391547,1.0
1730986689.395648,1.0
1730986689.3997056,1.0
1730986689.4035535,1.0
1730986689.408528,1.0
1730986689.4135811,1.0
1730986689.41661,1.0
1730986689.4205785,1.0
1730986689.424588,1.0
1730986689.427648,1.0
1730986689.4316137,1.0
1730986689.4356132,1.0
1730986689.4398189,1.0
1730986689.443654,1.0
1730986689.4476311,1.0
1730986689.4526482,1.0
1730986689.4556308,1.0
1730986689.4599116,1.0
1730986689.4636672,1.0
1730986689.4676583,1.0
1730986689.471768,1.0
1730986689.4757023,1.0
1730986689.480766,1.0
1730986689.48377,1.0
1730986689.4878335,1.0
1730986689.4917152,1.0
1730986689.4958875,1.0
1730986689.4999585,1.0
1730986689.503903,1.0
1730986689.5088449,1.0
1730986689.5118957,1.0
1730986689.515905,1.0
1730986689.5198767,1.0
1730986689.523832,1.0
1730986689.5278487,1.0
1730986689.53186,1.0
1730986689.535866,1.0
1730986689.538926,1.0
1730986689.54388,1.0
1730986689.5478797,1.0
1730986689.5518856,1.0
1730986689.555944,1.0
1730986689.5598009,1.0
1730986689.563939,1.0
1730986689.5668583,1.0
1730986689.570904,1.0
1730986689.575851,1.0
1730986689.5798192,1.0
1730986689.5838895,1.0
1730986689.5879583,1.0
1730986689.5918808,1.0
1730986689.5949745,1.0
1730986689.5989857,1.0
1730986689.604,1.0
1730986689.6079729,1.0
1730986689.6119978,1.0
1730986689.6160204,1.0
1730986689.6189363,1.0
1730986689.6229596,1.0
1730986689.6270907,1.0
1730986689.6320727,1.0
1730986689.6360512,1.0
1730986689.6399443,1.0
1730986689.644068,1.0
1730986689.647051,1.0
1730986689.6510315,1.0
1730986689.6550434,1.0
1730986689.6590507,1.0
1730986689.664433,1.0
1730986689.6681645,1.0
1730986689.6711483,1.0
1730986689.675072,1.0
1730986689.6791258,1.0
1730986689.683149,1.0
1730986689.6871784,1.0
1730986689.6920156,1.0
1730986689.6961925,1.0
1730986689.6991088,1.0
1730986689.7031674,1.0
1730986689.7071722,1.0
1730986689.7112184,1.0
1730986689.7152362,1.0
1730986689.7200592,1.0
1730986689.724173,1.0
1730986689.7271602,1.0
1730986689.7311728,1.0
1730986689.735218,1.0
1730986689.7392092,1.0
1730986689.743222,1.0
1730986689.7471993,1.0
1730986689.752112,1.0
1730986689.755175,1.0
1730986689.7591,1.0
1730986689.763246,1.0
1730986689.7671306,1.0
1730986689.7712867,1.0
1730986689.7762814,1.0
1730986689.779173,1.0
1730986689.782297,1.0
1730986689.7871585,1.0
1730986689.7911596,1.0
1730986689.7951782,1.0
1730986689.7991652,1.0
1730986689.803168,1.0
1730986689.8072453,1.0
1730986689.81035,1.0
1730986689.8152196,1.0
1730986689.8191996,1.0
1730986689.8232317,1.0
1730986689.8272324,1.0
1730986689.831296,1.0
1730986689.8352592,1.0
1730986689.8382816,1.0
1730986689.8432856,1.0
1730986689.8473809,1.0
1730986689.8513396,1.0
1730986689.8553572,1.0
1730986689.8592625,1.0
1730986689.8633966,1.0
1730986689.8663723,1.0
1730986689.8703153,1.0
1730986689.87534,1.0
1730986689.8794124,1.0
1730986689.8832748,1.0
1730986689.887329,1.0
1730986689.891468,1.0
1730986689.8943472,1.0
1730986689.8985186,1.0
1730986689.903546,1.0
1730986689.9075546,1.0
1730986689.9114962,1.0
1730986689.914486,1.0
1730986689.918506,1.0
1730986689.9226367,1.0
1730986689.9264052,1.0
1730986689.931394,1.0
1730986689.9355092,1.0
1730986689.9396658,1.0
1730986689.9424906,1.0
1730986689.946646,1.0
1730986689.9506352,1.0
1730986689.9546683,1.0
1730986689.959839,1.0
1730986689.9636683,1.0
1730986689.967605,1.0
1730986689.9706495,1.0
1730986689.974828,1.0
1730986689.9787955,1.0
1730986689.982754,1.0
1730986689.986755,1.0
1730986689.9915836,1.0
1730986689.9956696,1.0
1730986689.9986858,1.0
1730986690.0026867,1.0
1730986690.006728,1.0
1730986690.010516,1.0
1730986690.0147014,1.0
1730986690.0198095,1.0
1730986690.022731,1.0
1730986690.0267136,1.0
1730986690.030704,1.0
1730986690.0347111,1.0
1730986690.0387692,1.0
1730986690.042576,1.0
1730986690.0476573,1.0
1730986690.05059,1.0
1730986690.054708,1.0
1730986690.0586023,1.0
1730986690.0627384,1.0
1730986690.0665972,1.0
1730986690.0707831,1.0
1730986690.0757427,1.0
1730986690.078787,1.0
1730986690.0818207,1.0
1730986690.0867157,1.0
1730986690.0907388,1.0
1730986690.094762,1.0
1730986690.0988104,1.0
1730986690.1038027,1.0
1730986690.1067796,1.0
1730986690.10984,1.0
1730986690.1147833,1.0
1730986690.1188087,1.0
1730986690.1228375,1.0
1730986690.1268153,1.0
1730986690.1319904,1.0
1730986690.1348207,1.0
1730986690.1378255,1.0
1730986690.1417506,1.0
1730986690.1468031,1.0
1730986690.1507928,1.0
1730986690.1548276,1.0
1730986690.1578898,1.0
1730986690.1621668,1.0
1730986690.1660895,1.0
1730986690.1708915,1.0
1730986690.1749873,1.0
1730986690.1792371,1.0
1730986690.182964,1.0
1730986690.1859877,1.0
1730986690.189914,1.0
1730986690.193849,1.0
1730986690.1978085,1.0
1730986690.20285,1.0
1730986690.2068765,1.0
1730986690.2109249,1.0
1730986690.2139368,1.0
1730986690.217882,1.0
1730986690.2219903,1.0
1730986690.2259772,1.0
1730986690.2299569,1.0
1730986690.2350705,1.0
1730986690.2391129,1.0
1730986690.2420394,1.0
1730986690.2461212,1.0
1730986690.2500153,1.0
1730986690.2542489,1.0
1730986690.258184,1.0
1730986690.2632732,1.0
1730986690.26704,1.0
1730986690.2700837,1.0
1730986690.274118,1.0
1730986690.278199,1.0
1730986690.2822084,1.0
1730986690.2861032,1.0
1730986690.293344,1.0
1730986690.294084,1.0
1730986690.2982223,1.0
1730986690.3044744,1.0
1730986690.3061483,1.0
1730986690.312566,1.0
1730986690.3150008,1.0
1730986690.3190887,1.0
1730986690.3221805,1.0
1730986690.3260105,1.0
1730986690.3301916,1.0
1730986690.3342712,1.0
1730986690.338079,1.0
1730986690.342126,1.0
1730986690.3470526,1.0
1730986690.3501196,1.0
1730986690.3541443,1.0
1730986690.3581233,1.0
1730986690.363728,1.0
1730986690.3661048,1.0
1730986690.3702624,1.0
1730986690.3752687,1.0
1730986690.3781624,1.0
1730986690.384246,1.0
1730986690.3861256,1.0
1730986690.3927412,1.0
1730986690.394142,1.0
1730986690.3981204,1.0
1730986690.4021535,1.0
1730986690.4053493,1.0
1730986690.4091709,1.0
1730986690.414161,1.0
1730986690.4181902,1.0
1730986690.4221833,1.0
1730986690.426202,1.0
1730986690.4302328,1.0
1730986690.4332252,1.0
1730986690.437224,1.0
1730986690.443702,1.0
1730986690.4464483,1.0
1730986690.4502385,1.0
1730986690.454296,1.0
1730986690.4572957,1.0
1730986690.4639857,1.0
1730986690.4652903,1.0
1730986690.472581,1.0
1730986690.4742448,1.0
1730986690.4783096,1.0
1730986690.4834092,1.0
1730986690.4863455,1.0
1730986690.489322,1.0
1730986690.4933295,1.0
1730986690.4973068,1.0
1730986690.5023315,1.0
1730986690.5063336,1.0
1730986690.5093627,1.0
1730986690.5133364,1.0
1730986690.5173848,1.0
1730986690.5213673,1.0
1730986690.5253575,1.0
1730986690.5303583,1.0
1730986690.5343893,1.0
1730986690.5373523,1.0
1730986690.5413935,1.0
1730986690.5455065,1.0
1730986690.5494664,1.0
1730986690.5534923,1.0
1730986690.5585167,1.0
1730986690.5625184,1.0
1730986690.5655131,1.0
1730986690.569568,1.0
1730986690.573552,1.0
1730986690.5777438,1.0
1730986690.5817547,1.0
1730986690.5857716,1.0
1730986690.5907004,1.0
1730986690.5937483,1.0
1730986690.5977883,1.0
1730986690.6017785,1.0
1730986690.6057887,1.0
1730986690.6098585,1.0
1730986690.6137877,1.0
1730986690.6188393,1.0
1730986690.6217735,1.0
1730986690.6256664,1.0
1730986690.6303844,1.0
1730986690.6337311,1.0
1730986690.637664,1.0
1730986690.6425538,1.0
1730986690.6456556,1.0
1730986690.6487043,1.0
1730986690.653679,1.0
1730986690.657654,1.0
1730986690.6616995,1.0
1730986690.6657448,1.0
1730986690.6697423,1.0
1730986690.6737156,1.0
1730986690.676764,1.0
1730986690.6817567,1.0
1730986690.685778,1.0
1730986690.6897726,1.0
1730986690.6938057,1.0
1730986690.6978068,1.0
1730986690.7017689,1.0
1730986690.7047677,1.0
1730986690.7086987,1.0
1730986690.7137792,1.0
1730986690.717788,1.0
1730986690.7217865,1.0
1730986690.7257411,1.0
1730986690.729788,1.0
1730986690.7328584,1.0
1730986690.736784,1.0
1730986690.741698,1.0
1730986690.7457788,1.0
1730986690.7498024,1.0
1730986690.7528653,1.0
1730986690.7568474,1.0
1730986690.7608483,1.0
1730986690.764868,1.0
1730986690.7697504,1.0
1730986690.7737749,1.0
1730986690.7778468,1.0
1730986690.7808352,1.0
1730986690.7849271,1.0
1730986690.788844,1.0
1730986690.7928786,1.0
1730986690.7968853,1.0
1730986690.801841,1.0
1730986690.8059387,1.0
1730986690.808858,1.0
1730986690.8129332,1.0
1730986690.8168764,1.0
1730986690.8209727,1.0
1730986690.825859,1.0
1730986690.8299043,1.0
1730986690.8339164,1.0
1730986690.8369806,1.0
1730986690.8409967,1.0
1730986690.8449883,1.0
1730986690.8492527,1.0
1730986690.853098,1.0
1730986690.857918,1.0
1730986690.8621137,1.0
1730986690.865095,1.0
1730986690.869059,1.0
1730986690.8731253,1.0
1730986690.877143,1.0
1730986690.88107,1.0
1730986690.8861814,1.0
1730986690.890154,1.0
1730986690.8932264,1.0
1730986690.8970597,1.0
1730986690.901229,1.0
1730986690.9052188,1.0
1730986690.909186,1.0
1730986690.91418,1.0
1730986690.917048,1.0
1730986690.9211469,1.0
1730986690.9250653,1.0
1730986690.9291637,1.0
1730986690.93302,1.0
1730986690.9371097,1.0
1730986690.9421048,1.0
1730986690.9451606,1.0
1730986690.94829,1.0
1730986690.9533265,1.0
1730986690.9574382,1.0
1730986690.9612193,1.0
1730986690.9651487,1.0
1730986690.9691577,1.0
1730986690.9730964,1.0
1730986690.97622,1.0
1730986690.9810529,1.0
1730986690.985182,1.0
1730986690.989071,1.0
1730986690.993106,1.0
1730986690.9982493,1.0
1730986691.0011892,1.0
1730986691.0042992,1.0
1730986691.009292,1.0
1730986691.0132668,1.0
1730986691.0171854,1.0
1730986691.0211923,1.0
1730986691.024201,1.0
1730986691.0284417,1.0
1730986691.0324588,1.0
1730986691.0371983,1.0
1730986691.0412116,1.0
1730986691.0451646,1.0
1730986691.0491972,1.0
1730986691.0531912,1.0
1730986691.056238,1.0
1730986691.0603092,1.0
1730986691.0643363,1.0
1730986691.0693638,1.0
1730986691.0733516,1.0
1730986691.0772855,1.0
1730986691.0803509,1.0
1730986691.0842516,1.0
1730986691.0884051,1.0
1730986691.09228,1.0
1730986691.0973437,1.0
1730986691.1013727,1.0
1730986691.1053338,1.0
1730986691.108248,1.0
1730986691.112357,1.0
1730986691.116249,1.0
1730986691.1202836,1.0
1730986691.1253605,1.0
1730986691.1294274,1.0
1730986691.1324365,1.0
1730986691.1364136,1.0
1730986691.140477,1.0
1730986691.1443589,1.0
1730986691.1484072,1.0
1730986691.1525092,1.0
1730986691.157473,1.0
1730986691.1604216,1.0
1730986691.1644957,1.0
1730986696.183523,1.0
1730986696.18798,1.0
1730986696.193642,1.0
1730986696.195531,1.0
1730986696.1995077,1.0
1730986696.2024784,1.0
1730986696.207598,1.0
1730986696.2115495,1.0
1730986696.2155282,1.0
1730986696.219686,1.0
1730986696.2228053,1.0
1730986696.2265923,1.0
1730986696.230778,1.0
1730986696.2347538,1.0
1730986696.2398071,1.0
1730986696.24381,1.0
1730986696.2478104,1.0
1730986696.2506957,1.0
1730986696.2548382,1.0
1730986696.2588377,1.0
1730986696.262796,1.0
1730986696.2677786,1.0
1730986696.271649,1.0
1730986696.275731,1.0
1730986696.2787516,1.0
1730986696.2827165,1.0
1730986696.286718,1.0
1730986696.2906935,1.0
1730986696.2957463,1.0
1730986696.2997687,1.0
1730986696.3037567,1.0
1730986696.3067272,1.0
1730986696.3107307,1.0
1730986696.3147018,1.0
1730986696.3187287,1.0
1730986696.323748,1.0
1730986696.3277304,1.0
1730986696.3307235,1.0
1730986696.3347049,1.0
1730986696.3387315,1.0
1730986696.3427343,1.0
1730986696.346729,1.0
1730986696.3507347,1.0
1730986696.3557668,1.0
1730986696.3587804,1.0
1730986696.3628862,1.0
1730986696.366828,1.0
1730986696.3708937,1.0
1730986696.3747892,1.0
1730986696.3787694,1.0
1730986696.3839324,1.0
1730986696.3869555,1.0
1730986696.3908603,1.0
1730986696.3948762,1.0
1730986696.3988287,1.0
1730986696.4028633,1.0
1730986696.4068508,1.0
1730986696.4118676,1.0
1730986696.414837,1.0
1730986696.418924,1.0
1730986696.4229023,1.0
1730986696.4268656,1.0
1730986696.4309244,1.0
1730986696.4349427,1.0
1730986696.4399214,1.0
1730986696.4429376,1.0
1730986696.445918,1.0
1730986696.4509268,1.0
1730986696.455057,1.0
1730986696.4590771,1.0
1730986696.463118,1.0
1730986696.4672065,1.0
1730986696.4701376,1.0
1730986696.4741125,1.0
1730986696.4791708,1.0
1730986696.4831903,1.0
1730986696.4871771,1.0
1730986696.4912052,1.0
1730986696.4951613,1.0
1730986696.4980562,1.0
1730986696.502156,1.0
1730986696.5070765,1.0
1730986696.5111363,1.0
1730986696.5151348,1.0
1730986696.5190952,1.0
1730986696.5220895,1.0
1730986696.5260909,1.0
1730986696.5301895,1.0
1730986696.5341885,1.0
1730986696.5391755,1.0
1730986696.5431168,1.0
1730986696.5472047,1.0
1730986696.5512123,1.0
1730986696.5541968,1.0
1730986696.5582807,1.0
1730986696.562142,1.0
1730986696.5672357,1.0
1730986696.571251,1.0
1730986696.5741584,1.0
1730986696.5782497,1.0
1730986696.5823777,1.0
1730986696.5862603,1.0
1730986696.5901618,1.0
1730986696.5952487,1.0
1730986696.5992053,1.0
1730986696.6021912,1.0
1730986696.6062,1.0
1730986696.610236,1.0
1730986696.6141791,1.0
1730986696.618205,1.0
1730986696.6222312,1.0
1730986696.6273148,1.0
1730986696.6304965,1.0
1730986696.634234,1.0
1730986696.6382177,1.0
1730986696.6422377,1.0
1730986696.6462607,1.0
1730986696.6503904,1.0
1730986696.6552489,1.0
1730986696.6582427,1.0
1730986696.662261,1.0
1730986696.6663,1.0
1730986696.6702783,1.0
1730986696.674337,1.0
1730986696.6783073,1.0
1730986696.6833096,1.0
1730986696.686334,1.0
1730986696.690306,1.0
1730986696.6942997,1.0
1730986696.6983533,1.0
1730986696.7023468,1.0
1730986696.7073927,1.0
1730986696.7103505,1.0
1730986696.7133744,1.0
1730986696.7184973,1.0
1730986696.7223992,1.0
1730986696.7263784,1.0
1730986696.7304037,1.0
1730986696.7345188,1.0
1730986696.7383947,1.0
1730986696.7413833,1.0
1730986696.745407,1.0
1730986696.7504077,1.0
1730986696.754414,1.0
1730986696.7584088,1.0
1730986696.7624495,1.0
1730986696.7664387,1.0
1730986696.7694025,1.0
1730986696.7736375,1.0
1730986696.7784684,1.0
1730986696.782477,1.0
1730986696.7864957,1.0
1730986696.79052,1.0
1730986696.7945063,1.0
1730986696.7975984,1.0
1730986696.801524,1.0
1730986696.80651,1.0
1730986696.8105247,1.0
1730986696.8145044,1.0
1730986696.8175817,1.0
1730986696.821627,1.0
1730986696.825671,1.0
1730986696.8296132,1.0
1730986696.834581,1.0
1730986696.8386986,1.0
1730986696.8425837,1.0
1730986696.845564,1.0
1730986696.8496337,1.0
1730986696.8535564,1.0
1730986696.8576443,1.0
1730986696.8616168,1.0
1730986696.8666255,1.0
1730986696.8706107,1.0
1730986696.873612,1.0
1730986696.8775978,1.0
1730986696.881622,1.0
1730986696.8856893,1.0
1730986696.8896456,1.0
1730986696.8947651,1.0
1730986696.8987074,1.0
1730986696.9016843,1.0
1730986696.9056344,1.0
1730986696.9096413,1.0
1730986696.9137802,1.0
1730986696.917818,1.0
1730986696.9216645,1.0
1730986696.926803,1.0
1730986696.929797,1.0
1730986696.93374,1.0
1730986696.9377377,1.0
1730986696.9417522,1.0
1730986696.9457848,1.0
1730986696.9508643,1.0
1730986696.95385,1.0
1730986696.957896,1.0
1730986696.9619043,1.0
1730986696.9658935,1.0
1730986696.9698708,1.0
1730986696.9739103,1.0
1730986696.978928,1.0
1730986696.9818332,1.0
1730986696.9849088,1.0
1730986696.9898467,1.0
1730986696.9939468,1.0
1730986696.9979796,1.0
1730986697.001966,1.0
1730986697.007023,1.0
1730986697.0100543,1.0
1730986697.0130076,1.0
1730986697.0178504,1.0
1730986697.0218832,1.0
1730986697.0259044,1.0
1730986697.0300677,1.0
1730986697.0350575,1.0
1730986697.0380564,1.0
1730986697.0410898,1.0
1730986697.0448976,1.0
1730986697.050017,1.0
1730986697.0540318,1.0
1730986697.0580137,1.0
1730986697.062137,1.0
1730986697.0660996,1.0
1730986697.0691683,1.0
1730986697.074128,1.0
1730986697.0782032,1.0
1730986697.082162,1.0
1730986697.0863008,1.0
1730986697.0890388,1.0
1730986697.0932438,1.0
1730986697.0973234,1.0
1730986697.1013377,1.0
1730986697.1060407,1.0
1730986697.110327,1.0
1730986697.1143858,1.0
1730986697.1173143,1.0
1730986697.1212354,1.0
1730986697.125304,1.0
1730986697.1291723,1.0
1730986697.134071,1.0
1730986697.1381269,1.0
1730986697.1420531,1.0
1730986697.145274,1.0
1730986697.14922,1.0
1730986697.1530902,1.0
1730986697.1570652,1.0
1730986697.162347,1.0
1730986697.166126,1.0
1730986697.1702993,1.0
1730986697.1732297,1.0
1730986697.1773863,1.0
1730986697.1811333,1.0
1730986697.18511,1.0
1730986697.1893127,1.0
1730986697.1941772,1.0
1730986697.1981528,1.0
1730986697.201125,1.0
1730986697.2051296,1.0
1730986697.209346,1.0
1730986697.2132,1.0
1730986697.2181468,1.0
1730986697.222246,1.0
1730986697.2252052,1.0
1730986697.229199,1.0
1730986697.2331965,1.0
1730986697.2372096,1.0
1730986697.2412083,1.0
1730986697.2452888,1.0
1730986697.250226,1.0
1730986697.2532098,1.0
1730986697.257254,1.0
1730986697.2613113,1.0
1730986697.2652917,1.0
1730986697.2693253,1.0
1730986697.2732792,1.0
1730986697.278372,1.0
1730986697.2812643,1.0
1730986697.285366,1.0
1730986697.2893777,1.0
1730986697.2934468,1.0
1730986697.2974496,1.0
1730986697.3015716,1.0
1730986697.30635,1.0
1730986697.3095903,1.0
1730986697.3125892,1.0
1730986697.3176067,1.0
1730986697.3215914,1.0
1730986697.325735,1.0
1730986697.3296144,1.0
1730986697.333634,1.0
1730986697.3363707,1.0
1730986697.3403952,1.0
1730986697.3453372,1.0
1730986697.349427,1.0
1730986697.353372,1.0
1730986697.3574295,1.0
1730986697.3614476,1.0
1730986697.364383,1.0
1730986697.3683643,1.0
1730986697.373368,1.0
1730986697.3773818,1.0
1730986697.3813818,1.0
1730986697.3855348,1.0
1730986697.389434,1.0
1730986697.3924923,1.0
1730986697.396516,1.0
1730986697.401563,1.0
1730986697.4057093,1.0
1730986697.4095232,1.0
1730986697.4135432,1.0
1730986697.4164984,1.0
1730986697.4205768,1.0
1730986697.4245813,1.0
1730986697.4285965,1.0
1730986697.4336169,1.0
1730986697.437595,1.0
1730986697.4416394,1.0
1730986697.4446309,1.0
1730986697.4485414,1.0
1730986697.4526432,1.0
1730986697.4565728,1.0
1730986697.461651,1.0
1730986697.466166,1.0
1730986697.46861,1.0
1730986697.4728017,1.0
1730986697.4766088,1.0
1730986697.4805968,1.0
1730986697.4846072,1.0
1730986697.4885898,1.0
1730986697.493616,1.0
1730986697.4965713,1.0
1730986697.5006928,1.0
1730986697.5046284,1.0
1730986697.508669,1.0
1730986697.51281,1.0
1730986697.5177813,1.0
1730986697.5218024,1.0
1730986697.5248082,1.0
1730986697.5287786,1.0
1730986697.5327392,1.0
1730986697.5367324,1.0
1730986697.5413797,1.0
1730986697.544852,1.0
1730986697.5499344,1.0
1730986697.5528193,1.0
1730986697.5569026,1.0
1730986697.5607378,1.0
1730986697.565009,1.0
1730986697.5689468,1.0
1730986697.572872,1.0
1730986697.5769815,1.0
1730986697.5799272,1.0
1730986697.5849657,1.0
1730986697.588991,1.0
1730986697.5927768,1.0
1730986697.596974,1.0
1730986697.6018765,1.0
1730986697.6049829,1.0
1730986697.6078284,1.0
1730986697.611792,1.0
1730986697.6167753,1.0
1730986697.6208289,1.0
1730986697.6247756,1.0
1730986697.6288247,1.0
1730986697.6330447,1.0
1730986697.635888,1.0
1730986697.6410732,1.0
1730986697.6450412,1.0
1730986697.6489756,1.0
1730986697.6529615,1.0
1730986697.6568768,1.0
1730986697.660961,1.0
1730986697.663978,1.0
1730986697.667987,1.0
1730986697.672999,1.0
1730986697.677104,1.0
1730986697.681018,1.0
1730986697.6850708,1.0
1730986697.6891627,1.0
1730986697.6921022,1.0
1730986697.6959908,1.0
1730986697.7011576,1.0
1730986697.7051444,1.0
1730986697.708978,1.0
1730986697.7122416,1.0
1730986697.717281,1.0
1730986697.721043,1.0
1730986697.7250636,1.0
1730986697.7279823,1.0
1730986697.7320635,1.0
1730986697.7360244,1.0
1730986697.7400444,1.0
1730986697.7450025,1.0
1730986697.7490697,1.0
1730986697.753085,1.0
1730986697.7559996,1.0
1730986697.760013,1.0
1730986697.7641072,1.0
1730986697.7681043,1.0
1730986697.7730303,1.0
1730986697.7771213,1.0
1730986697.7801895,1.0
1730986697.7841988,1.0
1730986697.7881894,1.0
1730986697.7922187,1.0
1730986697.7960882,1.0
1730986697.8002565,1.0
1730986697.8052175,1.0
1730986697.8081756,1.0
1730986697.8121836,1.0
1730986697.8161075,1.0
1730986697.8201847,1.0
1730986697.8241737,1.0
1730986697.8282168,1.0
1730986697.8332171,1.0
1730986697.8361511,1.0
1730986697.8401542,1.0
1730986697.8442445,1.0
1730986697.848205,1.0
1730986697.8522527,1.0
1730986697.8561242,1.0
1730986697.8612435,1.0
1730986697.8641813,1.0
1730986697.868207,1.0
1730986697.8722467,1.0
1730986697.8762195,1.0
1730986697.8802671,1.0
1730986697.8842916,1.0
1730986697.888329,1.0
1730986697.8913171,1.0
1730986697.8963025,1.0
1730986697.9002247,1.0
1730986697.9042275,1.0
1730986697.9082332,1.0
1730986697.9122934,1.0
1730986697.916309,1.0
1730986697.919378,1.0
1730986697.923251,1.0
1730986697.928284,1.0
1730986697.932282,1.0
1730986697.936308,1.0
1730986697.9402905,1.0
1730986697.944372,1.0
1730986697.9472957,1.0
1730986697.952279,1.0
1730986697.9563458,1.0
1730986697.9604628,1.0
1730986697.9643295,1.0
1730986697.9684212,1.0
1730986697.9724753,1.0
1730986697.9753916,1.0
1730986697.9794447,1.0
1730986697.9844232,1.0
1730986697.9884677,1.0
1730986697.9924617,1.0
1730986697.9965682,1.0
1730986698.0005584,1.0
1730986698.0036168,1.0
1730986698.0075748,1.0
1730986698.0125124,1.0
1730986698.0165343,1.0
1730986698.0206242,1.0
1730986698.0235407,1.0
1730986698.0276191,1.0
1730986698.0315988,1.0
1730986698.035848,1.0
1730986698.039579,1.0
1730986698.0444744,1.0
1730986698.0485177,1.0
1730986698.0515895,1.0
1730986698.0557745,1.0
1730986698.0595963,1.0
1730986698.0635345,1.0
1730986698.067587,1.0
1730986698.0724792,1.0
1730986698.0765097,1.0
1730986698.0796244,1.0
1730986698.0836468,1.0
1730986698.0876367,1.0
1730986698.0917313,1.0
1730986698.0958,1.0
1730986698.1006851,1.0
1730986698.104705,1.0
1730986698.1077762,1.0
1730986698.111797,1.0
1730986698.1158805,1.0
1730986698.1197278,1.0
1730986698.123651,1.0
1730986698.1287804,1.0
1730986698.1317,1.0
1730986698.1359525,1.0
1730986698.139636,1.0
1730986698.1438253,1.0
1730986698.1477752,1.0
1730986698.151852,1.0
1730986698.1557832,1.0
1730986698.1597626,1.0
1730986698.1627612,1.0
1730986698.1677597,1.0
1730986698.171684,1.0
1730986698.175815,1.0
1730986698.1798196,1.0
1730986698.1848986,1.0
1730986698.1878836,1.0
1730986698.190971,1.0
1730986698.196274,1.0
1730986698.200306,1.0
1730986698.204216,1.0
1730986698.207935,1.0
1730986698.211915,1.0
1730986698.2160196,1.0
1730986698.2189703,1.0
1730986698.2238984,1.0
1730986698.227903,1.0
1730986698.2317634,1.0
1730986698.2359824,1.0
1730986698.2399335,1.0
1730986698.2438483,1.0
1730986698.2470152,1.0
1730986698.2510211,1.0
1730986698.2559264,1.0
1730986698.2599869,1.0
1730986698.264024,1.0
1730986698.267037,1.0
1730986698.2710288,1.0
1730986698.2751265,1.0
1730986698.2790904,1.0
1730986698.284073,1.0
1730986698.2880936,1.0
1730986698.2919104,1.0
1730986698.2950957,1.0
1730986698.299049,1.0
1730986698.3030813,1.0
1730986698.3070128,1.0
1730986698.312097,1.0
1730986698.3160384,1.0
1730986698.3201168,1.0
1730986698.3229392,1.0
1730986698.327057,1.0
1730986698.3309376,1.0
1730986698.3350365,1.0
1730986698.3400896,1.0
1730986698.3440485,1.0
1730986698.3479955,1.0
1730986698.3510623,1.0
1730986698.3550484,1.0
1730986698.3591268,1.0
1730986698.363129,1.0
1730986698.3671436,1.0
1730986698.372146,1.0
1730986698.376017,1.0
1730986698.3791313,1.0
1730986698.3831365,1.0
1730986698.3871388,1.0
1730986698.391102,1.0
1730986698.3950377,1.0
1730986698.4002583,1.0
1730986698.4032607,1.0
1730986698.4071765,1.0
1730986698.4112332,1.0
1730986698.4151657,1.0
1730986698.4191473,1.0
1730986698.4231648,1.0
1730986698.4282513,1.0
1730986698.431187,1.0
1730986698.435213,1.0
1730986698.4392323,1.0
1730986698.4433105,1.0
1730986698.4473588,1.0
1730986698.4513507,1.0
1730986698.456159,1.0
1730986698.4593186,1.0
1730986698.4623506,1.0
1730986698.4673476,1.0
1730986698.4713564,1.0
1730986698.4752712,1.0
1730986698.4793527,1.0
1730986698.4833865,1.0
1730986698.487373,1.0
1730986698.4902654,1.0
1730986698.494393,1.0
1730986698.4993105,1.0
1730986698.5033116,1.0
1730986698.5073085,1.0
1730986698.5103269,1.0
1730986698.5142343,1.0
1730986698.518345,1.0
1730986698.5232885,1.0
1730986698.5274403,1.0
1730986698.5313764,1.0
1730986698.5354097,1.0
1730986698.5384643,1.0
1730986698.542468,1.0
1730986698.5463986,1.0
1730986698.5504806,1.0
1730986698.555451,1.0
1730986698.5594945,1.0
1730986698.5635056,1.0
1730986698.5664392,1.0
1730986698.5705156,1.0
1730986698.57453,1.0
1730986698.579463,1.0
1730986698.5834465,1.0
1730986698.5874665,1.0
1730986698.5914865,1.0
1730986698.5944345,1.0
1730986698.598375,1.0
1730986698.6024566,1.0
1730986698.606436,1.0
1730986698.6115065,1.0
1730986698.6153789,1.0
1730986698.6195457,1.0
1730986698.622373,1.0
1730986698.6265278,1.0
1730986698.6307132,1.0
1730986698.6344805,1.0
1730986698.6385298,1.0
1730986698.6438715,1.0
1730986698.6466732,1.0
1730986698.650681,1.0
1730986698.6546755,1.0
1730986698.6586697,1.0
1730986698.662706,1.0
1730986698.6677082,1.0
1730986698.6714933,1.0
1730986698.6746943,1.0
1730986698.6787555,1.0
1730986698.6828132,1.0
1730986698.686684,1.0
1730986698.6906328,1.0
1730986698.6946297,1.0
1730986698.699788,1.0
1730986698.7027867,1.0
1730986698.7066696,1.0
1730986698.711183,1.0
1730986698.714619,1.0
1730986698.7188463,1.0
1730986698.7226465,1.0
1730986698.7276287,1.0
1730986698.7306917,1.0
1730986698.7335875,1.0
1730986698.738727,1.0
1730986698.7426522,1.0
1730986698.746643,1.0
1730986698.750693,1.0
1730986698.7558124,1.0
1730986698.7587204,1.0
1730986698.7616713,1.0
1730986698.766709,1.0
1730986698.770716,1.0
1730986698.7747383,1.0
1730986698.7786744,1.0
1730986698.782761,1.0
1730986698.7857769,1.0
1730986698.7896614,1.0
1730986698.7947552,1.0
1730986698.7987792,1.0
1730986698.802818,1.0
1730986698.8066688,1.0
1730986698.81084,1.0
1730986698.8138103,1.0
1730986698.8178537,1.0
1730986698.8227377,1.0
1730986698.8267825,1.0
1730986698.830726,1.0
1730986698.834902,1.0
1730986698.8377955,1.0
1730986698.8418908,1.0
1730986698.8457508,1.0
1730986698.8498628,1.0
1730986698.8556764,1.0
1730986698.8589048,1.0
1730986698.8628876,1.0
1730986698.8658693,1.0
1730986698.8699098,1.0
1730986698.873957,1.0
1730986698.8780046,1.0
1730986698.882985,1.0
1730986698.886841,1.0
1730986698.890911,1.0
1730986698.8939135,1.0
1730986698.8977923,1.0
1730986698.901896,1.0
1730986698.9058776,1.0
1730986698.910934,1.0
1730986698.9148765,1.0
1730986698.9179573,1.0
1730986698.9221883,1.0
1730986698.9258628,1.0
1730986698.9299695,1.0
1730986698.9339309,1.0
1730986698.9389195,1.0
1730986698.9430037,1.0
1730986698.9459093,1.0
1730986698.9500103,1.0
1730986698.9540691,1.0
1730986698.9580424,1.0
1730986698.9620852,1.0
1730986698.9669533,1.0
1730986698.971069,1.0
1730986698.9740517,1.0
1730986698.978144,1.0
1730986698.9823182,1.0
1730986698.9860396,1.0
1730986698.9901376,1.0
1730986698.994171,1.0
1730986698.9991782,1.0
1730986699.0021713,1.0
1730986699.005999,1.0
1730986699.0101793,1.0
1730986699.013988,1.0
1730986699.0181365,1.0
1730986699.0230904,1.0
1730986699.0260923,1.0
1730986699.02918,1.0
1730986699.0341592,1.0
1730986699.038162,1.0
1730986699.0421867,1.0
1730986699.0460663,1.0
1730986699.0511231,1.0
1730986699.0541232,1.0
1730986699.05717,1.0
1730986699.0621164,1.0
1730986699.0661125,1.0
1730986699.0701244,1.0
1730986699.0742369,1.0
1730986699.0782115,1.0
1730986699.0821807,1.0
1730986699.085314,1.0
1730986699.090324,1.0
1730986699.0942256,1.0
1730986699.0981767,1.0
1730986699.1021464,1.0
1730986699.106207,1.0
1730986699.1102197,1.0
1730986699.113311,1.0
1730986699.1172872,1.0
1730986699.1222086,1.0
1730986699.1262903,1.0
1730986699.1303928,1.0
1730986699.1343763,1.0
1730986699.138302,1.0
1730986699.1412296,1.0
1730986699.1452353,1.0
1730986699.150226,1.0
1730986699.1542473,1.0
1730986699.1582687,1.0
1730986699.1612525,1.0
1730986699.1652665,1.0
1730986699.1692605,1.0
1730986699.173283,1.0
1730986699.1782825,1.0
1730986699.1823127,1.0
1730986699.186291,1.0
1730986699.189325,1.0
1730986699.1934285,1.0
1730986699.197318,1.0
1730986699.2015183,1.0
1730986699.205446,1.0
1730986699.2104073,1.0
1730986699.214345,1.0
1730986699.2174544,1.0
1730986699.221444,1.0
1730986699.2256348,1.0
1730986699.2294052,1.0
1730986699.2335453,1.0
1730986699.2385108,1.0
1730986699.242532,1.0
1730986699.245453,1.0
1730986699.2494135,1.0
1730986699.2533953,1.0
1730986699.257416,1.0
1730986699.261457,1.0
1730986699.2664452,1.0
1730986699.2694678,1.0
1730986699.2734408,1.0
1730986699.2774377,1.0
1730986699.2814903,1.0
1730986699.2856169,1.0
1730986699.289492,1.0
1730986699.2944908,1.0
1730986699.2975304,1.0
1730986699.3015072,1.0
1730986699.3057008,1.0
1730986699.309559,1.0
1730986699.313547,1.0
1730986699.31752,1.0
1730986699.3225312,1.0
1730986699.3257267,1.0
1730986699.328657,1.0
1730986699.3336544,1.0
1730986699.3376565,1.0
1730986699.341565,1.0
1730986699.345844,1.0
1730986699.3506043,1.0
1730986699.3536386,1.0
1730986699.3566017,1.0
1730986699.3616185,1.0
1730986699.365746,1.0
1730986699.369656,1.0
1730986699.3736453,1.0
1730986699.3786535,1.0
1730986699.3816056,1.0
1730986699.3846622,1.0
1730986699.3897252,1.0
1730986699.3936288,1.0
1730986699.3976612,1.0
1730986699.4016776,1.0
1730986699.4057295,1.0
1730986699.4087012,1.0
1730986699.4127789,1.0
1730986699.4167244,1.0
1730986699.4222353,1.0
1730986699.425949,1.0
1730986699.4297848,1.0
1730986699.4327629,1.0
1730986699.4366956,1.0
1730986699.4407215,1.0
1730986699.444775,1.0
1730986699.4497344,1.0
1730986699.4537663,1.0
1730986699.4577491,1.0
1730986699.4608097,1.0
1730986699.4647813,1.0
1730986699.4687366,1.0
1730986699.472783,1.0
1730986699.477805,1.0
1730986699.481815,1.0
1730986699.4857917,1.0
1730986699.4888084,1.0
1730986699.49285,1.0
1730986699.4968889,1.0
1730986699.500892,1.0
1730986699.5058131,1.0
1730986699.5098844,1.0
1730986699.5138955,1.0
1730986699.5169096,1.0
1730986699.5208883,1.0
1730986699.5248756,1.0
1730986699.5289145,1.0
1730986699.5338807,1.0
1730986699.5379057,1.0
1730986699.5408995,1.0
1730986699.5449128,1.0
1730986699.5489187,1.0
1730986699.5530205,1.0
1730986699.5569627,1.0
1730986699.5610144,1.0
1730986699.565942,1.0
1730986699.569152,1.0
1730986699.5731213,1.0
1730986699.5771184,1.0
1730986699.5810635,1.0
1730986699.5850613,1.0
1730986699.5890012,1.0
1730986699.5941255,1.0
1730986699.5971012,1.0
1730986699.6000316,1.0
1730986699.6050143,1.0
1730986699.6089947,1.0
1730986699.6130672,1.0
1730986699.6170297,1.0
1730986699.6220355,1.0
1730986699.6251128,1.0
1730986699.6290784,1.0
1730986699.6331787,1.0
1730986699.6371748,1.0
1730986699.6413388,1.0
1730986699.6451852,1.0
1730986699.6491015,1.0
1730986699.6520836,1.0
1730986699.6561656,1.0
1730986699.6610956,1.0
1730986699.665141,1.0
1730986699.669135,1.0
1730986699.6731567,1.0
1730986699.6771572,1.0
1730986699.680144,1.0
1730986699.68425,1.0
1730986699.6891718,1.0
1730986699.6932597,1.0
1730986699.697258,1.0
1730986699.7012703,1.0
1730986699.7042928,1.0
1730986699.708311,1.0
1730986699.7123127,1.0
1730986699.7173295,1.0
1730986699.7213233,1.0
1730986699.725406,1.0
1730986699.7294087,1.0
1730986699.7324646,1.0
1730986699.736261,1.0
1730986699.7402425,1.0
1730986699.7444863,1.0
1730986699.7494185,1.0
1730986699.7533016,1.0
1730986699.756276,1.0
1730986699.7607825,1.0
1730986699.7643504,1.0
1730986699.7683945,1.0
1730986699.7722917,1.0
1730986699.7774038,1.0
1730986699.7813568,1.0
1730986699.7844217,1.0
1730986699.788416,1.0
1730986699.7923725,1.0
1730986699.7963526,1.0
1730986699.8004034,1.0
1730986699.80534,1.0
1730986699.8093996,1.0
1730986699.8124032,1.0
1730986699.8163364,1.0
1730986699.8203893,1.0
1730986699.8244588,1.0
1730986699.8284023,1.0
1730986699.8324642,1.0
1730986699.837386,1.0
1730986699.8403993,1.0
1730986699.8445148,1.0
1730986699.8484547,1.0
1730986699.85245,1.0
1730986699.8564274,1.0
1730986699.8605232,1.0
1730986699.865513,1.0
1730986699.868516,1.0
1730986699.8724303,1.0
1730986699.8764553,1.0
1730986699.8804407,1.0
1730986699.884562,1.0
1730986699.8895967,1.0
1730986699.8926013,1.0
1730986699.8956585,1.0
1730986699.9005926,1.0
1730986699.9045973,1.0
1730986699.9086292,1.0
1730986699.912632,1.0
1730986699.9165409,1.0
1730986699.9205427,1.0
1730986699.9235768,1.0
1730986699.9285607,1.0
1730986699.9326217,1.0
1730986699.936649,1.0
1730986699.9406204,1.0
1730986699.9447143,1.0
1730986699.948632,1.0
1730986699.9516177,1.0
1730986699.955767,1.0
1730986699.9606469,1.0
1730986699.9646697,1.0
1730986699.9687583,1.0
1730986699.9726677,1.0
1730986699.9766228,1.0
1730986699.979792,1.0
1730986699.983762,1.0
1730986699.9887393,1.0
1730986699.992638,1.0
1730986699.9967597,1.0
1730986700.000834,1.0
1730986700.0048416,1.0
1730986700.0077553,1.0
1730986700.0116432,1.0
1730986700.016682,1.0
1730986700.0207412,1.0
1730986700.0246634,1.0
1730986700.0276484,1.0
1730986700.0316572,1.0
1730986700.0358477,1.0
1730986700.0398304,1.0
1730986700.0448246,1.0
1730986700.0488424,1.0
1730986700.0528471,1.0
1730986700.055725,1.0
1730986700.060024,1.0
1730986700.06381,1.0
1730986700.0679002,1.0
1730986700.0718713,1.0
1730986700.0768857,1.0
1730986700.0808463,1.0
1730986700.083946,1.0
1730986700.087998,1.0
1730986700.0919,1.0
1730986700.0957575,1.0
1730986700.0999312,1.0
1730986700.1048365,1.0
1730986700.1088543,1.0
1730986700.1118455,1.0
1730986700.1157968,1.0
1730986700.120011,1.0
1730986700.1237853,1.0
1730986700.127828,1.0
1730986700.1328075,1.0
1730986700.1368756,1.0
1730986700.139886,1.0
1730986700.1440191,1.0
1730986700.1478884,1.0
1730986700.1519558,1.0
1730986700.1558833,1.0
1730986700.1609795,1.0
1730986700.163859,1.0
1730986700.1669874,1.0
1730986700.171941,1.0
1730986700.1759107,1.0
1730986700.17999,1.0
1730986700.1839209,1.0
1730986700.1880152,1.0
1730986700.1920469,1.0
1730986700.1950526,1.0
1730986700.20038,1.0
1730986700.2040896,1.0
1730986700.208126,1.0
1730986700.2121537,1.0
1730986700.2160697,1.0
1730986700.2201269,1.0
1730986700.2230692,1.0
1730986700.227137,1.0
1730986700.2320464,1.0
1730986700.2360516,1.0
1730986700.2402651,1.0
1730986700.2442636,1.0
1730986700.248078,1.0
1730986700.2512667,1.0
1730986700.2560468,1.0
1730986700.260392,1.0
1730986700.2640123,1.0
1730986700.268689,1.0
1730986700.2720678,1.0
1730986700.276117,1.0
1730986700.2792473,1.0
1730986700.2842484,1.0
1730986700.2882583,1.0
1730986700.2922795,1.0
1730986700.2962348,1.0
1730986700.2993343,1.0
1730986700.3033423,1.0
1730986700.3073676,1.0
1730986700.3114402,1.0
1730986700.3163517,1.0
1730986700.320401,1.0
1730986700.3244183,1.0
1730986700.3274264,1.0
1730986700.3312976,1.0
1730986700.3353117,1.0
1730986700.3392923,1.0
1730986700.3443787,1.0
1730986700.3483353,1.0
1730986700.3524237,1.0
1730986700.3553028,1.0
1730986700.3593743,1.0
1730986700.3632133,1.0
1730986700.36721,1.0
1730986700.3722208,1.0
1730986700.3762171,1.0
1730986700.3802016,1.0
1730986700.3832965,1.0
1730986700.3872888,1.0
1730986700.3913243,1.0
1730986700.3953636,1.0
1730986700.3993576,1.0
1730986700.404333,1.0
1730986700.4073813,1.0
1730986700.4113972,1.0
1730986700.415345,1.0
1730986700.4193947,1.0
1730986700.4233904,1.0
1730986700.427422,1.0
1730986700.432414,1.0
1730986700.4353943,1.0
1730986700.4393933,1.0
1730986700.443457,1.0
1730986700.4473188,1.0
1730986700.4513333,1.0
1730986700.455456,1.0
1730986700.4604893,1.0
1730986700.4634476,1.0
1730986700.467373,1.0
1730986700.471567,1.0
1730986700.4754105,1.0
1730986700.4793816,1.0
1730986700.4845004,1.0
1730986700.487435,1.0
1730986700.491469,1.0
1730986700.4956677,1.0
1730986700.4995031,1.0
1730986700.5034263,1.0
1730986700.506428,1.0
1730986700.5115368,1.0
1730986700.5157063,1.0
1730986700.5194838,1.0
1730986700.5235567,1.0
1730986700.527589,1.0
1730986700.5315742,1.0
1730986700.5346007,1.0
1730986700.538482,1.0
1730986700.5435698,1.0
1730986700.5474627,1.0
1730986700.5515175,1.0
1730986700.5556731,1.0
1730986700.5585375,1.0
1730986700.562636,1.0
1730986700.5665336,1.0
1730986700.5717297,1.0
1730986700.5758512,1.0
1730986700.579645,1.0
1730986700.5835538,1.0
1730986700.5876703,1.0
1730986700.5906994,1.0
1730986700.5947237,1.0
1730986700.60011,1.0
1730986700.6036904,1.0
1730986700.6077344,1.0
1730986700.6106863,1.0
1730986700.6147983,1.0
1730986700.618745,1.0
1730986700.622738,1.0
1730986700.627731,1.0
1730986700.6316955,1.0
1730986700.635946,1.0
1730986700.638799,1.0
1730986700.6428442,1.0
1730986700.6469347,1.0
1730986700.650784,1.0
1730986700.6548176,1.0
1730986700.6598082,1.0
1730986700.6637044,1.0
1730986700.666757,1.0
1730986700.670782,1.0
1730986700.674834,1.0
1730986700.6788397,1.0
1730986700.6828709,1.0
1730986700.6879933,1.0
1730986700.6918426,1.0
1730986700.69492,1.0
1730986700.6988275,1.0
1730986700.702809,1.0
1730986700.7067616,1.0
1730986700.7109606,1.0
1730986700.7158847,1.0
1730986700.7189777,1.0
1730986700.7229114,1.0
1730986700.7274125,1.0
1730986700.7307928,1.0
1730986700.7348857,1.0
1730986700.7389157,1.0
1730986700.744095,1.0
1730986700.746984,1.0
1730986700.7510464,1.0
1730986700.7550998,1.0
1730986700.75903,1.0
1730986700.7630672,1.0
1730986700.76685,1.0
1730986700.7720494,1.0
1730986700.77505,1.0
1730986700.7780807,1.0
1730986700.7829804,1.0
1730986700.7871048,1.0
1730986700.791076,1.0
1730986700.794984,1.0
1730986700.800233,1.0
1730986700.8031504,1.0
1730986700.8060105,1.0
1730986700.811056,1.0
1730986700.8149617,1.0
1730986700.819242,1.0
1730986700.8235352,1.0
1730986700.8276453,1.0
1730986700.8313203,1.0
1730986700.8341453,1.0
1730986700.8382397,1.0
1730986700.8434317,1.0
1730986700.8470488,1.0
1730986700.851042,1.0
1730986700.8541288,1.0
1730986700.8580835,1.0
1730986700.8621736,1.0
1730986700.867186,1.0
1730986700.871132,1.0
1730986700.875088,1.0
1730986700.8811946,1.0
1730986700.8820329,1.0
1730986700.886032,1.0
1730986700.890482,1.0
1730986700.8940833,1.0
1730986700.8991594,1.0
1730986700.9031672,1.0
1730986700.90737,1.0
1730986700.9103277,1.0
1730986700.914124,1.0
1730986700.9182389,1.0
1730986700.9221292,1.0
1730986700.927194,1.0
1730986700.9312468,1.0
1730986700.9351811,1.0
1730986700.9382503,1.0
1730986700.942216,1.0
1730986700.9462185,1.0
1730986700.9501312,1.0
1730986700.9552789,1.0
1730986700.9591649,1.0
1730986700.9622788,1.0
1730986700.9661384,1.0
1730986700.9703126,1.0
1730986700.974357,1.0
1730986700.9783037,1.0
1730986700.9822884,1.0
1730986700.9873283,1.0
1730986700.9902842,1.0
1730986700.994304,1.0
1730986700.998276,1.0
1730986701.0022824,1.0
1730986701.0062835,1.0
1730986701.010707,1.0
1730986701.015309,1.0
1730986701.0182507,1.0
1730986701.022298,1.0
1730986701.026249,1.0
1730986701.030254,1.0
1730986701.03429,1.0
1730986701.038278,1.0
1730986701.043292,1.0
1730986701.046368,1.0
1730986701.0503705,1.0
1730986701.0545995,1.0
1730986701.058426,1.0
1730986701.0633676,1.0
1730986701.066372,1.0
1730986701.0713515,1.0
1730986701.0744803,1.0
1730986701.0784383,1.0
1730986701.0824835,1.0
1730986701.087016,1.0
1730986701.0906029,1.0
1730986701.0943947,1.0
1730986701.098375,1.0
1730986701.1018791,1.0
1730986701.105465,1.0
1730986701.110396,1.0
1730986701.1143785,1.0
1730986701.1187203,1.0
1730986701.1225553,1.0
1730986701.1264782,1.0
1730986701.1294746,1.0
1730986701.1344934,1.0
1730986701.13843,1.0
1730986701.1424508,1.0
1730986701.146542,1.0
1730986701.1523964,1.0
1730986701.15442,1.0
1730986701.157472,1.0
1730986701.1615567,1.0
1730986701.1690073,1.0
1730986701.1705132,1.0
1730986701.1746783,1.0
1730986701.1785996,1.0
1730986701.1815016,1.0
1730986701.185495,1.0
1730986701.1895292,1.0
1730986701.194544,1.0
1730986706.2088308,1.0
1730986706.213869,1.0
1730986706.216859,1.0
1730986706.2207928,1.0
1730986706.2246633,1.0
1730986706.2286797,1.0
1730986706.2327096,1.0
1730986706.2367315,1.0
1730986706.2417345,1.0
1730986706.2447464,1.0
1730986706.247797,1.0
1730986706.25282,1.0
1730986706.256888,1.0
1730986706.2607968,1.0
1730986706.2648065,1.0
1730986706.2699986,1.0
1730986706.2730525,1.0
1730986706.2770145,1.0
1730986706.280958,1.0
1730986706.2850397,1.0
1730986706.2890303,1.0
1730986706.292938,1.0
1730986706.298091,1.0
1730986706.3010745,1.0
1730986706.3039784,1.0
1730986706.308914,1.0
1730986706.3129492,1.0
1730986706.317119,1.0
1730986706.320963,1.0
1730986706.325187,1.0
1730986706.328108,1.0
1730986706.3321254,1.0
1730986706.336135,1.0
1730986706.3411407,1.0
1730986706.3449895,1.0
1730986706.3491888,1.0
1730986706.352056,1.0
1730986706.3561876,1.0
1730986706.3602188,1.0
1730986706.3642004,1.0
1730986706.36897,1.0
1730986706.3730216,1.0
1730986706.3769555,1.0
1730986706.3799767,1.0
1730986706.3840623,1.0
1730986706.387988,1.0
1730986706.3921008,1.0
1730986706.3970952,1.0
1730986706.401049,1.0
1730986706.4052358,1.0
1730986706.4080253,1.0
1730986706.4120352,1.0
1730986706.4161432,1.0
1730986706.4200811,1.0
1730986706.4251175,1.0
1730986706.4290826,1.0
1730986706.433252,1.0
1730986706.4361317,1.0
1730986706.4401224,1.0
1730986706.444167,1.0
1730986706.4482625,1.0
1730986706.4530835,1.0
1730986706.4570916,1.0
1730986706.4610908,1.0
1730986706.464096,1.0
1730986706.468207,1.0
1730986706.4721985,1.0
1730986706.4761975,1.0
1730986706.4801607,1.0
1730986706.4851737,1.0
1730986706.4881885,1.0
1730986706.4921992,1.0
1730986706.4961376,1.0
1730986706.5001576,1.0
1730986706.5041668,1.0
1730986706.508221,1.0
1730986706.5132608,1.0
1730986706.5161865,1.0
1730986706.5202096,1.0
1730986706.524221,1.0
1730986706.5282245,1.0
1730986706.5322435,1.0
1730986706.536209,1.0
1730986706.5412238,1.0
1730986706.544248,1.0
1730986706.5472617,1.0
1730986706.5522285,1.0
1730986706.5562584,1.0
1730986706.560341,1.0
1730986706.564325,1.0
1730986706.5683055,1.0
1730986706.5712817,1.0
1730986706.5762887,1.0
1730986706.5802803,1.0
1730986706.5842826,1.0
1730986706.5882993,1.0
1730986706.5924392,1.0
1730986706.5964108,1.0
1730986706.5995183,1.0
1730986706.603341,1.0
1730986706.6083524,1.0
1730986706.6123571,1.0
1730986706.616454,1.0
1730986706.620372,1.0
1730986706.6243606,1.0
1730986706.627492,1.0
1730986706.6314473,1.0
1730986706.636386,1.0
1730986706.6405962,1.0
1730986706.644415,1.0
1730986706.6484313,1.0
1730986706.651523,1.0
1730986706.6555157,1.0
1730986706.659488,1.0
1730986706.664564,1.0
1730986706.6684148,1.0
1730986706.672562,1.0
1730986706.6765685,1.0
1730986706.6794634,1.0
1730986706.6834917,1.0
1730986706.6874733,1.0
1730986706.691563,1.0
1730986706.6965573,1.0
1730986706.700534,1.0
1730986706.7034998,1.0
1730986706.7077444,1.0
1730986706.7116864,1.0
1730986706.7155645,1.0
1730986706.7194848,1.0
1730986706.7247236,1.0
1730986706.7286446,1.0
1730986706.7315955,1.0
1730986706.7356527,1.0
1730986706.7395988,1.0
1730986706.7435813,1.0
1730986706.7476003,1.0
1730986706.7516332,1.0
1730986706.7565954,1.0
1730986706.7595978,1.0
1730986706.7635913,1.0
1730986706.767716,1.0
1730986706.7715752,1.0
1730986706.7756245,1.0
1730986706.7806015,1.0
1730986706.784626,1.0
1730986706.787732,1.0
1730986706.7916331,1.0
1730986706.7957432,1.0
1730986706.7996297,1.0
1730986706.803645,1.0
1730986706.8077517,1.0
1730986706.812742,1.0
1730986706.815752,1.0
1730986706.8198855,1.0
1730986706.8239503,1.0
1730986706.8277235,1.0
1730986706.8318148,1.0
1730986706.835822,1.0
1730986706.8397355,1.0
1730986706.8429315,1.0
1730986706.8479493,1.0
1730986706.8519952,1.0
1730986706.8557537,1.0
1730986706.859929,1.0
1730986706.8638642,1.0
1730986706.8677895,1.0
1730986706.870892,1.0
1730986706.8748348,1.0
1730986706.8798497,1.0
1730986706.8838024,1.0
1730986706.887816,1.0
1730986706.891781,1.0
1730986706.8957884,1.0
1730986706.8987827,1.0
1730986706.9028063,1.0
1730986706.907806,1.0
1730986706.9120457,1.0
1730986706.915825,1.0
1730986706.919851,1.0
1730986706.9228475,1.0
1730986706.926942,1.0
1730986706.9309928,1.0
1730986706.9359765,1.0
1730986706.939988,1.0
1730986706.9439564,1.0
1730986706.9468958,1.0
1730986706.9508808,1.0
1730986706.9548917,1.0
1730986706.9588864,1.0
1730986706.963879,1.0
1730986706.9679067,1.0
1730986706.971933,1.0
1730986706.974892,1.0
1730986706.9788928,1.0
1730986706.982941,1.0
1730986706.987025,1.0
1730986706.991026,1.0
1730986706.9962547,1.0
1730986707.0000403,1.0
1730986707.0030203,1.0
1730986707.0070455,1.0
1730986707.0110445,1.0
1730986707.015033,1.0
1730986707.0190203,1.0
1730986707.024048,1.0
1730986707.028207,1.0
1730986707.031155,1.0
1730986707.035162,1.0
1730986707.0391448,1.0
1730986707.0430431,1.0
1730986707.0471704,1.0
1730986707.0510972,1.0
1730986707.0562513,1.0
1730986707.0592055,1.0
1730986707.0632534,1.0
1730986707.0672264,1.0
1730986707.0711677,1.0
1730986707.07514,1.0
1730986707.0802686,1.0
1730986707.083243,1.0
1730986707.086262,1.0
1730986707.0912535,1.0
1730986707.0951357,1.0
1730986707.0992768,1.0
1730986707.1031651,1.0
1730986707.1071827,1.0
1730986707.1111553,1.0
1730986707.1142004,1.0
1730986707.11926,1.0
1730986707.1231592,1.0
1730986707.1271358,1.0
1730986707.1312425,1.0
1730986707.1362233,1.0
1730986707.1392229,1.0
1730986707.1422184,1.0
1730986707.147231,1.0
1730986707.1512473,1.0
1730986707.15522,1.0
1730986707.1592152,1.0
1730986707.1632676,1.0
1730986707.16728,1.0
1730986707.1702642,1.0
1730986707.174462,1.0
1730986707.179329,1.0
1730986707.1834257,1.0
1730986707.187311,1.0
1730986707.1903234,1.0
1730986707.1943996,1.0
1730986707.1985035,1.0
1730986707.2023764,1.0
1730986707.2074728,1.0
1730986707.211377,1.0
1730986707.2153125,1.0
1730986707.218302,1.0
1730986707.222422,1.0
1730986707.2263646,1.0
1730986707.2303526,1.0
1730986707.2354918,1.0
1730986707.2394922,1.0
1730986707.2434716,1.0
1730986707.2464209,1.0
1730986707.250394,1.0
1730986707.2544355,1.0
1730986707.2584045,1.0
1730986707.2623963,1.0
1730986707.2674427,1.0
1730986707.2715542,1.0
1730986707.2744155,1.0
1730986707.278423,1.0
1730986707.282474,1.0
1730986707.2864327,1.0
1730986707.2915,1.0
1730986707.2954583,1.0
1730986707.2996132,1.0
1730986707.3026228,1.0
1730986707.306473,1.0
1730986707.3105264,1.0
1730986707.3145268,1.0
1730986707.3186655,1.0
1730986707.3237004,1.0
1730986707.32656,1.0
1730986707.330557,1.0
1730986707.3345308,1.0
1730986707.338568,1.0
1730986707.342579,1.0
1730986707.346675,1.0
1730986707.351715,1.0
1730986707.354593,1.0
1730986707.3586156,1.0
1730986707.3626132,1.0
1730986707.3667004,1.0
1730986707.3706384,1.0
1730986707.37464,1.0
1730986707.379726,1.0
1730986707.3826623,1.0
1730986707.3857367,1.0
1730986707.390787,1.0
1730986707.3947473,1.0
1730986707.3988726,1.0
1730986707.402691,1.0
1730986707.4077208,1.0
1730986707.41078,1.0
1730986707.414719,1.0
1730986707.4187047,1.0
1730986707.4226942,1.0
1730986707.4267027,1.0
1730986707.4308107,1.0
1730986707.4347725,1.0
1730986707.4376757,1.0
1730986707.4417224,1.0
1730986707.4469423,1.0
1730986707.4507325,1.0
1730986707.4546993,1.0
1730986707.4586816,1.0
1730986707.4626863,1.0
1730986707.4657104,1.0
1730986707.469708,1.0
1730986707.474826,1.0
1730986707.478856,1.0
1730986707.4830828,1.0
1730986707.4869428,1.0
1730986707.4900873,1.0
1730986707.4942412,1.0
1730986707.4979813,1.0
1730986707.5031328,1.0
1730986707.5069983,1.0
1730986707.5111551,1.0
1730986707.514892,1.0
1730986707.5182118,1.0
1730986707.5223053,1.0
1730986707.5264342,1.0
1730986707.5300915,1.0
1730986707.534948,1.0
1730986707.5389376,1.0
1730986707.5434887,1.0
1730986707.545967,1.0
1730986707.5502324,1.0
1730986707.5539083,1.0
1730986707.5581903,1.0
1730986707.5630486,1.0
1730986707.5671496,1.0
1730986707.5700395,1.0
1730986707.5740464,1.0
1730986707.5781898,1.0
1730986707.582199,1.0
1730986707.586172,1.0
1730986707.5909576,1.0
1730986707.594972,1.0
1730986707.5981443,1.0
1730986707.6021402,1.0
1730986707.6064873,1.0
1730986707.610132,1.0
1730986707.613988,1.0
1730986707.6181965,1.0
1730986707.6230607,1.0
1730986707.626196,1.0
1730986707.6302643,1.0
1730986707.6340537,1.0
1730986707.6387434,1.0
1730986707.6422193,1.0
1730986707.64603,1.0
1730986707.6511,1.0
1730986707.6540673,1.0
1730986707.6581907,1.0
1730986707.662162,1.0
1730986707.6662889,1.0
1730986707.6703224,1.0
1730986707.6752896,1.0
1730986707.678139,1.0
1730986707.68133,1.0
1730986707.6862228,1.0
1730986707.6907053,1.0
1730986707.694196,1.0
1730986707.698389,1.0
1730986707.7026849,1.0
1730986707.70671,1.0
1730986707.7094853,1.0
1730986707.7142591,1.0
1730986707.7187364,1.0
1730986707.7228825,1.0
1730986707.72674,1.0
1730986707.7314816,1.0
1730986707.7342267,1.0
1730986707.7371745,1.0
1730986707.7412229,1.0
1730986707.7462747,1.0
1730986707.7504373,1.0
1730986707.7541995,1.0
1730986707.7583685,1.0
1730986707.7623036,1.0
1730986707.7653935,1.0
1730986707.769355,1.0
1730986707.7742095,1.0
1730986707.7781818,1.0
1730986707.7821882,1.0
1730986707.7863078,1.0
1730986707.7904124,1.0
1730986707.7933657,1.0
1730986707.7974408,1.0
1730986707.8025289,1.0
1730986707.8064978,1.0
1730986707.8105311,1.0
1730986707.813712,1.0
1730986707.8175552,1.0
1730986707.8215072,1.0
1730986707.8255408,1.0
1730986707.830577,1.0
1730986707.834571,1.0
1730986707.838586,1.0
1730986707.8415728,1.0
1730986707.8455513,1.0
1730986707.8495495,1.0
1730986707.853602,1.0
1730986707.8586078,1.0
1730986707.8625624,1.0
1730986707.866468,1.0
1730986707.8694887,1.0
1730986707.8734984,1.0
1730986707.8775344,1.0
1730986707.8816316,1.0
1730986707.8855495,1.0
1730986707.890565,1.0
1730986707.894456,1.0
1730986707.8975449,1.0
1730986707.9015627,1.0
1730986707.9055965,1.0
1730986707.9095984,1.0
1730986707.913543,1.0
1730986707.9185133,1.0
1730986707.9215467,1.0
1730986707.9255283,1.0
1730986707.9295652,1.0
1730986707.9335227,1.0
1730986707.937539,1.0
1730986707.941568,1.0
1730986707.946575,1.0
1730986707.9494133,1.0
1730986707.9536052,1.0
1730986707.9575803,1.0
1730986707.9615135,1.0
1730986707.9654992,1.0
1730986707.9695156,1.0
1730986707.9745178,1.0
1730986707.9776063,1.0
1730986707.9816022,1.0
1730986707.9856124,1.0
1730986707.98962,1.0
1730986707.9937527,1.0
1730986707.9976523,1.0
1730986708.0026305,1.0
1730986708.005636,1.0
1730986708.008634,1.0
1730986708.0138285,1.0
1730986708.0176616,1.0
1730986708.0216887,1.0
1730986708.025612,1.0
1730986708.030714,1.0
1730986708.033754,1.0
1730986708.0366032,1.0
1730986708.0416331,1.0
1730986708.0456257,1.0
1730986708.0496435,1.0
1730986708.0539112,1.0
1730986708.0576932,1.0
1730986708.061653,1.0
1730986708.064679,1.0
1730986708.0696397,1.0
1730986708.073815,1.0
1730986708.0777166,1.0
1730986708.081701,1.0
1730986708.0857131,1.0
1730986708.0887196,1.0
1730986708.0927556,1.0
1730986708.0967216,1.0
1730986708.1017528,1.0
1730986708.105784,1.0
1730986708.10987,1.0
1730986708.1127572,1.0
1730986708.1168675,1.0
1730986708.1207862,1.0
1730986708.1247818,1.0
1730986708.1297753,1.0
1730986708.1338532,1.0
1730986708.137936,1.0
1730986708.1408453,1.0
1730986708.1448548,1.0
1730986708.1488953,1.0
1730986708.1528587,1.0
1730986708.1579556,1.0
1730986708.1618693,1.0
1730986708.1649191,1.0
1730986708.168998,1.0
1730986708.1729467,1.0
1730986708.1770196,1.0
1730986708.1810477,1.0
1730986708.1849096,1.0
1730986708.189927,1.0
1730986708.1931307,1.0
1730986708.197159,1.0
1730986708.201142,1.0
1730986708.2051644,1.0
1730986708.2091715,1.0
1730986708.2130618,1.0
1730986708.2180138,1.0
1730986708.2209811,1.0
1730986708.2250147,1.0
1730986708.2289977,1.0
1730986708.2329698,1.0
1730986708.2370088,1.0
1730986708.2411387,1.0
1730986708.2461452,1.0
1730986708.2491524,1.0
1730986708.2531426,1.0
1730986708.2571037,1.0
1730986708.2611651,1.0
1730986708.2650948,1.0
1730986708.2691064,1.0
1730986708.2741628,1.0
1730986708.2775545,1.0
1730986708.2801769,1.0
1730986708.285056,1.0
1730986708.289312,1.0
1730986708.2931893,1.0
1730986708.2973316,1.0
1730986708.3017197,1.0
1730986708.3040817,1.0
1730986708.3091917,1.0
1730986708.3131323,1.0
1730986708.3171654,1.0
1730986708.3213432,1.0
1730986708.3252428,1.0
1730986708.32925,1.0
1730986708.3322775,1.0
1730986708.3361557,1.0
1730986708.3412929,1.0
1730986708.345261,1.0
1730986708.3493323,1.0
1730986708.353115,1.0
1730986708.3571832,1.0
1730986708.360272,1.0
1730986708.3641922,1.0
1730986708.3683033,1.0
1730986708.3732908,1.0
1730986708.3773212,1.0
1730986708.3813188,1.0
1730986708.3842576,1.0
1730986708.3883307,1.0
1730986708.3923645,1.0
1730986708.3963697,1.0
1730986708.401335,1.0
1730986708.4053972,1.0
1730986708.409382,1.0
1730986708.4124029,1.0
1730986708.4163563,1.0
1730986708.4204674,1.0
1730986708.424308,1.0
1730986708.429367,1.0
1730986708.4334073,1.0
1730986708.4362967,1.0
1730986708.4404376,1.0
1730986708.444343,1.0
1730986708.4483745,1.0
1730986708.4524095,1.0
1730986708.4573858,1.0
1730986708.4613025,1.0
1730986708.4643655,1.0
1730986708.4684353,1.0
1730986708.4724455,1.0
1730986708.4763632,1.0
1730986708.4804072,1.0
1730986708.485437,1.0
1730986708.4894445,1.0
1730986708.4924426,1.0
1730986708.4964278,1.0
1730986708.50045,1.0
1730986708.504394,1.0
1730986708.5084555,1.0
1730986708.513448,1.0
1730986708.51748,1.0
1730986708.5204184,1.0
1730986708.524464,1.0
1730986708.5285072,1.0
1730986708.5326188,1.0
1730986708.536517,1.0
1730986708.5416424,1.0
1730986708.544448,1.0
1730986708.547639,1.0
1730986708.5526412,1.0
1730986708.556651,1.0
1730986708.560586,1.0
1730986708.5645268,1.0
1730986708.569532,1.0
1730986708.572599,1.0
1730986708.5756447,1.0
1730986708.5805995,1.0
1730986708.584612,1.0
1730986708.5886407,1.0
1730986708.5926375,1.0
1730986708.5966332,1.0
1730986708.6006603,1.0
1730986708.6037304,1.0
1730986708.6086493,1.0
1730986708.6126287,1.0
1730986708.6165564,1.0
1730986708.620545,1.0
1730986708.6246424,1.0
1730986708.6285272,1.0
1730986708.6316316,1.0
1730986708.6365545,1.0
1730986708.640638,1.0
1730986708.645534,1.0
1730986708.6486645,1.0
1730986708.651692,1.0
1730986708.6556773,1.0
1730986708.6596828,1.0
1730986708.6638117,1.0
1730986708.6687331,1.0
1730986708.6727407,1.0
1730986708.6768267,1.0
1730986708.6798534,1.0
1730986708.683931,1.0
1730986708.687883,1.0
1730986708.6918917,1.0
1730986708.6968763,1.0
1730986708.7008605,1.0
1730986708.7048204,1.0
1730986708.7078247,1.0
1730986708.7117555,1.0
1730986708.7158327,1.0
1730986708.7197366,1.0
1730986708.7238047,1.0
1730986708.7287748,1.0
1730986708.7328813,1.0
1730986708.73588,1.0
1730986708.739877,1.0
1730986708.7437787,1.0
1730986708.7478974,1.0
1730986708.7518468,1.0
1730986708.7569404,1.0
1730986708.7608123,1.0
1730986708.763786,1.0
1730986708.7679873,1.0
1730986708.7719576,1.0
1730986708.7758763,1.0
1730986708.779874,1.0
1730986708.7849262,1.0
1730986708.7879112,1.0
1730986708.7919009,1.0
1730986708.7959075,1.0
1730986708.800916,1.0
1730986708.8038728,1.0
1730986708.8081553,1.0
1730986708.8119698,1.0
1730986708.816132,1.0
1730986708.8200145,1.0
1730986708.823953,1.0
1730986708.828943,1.0
1730986708.832026,1.0
1730986708.8360465,1.0
1730986708.84004,1.0
1730986708.8439684,1.0
1730986708.8480437,1.0
1730986708.8520484,1.0
1730986708.8560696,1.0
1730986708.859064,1.0
1730986708.863984,1.0
1730986708.868055,1.0
1730986708.8721766,1.0
1730986708.8761356,1.0
1730986708.8801548,1.0
1730986708.8840714,1.0
1730986708.887173,1.0
1730986708.8911426,1.0
1730986708.8961449,1.0
1730986708.9001396,1.0
1730986708.9040804,1.0
1730986708.9081364,1.0
1730986708.912078,1.0
1730986708.9151657,1.0
1730986708.9192429,1.0
1730986708.924086,1.0
1730986708.9281137,1.0
1730986708.9321935,1.0
1730986708.936159,1.0
1730986708.939195,1.0
1730986708.9431417,1.0
1730986708.9472144,1.0
1730986708.95224,1.0
1730986708.956211,1.0
1730986708.9602091,1.0
1730986708.9632,1.0
1730986708.9672053,1.0
1730986708.9711013,1.0
1730986708.9752972,1.0
1730986708.9793231,1.0
1730986708.9841647,1.0
1730986708.9882536,1.0
1730986708.9912536,1.0
1730986708.9954364,1.0
1730986708.9992895,1.0
1730986709.0031865,1.0
1730986709.008284,1.0
1730986709.012454,1.0
1730986709.0163107,1.0
1730986709.019314,1.0
1730986709.0233111,1.0
1730986709.0273128,1.0
1730986709.0313563,1.0
1730986709.0353358,1.0
1730986709.040317,1.0
1730986709.0442169,1.0
1730986709.0473835,1.0
1730986709.051374,1.0
1730986709.055384,1.0
1730986709.0593655,1.0
1730986709.0633993,1.0
1730986709.0683932,1.0
1730986709.072395,1.0
1730986709.0753975,1.0
1730986709.079383,1.0
1730986709.0833771,1.0
1730986709.0873916,1.0
1730986709.0914278,1.0
1730986709.0966284,1.0
1730986709.099608,1.0
1730986709.1034496,1.0
1730986709.1076229,1.0
1730986709.111483,1.0
1730986709.115634,1.0
1730986709.1194918,1.0
1730986709.1244912,1.0
1730986709.1275988,1.0
1730986709.130659,1.0
1730986709.1356492,1.0
1730986709.1396625,1.0
1730986709.1436431,1.0
1730986709.147688,1.0
1730986709.152661,1.0
1730986709.15573,1.0
1730986709.1587148,1.0
1730986709.1637783,1.0
1730986709.167693,1.0
1730986709.171728,1.0
1730986709.175539,1.0
1730986709.1797268,1.0
1730986709.1837437,1.0
1730986709.1864846,1.0
1730986709.1915872,1.0
1730986709.19555,1.0
1730986709.199584,1.0
1730986709.2036884,1.0
1730986709.2065432,1.0
1730986709.210546,1.0
1730986709.2145548,1.0
1730986709.219479,1.0
1730986709.2236855,1.0
1730986709.2275069,1.0
1730986709.2316144,1.0
1730986709.2345345,1.0
1730986709.2386107,1.0
1730986709.2426171,1.0
1730986709.2465987,1.0
1730986709.251588,1.0
1730986709.2556329,1.0
1730986709.259591,1.0
1730986709.262698,1.0
1730986709.2666323,1.0
1730986709.2705638,1.0
1730986709.2746215,1.0
1730986709.2796104,1.0
1730986709.2838483,1.0
1730986709.2877843,1.0
1730986709.2906742,1.0
1730986709.2946284,1.0
1730986709.2986608,1.0
1730986709.3026648,1.0
1730986709.3077075,1.0
1730986709.3116264,1.0
1730986709.3157074,1.0
1730986709.3186755,1.0
1730986709.3227117,1.0
1730986709.326672,1.0
1730986709.3306782,1.0
1730986709.3347647,1.0
1730986709.339704,1.0
1730986709.3427544,1.0
1730986709.3467329,1.0
1730986709.350757,1.0
1730986709.3547244,1.0
1730986709.358838,1.0
1730986709.3639245,1.0
1730986709.3678691,1.0
1730986709.3708265,1.0
1730986709.3747718,1.0
1730986709.3788872,1.0
1730986709.3828683,1.0
1730986709.386765,1.0
1730986709.39082,1.0
1730986709.3958116,1.0
1730986709.3988583,1.0
1730986709.4027731,1.0
1730986709.4068615,1.0
1730986709.4108331,1.0
1730986709.4148817,1.0
1730986709.4188752,1.0
1730986709.4238236,1.0
1730986709.4268584,1.0
1730986709.4308877,1.0
1730986709.435207,1.0
1730986709.4389112,1.0
1730986709.4429438,1.0
1730986709.446947,1.0
1730986709.4510095,1.0
1730986709.4538696,1.0
1730986709.458002,1.0
1730986709.4629247,1.0
1730986709.466874,1.0
1730986709.470914,1.0
1730986709.474916,1.0
1730986709.4790063,1.0
1730986709.4820266,1.0
1730986709.4869666,1.0
1730986709.4910092,1.0
1730986709.4949172,1.0
1730986709.4991596,1.0
1730986709.5029955,1.0
1730986709.5061257,1.0
1730986709.5102112,1.0
1730986709.5140789,1.0
1730986709.5181267,1.0
1730986709.5231123,1.0
1730986709.527142,1.0
1730986709.5310197,1.0
1730986709.533998,1.0
1730986709.5380335,1.0
1730986709.5420232,1.0
1730986709.5470426,1.0
1730986709.5510285,1.0
1730986709.5550478,1.0
1730986709.559046,1.0
1730986709.5620644,1.0
1730986709.5660589,1.0
1730986709.5700867,1.0
1730986709.574124,1.0
1730986709.5791397,1.0
1730986709.5831149,1.0
1730986709.5862937,1.0
1730986709.5901034,1.0
1730986709.5941403,1.0
1730986709.5981584,1.0
1730986709.6021607,1.0
1730986709.607324,1.0
1730986709.6112328,1.0
1730986709.6142116,1.0
1730986709.6182995,1.0
1730986709.622337,1.0
1730986709.6262977,1.0
1730986709.630292,1.0
1730986709.6341465,1.0
1730986709.6392832,1.0
1730986709.642305,1.0
1730986709.6462064,1.0
1730986709.650224,1.0
1730986709.654235,1.0
1730986709.6582344,1.0
1730986709.6622715,1.0
1730986709.667252,1.0
1730986709.6702323,1.0
1730986709.6742768,1.0
1730986709.6782677,1.0
1730986709.6822977,1.0
1730986709.686298,1.0
1730986709.69034,1.0
1730986709.6952713,1.0
1730986709.6982863,1.0
1730986709.7023327,1.0
1730986709.7063289,1.0
1730986709.710318,1.0
1730986709.7143023,1.0
1730986709.7193563,1.0
1730986709.7223532,1.0
1730986709.725361,1.0
1730986709.7304564,1.0
1730986709.7344017,1.0
1730986709.7384915,1.0
1730986709.74249,1.0
1730986709.746483,1.0
1730986709.750481,1.0
1730986709.7534125,1.0
1730986709.7586868,1.0
1730986709.7626169,1.0
1730986709.7667053,1.0
1730986709.7704794,1.0
1730986709.7744365,1.0
1730986709.7784388,1.0
1730986709.7815535,1.0
1730986709.785488,1.0
1730986709.790486,1.0
1730986709.794433,1.0
1730986709.7987115,1.0
1730986709.8024547,1.0
1730986709.8064787,1.0
1730986709.8094685,1.0
1730986709.8137732,1.0
1730986709.818676,1.0
1730986709.8227031,1.0
1730986709.8266306,1.0
1730986709.8295555,1.0
1730986709.8336816,1.0
1730986709.837508,1.0
1730986709.8417196,1.0
1730986709.846542,1.0
1730986709.8506684,1.0
1730986709.8546517,1.0
1730986709.8576903,1.0
1730986709.8616643,1.0
1730986709.8655243,1.0
1730986709.8695364,1.0
1730986709.8737507,1.0
1730986709.878589,1.0
1730986709.8826404,1.0
1730986709.885681,1.0
1730986709.8895907,1.0
1730986709.8938332,1.0
1730986709.8976195,1.0
1730986709.9016535,1.0
1730986709.9067311,1.0
1730986709.9107664,1.0
1730986709.9139545,1.0
1730986709.9179015,1.0
1730986709.9216971,1.0
1730986709.9257095,1.0
1730986709.9296837,1.0
1730986709.934718,1.0
1730986709.9386911,1.0
1730986709.9416852,1.0
1730986709.9457145,1.0
1730986709.9496772,1.0
1730986709.9537754,1.0
1730986709.9576993,1.0
1730986709.962725,1.0
1730986709.96584,1.0
1730986709.968724,1.0
1730986709.9739568,1.0
