Fp1,C3,time_board
-8302.041387801337,8152.619976117608,1731451504.0607855
-8263.596387338208,8151.323574939201,1731451504.0655706
-8311.630286172664,8139.521853866799,1731451504.0697868
-8353.65156574864,8123.98739147036,1731451504.0737045
-8332.819739916295,8132.883385763573,1731451504.0778449
-8279.577884623754,8147.836702804173,1731451504.081636
-8243.993907450904,8142.606394601631,1731451504.0858023
-8308.210469271002,8101.79210922624,1731451504.0888336
-8349.740010468962,8091.353844565612,1731451504.0916405
-8309.149242538124,8124.970868226394,1731451504.0967083
-8314.960696096503,8162.320633211212,1731451504.1007292
-8333.22207131649,8131.542281096254,1731451504.1048229
-8345.2696615779,8135.006801486827,1731451504.1087506
-8317.17351879758,8161.09128726617,1731451504.1118011
-8289.859687073194,8145.288603936268,1731451504.115687
-8323.476710733976,8115.381969855067,1731451504.119962
-8336.440722518055,8109.525812807777,1731451504.1236887
-8304.723597135973,8122.579231569676,1731451504.1289637
-8280.203733468501,8135.498539864843,1731451504.1327856
-8277.54387587832,8111.515118064299,1731451504.136974
-8347.348373812243,8100.518059792288,1731451504.140694
-8329.064646847803,8151.770609828307,1731451504.1449566
-8261.025936725848,8161.538322155277,1731451504.1497192
-8305.97529482547,8128.122464194592,1731451504.1538715
-8347.41542904561,8110.419882585988,1731451504.1578135
-8356.736106483473,8120.411112357511,1731451504.1619196
-8301.080262789757,8150.585967372176,1731451504.1658268
-8259.036631469326,8149.021345260304,1731451504.170045
-8333.64675446114,8129.105940950626,1731451504.1729188
-8355.171484371602,8134.626821831086,1731451504.1760275
-8305.640018658642,8141.846435290151,1731451504.1800551
-8306.243515758933,8132.972792741394,1731451504.183941
-8337.737123696461,8113.213850642902,1731451504.1889436
-8327.008286357914,8097.165298123992,1731451504.1918085
-8300.409710456099,8109.257591874313,1731451504.1960385
-8281.813059069284,8121.685161791463,1731451504.199825
-8283.042405014325,8117.728903022874,1731451504.2041304
-8331.70215269353,8134.380952642078,1731451504.2079058
-8364.492161809465,8154.050487762748,1731451504.2123067
-8311.429120472565,8162.432391933488,1731451504.216904
-8281.857762558195,8133.665696819508,1731451504.2211883
-8286.730442849452,8113.973809954383,1731451504.2249055
-8282.461259658487,8107.849431973628,1731451504.229132
-8317.017056586392,8140.192406200458,1731451504.232926
-8330.338696281755,8163.7734966008065,1731451504.238269
-8366.012080432425,8131.251708418335,1731451504.2419612
-8334.764341683906,8140.594737600653,1731451504.2458987
-8284.361157937188,8150.18363597198,1731451504.2490532
-8315.206565285513,8129.195347928447,1731451504.2519865
-8331.45628350452,8118.667676289997,1731451504.25606
-8285.791669582328,8139.186577699969,1731451504.2601526
-8271.084221730736,8134.269193919801,1731451504.264177
-8243.971555706448,8112.31978086469,1731451504.2681458
-8344.107370866224,8091.085623632148,1731451504.2721615
-8371.421202590609,8141.108827723126,1731451504.2760348
-8295.268809231378,8147.1661504705135,1731451504.2790809
-8257.449657612999,8132.481054363377,1731451504.2839952
-8304.723597135973,8097.098242890626,1731451504.2881403
-8401.32783667181,8131.22935667388,1731451504.2919688
-8349.874120935694,8185.454688722455,1731451504.2960308
-8333.266774805401,8167.148610013558,1731451504.299971
-8379.266664894421,8108.877612218573,1731451504.3051507
-8313.999571084925,8116.141929166548,1731451504.30919
-8221.016314150847,8160.912473310527,1731451504.313205
-8214.62371523663,8134.492711364354,1731451504.3171227
-8307.562268681797,8089.386891053545,1731451504.3211825
-8389.906095255148,8127.854243261128,1731451504.32613
-8373.23169389149,8169.160267014536,1731451504.329074
-8324.147263067634,8141.511159123321,1731451504.3320732
-8286.328111449255,8053.646451669509,1731451504.3352091
-8248.173683664047,8018.01777100775,1731451504.3392189
-8247.905462730583,8098.953437680417,1731451504.344251
-8361.251158863444,8214.2884390698,1731451504.3482077
-8311.697341406028,8198.686921439996,1731451504.3522525
-8374.125763669701,8143.768685313307,1731451504.3553317
-8351.595205258753,8148.194330715458,1731451504.359187
-8300.87909708966,8159.414906432022,1731451504.3631444
-8316.212393786001,8143.165188213014,1731451504.3683293
-8236.796645736295,8054.093486558615,1731451504.3722017
-8332.730332938472,8046.672707399453,1731451504.3763285
-8350.79054245836,8200.832688907705,1731451504.3802252
-8325.242498545946,8213.081444869214,1731451504.384213
-8348.756533712929,8188.092194568181,1731451504.3892264
-8360.625310018697,8147.859054548629,1731451504.393202
-8289.2561899729,8086.548219507721,1731451504.397114
-8351.550501769842,8079.663882215486,1731451504.401126
-8368.291958366866,8149.937766782972,1731451504.405364
-8366.794391488362,8148.998993515849,1731451504.409378
-8171.1719240155135,8137.867824777106,1731451504.4133372
-8171.440144948977,8036.703829372386,1731451504.4161844
-8403.384197161698,8149.915415038517,1731451504.4192092
-8446.590119193806,8184.918246855527,1731451504.4232092
-8325.041332845847,8170.456668192944,1731451504.427282
-8230.87343345564,8173.205932760947,1731451504.4321768
-8114.778472754774,8083.955417150905,1731451504.4353456
-8247.234910396923,8016.117872729048,1731451504.4391627
-8414.76123508945,8164.801676845751,1731451504.4434316
-8337.804178929828,8250.542968576308,1731451504.4474664
-8393.862354023739,8207.739377944396,1731451504.4514923
-8411.184955976601,8197.032892350304,1731451504.4553616
-8239.098875415191,8125.239089159858,1731451504.460389
-8326.002457857425,8112.297429120234,1731451504.464337
-8407.809842563849,8184.04652882177,1731451504.4684436
-8388.319121398821,8172.445973449466,1731451504.472452
-8373.2763973804,8147.434371403978,1731451504.4774363
-8316.950001353027,8124.680295548474,1731451504.4803548
-8293.659483630596,8103.602600527121,1731451504.4853976
-8274.526390376854,8053.288823758224,1731451504.489466
-8288.853858572706,8015.067340739649,1731451504.492437
-8229.666439255052,8105.3683883390895,1731451504.496524
-8365.319176354311,8205.414796521043,1731451504.4992876
-8375.176295659101,8254.543930833808,1731451504.5034122
-8359.03833616237,8173.205932760947,1731451504.5072787
-8363.866312964716,8157.894987809061,1731451504.5124743
-8236.349610847188,8104.049635416226,1731451504.5163395
-8212.656761724564,8012.832166294118,1731451504.519486
-8432.62027890924,8154.363412185123,1731451504.5233135
-8393.817650534827,8243.837445239717,1731451504.5274966
-8313.93251585156,8182.6160171766305,1731451504.5315137
-8328.88583289216,8154.855150563139,1731451504.5355706
-8376.56210381533,8114.465548332399,1731451504.540412
-8304.924762836072,8112.453891331422,1731451504.5434384
-8296.855783087705,8154.542226140765,1731451504.548395
-8350.589376758264,8112.297429120234,1731451504.5514593
-8418.896307813682,8052.461809213378,1731451504.556461
-8335.546652739842,8061.916597117973,1731451504.5604162
-8277.320358433766,8111.537469808754,1731451504.5653808
-8154.005784273838,8127.898946750039,1731451504.569493
-8158.073801764704,8041.934137574928,1731451504.5724308
-8395.985769746992,8139.365391655611,1731451504.575389
-8284.584675381742,8156.687993608474,1731451504.57941
-8284.674082359563,8036.301497972191,1731451504.5835042
-8333.22207131649,8107.22358312888,1731451504.5875049
-8264.579864094241,8197.926962128517,1731451504.5914068
-8360.714716996517,8188.919209113027,1731451504.59557
-8337.915937652104,8257.270843657356,1731451504.5985513
-8310.870326861183,8210.823918679229,1731451504.6024337
-8282.573018380765,8095.444213800933,1731451504.6065369
-8179.218552019424,8048.393791722512,1731451504.6115923
-8178.19037177448,8135.61029858712,1731451504.6156063
-8312.725521650973,8202.2855522973,1731451504.6196244
-8395.449327880064,8114.622010543587,1731451504.6234927
-8354.769152971407,7990.927456727917,1731451504.6275463
-8261.741192548418,8062.967129107372,1731451504.6324947
-8245.737343518418,8126.781359527274,1731451504.6366117
-8114.465548332399,8087.93402766395,1731451504.6395776
-8094.952475422916,8173.854133350151,1731451504.6436117
-8148.462551648921,8102.686179004452,1731451504.6486323
-8118.578269312176,8049.667841156464,1731451504.6534984
-8456.357831520776,8156.687993608474,1731451504.6565082
-8447.685354672118,8319.676914176574,1731451504.6595435
-8265.988023994925,8226.671305498041,1731451504.6625311
-8278.326186934255,8145.713287080919,1731451504.6675632
-8187.24282827888,8033.574585148644,1731451504.671566
-8279.287311945835,8060.4637337283775,1731451504.6756787
-8430.630973652718,8175.932845584494,1731451504.678641
-7948.213273073826,8180.358490986645,1731451504.6826532
-7755.407125402346,8023.337486188113,1731451504.6870043
-8429.356924218766,7944.94991838335,1731451504.6907244
-8546.636527375762,8205.951238387972,1731451504.6946747
-8005.813718535152,8107.849431973628,1731451504.6995947
-8110.84456573064,7975.9964914317725,1731451504.7036831
-8465.365584536265,8170.18844725948,1731451504.707631
-8426.495900928487,8324.08020783427,1731451504.711738
-8315.318324007789,8295.626437142664,1731451504.7156024
-8320.50392872142,8021.795215820696,1731451504.7208097
-7953.734153954287,8038.089637528616,1731451504.7246428
-8312.88198386216,8161.024232032804,1731451504.7289124
-8362.055821663836,8175.105831039647,1731451504.732733
-8197.412872006043,8118.242993145346,1731451504.7358603
-8355.015022160414,8135.789112542762,1731451504.7399085
-8165.695746623964,7894.32321719208,1731451504.7427263
-8277.789745067328,8072.734841434341,1731451504.7497385
-8635.350601118875,8342.74391445445,1731451504.752924
-8494.713425006083,8535.2147859591,1731451504.755934
-8357.920748939605,8365.565045543319,1731451504.7599912
-8299.448585444521,8259.573073336252,1731451504.762964
-8263.931663505038,8182.392499732077,1731451504.7667415
-8248.44190459751,8192.160212059047,1731451504.7711575
-8336.463074262509,8273.006471753892,1731451504.7747867
-8181.386671231588,8332.350353282733,1731451504.778916
-7948.749714940753,8262.009413481881,1731451504.782793
-7637.144045489317,7810.705341184776,1731451504.787928
-8121.707513535919,7880.912170518896,1731451504.791775
-8708.664322932282,8556.001908302535,1731451504.7959268
-8497.417986085175,8662.28445318752,1731451504.7997932
-8380.026624205902,8465.834971169827,1731451504.8039129
-8305.93059133656,8262.2999861598,1731451504.8088622
-8043.968146320361,8153.782266829285,1731451504.8129172
-8116.410150100011,8341.671030720596,1731451504.8158882
-8611.478938040607,8581.818173148415,1731451504.819913
-8405.753482073962,8525.983515499058,1731451504.823052
-8382.172391673612,8450.233453540022,1731451504.8268943
-8187.0193108343265,8328.483501491964,1731451504.8308735
-7785.783146117109,7840.857844454986,1731451504.8349836
-8293.190096997036,8265.697451317006,1731451504.8401709
-8571.759888143526,8677.52834290604,1731451504.8430126
-8494.624018028262,8689.553581422995,1731451504.8460715
-8301.88492559015,8601.219487335622,1731451504.8510668
-8219.719912972441,8446.254843026978,1731451504.8551033
-8307.11523379269,8262.389393137622,1731451504.859054
-8068.130382076548,8462.661023457173,1731451504.8630288
-8429.960421319058,8712.575878211961,1731451504.867144
-8402.154851216657,8597.732615200594,1731451504.8720942
-8376.472696837509,8563.042707805957,1731451504.8761823
-8236.662535269563,8499.809622741894,1731451504.880206
-7869.021042468673,8269.83252404124,1731451504.8840697
-8139.566557355709,8435.324839988332,1731451504.888002
-8575.55968470093,8691.542886679517,1731451504.892044
-8376.293882881866,8745.075314649977,1731451504.8970516
-8272.291215931322,8636.043505196989,1731451504.8999383
-7905.767310353198,8348.51066452392,1731451504.9040048
-8104.004931927316,8160.420734932511,1731451504.9069252
-8395.359920902243,8868.523999276638,1731451504.9109704
-8496.389805840232,8780.279312167086,1731451504.9150307
-8405.529964629408,8719.884898648847,1731451504.9190483
-8386.03924346438,8635.149435418778,1731451504.9220388
-8315.02775132987,8559.667594393206,1731451504.9261012
-8007.512451113756,8457.207197810078,1731451504.9300644
-7904.336798708057,8259.707183802984,1731451504.9350705
-8471.646424728206,8733.564166255495,1731451504.9390624
-8522.809567786404,8802.295780455564,1731451504.9431744
-8402.154851216657,8825.049856311067,1731451504.9469936
-8238.227157381434,8756.653518277826,1731451504.9511657
-7847.786885236131,8403.227734950511,1731451504.956108
-8295.157050509102,8408.525098386419,1731451504.9601371
-8662.61972935435,8886.76302275217,1731451504.9642904
-8440.041058068402,8956.187541030353,1731451504.968435
-8317.240574030946,8887.590037297015,1731451504.9722624
-8213.506128013865,8697.689616404727,1731451504.977093
-7736.139921681872,8600.951266402159,1731451504.98029
-8377.880856738193,8664.743145077604,1731451504.983021
-8609.690798484182,8820.467748697729,1731451504.9873235
-8354.255062848933,8884.237275628719,1731451504.990255
-8368.291958366866,8788.616512848916,1731451504.994494
-8019.15770997497,8562.662728150217,1731451504.998226
-8174.882313595094,8671.739241092115,1731451505.0022302
-8374.483391580987,8816.735007373692,1731451505.0062776
-8308.858669860205,8816.779710862602,1731451505.011305
-8359.954757685036,8826.390960978384,1731451505.0152476
-8094.617199256087,8682.62454064185,1731451505.0193324
-7908.181298754371,8575.671443423205,1731451505.023382
-8192.450784736966,8800.351178687952,1731451505.0273027
-8390.643702822174,8873.888417945913,1731451505.032112
-8551.129228011278,8846.842807154992,1731451505.0363245
-8518.02629447297,8920.916488279878,1731451505.0402205
-8354.165655871113,8862.131400362421,1731451505.0442748
-8141.309993423223,8717.828538158958,1731451505.0482385
-8161.314804710723,8266.457410628487,1731451505.051304
-8510.136128680246,8817.293800985075,1731451505.0542512
-8462.459857757076,9167.992671488842,1731451505.0581691
-8284.361157937188,8957.953328842323,1731451505.0622067
-8049.958413834383,8861.03616488411,1731451505.069268
-7453.18918862214,8474.574503251852,1731451505.0731716
-8349.494141279953,8755.245358377142,1731451505.0762436
-8541.853254062326,9014.190317891876,1731451505.0793188
-8536.466483648597,8891.322778621052,1731451505.0832431
-8460.850532156293,8890.47341233175,1731451505.086301
-8281.231913713445,8829.117873801932,1731451505.090206
-7862.494333087723,8522.563698597396,1731451505.095265
-8421.2879444704,8739.129750624867,1731451505.0992656
-8546.50241690903,9048.723763075324,1731451505.1033204
-8390.66605456663,8963.653023678426,1731451505.1072383
-8329.019943358891,8922.995200514222,1731451505.1113155
-8217.261221082357,8866.914673675856,1731451505.1152687
-8167.305072224745,8771.405669618329,1731451505.1205733
-8167.640348391575,8772.344442885453,1731451505.1242442
-8500.569582053373,8838.237385539698,1731451505.1274035
-8333.736161438961,8887.344168108008,1731451505.1313517
-8265.16100945008,8862.220807340242,1731451505.1342828
-8075.908789146994,8770.623358562394,1731451505.1382675
-7991.240381150292,8790.69522508326,1731451505.1422932
-8569.323547997898,8986.652968722936,1731451505.1464868
-8339.435856275066,8976.706442440325,1731451505.1514976
-8268.49141937392,8856.543464248594,1731451505.1544275
-8385.23458066399,8812.801100349558,1731451505.157333
-8004.740834801297,8788.102422726444,1731451505.1623995
-7993.788480018196,8868.032260898623,1731451505.1663673
-8551.710373367116,9006.389559076972,1731451505.1703603
-8597.911429156236,8958.53447419816,1731451505.1763976
-8324.750760167928,8900.084662447533,1731451505.1793735
-8103.379083082567,8701.377654239852,1731451505.1834316
-8121.305182135723,8719.303753293008,1731451505.186385
-8303.382492468654,8929.72307559527,1731451505.1904695
-8271.01716649737,9136.566118784682,1731451505.195562
-8303.717768635484,9160.728354540868,1731451505.1993845
-8396.410452891643,8971.051451093132,1731451505.204444
-8272.693547331519,8795.210277463231,1731451505.207412
-8203.581953475708,8705.512726964083,1731451505.210673
-8188.695691668474,8952.030116561666,1731451505.214426
-8517.333390394853,9139.941232197432,1731451505.218505
-8447.372430249743,9015.084387670087,1731451505.2224932
-8425.557127661363,8995.906590927434,1731451505.2265377
-8151.480037150388,8936.450950676317,1731451505.232462
-8127.138987438559,8863.651318985381,1731451505.235525
-8514.852346760315,8999.348759573551,1731451505.2385397
-8395.918714513626,9009.764672489724,1731451505.2425463
-8329.869309648193,9016.827823737602,1731451505.2456248
-8254.476875600443,8956.612224175004,1731451505.2507725
-8183.800659632762,8810.36476020393,1731451505.254527
-7976.532933298699,8885.913656462868,1731451505.258518
-8129.307106650724,9099.283409033227,1731451505.262611
-8579.65005393625,8995.59366650506,1731451505.2665353
-8536.555890626418,9004.8249369651,1731451505.2715356
-8441.628031924729,9005.271971854207,1731451505.2755687
-8318.69343742054,8942.888253079445,1731451505.2797165
-8184.113584055136,8835.286955271597,1731451505.2838087
-8021.34818093159,9011.552812046148,1731451505.2877474
-8216.81418619325,9017.431320837894,1731451505.2916284
-8676.656624872283,9076.685795388914,1731451505.294776
-8430.005124807969,9091.28148451823,1731451505.2976549
-8127.742484538852,8876.011833669167,1731451505.301762
-7838.823835709552,8607.2321065941,1731451505.305678
-8559.131152526279,8954.958195085312,1731451505.3108337
-8548.804646587927,9276.957425708464,1731451505.3148465
-8419.812729336349,9138.421313574472,1731451505.3177848
-8280.874285802161,9001.650989252448,1731451505.321772
-8136.683182320975,8986.854134423034,1731451505.325802
-8348.018926145904,8985.468326266806,1731451505.329676
-8252.800494766296,9056.45746665686,1731451505.333759
-8491.070090659869,9010.25641086774,1731451505.3388076
-8413.688351355595,8959.495599209738,1731451505.3428428
-8240.283517871323,9013.475062069305,1731451505.3468952
-8267.485590873432,9019.331219116595,1731451505.35095
-8138.024286988293,8924.425712159362,1731451505.3548737
-8163.639386134075,8882.829115728035,1731451505.360003
-8623.951211446669,9031.289402400183,1731451505.363856
-8362.905187953138,9060.36902193654,1731451505.3678672
-8199.737453429396,9059.877283558522,1731451505.3708208
-8487.851439458304,8995.012521149221,1731451505.374725
-8160.286624465779,8871.541484778105,1731451505.3779163
-7782.050404793073,8740.82848320347,1731451505.3817284
-7823.512890757667,9068.482705173816,1731451505.3859303
-8780.055794722533,9159.05197370672,1731451505.3900125
-8638.166920920245,9104.625475958048,1731451505.3949342
-8358.971280929003,8988.329349557085,1731451505.397952
-8208.365226789145,8974.761840672712,1731451505.4019156
-8090.191553853936,8932.29352620763,1731451505.4059258
-8363.709850753528,9072.416612197949,1731451505.4100018
-8469.590064238319,9115.108444107584,1731451505.4140303
-8384.89930449716,9057.642109112992,1731451505.417999
-8416.147043245679,9042.152350205464,1731451505.4219508
-8322.470882233487,9015.553774303648,1731451505.4270103
-8240.954070204982,8933.321706452574,1731451505.4308412
-8299.917972078083,8837.455074483762,1731451505.4349964
-8458.883578644227,8953.594738673537,1731451505.439004
-8276.940378778027,9067.074545273132,1731451505.4430995
-8174.524685683809,8999.840497951567,1731451505.4480906
-8040.749495118796,8870.714470233259,1731451505.4510272
-8319.40869324311,8892.95445596629,1731451505.4559636
-8417.734017102006,9220.787491892275,1731451505.4589963
-8491.450070315608,9101.47387998985,1731451505.4629977
-8418.09164501329,9016.716065015324,1731451505.4658544
-8344.777923199883,8915.57442135506,1731451505.4700272
-8174.569389172721,8847.558062977561,1731451505.4738572
-8261.785896037329,8950.532549683161,1731451505.4780817
-8292.608951641198,9171.546598857236,1731451505.4851272
-8366.928501955093,9073.020109298242,1731451505.489174
-8166.925092569005,8952.521854939683,1731451505.4918883
-8019.247116952792,8824.111083043943,1731451505.4981976
-8529.559794611907,9016.581954548592,1731451505.5010571
-8432.732037631517,9113.409711528982,1731451505.504994
-8419.343342702789,9022.7286842738,1731451505.5079608
-8324.035504345358,9017.252506882252,1731451505.5110111
-8209.236944822902,8984.417794277406,1731451505.5150745
-8171.440144948977,8838.259737284152,1731451505.51915
-8525.245907932032,8985.088346611064,1731451505.5231524
-8425.244203238988,9069.60029239658,1731451505.527238
-8351.32698432529,9056.926853290424,1731451505.5320964
-8243.457465583977,9030.194166921874,1731451505.5351448
-8132.145778196547,8888.640569286415,1731451505.5381827
-8147.590833615164,8832.94002210379,1731451505.5421317
-8412.704874599562,9102.90439163499,1731451505.545228
-8375.04218519237,9126.23961284633,1731451505.5500023
-8363.08400190878,8965.374108001484,1731451505.5541964
-8271.3524426642,8974.091288339054,1731451505.5600874
-8273.028823498347,8979.567465730604,1731451505.563094
-8308.07635880427,8977.153477329432,1731451505.5660288
-8409.933258287103,9102.926743379445,1731451505.569166
-8415.118863000735,9022.460463340338,1731451505.5730977
-8297.235762743445,8989.983378646777,1731451505.5783162
-8057.289786015724,8943.804674602112,1731451505.5821576
-8056.775695893252,8858.331603805018,1731451505.586315
-8576.632568434783,9004.042625909166,1731451505.590027
-8484.476326045553,9001.695692741358,1731451505.594159
-8299.11330927769,9062.067754515145,1731451505.5990603
-8297.571038910275,9068.482705173816,1731451505.603233
-8395.874011024716,8889.959322209277,1731451505.607217
-8384.876952752704,8804.106271756444,1731451505.610273
-8299.225067999967,9163.656433064512,1731451505.6143565
-8297.146355765624,9129.145339625518,1731451505.6171758
-8260.333032647733,9016.134919659486,1731451505.6210651
-8149.401324916044,9005.808413721135,1731451505.6251729
-8162.745316355863,8970.760878415213,1731451505.6291585
-8353.405696559632,9024.382713363497,1731451505.6330886
-8390.598999333262,8979.790983175157,1731451505.6380744
-8230.940488689004,8915.976752755256,1731451505.6411068
-8343.41446678811,8937.76970359918,1731451505.6458528
-8307.338751237245,8957.416886975394,1731451505.6494217
-8364.626272276197,9080.70910939087,1731451505.6531496
-8445.807808137872,9080.217371012852,1731451505.6589508
-8343.861501677216,8963.9659481008,1731451505.6611764
-8222.893860685093,8988.06112862362,1731451505.6661632
-8176.134011284592,8999.460518295828,1731451505.670198
-8213.751997202873,8958.19919803133,1731451505.674136
-8497.842669229825,9021.633448795492,1731451505.6781263
-8287.31158820529,9043.471103128328,1731451505.6822262
-8195.62473244962,8974.381861016973,1731451505.6871543
-7970.900293695962,8888.305293119585,1731451505.6912596
-8461.38697402322,8962.669546922392,1731451505.694366
-8469.567712493863,9119.176461598452,1731451505.6972668
-8382.485316095986,9073.109516276065,1731451505.7012894
-8433.290831242899,9017.878355727,1731451505.7053957
-8369.834228734282,8995.772480460702,1731451505.7094972
-8255.996794223403,8995.616018249515,1731451505.7134807
-8217.328276315722,8944.676392635869,1731451505.7174275
-8405.954647774059,8968.324538269584,1731451505.721285
-8305.59531516973,8957.215721275297,1731451505.724229
-8200.85504065216,9083.145449536498,1731451505.7293377
-8094.594847511631,9041.750018805267,1731451505.7333417
-8166.388650702078,8981.668529709403,1731451505.7373524
-8435.168377777145,8882.292673861108,1731451505.7412338
-8388.833211521294,8948.185616515353,1731451505.7452793
-8369.655414778641,9081.200847768883,1731451505.7492723
-8336.261908562412,9082.765469880756,1731451505.7543185
-8391.627179578207,9007.820070722111,1731451505.7582488
-8149.200159215947,8943.24588099073,1731451505.7624187
-7999.979913232317,8864.634795741415,1731451505.7662785
-8384.631083563696,8912.467528875772,1731451505.7703023
-8398.176240703611,9051.07069624313,1731451505.7753477
-8516.618134572283,9087.235818771818,1731451505.7783184
-8357.160789628124,9061.419553925938,1731451505.7813077
-8301.348483723223,9017.252506882252,1731451505.7854636
-8269.564303107774,8947.91739558189,1731451505.7893696
-8253.605157566686,8929.477206406262,1731451505.7933412
-8303.494251190932,8994.632541493482,1731451505.797422
-8288.295064961323,8985.691843711358,1731451505.8014128
-8397.57274360332,8938.663773377391,1731451505.8044589
-8337.804178929828,8971.006747604222,1731451505.8085222
-8288.138602750136,8960.859055621511,1731451505.8125217
-8051.031297568238,8877.598807525494,1731451505.8174777
-8286.015187026882,8982.62965472098,1731451505.8214908
-8303.158975024102,9027.042570953676,1731451505.8255136
-8264.982195494436,8993.246733337251,1731451505.8293955
-8281.142506735625,8948.677354893369,1731451505.8335009
-8112.029208186771,8865.774734708635,1731451505.838486
-8211.025084379326,8992.084442625575,1731451505.842436
-8433.357886476266,9054.222292211329,1731451505.8466196
-8435.637764410707,9016.894878970968,1731451505.8505175
-8364.670975765106,8958.310956753607,1731451505.8545043
-8358.41248731762,8925.610354615494,1731451505.858451
-8366.615577532719,9040.610079838048,1731451505.861451
-8310.155071038613,8979.9697971308,1731451505.8645823
-8248.285442386323,8962.624843433481,1731451505.8716152
-8277.789745067328,8940.027229789166,1731451505.8744397
-8193.52366847082,8907.930124751345,1731451505.8785155
-8335.725466695485,8900.934028736834,1731451505.881575
-8363.955719942536,8877.464697058762,1731451505.8845174
-8182.258389265346,9022.616925551523,1731451505.888603
-8454.770857664449,8999.415814806916,1731451505.892537
-8374.572798558807,8954.466456707294,1731451505.8965433
-8293.905352819605,8958.378011986973,1731451505.900602
-8310.624457672175,8918.10016847851,1731451505.905681
-8215.406026292567,8898.989426969221,1731451505.9095984
-8182.347796243167,8866.199417853286,1731451505.9137237
-8276.4039369111,8931.131235495954,1731451505.9177
-8303.360140724199,8932.00295352971,1731451505.9215057
-8223.139729874103,8970.962044115311,1731451505.9266264
-8335.569004484298,9056.278652701218,1731451505.930668
-8264.021070482859,8969.375070258984,1731451505.9336636
-8303.606009913208,8896.173107167853,1731451505.9385777
-8415.252973467466,8903.817403771569,1731451505.9416635
-8405.529964629408,8918.949534767811,1731451505.9457445
-8178.592703174675,8967.452820235827,1731451505.9486992
-8255.192131423013,8910.835851530535,1731451505.9526925
-8377.389118360177,8886.450098329795,1731451505.9566047
-8316.145338552635,8957.014555575199,1731451505.961698
-8117.840661745151,8902.990389226721,1731451505.9648137
-8003.578544089622,8862.71254571826,1731451505.9678912
-8543.037896518457,8983.501372754738,1731451505.9727895
-8476.317939319366,8992.486774025772,1731451505.9768877
-8280.293140446323,8938.417904188384,1731451505.9807813
-8093.946646922428,8886.003063440688,1731451505.9847443
-8152.776438328796,8872.61436851196,1731451505.988872
-8368.962510700525,8880.079851160031,1731451505.9939003
-8411.274362954422,8923.889270292435,1731451505.9980657
-8386.329816142299,8970.805581904124,1731451506.00085
-8273.386451409633,8893.401490855395,1731451506.0058615
-8109.324647107679,8822.769978376626,1731451506.009874
-8216.233040837413,8903.772700282658,1731451506.0150113
-8395.359920902243,9002.276838097196,1731451506.0177877
-8367.599054288752,8946.352773470018,1731451506.0209525
-8365.520342054408,8951.560729928104,1731451506.023769
-8310.110367549702,8929.968944784277,1731451506.0290198
-8283.556495136798,8910.724092808257,1731451506.032776
-8326.874175891182,8880.795106982601,1731451506.0370665
-8308.612800671197,8908.377159640451,1731451506.040778
-8235.589651535709,8936.249784976219,1731451506.0449429
-8128.927126994983,8859.538598005605,1731451506.0487485
-7979.997453689272,8775.54074234256,1731451506.0520468
-8572.944530599658,8901.917505492867,1731451506.055978
-8508.906782735203,8937.188558243342,1731451506.060824
-8242.183416150025,8931.533566896149,1731451506.0648773
-8279.77905032385,8976.661738951414,1731451506.068905
-8327.231803802468,8921.072950491065,1731451506.0729935
-8277.275654944857,8873.32962433453,1731451506.076998
-8215.540136759299,8858.197493338286,1731451506.0817957
-8260.891826259116,8854.37534503643,1731451506.086027
-8319.699265921028,8877.978787181233,1731451506.0898557
-8299.292123233334,8907.23722067323,1731451506.0930312
-8046.091562043615,8884.61725528446,1731451506.0980065
-8295.224105742467,8887.455926830284,1731451506.1020262
-8351.03641164737,8885.064290173566,1731451506.105045
-8253.87337850015,8952.521854939683,1731451506.107921
-8449.786418650916,8902.09631944851,1731451506.1120944
-8246.072619685248,8958.646232920437,1731451506.1169565
-8341.022830131393,8889.780508253636,1731451506.121004
-8352.153998870135,8841.523091974628,1731451506.1250725
-8207.024122121826,8852.587205480004,1731451506.12823
-8137.912528266017,8780.50282961164,1731451506.1320615
-8220.278706583824,8948.945575826834,1731451506.136197
-8388.654397565651,8983.68018671038,1731451506.140027
-8255.862683756672,8924.112787736987,1731451506.144251
-8268.044384484814,8873.821362712546,1731451506.1489732
-8321.107425821714,8853.883606658412,1731451506.1532257
-8295.06764353128,8840.807836152058,1731451506.1561725
-8205.012465120848,8872.435554556318,1731451506.1609645
-8211.606229735164,8868.747516721192,1731451506.1671743
-8337.848882418739,8848.85446415597,1731451506.1701455
-8385.882781253193,8899.414110113872,1731451506.173999
-8226.850119453684,8860.902054417378,1731451506.1770675
-8330.897489893137,8843.221824553231,1731451506.1811073
-8307.83048961526,8902.81157527108,1731451506.1842513
-8256.846160512705,8935.512177409193,1731451506.1882477
-8357.674879750595,8871.988519667211,1731451506.1922133
-8278.594407867718,8927.487901149738,1731451506.196138
-8251.459390098977,8898.005950213188,1731451506.200061
-8287.535105649842,8807.302571213553,1731451506.2051945
-8243.859796984172,8786.0237104921,1731451506.2080083
-8046.2033207658915,8858.264548571653,1731451506.212182
-8032.747570603797,8935.66863962038,1731451506.2160306
-8555.443114691152,8835.17519654932,1731451506.220202
-8427.613488151252,8876.771792980648,1731451506.224062
-8268.647881585108,8902.677464804348,1731451506.2283268
-8259.371907636156,8891.300426876596,1731451506.233169
-8343.369763299199,8814.142205016877,1731451506.2372367
-8261.517675103865,8821.093597542476,1731451506.2400768
-8285.299931204312,8841.947775119279,1731451506.2452836
-8173.988243816882,8821.406521964851,1731451506.249154
-8182.548961943265,8858.666879971848,1731451506.25435
-8373.477563080498,8838.952641362268,1731451506.2581604
-8327.88000439167,8992.665587981413,1731451506.262404
-8339.70407720853,8963.384802744962,1731451506.2651553
-8223.407950807567,8877.71056624777,1731451506.2692976
-8219.541099016798,8827.55325169006,1731451506.272304
-8378.707871283039,8859.337432305507,1731451506.2763352
-8282.394204425122,8855.068249114544,1731451506.283173
-8291.49136441843,8878.47052555925,1731451506.2863643
-8138.694839321953,8820.467748697729,1731451506.2893682
-8344.979088899981,8802.496946155661,1731451506.2933674
-8284.808192826295,8836.158673305354,1731451506.2963572
-8226.917174687049,8935.19925298682,1731451506.30032
-8354.724449482495,8919.374217912462,1731451506.3043776
-8328.237632302957,8867.965205665256,1731451506.3083549
-8164.578159401198,8874.223694112741,1731451506.3123982
-8285.568152137776,8838.595013450982,1731451506.316239
-8384.206400419045,8718.879070148358,1731451506.321392
-8258.611948324675,8673.415621926264,1731451506.325389
-8267.105611217692,8918.52485162316,1731451506.328451
-8302.823698857272,8983.054337865631,1731451506.3322318
-8225.240793852901,8935.534529153649,1731451506.337394
-8174.390575217078,8869.70864173277,1731451506.342466
-8245.916157474061,8804.419196178818,1731451506.3454337
-8379.46783059452,8890.09343267601,1731451506.3482375
-8302.980161068459,8897.42480485735,1731451506.352458
-8298.554515666308,8846.619289710437,1731451506.3563714
-8358.524246039897,8843.534748975606,1731451506.360402
-8228.77236947684,8838.282089028608,1731451506.3646464
-8140.147702711547,8705.333913008442,1731451506.371411
-8362.994594930959,8862.779600951624,1731451506.374336
-8318.894603120638,8972.593721460547,1731451506.377484
-8217.90942167156,8904.152679938397,1731451506.3814273
-8174.479982194899,8858.353955549474,1731451506.3845055
-8240.77525624934,8759.715707268204,1731451506.3884745
-8375.019833447914,8839.422027995828,1731451506.3925376
-8369.074269422803,8881.465659316262,1731451506.3966053
-8292.519544663375,8811.683513126793,1731451506.4005575
-8254.231006411435,8808.666027625326,1731451506.405593
-8354.344469826754,8817.539670174083,1731451506.4095175
-8274.325224676755,8815.818585851024,1731451506.413499
-8059.055573827693,8833.878795370912,1731451506.4175303
-8287.06571901628,8898.363578124474,1731451506.4206266
-8434.229604510023,8876.61533076946,1731451506.42437
-8353.60686225973,8816.913821329335,1731451506.427523
-8070.142039077526,8847.222786810731,1731451506.4313595
-8156.844455819662,8848.966222878245,1731451506.435593
-8447.573595949842,8794.584428618482,1731451506.4395952
-8275.822791555262,8848.027449611121,1731451506.4445677
-8284.249399214912,8844.31706003154,1731451506.4484844
-8357.004327416937,8819.998362064167,1731451506.4515817
-8269.184323452035,8788.84003029347,1731451506.455428
-8223.631468252119,8761.414439846807,1731451506.4596052
-8067.348071020612,8799.568867632017,1731451506.4635963
-8295.02294004237,8816.846766095969,1731451506.467552
-8312.099672806224,8770.623358562394,1731451506.4715552
-8393.884705768192,8913.518060865172,1731451506.4767249
-8351.371687814199,8888.461755330773,1731451506.4806662
-8264.915140261071,8887.590037297015,1731451506.4845965
-8191.489659725387,8797.512507142128,1731451506.488637
-8353.98684191547,8746.997564673135,1731451506.4936936
-8380.384252117188,8814.879812583902,1731451506.49767
-8288.74209985043,8865.79708645309,1731451506.5017066
-8215.42837803702,8847.535711233106,1731451506.505721
-8117.75125476733,8771.137448684865,1731451506.509688
-8310.423291972076,8691.0511483015,1731451506.5136971
-8328.192928814045,8867.696984731792,1731451506.5166812
-8332.663277705107,8911.931087008845,1731451506.519658
-8332.216242816,8855.448228770283,1731451506.52378
-8220.569279261743,8790.851687294447,1731451506.5286884
-7940.121941581005,8681.10462201889,1731451506.53253
-8450.121694817746,8783.743832557659,1731451506.5357635
-8366.637929277174,8925.900927293413,1731451506.5397716
-8270.592483352719,8834.728161660214,1731451506.5437
-8315.228917029968,8858.488066016205,1731451506.5477183
-8249.671250542551,8840.51726347414,1731451506.5516531
-8356.691402994562,8809.448338681263,1731451506.5556796
-8349.091809879757,8744.44946580523,1731451506.5607457
-8227.945354931993,8825.474539455718,1731451506.5648663
-8307.562268681797,8813.672818383315,1731451506.568745
-8279.577884623754,8776.725384798692,1731451506.5727324
-8287.758623094394,8782.179210445787,1731451506.576778
-8300.365006967188,8786.046062236555,1731451506.5816
-8263.529332104843,8779.720518555703,1731451506.5857852
-8180.134973542092,8786.26957968111,1731451506.588774
-8297.772204610374,8824.222841766219,1731451506.5917895
-8375.84684799276,8817.27144924062,1731451506.5958292
-7961.065526135627,8813.248135238664,1731451506.599674
-8393.66118832364,8848.340374033496,1731451506.6037722
-8516.819300272382,8842.573623964026,1731451506.6076531
-8282.193038725023,8855.045897370088,1731451506.611815
-8139.23128118888,8798.563039131528,1731451506.6156502
-8169.875522837106,8758.106381667421,1731451506.6188595
-8415.85647056776,8802.0275595221,1731451506.6236985
-8314.670123418586,8815.952696317756,1731451506.627894
-8207.940543644494,8761.637957291361,1731451506.6316657
-8222.849157196184,8760.810942746513,1731451506.635836
-8436.375371977732,8854.062420614055,1731451506.639727
-8368.046089177858,8882.315025605563,1731451506.6438088
-8224.749055474884,8773.93141674178,1731451506.647915
-8256.689698301518,8758.508713067617,1731451506.6528528
-8358.144266384157,8808.330751458496,1731451506.656747
-8343.727391210485,8815.304495728553,1731451506.6607392
-8262.903483260094,8833.141187803887,1731451506.664743
-8281.902466047104,8812.957562560745,1731451506.6688952
-8263.462276871476,8783.386204646375,1731451506.6718843
-8212.947334402483,8784.88377152488,1731451506.674756
-8267.664404829075,8826.055684811556,1731451506.678949
-8025.326791444635,8723.86350916189,1731451506.6843276
-8446.411305238165,8738.68271573576,1731451506.6881952
-8445.76310464896,8961.462552721805,1731451506.692048
-8266.21154143948,8911.52875560865,1731451506.695399
-8266.815038539773,8820.847728353468,1731451506.6987867
-8323.476710733976,8775.987777231667,1731451506.7032428
-8073.807725168196,8846.216958310242,1731451506.706807
-8168.199142002958,8835.55517620506,1731451506.7109113
-8420.48328167001,8824.312248744041,1731451506.715861
-8353.89743493765,8830.391923235884,1731451506.7200854
-8366.459115321531,8810.543574159572,1731451506.7229664
-8172.200104260458,8782.35802440143,1731451506.7270672
-8336.328963795777,8787.87890528189,1731451506.731814
-8288.719748105974,8797.847783308958,1731451506.7370098
-8306.847012859227,8827.195623778776,1731451506.740848
-8286.439870171533,8835.398713993873,1731451506.7450364
-8296.319341220778,8858.912749160856,1731451506.7478902
-8184.404156733055,8864.433630041318,1731451506.752148
-8220.993962406394,8774.64667256435,1731451506.7551172
-8112.945629709438,8786.157820958832,1731451506.7590387
-8281.567189880276,8797.892486797868,1731451506.7630444
-8501.709521020593,8811.862327082436,1731451506.7672572
-8423.925450316126,8805.246210723664,1731451506.7720351
-8272.380622909144,8697.376691982352,1731451506.7760224
-8080.066213615682,8818.0314085521,1731451506.7791443
-8335.88192890667,8957.528645697672,1731451506.7830136
-8354.836208204772,8885.556028551582,1731451506.787164
-8253.448695355499,8853.458923513761,1731451506.7909608
-8240.574090549242,8853.99536538069,1731451506.7951684
-8294.486498175442,8822.41235046534,1731451506.8002553
-8263.082297215737,8864.858313185969,1731451506.805236
-8383.714662041028,8772.903236496835,1731451506.8081172
-8311.45147221702,8763.604910803428,1731451506.812215
-8173.51885718332,8834.79521689358,1731451506.816032
-8298.241591243934,8796.573733875006,1731451506.8200707
-8374.125763669701,8798.272466453609,1731451506.8252127
-8345.739048211462,8808.241344480675,1731451506.8292274
-8281.142506735625,8861.304385817575,1731451506.8320048
-8250.811189509772,8814.79040560608,1731451506.8371634
-8308.992780326937,8835.622231438427,1731451506.840997
-8292.206620241,8823.239365010186,1731451506.8441613
-7963.412459303434,8821.384170220395,1731451506.8472052
-8255.594462823208,8762.979061958678,1731451506.85111
-8450.613433195762,8858.622176482937,1731451506.8552513
-8417.488147912998,8854.8894351589,1731451506.8601923
-8283.511791647887,8832.783559892603,1731451506.863247
-8191.780232403306,8794.249152451654,1731451506.8672063
-8279.801402068306,8759.671003779293,1731451506.8712187
-8271.508904875387,8783.296797668552,1731451506.875286
-8142.94167076846,8831.643620925382,1731451506.8792946
-8336.12779809568,8862.243159084697,1731451506.8842764
-8413.218964722033,8867.585226009516,1731451506.8883228
-8321.889736877649,8878.314063348063,1731451506.8922772
-8267.552646106798,8859.762115450158,1731451506.896266
-8251.30292788779,8831.576565692016,1731451506.9002576
-8166.254540235346,8859.13626660541,1731451506.9042509
-8308.389283226643,8826.74858888967,1731451506.9092848
-8337.178330085078,8815.885641084391,1731451506.912222
-8293.413614441588,8812.197603249264,1731451506.915107
-8249.15716042008,8806.07322526851,1731451506.918077
-8233.82386372374,8821.205356264754,1731451506.9233365
-8327.008286357914,8842.148940819376,1731451506.92729
-8290.060852773291,8837.119798316931,1731451506.931101
-8241.982250449926,8795.992588519168,1731451506.9351711
-8103.334379593656,8697.57785768245,1731451506.9381216
-8342.02865863188,8915.999104499711,1731451506.9422183
-8412.48135715501,8891.032205943133,1731451506.94628
-8316.301800763822,8865.238292841708,1731451506.9511876
-8293.4583179305,8869.239255099208,1731451506.9552052
-8152.4411621619665,8763.02376544759,1731451506.959366
-8141.220586445402,8727.104512107911,1731451506.9633422
-8283.601198625707,8916.58024985555,1731451506.9674566
-8380.004272461447,8892.932104221834,1731451506.9723573
-8380.94304572857,8879.85633371548,1731451506.976344
-8183.912418355038,8790.44935589425,1731451506.9802892
-8093.633722500053,8738.146273868833,1731451506.9842944
-8435.615412666251,8795.992588519168,1731451506.9883792
-8364.112182153724,8878.51522904816,1731451506.992273
-8193.009578348348,8951.091343294544,1731451506.9963048
-8207.135880844102,8905.359674138985,1731451506.9992487
-8389.101432454758,8856.118781103944,1731451507.0024009
-8369.253083378444,8757.771105500593,1731451507.0062544
-8260.109515203181,8812.197603249264,1731451507.011236
-8231.3428200892,8921.899965035911,1731451507.0152423
-8198.865735395639,8885.600732040493,1731451507.0194328
-8312.07732106177,8854.08477235851,1731451507.0225213
-8243.882148728628,8838.952641362268,1731451507.026438
-8072.108992589592,8843.60180420897,1731451507.0303023
-8215.67424722603,8816.064455040032,1731451507.034478
-8420.505633414465,8803.12279500041,1731451507.039466
-8360.915882696616,8869.753345221681,1731451507.0433471
-8329.869309648193,8905.42672937235,1731451507.0473924
-8304.16480352459,8936.473302420773,1731451507.0513673
-8311.205603028013,8868.255778343175,1731451507.0554
-8207.71702619994,8738.705067480216,1731451507.059476
-7875.346586149524,8719.057884104,1731451507.0645533
-8417.644610124184,8968.659814436414,1731451507.0685515
-8457.788343165916,8946.48688393675,1731451507.0726013
-8403.831232050805,8946.86686359249,1731451507.075599
-8275.800439810806,8952.186578772853,1731451507.0785449
-8148.2166824599135,8874.827191213035,1731451507.0824456
-8304.701245391518,8846.8875106439,1731451507.086544
-8345.292013322356,8849.234443811709,1731451507.0905037
-8328.036466602858,8845.077019343022,1731451507.0946796
-8295.335864464745,8892.932104221834,1731451507.099405
-8282.528314891853,8862.8913596739,1731451507.102662
-8288.518582405875,8840.874891385423,1731451507.105712
-8266.815038539773,8864.612443996959,1731451507.1107368
-8135.006801486827,8807.816661336024,1731451507.114637
-8256.756753534884,8814.946867817267,1731451507.1187177
-8249.470084842455,8979.63452096397,1731451507.1227195
-8259.01427972487,8944.989317058244,1731451507.1276731
-8385.011063219436,8931.824139574068,1731451507.1308255
-8188.807450390751,8852.922481646834,1731451507.133741
-8311.987914083948,8759.134561912366,1731451507.139613
-8342.766266198905,8978.896913396944,1731451507.143752
-8266.591521095219,8962.848360878035,1731451507.1485405
-8241.132884160625,8929.0078197727,1731451507.151663
-8251.414686610065,8899.928200236345,1731451507.1546705
-8207.649970966575,8889.780508253636,1731451507.15753
-8320.481576976965,8898.005950213188,1731451507.1616638
-8306.958771581503,8891.032205943133,1731451507.1666307
-8293.368910952677,8884.058461673078,1731451507.1707108
-8278.505000889898,8856.677574715326,1731451507.174724
-8290.060852773291,8827.88852785689,1731451507.1787722
-8305.21533551399,8879.811630226568,1731451507.1825333
-8147.412019659522,8785.375509902897,1731451507.1858084
-8247.950166219493,8855.112952603455,1731451507.189558
-8397.37157790322,8986.988244889766,1731451507.1937733
-8286.037538771336,8934.886328564446,1731451507.1985402
-8263.842256527216,8888.931141964335,1731451507.2028384
-8230.024067166338,8805.000341534656,1731451507.2066514
-8279.667291601574,8821.808853365046,1731451507.2107372
-8326.404789257622,9008.714140500324,1731451507.2156038
-8235.38848583561,8892.172144910353,1731451507.219876
-8171.641310649074,8816.399731206862,1731451507.2227871
-8269.519599618865,8939.379029199961,1731451507.2277813
-8358.010155917425,8985.758898944725,1731451507.2317035
-8336.775998684883,8947.693878137336,1731451507.236837
-8307.517565192886,8820.400693464362,1731451507.2396407
-8285.098765504214,8828.55908019055,1731451507.2428763
-8273.229989198446,8937.188558243342,1731451507.2458675
-8203.3360842867,8918.591906856527,1731451507.2498252
-8247.39137260811,8908.779491040646,1731451507.2548673
-8173.988243816882,8912.95926725379,1731451507.2588348
-8251.504093587888,8881.577418038538,1731451507.2618582
-8320.526280465876,8863.785429452113,1731451507.2657087
-8347.482484278975,8873.508438290171,1731451507.269988
-8356.333775083278,8920.447101646318,1731451507.2737772
-8308.858669860205,8903.370368882463,1731451507.2778485
-8203.470194753432,8914.278020176653,1731451507.2829263
-8101.255667359313,8892.105089676987,1731451507.2868924
-8255.527407589841,8822.389998720884,1731451507.2929726
-8349.941176169059,8897.022473457155,1731451507.2959502
-8255.236834911924,8871.541484778105,1731451507.2987647
-8309.2610012604,8911.037017230632,1731451507.301947
-8348.734181968473,8989.893971668957,1731451507.3059573
-8346.566062756308,8954.757029385213,1731451507.3120315
-8270.01133799688,8949.34790722703,1731451507.3157642
-8262.903483260094,8920.29063943513,1731451507.3189669
-8242.67515452804,8825.072208055522,1731451507.322821
-8253.49339884441,8849.480313000717,1731451507.3260033
-8279.242608456923,8890.696929776303,1731451507.3299477
-8250.855892998683,8937.0097442877,1731451507.3342893
-8306.109405292202,8918.703665578803,1731451507.3392043
-8076.422879269467,8940.00487804471,1731451507.34354
-8151.837665061673,8890.115784420464,1731451507.3463745
-8536.153559226223,8782.536838357073,1731451507.350051
-8376.89737998216,8938.86493907749,1731451507.354411
-8340.93342315357,8955.695802652335,1731451507.3579862
-8252.576977321742,8982.652006465436,1731451507.362129
-8095.041882400737,8847.669821699837,1731451507.3659844
-8160.71130761043,8877.017662169656,1731451507.371024
-8281.187210224534,8916.803767300102,1731451507.375061
-8262.881131515638,8845.904033887868,1731451507.3789773
-8302.041387801337,8989.268122824207,1731451507.3831902
-8327.231803802468,8987.25646582323,1731451507.3870854
-8304.634190158153,8931.757084340703,1731451507.3921044
-8269.16197170758,8878.112897647965,1731451507.3959763
-8254.879207000638,8941.569500156582,1731451507.3989575
-8282.617721869674,8976.281759295674,1731451507.4021077
-8267.485590873432,8901.693988048315,1731451507.406111
-8276.470992144465,8863.673670729837,1731451507.4101124
-8245.312660373767,8919.709494079292,1731451507.414142
-8239.545910304298,8941.033058289655,1731451507.4181736
-8351.371687814199,8893.960284466779,1731451507.4221587
-8299.515640677886,8918.770720812168,1731451507.4262185
-8192.853116137161,8939.49078792224,1731451507.4291556
-8206.152404088069,8820.400693464362,1731451507.433179
-8315.675951919075,8840.874891385423,1731451507.438132
-8315.273620518878,8963.29539576714,1731451507.4421492
-8248.73247727543,8962.401325988929,1731451507.446169
-8196.518802227833,8920.849433046513,1731451507.4501286
-8167.059203035737,8861.550255006583,1731451507.45511
-8357.294900094856,8856.789333437602,1731451507.458194
-8348.689478479562,8912.512232364683,1731451507.4631672
-8292.02780628536,9030.060056455142,1731451507.4660137
-8256.086201201226,8991.503297269737,1731451507.4712052
-8161.046583777259,8917.161395211388,1731451507.476254
-8350.499969780441,8957.930977097867,1731451507.480234
-8255.214483167469,8948.230320004264,1731451507.483338
-8223.810282207762,8892.105089676987,1731451507.4862716
-8366.593225788263,8867.585226009516,1731451507.4910927
-8190.550886458264,8875.251874357686,1731451507.494338
-8264.110477460681,8933.545223897127,1731451507.498254
-8221.955087417971,8970.894988881944,1731451507.5024288
-8216.925944915527,8911.774624797657,1731451507.505642
-8148.283737693279,8840.27139428513,1731451507.5099227
-8318.425216487076,8872.592016767505,1731451507.513649
-8433.044962053891,8901.917505492867,1731451507.5174456
-8378.059670693836,8930.080703506554,1731451507.52267
-8244.575052806742,8944.497578680228,1731451507.5268793
-8163.505275667343,8841.858368141457,1731451507.530424
-8250.095933687202,8803.614533378426,1731451507.5346997
-8157.179731986491,8868.56870276555,1731451507.5385804
-8385.726319042005,9009.563506789626,1731451507.5434165
-8298.129832521658,8961.954291099823,1731451507.5473447
-8193.970703359926,8902.789223526624,1731451507.551357
-8370.817705490315,8895.413147856372,1731451507.5554712
-8246.765523763363,8865.70767947527,1731451507.559996
-8258.723707046951,8951.940709583845,1731451507.5634005
-8294.374739453166,8913.518060865172,1731451507.566336
-8250.565320320764,8943.804674602112,1731451507.569525
-8290.038501028837,8912.24401143122,1731451507.573377
-8295.02294004237,8871.809705711568,1731451507.578513
-8261.070640214759,8863.114877118454,1731451507.582296
-8265.608044339186,8876.324758091541,1731451507.586594
-8294.844126086728,8838.84088263999,1731451507.5895135
-8243.703334772985,8879.208133126276,1731451507.5935524
-8162.611205889131,8841.36662976344,1731451507.597488
-8060.240216283824,8878.537580792616,1731451507.6014705
-8092.69494923293,8846.976917621723,1731451507.6055632
-8489.885448203737,8999.348759573551,1731451507.610437
-8350.857597691727,8939.602546644515,1731451507.6145546
-8169.696708881464,8849.301499045074,1731451507.6175442
-8174.301168239256,8808.062530525032,1731451507.6226697
-8295.045291786826,8895.18963041182,1731451507.6275043
-8286.037538771336,8999.326407829096,1731451507.6312528
-8271.598311853208,8990.788041447167,1731451507.635435
-8388.743804543472,8911.282886419642,1731451507.6394556
-8343.50387376593,8888.975845453244,1731451507.6424232
-8277.275654944857,8890.495764076206,1731451507.646459
-8249.112456931169,8843.110065830955,1731451507.649396
-8290.485535917942,8841.277222785619,1731451507.6535304
-8298.196887755024,8866.400583553384,1731451507.6573348
-8185.678206167007,8845.233481554209,1731451507.6615057
-8231.38752357811,8828.55908019055,1731451507.6664743
-8398.46681338153,8784.190867446765,1731451507.669628
-8267.01620423987,8911.57345909756,1731451507.673412
-8237.53425330332,8922.592869114027,1731451507.6776805
-8184.091232310681,8854.934138647812,1731451507.6813512
-8071.97488212286,8890.316950120563,1731451507.6856935
-8173.585912416686,8855.872911914934,1731451507.6895366
-8364.55921704283,8949.482017693761,1731451507.694718
-8305.952943081014,8930.371276184473,1731451507.698352
-8277.096840989214,8909.293581163118,1731451507.702734
-8356.445533805554,8861.349089306485,1731451507.7066176
-8264.82573328325,8789.845858793959,1731451507.711438
-8294.151222008613,8760.25214913513,1731451507.7143848
-8196.228229549914,8957.349831742029,1731451507.7178335
-8246.139674918613,8896.575438568048,1731451507.7235389
-8297.682797632551,8892.395662354906,1731451507.726787
-8234.650878268585,8906.030226472643,1731451507.7304356
-8186.371110245122,8878.80580172608,1731451507.7335951
-8121.014609457805,8766.331823626975,1731451507.7377467
-8377.366766615722,8758.39695434534,1731451507.741434
-8274.593445610219,8912.266363175675,1731451507.7458048
-8287.02101552737,8903.437424115828,1731451507.7494984
-8350.924652925092,8864.455981785773,1731451507.7525082
-8300.074434289269,8835.97985934971,1731451507.7564547
-8206.53238374381,8744.650631505327,1731451507.7615662
-8250.140637176113,8879.699871504292,1731451507.765427
-8265.719803061462,8905.314970650074,1731451507.7696092
-8346.007269144926,8887.098298918998,1731451507.7735734
-8265.697451317006,8854.956490392267,1731451507.778166
-8175.731679884396,8880.817458727057,1731451507.782548
-8165.226359990402,8812.130548015899,1731451507.7867477
-8364.603920531741,8868.009909154167,1731451507.7895465
-8309.21629777149,8884.684310517825,1731451507.7952683
-8147.590833615164,8879.833981971024,1731451507.7986152
-8239.411799837566,8878.783449981625,1731451507.801679
-8339.234690574967,8906.678427061848,1731451507.8060212
-8247.279613885834,8871.250912100186,1731451507.8101914
-8148.842531304662,8867.026432398134,1731451507.8139884
-8234.695581757496,8901.090490948021,1731451507.8183525
-8337.334792296266,8821.115949286932,1731451507.821797
-8228.370038076644,8806.162632246333,1731451507.8247252
-8215.406026292567,8807.704902613748,1731451507.8309577
-8363.665147264617,8920.089473735032,1731451507.833856
-8282.68477710304,8892.172144910353,1731451507.837934
-8259.103686702692,8822.635867909894,1731451507.8417077
-8171.261330993335,8768.87992249488,1731451507.8459053
-8169.13791527008,8784.190867446765,1731451507.8486772
-8319.878079876671,8854.598862480982,1731451507.8548348
-8335.278431806379,8917.697837078314,1731451507.8587525
-8236.349610847188,8961.39549748844,1731451507.862904
-8279.175553223557,8911.796976542113,1731451507.8656676
-8287.02101552737,8855.18000783682,1731451507.8709176
-8312.233783272957,8849.70383044527,1731451507.8748355
-8320.369818254689,8842.0371820971,1731451507.8778265
-8195.535325471797,8856.588167737504,1731451507.880762
-8034.267489226758,8785.867248280912,1731451507.8849683
-8216.098930370681,8817.629077151905,1731451507.8896725
-8454.592043708806,8717.940296881236,1731451507.8938437
-8304.321265735778,8833.69998141527,1731451507.8976822
-8175.597569417664,8993.090271126064,1731451507.9007628
-8250.878244743139,8948.923224082379,1731451507.9048288
-8219.205822849968,8893.37913911094,1731451507.9089837
-8070.633777455542,8769.68458529527,1731451507.9129632
-8296.788727854339,8811.303533471053,1731451507.9169672
-8402.981865761503,8936.138026253942,1731451507.9218855
-8349.136513368669,8905.069101461066,1731451507.925952
-8271.68771883103,8849.36855427844,1731451507.9299862
-8221.731569973417,8824.535766188594,1731451507.933747
-8255.750925034396,8850.441438012294,1731451507.938868
-8242.183416150025,8822.166481276332,1731451507.9419296
-8163.23705473388,8842.0371820971,1731451507.946895
-8237.10957015867,8914.836813788035,1731451507.9508135
-8324.035504345358,8825.161615033343,1731451507.954966
-8296.2075824985,8749.724477496682,1731451507.957886
-8069.35972802159,8678.869447573357,1731451507.9609032
-8262.791724537818,8847.982746122212,1731451507.9647863
-8390.531944099897,8936.585061143049,1731451507.9690256
-8321.554460710819,8911.975790497756,1731451507.972853
-8286.663387616085,8844.697039687282,1731451507.9780495
-8259.282500658333,8752.45139032023,1731451507.9808912
-8184.404156733055,8795.612608863426,1731451507.9850576
-8131.385818885067,8812.287010227086,1731451507.9890792
-8276.11336423318,8852.9895368802,1731451507.9944596
-8283.601198625707,8882.963226194766,1731451507.9978688
-8154.56457788522,8784.88377152488,1731451508.00132
-8226.738360731408,8862.287862573608,1731451508.00556
-8279.220256712468,8835.845748882979,1731451508.01019
-8278.706166589996,8810.07418752601,1731451508.0138512
-8260.601253581197,8795.992588519168,1731451508.018145
-8301.907277334605,8861.438496284307,1731451508.0225985
-8300.320303478278,8798.294818198065,1731451508.026734
-8187.309883512245,8713.537003223539,1731451508.0310285
-8209.885145412105,8801.602876377448,1731451508.035177
-8349.136513368669,8786.403690147841,1731451508.0381844
-8294.754719108907,8804.866231067925,1731451508.04224
-8255.236834911924,8807.101405513455,1731451508.0450745
-8164.555807656742,8827.620306923427,1731451508.0489907
-8025.595012378098,8795.366739674419,1731451508.053203
-8305.2600390029,8670.107563746878,1731451508.0569923
-8338.899414408137,8647.532301847017,1731451508.061077
-8374.550446814352,8819.596030663972,1731451508.0642357
-8239.858834726672,8849.32385078953,1731451508.0681508
-8186.460517222944,8815.818585851024,1731451508.0730078
-8240.551738804787,8746.617585017393,1731451508.076985
-8201.235020307902,8791.946922772757,1731451508.0812416
-8323.834338645262,8831.196586036276,1731451508.099
-8275.643977599619,8838.684420428805,1731451508.1021051
-8263.283462915833,8784.347329657952,1731451508.1051314
-8187.175773045514,8768.410535861318,1731451508.1090012
-8164.622862890109,8731.44075053224,1731451508.1121292
-8327.03063810237,8754.68656476576,1731451508.1149828
-8276.78391656684,8730.25610807611,1731451508.1191344
-8226.805415964773,8730.233756331654,1731451508.1220388
-8259.416611125065,8700.215363528176,1731451508.1250703
-8329.869309648193,8703.63518042984,1731451508.1292105
-8309.372759982678,8731.77602669907,1731451508.1320407
-8150.2730429498015,8616.910411943247,1731451508.135043
-8374.349281114255,8619.413807322242,1731451508.1390836
-8268.379660651644,8803.9274578008,1731451508.1421835
-8184.113584055136,8741.923718681779,1731451508.1451163
-8205.86183141015,8737.721590724183,1731451508.1480916
-8163.974662300905,8802.36283568893,1731451508.1520789
-8308.903373349116,8728.982058642157,1731451508.1551793
-8360.602958274241,8693.331026235941,1731451508.158201
-8262.523503604354,8628.689781271194,1731451508.161101
-8214.53430825881,8556.583053658373,1731451508.1651435
-8210.510994256854,8798.048949009055,1731451508.169194
-8185.521743955821,8760.900349724336,1731451508.173133
-8230.694619499996,8677.930674306235,1731451508.1771462
-8292.631303385651,8701.556468195495,1731451508.1820948
-8253.448695355499,8690.872334345859,1731451508.1862595
-8236.550776547287,8686.871372088359,1731451508.1901298
-8385.726319042005,8697.1531745378,1731451508.19332
-8270.883056030638,8663.938482277214,1731451508.1972427
-8217.372979804633,8609.489632784085,1731451508.2002125
-8378.864333494226,8595.944475644168,1731451508.2041302
-8343.950908655037,8672.342738192408,1731451508.208324
-8227.855947954173,8643.844264011892,1731451508.2121732
-8109.972847696883,8549.408143688219,1731451508.2172933
-8397.930371514603,8645.587700079406,1731451508.221171
-8337.155978340625,8737.878052935368,1731451508.224327
-8208.566392489241,8733.96649765569,1731451508.2282302
-8210.108662856659,8678.869447573357,1731451508.232164
-8241.088180671713,8626.968696948135,1731451508.2361932
-8202.2855522973,8566.93191134118,1731451508.240224
-8231.3428200892,8587.31670228442,1731451508.2445085
-8288.630341128151,8740.694372736738,1731451508.2492905
-8304.745948880429,8675.717851605159,1731451508.253255
-8053.959376091883,8623.615935279839,1731451508.2572231
-8178.100964796658,8596.503269255552,1731451508.2612128
-8391.627179578207,8645.878272757325,1731451508.2652972
-8336.574832984787,8629.449740582675,1731451508.2703364
-8298.733329621951,8647.80052278048,1731451508.2743273
-8268.178494951546,8663.178522965733,1731451508.2782507
-8248.86658774216,8654.841322283903,1731451508.2812624
-8252.733439532929,8614.384664819798,1731451508.285562
-8269.877227530149,8538.746361583038,1731451508.2884064
-8334.898452150637,8563.668556650706,1731451508.2923105
-8293.391262697132,8605.84629843787,1731451508.296414
-8158.789057587273,8602.94057165868,1731451508.3003447
-8175.3964037175665,8541.182701728667,1731451508.3043916
-8024.745646088797,8564.719088640106,1731451508.3073168
-8435.593060921796,8681.305787718986,1731451508.3124728
-8309.842146616238,8665.078421244434,1731451508.3164408
-8292.474841174466,8637.406961608764,1731451508.3206923
-8311.295010005833,8613.55765027495,1731451508.324379
-8295.224105742467,8606.405092049252,1731451508.3285065
-8282.707128847496,8527.503434122018,1731451508.3335104
-8192.629598692609,8583.025167349002,1731451508.337488
-8092.9855219108495,8600.75010070206,1731451508.341436
-8375.288054381377,8535.371248170286,1731451508.3456793
-8202.62082846413,8634.009496451557,1731451508.349408
-8220.144596117092,8629.405037093764,1731451508.3534107
-8305.416501214087,8574.375042244797,1731451508.3583827
-8220.993962406394,8574.039766077967,1731451508.361471
-8302.667236646084,8525.73764631005,1731451508.3644211
-8301.706111634507,8522.340181152842,1731451508.3684227
-8323.387303756155,8620.106711400356,1731451508.3725069
-8305.50590819191,8587.60727496234,1731451508.376624
-8192.316674270234,8538.992230772046,1731451508.3808303
-8153.067011006715,8493.372320338765,1731451508.3844433
-8327.611783458207,8489.326654592354,1731451508.3875556
-8176.066956051226,8535.93004178167,1731451508.39159
-8254.365116878167,8476.139125363723,1731451508.395534
-8304.276562246867,8603.253496081054,1731451508.4007237
-8322.001495599925,8660.272796186542,1731451508.404694
-8292.184268496547,8625.828757980915,1731451508.4086623
-8270.614835097174,8577.548989957451,1731451508.4126503
-8185.208819533446,8535.68417259266,1731451508.416586
-8116.410150100011,8575.492629467562,1731451508.4215767
-8300.230896500456,8509.823204257871,1731451508.4256778
-8359.172446629102,8546.435361675663,1731451508.4297507
-8209.39340703409,8546.25654772002,1731451508.4337091
-8253.96278547797,8505.911648978192,1731451508.437714
-8292.631303385651,8478.754279464994,1731451508.4408224
-8282.796535825317,8514.785291526949,1731451508.444765
-8209.214593078446,8551.93389081167,1731451508.4475243
-8187.131069556603,8526.810530043904,1731451508.4517047
-8346.834283689772,8502.625942543262,1731451508.4557834
-8200.67622669652,8434.967212077048,1731451508.4627647
-8200.251543551867,8489.617227270273,1731451508.466843
-8345.515530766908,8624.778225991515,1731451508.471627
-8371.890589224171,8559.622890904295,1731451508.4746296
-8230.068770655247,8459.017689110959,1731451508.4777207
-8118.734731523363,8511.745454281026,1731451508.481626
-8180.850229364662,8530.744437068039,1731451508.4848473
-8379.154906172145,8555.085486779868,1731451508.4889967
-8445.04784882639,8519.54621309593,1731451508.4928424
-8281.008396268893,8617.871536954824,1731451508.49683
-8214.847232681184,8556.158370513722,1731451508.5008776
-8110.598696541631,8470.841761927815,1731451508.50485
-8052.59591968011,8390.241371421978,1731451508.5088968
-8196.116470827636,8442.276232513932,1731451508.513991
-8557.901806581236,8511.521936836474,1731451508.517984
-8316.570021697285,8711.257125289098,1731451508.5208187
-8288.049195772313,8602.89586816977,1731451508.5238008
-8265.764506550373,8543.574338385384,1731451508.5279653
-8202.129090086113,8533.001963258024,1731451508.5317292
-8235.142616646603,8511.030198458457,1731451508.535931
-8319.341638009744,8509.376169368765,1731451508.539744
-8325.041332845847,8523.122492208779,1731451508.5439434
-8248.44190459751,8528.732780067061,1731451508.5477316
-8174.301168239256,8467.399593281698,1731451508.5518086
-8207.649970966575,8440.868072613248,1731451508.5558338
-8355.015022160414,8482.934055678137,1731451508.5599277
-8217.864718182649,8598.827850678903,1731451508.5639968
-8097.500574290821,8549.251681477033,1731451508.5679867
-8262.568207093263,8442.343287747299,1731451508.5727668
-8379.3784236167,8487.91849469167,1731451508.5770204
-8285.724614348963,8562.282748494477,1731451508.5808227
-8258.880169258138,8566.84250436336,1731451508.584993
-8300.588524411742,8516.886355505749,1731451508.588976
-8353.2715860929,8426.652363139674,1731451508.5937848
-8246.653765041085,8439.728133646027,1731451508.5978243
-8201.994979619381,8588.613103462829,1731451508.602049
-8211.047436123781,8516.260506661,1731451508.6051133
-8143.008726001826,8398.28799942589,1731451508.6080215
-8385.525153341909,8416.90700255716,1731451508.611909
-8380.384252117188,8563.422687461698,1731451508.61585
-8283.444736414522,8627.728656259616,1731451508.6199636
-8283.444736414522,8548.379963443276,1731451508.6238987
-8241.669326027552,8542.859082562814,1731451508.628044
-8090.482126531855,8539.081637749869,1731451508.6318915
-8010.73110231532,8449.67465992864,1731451508.635069
-8126.580193827176,8413.129557744212,1731451508.6398735
-8495.182811639645,8558.237082748066,1731451508.644042
-8383.826420763306,8597.017359378024,1731451508.6480174
-8304.902411091616,8469.72417470505,1731451508.6521387
-8287.512753905386,8459.576482722341,1731451508.6559503
-8035.742704360808,8447.685354672118,1731451508.6609998
-8271.374794408655,8561.053402549434,1731451508.6649938
-8355.238539604967,8654.57310135044,1731451508.6691236
-8301.21437325649,8527.682248077661,1731451508.6729732
-8264.222236182957,8497.708558763094,1731451508.677225
-8251.705259287985,8528.59866960033,1731451508.6809585
-8287.512753905386,8451.90983437417,1731451508.685114
-8346.722524967496,8391.381310389199,1731451508.6880944
-8264.982195494436,8521.267297418988,1731451508.691039
-8226.33602933121,8607.679141483206,1731451508.697193
-8193.680130682007,8616.284563098498,1731451508.700107
-8209.10283435617,8528.35280041132,1731451508.7041817
-8024.857404811073,8447.327726760832,1731451508.7082467
-8241.691677772007,8415.074159511823,1731451508.711177
-8405.32879892931,8480.542419021418,1731451508.7150595
-8206.845308166183,8479.53659052093,1731451508.7211728
-8360.424144318598,8527.682248077661,1731451508.7239933
-8335.613707973207,8412.324894943822,1731451508.7282815
-8174.94936882846,8584.276865038499,1731451508.7321043
-8087.375234052567,8762.241454391653,1731451508.736189
-8281.589541624731,8580.991158603569,1731451508.7400854
-8232.259241611868,8479.938921921126,1731451508.7443533
-8333.490292249953,8421.466758426042,1731451508.7490478
-8367.979033944492,8465.499695002996,1731451508.7537527
-8275.107535732692,8625.046446924978,1731451508.7571104
-8284.204695726,8583.18162956019,1731451508.7612405
-8297.302817976812,8490.980683682046,1731451508.7641983
-8259.148390191602,8490.265427859476,1731451508.768346
-8276.023957255358,8476.429698041642,1731451508.771278
-8272.470029886965,8529.895070778737,1731451508.7752714
-8229.86760495515,8553.36440245681,1731451508.7792585
-8250.140637176113,8529.649201589727,1731451508.783329
-8215.24956408138,8496.367454095776,1731451508.7882931
-8085.475335773866,8430.76508411945,1731451508.7911584
-8207.873488411127,8510.069073446879,1731451508.7952964
-8357.965452428514,8537.226442960076,1731451508.799199
-8347.638946490162,8496.121584906768,1731451508.8032887
-8293.2571522304,8531.25852719051,1731451508.8071442
-8149.490731893866,8631.886080728304,1731451508.811236
-8095.175992867469,8545.02720177498,1731451508.8171484
-8164.064069278726,8426.697066628583,1731451508.8201988
-8138.270156177302,8541.07094300639,1731451508.8241527
-8459.800000166893,8545.161312241711,1731451508.8282576
-8357.004327416937,8582.019338848513,1731451508.8321805
-8264.49045711642,8552.64914663424,1731451508.837278
-8334.719638194996,8563.489742695063,1731451508.841221
-8271.620663597663,8544.088428507857,1731451508.8452537
-8228.370038076644,8493.618189527773,1731451508.848162
-8282.237742213934,8466.751392692495,1731451508.8522308
-8285.501096904409,8537.941698782646,1731451508.8553393
-8295.69349237603,8519.859137518304,1731451508.8593748
-8265.898617017105,8495.048701172913,1731451508.863368
-8253.001660466392,8523.904803264715,1731451508.8673391
-8307.159937281602,8480.765936465972,1731451508.871389
-8133.553938097231,8473.255750328988,1731451508.875448
-7967.8381047055855,8613.311781085942,1731451508.8782952
-8213.439072780498,8479.178962609645,1731451508.8833108
-8407.563973374841,8504.928172222159,1731451508.8873715
-8331.903318393626,8702.67405541826,1731451508.8914218
-8325.823643901784,8579.046556835956,1731451508.8954663
-8274.928721777049,8551.352745455832,1731451508.9004693
-8206.91236339955,8567.93773984167,1731451508.904488
-8248.10662843068,8488.879619703248,1731451508.9084263
-8308.277524504367,8525.223556187577,1731451508.912396
-8206.62179072163,8576.587864945874,1731451508.9152832
-8196.272933038823,8496.590971540329,1731451508.9214048
-8309.372759982678,8414.493014155985,1731451508.9254313
-8248.86658774216,8582.421670248708,1731451508.9284563
-8228.05711365427,8620.598449778372,1731451508.9313202
-8274.213465954479,8553.297347223443,1731451508.9353654
-8095.712434734397,8447.417133738654,1731451508.9394295
-8239.590613793209,8401.819575049827,1731451508.9433234
-8293.92770456406,8506.537497822941,1731451508.9473405
-8397.416281392132,8619.682028255706,1731451508.9516084
-8334.384362028166,8620.173766633721,1731451508.9546056
-8284.49526840392,8541.227405217578,1731451508.9584324
-8164.667566379019,8443.080895314324,1731451508.9627457
-7941.9547846263395,8372.874065980204,1731451508.966469
-8176.312825240234,8574.866780622815,1731451508.9714432
-8555.823094346893,8683.943293564713,1731451508.9754512
-8305.192983769535,8643.956022734168,1731451508.97938
-8227.967706676449,8591.071795352913,1731451508.9824169
-8364.089830409268,8380.317196883821,1731451514.0346377
-8407.273400696922,8356.55729252783,1731451514.0375612
-8434.698991143583,8359.820647218305,1731451514.0406213
-8393.594133090273,8384.340510885777,1731451514.044552
-8362.435801319576,8383.13351668519,1731451514.0486045
-8392.253028422956,8360.98293792998,1731451514.0536768
-8428.686371885105,8355.171484371602,1731451514.057558
-8401.216077949533,8373.23169389149,1731451514.0616498
-8376.94208347107,8380.875990495204,1731451514.065698
-8422.629049137719,8330.517510237398,1731451514.0696912
-8447.037154082913,8301.460242445499,1731451514.074649
-8375.824496248306,8360.580606529786,1731451514.0786266
-8337.804178929828,8419.14217700269,1731451514.0826535
-8373.455211336042,8404.770005317927,1731451514.086724
-8414.872993811727,8372.047051435358,1731451514.0906844
-8412.838985066293,8366.839094977271,1731451514.093885
-8372.762307257928,8375.824496248306,1731451514.096694
-8370.571836301307,8374.438688092076,1731451514.100886
-8417.37638919072,8353.383344815176,1731451514.1047623
-8414.671828111628,8355.327946582789,1731451514.1097753
-8366.257949621433,8368.56017930033,1731451514.1137123
-8361.295862352355,8361.98876643047,1731451514.1179092
-8407.809842563849,8345.716696467007,1731451514.120782
-8421.153834003668,8347.03544938987,1731451514.1248193
-8385.189877175078,8370.057746178836,1731451514.1288068
-8362.502856552943,8375.600978803752,1731451514.1328988
-8398.869144781727,8359.999461173948,1731451514.1377203
-8423.411360193653,8350.432914547077,1731451514.1419811
-8397.460984881041,8370.728298512495,1731451514.144844
-8367.353185099744,8384.005234718947,1731451514.150002
-8394.108223212746,8368.80604848934,1731451514.154112
-8426.942935817593,8355.305594838333,1731451514.1579068
-8396.499859869464,8367.509647310932,1731451514.162887
-8347.84011219026,8383.625255063207,1731451514.1669035
-8371.354147357244,8365.430935076587,1731451514.1708972
-8415.744711845484,8342.185120843067,1731451514.1740603
-8405.217040207033,8358.07721115079,1731451514.1779506
-8378.03731894938,8388.207362676545,1731451514.1807594
-8380.250141650456,8386.642740564674,1731451514.1850216
-8420.393874692187,8363.08400190878,1731451514.1888316
-8420.99737179248,8365.475638565498,1731451514.1930652
-8381.591246317774,8376.09271718177,1731451514.197954
-8374.885722981182,8364.626272276197,1731451514.2009728
-8390.554295844353,8359.75359198494,1731451514.2048342
-8403.965342517537,8367.911978711127,1731451514.2089808
-8384.988711474982,8395.89636276917,1731451514.2130084
-8368.738993255973,8398.735034314996,1731451514.2169988
-8406.736958829995,8380.741880028472,1731451514.2208354
-8424.752464860972,8372.941121213571,1731451514.2261322
-8381.144211428667,8385.905132997648,1731451514.2300391
-8357.294900094856,8391.157792944645,1731451514.2341876
-8407.742787330484,8367.062612421825,1731451514.237977
-8427.591136406796,8356.959623928025,1731451514.2412353
-8373.99165320297,8380.406603861644,1731451514.2461743
-8358.568949528808,8398.489165125986,1731451514.2512271
-8401.66311283864,8391.984807489493,1731451514.2549577
-8421.37735144822,8380.18308641709,1731451514.2582252
-8397.57274360332,8385.011063219436,1731451514.2620144
-8357.965452428514,8405.462909396043,1731451514.2650194
-8376.919731726615,8397.103356969757,1731451514.2691712
-8418.829252580315,8376.405641604142,1731451514.2731123
-8406.066406496335,8382.37355737371,1731451514.2771463
-8358.61365301772,8400.903153527159,1731451514.2799628
-8359.03833616237,8394.957589502048,1731451514.2842295
-8394.510554612942,8375.422164848109,1731451514.2880385
-8402.892458783681,8385.703967297552,1731451514.2932308
-8370.37067060121,8417.510499657452,1731451514.2970524
-8361.340565841267,8413.62129612223,1731451514.3012428
-8404.278266939911,8386.910961498137,1731451514.3049903
-8421.645572381685,8385.458098108542,1731451514.3092504
-8373.075231680303,8408.413339664143,1731451514.31399
-8351.371687814199,8412.615467621741,1731451514.318189
-8404.367673917732,8391.358958644743,1731451514.3220043
-8422.941973560093,8393.370615645721,1731451514.3262696
-8382.731185284994,8402.780700061405,1731451514.3301225
-8359.284205351378,8398.511516870441,1731451514.335224
-8391.023682477913,8390.867220266726,1731451514.3381424
-8416.683485112606,8401.394891905176,1731451514.3413455
-8389.436708621586,8416.527022901419,1731451514.3443384
-8352.913958181614,8418.628086880219,1731451514.3492882
-8381.814763762328,8403.540659372886,1731451514.3532968
-8421.533813659407,8388.252066165456,1731451514.3572388
-8396.85748778075,8390.174316188612,1731451514.361315
-8369.878932223193,8414.51536590044,1731451514.3641205
-8382.775888773906,8415.94587754558,1731451514.3682797
-8423.791339849395,8399.249124437467,1731451514.3720791
-8407.586325119297,8409.642685609184,1731451514.376161
-8341.64867897614,8425.043037538891,1731451514.38123
-8356.825513461294,8425.668886383639,1731451514.3853216
-8414.247144966977,8411.14025248769,1731451514.389181
-8400.478470382508,8423.56782240484,1731451514.3932788
-8356.803161716838,8437.828235367328,1731451514.3972003
-8353.204530859533,8430.541566674896,1731451514.4022188
-8401.03726399389,8406.781662318905,1731451514.4061203
-8414.80593857836,8409.083891997801,1731451514.4102297
-8372.784659002384,8426.697066628583,1731451514.413293
-8352.601033759242,8429.043999796391,1731451514.4172509
-8387.1791824316,8410.559107131852,1731451514.4202757
-8410.76027283195,8401.886630283194,1731451514.4242458
-8386.329816142299,8415.252973467466,1731451514.4283893
-8363.061650164325,8427.680543384617,1731451514.4321992
-8383.3793858742,8420.19270899209,1731451514.4374373
-8414.403607178165,8401.32783667181,1731451514.4424348
-8397.885668025692,8411.497880398974,1731451514.4442687
-8367.84492347776,8424.350133460777,1731451514.448264
-8387.357996387243,8414.604772878263,1731451514.4521685
-8413.397778677676,8404.211211706544,1731451514.4564323
-8388.296769654366,8416.616429879241,1731451514.4602404
-8354.813856460316,8439.99635457949,1731451514.4652498
-8374.237522391979,8434.85545335477,1731451514.4702995
-8418.538679902396,8413.889517055693,1731451514.4743905
-8411.967267032536,8414.560069389352,1731451514.4778972
-8364.738030998473,8429.379275963222,1731451514.4833195
-8359.12774314019,8426.1382730172,1731451514.4875453
-8401.66311283864,8403.987694261992,1731451514.4903295
-8425.154796261168,8396.544563358375,1731451514.4943564
-8387.603865576251,8407.94395303058,1731451514.4984477
-8352.913958181614,8438.007049322969,1731451514.5013845
-8395.941066258081,8439.81754062385,1731451514.5052938
-8421.2879444704,8425.892403828193,1731451514.508489
-8378.1267259272,8431.3909329642,1731451514.5123086
-8357.294900094856,8425.221851494534,1731451514.5162923
-8399.271476181922,8395.80695579135,1731451514.520346
-8426.294735228388,8403.719473328529,1731451514.5243723
-8391.09073771128,8442.030363324924,1731451514.527492
-8357.250196605944,8447.1936162941,1731451514.5325017
-8377.791449760372,8431.055656797369,1731451514.5365508
-8402.400720405665,8406.848717552271,1731451514.5405347
-8378.238484649479,8412.257839710455,1731451514.544546
-8365.497990309954,8444.690220915107,1731451514.5487597
-8404.85941229575,8451.574558207341,1731451514.5534575
-8439.795188879394,8420.103302014268,1731451514.5574284
-8411.09554899878,8418.382217691209,1731451514.5613542
-8363.352222842244,8428.351095718277,1731451514.565353
-8380.428955606098,8412.503708899463,1731451514.5695317
-8427.658191640163,8395.695197069073,1731451514.5735588
-8425.199499750079,8404.412377406643,1731451514.5799828
-8377.299711382355,8435.503653943975,1731451514.5813663
-8373.768135758417,8434.095494043291,1731451514.5844698
-8415.23062172301,8408.480394897508,1731451514.5884657
-8409.419168164632,8395.449327880064,1731451514.5924475
-8342.118065609702,8396.008121491448,1731451514.5964663
-8359.999461173948,8375.13159217019,1731451514.6005113
-8391.80599353385,8364.55921704283,1731451514.604519
-8410.134423987201,8390.978978989004,1731451514.6086216
-8403.048920994868,8445.114904059757,1731451514.6115904
-8386.083946953291,8461.699898445595,1731451514.6173265
-8463.353927535287,8395.449327880064,1731451514.6208196
-8504.771710010971,8355.439705305065,1731451514.6246245
-8403.115976228235,8418.605735135763,1731451514.6287096
-8324.259021789912,8477.837857942326,1731451514.6326964
-8366.816743232815,8442.790322636405,1731451514.63651
-8416.102339756768,8411.47552865452,1731451514.6418457
-8399.047958737368,8418.605735135763,1731451514.6455193
-8361.206455374535,8432.039133553402,1731451514.649592
-8384.742842285972,8421.109130514757,1731451514.6537232
-8426.85352883977,8392.320083656321,1731451514.6576364
-8401.819575049827,8389.481412110497,1731451514.6615624
-8367.576702544296,8398.958551759548,1731451514.6647525
-8394.197630190567,8411.47552865452,1731451514.6677368
-8431.81561610885,8395.00229299096,1731451514.6724796
-8438.722305145538,8386.910961498137,1731451514.6771655
-8379.356071872244,8415.565897889841,1731451514.6810768
-8375.355109614744,8396.85748778075,1731451514.684614
-8435.973040577537,8363.888664709171,1731451514.6879215
-8403.89828728417,8372.762307257928,1731451514.6918373
-8342.02865863188,8416.437615923598,1731451514.69561
-8365.006251931936,8463.778610679938,1731451514.699669
-8424.774816605428,8454.346174519798,1731451514.70372
-8435.011915565958,8441.829197624827,1731451514.7093115
-8399.1820692041,8434.006087065469,1731451514.7134397
-8352.89160643716,8434.520177187942,1731451514.71681
-8371.890589224171,8404.300618684367,1731451514.720733
-8408.346284430776,8380.853638750748,1731451514.7248056
-8391.314255155832,8413.330723444311,1731451514.729633
-8376.875028237704,8451.887482629714,1731451514.7331336
-8428.485206185009,8435.302488243877,1731451514.7376626
-8449.965232606559,8416.527022901419,1731451514.7419512
-8409.66503735364,8418.359865946753,1731451514.7462444
-8357.853693706238,8433.179072520623,1731451514.7489169
-8367.286129866377,8408.346284430776,1731451514.7518373
-8440.085761557313,8385.592208575274,1731451514.7556896
-8445.807808137872,8418.583383391308,1731451514.7598245
-8379.154906172145,8436.308316744366,1731451514.7642348
-8373.723432269506,8424.014857293947,1731451514.769343
-8430.742732374994,8403.764176817438,1731451514.77233
-8453.362697763765,8405.909944285148,1731451514.7762415
-8412.436653666098,8396.991598247481,1731451514.779821
-8388.632045821196,8395.51638311343,1731451514.7839184
-8398.869144781727,8418.181051991112,1731451514.7877777
-8437.00122082248,8396.812784291838,1731451514.7928927
-8390.867220266726,8405.507612884952,1731451514.7967389
-8345.426123789088,8417.2869822129,1731451514.8015304
-8389.101432454758,8382.37355737371,1731451514.8047729
-8451.999241351992,8387.626217320707,1731451514.8090963
-8428.731075374017,8417.62225837973,1731451514.8137224
-8366.839094977271,8394.510554612942,1731451514.818
-8359.798295473849,8336.373667284688,1731451514.821788
-8431.279174241921,8338.430027774577,1731451514.8247752
-8421.198537492579,8428.976944563025,1731451514.8279064
-8373.768135758417,8463.175113579646,1731451514.8318396
-8420.170357247634,8435.995392321991,1731451514.836418
-8431.748560875483,8412.99544727748,1731451514.8398771
-8435.14602603269,8402.534830872397,1731451514.843953
-8360.066516407314,8403.942990773081,1731451514.8497896
-8348.197740101545,8384.541676585875,1731451514.852
-8375.84684799276,8358.501894295441,1731451514.855834
-8406.781662318905,8334.116141094702,1731451514.8610504
-8434.85545335477,8371.510609568431,1731451514.8638294
-8424.305429971866,8415.118863000735,1731451514.867817
-8462.795133923904,8421.176185748123,1731451514.8726115
-8460.179979822633,8409.866203053738,1731451514.8760712
-8411.721397843528,8396.119880213724,1731451514.882007
-8389.481412110497,8395.672845324618,1731451514.8848877
-8410.603810620763,8386.575685331307,1731451514.8889663
-8377.366766615722,8364.782734487384,1731451514.8929603
-8320.347466510233,8371.08592642378,1731451514.8983212
-8406.42403440762,8402.266609938933,1731451514.9019525
-8441.404514480177,8428.529909673918,1731451514.9049551
-8442.790322636405,8408.212173964044,1731451514.9080637
-8455.91079663167,8423.925450316126,1731451514.9112682
-8407.51926988593,8428.19463350709,1731451514.9151928
-8423.23254623801,8391.71658655603,1731451514.920142
-8441.270404013445,8337.692420207552,1731451514.9242153
-8359.84299896276,8348.398905801643,1731451514.9282193
-8278.214428211979,8388.453231865553,1731451514.931537
-8388.52028709892,8404.56883961783,1731451514.935668
-8503.83293674385,8420.863261325749,1731451514.9391465
-8526.63171608826,8370.795353745862,1731451514.9440277
-8389.57081908832,8365.788562987873,1731451514.9485333
-8271.419497897567,8345.470827277997,1731451514.9521503
-8385.94983648656,8383.558199829842,1731451514.9568756
-8441.829197624827,8485.079823145847,1731451514.9601011
-8426.518252672942,8510.381997869254,1731451514.9640768
-8390.487240610986,8471.445259028109,1731451514.9692087
-8444.243186026,8429.915717830148,1731451514.9730303
-8466.282006058933,8408.2345257085,1731451514.97744
-8347.41542904561,8397.349226158765,1731451514.9810102
-8240.663497527063,8340.531091753375,1731451514.9840136
-8405.798185562871,8340.955774898026,1731451514.9880235
-8457.207197810078,8459.10709608878,1731451514.9919815
-8448.110037816768,8472.29462531741,1731451514.9950953
-8429.491034685498,8442.678563914129,1731451514.999199
-8412.66017111065,8406.446386152076,1731451515.0031304
-8372.047051435358,8371.488257823976,1731451515.0081868
-8319.162824054101,8335.45724576202,1731451515.0111697
-8378.37259511621,8380.339548628277,1731451515.015129
-8448.869997128248,8496.54626805142,1731451515.0191116
-8460.738773434017,8477.927264920148,1731451515.0251555
-8485.43745105713,8458.324785032843,1731451515.028136
-8414.76123508945,8463.15276183519,1731451515.031386
-8398.37740640371,8456.894273387703,1731451515.0363483
-8405.909944285148,8422.651400882174,1731451515.0405438
-8385.502801597453,8372.292920624366,1731451515.0441282
-8350.231748846978,8385.413394619633,1731451515.0481849
-8382.597074818263,8443.81850288135,1731451515.0522084
-8445.070200570846,8470.43943052762,1731451515.0572395
-8459.509427488974,8473.568674751363,1731451515.0614808
-8352.086943636768,8426.406493950664,1731451515.0653155
-8362.815780975316,8391.783641789394,1731451515.0681603
-8449.76406690646,8304.187155269046,1731451515.0712533
-8476.139125363723,8367.107315910735,1731451515.0753143
-8388.18501093209,8526.005867243513,1731451515.0792532
-8305.438852958543,8531.750265568528,1731451515.0832458
-8446.187787793611,8490.891276704226,1731451515.0871844
-8421.489110170498,8505.643428044728,1731451515.0913315
-8402.534830872397,8483.403442311697,1731451515.0943422
-8281.254265457901,8448.601776194784,1731451515.09935
-8230.96284043346,8422.450235182076,1731451515.1032667
-8412.816633321838,8407.787490819393,1731451515.107328
-8466.460820014576,8409.307409442355,1731451515.1113017
-8411.319066443333,8484.588084767829,1731451515.1155243
-8389.66022606614,8427.881709084715,1731451515.119736
-8433.24612775399,8391.604827833751,1731451515.1243422
-8279.242608456923,8427.926412573626,1731451515.1282656
-8282.103631747203,8385.61456031973,1731451515.1322367
-8475.2003520966,8288.652692872607,1731451515.136317
-8492.813526727383,8479.894218432215,1731451515.141708
-8363.888664709171,8633.115426673345,1731451515.1452568
-8265.518637361365,8531.68321033516,1731451515.148296
-8334.943155639548,8460.67171820065,1731451515.1514337
-8419.05277002487,8446.523063960442,1731451515.154296
-8453.362697763765,8399.539697115386,1731451515.1594863
-8400.32200817132,8443.013840080957,1731451515.1633103
-8202.978456375415,8518.763902039993,1731451515.167292
-8308.07635880427,8533.40429465822,1731451515.1713789
-8503.028273943457,8467.95838689308,1731451515.1753087
-8533.694867336138,8458.682412944128,1731451515.1783328
-8402.065444238835,8520.529689851963,1731451515.1823227
-8431.279174241921,8477.860209686782,1731451515.1881547
-8502.894163476725,8399.919676771126,1731451515.1913016
-8430.630973652718,8178.525647941309,1731451515.1953444
-8202.553773230764,8314.93834435205,1731451515.1994371
-8216.724779215428,8615.502252042563,1731451515.2034216
-8448.646479683695,8532.73374232456,1731451515.208458
-8413.800110077871,8537.36055342681,1731451515.2152324
-8426.697066628583,8526.966992255091,1731451515.216436
-8335.278431806379,8432.150892275678,1731451515.2205348
-8432.217947509045,8381.926522484604,1731451515.2244604
-8480.743584721517,8511.119605436279,1731451515.2283926
-8351.706963981029,8581.706414426139,1731451515.2315323
-8339.547614997342,8526.028218987969,1731451515.2344348
-8291.223143484967,8434.721342888039,1731451515.2399397
-8264.311643160778,8285.523448648864,1731451515.2424605
-8390.80016503336,8027.941945545906,1731451515.2476952
-8382.641778307174,8374.483391580987,1731451515.251621
-8392.655359823151,8663.312633432464,1731451515.2544725
-8448.780590150427,8667.894741045802,1731451515.2584932
-8318.73814090945,8541.853254062326,1731451515.2625616
-8304.276562246867,8377.858504993737,1731451515.2665415
-8477.837857942326,8359.798295473849,1731451515.2714186
-8419.94683980308,8477.480230031042,1731451515.2754822
-8323.655524689619,8448.825293639338,1731451515.280849
-8217.931773416016,8513.73475953755,1731451515.2835996
-8208.700502955973,8425.065389283347,1731451515.2875338
-8333.467940505498,8363.776905986895,1731451515.2914443
-8486.756203979994,8511.723102536573,1731451515.2964506
-8462.683375201628,8496.00982618449,1731451515.301091
-8379.423127105609,8504.324675121865,1731451515.3045175
-8418.203403735568,8554.191417001655,1731451515.3086088
-8349.203568602034,8477.703747475594,1731451515.313666
-8123.875632748084,8245.223253395945,1731451515.3158512
-8240.954070204982,8264.49045711642,1731451515.3188248
-8458.525950732941,8605.756891460049,1731451515.3233497
-8388.743804543472,8803.547478145061,1731451515.3267212
-8404.971171018025,8681.395194696808,1731451515.330768
-8381.077156195302,8592.994045376068,1731451515.3356478
-8360.424144318598,8529.090407978345,1731451515.338658
-8315.854765874716,8454.413229753165,1731451515.3426352
-8246.720820274451,8426.115921272745,1731451515.3464088
-8320.973315354982,8491.673587760162,1731451515.3506756
-8576.185533545677,8517.78042528396,1731451515.3548038
-8394.197630190567,8491.517125548975,1731451515.3596692
-8399.785566304394,8379.713699783528,1731451515.363563
-8393.392967390177,8595.542144243973,1731451515.3677852
-8223.966744418949,8624.80057773597,1731451515.3715994
-8256.019145967859,8568.496533453052,1731451515.376465
-8405.99935126297,8596.659731466738,1731451515.3806765
-8220.234003094913,8601.644170480273,1731451515.3845994
-8284.942303293026,8498.937904708137,1731451515.3896718
-8559.153504270733,8285.97048353797,1731451515.391624
-8248.911291231072,8564.540274684463,1731451515.3953671
-8227.945354931993,8701.95879959569,1731451515.3987875
-8361.675842008095,8679.76351735157,1731451515.4061673
-8420.95266830357,8548.782294843471,1731451515.4086597
-8271.575960108752,8632.556633061962,1731451515.4117212
-8206.688845954997,8553.051478034435,1731451515.4160364
-8408.301580941867,8538.992230772046,1731451515.4187348
-8390.934275500093,8649.320441403443,1731451515.4216845
-8441.583328435818,8677.57304639495,1731451515.4263597
-8218.110587371659,8646.347659390887,1731451515.4308493
-8070.589073966632,8608.41674905023,1731451515.434713
-8571.514018954518,8577.548989957451,1731451515.4387443
-8520.417931129687,8571.066984065412,1731451515.4428327
-8386.866258009226,8598.224353578611,1731451515.4477282
-8369.431897334087,8548.134094254267,1731451515.45172
-8441.806845880372,8344.867330177705,1731451515.4568813
-8270.234855441435,8446.590119193806,1731451515.459911
-8182.90658985455,8820.803024864557,1731451515.4641056
-8178.436240963489,8702.741110651627,1731451515.4689815
-8327.745893924939,8548.31290820991,1731451515.4727192
-8371.309443868333,8574.151524800245,1731451515.4762156
-8222.022142651336,8634.456531340664,1731451515.4788663
-8281.701300347007,8620.777263734015,1731451515.4833007
-8409.37446467572,8676.880142316835,1731451515.4871435
-8405.753482073962,8625.292316113988,1731451515.4909797
-8369.297786867355,8611.2330688516,1731451515.4954965
-8358.658356506628,8630.097941171878,1731451515.4980335
-8338.519434752398,8548.02233553199,1731451515.5021825
-8367.107315910735,8514.897050249225,1731451515.5060077
-8046.4491899549,8623.884156213302,1731451515.5104516
-8312.16672803959,8652.0920577159,1731451515.514936
-8500.100195419813,8665.726621833637,1731451515.5182867
-8406.669903596629,8630.544976060984,1731451515.5230744
-8314.759530396406,8648.918110003247,1731451515.5271633
-8309.417463471587,8629.963830705146,1731451515.531252
-8342.185120843067,8617.223336365621,1731451515.5361388
-8263.484628615932,8621.17959513421,1731451515.540874
-8203.850174409172,8525.49177712104,1731451515.5450566
-8427.591136406796,8581.639359192772,1731451515.547968
-8251.839369754716,8711.033607844545,1731451515.5520308
-8403.80888030635,8701.332950750942,1731451515.5572684
-8486.331520835343,8650.415676881752,1731451515.5595825
-8411.162604232146,8606.963885660636,1731451515.5621183
-8276.761564822384,8656.562406606961,1731451515.5661907
-8305.997646569926,8622.94538294618,1731451515.5704792
-8306.243515758933,8612.596525263372,1731451515.5751593
-8329.377571270177,8521.870794519282,1731451515.5786707
-8137.554900354732,8470.059450871879,1731451515.582619
-8151.055354005737,8684.971473809657,1731451515.5862432
-8489.684282503638,8735.374657556375,1731451515.590741
-8354.478580293488,8674.823781826948,1731451515.5941284
-8277.677986345052,8659.311671174964,1731451515.5983508
-8287.423346927566,8715.928639880258,1731451515.6036031
-8471.892293917215,8633.94244121819,1731451515.6077683
-8373.768135758417,8631.148473161278,1731451515.6112645
-8267.664404829075,8636.669354041738,1731451515.6151698
-8336.239556817956,8632.444874339686,1731451515.6192172
-8309.350408238222,8613.200022363666,1731451515.624196
-8267.73146006244,8621.60427827886,1731451515.6282053
-8290.843163829228,8619.413807322242,1731451515.6327064
-8356.020850660903,8626.454606825662,1731451515.635148
-8396.455156380553,8585.327397027899,1731451515.6393096
-8275.219294454968,8565.16612352921,1731451515.6421795
-8172.937711827482,8546.97180354259,1731451515.6460247
-8244.195073151002,8628.175691148721,1731451515.6502087
-8429.491034685498,8673.348566692897,1731451515.65412
-8530.967954512591,8666.575988122939,1731451515.6592236
-8363.03929841987,8669.28054920203,1731451515.6621892
-8318.425216487076,8631.841377239392,1731451515.6662996
-8358.524246039897,8549.45284717713,1731451515.6702883
-8348.711830224018,8508.035064701446,1731451515.6740758
-8293.145393508124,8644.738333790105,1731451515.6782756
-8255.750925034396,8598.961961145635,1731451515.682259
-8189.209781790946,8640.022115710035,1731451515.6871636
-8203.96193313145,8563.98148107308,1731451515.6913853
-8381.188914917579,8640.312688387954,1731451515.695297
-8385.435746364086,8643.084304700411,1731451515.6993797
-8392.096566211769,8621.626630023316,1731451515.7033696
-8381.814763762328,8587.31670228442,1731451515.7073288
-8336.552481240331,8593.776356432005,1731451515.7122133
-8347.638946490162,8543.708448852116,1731451515.716405
-8252.912253488572,8529.090407978345,1731451515.7194052
-8084.98359739585,8604.773414704016,1731451515.7233264
-8503.095329176824,8543.59669012984,1731451515.7263875
-8351.550501769842,8603.141737358777,1731451515.730222
-8302.778995368362,8620.531394545007,1731451515.7343645
-8154.989261029871,8562.238045005566,1731451515.738156
-8258.857817513683,8555.800742602438,1731451515.7424204
-8515.92523049417,8637.742237775594,1731451515.7452693
-8371.3764991017,8512.728931037062,1731451515.7492423
-8218.19999434948,8456.290776287411,1731451515.7542665
-8274.884018288138,8619.972600933625,1731451515.758338
-8319.83337638776,8697.466098960174,1731451515.7621436
-8412.168432732635,8625.068798669434,1731451515.7663524
-8185.521743955821,8517.109872950301,1731451515.7703404
-8384.876952752704,8533.806626058415,1731451515.7764037
-8505.330503622354,8581.237027792577,1731451515.7791903
-8309.618629171686,8618.899717199769,1731451515.7833738
-8299.73915812244,8593.239914565076,1731451515.787197
-8286.998663782915,8560.36049847132,1731451515.79146
-8132.481054363377,8541.249756962032,1731451515.7962267
-8295.514678420386,8515.858175260804,1731451515.7994587
-8378.75257477195,8535.706524337116,1731451515.8024528
-8326.74006542445,8548.178797743178,1731451515.806466
-8344.599109244242,8562.148638027744,1731451515.81033
-8330.02577185938,8555.778390857982,1731451515.8143528
-8391.381310389199,8518.11570145079,1731451515.8184423
-8401.976037261014,8524.955335254113,1731451515.8213103
-8361.407621074632,8511.164308925188,1731451515.8254488
-8245.849102240694,8552.582091400873,1731451515.829321
-8245.022087695848,8470.372375294253,1731451515.8335097
-8189.8356306356945,8535.25948944801,1731451515.8382983
-8363.553388542341,8605.622780993317,1731451515.8424723
-8254.834503511727,8604.862821681836,1731451515.8463118
-8382.060632951336,8593.150507587256,1731451515.850494
-8302.935457579548,8561.388678716265,1731451515.854257
-8283.511791647887,8529.001001000524,1731451515.8595052
-8298.196887755024,8523.815396286893,1731451515.8633046
-8407.116938485735,8460.068221100357,1731451515.8675487
-8309.68568440505,8494.087576161335,1731451515.8714783
-8244.128017917636,8517.691018306139,1731451515.875518
-8373.566970058318,8518.652143317717,1731451515.8793116
-8250.92294823205,8574.777373644993,1731451515.882495
-8221.776273462328,8558.88528333727,1731451515.885429
-8347.974222656992,8555.241948991055,1731451515.889586
-8338.497083007942,8557.49947518104,1731451515.8936317
-8369.543656056363,8550.056344277424,1731451515.8985848
-8358.300728595344,8526.363495154797,1731451515.9025426
-8268.580826351741,8497.216820385078,1731451515.9055195
-8291.111384762691,8450.836950640316,1731451515.9095848
-8452.468627985552,8500.167250653178,1731451515.9275985
-8281.92481779156,8533.694867336138,1731451515.930616
-8359.50772279593,8522.92132650868,1731451515.9344928
-8314.759530396406,8429.088703285302,1731451515.9384637
-8229.733494488419,8497.01565468498,1731451515.942614
-8160.621900632608,8607.567382760928,1731451515.9455705
-8391.828345278305,8482.509372533486,1731451515.9496827
-8446.456008727075,8446.746581404994,1731451515.952644
-8282.416556169577,8569.144734042256,1731451515.9556136
-8115.381969855067,8468.606587482285,1731451515.959654
-8326.02480960188,8472.071107872856,1731451515.9625387
-8438.1411597897,8507.63273330125,1731451515.965705
-8305.416501214087,8521.133186952256,1731451515.9687748
-8160.599548888154,8494.668721517173,1731451515.9726143
-8165.963967557427,8368.89545546716,1731451515.9756205
-8375.958606715038,8370.013042689925,1731451515.978542
-8428.440502696098,8610.875440940314,1731451515.9825304
-8345.537882511364,8550.033992532968,1731451515.9857526
-8317.799367642328,8492.411195327186,1731451515.988566
-8290.776108595861,8448.2441482835,1731451515.992686
-8270.704242074997,8455.1955408091,1731451515.9955764
-8289.077376017258,8467.041965370414,1731451515.9987123
-8361.787600730373,8373.723432269506,1731451516.002718
-8275.01812875487,8355.931443683081,1731451516.0055523
-8389.436708621586,8498.669683774673,1731451516.0097094
-8149.1554557270365,8412.168432732635,1731451516.014834
-8334.384362028166,8517.042817716934,1731451516.0187626
-8372.27056887991,8514.360608382298,1731451516.0227554
-8159.5490168987535,8383.80406901885,1731451516.0267465
-8290.150259751113,8434.453121954575,1731451516.0308082
-8285.948131793515,8549.899882066236,1731451516.0356507
-8342.051010376335,8449.071162828346,1731451516.0397725
-8356.959623928025,8426.182976506112,1731451516.0427344
-8344.152074355135,8449.004107594981,1731451516.0466657
-8236.863700969661,8383.155868429645,1731451516.0497804
-8194.685959182496,8286.998663782915,1731451516.0536304
-8458.39184026621,8477.72609922005,1731451516.0577872
-8350.835245947272,8483.805773711894,1731451516.061793
-8320.101597321225,8420.99737179248,1731451516.0658786
-8177.788040374285,8443.57263369234,1731451516.0688689
-8069.896169888517,8391.00133073346,1731451516.072742
-8388.56499058783,8426.406493950664,1731451516.0778491
-8439.683430157118,8468.338366548822,1731451516.081834
-8326.002457857425,8421.2879444704,1731451516.0857296
-8314.200736785024,8401.484298882997,1731451516.0898497
-8359.75359198494,8371.197685146057,1731451516.093794
-8313.776053640373,8358.166618128613,1731451516.097828
-8150.474208649899,8333.087960849758,1731451516.102887
-8324.191966556546,8354.880911693683,1731451516.105914
-8430.809787608361,8442.075066813835,1731451516.1108427
-8181.140802042581,8411.587287376797,1731451516.114793
-8249.224215653447,8359.641833262664,1731451516.1198237
-8161.895950066561,8340.687553964563,1731451516.1228335
-8245.737343518418,8347.79540870135,1731451516.125883
-8363.709850753528,8320.392169999144,1731451516.128743
-8297.056948787804,8356.266719849911,1731451516.1329477
-8368.917807211616,8379.512534083431,1731451516.1377757
-8167.014499546826,8356.445533805554,1731451516.1423154
-8346.901338923137,8426.920584073137,1731451516.145743
-8355.529112282886,8378.618464305218,1731451516.1492016
-8363.955719942536,8369.141324656168,1731451516.1529684
-8319.654562432119,8332.462112005009,1731451516.1579072
-8170.657833893041,8246.58670980772,1731451516.1618793
-8328.438798003053,8366.906150210638,1731451516.1657388
-8300.432062200554,8398.310351170343,1731451516.1707945
-8280.561361379787,8326.203623557523,1731451516.1749156
-8350.477618035986,8345.202606344534,1731451516.1788056
-8252.01818371036,8306.623495414675,1731451516.1829607
-8134.045676475249,8217.350628060178,1731451516.1869144
-8308.411634971098,8282.863591058684,1731451516.1909995
-8426.786473606406,8366.3250048548,1731451516.1940427
-8265.965672250471,8382.41826086262,1731451516.196959
-8293.815945841783,8318.671085676086,1731451516.201038
-8198.977494117915,8257.293195401811,1731451516.2048995
-8238.338916103712,8265.183361194535,1731451516.2099967
-8359.485371051476,8272.268864186868,1731451516.2139716
-8153.402287173544,8165.226359990402,1731451516.216997
-8246.92198597455,8264.378698394145,1731451516.221985
-8459.040040855412,8401.707816327551,1731451516.22514
-8327.79059741385,8329.55638522582,1731451516.2288358
-8203.403139520065,8254.856855256183,1731451516.2330508
-8262.903483260094,8186.214648033935,1731451516.2378757
-8270.391317652622,8271.01716649737,1731451516.242035
-8336.775998684883,8381.255970150945,1731451516.245891
-8267.127962962146,8314.580716440763,1731451516.250059
-8222.357418818166,8210.063959367748,1731451516.2539878
-8364.425106576098,8225.933697931016,1731451516.2601488
-8377.187952660079,8271.754774064395,1731451516.264103
-8223.318543829744,8208.722854700429,1731451516.268217
-8196.541153972286,8188.1368980570915,1731451516.2709308
-8174.681147894997,8172.200104260458,1731451516.27519
-8361.2735106079,8245.044439440304,1731451516.281181
-8396.902191269659,8290.35142545121,1731451516.284078
-8234.539119546309,8248.128980175135,1731451516.2880127
-8192.71900567043,8129.664734562009,1731451516.2921364
-8412.324894943822,8183.197162532469,1731451516.2971811
-8372.069403179814,8275.152239221601,1731451516.3001533
-8269.139619963124,8288.049195772313,1731451516.3031688
-8275.107535732692,8227.967706676449,1731451516.307242
-8303.784823868851,8199.536287729297,1731451516.310217
-8104.004931927316,8212.880279169116,1731451516.3129556
-8207.3370465442,8128.904775250528,1731451516.3171687
-8330.964545126504,8105.055463916715,1731451516.3212016
-8231.901613700582,8152.776438328796,1731451516.3261805
-8264.937492005527,8282.707128847496,1731451516.330078
-8338.854710919228,8219.205822849968,1731451516.3342383
-8338.36297254121,8174.547037428265,1731451516.33804
-8267.038555984325,8221.552756017776,1731451516.342228
-8257.337898890722,8222.33506707371,1731451516.3472157
-8317.464091475498,8190.103851569159,1731451516.351307
-8152.910548795528,8172.513028682832,1731451516.3541284
-8375.600978803752,8114.242030887846,1731451516.358213
-8397.438633136588,8140.237109689368,1731451516.3612533
-8251.191169165513,8189.90268586906,1731451516.3652403
-8249.559491820275,8193.836592893194,1731451516.3690755
-8252.264052899367,8124.188557170458,1731451516.373305
-8320.45922523251,8166.52276116881,1731451516.3763268
-8252.82284651075,8190.595589947175,1731451516.380345
-8207.314694799745,8212.656761724564,1731451516.384226
-8334.719638194996,8170.300205981756,1731451516.3881123
-8287.132774249647,8130.245879917847,1731451516.393316
-8286.26105621589,8165.896912324061,1731451516.3972883
-8367.308481610833,8117.393626856045,1731451516.401404
-8272.335919420233,8081.429670027455,1731451516.4051886
-8086.727033463363,8175.754031628851,1731451516.4092925
-8154.609281374131,8180.04556656427,1731451516.414319
-8237.15427364758,8127.98835372786,1731451516.418332
-8468.159552593179,8208.409930278056,1731451516.4223664
-8390.263723166434,8164.175828001003,1731451516.426378
-8245.87145398515,8154.028136018293,1731451516.4314227
-8244.35153536219,8161.80654308874,1731451516.434393
-8304.589486669242,8140.3712201561,1731451516.437219
-8354.947966927048,8124.970868226394,1731451516.440436
-8265.473933872454,8111.202193641925,1731451516.4442155
-8289.457355673,8134.51506310881,1731451516.4493709
-8127.630725816575,8158.252615720346,1731451516.4534097
-8286.551628893809,8104.094338905137,1731451516.457408
-8432.53087193142,8125.529661837776,1731451516.4604037
-8249.112456931169,8156.509179652832,1731451516.4644656
-8267.77616355135,8106.731844750863,1731451516.4684963
-8282.841239314228,8011.893393026995,1731451516.4724193
-8255.974442478948,8062.296576773713,1731451516.4774055
-8321.554460710819,8208.029950622315,1731451516.4814472
-8258.142561691113,8181.207857275946,1731451516.4853034
-8232.460407311966,8129.307106650724,1731451516.488283
-8338.139455096658,8106.150699395025,1731451516.493545
-8231.611041022663,8064.621158197065,1731451516.4985237
-8171.484848437888,8042.02354455275,1731451516.502568
-8334.205548072523,7973.426040819412,1731451516.5065284
-8283.154163736603,8150.228339460891,1731451516.5104911
-8350.70113548054,8208.946372144983,1731451516.5145228
-8264.043422227314,8128.860071761617,1731451516.5174334
-8320.995667099436,8074.880608902051,1731451516.52351
-8312.099672806224,8079.641530471031,1731451516.5265503
-8197.703444683963,8102.820289471185,1731451516.5294473
-8178.547999685765,8062.318928518168,1731451516.5335376
-8253.895730244605,8049.556082434187,1731451516.5374455
-8301.393187212132,8077.071079858671,1731451516.540543
-8393.415319134632,8111.828042486673,1731451516.5445387
-8334.98785912846,8118.533565823265,1731451516.548565
-8247.838407497216,8089.409242798,1731451516.5525494
-8294.821774342272,8061.938948862428,1731451516.556612
-8274.191114210023,8062.9894808518275,1731451516.560511
-8220.09989262818,8078.903922904006,1731451516.565445
-8349.427086046588,7964.954729670851,1731451516.5695508
-8296.766376109885,7952.393049286968,1731451516.5735564
-8166.18748500198,8102.4626615599,1731451516.577599
-8118.310048378712,8127.004876971827,1731451516.581643
-8290.083204517747,8107.961190695905,1731451516.5866525
-8414.51536590044,8076.400527525012,1731451516.590667
-8382.3288538848,8024.656239110976,1731451516.5943809
-8150.965947027916,7959.255034834748,1731451516.597657
-8023.1363204880145,8022.689285598909,1731451516.6015506
-8465.075011858346,8041.554157919188,1731451516.604528
-8400.590229104786,8111.448062830933,1731451516.6086707
-8308.970428582481,8120.053484446226,1731451516.612527
-8254.186302922524,8103.26732436029,1731451516.6166492
-8262.232930926435,8066.856332642596,1731451516.6205976
-8226.134863631114,8029.3501054465905,1731451516.623652
-8299.537992422342,7998.303532398168,1731451516.6276853
-8324.236670045457,7984.959540958351,1731451516.6337464
-8391.761290044939,8053.110009802582,1731451516.6367245
-8321.532108966365,8053.69115515842,1731451516.6407287
-8248.888939486616,7992.648541050976,1731451516.6447444
-8080.580303738154,7852.07842017155,1731451516.6488876
-8124.769702526296,8019.470634397345,1731451516.6535337
-8352.198702359045,8179.66558690853,1731451516.657791
-8401.439595394088,8060.97782385085,1731451516.6618533
-8284.808192826295,8043.588166664621,1731451516.6656675
-8281.12015499117,8040.548329418699,1731451516.669739
-8258.343727391211,7956.19284584437,1731451516.6749487
-8140.728848067385,7988.804041004663,1731451516.6778316
-8264.803381538795,8043.699925386897,1731451516.6807852
-8282.528314891853,8007.758320302763,1731451516.6849566
-8282.461259658487,8013.435663394412,1731451516.6887414
-8381.255970150945,7897.273647460181,1731451516.6927884
-8216.702427470975,8004.070282467638,1731451516.6965804
-8183.174810788013,8101.4344813149555,1731451516.7008262
-8346.744876711951,8038.268451484258,1731451516.7036002
-8402.154851216657,8027.696076356898,1731451516.7078164
-8216.76948270434,7988.111136926549,1731451516.7117803
-8282.841239314228,7985.96536945884,1731451516.7157955
-8203.917229642539,7967.8381047055855,1731451516.7207124
-8248.44190459751,7950.269633563714,1731451516.7248557
-8372.248217135455,8038.044934039704,1731451516.7278438
-8309.708036149506,7989.318131127135,1731451516.73286
-8347.706001723529,7936.188034556871,1731451516.736757
-8271.128925219647,7874.944254749329,1731451516.739952
-8073.718318190375,7972.286101852192,1731451516.745725
-8294.195925497523,8118.712379778908,1731451516.7498746
-8403.115976228235,8061.156637806492,1731451516.7529056
-8333.31147829431,8016.520204129244,1731451516.7569232
-8293.950056308515,8004.092634212093,1731451516.759992
-8229.711142743963,7976.018843176227,1731451516.7639031
-8203.559601731253,7933.461121733323,1731451516.7708094
-8273.20763745399,7967.525180283211,1731451516.774
-8333.266774805401,8013.368608161046,1731451516.777876
-8232.661573012063,7983.283160124202,1731451516.7807631
-8084.98359739585,7921.011200071717,1731451516.783912
-8420.036246780903,7975.2365321202915,1731451516.7877712
-8393.728243557005,7983.707843268853,1731451516.791954
-8289.502059161909,7990.01103520525,1731451516.7957883
-8236.05903816927,8036.592070650109,1731451516.7999506
-8274.63814909913,7991.10627068356,1731451516.8047917
-8289.524410906364,7956.3940115444675,1731451516.808856
-8135.163263698014,7952.705973709342,1731451516.812786
-8212.3885407911,7901.855755073519,1731451516.8159206
-8290.194963240023,7812.001742363184,1731451516.820856
-8024.1868524774145,7940.725438681297,1731451516.824866
-8435.727171388527,8091.756175965807,1731451516.82989
-8388.632045821196,8041.241233496814,1731451516.8340542
-8298.196887755024,7996.96242773085,1731451516.8368044
-8337.334792296266,7973.62720651951,1731451516.8400145
-8261.025936725848,7964.485343037289,1731451516.8440115
-8164.086421023181,7944.435828260878,1731451516.8480616
-8316.346504252733,7892.624484613477,1731451516.8520896
-8383.446441107564,7903.778005096675,1731451516.8560455
-8314.200736785024,7903.867412074496,1731451516.861026
-8176.692804895974,7936.612717701521,1731451516.8640132
-8248.285442386323,7985.026596191717,1731451516.8670778
-8332.84209166075,7996.828317264119,1731451516.8720584
-8317.777015897873,7925.906232107429,1731451516.8761275
-8219.272878083335,7843.472998556256,1731451516.8800554
-8179.531476441798,7920.094778549049,1731451516.8840904
-8307.428158215065,7959.43384879039,1731451516.8879237
-8335.88192890667,7965.379412815501,1731451516.8921788
-8187.980435845904,7954.3376510545795,1731451516.8970969
-8052.148884791003,7799.797689890586,1731451516.9011035
-8228.995886921393,7890.65753110141,1731451516.9049437
-8271.084221730736,7951.655441719943,1731451516.9091413
-8466.639633970217,8055.702812159398,1731451516.9141176
-8334.98785912846,8005.120814457037,1731451516.918166
-8299.359178466699,7933.796397900152,1731451516.920988
-8223.162081618557,7930.041304831661,1731451516.9241743
-8275.77808806635,7852.301937616103,1731451516.9282603
-8243.256299883878,7843.40594332289,1731451516.935066
-8198.552810973264,7987.999378204272,1731451516.939181
-8372.024699690903,7887.7741560666755,1731451516.9422271
-8309.819794871783,7893.51855439169,1731451516.945017
-8273.386451409633,7878.945217006829,1731451516.9480703
-8230.448750310989,7944.167607327415,1731451516.9522874
-8231.119302644647,7947.632127717988,1731451516.9550557
-8350.030583146881,7845.484655557234,1731451516.960213
-8231.700448000485,7953.778857443197,1731451516.9641857
-8188.539229457288,7965.535875026689,1731451516.9682207
-8284.003530025904,7936.277441534691,1731451516.972093
-8292.296027218823,7923.782816384175,1731451516.9761286
-8182.101927054158,7914.149214523937,1731451516.981143
-8273.095878731714,7877.358243150502,1731451516.985096
-8335.88192890667,7859.812123753086,1731451516.9891665
-8252.576977321742,7790.119384541439,1731451516.9930887
-8255.035669211826,7833.347658318003,1731451516.9972818
-8225.039628152803,8034.803931093685,1731451517.0013056
-8223.631468252119,8002.617419078043,1731451517.00438
-8283.489439903431,7917.501976192234,1731451517.010322
-8315.3630274967,7908.114243521005,1731451517.013136
-8241.445808583,7862.203760409804,1731451517.016317
-8344.777923199883,7853.575987050055,1731451517.0201015
-8341.581623742775,7926.845005374552,1731451517.0242448
-8304.745948880429,7933.841101389063,1731451517.0272875
-8174.85996185064,7908.114243521005,1731451517.0313375
-8161.001880288349,7869.177504679859,1731451517.035156
-8208.924020400527,7814.25926855317,1731451517.0393264
-8291.06668127378,7794.880306110419,1731451517.043331
-8408.592153619786,7868.976338979762,1731451517.048315
-8347.08015287878,7940.501921236744,1731451517.0521786
-8169.607301903642,7887.416528155391,1731451517.0563965
-8116.901888478028,7824.295201813603,1731451517.060334
-8265.272768172355,7954.985851643783,1731451517.064351
-8347.951870912537,7901.386368439958,1731451517.0693872
-8336.194853329045,7870.362147135991,1731451517.073392
-8324.996629356936,7832.498292028701,1731451517.0773892
-8249.738305775918,7849.798542237108,1731451517.0803463
-8188.203953290457,7848.122161402961,1731451517.0833344
-8216.76948270434,7825.524547758645,1731451517.087227
-8346.99074590096,7859.655661541899,1731451517.0913117
-8162.56650240022,7889.003502011717,1731451517.0953653
-8227.811244465262,7836.78982696412,1731451517.099438
-8327.052989846825,7838.041524653617,1731451517.1043413
-8208.968723889438,7869.266911657681,1731451517.107525
-8300.521469178375,7885.94131302134,1731451517.1112804
-8338.228862074478,7854.179484150349,1731451517.1155145
-8322.828510144773,7722.684171519777,1731451517.119573
-8148.015516759815,7712.536479537068,1731451517.1235497
-8211.382712290611,7834.487597285223,1731451517.1272895
-8353.539807026364,7896.111356748504,1731451517.132584
-8249.671250542551,7807.441986494302,1731451517.1365433
-8369.297786867355,7802.055216080573,1731451517.1405804
-8203.24667730888,7868.238731412737,1731451517.1443903
-8118.421807100989,7861.622615053966,1731451517.1486273
-8295.157050509102,7847.943347447318,1731451517.1525524
-8350.589376758264,7760.950358027263,1731451517.157622
-8407.251048952467,7697.091424118451,1731451517.1605704
-8239.568262048753,7766.962977285741,1731451517.1634035
-8194.842421393683,7896.312522448603,1731451517.1678104
-8253.58280582223,7840.477864799245,1731451517.171486
-8229.241756110401,7801.563477702556,1731451517.1755154
-8229.264107854857,7805.1844603043155,1731451517.1794524
-8170.814296104229,7802.681064925321,1731451517.185516
-8284.02588177036,7796.266114266648,1731451517.1904287
-8231.409875322566,7762.783201072598,1731451517.1935804
-8112.096263420137,7768.795820331075,1731451517.1964426
-8340.262870819912,7706.747377723143,1731451517.199598
-8359.686536751573,7764.437230162291,1731451517.2044623
-8266.524465861854,7639.110999001384,1731451517.207702
-8403.630066350706,7749.752134055154,1731451517.2107077
-8295.604085398209,7907.466042931801,1731451517.2156117
-8258.477837857943,7822.507062257178,1731451517.219616
-8208.722854700429,7794.030939821117,1731451517.2236252
-8111.805690742218,7640.362696690881,1731451517.2276444
-8120.433464101967,7694.47627001718,1731451517.231702
-8277.029785755847,7874.363109393491,1731451517.236637
-8381.792412017872,7837.393324064413,1731451517.239586
-8332.93149863857,7810.057140595572,1731451517.2448256
-8249.291270886812,7774.96490180074,1731451517.2477446
-8286.998663782915,7720.001962185141,1731451517.2546434
-8393.012987734435,7751.607328844944,1731451517.2597823
-8282.550666636309,7784.73261412771,1731451517.2667985
-8228.146520632092,7716.202165627738,1731451517.269854
-8134.224490430891,7566.244312077083,1731451517.272744
-7987.597046804077,7629.633859352334,1731451517.2756977
-8286.551628893809,7912.383426711968,1731451517.2785382
-8341.872196420694,7806.592620205,1731451517.2828543
-8310.244478016433,7734.508244336635,1731451517.2876787
-8357.786638472871,7716.38097958338,1731451517.291839
-8329.84695790374,7721.253659874637,1731451517.2955866
-8271.44184964202,7698.924267163786,1731451517.299848
-8312.591411184241,7683.926246634275,1731451517.302812
-8275.73338457744,7677.891275631342,1731451517.308823
-8117.952420467427,7631.51140588658,1731451517.31261
-8099.646341758531,7670.80577263901,1731451517.3167462
-8393.258856923445,7752.277881178604,1731451517.3207808
-8343.816798188305,7723.064151175517,1731451517.3247924
-8240.73055276043,7748.880416021397,1731451517.3286743
-8250.006526709381,7694.1856973392605,1731451517.331812
-8235.500244557887,7604.085815439918,1731451517.334679
-8276.381585166644,7673.264464529093,1731451517.3387845
-8267.597349595708,7584.393928574793,1731451517.343861
-8304.45537620251,7712.268258603604,1731451517.3478763
-8248.955994719981,7717.7220842506995,1731451517.3509336
-8334.496120750442,7647.269385727572,1731451517.3547444
-8284.49526840392,7692.799889183032,1731451517.3589044
-8097.008835912805,7732.563642569023,1731451517.3626597
-7883.259103686703,7662.490923701635,1731451517.3669257
-8218.19999434948,7529.6545064037455,1731451517.3729064
-8587.294350539965,7627.398684906803,1731451517.3757684
-8411.52023214343,7700.690054975755,1731451517.3797665
-8264.624567583152,7681.422851255281,1731451517.3838978
-8272.380622909144,7571.765192957544,1731451517.3877888
-8276.202771211001,7564.92555915422,1731451517.3919327
-8257.986099479926,7719.286706362571,1731451517.3968651
-8218.714084471952,7703.774595710587,1731451517.400901
-8219.116415872148,7658.713478888689,1731451517.4047215
-8260.936529748027,7610.612524820867,1731451517.4078832
-8240.216462637956,7615.328742900938,1731451517.4108603
-8177.877447352105,7568.680652222712,1731451517.4149215
-8305.438852958543,7512.9801050400865,1731451517.4189608
-8333.892623650148,7624.001219749596,1731451517.422966
-8261.49532335941,7659.361679477893,1731451517.4270127
-8251.39233486561,7586.584399531413,1731451517.431002
-8352.757495970429,7506.6992648481455,1731451517.4339375
-8213.930811158516,7634.484187899136,1731451517.4389606
-8209.929848901016,7717.275049361593,1731451517.4429948
-8339.569966741798,7648.118752016873,1731451517.447011
-8265.809210039284,7612.199498677194,1731451517.451054
-8106.284809861757,7477.619645311791,1731451517.4549289
-8296.54285866533,7531.196776771161,1731451517.45901
-8333.870271905693,7586.562047786957,1731451517.4641244
-8253.605157566686,7654.488999186636,1731451517.4680305
-8314.603068185219,7661.03806031204,1731451517.4719827
-8308.88102160466,7581.287036095505,1731451517.4759936
-8250.051230198293,7562.645681219778,1731451517.4800756
-8078.076908359159,7596.262704880561,1731451517.485019
-8185.164116044536,7542.059724576441,1731451517.4881415
-8462.39280252371,7543.199663543662,1731451517.491094
-8270.681890330541,7575.11795462584,1731451517.4941397
-8144.103961480137,7580.012986661552,1731451517.499199
-8340.285222564367,7480.6371308132575,1731451517.5030951
-8385.838077764283,7453.010374666497,1731451517.507124
-8281.366024180177,7609.561992831468,1731451517.5111504
-8246.519654574353,7619.016780736063,1731451517.5151842
-8208.05230236677,7521.496119677558,1731451517.5181255
-8233.510939301364,7523.910108078731,1731451517.5220833
-8288.02684402786,7588.014911176552,1731451517.5271842
-8217.52944201582,7550.151056069262,1731451517.5311887
-8166.343947213167,7577.554294771468,1731451517.5350373
-8309.104539049213,7456.6313572682575,1731451517.5392284
-8346.007269144926,7534.638945417279,1731451517.543177
-8323.74493166744,7616.6474958238,1731451517.5481508
-8228.325334587733,7572.54750401348,1731451517.5521605
-8176.424583962511,7519.953849310143,1731451517.556157
-8216.367151304144,7517.383398697782,1731451517.5601833
-8311.83145187276,7554.576701471413,1731451517.5640996
-8183.264217765834,7521.451416188648,1731451517.5681827
-8256.332070390234,7513.091863762363,1731451517.5710104
-8343.816798188305,7452.071601399375,1731451517.5742073
-8254.856855256183,7490.740119307055,1731451517.578088
-8175.530514184298,7551.11218108084,1731451517.5832243
-8359.306557095833,7484.883962259765,1731451517.58699
-8416.594078134785,7476.122078433285,1731451517.5912511
-8323.275545033877,7483.408747125715,1731451517.5942812
-8223.363247318655,7501.468956645604,1731451517.5982263
-8164.689918123475,7504.084110746874,1731451517.6022644
-8204.76659593184,7539.198701286162,1731451517.6063178
-8177.609226418642,7541.679744920701,1731451517.611246
-8346.968394156504,7506.431043914681,1731451517.615219
-8348.197740101545,7479.631302312769,1731451517.6193027
-8334.764341683906,7476.166781922196,1731451517.6233106
-8267.73146006244,7432.357362789794,1731451517.6272793
-8082.659015972497,7464.409764338704,1731451517.631384
-8293.54772490832,7591.680597267223,1731451517.6363142
-8285.12111724867,7596.754443258577,1731451517.6402366
-8122.780397269774,7515.505852163536,1731451517.6442857
-8353.092772137257,7460.542912547936,1731451517.6483543
-8166.969796057916,7497.222125199095,1731451517.6523604
-8324.147263067634,7499.256133944528,1731451517.65532
-8383.111164940736,7466.980214951064,1731451517.6582973
-8209.281648311811,7482.402918625226,1731451517.662151
-8222.424474051533,7450.015240909486,1731451517.6668465
-8323.275545033877,7483.654616314723,1731451517.6712053
-8334.093789350247,7473.5963313098355,1731451517.6743395
-8311.40676872811,7444.449656540115,1731451517.677468
-8271.285387430833,7462.353403848816,1731451517.6823573
-8262.367041393167,7433.586708734836,1731451517.686354
-8237.377791092133,7345.431428603105,1731451517.6903813
-8228.10181714318,7419.147481816707,1731451517.6946623
-8202.82199416423,7592.060576922963,1731451517.6994276
-8173.988243816882,7496.506869376525,1731451517.7031372
-8318.626382187174,7476.189133666651,1731451517.7073786
-8254.767448278362,7442.035668138942,1731451517.7113426
-8225.374904319633,7331.841567974278,1731451517.715351
-8153.737563340374,7473.395165609738,1731451517.7202303
-8305.125928536168,7572.905131924765,1731451517.7243097
-8406.960476274548,7496.417462398704,1731451517.7283063
-8266.435058884032,7513.225974229094,1731451517.7314389
-8247.927814475039,7482.8723052587875,1731451517.736463
-8304.857707602705,7434.190205835129,1731451517.7404227
-8296.989893554437,7428.579917976847,1731451517.7434545
-8235.969631191449,7435.173682591162,1731451517.7462504
-8183.577142188209,7421.226194051051,1731451517.7504756
-8266.837390284229,7387.899743068188,1731451517.7543187
-8283.154163736603,7361.368222399738,1731451517.7584617
-8225.10668338617,7296.68227394608,1731451517.7614744
-8115.069045432693,7353.411001373649,1731451517.7665887
-8351.684612236573,7499.502003133536,1731451517.7703023
-8396.52221161392,7522.971334811608,1731451517.7745135
-8251.414686610065,7420.577993461847,1731451517.778298
-8159.3254994542,7411.503185212992,1731451517.7824998
-8246.25143364089,7430.703333700101,1731451517.7874677
-8389.771984788416,7390.760766358468,1731451517.791642
-8329.668143948096,7400.528478685436,1731451517.795438
-8221.150424617581,7435.151330846707,1731451517.7995512
-8168.266197236324,7411.592592190814,1731451517.8033445
-8242.563395805764,7372.700556838579,1731451517.8085268
-8323.767283411895,7363.804562545367,1731451517.811369
-8295.291160975834,7354.819161274334,1731451517.8145428
-8301.59435291223,7384.077594766331,1731451517.81767
-8233.287421856812,7415.258278281484,1731451517.8214028
-8123.875632748084,7370.890065537699,1731451517.8266437
-8254.029840711337,7306.137061850675,1731451517.8305762
-8155.972737785904,7401.400196719193,1731451517.834562
-8237.355439347677,7376.478001651526,1731451517.83749
-8449.38408725072,7357.188446186597,1731451517.841581
-8307.159937281602,7396.885144339221,1731451517.8455036
-8126.3790281270785,7374.153420228175,1731451517.849599
-8215.651895481575,7431.32918254485,1731451517.854539
-8391.023682477913,7438.23587158154,1731451517.8586771
-8229.174700877036,7382.512972654459,1731451517.8624313
-8243.01043069487,7380.657777864669,1731451517.8665843
-8350.298804080345,7340.782265756401,1731451517.8705566
-8302.041387801337,7384.703443611079,1731451517.8756287
-8217.52944201582,7375.248655706484,1731451517.8794413
-8206.085348854704,7373.527571383425,1731451517.8836992
-8293.145393508124,7349.342983882783,1731451517.887474
-8241.781084749828,7281.281922016374,1731451517.891655
-8066.319890775668,7291.004930854432,1731451517.8954637
-8284.07058525927,7377.260312707462,1731451517.898682
-8331.590393971252,7303.745425193957,1731451517.9016793
-8389.213191177034,7287.674520930591,1731451517.9058092
-8184.359453244145,7383.451745921582,1731451517.909696
-8146.741467325863,7368.274911436429,1731451517.9148307
-8320.54863221033,7313.06610263182,1731451517.917745
-8336.753646940428,7367.649062591679,1731451517.921618
-8276.15806772209,7343.240957646484,1731451517.925884
-8265.809210039284,7354.841513018789,1731451517.9296093
-8233.466235812455,7395.208763505074,1731451517.9337678
-8247.614890052664,7380.098984253286,1731451517.9375155
-8346.163731356113,7376.768574329445,1731451517.9425514
-8138.985411999872,7366.777344557923,1731451517.946782
-8221.888032184605,7348.963004227043,1731451517.950802
-8342.922728410093,7369.168981214641,1731451517.9548905
-8344.710867966518,7331.394533085172,1731451517.9589517
-8227.475968298431,7350.16999842763,1731451517.9637256
-8254.767448278362,7345.78905651439,1731451517.9677756
-8288.943265550526,7327.460626061038,1731451517.970662
-8268.4020123961,7300.973808881499,1731451517.9736247
-8112.766815753796,7256.449133926527,1731451517.9778636
-8333.13266433867,7318.363466067728,1731451517.9819057
-8096.472394045877,7295.251762300941,1731451517.985921
-8165.740450112874,7098.958742494434,1731451517.989895
-8460.850532156293,7384.949312800088,1731451517.9938183
-8292.49719291892,7470.891770230743,1731451517.9988449
-8285.88107656015,7418.186356805129,1731451518.0018487
-8276.850971800206,7339.508216322448,1731451518.005884
-8283.198867225512,7225.670781811569,1731451518.0098555
-8280.293140446323,7319.682218990591,1731451518.013801
-8287.803326583306,7376.478001651526,1731451518.0178576
-8272.760602564884,7289.77558490939,1731451518.0218556
-8276.58275086674,7340.849320989767,1731451518.0258737
-8177.586874674186,7328.332344094795,1731451518.0309944
-8059.54731220571,7308.01460838492,1731451518.0349753
-8252.845198255205,7278.197381281541,1731451518.0389664
-8420.818557836837,7343.330364624306,1731451518.042938
-8335.233728317467,7321.604469013748,1731451518.0467844
-8213.886107669605,7302.739596693468,1731451518.0518837
-8248.486608086421,7274.665805657602,1731451518.0547757
-8282.215390469479,7245.742648332435,1731451518.0579467
-8266.368003650667,7219.456996852994,1731451518.0609589
-8239.38944809311,7354.506236851959,1731451518.0659564
-8313.641943173641,7296.056425101331,1731451518.0698154
-8357.496065794952,7301.286733303873,1731451518.0740733
-8244.887977229117,7273.905846346122,1731451518.0779724
-7955.343479555068,7282.779488894879,1731451518.081005
-8204.073691853726,7326.566556282825,1731451518.0850809
-8392.409490634143,7347.107809437252,1731451518.089048
-8355.79733321635,7329.181710384097,1731451518.093997
-8292.966579552482,7318.654038745647,1731451518.0980103
-8300.54382092283,7279.471430715494,1731451518.101992
-8285.031710270847,7278.733823148468,1731451518.1060407
-8246.810227252272,7227.011886478888,1731451518.110021
-8318.067588575792,7265.479238686471,1731451518.1149783
-8275.912198533082,7334.523777308915,1731451518.1180289
-8227.990058420904,7249.542444889837,1731451518.1210265
-8188.092194568181,7254.281014714363,1731451518.1271107
-8206.420625021532,7297.151660579641,1731451518.1301146
-8114.711417521408,7247.307270444307,1731451518.134066
-8414.850642067271,7283.628855184181,1731451518.1370337
-8392.56595284533,7243.57452912027,1731451518.1412425
-8336.2172050735,7273.01177656791,1731451518.1449835
-8167.841514091673,7297.576343724292,1731451518.1491568
-8090.862106187596,7316.642381744669,1731451518.154045
-8306.154108781113,7235.170273205075,1731451518.1582654
-8177.631578163097,7222.697999799014,1731451518.1612215
-8258.433134369032,7349.432390860605,1731451518.165073
-8304.097748291224,7326.141873138175,1731451518.1692023
-8346.454304034032,7305.533564750382,1731451518.173113
-8286.484573660442,7276.453945214027,1731451518.1771293
-8313.999571084925,7252.694040858036,1731451518.1821933
-8315.78771064135,7259.24310198344,1731451518.186176
-8336.708943451518,7216.19364216252,1731451518.1891763
-8304.008341313403,7214.472557839461,1731451518.1942344
-8221.888032184605,7282.801840639334,1731451518.197339
-8216.657723982064,7279.829058626778,1731451518.2031
-8208.633447722608,7233.67270632657,1731451518.2062707
-8147.56848187071,7143.058734304755,1731451518.2112892
-8217.976476904927,7194.04306340731,1731451518.2150588
-8256.488532601421,7302.516079248915,1731451518.2182183
-8217.48473852691,7270.217808510996,1731451518.2221985
-8358.07721115079,7284.746442406946,1731451518.2251923
-8364.581568787286,7330.16518714013,1731451518.2290523
-8244.262128384367,7285.595808696247,1731451518.2332263
-8169.562598414732,7203.251982122896,1731451518.237023
-8232.862738712161,7191.919647684056,1731451518.242312
-8329.93636488156,7272.430631212072,1731451518.2451248
-8282.416556169577,7356.02615547492,1731451518.2492564
-8299.716806377985,7306.025303128398,1731451518.253208
-8256.53323609033,7275.604578924725,1731451518.2572756
-8220.01048565036,7197.619342520159,1731451518.261254
-8328.259984047412,7192.791365717812,1731451518.265349
-8298.97919881096,7285.05936682932,1731451518.2701168
-8280.896637546615,7247.57549137777,1731451518.2743073
-8253.940433733516,7259.667785128091,1731451518.2781084
-8214.400197792078,7259.086639772254,1731451518.282246
-8128.234222916869,7179.045042877799,1731451518.28629
-8335.010210872913,7134.475664433917,1731451518.2913172
-8310.177422783068,7291.720186677002,1731451518.2953224
-8269.49724787441,7300.236201314474,1731451518.298395
-8245.133846418124,7268.429668954572,1731451518.303332
-8274.235817698935,7284.902904618133,1731451518.3073893
-8296.02876854286,7274.10701204622,1731451518.3104105
-8193.277799281812,7260.964186306499,1731451518.3134546
-8127.004876971827,7178.732118455425,1731451518.3174164
-8291.156088251602,7214.740778772924,1731451518.3213425
-8180.202028775458,7295.698797190046,1731451518.3253372
-8265.004547238892,7280.499610960438,1731451518.3283186
-8312.434948973054,7255.845636826234,1731451518.333412
-8216.367151304144,7262.506456673916,1731451518.337232
-8325.868347390693,7252.336412946751,1731451518.341438
-8289.077376017258,7195.495926796905,1731451518.3452797
-8270.63718684163,7193.931304685034,1731451518.3494773
-8207.046473866281,7232.018677236877,1731451518.3532536
-8249.738305775918,7224.061456210788,1731451518.3584602
-8366.012080432425,7311.032093886387,1731451518.362249
-8262.702317559995,7288.8144598978115,1731451518.3664477
-8252.845198255205,7250.972956534977,1731451518.369475
-8299.940323822537,7235.438494138539,1731451518.374304
-8250.833541254227,7213.556136316793,1731451518.3794029
-8042.291765486213,7121.824577072213,1731451518.3824303
-8248.687773786518,7198.42400532055,1731451518.3853052
-8430.76508411945,7258.125514760675,1731451518.3885148
-8313.038446073348,7281.170163294097,1731451518.3935137
-8251.504093587888,7140.287117992297,1731451518.397488
-8174.882313595094,7238.791255806835,1731451518.4015698
-8151.658851106031,7312.462605531527,1731451518.405476
-8238.718895759452,7257.901997316122,1731451518.408612
-8183.711252654941,7277.929160348077,1731451518.4123228
-8220.47987228392,7188.745699971402,1731451518.4165933
-8196.630560950109,7175.17819108703,1731451518.421393
-8400.254952937956,7212.6173630496705,1731451518.4253848
-8275.554570621798,7230.43170338055,1731451518.4293575
-8249.91711973156,7213.422025850061,1731451518.4335608
-8223.452654296476,7183.828316191235,1731451518.4364028
-8260.288329158822,7273.481163201472,1731451518.440559
-8294.844126086728,7330.701629007057,1731451518.4446557
-8182.660720665542,7293.9777128669875,1731451518.4496872
-8213.617886736141,7219.591107319726,1731451518.453436
-8248.44190459751,7209.5104705703825,1731451518.458665
-8325.711885179506,7249.654203612114,1731451518.4624803
-8221.351590317678,7226.520148100871,1731451518.465608
-8285.590503882231,7216.573621818259,1731451518.4686532
-8334.384362028166,7162.840028147702,1731451518.4726012
-8242.004602194382,7153.005260587366,1731451518.4766593
-8076.780507180752,7178.218028332953,1731451518.481674
-8014.039160494704,7163.734097925913,1731451518.4856646
-8328.952888125526,7235.058514482798,1731451518.4886167
-8395.203458691056,7262.506456673916,1731451518.4926436
-8208.924020400527,7330.791035984878,1731451518.49659
-8273.945245021016,7246.592014621737,1731451518.5006895
-8279.823753812761,7230.990496991933,1731451518.5047116
-8305.438852958543,7204.034293178832,1731451518.5097263
-8247.480779585932,7190.779708716836,1731451518.513724
-8211.829747179718,7205.218935634964,1731451518.517753
-8303.248382001922,7184.27535108034,1731451518.521681
-8295.112347020191,7195.093595396709,1731451518.525638
-8029.037181024216,7124.864414318135,1731451518.5296445
-7938.110284580027,7134.922699323023,1731451518.534862
-8439.99635457949,7279.382023737672,1731451518.5387075
-8339.480559763975,7302.046692615354,1731451518.5416915
-8289.54676265082,7252.67168911358,1731451518.5467408
-8225.129035130625,7237.248985439419,1731451518.5506673
-8161.225397732902,7209.599877548204,1731451518.553608
-8136.392609643056,7124.216213728931,1731451518.556764
-8306.93641983705,7090.107451690132,1731451518.560758
-8297.727501121462,7206.537688557826,1731451518.5657487
-8229.018238665849,7307.299352562351,1731451518.5687177
-8319.341638009744,7233.896223771122,1731451518.5718248
-8267.329128662244,7208.012903691877,1731451518.576796
-8059.279091272247,7283.986483095466,1731451518.5807948
-8203.649008709075,7242.747514575424,1731451518.5848048
-8324.951925868027,7177.70393821048,1731451518.588832
-8278.594407867718,7194.065415151766,1731451518.592868
-8243.323355117245,7227.86125276819,1731451518.5977845
-8165.919264068516,7131.547585910272,1731451518.6017876
-8202.374959275123,7151.977080342422,1731451518.6057844
-8238.942413204004,7262.707622374013,1731451518.6098309
-8211.00273263487,7239.126531973664,1731451518.613827
-8225.374904319633,7200.502717554894,1731451518.6188216
-8296.788727854339,7142.4775889489165,1731451518.6218438
-8342.453341776532,7231.303421414307,1731451518.6247408
-8186.639331178586,7224.441435866527,1731451518.6277945
-8068.733879176842,7136.934356324,1731451518.631919
-8229.778197977328,7204.9507147015,1731451518.6367292
-8264.646919327608,7230.454055125005,1731451518.6408775
-8291.848992329717,7210.315133370774,1731451518.6447124
-8232.952145689982,7195.697092497003,1731451518.647944
-8198.105776084158,7246.010869265899,1731451518.6519368
-8192.115508570136,7205.822432735256,1731451518.6608825
-8125.842586260151,7195.384168074628,1731451518.6638908
-8312.859632117705,7209.689284526024,1731451518.6669545
-8261.472971614954,7171.713670696458,1731451518.6707804
-8298.912143577594,7202.737892000425,1731451518.6739883
-8089.141021864537,7184.610627247171,1731451518.6779003
-8279.957864279493,7076.808163739224,1731451518.6809652
-8310.557402438808,7233.493892370927,1731451518.6839588
-8183.577142188209,7300.325608292295,1731451518.6877987
-8233.91327070156,7236.131398216653,1731451518.6927862
-8223.385599063111,7225.849595767212,1731451518.6971684
-8176.916322340528,7230.901090014111,1731451518.701112
-8254.096895944702,7172.183057330019,1731451518.7038612
-8231.119302644647,7145.137446539098,1731451518.7081604
-8267.507942617887,7144.243376760885,1731451518.7118328
-8165.919264068516,7165.65634794907,1731451518.7159848
-8157.023269775304,7157.542664711794,1731451518.7208784
-8152.552920884243,7093.21434416942,1731451518.7249527
-8431.078008541825,7274.755212635424,1731451518.7288747
-8169.182618758991,7332.288602863384,1731451518.7320747
-8196.183526061002,7240.691154085536,1731451518.7361212
-8339.122931852691,7211.410368849083,1731451518.739858
-8260.48949485892,7208.705807769991,1731451518.7440872
-8175.66462465103,7161.9906618584,1731451518.7488782
-8156.173903486003,7215.545441573316,1731451518.752952
-8138.292507921757,7218.629982308148,1731451518.7570305
-8249.425381353543,7201.486194310927,1731451518.760965
-8243.703334772985,7186.599932503693,1731451518.764982
-8276.336881677733,7156.782705400313,1731451518.769958
-8318.849899631727,7096.723568048903,1731451518.7742128
-8180.514953197832,7162.571807214237,1731451518.7779703
-8021.124663487038,7264.115782274697,1731451518.782053
-8167.416830947021,7206.694150769013,1731451518.7860446
-8378.998443960958,7221.222784664963,1731451518.7890763
-8301.2590767454,7166.282196793819,1731451518.791964
-8221.888032184605,7116.013123513833,1731451518.7959857
-8183.979473588404,7118.002428770355,1731451518.8000157
-8173.541208927776,7178.307435310774,1731451518.8039584
-8295.559381909297,7218.227650907952,1731451518.8091116
-8234.829692224228,7256.695003115536,1731451518.8120103
-8164.7122698679295,7212.28208688284,1731451518.816006
-8200.095081340682,7161.856551391667,1731451518.8200045
-8194.618903949131,7150.3454029971845,1731451518.8240807
-8260.802419281295,7203.743720500913,1731451518.8286762
-8256.421477368054,7191.785537217324,1731451518.8320944
-8212.701465213475,7154.346365254684,1731451518.8370154
-8060.128457561548,7137.515501679838,1731451518.8411222
-7997.476517853323,7134.386257456095,1731451518.8460133
-8324.549594467831,7122.249260216864,1731451518.8500175
-8339.391152786155,7220.105197442198,1731451518.8531263
-8319.922783365582,7244.043915753832,1731451518.85706
-8220.457520539465,7176.161667843065,1731451518.8601255
-8235.187320135514,7165.432830504517,1731451518.86402
-8164.958139056938,7256.024450781876,1731451518.8681867
-8277.029785755847,7212.796177005312,1731451518.8721871
-8247.033744696826,7186.868153437156,1731451518.8760872
-8122.668638547497,7195.317112841262,1731451518.8801076
-8083.106050861604,7167.198618316486,1731451518.8832223
-8219.541099016798,7135.101513278665,1731451518.8881352
-8295.06764353128,7040.933613888456,1731451518.8920815
-8310.266829760889,7081.434974841473,1731451518.8961544
-8203.514898242343,7274.174067279586,1731451518.900228
-8138.538377110765,7248.424857667072,1731451518.9041092
-8187.198124789968,7219.680514297547,1731451518.9091792
-8169.942578070471,7193.081938395731,1731451518.913159
-7978.455183321856,7021.465244467884,1731451518.9171755
-8198.753976673363,7124.327972451208,1731451518.9211917
-8409.195650720078,7277.258608014418,1731451518.9252052
-8296.431099943055,7300.772643181401,1731451518.930199
-8256.265015156867,7247.620194866681,1731451518.9331813
-8301.482594189954,7141.851740104168,1731451518.9362552
-8298.509812177397,7151.84296987569,1731451518.9392073
-8161.359508199634,7261.00888979541,1731451518.9432328
-8155.257481963335,7244.870930298678,1731451518.948239
-8183.28656951029,7209.957505459489,1731451518.9522016
-8215.875412926127,7156.872112378134,1731451518.9562304
-8207.828784922218,7143.326955238218,1731451518.959239
-8208.119357600137,7153.362888498651,1731451518.9632623
-8220.859851939662,7152.647632676081,1731451518.9673913
-8225.039628152803,7125.534966651794,1731451518.9712374
-8059.390849994523,7117.354228181152,1731451518.9764245
-7936.679772934887,7233.650354582114,1731451518.9802668
-8200.139784829591,7232.555119103804,1731451518.984248
-8357.965452428514,7325.672486504613,1731451518.9882605
-8352.668088992606,7235.773770305368,1731451518.9922688
-8187.198124789968,7200.346255343707,1731451518.997258
-8188.986264346393,7211.477424082449,1731451519.0013175
-8195.62473244962,7193.1936971180085,1731451519.005308
-8163.23705473388,7147.84200761819,1731451519.0092852
-8194.395386504577,7153.340536754195,1731451519.014326
-8007.2218784358365,7198.625171020648,1731451519.0172963
-8215.204860592468,7229.425874880061,1731451519.0203495
-8325.823643901784,7215.098406684209,1731451519.0233157
-8332.685629449563,7212.729121771947,1731451519.027316
-8262.411744882076,7234.38796214914,1731451519.032338
-8252.621680810653,7219.412293364084,1731451519.036422
-8259.237797169424,7189.170383116053,1731451519.039452
-8218.758787960862,7210.069264181765,1731451519.0433507
-8177.922150841016,7201.016807677366,1731451519.047335
-8226.716008986952,7165.745754926891,1731451519.0513585
-8265.608044339186,7188.343368571207,1731451519.055376
-8425.110092772256,7745.237081675182,1731451524.102171
-8410.536755387397,7738.106875193939,1731451524.1082056
-8371.220036890512,7749.148636954861,1731451524.1121604
-8366.928501955093,7756.927044025308,1731451524.115215
-8413.129557744212,7744.812398530531,1731451524.118227
-8434.587232421307,7750.221520688716,1731451524.1222
-8387.022720220413,7773.243817477682,1731451524.1261578
-8359.574778029297,7764.146657484372,1731451524.133248
-8398.824441292816,7735.6258315594,1731451524.1362324
-8427.434674195609,7751.316756167025,1731451524.1392407
-8397.483336625497,7780.977521059218,1731451524.1422112
-8368.135496155679,7779.323491969525,1731451524.1462374
-8398.891496526181,7758.826942304009,1731451524.1492412
-8429.848662596782,7736.408142615336,1731451524.154258
-8402.825403550316,7738.866834505419,1731451524.158224
-8369.856580478738,7758.424610903813,1731451524.162298
-8391.113089455735,7759.609253359945,1731451524.1662643
-8425.2889067279,7743.851273518953,1731451524.1692913
-8406.356979174254,7736.00581121514,1731451524.1753044
-8359.217150118011,7759.497494637668,1731451524.1793008
-8379.46783059452,7770.852180820964,1731451524.1823158
-8420.438578181098,7744.611232830433,1731451524.189328
-8401.260781438445,7746.824055531509,1731451524.1923528
-8367.911978711127,7757.910520781341,1731451524.1953263
-8378.596112560763,7752.054363734051,1731451524.1993508
-8400.098490726768,7739.023296716607,1731451524.2023137
-8412.548412388374,7729.590860556467,1731451524.2063563
-8376.852676493249,7744.365363641426,1731451524.210362
-8373.008176446936,7753.328413168003,1731451524.2144053
-8434.520177187942,7754.53540736859,1731451524.2183466
-8449.987584351014,7765.353651684958,1731451524.2213736
-8361.385269330176,7785.626683905922,1731451524.2253642
-8316.771187397384,7773.132058755405,1731451524.229365
-8355.327946582789,7738.509206594134,1731451524.2334032
-8412.95074378857,7730.417875101313,1731451524.238387
-8413.911868800149,7779.859933836453,1731451524.242407
-8380.920693984115,7802.0105125916625,1731451524.2454045
-8402.132499472202,7768.214674975237,1731451524.2494252
-8404.837060551294,7730.127302423394,1731451524.2544563
-8387.693272554074,7724.494662820657,1731451524.2584448
-8371.778830501895,7747.919291009819,1731451524.2615924
-8343.772094699394,7758.089334736984,1731451524.2654288
-8392.990635989981,7758.91634928183,1731451524.2704456
-8398.936200015092,7781.11163152595,1731451524.2735023
-8346.387248800665,7809.900678384385,1731451524.2785113
-8400.52317387142,7807.531393472122,1731451524.281459
-8451.44044774061,7800.088262568505,1731451524.2854548
-8428.865185840748,7793.15922178736,1731451524.289477
-8367.621406033208,7771.388622687891,1731451524.294505
-8394.823479035316,7734.888223992375,1731451524.298504
-8447.372430249743,7751.808494545043,1731451524.3015995
-8449.04881108389,7786.856029850964,1731451524.305529
-8392.990635989981,7798.836564879009,1731451524.310276
-8340.50874000892,7777.714166368743,1731451524.3135202
-8326.471844490987,7723.24296513116,1731451524.31753
-8297.660445888096,7699.795985197543,1731451524.321542
-8328.036466602858,7734.15061642535,1731451524.3268013
-8429.938069574604,7839.31557408757,1731451524.3298326
-8450.81459889586,7839.673201998855,1731451524.3335404
-8485.81743071287,7777.535352413101,1731451524.3385966
-8404.166508217635,7728.406218100335,1731451524.3415556
-8198.351645273167,7664.32376674697,1731451524.3445885
-8283.73530909244,7636.361734433382,1731451524.3495717
-8509.823204257871,7733.055380947039,1731451524.3535872
-8427.613488151252,7845.328193346048,1731451524.3575811
-8331.322173037788,7809.610105706466,1731451524.36158
-8475.91560791917,7781.1786867593155,1731451524.3666608
-8451.954537863081,7800.0212073351395,1731451524.369628
-8320.839204888249,7799.060082323562,1731451524.3726592
-8280.91898929107,7751.093238722473,1731451524.3776236
-8361.117048396713,7741.660802562333,1731451524.38165
-8471.802886939393,7781.670425137333,1731451524.3856452
-8492.992340683024,7772.126230254917,1731451524.389656
-8337.759475440917,7744.38771538588,1731451524.3936603
-8325.376609012677,7812.269963296648,1731451524.3976848
-8417.152871746168,7775.0096052896515,1731451524.4026563
-8364.626272276197,7663.541455691035,1731451524.4066868
-8298.196887755024,7735.111741436928,1731451524.4098215
-8434.319011487843,7848.368030591969,1731451524.4136808
-8559.198207759644,7867.568179079078,1731451524.4177947
-8509.622038557773,7830.330172816536,1731451524.420717
-8434.564880676851,7820.830681423031,1731451524.42473
-8371.488257823976,7811.510003985168,1731451524.428736
-8363.03929841987,7725.232270387683,1731451524.4327636
-8455.240244298011,7638.373391434359,1731451524.437878
-8480.698881232605,7739.895014750364,1731451524.441852
-8377.433821849087,7885.94131302134,1731451524.4458156
-8347.057801134324,7908.941258065851,1731451524.4497995
-8360.044164662859,7807.0620068385615,1731451524.4528437
-8400.813746549338,7693.559848494512,1731451524.456868
-8433.849624854282,7679.858229143409,1731451524.4608035
-8363.75455424244,7818.930783144329,1731451524.465812
-8344.643812733151,7896.044301515139,1731451524.469839
-8362.189932130568,7807.911373127863,1731451524.4739947
-8390.084909210791,7785.179649016816,1731451524.4768243
-8506.313980378387,7830.732504216731,1731451524.480996
-8514.360608382298,7800.624704435433,1731451524.4848
-8426.317086972844,7845.21643462377,1731451524.4909685
-8245.603233051686,7901.319313206592,1731451524.493868
-8229.085293899214,7852.368992849469,1731451524.4988708
-8263.97636699395,7654.377240464359,1731451524.5018609
-8387.022720220413,7583.902190196775,1731451524.5060403
-8358.121914639702,7807.374931260936,1731451524.509163
-8367.889626966671,7975.191828631381,1731451524.5129523
-8531.370285912786,7989.519296827233,1731451524.5169346
-8484.096346389812,7874.944254749329,1731451524.521057
-8334.429065517077,7796.780204389121,1731451524.526076
-8479.96127366558,7777.803573346565,1731451524.5290246
-8475.312110818877,7714.056398160029,1731451524.5331304
-8222.62563975163,7863.70132728831,1731451524.5371432
-8326.583603213263,7947.989755629273,1731451524.5411465
-8304.433024458054,7838.332097331536,1731451524.5449777
-8362.122876897201,7827.379742548435,1731451524.549144
-8412.548412388374,7838.779132220642,1731451524.5542116
-8348.868292435205,7892.13274623546,1731451524.55718
-8481.34708182181,7873.491391359734,1731451524.5609915
-8444.757276148472,7852.436048082834,1731451524.5649693
-8389.883743510693,7853.799504494608,1731451524.5689816
-8374.617502047719,7760.503323138157,1731451524.5729809
-8292.296027218823,7728.137997166872,1731451524.5791955
-8371.912940968627,7909.634162143966,1731451524.5821652
-8529.917422523193,7964.239473848281,1731451524.5860891
-8390.934275500093,7921.480586705278,1731451524.589014
-8379.065499194325,7879.056975729106,1731451524.59304
-8169.070860036714,7804.648018437389,1731451524.5972068
-8078.054556614704,7706.568563767501,1731451524.6010816
-8401.931333772103,7708.289648090559,1731451524.6052022
-8507.11864317878,7905.834365586564,1731451524.610017
-8483.761070222983,8044.415181209467,1731451524.6132393
-8498.423814585663,7881.470964130279,1731451524.6162264
-8532.867852791293,7856.615824295977,1731451524.621194
-8552.269166978498,7789.202963018771,1731451524.6251752
-8627.728656259616,7522.792520855966,1731451524.6292293
-8345.716696467007,7716.112758649917,1731451524.6332386
-8185.454688722455,8053.802913880696,1731451524.6371987
-8283.332977692244,8014.396788405989,1731451524.640314
-8332.685629449563,7985.205410147359,1731451524.6440852
-8311.496175705932,7916.697313391843,1731451524.6492493
-8272.022994997858,7866.025908711662,1731451524.6532536
-8213.57318324723,7810.459471995769,1731451524.659294
-8249.626547053642,7878.922865262373,1731451524.6622653
-8327.745893924939,7866.942330234329,1731451524.6652656
-8443.729095903527,7799.909448612863,1731451524.668159
-8476.20618059709,7857.375783607457,1731451524.6723073
-8579.292426024966,7602.521193328046,1731451524.6771448
-8347.594243001253,7697.404348540825,1731451524.681125
-8096.360635323601,8085.095356118126,1731451524.6851697
-8116.097225677637,8160.9571767994385,1731451524.6892729
-8018.040122752205,7819.8025011780865,1731451524.6921585
-8353.159827370624,7760.168046971327,1731451524.696247
-8791.231666950187,7936.992697357261,1731451524.700248
-8602.739405958582,7900.13467075046,1731451524.704181
-8311.518527450387,7967.525180283211,1731451524.709246
-8187.041662578781,8059.435553483433,1731451524.7133076
-8094.594847511631,7842.087190400028,1731451524.7173688
-8174.010595561337,7734.642354803366,1731451524.7214975
-8661.613900853861,7868.08226920155,1731451524.7243545
-8517.288686905944,8109.570516296687,1731451524.7283468
-8362.458153064032,7976.801154232163,1731451524.7322233
-8383.289978896377,7961.154933113448,1731451524.7372868
-8160.71130761043,7733.770636769609,1731451524.741314
-7876.397118138924,7616.60279233489,1731451524.745258
-8279.846105557217,8000.1810789324145,1731451524.7484002
-8581.706414426139,8311.138547794646,1731451524.7522264
-8438.38702897871,8171.976586815905,1731451524.7564063
-8399.226772693011,8017.280163440724,1731451524.7603683
-8366.682632766084,7986.792384003686,1731451524.7653496
-8236.327259102734,7932.276479277191,1731451524.7696743
-8222.15625311807,7877.26883617268,1731451524.772348
-8455.128485575735,7865.780039522653,1731451524.7763543
-8414.962400789547,7960.752601713253,1731451524.7804005
-8272.44767814251,7947.967403884817,1731451524.7842758
-8059.927291861451,7794.880306110419,1731451524.7883904
-8282.438907914033,8148.797827815752,1731451524.7933452
-8147.121446981603,8036.815588094662,1731451524.7973845
-8305.952943081014,8021.795215820696,1731451524.8014777
-8417.599906635274,8203.201973819969,1731451524.8045845
-8456.201369309589,8175.530514184298,1731451524.8085356
-8367.46494382202,8075.148829835514,1731451524.8124166
-8406.625200107717,8030.40063743599,1731451524.8164303
-8354.389173315665,8049.779599878741,1731451524.8215384
-8268.513771118376,8035.295669471702,1731451524.82637
-8286.395166682621,7998.77291903173,1731451524.830582
-8385.23458066399,8032.412294436967,1731451524.8336718
-8307.159937281602,7969.872113451018,1731451524.836334
-8330.249289303934,7929.370752498002,1731451524.8406112
-8308.188117526546,8078.903922904006,1731451524.8443718
-8241.982250449926,7958.606834245544,1731451524.8486357
-8304.500079691421,8132.436350874466,1731451524.8536158
-8380.630121306196,8143.791037057762,1731451524.856564
-8264.356346649689,8126.356676382623,1731451524.8603437
-8339.011173130415,8045.30925098768,1731451524.865591
-8333.31147829431,7998.683512053909,1731451524.8695376
-8242.563395805764,8000.382244632512,1731451524.8725271
-8223.542061274298,7927.202633285837,1731451524.8774135
-8080.826172927163,7975.616511776032,1731451524.8806944
-8295.380567953654,8141.600566101142,1731451524.88368
-8589.976559874602,8207.068825610737,1731451524.888564
-8457.698936188095,8194.350683015668,1731451524.8927307
-8325.175443312579,8137.331382910179,1731451524.8966973
-8303.02486455737,8080.289731060235,1731451524.902484
-8282.818887569772,8010.261715681758,1731451524.9056668
-8352.958661670526,8030.82532058064,1731451524.9085205
-8396.365749402732,8105.994237183838,1731451524.912656
-8310.199774527524,8060.799009895207,1731451524.9166515
-8126.289621149257,8089.521001520276,1731451524.920654
-8147.61318535962,8069.516190232777,1731451524.9247696
-8295.82760284276,8103.826117971674,1731451524.928612
-8381.971225973515,8109.548164552232,1731451524.9327507
-8237.780122492328,8065.761097164285,1731451524.936817
-8468.383070037731,8011.893393026995,1731451524.9395308
-8389.190839432578,8114.040865187749,1731451524.9436076
-8272.134753720136,8134.492711364354,1731451524.9488108
-8073.114821090081,8015.290858184202,1731451524.9526048
-8232.572166034242,8133.173958441492,1731451524.956754
-8401.149022716168,8150.764781327818,1731451524.960574
-8121.551051324732,8115.493728577344,1731451524.9647408
-8095.958303923405,8090.482126531855,1731451524.9676125
-8654.90837751727,8073.2042280679025,1731451524.9716337
-8486.644445257718,8171.417793204522,1731451524.9776025
-8335.099617850736,8167.7074036249405,1731451524.980872
-8249.648898798097,8074.299463546213,1731451524.9848444
-8232.594517778698,8026.846710067596,1731451524.9878366
-8411.05084550987,8047.477370199844,1731451524.9918778
-8386.486278353486,8136.794941043251,1731451524.995854
-8357.227844861489,8147.009688259326,1731451524.9998968
-8349.941176169059,8074.567684479676,1731451525.0049057
-8215.875412926127,8107.245934873335,1731451525.0088873
-8031.227651980836,8059.793181394718,1731451525.0129647
-8316.055931574814,8070.298501288713,1731451525.0159276
-8568.474181708596,8028.344276946102,1731451525.0197325
-8323.253193289424,8098.104071391114,1731451525.0239177
-8097.992312668838,8187.823973634717,1731451525.027702
-8138.51602536631,8127.854243261128,1731451525.0339596
-8301.035559300848,8037.30732647268,1731451525.0368662
-8450.211101795567,8048.818474867163,1731451525.0409513
-8270.97246300846,8184.672377666519,1731451525.0437706
-8204.520726742832,8109.4140540855005,1731451525.047964
-8305.572963425275,8148.797827815752,1731451525.051756
-8395.248162179967,8083.687196217442,1731451525.0580304
-8204.297209298278,8130.938783995961,1731451525.0607512
-8212.880279169116,8109.525812807777,1731451525.06615
-8377.634987549185,8054.920501103462,1731451525.0687509
-8351.12581862519,8023.806872821674,1731451525.073033
-8438.029401067424,8072.287806545235,1731451525.0759163
-8319.051065331825,8052.797085380207,1731451525.0800416
-8376.584455559785,8066.275187286757,1731451525.084041
-8340.218167331,8085.69885321842,1731451525.088018
-8274.861666543682,7953.085953365083,1731451525.0928996
-7968.128677383504,8064.26353028578,1731451525.0971267
-8115.761949510807,8131.586984585165,1731451525.1000156
-8616.843356709882,8151.412981917022,1731451525.1039326
-8348.13068486818,8151.033002261282,1731451525.10813
-8332.59622247174,8100.585115025654,1731451525.111982
-8335.747818439939,8032.859329326074,1731451525.1159463
-8302.734291879451,7920.094778549049,1731451525.1210227
-8170.523723426309,8053.847617369607,1731451525.1238728
-8125.730827537875,8208.655799467064,1731451525.1268888
-8113.817347743196,8120.925202479983,1731451525.1320012
-8563.065059550412,8146.026211503293,1731451525.135988
-8410.402644920665,8121.416940858,1731451525.1410549
-8230.716971244452,8084.98359739585,1731451525.1449556
-8263.417573382565,8098.461699302399,1731451525.1499336
-8229.375866577133,8069.605597210598,1731451525.152979
-8404.412377406643,7984.780727002708,1731451525.15798
-8381.144211428667,8074.433574012944,1731451525.1629784
-8284.852896315206,8148.574310371198,1731451525.1669576
-8238.942413204004,8057.759172649286,1731451525.169994
-8327.567079969296,8045.465713198867,1731451525.1730587
-8349.717658724507,8079.686233959942,1731451525.1759589
-8277.320358433766,8057.043916826716,1731451525.180961
-8217.037703637803,8082.256684572302,1731451525.1840596
-8310.512698949899,8073.2042280679025,1731451525.1880145
-8306.332922736756,8090.571533509677,1731451525.1921916
-8236.260203869368,8084.760079951297,1731451525.1960475
-8102.082681904159,8001.857459766563,1731451525.2000835
-8263.462276871476,8079.797992682218,1731451525.2041016
-8413.062502510846,8150.541263883265,1731451525.208168
-8325.823643901784,8098.50640279131,1731451525.2110307
-8191.802584147762,8034.602765393587,1731451525.2160015
-8306.958771581503,8040.458922440877,1731451525.2200296
-8419.924488058627,8022.465768154356,1731451525.224079
-8317.195870542035,8098.908734191506,1731451525.2281342
-8311.02678907237,8088.358710808601,1731451525.2320032
-8333.199719572034,8039.006059051283,1731451525.236019
-8226.403084564578,7995.733081785808,1731451525.2390404
-8296.609913898697,8064.755268663796,1731451525.2440343
-8280.293140446323,8088.470469530877,1731451525.2481244
-8268.603178096197,8050.025469067749,1731451525.2520287
-8152.798790073251,8073.964187379383,1731451525.256307
-8073.159524578992,8035.832111338629,1731451525.259233
-8483.58225626734,8020.789387320207,1731451525.2633336
-8418.359865946753,8020.699980342386,1731451525.267367
-8301.303780234311,8051.612442924076,1731451525.285126
-8194.037758593293,8052.238291768825,1731451525.2881255
-8255.30389014529,8014.933230272917,1731451525.2911992
-8380.048975950358,8033.999268293294,1731451525.295205
-8390.151964444156,7887.148307221927,1731451525.298166
-8008.697093569886,7931.717685665809,1731451525.3013234
-7934.824578145097,8063.54827446321,1731451525.3042688
-8442.030363324924,8155.011612774327,1731451525.308173
-8412.213136221544,8154.274005207301,1731451525.3112395
-8318.40286474262,8086.749385207819,1731451525.314212
-8235.410837580066,8017.526032629733,1731451525.3182
-8316.391207741644,8028.366628690556,1731451525.3212612
-8374.349281114255,8019.560041375165,1731451525.3243532
-8281.522486391365,7993.363796873546,1731451525.327178
-8233.399180579088,7975.795325731675,1731451525.330217
-8278.616759612174,8017.146052973992,1731451525.334195
-8303.918934335583,8024.343314688602,1731451525.3374033
-8398.891496526181,7933.483473477778,1731451525.3404553
-8241.937546961015,7973.1801716304035,1731451525.344237
-8239.3447446042,8025.773826333741,1731451525.3482893
-8369.543656056363,8029.774788591241,1731451525.3522353
-8236.148445147091,8014.866175039551,1731451525.3552475
-8025.237384466814,7932.723514166298,1731451525.360225
-8247.860759241672,7916.607906414021,1731451525.3643749
-8338.318269052299,8060.396678495012,1731451525.3673346
-8288.45152717251,8069.426783254956,1731451525.3713737
-8263.037593726825,8059.390849994523,1731451525.375391
-8225.844290953195,7986.859439237051,1731451525.379274
-8313.194908284535,7933.483473477778,1731451525.383356
-8374.461039836531,7974.565979786633,1731451525.3874002
-8291.40195744061,8033.976916548839,1731451525.3924212
-8180.939636342483,7985.116003169537,1731451525.3952854
-8171.015461804326,7850.446742826312,1731451525.3994467
-8088.090489875137,7948.302680051646,1731451525.4036143
-8394.197630190567,8032.032314781227,1731451525.4076493
-8408.323932686322,8027.696076356898,1731451525.41128
-8333.423237016588,7980.086860667094,1731451525.417441
-8301.59435291223,7925.056865818127,1731451525.4205086
-8210.645104723586,7915.289153491159,1731451525.4235208
-8271.397146153111,7941.038363103672,1731451525.4272976
-8312.323190250778,7957.980985400794,1731451525.4315312
-8249.939471476016,7880.688653074343,1731451525.4353762
-8389.302598154854,7790.298198497081,1731451525.4395156
-8180.649063664564,7911.824633100586,1731451525.4434118
-8257.87434075765,8013.837994794607,1731451525.4484437
-8223.027971151825,8008.093596469593,1731451525.4514422
-8087.263475330291,7942.647688704454,1731451525.455602
-8001.388073133001,7845.194082879315,1731451525.45952
-8396.18693544709,7996.20246841937,1731451525.4646397
-8496.993302940524,7991.5533055726655,1731451525.4673944
-8337.111274851713,7951.320165553113,1731451525.4715562
-8225.710180486463,7965.692337237876,1731451525.4764552
-8186.594627689676,7925.302735007136,1731451525.4796047
-8169.964929814927,7870.116277946982,1731451525.4836166
-8280.851934057706,7926.174453040893,1731451525.4876168
-8202.91140114205,7933.706990922331,1731451525.4916017
-8305.282390747356,7898.346531194035,1731451525.4955292
-8349.091809879757,7850.200873637304,1731451525.4995522
-8287.669216116574,7833.638230995922,1731451525.50256
-8290.284370217845,7872.08323145905,1731451525.5066376
-8246.899634230094,7849.038582925628,1731451525.5104709
-8201.257372052356,7793.226277020726,1731451525.5156577
-8325.30955377931,7834.129969373938,1731451525.519684
-8187.600456190165,7821.702399456787,1731451525.5236952
-8289.63616962864,7907.398987698435,1731451525.5276716
-8294.665312131085,7908.181298754371,1731451525.5307283
-8161.784191344284,7807.889021383407,1731451525.5345864
-8211.360360546156,7857.934577218841,1731451525.538502
-8275.040480499325,7948.749714940753,1731451525.5435565
-8136.727885809885,7862.807257510097,1731451525.547822
-8015.983762262316,7756.301195180559,1731451525.5515747
-8321.733274666462,7790.54406768609,1731451525.5557213
-8322.448530489031,7896.916019548896,1731451525.559553
-8369.677766523095,7818.55080348859,1731451525.5627444
-8350.924652925092,7811.800576663087,1731451525.566704
-8316.391207741644,7825.479844269735,1731451525.5717404
-8253.359288377678,7791.214620019748,1731451525.5758083
-8190.729700413907,7791.6840066533105,1731451525.5797777
-8209.90749715656,7772.39445118838,1731451525.582775
-8360.066516407314,7753.306061423548,1731451525.5867531
-8221.217479850946,7730.1049506789395,1731451525.590794
-8136.70553406543,7740.274994406104,1731451525.5948763
-8126.624897316086,7846.043449168617,1731451525.5987923
-8270.167800208068,7825.703361714288,1731451525.603835
-8324.661353190108,7762.850256305964,1731451525.6078768
-8223.139729874103,7697.471403774191,1731451525.6107228
-8317.50879496441,7723.086502919973,1731451525.614814
-8287.02101552737,7776.864800079442,1731451525.620854
-8153.3799354290895,7809.163070817361,1731451525.624828
-8175.865790351127,7756.636471347389,1731451525.627817
-8320.638039188152,7705.070996888995,1731451525.6318977
-8316.413559486098,7656.321842231971,1731451525.6358645
-7977.270540865725,7799.171841045838,1731451525.6387956
-8147.99316501536,7773.981425044707,1731451525.6427112
-8370.147153156657,7688.262485058604,1731451525.6468651
-8352.533978525875,7700.310075320015,1731451525.6507416
-8281.813059069284,7680.305264032515,1731451525.6549387
-8186.505220711854,7665.262540014093,1731451525.6597798
-8264.177532694046,7693.00105488313,1731451525.6637433
-8304.142451780135,7675.723156419177,1731451525.666885
-8010.485233126311,7681.825182655476,1731451525.670892
-8043.476407942344,7596.240353136105,1731451525.6748848
-8437.984697578513,7653.8631503418865,1731451525.678901
-8334.920803895093,7711.463595803213,1731451525.6830246
-8357.98780417297,7711.709464992222,1731451525.6869414
-8234.405009079577,7686.340235035448,1731451525.6920412
-8257.673175057553,7627.577498862446,1731451525.694984
-8199.871563896128,7595.525097313535,1731451525.6989396
-8186.214648033935,7706.85913644542,1731451525.702898
-8199.983322618404,7678.628883198367,1731451525.706976
-8147.881406293083,7590.563010044457,1731451525.711069
-8183.577142188209,7648.632842139345,1731451525.7160485
-8220.077540883725,7668.28002551556,1731451525.7188215
-8340.151112097636,7644.430714181747,1731451525.7220092
-8254.409820367076,7628.337458173926,1731451525.7268898
-8190.103851569159,7595.16746940225,1731451525.7309742
-8163.169999500514,7565.193780087684,1731451525.734828
-8167.394479202567,7570.848771434877,1731451525.7390049
-8201.369130774634,7617.407455135281,1731451525.7428992
-8395.672845324618,7579.45419305017,1731451525.7470615
-8256.019145967859,7497.915029277209,1731451525.7500992
-8161.940653555472,7473.350462120827,1731451525.7550688
-8333.13266433867,7654.712516631189,1731451525.7591126
-8250.20769240948,7653.907853830798,1731451525.7631357
-8147.948461526449,7581.108222139862,1731451525.7671025
-8232.01337242286,7553.056782848452,1731451525.771202
-8153.80461857374,7527.48638719158,1731451525.7751837
-8095.064234145193,7585.31035009746,1731451525.7780256
-8296.811079598794,7562.757439942055,1731451525.7831204
-8403.473604139519,7523.552480167446,1731451525.7870953
-8256.644994812608,7502.00539851253,1731451525.7911932
-8070.164390821981,7433.653763968202,1731451525.7962067
-8003.131509200515,7494.450508886637,1731451525.8000276
-8354.567987271308,7585.8244402199325,1731451525.8031695
-8424.28307822741,7548.385268257292,1731451525.806142
-8246.407895852077,7540.830378631399,1731451525.8099697
-8181.207857275946,7504.777014824988,1731451525.8151648
-8277.767393322873,7490.963636751609,1731451525.818995
-8286.104594004702,7510.767282339011,1731451525.8231854
-8228.48179679892,7501.044273500953,1731451525.8260028
-8062.341280262623,7390.716062869556,1731451525.8302257
-7994.190811418392,7355.824989774823,1731451525.8339868
-8566.686042152172,7535.912994851232,1731451525.8380644
-8172.893008338572,7584.59509427489,1731451525.8430257
-8047.87970160004,7525.698247635156,1731451525.8471916
-8265.11630596117,7500.19490721165,1731451525.8510652
-8299.694454633529,7476.926741233676,1731451525.8542173
-8195.870601638628,7463.71686026059,1731451525.858186
-8275.77808806635,7434.704295957601,1731451525.8622537
-8325.287202034855,7404.596496176303,1731451525.8660576
-8225.15138687508,7382.736490099012,1731451525.871214
-8096.181821367958,7333.8308732308,1731451525.8752103
-8100.629818514564,7491.254209429528,1731451525.8792691
-8212.321485557733,7476.14443017774,1731451525.8821151
-8402.244258194478,7451.6469182547235,1731451525.8863163
-8206.375921532623,7471.137639419751,1731451525.8902647
-8168.243845491868,7426.65766795369,1731451525.8942547
-8278.505000889898,7423.416665007671,1731451525.8992393
-8257.673175057553,7402.853060108789,1731451525.9032753
-8139.164225955514,7374.913379539655,1731451525.9072683
-8154.832798818684,7348.292451893384,1731451525.9100764
-8187.131069556603,7298.090433846764,1731451525.9142995
-8299.962675566992,7437.498264014514,1731451525.9181497
-8386.978016731504,7406.339932243816,1731451525.9223456
-8276.82862005575,7456.452543312615,1731451525.9270985
-8168.243845491868,7432.223252323062,1731451525.931306
-8123.115673436603,7374.242827205995,1731451525.9341335
-8262.031765226337,7347.867768748733,1731451525.9381323
-8282.371852680666,7365.771516057434,1731451525.9423387
-8191.824935892218,7369.414850403649,1731451525.9463882
-8165.449877434955,7325.761893482434,1731451525.950209
-8179.151496786058,7278.890285359655,1731451525.9543283
-8108.274115118279,7289.373253509195,1731451525.959185
-8317.888774620149,7393.688844882113,1731451525.9623616
-8280.91898929107,7330.232242373496,1731451525.9662054
-8303.091919790735,7353.925091496121,1731451525.9704232
-8216.970648404438,7372.141763227197,1731451525.9744463
-8101.74740573733,7298.604523969237,1731451525.9782946
-8104.65313251652,7207.3423513582175,1731451525.98226
-8243.591576050709,7400.394368218705,1731451525.987326
-8302.734291879451,7406.22817352154,1731451525.9905012
-8268.223198440457,7365.168018957141,1731451525.994347
-8184.404156733055,7317.692913734068,1731451525.9983685
-8278.281483445346,7257.477314171471,1731451526.0024338
-8232.527462545331,7240.825264552268,1731451526.0064712
-8290.574942895764,7220.306363142296,1731451526.0105116
-8154.13989474057,7299.766814680912,1731451526.0155604
-8248.620718553153,7291.9213523770995,1731451526.0182507
-8253.716916288962,7276.185724280564,1731451526.0225377
-8168.512066425332,7267.043860798342,1731451526.0263293
-8211.226250079424,7188.455127293483,1731451526.0315547
-8153.446990662455,7292.167221566108,1731451526.0342762
-8231.05224741128,7329.762855739935,1731451526.0383177
-8102.999103426827,7287.316893019306,1731451526.042306
-8150.384801672078,7299.051558858342,1731451526.0466063
-8376.629159048696,7232.935098759544,1731451526.0495768
-8264.06577397177,7181.123755112142,1731451526.0555592
-8018.665971596954,7276.252779513929,1731451526.0583968
-8299.806213355805,7299.006855369432,1731451526.062602
-8326.293030535344,7237.830130795256,1731451526.066634
-8279.77905032385,7174.8205631757455,1731451526.0696037
-8128.368333383601,7196.546458786304,1731451526.0735505
-8164.846380334661,7271.335395733762,1731451526.0773404
-8203.760767431351,7218.182947419042,1731451526.0816417
-8293.950056308515,7188.857458693678,1731451526.0868497
-8271.285387430833,7201.866173966668,1731451526.0907786
-8214.355494303167,7169.612606717659,1731451526.0946753
-8199.893915640583,7161.543626969294,1731451526.097752
-8160.420734932511,7119.947030537967,1731451526.1014783
-8096.897077190528,7105.798376297757,1731451526.1057556
-8242.451637083488,7259.488971172449,1731451526.1094384
-8231.253413111379,7274.330529490773,1731451526.1146164
-8192.495488225877,7173.23358931942,1731451526.1184716
-8299.716806377985,7162.594158958693,1731451526.1226149
-8147.590833615164,7167.086859594209,1731451526.127694
-8204.297209298278,7169.813772417757,1731451526.1296132
-8306.243515758933,7158.36967925664,1731451526.1338563
-8254.521579089354,7137.001411557367,1731451526.1379411
-8013.547422116688,7152.982908842911,1731451526.1425335
-8024.499776899788,7121.26578346083,1731451526.1466737
-8433.112017287256,7202.268505366863,1731451526.1505983
-8391.627179578207,7194.311284340773,1731451526.1536963
-8190.841459136183,7143.975155827422,1731451526.1576283
-8118.51121407881,7133.849815589168,1731451526.161677
-8208.812261678251,7113.9791147684,1731451526.1657107
-8269.452544385498,7085.145364421054,1731451526.1706915
-8130.357638640123,7125.0432282737775,1731451526.174714
-7953.801209187653,7086.933503977479,1731451526.177918
-8172.021290304815,7062.860675199113,1731451526.1827908
-8454.122657075246,7017.240764765831,1731451526.1857283
-8450.43461924012,7087.246428399852,1731451526.1897497
-8104.943705194439,7199.251019865396,1731451526.193608
-8250.431209854032,7158.839065890202,1731451526.1987588
-8339.279394063878,7079.44566958495,1731451526.2027557
-8288.563285894787,7017.866613610579,1731451526.2056904
-8174.23411300589,7034.071628340677,1731451526.2096732
-8079.082736859648,7064.000614166333,1731451526.213827
-8133.375124141589,7090.398024368051,1731451526.2177436
-8237.981288192426,7159.621376946137,1731451526.2218287
-8209.773386689829,7104.993713497367,1731451526.22669
-8186.795793389773,7018.134834544044,1731451526.2309067
-8210.712159956951,6986.23889520632,1731451526.2337985
-8302.019036056881,7119.723513093414,1731451526.2377737
-8248.10662843068,7155.195731543986,1731451526.241964
-8186.19229628948,7095.650684315048,1731451526.2458515
-8249.939471476016,7059.35145131963,1731451526.2499492
-8173.138877527581,7021.2640787677865,1731451526.2539177
-8132.034019474271,7036.977355119867,1731451526.258781
-8125.015571715305,7014.066817053177,1731451526.261852
-8181.096098553669,7008.43417745044,1731451526.2658265
-8358.74776348445,7044.331079045664,1731451526.2698855
-8251.10176218769,7028.617802693582,1731451526.2739236
-8199.089252840193,7011.406959462996,1731451526.277854
-8170.881351337594,7023.789825891236,1731451526.2819176
-8037.553195661688,6923.586955498095,1731451526.2858517
-8280.673120102063,7024.236860780342,1731451526.2888408
-8230.493453799898,7144.757466883358,1731451526.2938633
-8281.63424511364,7027.634325937549,1731451526.2977731
-8294.486498175442,6994.643151121516,1731451526.301858
-8195.065938838237,7045.783942435258,1731451526.3059793
-8217.752959460373,7047.192102335943,1731451526.3097775
-8244.642108040109,6992.519735398261,1731451526.3140266
-8283.645902114618,6975.532409612229,1731451526.317116
-8255.259186656378,6986.9988545178,1731451526.3219376
-8246.430247596532,6983.266113193765,1731451526.325765
-8207.135880844102,6941.647165017983,1731451526.3300164
-7985.96536945884,6887.086556802578,1731451526.3339489
-7942.178302070893,6814.4657390672855,1731451526.3379085
-8245.647936540596,7039.167826076488,1731451526.3420722
-8444.421999981643,7134.185091755998,1731451526.3450956
-8287.155125994102,7067.800410723736,1731451526.3500535
-8256.53323609033,6992.609142376083,1731451526.354088
-8196.362340016645,6980.181572458932,1731451526.3578968
-8203.917229642539,6965.988214729812,1731451526.362003
-8289.457355673,6939.479045805818,1731451526.3661067
-8287.602160883209,6923.430493286907,1731451526.3690217
-8069.695004188419,6864.801867580637,1731451526.3730576
-7811.040617351606,6755.568892427551,1731451526.3769076
-8354.210359360022,6963.328357139631,1731451526.38206
-8438.76700863445,6987.155316728988,1731451526.3860638
-8289.747928350918,6989.904581296991,1731451526.3901863
-8220.613982750652,7034.719828929881,1731451526.3940513
-8253.06871569976,6980.159220714477,1731451526.398136
-8283.131811992147,6917.730798450804,1731451526.4010804
-8261.674137315053,6909.393597768974,1731451526.4051535
-8156.151551741547,6916.188528083388,1731451526.4100208
-7968.553360528155,6874.100193274045,1731451526.414081
-7898.145365493938,6681.897542702859,1731451526.4179685
-8482.397613811208,6882.035062555678,1731451526.4211595
-8389.302598154854,7042.386477278052,1731451526.425168
-8259.64012856962,6990.731595841837,1731451526.4291313
-8270.21250369698,6964.5577030846725,1731451526.433109
-8278.214428211979,6927.118531122033,1731451526.4391303
-8187.0193108343265,6902.330446521098,1731451526.4421115
-8176.737508384885,6878.637597398472,1731451526.446138
-8215.361322803656,6859.392745422452,1731451526.4491353
-8110.106958163615,6801.904058683403,1731451526.4531655
-8124.434426359467,6815.270401867677,1731451526.4571369
-8183.465383465932,6941.580109784617,1731451526.4611948
-8328.684667192063,6938.227348116321,1731451526.4651787
-8385.033414963891,6888.919399847913,1731451526.4701917
-8290.373777195666,6871.507390917229,1731451526.474214
-8180.112621797636,6892.473327216307,1731451526.4770796
-8160.934825054983,6879.442260198863,1731451526.481275
-8251.548797076797,6813.281096611154,1731451526.485016
-8253.202826166491,6836.415152122397,1731451526.4892733
-8216.836537937706,6841.4666463692965,1731451526.493054
-7932.56705195511,6668.710013474228,1731451526.4981658
-7960.953767413351,6724.812892057049,1731451526.5021589
-8140.147702711547,6902.822184899114,1731451526.5053215
-8256.265015156867,6960.37792687153,1731451526.5090623
-8558.21473100361,6998.4876511678285,1731451526.5133052
-8409.016836764436,6934.94164168139,1731451526.5171998
-8303.382492468654,6865.40536468093,1731451526.5212653
-8219.563450761254,6854.967100020302,1731451526.5261903
-8200.76563367434,6838.940899245847,1731451526.529323
-8282.885942803137,6828.614393307495,1731451526.5333877
-8267.865570529171,6819.316067614087,1731451526.537272
-8224.81611070825,6832.235375909255,1731451526.5411096
-8205.437148265499,6833.174149176378,1731451526.5453365
-8224.413779308055,6812.58819253304,1731451526.5493312
-8246.63141329663,6769.739898412216,1731451526.5533724
-8091.778527710263,6716.766264053138,1731451526.5571964
-7908.963609810306,6703.377569124409,1731451526.560201
-8085.944722407427,6873.519047918207,1731451526.565406
-8343.325059810288,6885.812507368625,1731451526.5693488
-8426.652363139674,6846.696954571838,1731451526.5732725
-8310.356236738711,6875.910684574925,1731451526.5793335
-8249.760657520374,6846.696954571838,1731451526.5823872
-8274.124058976658,6803.334570328542,1731451526.585215
-8231.432227067022,6797.880744681447,1731451526.5884285
-8046.2033207658915,6745.845883589493,1731451526.5922022
-7813.029922608129,6669.492324530163,1731451526.5983267
-8482.956407422591,6860.0185942672015,1731451526.601265
-8446.277194771434,6821.551242059618,1731451526.605585
-8313.753701895917,6809.548355287118,1731451526.6092815
-8219.719912972441,6833.911756743402,1731451526.6133068
-8251.01235520987,6784.96143638628,1731451526.616494
-8243.815093495261,6767.929407111336,1731451526.621565
-8223.787930463306,6784.939084641825,1731451526.6254468
-8223.162081618557,6774.545523470107,1731451526.6294403
-8247.81605575276,6741.152017253879,1731451526.633476
-8004.763186545752,6612.741245358139,1731451526.6364515
-7728.76384601162,6713.324095407021,1731451526.6405015
-8489.974855181557,6954.588825057605,1731451526.644526
-8517.06516946139,6832.861224754003,1731451526.6484993
-8335.1666730841,6778.926465383347,1731451526.6533284
-8258.58959658022,6767.43766873332,1731451526.6575243
-8226.045456653292,6771.058651335079,1731451526.6614988
-8239.165930648558,6756.798238372593,1731451526.664508
-8271.285387430833,6733.2842032056105,1731451526.6683378
-8222.446825795987,6719.80610129906,1731451526.672644
-8222.33506707371,6727.0704182470345,1731451526.6763628
-8252.174645921546,6736.458150918264,1731451526.6815245
-8245.916157474061,6739.565043397552,1731451526.685364
-8266.166837950568,6745.264738233655,1731451526.6896224
-8135.99027824286,6683.484516559186,1731451526.6923327
-7825.949230903296,6578.498372852609,1731451526.6965556
-8038.335506717623,6689.586542795485,1731451526.700452
-8601.934743158192,6853.290719186154,1731451526.704581
-8424.975982305525,6817.907907713403,1731451526.7094238
-8258.20961692448,6788.090680610023,1731451526.7136276
-8260.713012303473,6732.412485171853,1731451526.7174916
-8261.674137315053,6720.409598399353,1731451526.7206335
-8255.147427934102,6726.399865913376,1731451526.7246466
-8237.489549814409,6710.530127350107,1731451526.7285995
-8170.613130404131,6647.386449263865,1731451526.732712
-7907.063711531605,6552.1456661398015,1731451526.7376733
-8065.559931464188,6813.34815184452,1731451526.7416751
-8504.570544310875,6845.914643515903,1731451526.74567
-8407.85454605276,6762.76615414216,1731451526.748654
-8314.379550740667,6712.742950051183,1731451526.7525651
-8265.87626527265,6723.292973434088,1731451526.756676
-8218.982305405416,6703.690493546784,1731451526.7605946
-8205.81712792124,6692.358159107943,1731451526.7647529
-8248.330145875234,6671.638091997874,1731451526.7696102
-8234.96380269096,6681.696377002761,1731451526.7726393
-8246.385544107621,6700.628304556407,1731451526.7765472
-8169.719060625918,6597.854983550905,1731451526.78072
-8125.46260660441,6658.383507535877,1731451526.7845104
-8341.201644087034,6777.272436293654,1731451526.78873
-8263.998718738403,6724.947002523781,1731451526.7925704
-8152.932900539983,6654.807228423028,1731451526.7976243
-8271.911236275582,6671.191057108767,1731451526.8005607
-8177.765688629829,6653.108495844424,1731451526.8047633
-8090.660940487497,6696.672045787817,1731451526.8087409
-8369.566007800819,6733.977107283725,1731451526.8127398
-8407.295752441378,6720.789578055093,1731451526.8167553
-8333.624402716685,6648.392277764354,1731451526.8207705
-8261.674137315053,6667.078336128991,1731451526.825588
-8212.500299513376,6724.701133334772,1731451526.828734
-8235.097913157691,6679.327092090499,1731451526.8336744
-8154.028136018293,6666.631301239884,1731451526.836763
-8219.25052633888,6657.712955202217,1731451526.8407393
-8213.327314058222,6646.022992852091,1731451526.8447683
-8065.9846146088385,6507.129252806813,1731451526.8488848
-8113.616182043098,6538.131122366324,1731451526.852837
-8416.974057790525,6828.033247951656,1731451526.8567548
-8307.897544848627,6847.479265627774,1731451526.8597343
-8313.552536195819,6717.213298942244,1731451526.8648748
-8302.26490524589,6681.450507813753,1731451526.8687
-8272.179457209046,6674.744984477161,1731451526.872882
-8221.418645551044,6676.84604845596,1731451526.876693
-8245.647936540596,6651.566225477008,1731451526.880902
-8277.320358433766,6649.353402775932,1731451526.8837588
-8229.219404365946,6658.875245913893,1731451526.8878913
-8076.825210669663,6617.345704715933,1731451526.8927116
-7929.817787387108,6541.819160201449,1731451526.896944
-8231.76750323385,6647.811132408516,1731451526.9006948
-8530.275050434477,6659.456391269731,1731451526.904912
-8299.426233700065,6710.418368627831,1731451526.907771
-8266.323300161755,6755.47948544973,1731451526.9119053
-8248.01722145286,6685.674987515806,1731451526.9158912
-8263.417573382565,6667.3689088069095,1731451526.920974
-8260.713012303473,6667.279501829088,1731451526.9249103
-8232.3933520786,6664.865513427915,1731451526.9289272
-8274.749907821406,6628.700390899228,1731451526.9329412
-8281.097803246714,6641.351478260932,1731451526.9360597
-8224.167910119046,6648.0570015975245,1731451526.93993
-8149.378973171589,6588.40019564631,1731451526.943886
-7994.190811418392,6522.998991370081,1731451526.948004
-8122.065141447204,6656.260091812622,1731451526.9530413
-8408.14511873068,6757.111162794968,1731451526.957036
-8306.623495414675,6716.587450097496,1731451526.961063
-8290.35142545121,6694.012188197636,1731451526.9650836
-8240.618794038153,6596.670341094773,1731451526.9678671
-8234.472064312944,6635.36121074691,1731451526.9719372
-8265.049250727803,6726.913956035848,1731451526.9770803
-8251.213520909969,6656.349498790443,1731451526.9810848
-8274.526390376854,6626.129940286868,1731451526.9848735
-8261.227102425946,6637.55168170353,1731451526.989106
-8121.662810047008,6648.973423120192,1731451526.9928937
-8040.235404996325,6632.008449078614,1731451526.9961164
-8359.887702451671,6537.684087477218,1731451527.000202
-8346.051972633835,6562.561579055975,1731451527.0041068
-8176.290473495779,6652.12501908839,1731451527.0090067
-8185.968778844926,6669.671138485806,1731451527.013143
-8312.97139083998,6665.871341928404,1731451527.0161777
-8243.457465583977,6598.547887629019,1731451527.020119
-8122.266307147302,6511.420787742232,1731451527.0241687
-8312.144376295135,6673.672100743306,1731451527.0280795
-8291.200791740512,6702.215278412733,1731451527.032134
-8240.998773693893,6663.1444291048565,1731451527.037078
-8227.163043876059,6653.957862133725,1731451527.0411077
-8252.53227383283,6647.520559730597,1731451527.044154
-8251.682907543529,6619.223251250178,1731451527.0480487
-8219.161119361057,6594.055186993503,1731451527.052076
-8185.074709066715,6561.198122644201,1731451527.0561917
-8085.452984029411,6600.73835858564,1731451527.0599782
-8279.01909101237,6658.897597658348,1731451527.0651915
-8343.950908655037,6628.543928688041,1731451527.0689664
-8281.567189880276,6617.859794838405,1731451527.072115
-8162.432391933488,6627.783969376561,1731451527.076059
-8257.986099479926,6598.771405073572,1731451527.0801988
-8258.388430880123,6579.191276930724,1731451527.0840352
-8291.983102796448,6602.884126053349,1731451527.0881364
-8222.715046729452,6609.276724967566,1731451527.093017
-8060.30727151719,6542.042677646003,1731451527.0981176
-8131.564632840709,6388.083861837848,1731451527.1010668
-8279.577884623754,6554.626709774341,1731451527.104261
-8340.93342315357,6747.835188846015,1731451527.10913
-8317.97818159797,6681.450507813753,1731451527.1122973
-8203.023159864326,6667.972405907203,1731451527.1161673
-8271.955939764493,6622.039571051547,1731451527.1202593
-8277.83444855624,6613.232983736156,1731451527.124241
-8227.632430509619,6601.520669641575,1731451527.1282685
-8258.701355302495,6578.341910641421,1731451527.132207
-8250.721782531951,6579.012462975081,1731451527.137108
-8049.846655112106,6578.297207152511,1731451527.1401193
-8136.191443942958,6522.663715203252,1731451527.144308
-8374.215170647523,6552.480942306632,1731451527.148154
-8320.749797910428,6611.869527324382,1731451527.152156
-8328.908184636615,6595.306884682999,1731451527.156354
-8268.111439718181,6600.581896374452,1731451527.160242
-8253.783971522329,6597.095024239425,1731451527.1643064
-8270.033689741336,6575.592646073419,1731451527.1671035
-8239.00946843737,6576.106736195891,1731451527.1713424
-8162.007708788838,6551.273948106044,1731451527.1761484
-8060.419030239467,6498.47912770261,1731451527.1803565
-8209.549869245277,6461.41993539571,1731451527.1841772
-8189.433299235499,6590.501259625109,1731451527.1883492
-8195.758842916352,6658.338804046965,1731451527.1921716
-8194.104813826658,6675.549647277552,1731451527.195439
-8404.792357062383,6646.715896930206,1731451527.1993692
-8340.307574308823,6613.009466291603,1731451527.2043595
-8255.192131423013,6612.942411058237,1731451527.2082016
-8241.423456838544,6579.370090886366,1731451527.212416
-8269.519599618865,6549.418753316254,1731451527.2164428
-8294.128870264158,6544.791942214006,1731451527.2194571
-8233.890918957106,6606.572163888474,1731451527.223499
-8142.472284134899,6591.216515447679,1731451527.2273605
-8193.903648126561,6571.949311727204,1731451527.2323835
-8297.280466232356,6549.597567271897,1731451527.2363896
-8051.0760010571485,6565.780230257539,1731451527.2414649
-8003.913820256451,6545.574253269941,1731451527.245499
-8386.195705675567,6587.573181101463,1731451527.2483747
-8482.464669044575,6584.466288622176,1731451527.2512665
-8290.776108595861,6569.11064018138,1731451527.255685
-8237.064866669758,6545.753067225584,1731451527.2614627
-8268.15614320709,6578.319558896967,1731451527.2644804
-8264.602215838697,6598.59259111793,1731451527.2682855
-8217.752959460373,6569.2223989036565,1731451527.2723448
-7996.850669008573,6566.339023868922,1731451527.2763207
-8001.097500455082,6533.392552541799,1731451527.280538
-8264.624567583152,6572.329291382944,1731451527.2855313
-8430.42980795262,6603.018236520081,1731451527.288396
-8298.174536010569,6650.247472554144,1731451527.2923512
-8264.646919327608,6640.524463716086,1731451527.296608
-8226.023104908838,6595.4633468941865,1731451527.2996123
-8274.280521187846,6588.489602624131,1731451527.3033996
-8200.452709251966,6564.886160479327,1731451527.3075092
-8257.315547146267,6551.206892872679,1731451527.3116484
-8283.243570714423,6567.702480280695,1731451527.3156688
-8315.720655407984,6556.638366775319,1731451527.320609
-8196.541153972286,6555.341965596911,1731451527.324546
-8238.718895759452,6565.891988979815,1731451527.3276117
-8280.78487882434,6557.197160386701,1731451527.3316233
-8224.257317096868,6565.154381412791,1731451527.33548
-8015.022637250739,6529.86097691786,1731451527.3395762
-8142.472284134899,6483.95049380666,1731451527.3434317
-8262.456448370987,6586.835573534439,1731451527.3484645
-8362.905187953138,6640.658574182818,1731451527.3526158
-8352.51162678142,6622.397198962832,1731451527.355625
-8156.352717441645,6633.371905490388,1731451527.3594508
-8052.707678402386,6595.35158817191,1731451527.3636763
-8372.114106668723,6580.577085086952,1731451527.3675349
-8342.36393479871,6594.435166649243,1731451527.371654
-8239.702372515485,6599.3078469405,1731451527.3764873
-8233.801511979284,6585.002730489103,1731451527.3806589
-8290.016149284382,6570.675262293251,1731451527.3835564
-8201.704406941462,6529.257479817567,1731451527.3878076
-7946.581595728589,6510.482014475109,1731451527.391658
-8256.913215746072,6600.224268463167,1731451527.3956952
-8437.939994089604,6587.908457268293,1731451527.3996954
-8248.598366808697,6568.2836256365335,1731451527.4046288
-8211.807395435262,6649.59927196494,1731451527.4079063
-8275.800439810806,6576.73258504064,1731451527.410669
-8307.674027404073,6575.279721651044,1731451527.4156988
-8294.665312131085,6581.9628932431815,1731451527.419736
-8248.285442386323,6585.315654911477,1731451527.42374
-8138.828949788684,6540.76862821205,1731451527.4277947
-7960.149104612959,6466.203208709146,1731451527.431609
-8302.68958839054,6502.8377178713945,1731451527.4357135
-8278.214428211979,6693.408691097342,1731451527.4387465
-8370.70594676804,6650.694507443251,1731451527.443612
-8297.414576699088,6623.581841418963,1731451527.4477484
-8263.909311760583,6599.084329495947,1731451527.4515889
-8257.717878546462,6592.714082326184,1731451527.4556675
-8224.883165941616,6602.392387675332,1731451527.4596004
-8245.2456051404,6585.628579333852,1731451527.463788
-8262.568207093263,6523.356619281366,1731451527.4667532
-8100.227487114369,6472.081717500892,1731451527.471831
-8233.890918957106,6643.340783517455,1731451527.4756913
-8287.557457394298,6658.65172846934,1731451527.479777
-8270.167800208068,6571.68109079374,1731451527.4836135
-8295.358216209199,6607.890916811338,1731451527.4898508
-8268.513771118376,6639.205710793222,1731451527.4926825
-8239.769427748852,6608.606172633908,1731451527.4969163
-8279.68964334603,6583.68397756624,1731451527.4997067
-8270.950111264005,6580.5547333424975,1731451527.5036912
-8217.52944201582,6588.2437334351225,1731451527.5078535
-8018.934192530417,6524.541261737498,1731451527.5119133
-7946.916871895418,6469.153638977246,1731451527.5147069
-8551.2186349891,6707.1103104484455,1731451527.5187397
-8342.654507476629,6700.225973156211,1731451527.5228684
-8260.958881492483,6646.090048085457,1731451527.52674
-8252.800494766296,6580.912361253782,1731451527.5320463
-8295.872306331672,6592.334102670444,1731451527.5359535
-8269.720765318962,6588.377843901854,1731451527.540016
-8247.078448185735,6598.59259111793,1731451527.5437715
-8250.341802876212,6599.799585318517,1731451527.5478587
-8275.889846788627,6570.2505791486,1731451527.553043
-8228.77236947684,6575.257369906589,1731451527.5570185
-8054.607576681087,6524.496558248587,1731451527.5597794
-8089.878629431561,6513.0524650874695,1731451527.5650575
-8287.445698672022,6590.613018347385,1731451527.5688903
-8355.774981471895,6638.445751481742,1731451527.5729833
-8348.108333123724,6641.262071283111,1731451527.575812
-8192.473136481422,6647.073524841491,1731451527.5790749
-8310.088015805248,6636.747018903139,1731451527.5830295
-8306.668198903584,6618.329181471966,1731451527.5870268
-8226.492491542398,6614.417626192288,1731451527.591921
-8214.802529192273,6591.171811958768,1731451527.5960915
-8273.855838043195,6578.945407741715,1731451527.5991344
-8281.388375924633,6594.748091071617,1731451527.603029
-8230.784026477817,6604.895783054327,1731451527.6070771
-8070.83494315564,6600.201916718712,1731451527.611034
-8112.230373886869,6542.690878235207,1731451527.615066
-8295.604085398209,6573.625692561352,1731451527.6200616
-8293.055986530302,6623.69360014124,1731451527.6240523
-8157.403249431044,6629.706219399717,1731451527.62807
-8366.995557188458,6596.983265517148,1731451527.6320682
-8380.048975950358,6573.424526861254,1731451527.6359856
-8271.330090919744,6606.460405166198,1731451527.640982
-8236.863700969661,6606.370998188377,1731451527.644024
-8218.803491449773,6579.884181008838,1731451527.6481557
-8180.917284598027,6570.2505791486,1731451527.65105
-8043.990498064816,6474.13807799078,1731451527.6551476
-8218.557622260765,6573.268064650067,1731451527.6591113
-8391.560124344842,6734.312383450554,1731451527.6631498
-8398.869144781727,6647.7664289196055,1731451527.666964
-8315.78771064135,6619.603230905918,1731451527.6711557
-8190.57323820272,6655.187208078767,1731451527.675986
-8226.716008986952,6616.697504126729,1731451527.6791468
-8292.631303385651,6562.2486546336,1731451527.6831343
-8271.754774064395,6605.812204576994,1731451527.687039
-8205.548906987775,6657.578844735485,1731451527.6911952
-8224.503186285876,6624.520614686086,1731451527.6951733
-8285.724614348963,6598.704349840206,1731451527.6991577
-8290.35142545121,6602.682960353251,1731451527.703133
-8232.080427656225,6629.88503335536,1731451527.707087
-8187.220476534424,6630.957917089215,1731451527.7100112
-8172.445973449466,6578.58777983043,1731451527.7151864
-8240.909366716072,6561.86867497786,1731451527.7192132
-8221.82097695124,6584.466288622176,1731451527.7232049
-8223.475006040931,6632.991925834647,1731451527.7271888
-8251.571148821253,6651.342708032455,1731451527.7312176
-8387.112127198236,6638.98219334867,1731451527.73517
-8299.73915812244,6623.581841418963,1731451527.738165
-8202.10673834166,6656.975347635192,1731451527.74309
-8282.148335236114,6649.398106264843,1731451527.7471912
-8272.671195587063,6612.897707569327,1731451527.7511597
-8272.537085120332,6573.670396050263,1731451527.7552657
-8166.589816402175,6638.222234037189,1731451527.7581563
-8301.996684312426,6651.298004543544,1731451527.7642896
-8267.954977506994,6570.138820426324,1731451527.7671328
-8263.931663505038,6669.469972785709,1731451527.7713556
-8208.946372144983,6655.768353434605,1731451527.7751062
-8241.311698116268,6652.549702233041,1731451527.7793603
-8284.316454448277,6659.344632547454,1731451527.7833552
-8229.934660188515,6626.64403040934,1731451527.7864015
-8233.62269802364,6650.828617909982,1731451527.7903917
-8285.054062015302,6668.821772196505,1731451527.7943287
-8323.02967584487,6645.106571329424,1731451527.7993228
-8308.858669860205,6638.736324159661,1731451527.8032975
-8203.023159864326,6603.688788853739,1731451527.8073375
-8014.285029683713,6570.451744848699,1731451527.811464
-8303.606009913208,6629.370943232888,1731451527.8142965
-8365.632100776686,6686.591409038474,1731451527.8182015
-8186.751089900862,6701.768243523628,1731451527.8224392
-8219.988133905905,6707.2220691707225,1731451527.826314
-8348.063629634813,6640.479760227176,1731451527.8314495
-8198.552810973264,6652.08031559948,1731451527.8352337
-8182.884238110094,6655.321318545499,1731451527.8394313
-8239.054171926282,6660.1492953478455,1731451527.842245
-8306.444681459032,6623.4030274633205,1731451527.846253
-8349.024754646392,6592.959951515192,1731451527.8502944
-8309.573925682775,6619.9385070727485,1731451527.854502
-8183.912418355038,6660.50692325913,1731451527.8593235
-8185.007653833349,6634.020106079592,1731451527.863478
-8289.613817884185,6608.539117400542,1731451527.867412
-8328.4164462586,6627.292230998544,1731451527.8705397
-8245.06679118476,6702.304685390554,1731451527.8745797
-8294.508849919897,6679.528257790596,1731451527.8785448
-8288.74209985043,6655.120152845401,1731451527.8825016
-8278.616759612174,6643.005507350625,1731451527.8873837
-8217.82001469374,6646.045344596547,1731451527.8914964
-8280.4048991686,6667.346557062454,1731451527.89459
-8261.517675103865,6631.717876400695,1731451527.8985476
-7972.487267552289,6537.013535143559,1731451527.9024792
-8190.752052158363,6631.539062445052,1731451527.906521
-8376.293882881866,6773.427936247342,1731451527.9105542
-8362.614615275219,6713.078226218013,1731451527.9156077
-8319.855728132216,6683.126888647901,1731451527.919633
-8157.760877342329,6660.059888370024,1731451527.922629
-8137.75606605483,6648.258167297622,1731451527.9263504
-8324.16961481209,6705.545688336574,1731451527.9315813
-8368.314310111322,6668.374737307398,1731451527.9355576
-8306.22116401448,6673.403879809843,1731451527.9384584
-8234.87439571314,6677.717766489717,1731451527.9434178
-8187.779270145807,6654.941338889759,1731451527.9475703
-8217.931773416016,6629.996792077636,1731451527.9503574
-8218.579974005219,6600.604248118908,1731451527.9545977
-8309.864498360694,6624.855890852916,1731451527.9584296
-8305.50590819191,6672.643920498362,1731451527.9626353
-8315.228917029968,6662.026841882092,1731451527.9684875
-8323.521414222887,6678.0530426565465,1731451527.9716723
-8249.045401697804,6672.308644331532,1731451527.9754603
-8259.573073336252,6709.010208727147,1731451527.978654
-8202.91140114205,6685.697339260261,1731451527.9827163
-8111.492766319843,6645.2183300517,1731451527.9866388
-8353.808027959827,6679.37179557941,1731451527.9906468
-8231.745151489396,6685.473821815708,1731451527.994678
-8227.431264809522,6676.89075194487,1731451527.9987571
-8347.683649979073,6645.084219584968,1731451528.0027564
-8301.437890701043,6677.382490322887,1731451528.0057397
-8136.861996276617,6695.062720187035,1731451528.0095258
-8298.129832521658,6652.12501908839,1731451528.0147655
-8347.057801134324,6649.286347542567,1731451528.0185657
-8162.387688444578,6649.040478353558,1731451528.0226796
-8182.548961943265,6682.478688058697,1731451528.0265543
-8351.774019214394,6740.481464920219,1731451528.0307596
-8299.672102889073,6719.046141987579,1731451528.0345426
-8236.796645736295,6683.931551448292,1731451528.037664
-8186.684034667496,6689.8547637289485,1731451528.04253
-8178.860924108139,6704.741025536183,1731451528.0467355
-8431.86031959776,6653.734344689173,1731451528.0507057
-8281.12015499117,6666.027804139591,1731451528.0547595
-8240.305869615779,6703.578734824507,1731451528.058561
-8272.06769848677,6662.473876771197,1731451528.061768
-8333.780864927872,6616.205765748712,1731451528.065768
-8224.682000241519,6713.413502384842,1731451528.0707288
-8216.143633859592,6716.274525675121,1731451528.0747828
-8243.144541161602,6691.128813162901,1731451528.0787897
-8349.337679068765,6710.194851183278,1731451528.082816
-8290.485535917942,6694.772147509116,1731451528.0858457
-8253.58280582223,6718.979086754213,1731451528.0898144
-8218.53527051631,6680.064699657524,1731451528.0937831
-8271.911236275582,6701.030635956602,1731451528.097865
-8173.697671138963,6692.3134556190325,1731451528.102834
-8253.605157566686,6699.287199889088,1731451528.1068552
-8247.39137260811,6756.753534883683,1731451528.1108932
-8350.589376758264,6721.326019922021,1731451528.1138985
-8331.590393971252,6711.759473295149,1731451528.1176977
-8207.135880844102,6722.421255400331,1731451528.1219423
-8194.216572548936,6714.866365774437,1731451528.1256971
-8346.923690667592,6716.721560564228,1731451528.1309457
-8302.68958839054,6692.894600974871,1731451528.1347156
-8161.672432622008,6727.226880458222,1731451528.1377993
-8182.280741009801,6761.827380875037,1731451528.141682
-8294.844126086728,6717.012133242147,1731451528.1459472
-8346.07432437829,6704.495156347175,1731451528.1496964
-8310.244478016433,6747.522264423641,1731451528.1539724
-8246.139674918613,6686.770222994116,1731451528.158717
-8262.098820459703,6703.80225226906,1731451528.1629531
-8312.636114673152,6681.60697002494,1731451528.1659813
-8192.71900567043,6711.714769806239,1731451528.169947
-8291.916047563082,6827.2062334068105,1731451528.1739929
-8313.284315262355,6785.274360808655,1731451528.1778457
-8318.447568231531,6734.871177061937,1731451528.1819272
-8290.530239406853,6720.4319501438085,1731451528.1859844
-8129.262403161812,6737.061648018557,1731451528.1909497
-8269.072564729759,6690.167688151323,1731451528.1939871
-8436.95651733357,6754.719526138249,1731451528.1980088
-8308.635152415653,6773.427936247342,1731451528.2018144
-8222.53623277381,6751.210302258766,1731451528.2060256
-8222.24566009589,6750.226825502733,1731451528.2098503
-8224.033799652314,6739.945023053292,1731451528.2140927
-8160.756011099341,6696.649694043362,1731451528.2190783
-8096.226524856869,6659.657556969829,1731451528.222124
-8331.188062571056,6726.802197313571,1731451528.225851
-8460.202331567089,6833.151797431922,1731451528.230102
-8308.344579737734,6791.577552745051,1731451528.2338712
-8282.662425358585,6784.760270686183,1731451528.2380846
-8313.552536195819,6768.979939100736,1731451528.241829
-8297.63809414364,6740.749685853682,1731451528.246118
-8229.509977043865,6747.634023145917,1731451528.2491145
-8282.573018380765,6734.625307872929,1731451528.2541113
-8202.062034852748,6757.357031983976,1731451528.2580984
-8244.932680718026,6769.851657134493,1731451528.2621634
-8406.80401406336,6702.125871434912,1731451528.2661648
-8281.746003835917,6797.232544092244,1731451528.2701387
-8114.152623910025,6834.023515465679,1731451528.274099
-8265.742154805917,6778.121802582956,1731451528.277066
-8375.109240425736,6755.077154049534,1731451528.283101
-8359.46301930702,6750.293880736099,1731451528.2863765
-8292.631303385651,6756.95470058378,1731451528.2902665
-8242.96572720596,6762.9896715867135,1731451528.294408
-8303.31543723529,6729.126778736923,1731451528.3001032
-8346.007269144926,6734.267679961644,1731451528.3033247
-8208.253468066869,6756.641776161406,1731451528.3062823
-8169.584950159186,6763.548465198096,1731451528.3101811
-8123.026266458782,6793.388044045931,1731451528.314207
-8356.780809972382,6764.621348931951,1731451528.3180912
-8387.246237664967,6805.636800007439,1731451528.322171
-8292.228971985456,6799.758291215693,1731451528.3261013
-8261.361212892678,6756.328851739032,1731451528.3301685
-8310.758568138906,6752.372592970442,1731451528.3333027
-8314.424254229576,6776.780697915638,1731451528.338154
-8278.3038351898,6831.296602642132,1731451528.3421357
-8199.268066795834,6783.620331718962,1731451528.3462398
-8080.915579904984,6616.921021571282,1731451528.3500965
-8344.777923199883,6718.353237909465,1731451528.3532772
-8469.880636916238,6886.773632380204,1731451528.3573124
-8262.814076282273,6886.594818424562,1731451528.361591
-8319.632210687663,6830.849567753025,1731451528.3653555
-8317.17351879758,6812.543489044129,1731451528.3703885
-8270.771297308362,6813.437558822341,1731451528.3744032
-8271.307739175289,6806.530869785652,1731451528.378302
-8266.435058884032,6790.929352155848,1731451528.3814232
-8305.2600390029,6792.91865741237,1731451528.3851354
-8294.017111541882,6805.0780063960565,1731451528.389306
-8263.97636699395,6782.994482874213,1731451528.3931992
-8231.901613700582,6659.6799087142845,1731451528.3982513
-8176.290473495779,6800.540602271629,1731451528.4023097
-8296.274637731867,6890.774594637704,1731451528.4063497
-8348.801237201838,6848.149817961433,1731451528.4091136
-8282.125983491658,6802.708721483794,1731451528.4133537
-8247.257262141378,6784.715567197271,1731451528.4194288
-8295.06764353128,6827.094474684534,1731451528.422335
-8352.332812825778,6846.249919682732,1731451528.4261453
-8292.899524319117,6806.866145952481,1731451528.4303885
-8224.637296752608,6771.304520524088,1731451528.4341843
-8239.836482982217,6791.085814367034,1731451528.4373808
-8332.260946304912,6887.913571347424,1731451528.4414012
-8164.33229021219,6780.669901450861,1731451528.445401
-7968.5310087837,6742.023735287636,1731451528.449364
-8496.479212818052,6837.108056200512,1731451528.453365
-8408.703912342062,6896.206068540343,1731451528.4582508
-8350.298804080345,6884.337292234575,1731451528.4624488
-8319.676914176574,6852.776629063682,1731451528.465418
-8323.566117711796,6844.327669659576,1731451528.4693894
-8260.802419281295,6854.453009897829,1731451528.4734128
-8255.862683756672,6841.958384747313,1731451528.4773145
-8308.389283226643,6825.842776995037,1731451528.4814668
-8319.02871358737,6835.588137577551,1731451528.4864292
-8277.946207278515,6850.049716240134,1731451528.4893987
-8249.313622631267,6841.310184158109,1731451528.4933083
-8188.539229457288,6796.2043638473,1731451528.4972975
-8106.105995906115,6774.858447892481,1731451528.5012844
-8410.067368753835,6856.464666898807,1731451528.5074828
-8415.23062172301,6905.325580278109,1731451528.510386
-8273.788782809828,6870.680376372383,1731451528.5145037
-8307.852841359716,6834.224681165777,1731451528.5173335
-8300.141489522635,6818.06436992459,1731451528.5215049
-8152.172941228502,6857.492847143752,1731451528.5254033
-8305.371797725176,6860.152704733933,1731451528.5304787
-8395.963418002537,6819.58428854755,1731451528.5333416
-8354.41152506012,6827.854433996014,1731451528.5395448
-8136.839644532162,6822.422960093375,1731451528.5424168
-8002.528012100221,6904.766786666726,1731451528.545521
-8513.935925237647,6896.206068540343,1731451528.54947
-8474.574503251852,6865.315957703109,1731451528.5535376
-8304.254210502411,6877.072975286601,1731451528.557556
-8263.864608271671,6851.234358696265,1731451528.5615475
-8325.197795057034,6860.756201834226,1731451528.565554
-8336.105446351225,6904.073882588611,1731451528.5725985
-8266.949149006505,6897.368359252019,1731451528.5755205
-8253.58280582223,6897.614228441028,1731451528.5794983
-8291.848992329717,6878.034100298179,1731451528.5824215
-8315.273620518878,6841.958384747313,1731451528.5855403
-8193.009578348348,6859.057469255623,1731451528.589615
-8225.419607808544,6865.561826892117,1731451528.593541
-8257.002622723892,6851.435524396364,1731451528.597646
-8196.965837116937,6893.0768243166,1731451528.6015356
-8333.423237016588,6849.0438877396455,1731451528.6046276
-8253.58280582223,6888.181792280888,1731451528.608493
-8418.270458968933,6929.979554412313,1731451528.6145632
-8373.298749124855,6902.799833154659,1731451528.6176417
-8232.303945100779,6907.471347745818,1731451528.621674
-8290.574942895764,6921.955278152857,1731451528.6245909
-8333.020905616391,6901.525783720706,1731451528.6285613
-8340.531091753375,6890.1263940485,1731451528.6327069
-8212.008561135359,6884.73962363477,1731451528.637866
-8066.096373331115,6826.848605495526,1731451528.6415582
-8074.50062924631,6861.918492545902,1731451528.6457124
-8487.627922013751,6935.723952737326,1731451528.6497583
-8509.622038557773,6906.51022273424,1731451528.652697
-8332.864443405204,6950.118476166544,1731451528.65862
-8320.638039188152,6932.013563157745,1731451528.6615703
-8326.047161346336,6906.420815756419,1731451528.6657429
-8314.558364696308,6913.931001893402,1731451528.6697366
-8275.196942710512,6916.70261820586,1731451528.6737287
-8251.615852310164,6934.382848070008,1731451528.6777875
-8295.760547609396,6892.65214117195,1731451528.6807773
-8217.216517593446,6888.919399847913,1731451528.6845915
-8249.224215653447,6922.022333386223,1731451528.6916983
-8307.964600081992,6923.922231664924,1731451528.6948216
-8365.18506588758,6881.096289288555,1731451528.6987965
-8304.321265735778,6878.771707865204,1731451528.7018256
-8322.381475255666,6882.347986978053,1731451528.704882
-8261.964709992972,6929.174891611921,1731451528.7086697
-8113.772644254285,6959.148580926488,1731451528.7128248
-8252.979308721937,6902.621019199017,1731451528.7166476
-8349.918824424603,6937.713257993849,1731451528.7208564
-8224.436131052511,6944.172912141432,1731451528.725737
-8380.764231772928,6874.234303740776,1731451528.7298732
-8287.915085305582,6838.695030056839,1731451528.7328937
-8163.393516945067,6959.550912326684,1731451528.736878
-8303.941286080037,6976.247665434798,1731451528.740965
-8450.904005873681,6951.057249433667,1731451528.744866
-8395.069348224324,6941.513054551251,1731451528.7488017
-8338.318269052299,6951.548987811683,1731451528.7529805
-8247.234910396923,6950.364345355552,1731451528.75782
-8249.715954031462,6927.27499333322,1731451528.760894
-8360.692365252062,6891.333388249086,1731451528.7649007
-8352.89160643716,6904.655027944449,1731451528.768921
-8297.660445888096,6972.693738066404,1731451528.7729456
-8261.964709992972,6967.150505441488,1731451528.7768705
-8112.878574476073,6858.811600066615,1731451528.780951
-8158.096153509159,6823.965230460791,1731451528.7859485
-8313.97721934047,7011.2281455073535,1731451528.7888844
-8419.790377591895,6999.180555245943,1731451528.7927768
-8351.595205258753,6965.42942111843,1731451528.7968607
-8356.624347761197,6929.912499178947,1731451528.8008077
-8287.49040216093,6964.512999595761,1731451528.805001
-8240.171759149047,6934.114627136544,1731451528.8088713
-8273.162933965079,6888.271199258709,1731451528.814058
-8284.607027126196,6897.278952274198,1731451528.8169208
-8325.913050879604,6961.875493750035,1731451528.821027
-8351.550501769842,6998.398244190007,1731451528.8248923
-8341.827492931783,6971.643206077005,1731451528.828982
-8363.218112375513,6938.093237649588,1731451528.8330414
-8325.510719479409,6938.517920794239,1731451528.8371832
-8192.942523114983,6952.130133167521,1731451528.8411243
-8254.20865466698,6926.872661933025,1731451528.844039
-8363.41927807561,6834.49290209924,1731451528.8490715
-8258.723707046951,6962.970729228346,1731451528.8529153
-8264.311643160778,7025.421503236474,1731451528.8570385
-8277.29800668931,6995.403110432996,1731451528.8610747
-8393.57178134582,6952.577168056628,1731451528.8652587
-8381.65830155114,6956.466371591851,1731451528.8680763
-8336.261908562412,6973.520752611251,1731451528.872162
-8276.940378778027,6965.563531585161,1731451528.8759556
-8315.497137963432,6951.817208745148,1731451528.881198
-8306.444681459032,6925.1739293544215,1731451528.8851435
-8316.279449019366,6900.765824409226,1731451528.889218
-8218.512918771854,6932.259432346754,1731451528.8929515
-8181.207857275946,6905.325580278109,1731451528.8971665
-8290.172611495569,6924.302211320664,1731451528.899968
-8254.990965722915,7077.165791650509,1731451528.9042497
-8414.269496711433,7053.830570439169,1731451528.9089935
-8304.902411091616,7020.079436311655,1731451528.9131415
-8267.664404829075,6975.621816590049,1731451528.9170763
-8370.236560134479,6956.891054736502,1731451528.9212673
-8343.41446678811,6980.069813736655,1731451528.9243956
-8300.968504067481,6980.986235259323,1731451528.9281511
-8318.961658354005,6937.065057404645,1731451528.9322064
-8061.648376184509,6918.222536828821,1731451528.9361997
-8349.449437791043,6966.547008341195,1731451528.9411905
-8475.781497452439,7027.075532326167,1731451528.9452424
-8371.220036890512,6995.313703455175,1731451528.949283
-8346.07432437829,6958.723897781837,1731451528.9522245
-8291.31255046279,7007.33894197213,1731451528.9562232
-8182.727775898908,7028.684857926948,1731451528.9602432
-8172.200104260458,6967.798706030692,1731451528.964296
-8372.941121213571,6915.115644349533,1731451528.969074
-8443.036191825413,6981.969712015357,1731451528.974193
-8354.07624889329,7006.802500105203,1731451528.9770567
-8336.619536473696,6983.333168427131,1731451528.9811869
-8244.172721406547,6959.28269139322,1731451528.9840915
-8194.015406848837,7009.14943327301,1731451528.9881852
-8340.642850475651,6978.684005580427,1731451528.9931035
-8324.728408423473,7007.897735583513,1731451528.9972608
-8388.676749310107,7030.718866672381,1731451529.0011387
-8334.049085861336,7026.181462547954,1731451529.004295
-8305.97529482547,7019.788863633736,1731451529.0122738
-8267.530294362343,6984.450755649896,1731451529.016292
-8123.473301347888,6943.010621429757,1731451529.020352
-8154.408115674033,6940.350763839575,1731451529.025174
-8488.544343536418,7020.034732822744,1731451529.029344
-8430.608621908263,7077.992806195356,1731451529.0323968
-8388.386176632188,7021.644058423527,1731451529.0364065
-8298.442756944032,7049.270814570286,1731451529.040257
-8213.14850010258,7042.587642978149,1731451529.0442748
-8370.303615367844,7013.709189141892,1731451529.048325
-8387.357996387243,6991.33509294213,1731451529.0533197
-8323.163786311601,7047.817951180691,1731451529.056208
-8298.889791833139,7053.830570439169,1731451529.0602112
-8344.2191295885,7016.749026387814,1731451529.0652933
-8362.100525152746,7005.841375093624,1731451529.0683465
-8312.747873395429,7030.450645738918,1731451529.0721912
-8219.004657149871,7042.609994722605,1731451529.0763152
-8257.606119824186,6988.630531863038,1731451529.0814998
-8385.860429508737,6970.056232220678,1731451529.0842197
-8376.56210381533,7059.999651908834,1731451529.087466
-8294.374739453166,7104.747844308358,1731451529.092279
-8042.425875952945,7097.796451782758,1731451529.096522
-8334.339658539255,7055.261082084308,1731451529.10131
-8465.410288025176,7052.400058794029,1731451529.105471
-8355.059725649324,7092.052053457744,1731451529.1082768
-8345.426123789088,7057.272739085286,1731451529.1125116
-8358.188969873068,7034.742180674337,1731451529.1155765
-8342.766266198905,7025.823834636669,1731451529.1203516
-8306.377626225665,7038.653735954015,1731451529.1243815
-8298.420405199577,7077.076384672688,1731451529.1284578
-8345.671992978096,7023.789825891236,1731451529.132426
-8326.874175891182,7059.35145131963,1731451529.1364453
-8298.26394298839,7096.477698859894,1731451529.1404223
-8292.005454540904,7074.483582315873,1731451529.1435
-8335.770170184394,7060.692555986948,1731451529.1475132
-8345.180254600078,7071.957835192423,1731451529.1524203
-8298.755681366407,7073.053070670733,1731451529.156377
-8281.768355580372,7075.087079416166,1731451529.1603668
-8325.22014680149,7063.464172299407,1731451529.1644435
-8354.545635526852,7048.421448280985,1731451529.1685264
-8291.06668127378,7062.838323454657,1731451529.1714
-8267.038555984325,7090.621541812604,1731451529.1765397
-8343.325059810288,7072.2707596147975,1731451529.181465
-8361.429972819087,7058.524436774784,1731451529.184376
-8372.784659002384,7843.383591578436,1731451534.2344413
-8330.182234070568,7859.342737119525,1731451534.2384903
-8333.31147829431,7855.02885043965,1731451534.2426133
-8379.490182338976,7838.041524653617,1731451534.246436
-8380.428955606098,7843.204777622793,1731451534.2504463
-8335.546652739842,7860.393269108924,1731451534.253625
-8331.210414315512,7859.74506851972,1731451534.2584453
-8378.707871283039,7836.365143819469,1731451534.2624426
-8385.905132997648,7837.50508278669,1731451534.2664676
-8341.55927199832,7856.124085917961,1731451534.270753
-8328.08117009177,7858.113391174483,1731451534.2745185
-8364.17923738709,7844.210606123282,1731451534.2784731
-8384.407566119144,7837.974469420251,1731451534.2815337
-8345.850806933739,7857.644004540922,1731451534.2866662
-8316.145338552635,7868.059917457094,1731451534.2905557
-8352.735144225973,7850.804370737597,1731451534.2946837
-8384.340510885777,7841.237824110726,1731451534.2985554
-8349.740010468962,7858.158094663393,1731451534.3028307
-8315.184213541057,7871.300920403114,1731451534.306662
-8344.710867966518,7858.940405719329,1731451534.3097527
-8381.61359806223,7846.8034084800975,1731451534.314738
-8360.044164662859,7858.403963852402,1731451534.3187833
-8319.565155454296,7873.446687870824,1731451534.3228168
-8343.682687721574,7862.807257510097,1731451534.3271022
-8386.598037075762,7840.723733988254,1731451534.3297813
-8374.595150303263,7848.144513147416,1731451534.3337328
-8329.355219525722,7875.950083249818,1731451534.3375716
-8336.016039373402,7866.942330234329,1731451534.3416536
-8381.635949806685,7849.619728281466,1731451534.346743
-8381.457135851042,7856.5040655737,1731451534.350758
-8336.574832984787,7871.524437847667,1731451534.3548305
-8332.59622247174,7868.037565712639,1731451534.3576224
-8372.449382835553,7853.1960073943155,1731451534.3619409
-8383.513496340931,7852.883082971941,1731451534.3656635
-8348.644774990651,7861.399097609413,1731451534.36994
-8325.533071223865,7872.84319077053,1731451534.3746426
-8365.721507754506,7859.543902819622,1731451534.378956
-8390.934275500093,7844.814103223575,1731451534.382765
-8357.808990217327,7859.901530730907,1731451534.385984
-8331.41158001561,7872.0385279701395,1731451534.3907378
-8355.238539604967,7858.761591763687,1731451534.394944
-8385.525153341909,7848.949175947807,1731451534.398425
-8356.065554149813,7864.953024977806,1731451534.402992
-8323.02967584487,7877.157077450404,1731451534.4068575
-8341.179292342578,7865.981205222751,1731451534.4110756
-8379.713699783528,7852.033716682639,1731451534.4140432
-8359.261853606922,7860.750897020209,1731451534.4180515
-8321.956792111016,7876.978263494762,1731451534.4231317
-8342.386286543166,7865.780039522653,1731451534.4270463
-8385.525153341909,7848.79271373662,1731451534.430029
-8375.869199737215,7854.447705083812,1731451534.4350352
-8324.460187490009,7866.830571512052,1731451534.4379275
-8329.735199181461,7863.522513332667,1731451534.441892
-8382.194743418067,7851.519626560167,1731451534.4458032
-8381.70300504005,7852.637213782932,1731451534.4498389
-8339.07822836378,7866.8752750009635,1731451534.4539454
-8330.428103259575,7864.327176133058,1731451534.4589703
-8368.962510700525,7851.407867837891,1731451534.4629989
-8389.23554292149,7850.223225381759,1731451534.4657953
-8348.622423246195,7867.3446616345245,1731451534.4698904
-8313.150204795624,7869.624539568966,1731451534.4737864
-8366.123839154701,7837.50508278669,1731451534.4778256
-8403.227734950511,7842.064838655572,1731451534.4818
-8358.524246039897,7885.5613333656,1731451534.4859335
-8323.543765967343,7884.42139439838,1731451534.4908495
-8320.45922523251,7842.489521800223,1731451534.4939036
-8326.874175891182,7818.170823832849,1731451534.4978805
-8351.595205258753,7849.329155603547,1731451534.5030956
-8378.84198174977,7914.551545924133,1731451534.5060828
-8383.222923663012,7917.680790147876,1731451534.5101025
-8361.497028052454,7874.810144282597,1731451534.514058
-8286.953960294004,7846.892815457919,1731451534.5190446
-8309.439815216043,7861.756725520698,1731451534.5221088
-8406.535793129897,7915.8926505914515,1731451534.5249507
-8424.350133460777,7906.1472900089375,1731451534.5301068
-8363.687499009073,7869.244559913226,1731451534.5342004
-8320.973315354982,7840.187292121326,1731451534.538191
-8287.78097483885,7821.076550612039,1731451534.5420916
-8274.34757642121,7814.147509830894,1731451534.5451243
-8282.818887569772,7812.292315041103,1731451534.549019
-8438.968174334548,7884.063766487095,1731451534.555202
-8411.564935632341,7974.543628042177,1731451534.5591288
-8416.527022901419,7911.355246467024,1731451534.5621808
-8420.28211596991,7885.874257787974,1731451534.565986
-8264.579864094241,7822.797634935097,1731451534.5699332
-8273.699375832008,7764.01254701764,1731451534.5739625
-8423.187842749101,7868.84222851303,1731451534.577046
-8418.3375142023,7934.154025811437,1731451534.5810192
-8380.071327694814,7919.603040171032,1731451534.5861835
-8227.945354931993,7862.4719813432675,1731451534.589962
-8230.113474144158,7796.355521244469,1731451534.5941756
-8511.454881603107,7841.617803766466,1731451534.5981305
-8472.20521833959,7863.813086010586,1731451534.6012332
-8278.884980545638,7782.072756537528,1731451534.6051877
-8252.845198255205,7733.614174558423,1731451534.609196
-8278.192076467523,7858.783943508142,1731451534.6142104
-8150.205987716436,7924.654534417932,1731451534.618332
-8316.771187397384,7884.220228698281,1731451534.6222355
-8393.594133090273,7866.092963945028,1731451534.6261857
-8542.859082562814,7946.223967817304,1731451534.6291642
-8501.486003576041,8023.762169332764,1731451534.633146
-8409.821499564827,7980.1092124115485,1731451534.6371713
-8292.49719291892,7914.819766857597,1731451534.6411529
-8222.603288007174,7832.744161217709,1731451534.6461785
-8393.75059530146,7808.045483594595,1731451534.650283
-8425.802996850372,7922.307601250125,1731451534.6531897
-8406.848717552271,7963.993604659272,1731451534.6570892
-8449.361735506265,7954.941148154873,1731451534.6612816
-8424.350133460777,7925.28038326268,1731451534.665084
-8315.184213541057,7887.684749088854,1731451534.6691947
-8200.944447629983,7815.578021476033,1731451534.6741006
-8190.595589947175,7765.398355173869,1731451534.6782832
-8456.2460727985,7871.7479552922205,1731451534.6813278
-8499.899029719714,7981.495020567778,1731451534.6853144
-8387.357996387243,7969.939168684384,1731451534.68933
-8377.187952660079,7895.485507903756,1731451534.693368
-8393.840002279283,7870.540961091633,1731451534.697353
-8462.973947879547,7934.064618833616,1731451534.7022705
-8389.101432454758,7973.0013576747615,1731451534.706269
-8402.735996572495,7891.641007857444,1731451534.7093413
-8373.678728780595,7756.144732969372,1731451534.7133443
-8252.040535454815,7747.338145653981,1731451534.7173688
-8314.111329807201,7880.353376907513,1731451534.7213783
-8478.620168998263,8016.095520984593,1731451534.7254052
-8456.894273387703,8012.005151749272,1731451534.7293384
-8414.3365519448,7893.362092180502,1731451534.7342792
-8373.209342147034,7877.715871061787,1731451534.7373984
-8100.361597581101,7880.46513562979,1731451534.7412271
-8167.975624558405,7879.302844918114,1731451534.7452593
-8489.706634248094,8027.4949106568,1731451534.7492812
-8429.781607363417,8048.371439978056,1731451534.7533035
-8351.975184914492,7979.617474033532,1731451534.75728
-8356.154961127635,7908.784795854664,1731451534.761455
-8374.952778214549,7850.0891149150275,1731451534.764465
-8343.548577254842,7873.424336126368,1731451534.7694468
-8421.444406681587,7975.750622242764,1731451534.7732885
-8377.679691038096,8008.428872636423,1731451534.777429
-8331.255117804423,7939.697258436354,1731451534.7813673
-8283.645902114618,7867.590530823533,1731451534.7853713
-8354.344469826754,7852.011364938184,1731451534.7895231
-8451.999241351992,7886.455403143812,1731451534.7934842
-8363.888664709171,7891.149269479427,1731451534.797472
-8275.912198533082,7869.088097702039,1731451534.8014803
-8419.097473513779,7932.499996721744,1731451534.8055153
-8343.727391210485,7851.072591671061,1731451534.8095057
-8173.854133350151,7752.814323045532,1731451534.8135035
-8446.992450594003,7849.798542237108,1731451534.817384
-8364.715679254017,7995.9565992303615,1731451534.8203971
-8282.081280002747,7939.317278780613,1731451534.8243546
-8381.166563173123,7922.195842527848,1731451534.8294933
-8391.627179578207,7845.998745679706,1731451534.8335097
-8333.669106205596,7839.293222343114,1731451534.8395476
-8239.277689370834,7878.297016417625,1731451534.8435578
-7973.67191000842,7766.091259251983,1731451534.8467207
-8215.517785014843,7769.533427898101,1731451534.8494124
-8545.630698875273,7940.881900892485,1731451534.853732
-8399.942028515581,7901.520478906689,1731451534.8574593
-8493.193506383122,7890.188144467848,1731451534.8615978
-8439.683430157118,7958.785648201186,1731451534.8654928
-8348.644774990651,7901.855755073519,1731451534.8696764
-8309.015132071392,7898.502993405223,1731451534.8725696
-8289.300893461812,7876.5088768612,1731451534.8767176
-8326.69536193554,7828.944364660307,1731451534.881414
-8142.382877157078,7764.6830993512995,1731451534.885662
-7991.218029405836,7700.108909619917,1731451534.889644
-8161.985357044382,7873.647853570921,1731451534.893574
-8549.139922754755,8035.943870060906,1731451534.8965948
-8537.807588315914,7991.575657317121,1731451534.9006608
-8345.2696615779,7948.257976562736,1731451534.9046638
-8225.643125253097,7891.126917734971,1731451534.908658
-8318.112292064701,7869.468077357778,1731451534.9137716
-8440.823369124339,7858.649833041411,1731451534.9178064
-8342.810969687816,7888.444708400334,1731451534.9216611
-8331.657449204618,7926.397970485445,1731451534.9245346
-8375.958606715038,7859.834475497541,1731451534.9285133
-8320.973315354982,7904.2697434746915,1731451534.9325478
-8210.555697745765,7899.173545738882,1731451534.9367397
-8329.422274759088,7894.636141614455,1731451534.941609
-8388.207362676545,7896.245467215236,1731451534.9458628
-8454.256767541978,7885.22605719877,1731451534.9496107
-8381.457135851042,7834.93463217433,1731451534.9528584
-8145.936804525471,7794.96971308824,1731451534.9566064
-8172.423621705011,7957.601005745055,1731451534.9608717
-8419.388046191698,8011.3345994156125,1731451534.964784
-8469.277139815944,7982.299683368169,1731451534.9698915
-8351.818722703305,7947.498017251256,1731451534.9735987
-8335.121969595191,7878.721699562276,1731451534.977811
-8106.731844750863,7845.261138112681,1731451534.98165
-8089.900981176017,7916.049112802639,1731451534.984836
-8410.38029317621,7884.779022309664,1731451534.988786
-8534.857158047815,7917.345513981047,1731451534.9928691
-8477.591988753318,8035.653297382987,1731451534.9968271
-8250.341802876212,7959.702069723853,1731451535.0017605
-7989.228724149314,7902.906287062918,1731451535.0049655
-8330.875138148682,7941.328935781591,1731451535.0088415
-8479.96127366558,7924.229851273281,1731451535.012895
-8483.2022766116,8001.745701044286,1731451535.0169215
-8392.700063312062,8022.532823387722,1731451535.0206616
-8270.503076374898,7905.342627208546,1731451535.0247147
-7967.480476794301,7850.111466659483,1731451535.030024
-8185.946427100472,8021.34818093159,1731451535.0327487
-8614.1834991197,8149.08840049367,1731451535.036654
-8439.974002835037,8080.625007227065,1731451535.0407
-8394.063519723835,7992.894410239985,1731451535.044808
-8126.826063016184,7979.706881011353,1731451535.0487113
-7869.915112246885,7916.764368625209,1731451535.0526905
-8445.159607548667,7973.895427452973,1731451535.057695
-8549.743419855049,8082.234332827847,1731451535.0608368
-8543.551986640929,8111.760987253308,1731451535.063861
-8440.085761557313,8098.08171964666,1731451535.0687373
-8121.305182135723,8049.3102132451795,1731451535.072734
-8214.444901280987,7976.644692020976,1731451535.0768578
-8576.051423078945,8092.180859110458,1731451535.0808685
-8479.827163198848,8167.193313502469,1731451535.0847766
-8390.867220266726,8168.154438514047,1731451535.088912
-8315.765358896895,8107.916487206994,1731451535.0918512
-8056.328661004146,7988.3793578600125,1731451535.0969627
-7775.322529712025,7756.234139947193,1731451535.1008887
-8435.391895221699,7989.698110782875,1731451535.1048548
-8499.58610529734,8274.436983399031,1731451535.1088045
-8487.538515035929,8178.682110152496,1731451535.1130695
-8491.271256359965,8171.507200182343,1731451535.1180649
-8162.097115766659,8108.631743029564,1731451535.121075
-8022.041085009705,8072.64543445652,1731451535.1248093
-8544.64722211924,8076.400527525012,1731451535.1291528
-8598.51492625653,8164.42169719001,1731451535.1328058
-8338.899414408137,8191.489659725387,1731451535.137086
-8159.683127365485,8127.518967094299,1731451535.140921
-8040.145998018504,8044.839864354118,1731451535.1451
-8045.935099832428,8052.3053470021905,1731451535.1479018
-8500.524878564464,8289.613817884185,1731451535.1530545
-8495.607494784295,8329.735199181461,1731451535.1569266
-8477.72609922005,8235.880224213628,1731451535.160961
-8246.229081896434,8141.600566101142,1731451535.164945
-8041.710620130375,7895.485507903756,1731451535.1679993
-8356.624347761197,8133.241013674858,1731451535.1719894
-8643.821912267436,8379.244313149968,1731451535.176144
-8542.590861629351,8297.59339065473,1731451535.1801507
-8375.489220081476,8329.332867781266,1731451535.1850967
-8195.647084194075,8285.188172482034,1731451535.1890748
-8027.11493100106,8136.347906154145,1731451535.1930692
-7881.068632730083,7980.668006022931,1731451535.196046
-8697.130822793344,8290.35142545121,1731451535.200023
-8684.81501159847,8394.957589502048,1731451535.204214
-8466.751392692495,8357.473714050499,1731451535.208022
-8430.094531785791,8249.470084842455,1731451535.2130637
-8272.268864186868,8160.174865743503,1731451535.2169435
-8214.91428791455,8193.300151026267,1731451535.2210488
-8119.204118156925,8228.660610754563,1731451535.223976
-8598.93960940118,8288.719748105974,1731451535.2281103
-8510.024369957968,8370.147153156657,1731451535.231959
-8285.54580039332,8369.968339201014,1731451535.2380085
-8101.680350503964,8270.234855441435,1731451535.2410262
-7753.194302701271,8122.579231569676,1731451535.2462573
-8525.380018398764,8291.334902207243,1731451535.2501185
-8660.004575253079,8387.849734765261,1731451535.253173
-8518.048646217423,8500.033140186446,1731451535.2561896
-8443.326764503332,8415.52119440093,1731451535.260255
-8440.71161040206,8280.337843935233,1731451535.2642572
-8347.102504623235,8322.537937466854,1731451535.2692866
-8250.788837765318,8389.369653388221,1731451535.273028
-8383.625255063207,8365.69915601005,1731451535.276204
-8376.495048581965,8328.952888125526,1731451535.280078
-8379.311368383333,8359.530074540386,1731451535.2842207
-7939.630203202988,8336.17250158459,1731451535.2900927
-8106.821251728685,8302.242553501434,1731451535.2930927
-8211.069787868237,8348.398905801643,1731451535.297106
-8388.90026675466,8345.113199366713,1731451535.3011415
-8822.948792332267,8409.329761186811,1731451535.304258
-8448.422962239143,8536.108855737311,1731451535.3080883
-8303.538954679841,8472.29462531741,1731451535.3131423
-8252.554625577286,8312.12202455068,1731451535.3171532
-8355.50676053843,8355.886740194172,1731451535.320354
-8446.858340127272,8611.814214207438,1731451535.3251915
-8416.750540345973,8540.288631950454,1731451535.329301
-8459.10709608878,8489.550172036907,1731451535.3321464
-8405.440557651587,8478.1507823647,1731451535.33637
-8306.489384947943,8404.367673917732,1731451535.3401668
-8180.917284598027,8408.480394897508,1731451535.3441632
-8201.726758685918,8427.367618962244,1731451535.3482504
-8302.063739545792,8502.134204165246,1731451535.352296
-8432.441464953597,8593.083452353889,1731451535.3562024
-8481.682357988639,8471.020575883458,1731451535.3592076
-8440.71161040206,8495.361625595287,1731451535.364238
-8170.143743770569,8489.304302847899,1731451535.3683531
-8145.601528358642,8440.28692725741,1731451535.372228
-8227.408913065066,8481.280026588443,1731451535.3762078
-8509.242058902033,8590.46829825262,1731451535.3812127
-8541.048591261935,8619.860842211347,1731451535.384244
-8417.510499657452,8594.335150043387,1731451535.3872676
-8206.711197699451,8478.419003298164,1731451535.3922715
-8113.280905876269,8395.672845324618,1731451535.3963232
-8286.886905060639,8476.966139908569,1731451535.400287
-8572.095164310356,8627.952173704169,1731451535.4042437
-8469.120677604757,8618.13975788829,1731451535.4093912
-8521.691980563639,8572.430440477186,1731451535.4123163
-8431.949726575582,8495.652198273207,1731451535.41629
-8070.052632099704,8410.3355896873,1731451535.4203467
-7691.481136260169,8513.824166515371,1731451535.4242942
-8732.290116821541,8544.557815141417,1731451535.4272935
-8730.077294120467,8686.558447665984,1731451535.4312992
-8465.700860703095,8677.640101628316,1731451535.4365213
-8354.992670415959,8642.972545978135,1731451535.4403849
-8100.629818514564,8509.040893201935,1731451535.4454763
-7966.765220971731,8428.820482351837,1731451535.4523869
-8445.181959293122,8598.716091956627,1731451535.455388
-8498.245000630022,8677.483639417129,1731451535.45848
-8528.710428322605,8697.130822793344,1731451535.462393
-8472.562846250874,8624.331191102408,1731451535.4654832
-8347.482484278975,8520.015599729491,1731451535.4683828
-8333.780864927872,8537.606422615818,1731451535.4714513
-8344.2191295885,8569.569417186907,1731451535.475386
-8429.42397945213,8650.99682223759,1731451535.48043
-8423.433711938109,8627.460435326151,1731451535.4846833
-8281.522486391365,8591.585885475384,1731451535.4885235
-7944.86051140553,8405.418205907132,1731451535.4914188
-8311.071492561281,8577.101955068345,1731451535.4954789
-8517.623963072772,8635.641173796794,1731451535.499455
-8310.847975116727,8684.47973543164,1731451535.5034635
-8514.852346760315,8723.595288228427,1731451535.5084553
-8492.96998893857,8660.652775842284,1731451535.5125165
-8234.24854686839,8508.325637379365,1731451535.516466
-7847.652774769399,8341.872196420694,1731451535.519503
-8136.347906154145,8590.289484296976,1731451535.523636
-8689.799450612003,8794.852649551947,1731451535.5275972
-8696.348511737408,8786.828373292492,1731451535.5315096
-8408.525098386419,8689.084194789433,1731451535.535566
-8076.355824036101,8571.134039298779,1731451535.540474
-8326.717713679995,8587.450812751153,1731451535.5446205
-8525.134149209756,8732.87126217738,1731451535.5477245
-8399.09266222628,8658.61876709685,1731451535.552632
-8357.965452428514,8673.125049248345,1731451535.55657
-8351.483446536475,8665.637214855817,1731451535.5595996
-8404.278266939911,8656.80827579597,1731451535.5635629
-8418.561031646852,8637.22814765312,1731451535.56763
-8281.790707324828,8582.533428970984,1731451535.5715947
-8201.749110430374,8553.766733857005,1731451535.5756278
-8294.933533064548,8527.59284109984,1731451535.5806434
-8465.164418836168,8590.356539530343,1731451535.5846376
-8330.74102768195,8721.807148672004,1731451535.5876558
-8397.37157790322,8604.996932148568,1731451535.5915692
-8112.610353542609,8543.574338385384,1731451535.595605
-8490.980683682046,8691.118203534867,1731451535.599681
-8268.469067629465,8715.52630848006,1731451535.603767
-8313.820757129282,8746.617585017393,1731451535.6076024
-8446.947747105092,8648.158150691766,1731451535.6128106
-8355.618519260708,8647.308784402465,1731451535.6156988
-8310.915030350094,8529.962126012102,1731451535.619797
-8155.883330808084,8536.421780159686,1731451535.6236043
-8273.140582220625,8748.249262362631,1731451535.6278577
-8464.650328713695,8770.623358562394,1731451535.6316547
-8417.152871746168,8745.276480350076,1731451535.63579
-8440.53279644642,8738.079218635467,1731451535.6407075
-8409.262705953444,8697.264933260076,1731451535.6438687
-8344.688516222062,8641.922013988735,1731451535.6478093
-8233.95797419047,8622.14072014579,1731451535.6517682
-8282.68477710304,8636.579947063918,1731451535.655888
-8368.738993255973,8564.160295028722,1731451535.6599758
-8308.746911137929,8682.222209241654,1731451535.6637988
-8370.460077579031,8718.946125381724,1731451535.6681268
-8423.076084026825,8664.676089844239,1731451535.6709793
-8335.524300995387,8707.971418854167,1731451535.6761153
-8303.136623279646,8583.472202238108,1731451535.6797323
-8260.355384392189,8617.268039854533,1731451535.6840136
-8413.576592633319,8748.986869929657,1731451535.687833
-8307.785786126351,8710.072482832968,1731451535.6919043
-8310.624457672175,8627.192214392688,1731451535.6957684
-7993.542610829189,8622.386589334797,1731451535.698797
-8393.66118832364,8747.39989607333,1731451535.7028632
-8541.160349984211,8794.673835596304,1731451535.7077727
-8457.475418743541,8764.431925348274,1731451535.711886
-8395.918714513626,8701.042378073023,1731451535.7178874
-8024.857404811073,8607.008589149546,1731451535.7209654
-8208.3875785336,8520.954372996614,1731451535.7238855
-8477.882561431237,8680.702290618694,1731451535.7270205
-8534.991268514546,8803.748643845158,1731451535.731003
-8474.261578829477,8810.431815437296,1731451535.7360263
-8334.607879472718,8745.432942561263,1731451535.7399476
-8327.120045080192,8680.0987935184,1731451535.743981
-8257.002622723892,8628.019228937535,1731451535.7478936
-8072.153696078503,8679.33883420692,1731451535.7519844
-8466.796096181404,8683.183334253232,1731451535.7551377
-8491.405366826697,8708.53021246555,1731451535.7592585
-8434.743694632494,8720.667209704783,1731451535.7641375
-8366.101487410246,8717.381503269853,1731451535.768236
-8190.372072502622,8626.007571936558,1731451535.7721353
-8102.417958070989,8564.204998517633,1731451535.775064
-8383.08881319628,8733.58651799995,1731451535.77928
-8515.813471771893,8800.30647519904,1731451535.7829337
-8384.720490541516,8767.717631783204,1731451535.789333
-8393.974112746015,8754.530102554572,1731451535.7920468
-8394.734072057494,8620.598449778372,1731451535.7962196
-8156.956214541939,8551.30804196692,1731451535.799968
-7962.38427905849,8646.23590066861,1731451535.803069
-8086.794088696729,8701.712930406682,1731451535.8069792
-8677.461287672673,8773.752602786137,1731451535.8111632
-8599.27488556801,8826.525071445116,1731451535.8150277
-8394.599961590762,8775.808963276026,1731451535.8191612
-8330.830434659772,8741.901366937323,1731451535.823985
-8165.449877434955,8674.130877748834,1731451535.8281443
-8299.649751144618,8683.853886586892,1731451535.8311825
-8444.153779048178,8711.748863667115,1731451535.8351474
-8328.751722425428,8727.082160363456,1731451535.8391874
-8378.730223027495,8752.518445553595,1731451535.8430586
-8398.645627337173,8723.528232995062,1731451535.8470364
-8372.449382835553,8640.0891709434,1731451535.8530934
-8131.095246207148,8728.669134219783,1731451535.856161
-8128.3236298946895,8703.612828685384,1731451535.8602676
-8432.463816698053,8640.33504013241,1731451535.863165
-8349.740010468962,8726.903346407813,1731451535.8672462
-8394.264685423934,8765.437753848762,1731451535.8712366
-8329.690495692552,8722.053017861012,1731451535.8752568
-8249.514788331364,8700.729453650649,1731451535.8801937
-8339.100580108236,8655.020136239546,1731451535.8840544
-8214.221383836435,8687.29605523301,1731451535.8872404
-8336.910109151615,8765.951843971234,1731451535.8911116
-8500.703692520106,8804.776824090102,1731451535.8951485
-8403.451252395065,8773.394974874851,1731451535.8991148
-8295.514678420386,8727.86447141939,1731451535.9031627
-8285.322282948766,8719.929602137758,1731451535.908138
-8231.074599155736,8666.419525911751,1731451535.9112003
-8248.620718553153,8677.975377795146,1731451535.9142575
-8178.480944452399,8724.422302773273,1731451535.9191792
-8379.065499194325,8697.823726871458,1731451535.923202
-8537.852291804826,8715.615715457883,1731451535.9273293
-8453.832084397327,8726.858642918902,1731451535.931142
-8355.350298327243,8732.513634266095,1731451535.9363737
-8272.291215931322,8685.86554358787,1731451535.9392867
-8276.649806100108,8626.722827759128,1731451535.942266
-8272.06769848677,8627.415731837242,1731451535.94743
-8338.45237951903,8755.714745010704,1731451535.9513557
-8398.779737803905,8727.328029552464,1731451535.9553652
-8323.186138056057,8683.898590075802,1731451535.9593005
-8261.763544292873,8651.980298993623,1731451535.9634027
-8085.005949140304,8677.90832256178,1731451535.967386
-8048.282033000235,8714.364017768386,1731451535.9703972
-8559.868760093303,8777.239474921165,1731451535.9754725
-8487.560866780384,8761.816771247002,1731451535.9794214
-8380.98774921748,8706.317389764476,1731451535.9832296
-8291.558419651798,8691.38642446833,1731451535.987286
-8229.599384021687,8608.215583350133,1731451535.9913998
-8308.344579737734,8692.772232624558,1731451535.9954286
-8121.774568769285,8707.01029384259,1731451535.9982622
-8352.981013414981,8730.814901687492,1731451536.0022693
-8370.191856645568,8699.053072816501,1731451536.0072422
-8296.587562154242,8710.564221210983,1731451536.011438
-8420.080950269812,8670.487543402618,1731451536.0152864
-8408.122766986224,8701.020026328568,1731451536.0193973
-8358.032507661881,8694.515668692073,1731451536.02327
-8348.801237201838,8691.76640412407,1731451536.0263956
-8270.72659381945,8648.51577860305,1731451536.030483
-8293.950056308515,8668.632348612828,1731451536.0353904
-8278.594407867718,8668.878217801835,1731451536.039329
-8311.02678907237,8641.989069222102,1731451536.043383
-8370.057746178836,8683.272741231054,1731451536.0464244
-8367.42024033311,8664.676089844239,1731451536.0504208
-8135.096208464648,8577.683100424183,1731451536.0543633
-8173.09417403867,8588.814269162925,1731451536.0585427
-8528.442207389142,8706.652665931304,1731451536.0634215
-8297.347521465721,8733.117131366389,1731451536.0674944
-8099.355769080612,8708.932543865747,1731451536.0715115
-8167.439182691477,8701.57881993995,1731451536.074515
-8298.845088344227,8654.394287394796,1731451536.0786407
-8446.43365698262,8648.42637162523,1731451536.0823796
-8510.896087991725,8712.709988678693,1731451536.086588
-8287.177477738556,8785.353158158441,1731451536.09153
-8309.037483815848,8733.474759277673,1731451536.095601
-8260.109515203181,8692.928694835746,1731451536.0995324
-8156.084496508181,8658.104676974377,1731451536.1025517
-8195.758842916352,8657.747049063093,1731451536.106566
-8289.837335328739,8647.778171036027,1731451536.1125605
-8424.640706138696,8666.844209056402,1731451536.1165853
-8409.307409442355,8724.15408183981,1731451536.1206288
-8302.354312223712,8696.43791871523,1731451536.1234384
-8353.338641326267,8651.555615848973,1731451536.1286285
-8362.100525152746,8652.494389116096,1731451536.132516
-8323.834338645262,8685.373805209852,1731451536.1356363
-8238.16010214807,8708.418453743274,1731451536.1386526
-8120.187594912958,8564.540274684463,1731451536.1426787
-8309.93155359406,8602.56059200294,1731451536.1466584
-8267.77616355135,8782.089803467967,1731451536.1516771
-8274.436983399031,8743.086009393455,1731451536.1546617
-8320.123949065679,8749.322146096487,1731451536.1587024
-8273.073526987258,8689.1512500228,1731451536.1626377
-8269.54195136332,8630.902603972268,1731451536.166656
-8372.717603769017,8642.592566322395,1731451536.170692
-8313.641943173641,8797.065472253022,1731451536.1747591
-8301.057911045304,8746.975212928679,1731451536.179716
-8152.217644717413,8710.0054275996,1731451536.183705
-8199.983322618404,8725.875166162868,1731451536.187776
-8297.101652276713,8687.00548255509,1731451536.1905844
-8521.647277074728,8609.199060106166,1731451536.1947105
-8409.575630375819,8699.09777630541,1731451536.1985452
-8312.390245484143,8791.633998350382,1731451536.2046044
-8270.570131608263,8746.863454206403,1731451536.2086413
-8308.948076838025,8699.902439105803,1731451536.2116268
-8278.594407867718,8632.780150506514,1731451536.215539
-8216.76948270434,8618.162109632744,1731451536.218664
-8182.414851476533,8719.43786375974,1731451536.2227683
-8339.637021975162,8745.924680939279,1731451536.226662
-8349.382382557676,8728.87029991988,1731451536.230758
-8269.631358341141,8676.701328361194,1731451536.23579
-8048.97493707835,8685.351453465397,1731451536.238789
-8226.917174687049,8715.682770691248,1731451536.2416904
-8423.254897982466,8708.44080548773,1731451536.2467072
-8372.874065980204,8715.749825924615,1731451536.2508154
-8307.159937281602,8753.032535676068,1731451536.2549028
-8355.216187860511,8726.880994663357,1731451536.2587938
-8386.687444053585,8712.888802634336,1731451536.2628248
-8312.88198386216,8729.026762131067,1731451536.2656727
-8174.055299050248,8698.851907116403,1731451536.2698348
-7915.065636046605,8679.249427229099,1731451536.2747543
-8256.019145967859,8652.226168182631,1731451536.2786684
-8516.662838061195,8721.62833471636,1731451536.282698
-8393.415319134632,8751.49026530865,1731451536.2868729
-8305.841184358738,8741.856663448414,1731451536.2907076
-8298.06277728829,8705.222154286164,1731451536.2938187
-8185.544095700276,8653.321403660942,1731451536.2988572
-8170.680185637497,8606.583906004895,1731451536.3029325
-8236.707238758474,8666.53128463403,1731451536.3067524
-8268.625529840652,8774.177285930788,1731451536.3107717
-8458.771819921949,8735.754637212114,1731451536.3147533
-8352.578682014786,8705.289209519531,1731451536.3180013
-8255.482704100932,8690.984093068135,1731451536.321986
-8218.825843194229,8621.358409089853,1731451536.3260276
-8021.415236164956,8714.967514868678,1731451536.330942
-8174.055299050248,8748.092800151444,1731451536.3350108
-8442.969136592048,8725.025799873567,1731451536.3391333
-8368.962510700525,8781.151030200843,1731451536.3428507
-8401.350188416265,8754.820675232491,1731451536.346065
-8320.392169999144,8726.992753385633,1731451536.349888
-8272.760602564884,8707.591439198428,1731451536.353989
-8274.97342526596,8620.263173611544,1731451536.3578155
-8264.87043677216,8600.548935001962,1731451536.362915
-8352.355164570232,8716.420378258274,1731451536.367028
-8254.722744789451,8757.145256655844,1731451536.3700051
-8176.737508384885,8742.728381482171,1731451536.3738313
-8168.869694336617,8649.745124548093,1731451536.3781292
-8409.642685609184,8679.115316762367,1731451536.3820212
-8326.3153822798,8757.1676084003,1731451536.386052
-8133.375124141589,8713.24643054562,1731451536.3909836
-8213.215555335946,8702.405834484796,1731451536.3951075
-8432.396761464686,8703.568125196472,1731451536.3979037
-8241.803436494283,8773.238512663665,1731451536.4021287
-8226.492491542398,8777.440640621262,1731451536.4058845
-8213.036741380303,8741.186111114754,1731451536.410128
-8275.308701432788,8643.28547040051,1731451536.4141102
-8079.462716515389,8618.787958477493,1731451536.4181368
-8341.112237109213,8712.039436345034,1731451536.4230435
-8491.852401715803,8774.601969075438,1731451536.4261997
-8365.252121120944,8782.670948823805,1731451536.4302886
-8338.720600452496,8714.811052657491,1731451536.434343
-8224.369075819144,8706.473851975663,1731451536.4382737
-8181.47607820941,8668.43118291273,1731451536.442072
-8311.205603028013,8708.932543865747,1731451536.4463303
-8259.684832058529,8701.847040873414,1731451536.4512396
-8163.102944267148,8790.047024494055,1731451536.4542153
-8366.772039743906,8786.046062236555,1731451536.4582207
-8288.809155083794,8721.941259138735,1731451536.4622192
-8041.062419541171,8602.158260602744,1731451536.4662125
-8071.706661189397,8639.485673843106,1731451536.4702652
-8434.788398121405,8800.194716476764,1731451536.474005
-8463.510389746474,8844.182949564809,1731451536.4792788
-8369.23073163399,8791.142259972365,1731451536.4820871
-8299.560344166797,8748.942166440745,1731451536.4862416
-8201.369130774634,8684.032700542533,1731451536.4900615
-8204.900706398572,8613.267077597033,1731451536.49422
-8245.670288285051,8698.114299549377,1731451536.49806
-8301.862573845694,8788.102422726444,1731451536.5022645
-8273.475858387454,8764.119000925899,1731451536.506107
-8299.06860578878,8724.846985917924,1731451536.509308
-8157.872636064606,8691.274665746054,1731451536.5141516
-8081.407318283001,8602.292371069476,1731451536.5183313
-8147.099095237148,8696.974360582157,1731451536.5223083
-8320.07924557677,8797.601914119949,1731451536.5263216
-8468.070145615357,8707.479680476152,1731451536.5303323
-8385.122821941713,8732.893613921835,1731451536.5343528
-8360.021812918403,8691.118203534867,1731451536.5374007
-8212.992037891394,8594.245743065565,1731451536.5413125
-8129.597679328643,8749.053925163022,1731451536.5463204
-8129.463568861911,8828.55908019055,1731451536.5503447
-8197.256409794856,8789.465879138217,1731451536.5543475
-8381.70300504005,8777.440640621262,1731451536.558421
-8282.215390469479,8746.59523327294,1731451536.562312
-8284.83054457075,8710.698331677715,1731451536.565172
-8301.59435291223,8647.644060569293,1731451536.5711772
-8317.531146708865,8700.43888097273,1731451536.5742607
-8318.40286474262,8760.319204368498,1731451536.5783093
-8271.844181042217,8716.219212558177,1731451536.5822587
-8199.536287729297,8692.392252968819,1731451536.5883937
-8106.016588928293,8682.401023197297,1731451536.5913527
-8220.122244372636,8685.709081376683,1731451536.5943525
-8376.472696837509,8710.027779344056,1731451536.5982056
-8277.83444855624,8719.72843643766,1731451536.6022444
-8226.425436309033,8709.781910155049,1731451536.606177
-8053.914672602973,8719.683732948748,1731451536.6103694
-8123.585060070165,8748.1151518959,1731451536.6142745
-8413.509537399952,8808.733082858693,1731451536.6174204
-8407.072234996824,8783.028576735089,1731451536.6215308
-8347.102504623235,8738.548605269028,1731451536.6254413
-8334.943155639548,8648.76164779206,1731451536.630448
-8114.689065776953,8670.979281780636,1731451536.6344388
-7926.845005374552,8681.730470863637,1731451536.6384249
-8382.619426562718,8697.376691982352,1731451536.641543
-8525.044742231936,8767.807038761024,1731451536.645508
-8334.563175983809,8801.804042077547,1731451536.6493142
-8222.603288007174,8718.096759092423,1731451536.6533551
-8153.290528451268,8656.964738007156,1731451536.6584284
-8250.073581942748,8709.49133747713,1731451536.6623847
-8342.654507476629,8683.429203442241,1731451536.666432
-8300.007379055904,8778.11119295492,1731451536.6694932
-8219.04936063878,8792.371605917408,1731451536.6733303
-8100.540411536743,8702.159965295788,1731451536.679492
-8066.632815198042,8660.988052009112,1731451536.682295
-8275.44281189952,8638.166920920245,1731451536.6855085
-8359.41831581811,8774.199637675243,1731451536.6903138
-8215.920116415038,8708.261991532087,1731451536.6944728
-8384.206400419045,8733.407704044308,1731451536.6974096
-8233.399180579088,8803.100443255955,1731451536.701578
-8054.942852847917,8735.978154656668,1731451536.705569
-8247.793704008307,8722.388294027842,1731451536.709638
-8365.967376943514,8710.430110744252,1731451536.7136004
-8334.384362028166,8740.91789018129,1731451536.7185507
-8305.2600390029,8738.392143057841,1731451536.7225876
-8272.4029746536,8732.334820310452,1731451536.7256553
-8162.208874488935,8703.255200774098,1731451536.7295735
-8202.486717997399,8670.778116080537,1731451536.733624
-8261.674137315053,8642.90549074477,1731451536.737626
-8369.074269422803,8756.474704322185,1731451536.741625
-8301.124966278669,8770.712765540215,1731451536.746562
-8182.124278798614,8684.256217987087,1731451536.7496047
-8008.831204036618,8687.653683144294,1731451536.75353
-8202.844345908683,8746.930509439768,1731451536.7574356
-8326.02480960188,8746.25995710611,1731451536.762935
-8310.982085583459,8743.73420998266,1731451536.7654824
-8231.38752357811,8719.01318061509,1731451536.7697892
-8216.948296659983,8705.132747308344,1731451536.7756891
-8294.911181320093,8745.097666394433,1731451536.778684
-8208.544040744788,8765.102477681932,1731451536.7815757
-8221.999790906882,8767.091782938454,1731451536.785745
-8269.407840896589,8745.835273961458,1731451536.7894666
-8316.435911230554,8732.133654610356,1731451536.7937107
-8270.659538586086,8720.443692260229,1731451536.7975924
-8213.416721036045,8737.855701190914,1731451536.801734
-8204.453671509465,8733.430055788762,1731451536.8057451
-8219.988133905905,8703.076386818455,1731451536.808684
-8258.790762280318,8709.446633988218,1731451536.8136036
-8231.231061366923,8733.787683700048,1731451536.817697
-8194.641255693587,8716.934468380747,1731451536.8216536
-8145.556824869732,8664.586682866417,1731451536.8257678
-8228.48179679892,8601.46535652463,1731451536.8298173
-8167.975624558405,8712.732340423148,1731451536.833668
-8326.561251468807,8806.229687479698,1731451536.8386695
-8277.879152045149,8831.308344758552,1731451536.8418524
-8285.746966093417,8774.378451630886,1731451536.845745
-8233.421532323544,8760.45331483523,1731451536.849723
-8187.3322352567,8760.296852624042,1731451536.8537333
-8298.06277728829,8732.178358099265,1731451536.8577127
-8297.995722054926,8751.065582164,1731451536.8617988
-8238.115398659158,8736.693410479238,1731451536.864592
-8012.139262216004,8741.186111114754,1731451536.8697789
-8196.898781883572,8636.80346450847,1731451536.8735929
-8354.433876804576,8725.785759185048,1731451536.8778603
-8286.819849827272,8790.35994891643,1731451536.8816094
-8224.994924663893,8758.374602600885,1731451536.8848088
-8251.571148821253,8777.485344110173,1731451536.8888955
-8206.666494210542,8706.898535120314,1731451536.892939
-8135.587946842665,8635.127083674322,1731451536.897678
-8302.354312223712,8670.688709102717,1731451536.9018805
-8210.689808212497,8862.377269551429,1731451536.9058404
-8113.884402976561,8815.259792239642,1731451536.9099135
-8206.19710757698,8698.38252048284,1731451536.912968
-8371.152981657146,8709.111357821388,1731451536.9169035
-8299.873268589172,8811.884678826891,1731451536.9209635
-8272.335919420233,8666.732450334126,1731451536.9247303
-8201.011502863348,8672.119220747856,1731451536.9299986
-8014.799119806185,8688.033662800033,1731451536.933989
-8161.985357044382,8890.38400535393,1731451536.9379964
-8373.94694971406,8822.211184765243,1731451536.9408443
-8314.871289118682,8763.694317781248,1731451536.944992
-8259.751887291895,8777.552399343538,1731451536.9488025
-8213.014389635848,8748.383372829363,1731451536.9539795
-8200.296247040778,8726.858642918902,1731451536.9577672
-8294.911181320093,8711.860622389391,1731451536.9620075
-8246.318488874256,8664.229054955133,1731451536.9659605
-8008.96531450335,8664.966662522158,1731451536.969002
-8139.410095144522,8762.152047413832,1731451536.9728408
-8341.805141187328,8768.768163772604,1731451536.976951
-8352.422219803599,8755.133599654866,1731451536.9808404
-8259.260148913878,8748.1151518959,1731451536.9850037
-8089.722167220375,8701.064729817477,1731451536.9898095
-8166.790982102273,8632.109598172856,1731451536.9930809
-8159.258444220834,8818.07611204101,1731451536.996879
-8222.916212429549,8782.983873246178,1731451537.000988
-8299.448585444521,8732.87126217738,1731451537.005062
-8163.728793111896,8735.531119767562,1731451537.008966
-8313.2619635179,8798.160707731331,1731451537.0129173
-8340.17346384209,8734.301773822519,1731451537.018276
-8222.066846140247,8705.222154286164,1731451537.0210693
-8190.305017269256,8751.557320542017,1731451537.0250845
-8151.189464472469,8764.25311139263,1731451537.0290651
-8194.440089993488,8714.743997424126,1731451537.0330565
-8167.148610013558,8783.363852901919,1731451537.0369596
-8222.782101962817,8754.239529876653,1731451537.0411308
-8182.392499732077,8703.38931124083,1731451537.0461926
-8183.28656951029,8686.401985454797,1731451537.0492303
-8309.618629171686,8716.263916047086,1731451537.0521278
-8300.297951733823,8730.479625520662,1731451537.0569444
-8321.800329899828,8755.379468843874,1731451537.0610712
-8210.734511701407,8769.25990215062,1731451537.064963
-8154.832798818684,8785.353158158441,1731451537.0691507
-8152.619976117608,8717.49326199213,1731451537.074046
-8066.454001242399,8714.587535212939,1731451537.0771244
-8182.548961943265,8714.34166602393,1731451537.081081
-8301.057911045304,8711.547697967017,1731451537.085385
-8221.508052528865,8746.572881528484,1731451537.0891016
-8241.803436494283,8742.951898926724,1731451537.0931349
-8253.471047099954,8756.027669433079,1731451537.0973046
-8165.963967557427,8828.737894146192,1731451537.1011405
-8215.741302459395,8775.54074234256,1731451537.1040792
-8213.081444869214,8693.934523336235,1731451537.108194
-8278.773221823361,8713.96168636819,1731451537.113134
-8218.892898427594,8786.493097125662,1731451537.1171763
-8197.14465107258,8761.660309035815,1731451537.1211991
-8246.139674918613,8738.146273868833,1731451537.1252089
-8302.510774434897,8705.758596153093,1731451537.1282525
-8232.952145689982,8674.734374849126,1731451537.1320505
-8060.97782385085,8776.233646420676,1731451537.136282
-8165.673394879508,8717.046227103023,1731451537.1411974
-8322.157957811112,8751.803189731025,1731451537.14518
-8188.3827672461,8726.657477218805,1731451537.1492395
-8105.770719739285,8744.136541382855,1731451537.1531787
-8006.998360991283,8626.476958570118,1731451537.1561413
-8389.190839432578,8615.904583442758,1731451537.1602955
-8346.297841822845,8826.636830167394,1731451537.164104
-8239.434151582022,8844.562929220549,1731451537.1693113
-8175.463458950932,8764.990718959656,1731451537.173108
-8246.452599340988,8763.359041614418,1731451537.1773672
-8238.048343425793,8764.744849770648,1731451537.1811404
-8161.717136110919,8748.048096662533,1731451537.1843972
-8150.541263883265,8748.249262362631,1731451537.1883812
-8196.205877805458,8746.25995710611,1731451537.192308
-8165.628691390597,8729.429093531262,1731451537.197328
-8147.635537104075,8728.713837708692,1731451537.2012887
-8185.454688722455,8743.689506493749,1731451537.2052891
-8242.697506272496,8683.630369142338,1731451537.2093785
-8280.06962300177,8719.035532359545,1731451537.2131422
-8270.503076374898,8753.814846732002,1731451537.217426
-8138.605432344131,8760.028631690579,1731451537.2203937
-8084.916542162484,8698.337816993931,1731451537.2253387
-8164.42169719001,8692.883991346836,1731451537.2291749
-8348.801237201838,8694.113337291878,1731451537.2332537
-8304.947114580526,8817.003228307156,1731451537.2364953
-8187.309883512245,8819.350161474964,1731451537.2401707
-8212.67911346902,8780.748698800648,1731451537.2442567
-8130.692914806952,8728.646782475327,1731451537.2482283
-8042.381172464034,8720.175471326766,1731451537.2525349
-8192.137860314591,8798.943018787268,1731451537.2572024
-8307.875193104172,8787.0742424815,1731451537.2611918
-8288.384471939144,8762.68848928076,1731451537.2645805
-8211.3380088017,8759.73805901266,1731451537.268427
-8128.770664783796,8736.58165175696,1731451537.2723353
-8123.495653092344,8676.880142316835,1731451537.2763846
-8204.096043598181,8713.469947990174,1731451537.280403
-8240.283517871323,8758.955747956723,1731451537.2844536
-8140.527682367287,8748.472779807184,1731451537.289261
-8251.63820405462,8767.874093994391,1731451537.292328
-8267.709108317984,8729.764369698092,1731451537.296461
-8258.58959658022,8672.901531803791,1731451537.3004887
-8168.869694336617,8723.215308572688,1731451537.3043327
-8028.679553112931,8698.941314094223,1731451537.30849
-8196.027063849815,8757.63699503386,1731451537.313351
-8313.21726002899,8826.636830167394,1731451537.317508
-8210.19806983448,8789.667044838316,1731451537.3203533
-8185.968778844926,8770.131620184377,1731451537.3242986
-8207.091177355192,8727.506843508107,1731451537.3285184
-8179.151496786058,8743.533044282562,1731451537.332595
-8143.455760890933,8724.467006262184,1731451537.3365765
-8108.3635220961,8703.881049618847,1731451537.3415148
-8149.781304571785,8725.62929697386,1731451537.3445349
-8147.791999315263,8762.263806136109,1731451537.348391
-8210.62275297913,8739.017991902589,1731451537.352393
-8230.448750310989,8706.116224064377,1731451537.3564072
-8098.774623724774,8738.705067480216,1731451537.3606837
-8293.614780141686,8740.068523891989,1731451537.3643937
-8222.446825795987,8727.238622574643,1731451537.368405
-8099.735748736352,8754.77597174358,1731451537.3724258
-8291.357253951699,8727.640953974838,1731451537.375615
-8242.004602194382,8705.803299642002,1731451537.3806307
-8214.690770469997,8702.58464844044,1731451537.3846684
-8212.746168702384,8749.992698430146,1731451537.388584
-8154.408115674033,8761.727364269182,1731451537.3928187
-8138.694839321953,8729.317334808986,1731451537.3966985
-8175.3964037175665,8648.225205925131,1731451537.4006045
-8157.269138964312,8736.983983157157,1731451537.4035828
-8232.05807591177,8812.622286393915,1731451537.4086263
-8240.238814382412,8737.140445368344,1731451537.412881
-8215.00369489237,8735.44171278974,1731451537.4168644
-8115.963115210905,8729.563203997994,1731451537.420709
-7930.66715367641,8688.659511644782,1731451537.424827
-8278.01326251188,8673.61678762636,1731451537.4287765
-8317.531146708865,8712.06178808949,1731451537.4315517
-8240.81995973825,8711.055959589,1731451537.4367068
-8210.488642512399,8772.523256841094,1731451537.4405146
-8166.52276116881,8732.625392988371,1731451537.4447448
-8160.107810510137,8663.737316577115,1731451537.4485445
-8165.516932668321,8695.052110559,1731451537.4527829
-8215.204860592468,8769.081088194978,1731451537.456517
-8097.344112079634,8739.77795121407,1731451537.459813
-8126.759007782818,8695.856773359392,1731451537.4635277
-8299.672102889073,8727.193919085732,1731451537.4687388
-8227.543023531798,8726.880994663357,1731451537.4726448
-8222.24566009589,8731.731323210159,1731451537.4767628
-8233.086256156714,8694.426261714252,1731451537.4798057
-8164.846380334661,8666.933616034225,1731451537.483781
-8137.532548610276,8706.362093253385,1731451537.4877443
-8169.361432714633,8710.541869466528,1731451537.49182
-8020.297648942191,8675.203761482688,1731451537.4976273
-8116.253687888824,8663.111467732366,1731451537.5009997
-8194.57420046022,8751.847893219936,1731451537.504707
-8249.559491820275,8730.479625520662,1731451537.5076158
-8331.70215269353,8708.753729910104,1731451537.5118036
-8200.00567436286,8715.682770691248,1731451537.5157096
-8147.56848187071,8648.202854180678,1731451537.5198257
-8135.163263698014,8547.374134942787,1731451537.5247667
-8129.709438050919,8723.952916139713,1731451537.5288167
-8265.54098910582,8831.017772080633,1731451537.5327928
-8208.924020400527,8799.88179205439,1731451537.535813
-8167.193313502469,8746.05879140601,1731451537.5396988
-8069.717355932875,8695.76736638157,1731451537.543923
-8207.471157010932,8674.108526004378,1731451537.5477712
-8223.787930463306,8697.354340237896,1731451537.5518796
-8200.609171463153,8718.767311426082,1731451537.5566783
-8238.718895759452,8701.824689128958,1731451537.5608232
-8204.587781976197,8685.1502877653,1731451537.563811
-8193.2330957929,8666.799505567493,1731451537.5680587
-8205.235982565402,8640.357391876863,1731451537.5737474
-8190.170906802525,8698.874258860858,1731451537.576874
-8196.988188861393,8698.427223971752,1731451537.581706
-8071.349033278112,8706.518555464572,1731451537.5847745
-8171.954235071449,8631.304935372465,1731451537.5878491
-8134.738580553363,8648.13579894731,1731451537.5917492
-8120.053484446226,8752.138465897855,1731451537.5959053
-8207.091177355192,8787.45422213724,1731451537.5996833
-8167.126258269103,8767.874093994391,1731451537.603876
-8167.349775713656,8750.59619553044,1731451537.607872
-8178.883275852594,8701.847040873414,1731451537.6128013
-8194.618903949131,8663.379688665831,1731451537.615841
-8156.598586630654,8724.511709751096,1731451537.618987
-8197.099947583669,8768.388184116862,1731451537.6238627
-8233.645049768096,8731.328991809964,1731451537.6277845
-8191.109680069648,8695.834421614936,1731451537.6317873
-8167.014499546826,8706.965590353679,1731451537.635949
-8161.940653555472,8724.57876498446,1731451537.639836
-8124.769702526296,8694.403909969797,1731451537.6439068
-8109.615219785598,8629.472092327129,1731451537.6480331
-7967.033441905194,8603.924048414714,1731451537.6519237
-8155.793923830262,8675.360223693875,1731451537.655844
-8370.393022345665,8692.749880880105,1731451537.6599865
-8355.238539604967,8774.937245242269,1731451537.6639364
-8170.099040281659,8798.272466453609,1731451537.6679587
-8195.602380705164,8738.816826202492,1731451537.6718812
-8200.43035750751,8723.237660317143,1731451537.6749208
-8194.082462082204,8694.470965203163,1731451537.6798916
-8164.846380334661,8677.52834290604,1731451537.6839397
-8117.75125476733,8681.61871214136,1731451537.6880336
-8134.649173575542,8689.888857589825,1731451537.691888
-8216.098930370681,8729.339686553441,1731451537.6959884
-8140.773551556296,8737.229852346165,1731451537.7000723
-8043.096428286604,8714.229907301655,1731451537.7029667
-8245.223253395945,8663.558502621472,1731451537.7080553
-8272.87236128716,8661.90447353178,1731451537.711946
-8151.234167961379,8657.814104296458,1731451537.716056
-8042.492931186311,8683.496258675606,1731451537.7200797
-8052.908844102484,8669.369956179853,1731451537.7232018
-8283.310625947788,8684.837363342926,1731451537.727028
-8264.199884438502,8736.358134312408,1731451537.7311857
-8133.173958441492,8746.639936761849,1731451537.736019
-8099.534583036254,8729.853776675913,1731451537.7399256
-8180.671415409019,8609.422577550718,1731451537.7441351
-8224.637296752608,8686.29022673252,1731451537.747982
-8203.939581386994,8769.617530061905,1731451537.7511058
-8164.175828001003,8749.478608307672,1731451537.755028
-8160.331327954689,8711.212421800188,1731451537.7590485
-8244.306831873278,8679.539999907018,1731451537.7630384
-8196.854078394661,8689.464174445173,1731451537.768062
-8098.08171964666,8707.479680476152,1731451537.772077
-8206.62179072163,8664.631386355328,1731451537.7760873
-8213.282610569311,8639.843301754392,1731451537.7790787
-8139.834778289173,8735.352305811919,1731451537.783038
-8146.964984770416,8747.981041429168,1731451537.7870188
-8136.929051509983,8685.552619165495,1731451537.791058
-8148.3731446711,8628.533319060007,1731451537.796085
-8174.256464750346,8647.465246613652,1731451537.800228
-8033.798102593197,8626.700476014672,1731451537.8041885
-8006.953657502372,8649.655717570271,1731451537.8070817
-8270.480724630443,8745.835273961458,1731451537.813242
-8286.484573660442,8740.180282614265,1731451537.81618
-8259.304852402789,8783.185038946276,1731451537.819358
-8246.877282485639,8770.846876006946,1731451537.8241985
-8216.68007572652,8714.855756146402,1731451537.8282726
-8199.849212151672,8694.135689036333,1731451537.8311658
-8137.689010821464,8699.477755961152,1731451537.83539
-8097.634684757553,8638.301031386976,1731451537.83908
-8030.221823480347,8685.351453465397,1731451537.843288
-8183.688900910485,8729.317334808986,1731451537.8471828
-8262.031765226337,8706.473851975663,1731451537.8513708
-8162.231226233391,8708.999599099112,1731451537.8562868
-8145.914452781017,8711.033607844545,1731451537.8593912
-8215.383674548111,8677.215418483665,1731451537.8632736
-8243.569224306253,8704.81982288597,1731451537.8674068
-8144.394534158056,8686.24552324361,1731451537.8714075
-8136.191443942958,8641.452627355175,1731451537.8753152
-8109.905792463517,8625.269964369532,1731451537.879294
-8183.443031721477,8739.040343647044,1731451537.88437
-8192.897819626072,8763.02376544759,1731451537.88737
-8190.997921347371,8710.161889810788,1731451537.8913212
-8257.449657612999,8691.654645401793,1731451537.8953135
-8215.495433270387,8688.81597385597,1731451537.899429
-8120.053484446226,8691.319369234965,1731451537.903275
-8128.815368272707,8679.852924329392,1731451537.907401
-8069.918521632972,8624.845281224882,1731451537.9122448
-7985.518334569733,8653.388458894307,1731451537.915232
-8220.144596117092,8740.135579125355,1731451537.9194186
-8252.800494766296,8762.487323580663,1731451537.9232512
-8303.673065146573,8735.374657556375,1731451537.927528
-8226.671305498041,8725.562241740494,1731451537.9312727
-8111.60452504212,8705.646837430815,1731451537.935383
-8152.70938309543,8711.905325878302,1731451537.9392624
-8196.921133628028,8704.350436252409,1731451537.942372
-8087.55404800821,8698.650741416304,1731451537.9473205
-8098.461699302399,8686.133764521333,1731451537.952438
-8259.327204147245,8717.135634080843,1731451537.9554007
-8242.384581850121,8679.741165607114,1731451537.959508
-8218.758787960862,8655.556578106472,1731451537.9633627
-8165.13695301258,8640.312688387954,1731451537.9673388
-8159.95134829895,8691.453479701697,1731451537.9703877
-8177.072784551715,8679.539999907018,1731451537.9744792
-8092.9855219108495,8628.0862841709,1731451537.9794931
-7952.728325453798,8648.292261158498,1731451537.9833286
-8201.994979619381,8720.197823071221,1731451537.9873147
-8239.948241704493,8777.172419687799,1731451537.9915829
-8280.136678235136,8728.758541197603,1731451537.9955766
-8226.023104908838,8719.795491671026,1731451537.9983573
-8137.912528266017,8684.81501159847,1731451538.0023563
-8127.98835372786,8605.488670526585,1731451538.0074055
-8226.96187817596,8651.645022826795,1731451538.0115545
-8207.046473866281,8754.753619999126,1731451538.0154169
-8066.096373331115,8734.97232615618,1731451538.0196288
-8091.622065499076,8721.851852160913,1731451538.0234697
-8228.839424710206,8676.254293472088,1731451538.0266943
-8207.359398288656,8672.007462025578,1731451538.0305548
-8206.040645365792,8685.86554358787,1731451538.036626
-8148.3954964155555,8695.074462303455,1731451538.039456
-8204.297209298278,8707.211459542688,1731451538.0435364
-8207.71702619994,8682.088098774922,1731451538.0475008
-8106.12834765057,8701.66822691777,1731451538.0516882
-8076.333472291645,8703.791642641025,1731451538.0546644
-8189.81327889124,8658.23878744111,1731451538.058673
-8246.609061552175,8664.541979377505,1731451538.0645156
-8179.598531675164,8690.514706434573,1731451538.0676937
-8112.498594820332,8640.469150599141,1731451538.071708
-8179.553828186254,8616.508080543052,1731451538.0746927
-7975.415346075934,8760.050983435034,1731451538.0786796
-8261.450619870498,8755.692393266248,1731451538.082582
-8167.99797630286,8749.277442607576,1731451538.086723
-8060.083754072637,8706.786776398038,1731451538.0917208
-8215.67424722603,8654.90837751727,1731451538.0957427
-8245.133846418124,8694.269799503065,1731451538.0997343
-8161.538322155277,8724.91404115129,1731451538.102763
-8075.17118157997,8693.465136702674,1731451538.106534
-8251.504093587888,8656.540054862506,1731451538.1107087
-8305.304742491811,8660.76453456456,1731451538.1170833
-8179.129145041603,8677.52834290604,1731451538.1185637
-8136.616127087609,8695.074462303455,1731451538.123551
-8197.591685961686,8679.495296418107,1731451538.1276972
-8191.221438791924,8692.347549479908,1731451538.1313772
-8053.937024347428,8699.120128049866,1731451538.1351392
-7998.750567287275,8675.963720794169,1731451538.1388152
-8241.445808583,8660.183389208722,1731451538.1425903
-8256.77910527934,8641.273813399532,1731451538.1476264
-8178.056261307748,8605.17574610421,1731451538.1517544
-8059.904940116995,8740.895538436835,1731451538.1556325
-8143.791037057762,8763.850779992435,1731451538.1588235
-8271.397146153111,8715.72747418016,1731451538.1638207
-8174.1670577725245,8718.990828870634,1731451538.1677551
-8028.165462990459,8717.806186414504,1731451538.1709082
-8175.99990081786,8682.57983715294,1731451538.1749375
-8189.455650979955,8672.499200403596,1731451538.1794136
-8168.601473403153,8690.648816901305,1731451538.1827323
-8133.330420652679,8689.799450612003,1731451538.1866984
-8204.67718895402,8675.404927182786,1731451538.1913824
-8165.13695301258,8642.592566322395,1731451538.1958537
-8147.255557448335,8623.258307368555,1731451538.1991527
-8216.121282115137,8654.57310135044,1731451538.2027247
-8203.917229642539,8655.578929850928,1731451538.2066472
-8217.10475887117,8661.926825276236,1731451538.210883
-8090.727995720863,8696.236753015131,1731451538.2147095
-7941.105418337038,8719.393160270829,1731451538.2189188
-8193.188392303991,8675.404927182786,1731451538.225346
-8311.02678907237,8730.390218542841,1731451538.2269564
-8256.332070390234,8707.546735709517,1731451538.2308245
-8092.024396899271,8691.431127957241,1731451538.2349377
-8215.24956408138,8712.128843322855,1731451538.238683
-8174.792906617273,8685.105584276389,1731451538.2431848
-8072.712489689886,8678.802392339992,1731451538.247727
-8097.746443479829,8672.275682959042,1731451538.2508247
-8211.42741577952,8715.481604991151,1731451538.2538185
-8249.53714007582,8670.129915491332,1731451538.2589142
-8227.945354931993,8661.368031664853,1731451538.2629156
-8170.881351337594,8705.356264752896,1731451538.2669976
-8114.443196587944,8687.206648255187,1731451538.2710116
-8082.748422950319,8667.067726500956,1731451538.2750158
-8145.1097899806255,8637.22814765312,1731451538.2790425
-8117.483033833866,8626.94634520368,1731451538.2824707
-8205.012465120848,8687.430165699741,1731451538.286975
-8159.95134829895,8696.795546626514,1731451538.2920263
-8191.266142280834,8685.284398232032,1731451538.2952435
-8192.070805081226,8670.196970724699,1731451538.2993193
-8019.492986141799,8658.70817407467,1731451538.3041372
-8198.664569695542,8644.224243667632,1731451538.3068748
-8249.894767987105,8702.159965295788,1731451538.3098495
-8121.439292602456,8688.860677344881,1731451538.3138762
-8172.669490894019,8682.088098774922,1731451538.3191037
-8126.110807193614,8617.580964276905,1731451538.3229313
-8234.606174779676,8580.432364992186,1731451538.3270702
-8238.16010214807,8743.868320449392,1731451538.3308864
-8183.733604399396,8750.462085063707,1731451538.3351784
-8110.755158752819,8688.368938966863,1731451538.3383932
-7999.86815451004,8642.65962155576,1731451538.3435707
-8077.562818236687,8669.52641839104,1731451538.3470044
-8268.178494951546,8719.840195159935,1731451538.351536
-8205.213630820946,8704.573953696961,1731451538.3555071
-8172.535380427287,8675.941369049713,1731451538.3580537
-8176.648101407064,8655.891854273303,1731451538.3620982
-8208.43228202251,8689.1512500228,1731451538.366068
-8149.200159215947,8713.447596245718,1731451538.3708148
-8168.243845491868,8685.53026742104,1731451538.3751943
-8193.05428183726,8655.958909506668,1731451538.379128
-8146.3391359256675,8639.79859826548,1731451538.3833847
-8111.358655853111,8631.215528394643,1731451538.386134
-8150.787133072274,8672.946235292702,1731451538.3900557
-8193.255447537356,8680.0987935184,1731451538.3940992
-8104.4296150719665,8666.128953233832,1731451538.3980246
-8190.752052158363,8681.037566785522,1731451538.4023757
-8188.494525968376,8703.63518042984,1731451538.4070249
-8139.007763744326,8674.846133571404,1731451538.4121656
-8103.89317320504,8618.117406143834,1731451538.4139788
-8181.699595653963,8645.677107057227,1731451538.418311
-8171.216627504424,8789.97996926069,1731451538.4220738
-8167.975624558405,8718.812014914993,1731451538.4265063
-8201.212668563447,8673.862656815369,1731451538.431034
-8139.253632933335,8688.413642455775,1731451538.4358263
-8105.658961017009,8698.740148394127,1731451538.4392087
-8129.597679328643,8673.035642270523,1731451538.4432762
-8171.440144948977,8668.297072445997,1731451538.4461207
-8205.750072687873,8699.00836932759,1731451538.4508352
-8148.037868504271,8698.136651293833,1731451538.454163
-8150.787133072274,8669.727584091137,1731451538.4584816
-8196.205877805458,8669.079383501934,1731451538.4633353
-8161.493618666365,8677.014252783567,1731451538.4664795
-8084.335396806646,8677.684805117227,1731451538.4704432
-8096.69591149043,8681.059918529978,1731451538.474197
-8135.744409053852,8664.184351466221,1731451538.4788475
-8181.319615998223,8633.271888884532,1731451538.482417
-8220.3904653061,8646.124141946333,1731451538.4865324
-8137.264327676813,8719.147291081821,1731451538.4913812
-8182.951293343461,8691.945218079713,1731451538.4944644
-8195.736491171896,8702.986979840634,1731451538.497393
-8104.988408683349,8733.474759277673,1731451538.5023448
-8120.075836190682,8711.77121541157,1731451538.5062535
-8201.346779030178,8688.883029089337,1731451538.5104043
-8118.019475700793,8695.074462303455,1731451538.515536
-8076.64639671402,8709.24546828812,1731451538.519241
-8131.877557263084,8685.396156954308,1731451538.523729
-8143.388705657567,8673.57208413745,1731451538.5273528
-8232.773331734339,8689.933561078735,1731451538.530403
-8234.203843379479,8681.90928481928,1731451538.5346403
-8141.935842267972,8652.695554816193,1731451538.5386963
-8214.869584425638,8651.80148503798,1731451538.5424511
-8270.793649052817,8684.81501159847,1731451538.5472648
-8157.4256011755,8689.598284911906,1731451538.5505028
-8004.226744678825,8653.924900761236,1731451538.5541873
-8111.090434919648,8697.354340237896,1731451538.558306
-8272.626492098152,8731.731323210159,1731451538.563248
-8173.138877527581,8702.115261806877,1731451538.5665083
-8031.58527989212,8684.278569731543,1731451538.570998
-8106.731844750863,8670.62165386935,1731451538.574325
-8223.475006040931,8699.835383872436,1731451538.5787988
-8230.426398566533,8670.107563746878,1731451538.584304
-8174.681147894997,8697.175526282255,1731451538.5864384
-8151.2118162169245,8711.212421800188,1731451538.5906005
-8192.070805081226,8690.447651201208,1731451538.5948565
-8171.596607160164,8713.58170671245,1731451538.5987663
-8100.026321414271,8705.065692074979,1731451538.6015184
-8019.135358230515,8681.641063885816,1731451538.6054373
-8176.916322340528,8659.602243852883,1731451538.6095445
-8255.326241889745,8663.044412499,1731451538.6153116
-8191.422604492021,8679.025909784545,1731451538.618713
-8165.47222917941,8679.942331307213,1731451538.6227863
-8185.387633489089,8675.963720794169,1731451538.6270523
-8147.970813270905,8705.66918917527,1731451538.6299691
-8067.459829742888,8671.694537603205,1731451538.633438
-8135.185615442469,8681.417546441264,1731451538.638068
-8170.546075170765,8657.434124640718,1731451538.6425664
-8122.623935058586,8656.964738007156,1731451538.6466448
-8220.323410072733,8662.95500552118,1731451538.6504788
-8092.359673066101,8650.348621648387,1731451538.6547165
-8070.007928610794,8704.52925020805,1731451538.65832
-8152.239996461868,8723.43882601724,1731451538.6617558
-8161.292452966268,8738.816826202492,1731451538.6678903
-8241.177587649536,8746.036439661555,1731451538.6710148
-8180.224380519913,8737.00633490161,1731451538.6743834
-8201.05620635226,8694.24744775861,1731451538.6787894
-8188.226305034913,8690.827630856948,1731451538.6826105
-8146.249728947846,8703.992808341123,1731451538.6866229
-8170.702537381952,8683.496258675606,1731451538.6905067
-8203.179622075513,8643.71015354516,1731451538.693528
-8178.637406663586,8647.867578013847,1731451538.6974754
-8138.940708510961,8658.484656630118,1731451538.7026565
-8152.418810417511,8672.633310870327,1731451538.7064445
-8169.160267014536,8699.053072816501,1731451538.7095397
-8188.360415501645,8671.113392247367,1731451538.7136495
-8167.640348391575,8652.360278649365,1731451538.7177308
-7990.100442183071,8626.56636554794,1731451538.721774
-8014.374436661535,8672.76742133706,1731451538.7257297
-8135.856167776128,8691.341720979419,1731451538.7316096
-8162.745316355863,8658.23878744111,1731451538.734753
-8267.150314706601,8774.691376053259,1731451538.7377205
-8221.463349039954,8751.44556181974,1731451538.74226
-8225.888994442104,8701.91409610678,1731451538.7456636
-8098.193478368936,8641.251461655076,1731451538.7499645
-8177.989206074382,8662.664432843261,1731451538.75553
-8255.169779678557,8696.52732569305,1731451538.7588508
-8156.956214541939,8697.041415815524,1731451538.7626011
-8136.571423598698,8697.309636748987,1731451538.765525
-8099.512231291799,8704.596305441417,1731451538.7696395
-8142.89696727955,8694.314502991976,1731451538.7735229
-8165.673394879508,8653.276700172031,1731451538.777819
-8147.523778381798,8631.863728983848,1731451538.7815633
-8102.820289471185,8652.650851327284,1731451538.785715
-8153.134066240081,8643.33017388942,1731451538.7905395
-8158.18556048698,8643.732505289616,1731451538.793569
-8121.439292602456,8672.879180059335,1731451538.7973192
-8038.357858462079,8687.050186044,1731451538.8017547
-8242.026953938837,8674.24263647111,1731451538.8055809
-8305.59531516973,8702.517593207072,1731451538.8097749
-8212.902630913572,8685.843191843414,1731451538.8136573
-8118.13123442307,8698.38252048284,1731451538.8186812
-8061.111934317581,8688.346587222408,1731451538.821669
-8200.34095052969,8621.693685256683,1731451538.8270457
-8218.714084471952,8635.149435418778,1731451538.830523
-8085.452984029411,8666.821857311948,1731451538.8336337
-7978.365776344035,8700.014197828079,1731451538.8383312
-8062.341280262623,8650.259214670565,1731451538.841869
-8194.015406848837,8667.604168367883,1731451538.8462384
-8294.866477831183,8684.367976709364,1731451538.848711
-8216.68007572652,8702.092910062422,1731451538.853737
-8192.406081248055,8701.601171684406,1731451538.8577943
-8241.222291138445,8677.349528950397,1731451538.8617997
-8195.803546405263,8669.81699106896,1731451538.8658345
-8143.768685313307,8668.364127679364,1731451538.8698096
-8141.734676567874,8685.284398232032,1731451538.8741376
-8124.881461248573,8662.396211909796,1731451538.8768656
-7927.001467585739,8551.397448944743,1731451538.8816948
-8195.3341597717,8635.887042985803,1731451538.8858511
-8261.763544292873,8721.270706805075,1731451538.8898456
-8188.248656779368,8728.467968519684,1731451538.893878
-8197.792851661785,8738.995640158135,1731451538.8981495
-8142.315821923712,8714.654590446306,1731451538.9019394
-8134.805635786729,8690.000616312102,1731451538.9048247
-8135.207967186924,8628.80153999347,1731451538.9089117
-8083.106050861604,8616.016342165034,1731451538.9140089
-8141.75702831233,8697.57785768245,1731451538.9179652
-8172.222456004913,8721.404817271807,1731451538.9219456
-8208.476985511421,8693.263971002576,1731451538.9258587
-8180.961988086938,8670.420488169251,1731451538.92997
-8129.463568861911,8679.38353769583,1731451538.9329169
-8103.826117971674,8694.04628205851,1731451538.9375372
-8178.816220619228,8653.366107149854,1731451538.9418836
-8199.491584240388,8642.033772711013,1731451538.9458995
-8189.030967835304,8656.897682773792,1731451538.9525049
-8166.209836746435,8678.802392339992,1731451538.952876
-8158.297319209257,8677.684805117227,1731451538.9567995
-8195.62473244962,8652.04735422699,1731451538.9614153
-8140.639441089564,8629.51679581604,1731451538.9648204
-7879.414603640391,8579.672405680705,1731451538.970023
-7978.365776344035,8671.42631666974,1731451538.9739044
-8283.824716070261,8720.510747493596,1731451538.977995
-8243.256299883878,8747.221082117687,1731451538.980814
-8220.502224028376,8751.154989141822,1731451538.9849925
-8182.772479387818,8725.428131273762,1731451538.9888723
-8205.124223843124,8694.158040780789,1731451538.99282
-8201.547944730275,8680.322310962953,1731451538.9978547
-8154.51987439631,8689.754747123092,1731451539.0020282
-8109.458757574411,8646.90645300227,1731451539.0059335
-8021.236422209314,8638.681011042716,1731451539.008989
-8207.538212244299,8674.28733996002,1731451539.0136845
-8217.19416584899,8692.839287857925,1731451539.0182605
-8175.686976395485,8703.501069963106,1731451539.0210297
-8193.300151026267,8646.839397768903,1731451539.025157
-8164.824028590207,8672.119220747856,1731451539.030492
-8124.367371126101,8699.72362515016,1731451539.035741
-8104.004931927316,8675.539037649518,1731451539.040202
-8137.241975932357,8657.948214763192,1731451539.0420637
-8209.460462267454,8619.190289877688,1731451539.0449529
-8143.99220275786,8616.284563098498,1731451539.0491695
-8063.972957607861,8670.912226547269,1731451539.0531294
-8088.068138130682,8706.2056310422,1731451539.0578237
-8150.027173760793,8665.458400900174,1731451539.0611932
-8281.522486391365,8666.754802078582,1731451539.065502
-8153.2681767068125,8694.783889625536,1731451539.069088
-7968.642767505976,8597.84437392287,1731451539.0738325
-8084.536562506743,8600.638341979784,1731451539.0773053
-8245.938509218515,8705.356264752896,1731451539.0809517
-8218.378808305122,8748.785704229558,1731451539.084968
-8201.369130774634,8754.597157787939,1731451539.0894425
-8203.559601731253,8719.706084693204,1731451539.0919771
-8176.737508384885,8673.929712048735,1731451539.0972052
-8096.494745790333,8658.797581052493,1731451539.1010923
-8126.155510682525,8631.37199060583,1731451539.1050012
-8224.346724074689,8635.842339496892,1731451539.1092455
-8208.253468066869,8650.57213909294,1731451539.113054
-8154.944557540961,8655.534226362017,1731451539.1171455
-8132.838682274662,8646.168845435244,1731451539.120079
-8138.851301533139,8649.365144892352,1731451539.1251955
-8097.165298123992,8637.183444164211,1731451539.1291912
-8030.043009524705,8601.80063269146,1731451539.1333103
-8161.672432622008,8610.920144429225,1731451539.137905
-8133.062199719215,8714.364017768386,1731451539.1425445
-8204.274857553823,8704.216325785676,1731451539.1450655
-8180.00086307536,8681.059918529978,1731451539.150154
-8162.231226233391,8677.036604528023,1731451539.1531951
-8187.600456190165,8633.204833651165,1731451539.1571486
-8191.266142280834,8636.244670897087,1731451539.1636212
-8174.2788164948015,8650.415676881752,1731451539.167138
-8118.51121407881,8649.342793147898,1731451539.1702363
-8175.843438606673,8635.641173796794,1731451539.174086
-8231.834558467217,8630.14264466079,1731451539.1763537
-8199.96097087395,8666.71009858967,1731451539.181142
-8118.354751867623,8661.47979038713,1731451539.1852973
-8125.082626948671,8653.254348427576,1731451539.1902657
-8171.507200182343,8624.599412035872,1731451539.1943269
-8146.450894647944,8628.175691148721,1731451539.1978626
-8134.7162288089075,8660.004575253079,1731451539.2002828
-8134.045676475249,8658.819932796947,1731451539.204264
-8186.0805375672035,8608.684969983695,1731451539.2097428
-8222.916212429549,8537.606422615818,1731451539.2132823
-7965.871151193518,8666.33011893393,1731451539.2172077
-8076.914617647483,8722.365942283386,1731451539.221252
-8237.556605047776,8684.233866242632,1731451539.22581
-8194.19422080448,8646.012383224057,1731451539.228768
-8167.2380169913795,8653.56727284995,1731451539.232231
-8132.056371218726,8663.33498517692,1731451539.2373302
-8142.002897501337,8647.912281502759,1731451539.2413175
-8162.722964611407,8623.839452724393,1731451539.2453947
-8102.932048193461,8617.648019510272,1731451539.2498
-8136.571423598698,8654.349583905887,1731451539.2522073
-8217.954125160471,8225.129035130625,1731451544.3275056
-8186.259351522845,8235.567299791253,1731451544.3315923
-8155.704516852441,8242.161064405569,1731451544.3354995
-8187.041662578781,8226.313677586755,1731451544.3385773
-8222.24566009589,8212.343837302189,1731451544.344805
-8196.474098738921,8225.464311297454,1731451544.347694
-8156.084496508181,8235.67905851353,1731451544.3527465
-8175.016424061826,8222.066846140247,1731451544.355575
-8217.708255971464,8206.845308166183,1731451544.3607285
-8204.788947676296,8210.779215190318,1731451544.364636
-8162.052412277748,8220.658686239563,1731451544.3676145
-8170.277854237302,8214.489604769899,1731451544.3705904
-8217.037703637803,8198.150479573069,1731451544.3746748
-8214.735473958906,8199.648046451575,1731451544.3786085
-8167.953272813949,8212.410892535556,1731451544.3836176
-8166.165133257525,8208.812261678251,1731451544.3876667
-8213.953162902972,8193.434261493,1731451544.3906312
-8217.14946236008,8197.122299328124,1731451544.3946524
-8172.937711827482,8211.919154157538,1731451544.3987193
-8160.666604121519,8210.801566934773,1731451544.4027228
-8202.889049397594,8192.875467881617,1731451544.406634
-8218.937601916505,8190.550886458264,1731451544.410664
-8177.028081062804,8205.526555243321,1731451544.415736
-8152.262348206324,8213.550831502776,1731451544.4187353
-8185.298226511268,8200.139784829591,1731451544.422667
-8213.237907080402,8190.819107391729,1731451544.4276943
-8178.302130496756,8206.420625021532,1731451544.4316788
-8149.267214449313,8213.90845941406,1731451544.4367092
-8184.672377666519,8195.915305127539,1731451544.4398336
-8217.462386782454,8180.649063664564,1731451544.4429195
-8152.396458673055,8209.10283435617,1731451544.4509416
-8210.62275297913,8175.441107206477,1731451544.462814
-8162.544150655765,8203.224325564424,1731451544.467019
-8165.338118712679,8210.600401234675,1731451544.4708076
-8202.62082846413,8183.666549166031,1731451544.475076
-8194.305979526756,8178.078613052204,1731451544.4788375
-8161.001880288349,8191.422604492021,1731451544.4820871
-8168.936749569983,8203.224325564424,1731451544.4860604
-8212.947334402483,8187.198124789968,1731451544.4910448
-8217.015351893348,8182.057223565248,1731451544.4948015
-8174.390575217078,8195.021235349326,1731451544.4990492
-8156.352717441645,8198.083424339704,1731451544.503013
-8199.648046451575,8175.821086862217,1731451544.5068736
-8215.316619314744,8167.036851291282,1731451544.511842
-8165.963967557427,8177.788040374285,1731451544.5159705
-8137.912528266017,8181.118450298125,1731451544.5199213
-8195.758842916352,8169.897874581561,1731451544.5240357
-8226.045456653292,8193.94835161547,1731451544.527905
-8182.325444498711,8209.86279366765,1731451544.5330956
-8146.383839414578,8208.611095978153,1731451544.536021
-8179.039738063781,8186.795793389773,1731451544.5389595
-8204.520726742832,8160.532493654788,1731451544.5419624
-8144.506292880332,8151.27887145029,1731451544.5473163
-8140.304164922734,8162.767668100318,1731451544.5509632
-8177.4527642074545,8197.010540605848,1731451544.5549495
-8210.2874768123,8173.049470549759,1731451544.5590055
-8217.440035037998,8175.66462465103,1731451544.5619347
-8179.062089808237,8186.058185822748,1731451544.566008
-8142.248766690346,8183.085403810192,1731451544.57011
-8163.28175822279,8168.243845491868,1731451544.575068
-8184.471211966421,8166.52276116881,1731451544.578957
-8104.384911583056,8180.827877620206,1731451544.5831292
-8156.397420930555,8162.991185544871,1731451544.586972
-8265.49628561691,8172.960063571938,1731451544.59108
-8246.385544107621,8184.00182533286,1731451544.5951953
-8178.547999685765,8190.595589947175,1731451544.600103
-8153.312880195723,8183.375976488111,1731451544.6039948
-8187.421642234522,8146.629708603587,1731451544.6070888
-8237.86952947015,8136.7725892987955,1731451544.6111042
-8171.976586815905,8155.3245371967005,1731451544.6140904
-8110.5316413082655,8122.422769358489,1731451544.618061
-8162.007708788838,8116.611315800109,1731451544.62204
-8276.58275086674,8167.036851291282,1731451544.6261458
-8173.2282845054015,8218.870546683138,1731451544.6300893
-8122.534528080765,8209.214593078446,1731451544.6351366
-8175.910493840039,8170.993110059871,1731451544.6390584
-8261.338861148222,8131.072894462693,1731451544.6421027
-8270.525428119354,8135.632650331575,1731451544.6460924
-8217.14946236008,8116.521908822287,1731451544.650071
-8164.3769937011,8201.838517408194,1731451544.6540504
-8119.0476559457375,8229.331163088222,1731451544.6581144
-8139.007763744326,8136.459664876422,1731451544.6631727
-8152.821141817706,8121.014609457805,1731451544.6671307
-8201.436186007999,8219.76461646135,1731451544.671085
-8239.612965537664,8245.916157474061,1731451544.675217
-8217.14946236008,8206.800604677273,1731451544.6791053
-8151.368278428112,8204.587781976197,1731451544.6832056
-8004.740834801297,8146.450894647944,1731451544.688414
-8020.610573364565,8017.324866929635,1731451544.6911876
-8277.610931111685,8115.493728577344,1731451544.695117
-8291.848992329717,8255.81798026776,1731451544.6982307
-8232.750979989885,8259.416611125065,1731451544.702237
-8230.046418910792,8201.279723796812,1731451544.7063086
-8158.140856998069,8143.902795780039,1731451544.7103
-8024.857404811073,8085.02830088476,1731451544.7143395
-8094.103109133614,8095.108937634103,1731451544.7193716
-8295.089995275735,8214.131976858615,1731451544.7222977
-8322.873213633682,8232.214538122957,1731451544.7263937
-8200.117433085135,8220.859851939662,1731451544.7302897
-8170.858999593139,8217.48473852691,1731451544.7343817
-8205.39244477659,8183.28656951029,1731451544.7382216
-8145.04273474726,8113.906754721017,1731451544.7422488
-8082.234332827847,8119.56174606821,1731451544.7473233
-8184.113584055136,8173.362394972133,1731451544.7503276
-8333.400885272133,8205.705369198962,1731451544.753408
-8286.506925404898,8172.200104260458,1731451544.758273
-8141.309993423223,8191.869639381128,1731451544.7634392
-8058.563835449677,8165.896912324061,1731451544.7664063
-8076.244065313825,8065.291710530724,1731451544.7702682
-8265.49628561691,8176.581046173698,1731451544.7743251
-8238.070695170247,8304.813004113794,1731451544.7784855
-8020.811739064663,8261.20475068149,1731451544.782487
-8153.446990662455,8227.408913065066,1731451544.7865107
-8336.239556817956,8254.25335815589,1731451544.7903738
-8199.558639473753,8164.779325101295,1731451544.793358
-8276.023957255358,8176.558694429243,1731451544.7974153
-8301.97433256797,8297.21341099899,1731451544.802327
-8349.382382557676,8229.509977043865,1731451544.8063536
-8327.231803802468,8190.819107391729,1731451544.8103385
-8220.613982750652,8213.081444869214,1731451544.8144476
-8131.207004929424,8190.930866114005,1731451544.819394
-8122.914507736506,8133.308068908223,1731451544.822398
-8022.48811989881,8052.97589933585,1731451544.8273923
-8052.461809213378,8054.518169703266,1731451544.8314743
-8283.154163736603,8242.2951748723,1731451544.835346
-8327.656486947119,8339.055876619324,1731451544.8385448
-8127.697781049941,8146.383839414578,1731451544.8444622
-8280.78487882434,8036.368553205557,1731451544.847366
-8271.508904875387,8259.595425080708,1731451544.8504744
-8128.234222916869,8311.205603028013,1731451544.854426
-8130.245879917847,8314.983047840959,1731451544.8584163
-8218.892898427594,8295.380567953654,1731451544.8623853
-8182.928941599005,8272.313567675777,1731451544.8664098
-8124.769702526296,8249.045401697804,1731451544.869479
-8090.146850365026,8241.848139983194,1731451544.873415
-8286.97631203846,8039.229576495836,1731451544.877448
-8352.93630992607,7971.637901262988,1731451544.8814976
-8227.878299698628,8215.67424722603,1731451544.886444
-8139.298336422245,8300.16384126709,1731451544.890581
-8180.492601453377,8185.208819533446,1731451544.8944304
-8212.813223935751,7972.95665418585,1731451544.8974748
-7997.163593430948,7936.858586890529,1731451544.9025924
-8164.287586723279,8273.274692687357,1731451544.906456
-8216.836537937706,8434.944860332593,1731451544.911462
-8241.892843472106,8280.11432649068,1731451544.9145262
-8019.560041375165,8178.95033108596,1731451544.9195156
-8046.248024254803,8125.887289749061,1731451544.9224987
-8271.598311853208,8086.034129385249,1731451544.9264965
-8430.161587019156,8131.341115396156,1731451544.9295628
-8216.367151304144,8265.071602472259,1731451544.93361
-8075.282940302246,8334.429065517077,1731451544.9377837
-8196.742319672385,8228.414741565555,1731451544.9415233
-8036.994402050305,8113.549126809732,1731451544.9466898
-8056.060440070682,8149.893063294061,1731451544.9505596
-8161.381859944089,8247.436076097021,1731451544.9535573
-8318.827547887271,8190.819107391729,1731451544.9575615
-8312.099672806224,8113.9961616988385,1731451544.9616203
-8384.452269608053,8089.297484075723,1731451544.9655628
-8184.359453244145,8083.150754350514,1731451544.9695933
-8128.077760705682,8041.107123030081,1731451544.974616
-8157.023269775304,7965.29000583768,1731451544.9785736
-7918.37369422599,8354.523283782397,1731451544.9817133
-8218.557622260765,8447.372430249743,1731451544.9866655
-8247.167855163558,8371.667071779619,1731451544.9906623
-8159.772534343307,8277.499172389409,1731451544.993641
-8155.749220341351,8171.104868782148,1731451544.9996755
-8123.808577514717,8044.63869865402,1731451545.0027602
-8170.3449094706675,7963.255997092247,1731451545.0067165
-8390.934275500093,8132.212833429913,1731451545.0097926
-8057.937986604928,8526.944640510636,1731451545.0137308
-7999.53287834321,8330.562213726309,1731451545.0176804
-7953.443581276368,8189.433299235499,1731451545.0217955
-8077.518114747777,8187.309883512245,1731451545.02583
-8231.521634044842,8159.750182598852,1731451545.0308032
-8161.09128726617,8372.047051435358,1731451545.033942
-8282.148335236114,8353.405696559632,1731451545.037754
-8232.43805556751,8289.345596950721,1731451545.04203
-8218.557622260765,8226.403084564578,1731451545.0457656
-8174.502333939355,8185.6111509336415,1731451545.0497484
-8154.89985405205,7994.503735840766,1731451545.0537565
-8135.163263698014,7886.790679310642,1731451545.0579548
-8160.308976210234,8113.817347743196,1731451545.0628445
-8156.799752330751,8602.202964091655,1731451545.0668516
-7914.216269757304,8552.671498378695,1731451545.0707831
-8136.616127087609,8259.058983213781,1731451545.074865
-8129.776493284285,8142.740505068363,1731451545.0787635
-8041.218881752358,8430.876842841726,1731451545.082836
-8136.057333476226,8448.802941894883,1731451545.0879588
-8228.124168887636,8377.389118360177,1731451545.0908208
-8236.886052714117,8343.995612143948,1731451545.0948555
-8094.88542018955,8311.920858850583,1731451545.0978289
-8007.467747624844,8295.335864464745,1731451545.1018264
-8047.097390544104,8262.948186749005,1731451545.1059072
-8358.032507661881,8362.860484464227,1731451545.1099386
-8256.980270979437,8370.817705490315,1731451545.1169093
-8192.137860314591,8384.809897519339,1731451545.120901
-8174.882313595094,8292.228971985456,1731451545.1238997
-8220.435168795011,8138.56072885522,1731451545.126953
-8080.803821182707,8286.26105621589,1731451545.1309345
-8029.506567657777,8488.320826091865,1731451545.133891
-8069.896169888517,8425.579479405818,1731451545.1378753
-8079.283902559746,8370.460077579031,1731451545.142005
-8165.360470457133,8390.71075805554,1731451545.1459663
-8227.632430509619,8368.336661855777,1731451545.1509662
-8094.103109133614,8336.820702173794,1731451545.1548705
-8058.697945916409,8345.60493774473,1731451545.158959
-8327.164748569101,8353.696269237551,1731451545.1629632
-8265.228064683446,8377.746746271461,1731451545.1670544
-8160.577197143698,8413.66599961114,1731451545.1710124
-8226.268974097846,8287.557457394298,1731451545.174046
-7969.358023328546,8304.969466324981,1731451545.1770225
-7758.826942304009,8430.38510446371,1731451545.181074
-8265.742154805917,8397.32687441431,1731451545.186062
-8304.83535585825,8445.114904059757,1731451545.1900442
-8177.296301996268,8376.316234626322,1731451545.1941867
-7997.945904486884,8227.699485742985,1731451545.19706
-8139.521853866799,8466.058488614379,1731451545.2010093
-8182.839534621184,8490.1536691372,1731451545.2051735
-8222.558584518265,8457.654232699184,1731451545.2090044
-8192.607246948153,8437.738828389505,1731451545.2139623
-8109.4140540855005,8390.353130144254,1731451545.218047
-8146.3391359256675,8357.451362306043,1731451545.2219691
-8148.015516759815,8386.173353931112,1731451545.2261698
-8108.005894184816,8354.3221180823,1731451545.2301767
-8060.955472106394,8368.291958366866,1731451545.2351284
-8136.683182320975,8395.672845324618,1731451545.2392254
-8221.150424617581,8410.603810620763,1731451545.2431917
-8171.037813548782,8369.409545589631,1731451545.2471864
-7862.2931673876255,8300.074434289269,1731451545.251247
-8030.4676926693555,8373.879894480693,1731451545.2552412
-8158.52083665381,8417.689313613095,1731451545.2582664
-8368.761345000428,8464.605625224785,1731451545.2612786
-8250.833541254227,8429.558089918863,1731451545.265221
-8189.47800272441,8438.610546423262,1731451545.2692456
-8173.943540327971,8419.56686014734,1731451545.2742927
-8167.260368735835,8465.231474069533,1731451545.2772737
-8093.45490854441,8504.458785588597,1731451545.2811394
-7901.878106817974,8408.346284430776,1731451545.2851732
-7881.426260641368,8246.094971429702,1731451545.2892823
-8241.49051207191,8519.322695651377,1731451545.2931705
-8328.908184636615,8527.034047488458,1731451545.297197
-8151.949423783949,8485.795078968416,1731451545.3021224
-8090.482126531855,8414.068331011335,1731451545.305201
-8204.408968020554,8386.419223120121,1731451545.309127
-8246.20673015198,8411.676694354617,1731451545.31326
-8150.407153416533,8471.065279372368,1731451545.3191624
-8110.688103519453,8440.756313890972,1731451545.322165
-8089.476298031366,8390.554295844353,1731451545.3271244
-7991.642712550487,8312.479652461965,1731451545.330171
-8193.836592893194,8482.799945211405,1731451545.334212
-8193.94835161547,8465.924378147647,1731451545.3371625
-8160.934825054983,8452.938014619114,1731451545.341268
-8136.571423598698,8363.03929841987,1731451545.3451564
-8088.537524764243,8356.534940783375,1731451545.349276
-8107.290638362246,8366.928501955093,1731451545.353282
-8093.678425988964,8352.444571548054,1731451545.357237
-8218.445863538487,8571.2234462766,1731451545.3602507
-8046.940928332917,8583.539257471473,1731451545.364343
-8036.234442738824,8510.046721702423,1731451545.3693156
-8211.293305312789,8461.252863556489,1731451545.373397
-8211.695636712986,8422.204365993068,1731451545.3773897
-8083.866010173084,8415.744711845484,1731451545.3813334
-8156.062144763726,8384.273455652412,1731451545.3853767
-8129.79884502874,8499.653160530706,1731451545.388466
-8207.314694799745,8377.970263716015,1731451545.3923888
-8053.825265625152,8350.298804080345,1731451545.397318
-7820.674219211844,8469.500657260496,1731451545.4023807
-7895.284342203658,8569.211789275621,1731451545.4053288
-8361.720545497006,8534.208957458612,1731451545.4093256
-8292.45248943001,8496.367454095776,1731451545.4123232
-8182.325444498711,8493.640541272229,1731451545.41633
-8165.47222917941,8453.899139630692,1731451545.422309
-8178.525647941309,8428.686371885105,1731451545.4253533
-8187.511049212343,8364.939196698571,1731451545.4293077
-8158.498484909354,8230.314639844257,1731451545.4333808
-7993.743776529286,8438.118808045247,1731451545.4393847
-8222.24566009589,8499.854326230803,1731451545.442422
-8156.620938375108,8512.505413592507,1731451545.445335
-8059.54731220571,8503.944695466125,1731451545.4493904
-8011.8039860491745,8395.404624391154,1731451545.4523418
-7989.273427638224,8298.733329621951,1731451545.4574192
-7869.177504679859,8542.747323840538,1731451545.461412
-8359.910054196127,8574.531504455985,1731451545.465397
-8245.267956884856,8535.348896425832,1731451545.4683585
-8202.844345908683,8468.517180504463,1731451545.4725964
-8229.487625299409,8439.392857479199,1731451545.4765418
-8146.808522559229,8446.456008727075,1731451545.480502
-8099.176955124969,8423.009028793458,1731451545.4865632
-8096.919428934983,8438.297622000888,1731451545.4896529
-8170.18844725948,8397.013949991937,1731451545.493594
-8189.232133535402,8441.33745924681,1731451545.4965208
-8093.968998666883,8412.391950177187,1731451545.500486
-8118.488862334355,8441.270404013445,1731451545.5044758
-8154.721040096408,8390.442537122075,1731451545.5085907
-7765.264244707138,8430.653325397174,1731451545.5137167
-8048.729067889341,8496.747433751516,1731451545.5176623
-8352.377516314687,8476.496753275009,1731451545.520462
-8230.716971244452,8492.277084860454,1731451545.524758
-8184.180639288502,8483.068166144869,1731451545.528498
-8154.363412185123,8469.612415982774,1731451545.532514
-8127.451911860933,8448.95940410607,1731451545.53662
-8138.314859666212,8450.367564006754,1731451545.541779
-8145.1097899806255,8423.724284616028,1731451545.545598
-8117.125405922581,8330.495158492942,1731451545.548806
-7826.195100092304,8263.171704193557,1731451545.552812
-7819.8025011780865,8390.71075805554,1731451545.5567925
-8460.604662967286,8646.392362879797,1731451545.5607426
-8301.706111634507,8582.153449315245,1731451545.5646396
-8153.402287173544,8531.370285912786,1731451545.5687628
-8166.858037335639,8462.169285079157,1731451545.5736356
-8150.943595283461,8441.76214239146,1731451545.576773
-8140.32651666719,8450.032287839924,1731451545.5806975
-8102.149737137525,8442.85737786977,1731451545.5847137
-8131.765798540807,8432.061485297858,1731451545.5886772
-8182.19133403198,8395.225810435511,1731451545.5926976
-8080.64735897152,8361.631138519186,1731451545.5968082
-8148.641365604564,8375.46686833702,1731451545.6006253
-8044.661050398476,8455.396706509198,1731451545.6046135
-8098.3275888356675,8524.262431176,1731451545.60874
-8189.366244002133,8502.000093698513,1731451545.6126273
-8092.091452132637,8469.143029349212,1731451545.6166828
-8036.703829372386,8403.42890065061,1731451545.620662
-8184.247694521868,8446.567767449353,1731451545.6247647
-8245.558529562775,8467.936035148625,1731451545.6286497
-8172.088345538181,8453.38504950822,1731451545.6317725
-8136.996106743349,8279.980216023949,1731451545.636698
-7758.983404515196,8090.88445793205,1731451545.640797
-7711.307133592026,8454.346174519798,1731451545.6448116
-8293.838297586239,8710.743035166626,1731451545.6488538
-8433.357886476266,8655.668336828749,1731451545.6528275
-8251.63820405462,8530.990306257047,1731451545.656774
-8228.325334587733,8472.227570084044,1731451545.6598284
-8171.775421115807,8459.755296677982,1731451545.6648197
-8098.461699302399,8456.849569898794,1731451545.6688185
-8130.938783995961,8439.1916917791,1731451545.672778
-8166.589816402175,8412.57076413283,1731451545.677837
-8162.007708788838,8374.595150303263,1731451545.6818695
-8134.291545664257,8386.486278353486,1731451545.684799
-8113.258554131813,8490.600704026307,1731451545.6877484
-8135.878519520584,8431.368581219744,1731451545.6918125
-8125.082626948671,8432.776741120428,1731451545.6970212
-8002.863288267052,8446.344250004799,1731451545.7008631
-8024.1868524774145,8437.157683033667,1731451545.70504
-8229.666439255052,8388.877915010204,1731451545.707933
-8186.0805375672035,8397.908019770148,1731451545.7117896
-8184.404156733055,8316.279449019366,1731451545.7159295
-7953.465933020822,8387.80503127635,1731451545.719791
-8090.415071298489,8514.695884549128,1731451545.7258596
-8190.550886458264,8511.991323470036,1731451545.728878
-8061.000175595305,8435.123674288234,1731451545.7331111
-8169.204970503447,8436.129502788723,1731451545.7359962
-7978.455183321856,8386.732147542494,1731451545.740044
-8234.919099202049,8475.24505558551,1731451545.746927
-8253.471047099954,8517.109872950301,1731451545.7499812
-8135.632650331575,8484.118698134267,1731451545.7539587
-8149.378973171589,8455.664927442662,1731451545.7569714
-8153.849322062651,8435.168377777145,1731451545.7611082
-8084.447155528922,8442.030363324924,1731451545.7640655
-8082.748422950319,8424.551299160874,1731451545.768195
-8163.929958811994,8357.60782451723,1731451545.77205
-8170.993110059871,8372.024699690903,1731451545.778159
-8140.661792834019,8441.896252858192,1731451545.781171
-8041.285936985724,8372.874065980204,1731451545.7851453
-7971.682604751898,8323.633172945163,1731451545.7891483
-8230.538157288809,8440.666906913151,1731451545.7931104
-8240.954070204982,8465.72321244755,1731451545.795987
-8120.32170537969,8400.187897704589,1731451545.800138
-8138.247804432846,8399.1820692041,1731451545.8061488
-8097.969960924383,8512.125433936768,1731451545.8100948
-8154.832798818684,8488.72315749206,1731451545.812978
-8098.260533602302,8494.735776750538,1731451545.818264
-8098.618161513586,8433.179072520623,1731451545.821035
-8130.156472940025,8355.730277982984,1731451545.8251617
-8089.923332920473,8339.212338830512,1731451545.828154
-7895.172583481381,8415.632953123208,1731451545.8352723
-8254.186302922524,8466.617282225763,1731451545.8380053
-8236.506073058375,8422.629049137719,1731451545.8421967
-8215.786005948306,8403.831232050805,1731451545.845039
-8130.402342129033,8424.730113116517,1731451545.8482044
-8089.968036409383,8434.408418465664,1731451545.855131
-8127.518967094299,8403.205383206056,1731451545.8592224
-8161.761839599829,8378.193781160568,1731451545.8621008
-8156.777400586296,8341.179292342578,1731451545.8651073
-8020.096483242093,8338.340620796755,1731451545.8683393
-8053.087658058126,8384.206400419045,1731451545.872256
-8101.4344813149555,8374.572798558807,1731451545.8772588
-8192.04845333677,8455.687279187117,1731451545.8812923
-8175.955197328949,8442.231529025023,1731451545.8842776
-8096.382987068056,8372.382327602189,1731451545.888194
-8168.668528636519,8350.298804080345,1731451545.8942287
-8129.843548517651,8447.81946513885,1731451545.8973727
-8124.121501937092,8431.882671342215,1731451545.900324
-8119.181766412469,8403.004217505959,1731451545.9032423
-8147.412019659522,8356.713754739018,1731451545.908396
-8020.744683831297,8272.671195587063,1731451545.912174
-8081.02733862726,8432.307354486866,1731451545.919294
-8228.124168887636,8438.968174334548,1731451545.9223378
-8215.987171648405,8366.436763577076,1731451545.925208
-8128.480092105877,8283.645902114618,1731451545.92918
-8044.661050398476,8233.399180579088,1731451545.9324267
-8151.882368550583,8394.957589502048,1731451545.9363828
-8183.398328232566,8454.05560184188,1731451545.940409
-8169.607301903642,8432.106188786769,1731451545.9452028
-8111.895097720039,8414.671828111628,1731451545.949406
-8070.387908266534,8380.250141650456,1731451545.952369
-7945.016973616716,8370.013042689925,1731451545.9563906
-8115.940763466449,8367.889626966671,1731451545.961434
-8225.307849086268,8365.453286821043,1731451545.9654324
-8184.337101499689,8382.731185284994,1731451545.9692109
-8151.99412727286,8345.627289489184,1731451545.9734175
-8181.721947398419,8303.851879102216,1731451545.9782808
-8160.04075527677,8342.073362120791,1731451545.9813783
-8121.752217024829,8342.609803987718,1731451545.984364
-8152.619976117608,8368.224903133501,1731451545.9873
-8209.013427378348,8302.466070945988,1731451545.9923556
-8129.754141539829,8291.916047563082,1731451545.996488
-7919.245412259747,8284.852896315206,1731451546.0003147
-7973.515447797233,8356.601996016741,1731451546.0044076
-8160.778362843796,8404.322970428822,1731451546.0073411
-8210.2874768123,8370.303615367844,1731451546.0114455
-8240.350573104688,8391.537772600386,1731451546.015367
-8150.362449927623,8387.447403365064,1731451546.0203023
-8154.966909285416,8303.918934335583,1731451546.0244107
-8173.943540327971,8321.241536288446,1731451546.0282984
-8112.006856442315,8343.347411554743,1731451546.0323324
-8123.763874025807,8291.625474885162,1731451546.0363176
-8168.310900725234,8336.93246089607,1731451546.0423737
-8172.848304849662,8364.425106576098,1731451546.045309
-8134.023324730793,8293.346559208221,1731451546.0493968
-7999.756395787764,8270.190151952524,1731451546.053332
-7892.669188102387,8232.43805556751,1731451546.0574467
-8187.24282827888,8384.094641696769,1731451546.0614555
-8281.030748013347,8462.035174612425,1731451546.0654256
-8158.096153509159,8394.667016824129,1731451546.0684264
-8115.739597766352,8350.857597691727,1731451546.0713863
-8212.008561135359,8312.233783272957,1731451546.0754669
-8169.227322247902,8321.97914385547,1731451546.0803838
-8114.689065776953,8327.231803802468,1731451546.0843616
-8117.013647200304,8230.068770655247,1731451546.0884404
-8157.246787219858,8226.827767709228,1731451546.091594
-8046.091562043615,8384.765194030428,1731451546.0954
-7997.208296919859,8374.885722981182,1731451546.099715
-8082.3013880612125,8332.4174085161,1731451546.1034188
-8296.676969132062,8324.326077023277,1731451546.1074867
-8257.270843657356,8318.782844398362,1731451546.1125336
-8160.0184035323155,8356.713754739018,1731451546.1167245
-8081.094393860626,8355.41735356061,1731451546.1205027
-8146.696763836952,8306.712902392495,1731451546.124735
-8189.254485279857,8318.447568231531,1731451546.1284516
-8127.854243261128,8328.572908469785,1731451546.1335435
-8134.246842175346,8310.266829760889,1731451546.1374629
-8021.236422209314,8190.170906802525,1731451546.1416583
-8037.240271239313,8266.278596672844,1731451546.1444705
-8172.445973449466,8400.254952937956,1731451546.1486456
-8141.4217521455,8438.319973745343,1731451546.1515038
-8247.123151674647,8391.493069111475,1731451546.1557984
-8206.331218043711,8373.432859591587,1731451546.1597817
-8174.94936882846,8358.010155917425,1731451546.1635523
-8116.857184989118,8352.243405847956,1731451546.1705306
-8129.172996183992,8333.959678883515,1731451546.1737635
-8147.65788884853,8334.69728645054,1731451546.1776016
-8086.168239851981,8327.812949158306,1731451546.180621
-8085.900018918517,8317.329981008766,1731451546.18369
-8133.553938097231,8176.402232218055,1731451546.1875827
-8186.61697943413,8267.97732925145,1731451546.191599
-8202.084386597204,8416.169394990135,1731451546.1966095
-8134.380952642078,8389.436708621586,1731451546.200582
-8042.537634675221,8375.84684799276,1731451546.2047248
-8264.937492005527,8365.229769376489,1731451546.2086618
-8199.916267385039,8354.813856460316,1731451546.2126093
-8038.179044506436,8350.991708158459,1731451546.216786
-8087.866972430584,8328.014114858403,1731451546.2216475
-8179.307958997245,8263.819904782762,1731451546.2257645
-8229.219404365946,8343.146245854647,1731451546.228714
-8219.608154250163,8350.119990124702,1731451546.231732
-8085.967074151883,8322.426178744576,1731451546.2357144
-8078.121611848071,8280.270788701868,1731451546.2397332
-8228.794721221295,8386.46392660903,1731451546.2436311
-8094.907771934006,8340.531091753375,1731451546.2478151
-8097.2100016129025,8373.030528191392,1731451546.2507873
-8181.565485187231,8386.195705675567,1731451546.2546816
-8207.538212244299,8346.811931945316,1731451546.258683
-8080.915579904984,8342.78861794336,1731451546.2636974
-8066.386946009034,8307.584620426253,1731451546.267739
-8224.145558374592,8346.878987178683,1731451546.2717595
-8216.277744326324,8337.781827185372,1731451546.275973
-8132.5481095967425,8341.380458042677,1731451546.2786975
-8144.70745858043,8332.819739916295,1731451546.283988
-7996.805965519663,8221.508052528865,1731451546.2888305
-8148.797827815752,8227.520671787343,1731451546.29294
-8320.16865255459,8329.578736970274,1731451546.2957385
-8157.135028497581,8497.663855274184,1731451546.3008504
-8108.184708140458,8399.85262153776,1731451546.3059516
-8036.390904950012,8342.453341776532,1731451546.3090131
-8184.180639288502,8297.660445888096,1731451546.311788
-8205.012465120848,8357.674879750595,1731451546.314928
-8142.964022512916,8369.454249078542,1731451546.3197548
-8188.829802135206,8337.491254507453,1731451546.323882
-8202.218497063936,8308.344579737734,1731451546.3309104
-8092.762004466296,8304.947114580526,1731451546.333958
-8016.810776807163,8269.698413574508,1731451546.33683
-8160.71130761043,8317.59820194223,1731451546.3399513
-8216.344799559689,8385.94983648656,1731451546.3440304
-8133.173958441492,8350.79054245836,1731451546.347002
-8110.285772119257,8331.679800949074,1731451546.352019
-8139.343039911157,8349.89647268015,1731451546.3560712
-8138.113693966115,8312.591411184241,1731451546.3600717
-8202.732587186407,8322.828510144773,1731451546.363003
-8176.402232218055,8317.17351879758,1731451546.3681326
-8078.993329881827,8302.913105835094,1731451546.372021
-8177.653929907553,8330.517510237398,1731451546.37702
-8206.599438977175,8287.02101552737,1731451546.3800352
-8117.058350689215,8282.036576513836,1731451546.3843365
-8056.283957515235,8420.19270899209,1731451546.387002
-8220.613982750652,8334.518472494898,1731451546.391214
-8196.317636527734,8322.672047933585,1731451546.394965
-8150.027173760793,8329.84695790374,1731451546.3991194
-8069.0915070881265,8345.113199366713,1731451546.403032
-8113.571478554187,8326.98593461346,1731451546.4071884
-8175.038775806282,8315.720655407984,1731451546.4120429
-8176.178714773502,8310.69151290554,1731451546.4151688
-8170.367261215122,8305.796480869827,1731451546.4191475
-8201.436186007999,8347.236615089967,1731451546.4232244
-8170.277854237302,8326.337734024255,1731451546.427226
-8060.351975006101,8291.044329529324,1731451546.4312649
-8061.134286062037,8259.260148913878,1731451546.4352565
-8231.521634044842,8333.467940505498,1731451546.4402072
-8270.681890330541,8325.778940412873,1731451546.4442794
-8129.977658984382,8323.476710733976,1731451546.4482124
-8117.08070243367,8313.083149562259,1731451546.452201
-8159.593720387665,8256.689698301518,1731451546.4562418
-8133.933917752972,8282.64007361413,1731451546.46124
-8246.58670980772,8281.522486391365,1731451546.4642344
-7982.947883957373,8307.562268681797,1731451546.4672272
-7910.707045877821,8237.10957015867,1731451546.4700372
-8363.329871097789,8355.484408793976,1731451546.4752405
-8249.090105186713,8384.206400419045,1731451546.479108
-8141.80173180124,8363.12870539769,1731451546.4833417
-8156.5538831417425,8328.036466602858,1731451546.48719
-8199.089252840193,8260.668308814564,1731451546.491312
-8160.174865743503,8276.87332354466,1731451546.4943104
-8132.257536918823,8293.860649330694,1731451546.4982696
-8152.530569139787,8292.407785941099,1731451546.5031767
-8167.819162347218,8319.520451965387,1731451546.507342
-8154.251653462846,8294.441794686532,1731451546.511367
-8135.163263698014,8301.840222101238,1731451546.515301
-8133.84451077515,8256.44382911251,1731451546.5193622
-7981.047985678671,8255.795628523307,1731451546.5233796
-8185.409985233544,8262.232930926435,1731451546.5281675
-8306.914068092594,8288.384471939144,1731451546.5314307
-8168.713232125429,8324.773111912384,1731451546.53536
-8148.686069093474,8310.73621639445,1731451546.5392609
-8174.479982194899,8277.320358433766,1731451546.5433483
-8108.899963963028,8236.640183525107,1731451546.5473456
-8022.085788498615,8232.661573012063,1731451546.5503747
-8211.919154157538,8310.043312316337,1731451546.5542057
-8162.119467511114,8363.933368198082,1731451546.5584168
-8125.686124048963,8328.304687536322,1731451546.5632815
-8171.127220526603,8318.894603120638,1731451546.567417
-8222.15625311807,8287.892733561128,1731451546.571319
-8199.536287729297,8246.094971429702,1731451546.5742917
-8125.820234515695,8240.43998008251,1731451546.578185
-8099.691045247441,8294.710015619996,1731451546.5824711
-8176.3351769846895,8301.661408145595,1731451546.586291
-8205.995941876881,8298.06277728829,1731451546.591555
-8186.61697943413,8289.345596950721,1731451546.59524
-8151.882368550583,8289.680873117552,1731451546.5994067
-8160.666604121519,8242.608099294675,1731451546.603245
-8155.525702896799,8231.3428200892,1731451546.6079812
-8091.353844565612,8279.39907066811,1731451546.6114836
-8148.70842083793,8271.486553130931,1731451546.6165893
-8179.933807841994,8311.45147221702,1731451546.620316
-8192.406081248055,8287.378643438655,1731451546.624833
-8090.660940487497,8243.613927795164,1731451546.6283307
-8066.431649497945,8232.996849178893,1731451546.6327991
-8161.001880288349,8256.15325643459,1731451546.637509
-8211.069787868237,8326.427141002076,1731451546.6405597
-8231.566337533754,8296.54285866533,1731451546.6438313
-8067.124553576059,8297.459280187999,1731451546.646527
-8155.190426729969,8364.670975765106,1731451546.6505792
-8189.276837024312,8346.454304034032,1731451546.6555462
-8174.412926961533,8299.247419744423,1731451546.6588917
-8161.560673899731,8294.240628986434,1731451546.6625009
-8130.670563062497,8286.104594004702,1731451546.666955
-8186.125241056114,8239.098875415191,1731451546.670391
-8097.411167313,8213.729645458418,1731451546.6747065
-8166.835685591184,8315.318324007789,1731451546.6794825
-8169.763764114829,8313.016094328892,1731451546.683494
-8176.357528729145,8308.679855904562,1731451546.6874664
-8209.683979712008,8294.732367364451,1731451546.6918497
-8217.283572826813,8295.537030164842,1731451546.695488
-8137.867824777106,8304.321265735778,1731451546.7004728
-8135.811464287218,8278.147372978614,1731451546.704458
-8227.006581664871,8273.140582220625,1731451546.708743
-8190.193258546979,8285.076413759758,1731451546.7116065
-8094.237219600346,8272.268864186868,1731451546.7157905
-7998.683512053909,8186.52757245631,1731451546.7189648
-8045.778637621241,8194.775366160318,1731451546.7226777
-8137.309031165723,8365.006251931936,1731451546.7267876
-8178.100964796658,8336.865405662706,1731451546.7307138
-8160.487790165876,8326.69536193554,1731451546.7348833
-8241.825788238739,8327.678838691574,1731451546.7386022
-8276.627454355652,8285.12111724867,1731451546.7419207
-8200.609171463153,8272.850009542706,1731451546.7466297
-8132.302240407735,8298.621570899675,1731451546.7506328
-8016.654314595976,8294.173573753069,1731451546.75452
-8091.420899798978,8299.247419744423,1731451546.758813
-8214.064921625248,8325.778940412873,1731451546.7626867
-8086.101184618615,8309.752739638418,1731451546.7678978
-8189.567409702231,8289.703224862007,1731451546.7715778
-8276.605102611196,8265.183361194535,1731451546.775879
-8224.145558374592,8259.930701247538,1731451546.7785945
-8120.746388524341,8315.944172852538,1731451546.7828848
-8131.341115396156,8322.02384734438,1731451546.7865753
-8162.812371589229,8287.3562916942,1731451546.790628
-8146.205025458936,8287.78097483885,1731451546.7947412
-8142.829912046184,8286.998663782915,1731451546.7977192
-8151.927072039494,8279.44377415702,1731451546.8029318
-8178.19037177448,8265.20571293899,1731451546.8068848
-8067.593940209621,8213.930811158516,1731451546.8106549
-8084.98359739585,8309.97625708297,1731451546.8149955
-8075.461754257889,8355.819684960805,1731451546.8178947
-8270.279558930344,8393.728243557005,1731451546.8217115
-8212.209726835457,8311.965562339492,1731451546.8259034
-8251.057058698781,8304.16480352459,1731451546.829682
-8149.267214449313,8326.158920068612,1731451546.8349254
-8148.239034204368,8286.037538771336,1731451546.8388233
-8198.306941784256,8265.16100945008,1731451546.842927
-8144.483941135877,8344.308536566323,1731451546.8457053
-7975.616511776032,8292.184268496547,1731451546.85
-7989.318131127135,8265.630396083641,1731451546.8537447
-8339.301745808334,8281.790707324828,1731451546.8579772
-8226.917174687049,8323.052027589325,1731451546.8627229
-8200.944447629983,8331.523338737887,1731451546.8670104
-8160.71130761043,8324.639001445652,1731451546.8707883
-8187.24282827888,8266.72563156195,1731451546.87403
-8172.736546127385,8271.620663597663,1731451546.8782456
-8081.541428749732,8296.386396454143,1731451546.8820858
-8160.465438421422,8297.146355765624,1731451546.886067
-8176.290473495779,8285.97048353797,1731451546.8907485
-8102.105033648615,8292.720710363474,1731451546.8948176
-8112.431539586966,8251.10176218769,1731451546.8991537
-8040.570681163154,8265.295119916811,1731451546.902199
-8153.402287173544,8375.13159217019,1731451546.9060593
-8296.140527265135,8367.263778121922,1731451546.9099357
-8132.838682274662,8331.568042226798,1731451546.9141133
-8092.784356210752,8294.97823655346,1731451546.9179957
-8149.714249338419,8273.475858387454,1731451546.9229193
-8241.401105094088,8269.273730429857,1731451546.9271138
-8109.145833152036,8229.19705262149,1731451546.9298143
-8052.417105724467,8310.020960571881,1731451546.9341197
-8179.933807841994,8333.155016083123,1731451546.937855
-8219.563450761254,8314.3124955073,1731451546.9421449
-8160.778362843796,8323.02967584487,1731451546.94701
-8066.78927740923,8268.424364140554,1731451546.9510417
-8200.944447629983,8261.338861148222,1731451546.953988
-8204.945409887483,8246.072619685248,1731451546.9580212
-8213.953162902972,8282.461259658487,1731451546.9618793
-8112.453891331422,8332.350353282733,1731451546.9660928
-8090.035091642749,8300.074434289269,1731451546.9698508
-8185.81231663374,8256.10855294568,1731451546.9740157
-8228.504148543376,8259.148390191602,1731451546.9789052
-8083.955417150905,8203.96193313145,1731451546.982066
-8158.967871542915,8296.2075824985,1731451546.9860237
-8085.654149729508,8285.791669582328,1731451546.9900155
-8133.531586352777,8265.272768172355,1731451546.9940453
-8210.667456468042,8360.446496063054,1731451546.9980967
-8140.550034111743,8313.59723968473,1731451547.002158
-8160.890121566073,8277.275654944857,1731451547.0071995
-8159.191388987469,8241.624622538642,1731451547.010361
-8184.180639288502,8235.589651535709,1731451547.0130997
-8086.88349567455,8264.78102979434,1731451547.0182545
-8195.892953383083,8315.608896685708,1731451547.022004
-8225.576070019732,8313.239611773446,1731451547.0262449
-8139.477150377888,8289.323245206268,1731451547.0301764
-8089.923332920473,8290.016149284382,1731451547.0346513
-8089.453946286911,8254.38746862262,1731451547.037096
-8152.619976117608,8248.754829019885,1731451547.0412595
-8124.546185081743,8242.58574755022,1731451547.0460138
-8132.32459215219,8230.269936355346,1731451547.0501647
-8121.998086213838,8290.35142545121,1731451547.0551548
-8116.633667544565,8279.44377415702,1731451547.0599864
-8196.988188861393,8259.327204147245,1731451547.0630455
-8211.069787868237,8246.2961371298,1731451547.0672755
-8268.78199205184,8169.80846760374,1731451547.0699897
-8109.07877791867,8288.339768450232,1731451547.0742123
-8192.607246948153,8336.865405662706,1731451547.0779555
-8169.09321178117,8296.766376109885,1731451547.0821614
-8153.446990662455,8263.68579431603,1731451547.0860655
-8202.307904041756,8216.411854793056,1731451547.0891323
-8174.010595561337,8159.973700043404,1731451547.0936809
-8000.851631266074,8259.707183802984,1731451547.097795
-8065.448172741912,8340.665202220107,1731451547.102742
-8180.805525875751,8259.39425938061,1731451547.1067965
-8210.063959367748,8252.10759068818,1731451547.1112392
-8180.827877620206,8290.97727429596,1731451547.1152585
-8050.673669656953,8289.658521373096,1731451547.118282
-8118.1088826786145,8204.34191278719,1731451547.12227
-8216.344799559689,8183.130107299103,1731451547.1252778
-8247.81605575276,8216.076578626225,1731451547.1302562
-8155.6151098746195,8284.271750959368,1731451547.1343277
-8163.23705473388,8279.06379450128,1731451547.139201
-8196.71996792793,8211.449767523976,1731451547.143253
-8174.412926961533,8228.660610754563,1731451547.1461754
-8125.954344982428,8210.62275297913,1731451547.1492603
-8168.690880380975,8176.670453151519,1731451547.1531029
-8123.786225770263,8135.252670675835,1731451547.1584196
-7907.443691187345,8208.409930278056,1731451547.1621835
-8084.804783440207,8291.089033018236,1731451547.1663268
-8219.988133905905,8259.01427972487,1731451547.1694548
-8340.486388264464,8207.359398288656,1731451547.1733294
-8249.827712753739,8192.540191714786,1731451547.1773777
-8108.408225585012,8214.131976858615,1731451547.181386
-8111.425711086477,8249.201863908991,1731451547.1871748
-8179.307958997245,8180.805525875751,1731451547.1903267
-8192.71900567043,8181.967816587427,1731451547.1944356
-8119.718208279397,8231.320468344746,1731451547.1974566
-8124.680295548474,8217.998828649383,1731451547.2014632
-8179.196200274969,8181.163153787036,1731451547.2053645
-8099.0875481471485,8182.325444498711,1731451547.2094045
-8067.325719276157,8155.4362959189775,1731451547.2134545
-8054.83109412564,8179.173848530513,1731451547.218387
-8076.512286247288,8215.473081525932,1731451547.2225187
-8372.27056887991,8179.933807841994,1731451547.225438
-8276.985082266938,8187.0193108343265,1731451547.2292452
-8188.71804341293,8154.408115674033,1731451547.2334168
-8185.6111509336415,8098.08171964666,1731451547.2375417
-8120.567574568699,8126.334324638167,1731451547.2415109
-8098.193478368936,8224.749055474884,1731451547.2464812
-8156.084496508181,8242.988078950415,1731451547.2504597
-8171.775421115807,8178.659758408041,1731451547.2533123
-8141.309993423223,8152.530569139787,1731451547.25751
-8021.102311742582,8129.485920606366,1731451547.2613208
-7999.82345102113,8114.689065776953,1731451547.2675052
-8255.706221545484,8154.609281374131,1731451547.2702842
-8235.500244557887,8242.228119638934,1731451547.2734632
-8200.698578440974,8217.10475887117,1731451547.2775395
-8076.244065313825,8207.091177355192,1731451547.2804885
-8081.854353172106,8171.775421115807,1731451547.285529
-8285.031710270847,8152.932900539983,1731451547.2894845
-8226.045456653292,8150.362449927623,1731451547.2935057
-8157.537359897776,8147.99316501536,1731451547.297522
-8145.355659169634,8153.938729040472,1731451547.302482
-8172.71419438293,8143.835740546673,1731451547.3055837
-8152.083534250682,8128.278926405779,1731451547.308492
-8048.997288822805,8132.101074707637,1731451547.3133636
-8211.650933224075,8061.73778316233,1731451547.317628
-8185.186467788991,8195.937656871994,1731451547.3216112
-8029.931250802429,8175.351700228656,1731451547.325582
-8094.237219600346,8123.518004836799,1731451547.3295548
-8160.823066332707,8263.73049780494,1731451547.3335917
-8218.378808305122,8200.966799374437,1731451547.3364012
-8212.545003002288,8163.952310556449,1731451547.340615
-8140.997069000849,8129.016533972805,1731451547.345422
-8102.529716793266,8119.137062923559,1731451547.3496523
-8151.055354005737,8187.175773045514,1731451547.3533905
-8201.749110430374,8130.536452595766,1731451547.357649
-8219.67520948353,8098.551106280221,1731451547.3614235
-8085.452984029411,8159.012575031827,1731451547.364612
-8042.02354455275,8144.662755091519,1731451547.3685873
-8219.854023439173,8147.859054548629,1731451547.3736165
-8179.218552019424,8173.496505438866,1731451547.377844
-8126.602545571631,8166.94744431346,1731451547.381708
-8150.429505160989,8169.249673992357,1731451547.3856804
-8168.579121658698,8141.891138779061,1731451547.388556
-8218.781139705317,8138.314859666212,1731451547.3927016
-8142.606394601631,8151.815313317217,1731451547.3967435
-7991.799174761674,8137.331382910179,1731451547.4016268
-8148.462551648921,8118.17593791198,1731451547.4056456
-8269.452544385498,8108.117652907093,1731451547.4097133
-8148.864883049117,8084.156582851003,1731451547.4137604
-8177.922150841016,8151.904720295039,1731451547.4167745
-8164.33229021219,8201.14561333008,1731451547.4207025
-8151.949423783949,8155.816275574717,1731451547.4246776
-8134.4256561309885,8122.065141447204,1731451547.4306288
-8068.353899521101,8129.217699672902,1731451547.4337275
-8113.370312854089,8138.448970132944,1731451547.4376123
-8182.683072409996,8135.163263698014,1731451547.4405572
-8168.623825147609,8209.460462267454,1731451547.444554
-8133.151606697036,8183.152459043558,1731451547.448815
-8142.651098090541,8145.46741789191,1731451547.4526632
-8201.14561333008,8123.94268798145,1731451547.4577725
-8168.266197236324,8127.004876971827,1731451547.4615722
-8135.386781142567,8137.398438143545,1731451547.465882
-8067.504533231799,8115.538432066254,1731451547.4688685
-8169.316729225723,8104.966056938894,1731451547.4726176
-8263.283462915833,8093.879591689061,1731451547.476823
-8158.029098275793,8127.4966153498435,1731451547.4808123
-8102.149737137525,8140.393571900556,1731451547.486049
-8072.757193178796,8112.744464009341,1731451547.489848
-8182.57131368772,8084.4695072733775,1731451547.493894
-8160.085458765681,8146.741467325863,1731451547.4966824
-8122.422769358489,8102.395606326534,1731451547.5007913
-8085.095356118126,8055.322832503657,1731451547.5047047
-8225.53136653082,8101.099205148126,1731451547.5088525
-8184.068880566226,8180.067918308726,1731451547.5138698
-8076.60169322511,8201.011502863348,1731451547.5179236
-8173.630615905598,8145.512121380821,1731451547.5206573
-8078.345129292623,8115.158452410514,1731451547.5249631
-8202.732587186407,8123.562708325709,1731451547.5287304
-8164.846380334661,8135.252670675835,1731451547.5328927
-8148.976641771394,8122.17690016948,1731451547.5367825
-8218.19999434948,8090.057443387204,1731451547.54097
-8133.665696819508,8068.309196032191,1731451547.5460477
-8019.269468697246,8112.3644843536,1731451547.5490448
-8168.534418169787,8137.197272443447,1731451547.552756
-8253.716916288962,8096.472394045877,1731451547.5569904
-8172.1106972826365,8096.539449279243,1731451547.5608702
-8149.893063294061,8134.89504276455,1731451547.565937
-8173.272987994313,8111.626876786576,1731451547.5689142
-8222.089197884703,8075.774678680263,1731451547.5729237
-8151.100057494647,8065.962262864383,1731451547.5789049
-8099.623990014075,8135.006801486827,1731451547.5829897
-7876.84415302803,8180.827877620206,1731451547.5869353
-8104.541373794244,8144.998031258349,1731451547.589989
-8257.986099479926,8120.209946657414,1731451547.5941873
-8154.341060440667,8096.673559745975,1731451547.5970235
-8157.224435475402,8127.295449649746,1731451547.6010735
-8233.95797419047,8122.758045525318,1731451547.605055
-8179.553828186254,8139.745371311352,1731451547.6091387
-8161.068935521715,8130.469397362399,1731451547.6130943
-8141.220586445402,8131.475225862888,1731451547.617489
-8154.005784273838,8115.538432066254,1731451547.619864
-8169.04850829226,8030.06536126916,1731451547.626037
-7914.708008135321,8065.872855886562,1731451547.62889
-8077.048728114216,8079.976806637861,1731451547.6330757
-8345.046144133346,8114.756121010319,1731451547.6368568
-8240.551738804787,8188.583932946198,1731451547.641082
-8169.607301903642,8163.035889033782,1731451547.6459696
-8128.4353886169665,8154.542226140765,1731451547.6500025
-8112.140966909047,8109.905792463517,1731451547.6528797
-8164.242883234368,8085.251818329313,1731451547.657186
-8127.22839441638,8115.203155899425,1731451547.6610267
-8123.383894370067,8130.51410085131,1731451547.6651514
-8099.288713847246,8136.102036965137,1731451547.6691573
-8113.415016343,8119.785263512763,1731451547.6731608
-8228.705314243474,8105.03311217226,1731451547.6761448
-8096.405338812511,8067.303367531702,1731451547.6800537
-8065.850504142107,8058.5861871941315,1731451547.6851337
-8135.61029858712,8070.83494315564,1731451547.6890953
-8126.624897316086,8190.550886458264,1731451547.6931355
-8195.267104538334,8167.886217580583,1731451547.6962357
-8148.484903393377,8143.768685313307,1731451547.7001705
-8194.462441737944,8122.936859480961,1731451547.7041967
-8174.1670577725245,8105.346036594634,1731451547.7081952
-8129.575327584187,8115.940763466449,1731451547.7132027
-8115.985466955361,8121.03696120226,1731451547.717096
-8093.119632377581,8100.540411536743,1731451547.7212856
-8088.671635230975,8059.212036038881,1731451547.7242155
-8252.934605233027,8085.654149729508,1731451547.7280505
-8135.811464287218,8130.402342129033,1731451547.734244
-8135.587946842665,8125.842586260151,1731451547.7381313
-8124.881461248573,8117.639496045053,1731451547.74222
-8121.46164434691,8095.779489967763,1731451547.74507
-8193.300151026267,8090.035091642749,1731451547.74916
-8146.920281281506,8082.770774694774,1731451547.7530825
-8129.016533972805,8099.020492913783,1731451547.7571924
-8165.919264068516,8076.936969391939,1731451547.760155
-8005.63490457951,8056.574530193154,1731451547.764196
-8004.606724334565,8162.767668100318,1731451547.7691665
-8188.919209113027,8136.660830576519,1731451547.7762835
-8274.593445610219,8120.053484446226,1731451547.7812366
-8178.816220619228,8149.513083638321,1731451547.785203
-8115.024341943782,8136.638478832064,1731451547.7881448
-8185.298226511268,8087.21877184138,1731451547.7912707
-8171.931883326994,8075.484106002344,1731451547.7951198
-8099.758100480807,8064.084716330138,1731451547.7983265
-8089.185725353447,8115.091397177148,1731451547.8011785
-8085.430632284955,8168.623825147609,1731451547.8052287
-8091.845582943629,8055.322832503657,1731451547.8092237
-8058.899111616506,8082.793126439229,1731451547.8121293
-8147.233205703879,8195.960008616448,1731451547.8192356
-8017.883660541018,8116.9912954558495,1731451547.822292
-8235.00850617987,8101.903867948517,1731451547.8262067
-8223.832633952217,8124.300315892735,1731451547.829273
-8194.90947662705,8087.956379408405,1731451547.8362024
-8151.61414761712,8083.955417150905,1731451547.8392556
-8148.484903393377,8076.244065313825,1731451547.842248
-8188.472174223921,8103.066158660193,1731451547.847199
-8129.038885717259,8130.178824684481,1731451547.851345
-8110.553993052721,8100.383949325556,1731451547.8542707
-8157.738525597874,8018.375398919034,1731451547.8603015
-7943.497054993756,8002.975046989328,1731451547.863541
-8009.769977303741,8208.588744233697,1731451547.8664372
-8228.146520632092,8165.13695301258,1731451547.870255
-8142.047600990249,8152.172941228502,1731451547.8732967
-8182.325444498711,8106.843603473139,1731451547.876429
-8048.662012655976,8100.451004558922,1731451547.880268
-8174.256464750346,8131.251708418335,1731451547.8852782
-8196.76467141684,8069.270321043768,1731451547.888545
-8150.496560394355,8118.421807100989,1731451547.892532
-8132.212833429913,8137.644307332553,1731451547.897572
-8097.36646382409,8112.99033319835,1731451547.901477
-8104.116690649592,8050.003117323294,1731451547.9043684
-8117.706551278419,8048.147922533503,1731451547.9084885
-8245.603233051686,8134.582118342176,1731451547.91339
-8102.239144115347,8159.750182598852,1731451547.9164948
-8095.623027756575,8133.4198276305,1731451547.921512
-8117.639496045053,8106.4859755618545,1731451547.9274693
-8139.298336422245,8099.512231291799,1731451547.9305012
-8093.387853311045,8101.1439086370365,1731451547.9334283
-8113.772644254285,8096.114766134592,1731451547.9382832
-8142.025249245793,8094.974827167372,1731451547.9404783
-8182.57131368772,8086.168239851981,1731451547.943584
-8082.3013880612125,8093.633722500053,1731451547.947598
-8125.574365326687,8096.494745790333,1731451547.9526029
-8191.132031814102,8086.771736952274,1731451547.956607
-8117.863013489607,8056.015736581771,1731451547.960438
-8092.896114933028,8139.074818977692,1731451547.9646292
-8097.075891146171,8131.363467140612,1731451547.9686785
-8001.2986661551795,8036.9273468169395,1731451547.9716709
-8085.69885321842,8048.930233589439,1731451547.9775765
-8172.155400771547,8132.883385763573,1731451547.9816248
-8215.093101870192,8203.179622075513,1731451547.9846356
-8122.445121102944,8135.319725909201,1731451547.9885173
-8082.368443294578,8085.721204962874,1731451547.9926047
-8156.866807564117,8145.422714403,1731451547.9954195
-8120.299353635234,8135.833816031673,1731451547.9996772
-8045.041030054216,8087.822268941673,1731451548.0055976
-8278.840277056728,8070.901998389006,1731451548.0085948
-8225.844290953195,8102.932048193461,1731451548.0125644
-8085.274170073769,8105.703664505919,1731451548.0167875
-8116.968943711394,8070.700832688908,1731451548.0236032
-8163.751144856352,8083.687196217442,1731451548.026492
-8128.793016528251,8082.681367716953,1731451548.0307772
-8029.707733357875,8111.738635508852,1731451548.0336144
-8197.85990689515,8106.798899984229,1731451548.0365353
-8180.112621797636,8099.802803969718,1731451548.0407
-8161.940653555472,8083.195457839425,1731451548.0445557
-8076.378175780556,8067.795105909719,1731451548.0477138
-8056.3510127486015,8046.918576588461,1731451548.0516324
-8177.899799096561,8066.83398089814,1731451548.056734
-8095.22069635638,8100.294542347735,1731451548.0616455
-8103.133213893559,8069.046803599215,1731451548.065592
-8143.098132979648,8071.304329789202,1731451548.0695736
-8047.16444577747,8113.258554131813,1731451548.0736024
-8038.939003817917,8117.728903022874,1731451548.076754
-8243.144541161602,8124.613240315109,1731451548.0796387
-8152.70938309543,8099.98161792536,1731451548.083788
-8159.213740731924,8113.906754721017,1731451548.0896587
-8157.515008153321,8107.715321506896,1731451548.0928328
-8136.347906154145,8089.453946286911,1731451548.0966551
-8099.601638269621,8096.941780679439,1731451548.1007483
-8141.131179467581,8085.497687518322,1731451548.103604
-8174.122354283614,8064.26353028578,1731451548.107773
-8124.792054270752,8063.436515740934,1731451548.111624
-8026.600840878587,8056.127495304048,1731451548.1156936
-8036.368553205557,8058.474428471855,1731451548.1196916
-8004.584372590109,8012.854518038574,1731451548.1241572
-8282.26009395839,8076.132306591548,1731451548.1287336
-8248.151331919591,8155.346888941156,1731451548.1320293
-8119.159414668014,8127.787188027763,1731451548.1367035
-8168.936749569983,8090.638588743042,1731451548.1399057
-8158.699650609452,8045.108085287582,1731451548.143892
-8093.052577144215,8036.860291583574,1731451548.1478572
-8176.536342684787,8040.816550352163,1731451548.1538265
-8095.108937634103,8123.22743215888,1731451548.1567512
-8043.610518409076,8101.456833059411,1731451548.159802
-8003.1762126894255,8097.545277779732,1731451548.1637137
-8137.107865465626,8097.589981268643,1731451548.1688948
-8208.544040744788,8079.462716515389,1731451548.1729245
-8060.083754072637,8045.219844009858,1731451548.178763
-8192.271970781323,8019.180061719426,1731451548.1849592
-8209.706331456462,8122.936859480961,1731451548.1920156
-8144.059257991226,8106.329513350668,1731451548.195786
-8098.864030702595,8107.894135462539,1731451548.1999784
-8115.136100666059,8089.163373608992,1731451548.2037969
-8144.3721824136,8059.659070927986,1731451548.2090704
-8147.121446981603,8064.934082619439,1731451548.2117932
-8113.280905876269,8089.185725353447,1731451548.214965
-8097.321760335179,8057.982690093839,1731451548.219792
-8038.715486373364,8046.404486465989,1731451548.2250216
-8120.366408868601,8048.729067889341,1731451548.2278423
-8177.408060718544,8071.505495489299,1731451548.2321427
-8156.844455819662,8111.157490153014,1731451548.2358656
-8131.318763651701,8088.224600341869,1731451548.2398336
-8127.429560116478,8072.801896667707,1731451548.243183
-8064.665861685975,8053.177065035948,1731451548.2470715
-7910.952915066829,8005.120814457037,1731451548.251912
-8148.037868504271,8027.763131590264,1731451548.2561235
-8219.988133905905,8112.27507737578,1731451548.2600384
-8211.941505901994,8073.293635045724,1731451548.2642517
-8054.518169703266,8083.731899706352,1731451548.2681184
-8087.442289285933,8093.298446333224,1731451548.2709808
-8226.15721537557,8069.717355932875,1731451548.2752054
-8209.706331456462,8051.523035946255,1731451548.280112
-8085.02830088476,8082.703719461409,1731451548.284162
-8077.495763003321,8104.69783600543,1731451548.2880805
-8154.117542996114,8054.115838303071,1731451548.2921517
-8183.800659632762,8062.609501196087,1731451548.2960076
-8124.836757759662,8071.527847233755,1731451548.301164
-8098.774623724774,8034.8709863270515,1731451548.3040352
-8100.786280725752,8028.053704268183,1731451548.3089907
-8150.764781327818,8067.325719276157,1731451548.311973
-7890.031682256661,8115.896059977539,1731451548.3169692
-8115.56078381071,8051.053649312694,1731451548.3210225
-8285.836373071239,8034.893338071506,1731451548.3240068
-8201.167965074535,8073.3159867901795,1731451548.3270743
-8129.485920606366,8066.811629153684,1731451548.331041
-8041.956489319384,8039.833073596129,1731451548.3382616
-8140.862958534117,8031.071189769649,1731451548.3421664
-8121.863975747106,8056.596881937609,1731451548.3449888
-8094.50544053381,8048.25968125578,1731451548.3491464
-8205.079520354215,8061.4025069955005,1731451548.3521411
-8189.500354468865,8059.122629061059,1731451548.3551948
-8196.809374905752,8054.249948769802,1731451548.3591893
-8109.905792463517,8055.523998203755,1731451548.364132
-8082.480202016855,8022.286954198713,1731451548.3682
-8129.620031073097,8042.604689908588,1731451548.3721592
-8165.494580923865,8058.161504049481,1731451548.3752592
-8056.909806359984,8069.940873377428,1731451548.379111
-8092.806707955207,8080.289731060235,1731451548.383262
-8086.168239851981,8050.852483612595,1731451548.3892295
-8074.344167035123,8017.883660541018,1731451548.392288
-8155.548054641254,8034.8709863270515,1731451548.3962567
-8114.934934965961,8085.609446240598,1731451548.4012456
-8163.147647756058,8055.032259825738,1731451548.4052467
-8202.598476719675,8019.247116952792,1731451548.4083743
-8161.895950066561,8043.811684109174,1731451548.4133525
-8109.861088974606,8052.439457468922,1731451548.4163022
-8058.4520767274,7991.620360806032,1731451548.4191823
-8145.579176614186,7937.95382236884,1731451548.424426
-8107.26828661779,8058.228559282847,1731451548.4273553
-8035.094503771604,8101.345074337134,1731451548.4313629
-8120.075836190682,8088.224600341869,1731451548.435351
-8177.408060718544,8035.094503771604,1731451548.4392805
-8154.56457788522,8031.115893258559,1731451548.443478
-8053.35587899159,8034.491006671311,1731451548.4473312
-8060.97782385085,8027.986649034817,1731451548.45131
-8186.169944545025,7990.145145671981,1731451548.4564576
-8245.983212707426,8021.951678031884,1731451548.4603467
-8171.037813548782,8077.78633568124,1731451548.464394
-8144.193368457958,8035.362724705068,1731451548.468205
-8052.417105724467,8016.207279706869,1731451548.4723191
-8087.844620686129,7958.204502845348,1731451548.4772956
-8157.157380242036,8035.921518316451,1731451548.4814224
-8150.876540050094,8094.036053900249,1731451548.4843104
-8129.3741618840895,8053.177065035948,1731451548.4872985
-8168.579121658698,8006.506622613267,1731451548.491465
-8131.22935667388,8011.267544182247,1731451548.4953086
-8071.751364678307,8024.119797244049,1731451548.5024092
-7974.431869319901,7966.094668638071,1731451548.5053527
-7948.682659707387,7961.646671491465,1731451548.5105395
-8161.583025644187,8074.567684479676,1731451548.5144095
-8211.382712290611,8066.252835542302,1731451548.51749
-8149.870711549606,8059.5026087168,1731451548.5203085
-8188.42747073501,8036.21209099437,1731451548.5244963
-8129.977658984382,7990.100442183071,1731451548.5280557
-8100.763928981296,7990.972160216828,1731451548.531574
-8098.260533602302,8017.883660541018,1731451548.535745
-8124.814406015206,8017.481329140822,1731451548.539586
-8144.059257991226,8012.96627676085,1731451548.5443876
-8075.037071113238,8025.326791444635,1731451548.547587
-8076.042899613727,8012.675704082931,1731451548.5524635
-8194.350683015668,7972.934302441395,1731451548.555586
-8163.013537289326,8005.478442368322,1731451548.5605433
-8144.1710167135025,8044.370477720557,1731451548.5646465
-8102.3732545820785,8040.816550352163,1731451548.5696516
-8089.632760242554,8001.969218488839,1731451548.572677
-8096.427690556967,8005.858422024063,1731451548.575418
-7868.551655835111,7985.853610736563,1731451548.5794911
-8184.627674177608,8041.598861408099,1731451548.5835445
-8300.365006967188,7972.330805341102,1731451548.587446
-8233.91327070156,7972.934302441395,1731451548.5904756
-8075.88643740254,8040.771846863252,1731451548.594457
-8055.16637029247,8008.987666247805,1731451548.5986547
-8103.848469716128,8031.4958729143,1731451548.6025329
-8140.259461433824,8071.326681533656,1731451548.6076033
-8146.94263302596,8036.234442738824,1731451548.6114948
-8093.052577144215,8035.675649127442,1731451548.6156473
-8068.398603010011,8025.595012378098,1731451548.6194713
-8085.050652629216,7993.341445129091,1731451548.6227405
-8122.981562969871,7988.759337515752,1731451548.62853
-8134.4256561309885,8016.520204129244,1731451548.6318538
-8149.46838014941,8032.389942692512,1731451548.6365132
-8176.04460430677,7977.874037966018,1731451548.639821
-8150.541263883265,7965.021784904216,1731451548.644557
-8060.128457561548,8014.285029683713,1731451548.6487498
-7953.421229531912,7988.5581718156545,1731451548.653608
-8170.94840657096,7950.806075430642,1731451548.6567748
-8127.831891516673,7986.077128181116,1731451548.6605732
-8143.500464379843,7989.541648571689,1731451548.6636925
-8112.31978086469,8055.88162611504,1731451548.6677716
-8079.261550815291,8073.517152490277,1731451548.6706097
-8200.922095885528,8020.387055920012,1731451548.6747313
-8155.458647663432,8021.236422209314,1731451548.6785572
-8062.140114562526,8041.464750941366,1731451548.6828115
-8024.298611199691,8013.547422116688,1731451548.686624
-8065.895207631017,7972.084936152093,1731451548.6907203
-8124.501481592832,7964.708860481842,1731451548.6956873
-8205.012465120848,8066.208132053392,1731451548.6987405
-8173.965892072427,8022.175195476437,1731451548.7026055
-8140.281813178279,7995.844840508085,1731451548.7078676
-8129.016533972805,8044.973974820849,1731451548.7116177
-8079.082736859648,8033.976916548839,1731451548.7168858
-8033.909861315473,8020.275297197735,1731451548.719633
-8143.142836468558,7983.529029313211,1731451548.7238953
-8177.810392118739,8013.547422116688,1731451548.726889
-8116.812481500207,8014.150919216981,1731451548.7308764
-8075.707623446897,8003.802061534174,1731451548.7349105
-8126.13315893807,7949.733191696787,1731451548.73889
-8118.51121407881,8006.484270868811,1731451548.7429297
-8088.023434641771,8085.07300437367,1731451548.747892
-8076.60169322511,8055.434591225933,1731451548.7509344
-7930.935374609873,8017.704846585375,1731451548.7537165
-8137.264327676813,7964.753563970753,1731451548.7588792
-8081.764946194286,7979.729232755809,1731451548.7627091
-8107.17887963997,8058.675594171953,1731451548.7669744
-8163.214702989424,8009.725273814831,1731451548.7706883
-8237.780122492328,8052.953547591394,1731451548.7749703
-8191.71317716994,8068.488009987833,1731451548.7788024
-8090.504478276311,8071.192571066925,1731451548.7819655
-8042.381172464034,8040.458922440877,1731451548.7858362
-8141.265289934313,8015.804948306674,1731451548.7917876
-8189.701520168963,8002.662122566953,1731451548.794712
-8110.12930990807,8006.976009246828,1731451548.8009572
-8101.300370848224,8012.273372682735,1731451548.8049133
-8098.796975469229,7998.638808564999,1731451548.8079011
-8098.416995813489,7980.645654278476,1731451548.81076
-8083.709547961896,7987.462936337345,1731451548.8170626
-8110.308123863712,8033.239308981813,1731451548.8209603
-8157.358545942134,8050.025469067749,1731451548.8239424
-8082.4131467834895,8035.787407849719,1731451548.8269296
-8012.362779660557,7994.034349207205,1731451548.831004
-7885.963664765795,7999.890506254495,1731451548.834986
-7978.611645533043,7965.558226771144,1731451548.8379436
-8362.905187953138,8057.401544738001,1731451548.8419535
-8183.778307888307,8155.4362959189775,1731451548.8469665
-8140.930013767483,8099.668693502987,1731451548.8509924
-8153.178769728991,8049.176102778448,1731451548.8550055
-8158.319670953712,8029.886547313517,1731451548.8590384
-8123.473301347888,8042.336468975123,1731451548.862959
-8080.692062460431,8041.576509663643,1731451548.866148
-8090.258609087302,8017.637791352009,1731451548.8698523
-8135.744409053852,7989.161668915948,1731451548.8761177
-8108.095301162637,7985.451279336367,1731451548.8790345
-8043.185835264425,8078.993329881827,1731451548.8840485
-8072.243103056325,8069.203265810403,1731451548.888047
-8089.543353264732,8023.561003632665,1731451548.8910508
-8056.775695893252,7958.964462156829,1731451548.8939128
-8203.805470920262,8052.841788869118,1731451548.8979928
-8152.4411621619665,8088.559876508699,1731451548.9051416
-8141.667621334508,8044.102256787093,1731451548.9082077
-8079.909751404495,8025.572660633643,1731451548.9120517
-8042.291765486213,8014.642657594998,1731451548.915206
-8098.305237091213,8026.802006578685,1731451548.9182084
-8137.309031165723,8030.847672325096,1731451548.9222586
-8091.666768987986,8044.6163469095645,1731451548.92622
-8194.551848715764,8056.708640659886,1731451548.9301815
-8143.791037057762,8062.587149451631,1731451548.935148
-8112.498594820332,8027.941945545906,1731451548.9392369
-8119.517042579298,8022.4434164099,1731451548.9421575
-8095.712434734397,8001.253962666269,1731451548.946146
-8061.424858739956,8044.795160865207,1731451548.951125
-8082.346091550124,8065.850504142107,1731451548.9562385
-8013.34625641659,8015.4920238843,1731451548.959124
-8098.953437680417,7971.012052418238,1731451548.963241
-8061.491913973322,8072.354861778601,1731451548.9681828
-8255.594462823208,8064.688213430431,1731451548.9712162
-8207.538212244299,8053.534692947232,1731451548.9752316
-8141.75702831233,8057.222730782358,1731451548.9812195
-8096.830021957162,8049.846655112106,1731451548.9842558
-8116.633667544565,8011.513413371255,1731451548.987125
-8095.399510312022,7998.817622520641,1731451548.9923055
-8045.532768432233,8027.405503678979,1731451548.9950466
-8020.96820127585,8013.837994794607,1731451548.999235
-8027.830186823629,8029.037181024216,1731451549.0022492
-8140.527682367287,8049.623137667554,1731451549.0062585
-8285.2552277154,8069.717355932875,1731451549.0101552
-8171.328386226701,8066.878684387051,1731451549.0140302
-8093.320798077679,8030.668858369453,1731451549.019099
-8106.843603473139,8014.06151223916,1731451549.0222316
-8133.442179374955,8024.0750937551375,1731451549.0271928
-8094.84071670064,8045.756285876786,1731451549.0302088
-8097.232353357358,8045.599823665599,1731451549.0351038
-8142.718153323907,8045.376306221045,1731451549.03834
-8120.791092013252,8026.466730411856,1731451549.0422533
-8075.484106002344,8014.396788405989,1731451549.047176
-8021.035256509216,8010.999323248783,1731451549.0503335
-8180.447897964466,8059.301443016701,1731451549.056393
-8183.197162532469,8033.35106770409,1731451549.060191
-8113.325609365179,7992.939113728895,1731451549.0633276
-7976.577636787611,7982.813773490641,1731451549.0663717
-7924.0510373176385,8077.36165253659,1731451549.0701373
-8278.661463101085,8075.640568213531,1731451549.0743797
-8224.525538030332,8079.574475237665,1731451549.0781665
-8080.2450275713245,8062.251873284802,1731451549.081251
-7999.354064387568,8032.367590948056,1731451549.086194
-8136.683182320975,8047.790294622218,1731451549.090458
-8186.19229628948,8057.423896482456,1731451549.0942187
-8130.938783995961,8041.554157919188,1731451549.0984185
-8123.2721356477905,8056.082791815137,1731451549.1022356
-8119.964077468405,8042.358820719579,1731451549.1064613
-8143.433409146477,8014.307381428169,1731451549.1093285
-8137.532548610276,8031.719390358853,1731451549.1155064
-8081.116745605082,8048.125570789048,1731451549.1184225
-8112.900926220528,8041.35299221909,1731451549.1224482
-8147.143798726059,8016.922535529439,1731451549.1284623
-8077.674576958964,8030.82532058064,1731451549.1314957
-7926.040342574161,8028.612497879565,1731451549.1342711
-8056.775695893252,8089.297484075723,1731451549.13835
-8212.746168702384,8095.55597252321,1731451549.1422727
-8185.231171277902,8079.775640937763,1731451549.1465156
-8106.217754628391,8062.006004095794,1731451549.1504943
-8127.429560116478,8065.626986697554,1731451549.1545644
-8163.147647756058,8038.491968928811,1731451549.158476
-8147.233205703879,8041.397695708,1731451549.1612823
-8092.829059699662,8058.608538938587,1731451549.1653032
-8128.994182228349,8015.112044228559,1731451549.1692982
-8132.302240407735,8024.745646088797,1731451549.1744692
-8040.6824398854305,8017.391922163001,1731451549.1784067
-8018.241288452303,8119.405283857022,1731451549.1825798
-8071.706661189397,8100.182783625458,1731451549.1863005
-8081.094393860626,8077.4287077699555,1731451549.1903377
-8158.722002353908,8073.3159867901795,1731451549.1943984
-8190.997921347371,8082.346091550124,1731451549.1975868
-8059.636719183532,8071.706661189397,1731451549.2023246
-8107.402397084523,8036.368553205557,1731451549.2065308
-8140.125350967092,8024.678590855431,1731451549.210448
-8069.35972802159,8045.622175410053,1731451549.2135415
-8113.638533787554,8030.713561858364,1731451549.21764
-8074.590036224132,7974.744793742275,1731451549.2214727
-8164.645214634564,8072.243103056325,1731451549.2255
-8149.557787127232,8084.603617740109,1731451549.2294986
-8044.973974820849,8060.888416873028,1731451549.2346165
-8073.472449001366,8084.715376462385,1731451549.2375035
-8172.065993793726,8121.819272258195,1731451549.2415211
-8130.402342129033,8101.568591781687,1731451549.2456665
-7982.433793834901,8104.742539494341,1731451549.24964
-8096.047710901226,8068.577416965654,1731451549.2535176
-8214.981343147916,8053.981727836339,1731451549.2575655
-8151.860016806128,8058.4073732384895,1731451549.2625563
-8110.017551185793,8044.906919587484,1731451549.2666914
-8043.141131775515,8071.460792000389,1731451549.2695131
-8055.971033092861,8061.313100017679,1731451549.2746627
-8167.930921069494,8039.16252126247,1731451549.2785316
-8129.105940950626,8075.707623446897,1731451549.283687
-8088.045786386227,8091.085623632148,1731451549.2865229
-8153.670508107008,8029.998306035794,1731451549.2916267
-8074.679443201953,7958.293909823169,1731451549.2946954
-7902.280438218169,8136.794941043251,1731451549.2985668
-8114.84552798814,8127.451911860933,1731451549.3046143
-8207.739377944396,8088.693986975431,1731451549.307498
-8146.696763836952,8088.403414297511,1731451549.310484
-8152.731734839886,8095.198344611925,1731451549.3166597
-8116.298391377734,8100.562763281198,1731451549.3195646
-8129.038885717259,8077.607521725598,1731451549.3235683
-8148.820179560206,8061.447210484411,1731451549.32656
-8109.145833152036,8069.940873377428,1731451549.3296423
-8074.008890868294,8078.903922904006,1731451549.3336253
-8100.093376647637,8053.802913880696,1731451549.3377624
-8127.027228716282,8059.971995350361,1731451549.3416345
-8121.975734469383,8094.2148678558915,1731451549.3455565
-8042.537634675221,8097.567629524187,1731451554.3851674
