Fp1,C3,time_board
-27346.46527128998,1216.9630786136483,1730328879.5345097
-27427.91502808512,1269.48967808362,1730328879.538685
-27509.40948836917,1269.5343815725305,1730328879.5424523
-27506.97314822354,1196.041845803481,1730328879.5466917
-27544.88170681974,1168.3480344233556,1730328879.5505989
-27497.317194618845,1233.972756144137,1730328879.5557468
-27440.275542768904,1251.317709841455,1730328879.559498
-27465.935345403595,1190.7668341120284,1730328879.562739
-27527.603808355787,1158.9603017521265,1730328879.566743
-27499.4406103421,1221.2099100601567,1730328879.570815
-27436.98983633397,1252.681166253229,1730328879.574598
-27453.351313275256,1179.970941540115,1730328879.5788317
-27527.715567078063,1122.7504757345291,1730328879.5837755
-27534.085814247825,1198.455834204654,1730328879.5868049
-27450.44558649607,1288.0416259815247,1730328879.590784
-27402.07641149478,1235.6267852338297,1730328879.594811
-27462.850804668764,1173.4442321591655,1730328879.5987923
-27513.790430282406,1196.3547702258552,1730328879.6027243
-27466.3823802927,1232.8328171769165,1730328879.6066587
-27450.22206905152,1209.5199477100311,1730328879.611673
-27503.508627832965,1177.489897905576,1730328879.6146927
-27528.78845081192,1177.04286301647,1730328879.61763
-27479.234633354503,1202.4120929732435,1730328879.6228266
-27394.342707913245,1213.1856338007017,1730328879.6266148
-27451.4290632521,1201.3168574949334,1730328879.6307523
-27525.614503099267,1201.3168574949334,1730328879.634663
-27459.76626393393,1260.3031111124888,1730328879.6398876
-27405.45152490753,1259.587855289919,1730328879.6425977
-27449.14918531766,1189.358674211344,1730328879.6458735
-27515.86914251676,1167.6104268563304,1730328879.6506276
-27504.849732500286,1219.712343181651,1730328879.6548464
-27440.81198463583,1246.8026574614832,1730328879.6587737
-27443.404786992647,1177.1322699942912,1730328879.662851
-27501.139342920706,1135.3792113517777,1730328879.6668763
-27478.7875984654,1230.843511920394,1730328879.6709108
-27401.383507416667,1306.97355353517,1730328879.6739132
-27423.06469953832,1227.6919159521958,1730328879.6789064
-27493.62915678372,1164.2800169324896,1730328879.6828997
-27465.06362736984,1186.4082439432436,1730328879.6869152
-27388.061867721302,1195.773624870017,1730328879.690926
-27424.6740251391,1169.845601301861,1730328879.6939752
-27428.63028390769,1133.9263479621825,1730328879.6979575
-27427.75856587393,1116.9390221761491,1730328879.7018409
-27448.635095195183,1270.517858328564,1730328879.7069736
-27477.26767984244,1269.8920094838154,1730328879.711002
-27537.617389871764,1118.4365890546549,1730328879.714996
-27564.26066926249,1129.6124612823082,1730328879.7189753
-27532.02945375794,1229.0553723639694,1730328879.7217827
-27436.743967144965,1249.9989569185925,1730328879.725885
-27417.5214669134,1139.782505009473,1730328879.729818
-27446.5787347053,1150.0866592033697,1730328879.734763
-27486.63306076921,1217.231299547112,1730328879.7389708
-27463.34254304678,1256.525666299542,1730328879.7428205
-27436.00635957794,1242.779343459528,1730328879.7469792
-27509.476543602534,1177.9592845391376,1730328879.7500052
-27539.249067217,1210.0787413214136,1730328879.753856
-27446.355217260745,1264.5275908145418,1730328879.758152
-27410.52537089889,1232.2740235655338,1730328879.7621036
-27460.883851156697,1216.583098957908,1730328879.7671816
-27416.51563841291,1176.2158484716235,1730328879.7710178
-27384.060905463804,1203.3285144959111,1730328879.775087
-27343.17956485505,1254.648119765296,1730328879.7781086
-27456.43585401009,1166.3587291668332,1730328879.782092
-27511.77877328143,1219.6452879482852,1730328879.786089
-27437.48157471199,1362.964673395714,1730328879.7901103
-27482.945022934084,1274.0270822080472,1730328879.7950811
-27552.14602376772,1186.788223598984,1730328879.799019
-27526.03918624392,1176.2158484716235,1730328879.8020327
-27470.31628731684,1217.2536512915674,1730328879.8060908
-27435.402862477647,1244.6568899937738,1730328879.8099244
-27367.855890733703,1197.070026048425,1730328879.8140051
-27458.87219415572,1166.8951710337606,1730328879.8180125
-27418.86257158072,1289.896820771315,1730328879.8229363
-27316.625692442143,1340.814094640505,1730328879.827029
-27297.090267788204,1246.0203464055476,1730328879.8301485
-27543.02651202995,1205.1837092857015,1730328879.8339188
-27605.432582549165,1206.5918691863858,1730328879.8381891
-27435.224048522003,1259.4313930787318,1730328879.8422
-27341.681997976542,1290.6120765938851,1730328879.8461523
-27381.24458566244,1250.3342330854218,1730328879.8502767
-27475.30072633037,1303.956068033703,1730328879.855127
-27477.35708682026,1296.7588063190944,1730328879.8580556
-27437.950961345552,1208.3129535094445,1730328879.8621566
-27443.605952692746,1186.7211683656178,1730328879.8659985
-27403.819847562296,1221.5898897158968,1730328879.8701336
-27300.73360213442,1336.880187616371,1730328879.8741796
-27424.51756292791,1220.137026326302,1730328879.8780265
-27554.53766042444,1161.687214575674,1730328879.8832824
-27471.27741232841,1306.97355353517,1730328879.886278
-27395.6167573472,1340.322356262488,1730328879.8901703
-27302.901721346585,1281.4478613672093,1730328879.8941915
-27316.17865755304,1225.5685002289415,1730328879.8980713
-27368.213518644992,1249.9542534296816,1730328879.9022567
-27336.11641360717,1319.2223094966782,1730328879.906185
-27355.45067256101,1300.7597685765943,1730328879.9113047
-27414.83925757876,1237.549035256986,1730328879.914288
-27498.144209163693,1229.9941456310924,1730328879.9171233
-27381.13282694016,1309.9686872921811,1730328879.9221492
-27467.991705893484,1267.1874484047232,1730328879.926119
-27493.62915678372,1165.8893425332717,1730328879.930324
-27529.995445012504,1237.1914073457012,1730328879.9341404
-27425.746908872952,1312.4273791822648,1730328879.9381368
-27356.0094661724,1318.775274607572,1730328879.9411404
-27432.564190931826,1223.266270550045,1730328879.9463575
-27408.98310053148,1204.2449360185783,1730328879.9503367
-27368.36998085618,1288.868640526371,1730328879.9544008
-27335.64702697361,1276.5304775870416,1730328879.958389
-27403.50692313992,1250.5130470410645,1730328879.9624276
-27469.75749370545,1217.1865960582013,1730328879.9662838
-27496.51253181845,1239.873616680338,1730328879.9694977
-27423.37762396069,1280.129108444346,1730328879.9733653
-27354.824823716262,1252.591759275408,1730328879.9784336
-27482.00624966696,1140.5648160654089,1730328879.9824035
-27477.62530775372,1236.3643928008548,1730328879.9865189
-27314.21170404097,1366.0492141305465,1730328879.9905288
-27340.586762498235,1290.2768004270556,1730328879.9943547
-27438.97914159049,1167.1186884783135,1730328879.997408
-27484.35318283477,1177.4004909277548,1730328880.0014527
-27382.831559518763,1291.8637742833823,1730328880.006522
-27381.80337927382,1310.2816117145553,1730328880.0103536
-27415.71097561252,1187.6599416327408,1730328880.0144806
-27495.305537617867,1214.169110556735,1730328880.0183127
-27400.57884461628,1319.132902518857,1730328880.0215993
-27379.121169939182,1293.0707684839688,1730328880.0254033
-27466.71765645953,1211.8668808778384,1730328880.029359
-27475.34542981928,1230.1953113311902,1730328880.0346477
-27408.51371389791,1249.9319016852262,1730328880.038558
-27304.041660313807,1273.5576955744857,1730328880.0423336
-27375.164911170592,1260.928959957237,1730328880.0457065
-27497.406601596667,1201.272154006023,1730328880.0494118
-27449.14918531766,1250.0883638964135,1730328880.0535736
-27358.40110282912,1303.866661055882,1730328880.0575972
-27385.26789966439,1251.7870964750168,1730328880.0616057
-27455.631191209697,1188.1516800107574,1730328880.0666337
-27510.325909891835,1202.5685551844306,1730328880.0705457
-27395.817923047296,1250.7589162300726,1730328880.0735164
-27355.09304464973,1258.8055442339833,1730328880.0775795
-27361.64210577513,1203.261459262545,1730328880.0815833
-27381.80337927382,1202.2556307620564,1730328880.08562
-27506.05672670087,1290.6120765938851,1730328880.0899909
-27465.57771749231,1284.1747741907566,1730328880.0944078
-27468.4834442715,1188.5316596664975,1730328880.0985336
-27549.84379408881,1191.9067730792492,1730328880.1013646
-27452.569002219323,1257.7326605001283,1730328880.1055708
-27351.8073382148,1275.8599252533825,1730328880.1094189
-27418.460240180524,1236.4314480342207,1730328880.113618
-27467.321153559824,1205.6977994081735,1730328880.1175327
-27448.478632984,1240.2759480805337,1730328880.1216457
-27434.68760665508,1265.421660592754,1730328880.1264844
-27456.97229587701,1194.4772236916094,1730328880.129686
-27480.486331044,1169.331511179389,1730328880.133646
-27444.298856770856,1256.0562796659804,1730328880.1376612
-27337.390463041123,1292.06493998348,1730328880.141684
-27218.367423816613,1226.551976984975,1730328880.145684
-27476.172444364125,1190.4986131785647,1730328880.1496909
-27464.12485410272,1282.5654485899745,1730328880.154724
-27443.784766648387,1324.5420246770411,1730328880.1577003
-27405.98796677446,1265.645178037307,1730328880.1614969
-27460.2803540564,1175.3217786934113,1730328880.1657016
-27449.08213008429,1168.236275701079,1730328880.1697488
-27420.38249020368,1274.4517653526982,1730328880.173746
-27488.39884858118,1272.77538451855,1730328880.1787765
-27469.5339762609,1217.3430582693886,1730328880.1817305
-27422.707071627032,1224.361506028355,1730328880.1846297
-27351.963800425983,1272.261294396078,1730328880.1898065
-27349.34864632472,1295.1494807183124,1730328880.1936784
-27468.70696171605,1213.2079855451568,1730328880.1976123
-27490.25404337097,1194.946610325171,1730328880.201635
-27472.238537339992,1265.622826292852,1730328880.205639
-27337.010483385384,1266.7627652600725,1730328880.2095857
-27405.406821418623,1194.3878167137882,1730328880.2127302
-27505.900264489683,1169.8679530463164,1730328880.217582
-27540.478413162044,1245.1709801162458,1730328880.2217388
-27416.470934924,1277.15632643179,1730328880.2255857
-27408.64782436464,1235.8503026783828,1730328880.2298412
-27488.64471777019,1179.6133136288302,1730328880.2337244
-27456.03352260989,1226.686087451707,1730328880.2377875
-27389.581786344264,1285.7393963026282,1730328880.24081
-27395.66146083611,1249.3060528404776,1730328880.2448184
-27484.39788632368,1194.8348516028943,1730328880.2498662
-27436.92278110061,1222.8192356609388,1730328880.2538552
-27305.852151614687,1284.8006230355052,1730328880.257913
-27385.580824086766,1284.9123817577818,1730328880.2616563
-27414.72749885649,1212.872709378327,1730328880.2659504
-27512.2928634039,1215.7560844130617,1730328880.2686827
-27502.279281887924,1310.9745157926698,1730328880.2728653
-27345.682960234044,1287.8181085369715,1730328880.2776444
-27367.498262822424,1192.487918435087,1730328880.281715
-27457.307572043846,1190.0292265450032,1730328880.2857995
-27389.715896811,1284.7335678021393,1730328880.2887783
-27464.929516903107,1296.9152685302818,1730328880.2926793
-27509.431840113622,1210.682238421707,1730328880.296912
-27453.21720280853,1220.8969856377823,1730328880.3007853
-27406.166780730106,1289.87446902686,1730328880.3058536
-27416.82856283529,1312.159158248801,1730328880.3097596
-27389.17945494407,1227.714267696651,1730328880.3139498
-27373.80145475882,1161.03901398647,1730328880.3169916
-27533.30350319189,1274.004730463592,1730328880.321142
-27391.884016023163,1304.5595651339968,1730328880.3248577
-27387.681888065566,1243.7404684711062,1730328880.3288057
-27567.34520999732,1218.3712385143326,1730328880.3337483
-27520.406546641178,1266.0251576930473,1730328880.3377836
-27414.23576047847,1302.9725912776698,1730328880.341961
-27467.6340779822,1246.9591196726703,1730328880.3449724
-27519.981863496527,1192.9349533241932,1730328880.348869
-27447.76337716143,1247.9872999176146,1730328880.3530126
-27315.12812556364,1284.1747741907566,1730328880.3570151
-27351.22619285896,1272.8871432408266,1730328880.3619208
-27477.96058392055,1217.8571483918606,1730328880.365908
-27449.640923695675,1233.168093343746,1730328880.369804
-27374.22613790347,1339.4506382287311,1730328880.3730507
-27488.756476492465,1281.1125852003795,1730328880.3770003
-27507.19666566809,1186.5647061544307,1730328880.3809996
-27459.542746489376,1197.6064679153524,1730328880.3848784
-27423.73525187197,1332.7004114032284,1730328880.3889132
-27408.71487959801,1340.7917428960495,1730328880.3940818
-27419.019033791905,1248.814314462461,1730328880.397977
-27476.083037386303,1216.784264658006,1730328880.4008937
-27375.74605652643,1291.4614428831867,1730328880.40508
-27375.12020768168,1309.4098936807984,1730328880.4088647
-27464.03544712489,1238.9571951576704,1730328880.4129844
-27471.36681930624,1197.0029708150591,1730328880.4170735
-27478.02763915392,1258.649082022796,1730328880.4221368
-27389.98411774446,1310.2816117145553,1730328880.4253857
-27408.04432726435,1260.5266285570417,1730328880.4290707
-27401.80819056132,1208.4694157206316,1730328880.4328983
-27501.45226734308,1216.0019536020702,1730328880.437188
-27442.510717214434,1301.3632656768875,1730328880.44145
-27410.52537089889,1297.4964138861196,1730328880.4453652
-27405.18330397407,1238.4878085241091,1730328880.450209
-27431.33484498678,1242.2876050815112,1730328880.4537103
-27404.49039989596,1294.456576640198,1730328880.456467
-27343.380730555145,1310.0133907810916,1730328880.4617684
-27467.65642972665,1226.7307909406177,1730328880.465229
-27572.5084629665,1219.2429565480898,1730328880.469133
-27444.52237421541,1301.1397482323348,1730328880.4731927
-27366.715951766488,1306.3030012015106,1730328880.4783149
-27413.207580233528,1236.4314480342207,1730328880.4812129
-27480.77690372192,1209.6540581767629,1730328880.4850285
-27448.43392949509,1251.7200412416507,1730328880.4892004
-27400.28827193836,1296.3341231744437,1730328880.4930527
-27449.551516717856,1283.3030561569997,1730328880.4977536
-27451.20554580755,1250.7589162300726,1730328880.5010817
-27457.17346157712,1305.967725034681,1730328880.506558
-27370.29223087933,1321.1892630087452,1730328880.5091195
-27465.801234936866,1245.7297737276283,1730328880.5122898
-27484.39788632368,1233.0116311325587,1730328880.5170908
-27381.44575136253,1297.3399516749323,1730328880.5213356
-27281.30993620276,1315.5342716615526,1730328880.52535
-27337.54692525231,1256.2574453660782,1730328880.5291812
-27523.245218187003,1218.751218170073,1730328880.5323443
-27545.19463124212,1308.001733780114,1730328880.536386
-27497.76422950796,1355.9462256367476,1730328880.5407913
-27388.419495632592,1315.869547828382,1730328880.545536
-27464.21426108053,1242.488770781609,1730328880.5493107
-27434.464089210524,1262.0241954355474,1730328880.5537908
-27370.716914023986,1317.9259083182703,1730328880.557626
-27440.76728114692,1278.4303758657427,1730328880.560334
-27490.49991255998,1219.555880970464,1730328880.5644414
-27498.323023119334,1236.6326137343185,1730328880.5681324
-27415.73332735697,1317.7023908737174,1730328880.5726635
-27366.49243432193,1306.9512017907143,1730328880.57735
-27343.961875910984,1238.554863757475,1730328880.5817437
-27380.976364728973,1217.9018518807711,1730328880.5851808
-27442.77893814789,1308.06878901348,1730328880.5883625
-27460.16859533413,1337.7966091390383,1730328880.5921972
-27499.30649987537,1249.5295702850308,1730328880.5963953
-27477.29003158689,1250.4683435521536,1730328880.6002128
-27443.896525370663,1301.9891145216363,1730328880.605864
-27443.091862570272,1323.9608793212033,1730328880.609242
-27428.943208330063,1240.2535963360783,1730328880.6136355
-27426.842144351263,1192.9126015797378,1730328880.6162405
-27359.89866970761,1265.48871582612,1730328880.6208937
-27337.32340780776,1345.9326441207702,1730328880.624529
-27436.98983633397,1291.6626085832845,1730328880.6287873
-27513.96924423805,1226.3508112848774,1730328880.6336696
-27448.29981902836,1297.518765630575,1730328880.6375628
-27406.390298174658,1347.8995976328372,1730328880.641748
-27405.00449001843,1314.2602222276,1730328880.6446588
-27440.23083928,1253.5081807980753,1730328880.6483383
-27393.26982417939,1245.416849305254,1730328880.6523907
-27399.70712658252,1330.6887544022509,1730328880.6568284
-27404.78097257388,1313.7014286162173,1730328880.662024
-27487.59418578079,1268.036814694025,1730328880.665768
-27510.97411048104,1257.3079773554775,1730328880.6694987
-27416.537990157365,1325.7043153887173,1730328880.6728222
-27380.12699843967,1330.1746642797789,1730328880.6764424
-27439.73910090197,1259.2525791230894,1730328880.6806574
-27502.927482477127,1252.4129453197654,1730328880.6843555
-27447.852784139253,1324.0502862990245,1730328880.6885488
-27289.378915951125,1324.3408589769435,1730328880.693424
-27327.779212925343,1268.036814694025,1730328880.6968868
-27443.15891780364,1255.229265121134,1730328880.700395
-27529.66016884568,1253.619939520352,1730328880.7050977
-27354.511899293888,1315.8024925950162,1730328880.7087705
-27402.99283301745,1327.8277311119714,1730328880.7125902
-27533.862296803272,1212.8950611227824,1730328880.7163744
-27506.079078445327,1244.8357039494165,1730328880.721802
-27415.77803084589,1363.836391429471,1730328880.7251348
-27412.00058603294,1316.6965623732283,1730328880.72865
-27435.782842133387,1243.9639859156594,1730328880.7324705
-27469.645734983176,1252.1447243863015,1730328880.7366352
-27354.869527205174,1311.7344751041503,1730328880.7406511
-27344.31950382227,1301.3409139324324,1730328880.7451513
-27424.04817629435,1211.62101168883,1730328880.749575
-27458.87219415572,1253.1282011423352,1730328880.7527218
-27491.34927884928,1366.384490297376,1730328880.756848
-27399.595367860245,1343.7868766530603,1730328880.7606444
-27457.9334208886,1239.2477678355897,1730328880.7647116
-27521.65824433068,1240.4324102917208,1730328880.7685971
-27440.208487535536,1309.3428384474323,1730328880.773007
-27378.47296934998,1333.7062399037172,1730328880.7764945
-27407.8208098198,1272.4401083517205,1730328880.7796612
-27441.974275347508,1214.817311145939,1730328880.7845616
-27429.367891474714,1305.4312831677537,1730328880.7890587
-27324.78407916833,1356.0579843590242,1730328880.7925243
-27250.263363154336,1260.0572419234804,1730328880.7971704
-27471.612688495243,1231.8940439097937,1730328880.8005977
-27518.03726172892,1339.9423766067478,1730328880.8051083
-27478.653487998665,1338.1765887947786,1730328880.8077545
-27426.082185039784,1275.1223176863573,1730328880.811715
-27455.027694109405,1228.0495438634807,1730328880.816921
-27444.63413293769,1282.1854689342344,1730328880.8208044
-27364.056094176307,1348.033708099569,1730328880.8248987
-27372.773274513875,1291.6402568388291,1730328880.8291144
-27464.10250235826,1231.2234915761342,1730328880.833393
-27490.52226430444,1259.4760965676423,1730328880.8358984
-27399.684774838064,1337.997774839136,1730328880.8398724
-27379.25528040592,1306.1465389903235,1730328880.8453844
-27446.064644582828,1211.5092529665535,1730328880.848992
-27401.249396949937,1242.2876050815112,1730328880.8529737
-27325.320521035257,1324.877300843871,1730328880.8571448
-27474.63017399671,1298.904573786804,1730328880.8596704
-27480.95571767756,1257.8220674779495,1730328880.8642836
-27450.3785312627,1218.9523838701707,1730328880.8677
-27411.53119939938,1310.2145564811894,1730328880.8732724
-27443.27067652592,1309.0746175139686,1730328880.876628
-27425.07635653929,1241.4382387922096,1730328880.8810704
-27477.35708682026,1234.4421427776986,1730328880.884752
-27466.29297331488,1294.3001144290108,1730328880.8888063
-27381.13282694016,1336.0755248159796,1730328880.892001
-27392.8674927792,1269.3779193613434,1730328880.8961124
-27434.441737466062,1210.1234448103244,1730328880.8996484
-27381.24458566244,1286.4993556141087,1730328880.90492
-27405.22800746298,1356.3038535480323,1730328880.908684
-27454.066569097828,1280.285570655533,1730328880.9120529
-27492.936252705607,1212.8280058894163,1730328880.9161973
-27457.978124377507,1270.4731548396535,1730328880.9200232
-27367.431207589056,1327.4477514562311,1730328880.9241247
-27372.616812302687,1263.9240937142486,1730328880.9278755
-27475.032505396903,1206.971848842126,1730328880.9330533
-27457.75460693295,1261.197180890701,1730328880.9370604
-27413.654615122632,1317.5906321514408,1730328880.9397883
-27368.59349830073,1287.8628120258822,1730328880.9437888
-27430.440775208568,1193.493746935576,1730328880.948204
-27474.160787363147,1221.0534478489694,1730328880.9518616
-27429.591408919267,1349.0171848556024,1730328880.956055
-27332.18250658304,1329.6829259017618,1730328880.9612098
-27451.093787085272,1249.551922029486,1730328880.9652956
-27524.00517749848,1224.9650031286485,1730328880.9678433
-27447.71867367252,1281.7831375340388,1730328880.9721365
-27310.79188713931,1321.904518831315,1730328880.975813
-27367.31944886678,1261.8230297354496,1730328880.98014
-27498.390078352702,1221.0310961045143,1730328880.983822
-27482.3862293227,1260.7724977460502,1730328880.989019
-27325.320521035257,1328.2300625121668,1730328880.9928958
-27444.12004281521,1292.2214021946672,1730328880.9964156
-27528.654340345187,1217.8571483918606,1730328881.0001683
-27488.66706951464,1248.8813696958268,1730328881.004102
-27390.85583577822,1307.934678546748,1730328881.0083735
-27356.09887315021,1291.260277183089,1730328881.012395
-27469.37751404972,1237.6607939792627,1730328881.0163865
-27437.41451947862,1279.5032595995974,1730328881.0214632
-27325.83461115773,1337.9530713502254,1730328881.0240133
-27402.366984172702,1291.170870205268,1730328881.0279348
-27453.23955455298,1217.6336309473074,1730328881.032112
-27416.13565875717,1251.8988551972932,1730328881.0361035
-27369.934602968053,1307.9793820356588,1730328881.0400157
-27378.85294900572,1304.7607308340944,1730328881.045068
-27433.34650198776,1245.3050905829778,1730328881.0480857
-27446.846955638764,1254.8045819764832,1730328881.050918
-27377.958879227503,1318.9093850743038,1730328881.0559697
-27418.66140588062,1310.5721843924744,1730328881.059949
-27503.75449702197,1230.843511920394,1730328881.0639994
-27496.981918452017,1200.623953416819,1730328881.0679314
-27428.518525185413,1286.1417277028238,1730328881.0730376
-27352.41083531509,1339.0706585729909,1730328881.0759497
-27393.04630673484,1246.7579539725727,1730328881.0789871
-27494.366764350747,1216.7619129135503,1730328881.0839188
-27469.75749370545,1265.913398970771,1730328881.087957
-27395.415591647103,1303.0843499999464,1730328881.0919113
-27367.006524444405,1254.737526743117,1730328881.0960908
-27375.679001293065,1231.9834508876147,1730328881.1009705
-27482.945022934084,1281.4702131116644,1730328881.1041117
-27435.693435155565,1287.4828323701422,1730328881.1070964
-27347.22523060146,1272.9765502186478,1730328881.110997
-27511.6446628147,1209.2740785210226,1730328881.1160104
-27532.431785158133,1217.0301338470142,1730328881.1199725
-27395.57205385829,1311.488605915142,1730328881.1239755
-27366.850062233218,1292.06493998348,1730328881.1279988
-27482.3862293227,1197.1147295373355,1730328881.1320114
-27456.97229587701,1228.2060060746678,1730328881.1349883
-27428.04913855185,1310.4604256701978,1730328881.139031
-27359.54104179633,1294.613038851385,1730328881.1439943
-27464.169557591627,1179.9038863067492,1730328881.1480613
-27464.080150613805,1232.4751892656311,1730328881.1520584
-27356.769425483875,1347.161990065812,1730328881.1549926
-27297.000860810385,1339.0483068285355,1730328881.159041
-27399.84123704925,1256.39155583281,1730328881.1630156
-27528.833154300828,1223.109808338858,1730328881.1670089
-27431.8265833648,1291.327332416455,1730328881.172266
-27428.071490296305,1312.0473995265245,1730328881.1762362
-27416.33682445727,1250.8706749523492,1730328881.1803136
-27447.785728905885,1214.1244070678244,1730328881.1832907
-27441.39312999167,1267.5003728270976,1730328881.1874442
-27387.50307410992,1327.4924549451418,1730328881.1916876
-27391.302870667325,1288.2204399371672,1730328881.195403
-27492.60097653877,1206.971848842126,1730328881.20022
-27421.365966959715,1236.1185236118465,1730328881.2046
-27357.3058673508,1352.906388390826,1730328881.2084398
-27429.211429263527,1303.0172947665806,1730328881.2113242
-27515.60092158329,1231.871692165338,1730328881.2153275
-27429.74787113045,1281.3808061338432,1730328881.2193055
-27327.488640247426,1327.291289245044,1730328881.2233045
-27482.67680200062,1268.1485734163016,1730328881.2282405
-27534.35403518129,1214.683200679207,1730328881.232324
-27481.045124655386,1244.6568899937738,1730328881.2362938
-27413.699318611543,1324.7655421215943,1730328881.239397
-27375.65664954861,1324.743190377139,1730328881.2432275
-27427.691510640565,1256.905645955282,1730328881.247352
-27474.965450163538,1251.228302863634,1730328881.2512896
-27441.884868369685,1313.9025943163151,1730328881.255422
-27359.921021452075,1321.0551525420133,1730328881.2603607
-27316.98332035343,1259.207875634179,1730328881.2633688
-27436.587504933777,1246.3556225723771,1730328881.2672591
-27485.940156691096,1312.8297105824604,1730328881.271813
-27399.08127773777,1343.1163243194014,1730328881.2754846
-27379.858777506208,1308.940507047237,1730328881.2794132
-27397.404896903623,1253.5975877758965,1730328881.2835524
-27484.196720623582,1289.5615446044856,1730328881.2887218
-27401.405859161125,1352.816981413005,1730328881.2916577
-27378.763542027897,1300.4021406653096,1730328881.2958765
-27444.835298637787,1221.9475176271817,1730328881.299507
-27489.27056661493,1257.3750325888434,1730328881.303817
-27367.967649455983,1334.4438474707422,1730328881.3080187
-27317.542113964813,1317.0094867956027,1730328881.311802
-27403.059888250817,1249.037831907014,1730328881.3165717
-27398.88011203768,1253.9552156871816,1730328881.3195162
-27380.775199028874,1320.0716757859798,1730328881.3238544
-27336.608151985187,1356.9520541372365,1730328881.3276324
-27519.6465873297,1263.3429483584105,1730328881.3315911
-27557.44338720362,1227.0213636185365,1730328881.3353467
-27428.76439437442,1333.1474462923345,1730328881.339577
-27392.129885212173,1340.679984173773,1730328881.3450613
-27337.099890363206,1266.1145646708685,1730328881.3479035
-27415.554513401334,1238.4878085241091,1730328881.3513796
-27467.81289193784,1325.6372601553512,1730328881.3557336
-27385.55847234232,1335.9190626047923,1730328881.3594203
-27417.23089423548,1273.9153234857708,1730328881.363912
-27478.02763915392,1226.686087451707,1730328881.367391
-27441.214316036025,1298.8822220423488,1730328881.3729453
-27326.728680935943,1350.6712139452952,1730328881.3755124
-27429.92668508609,1279.615018321874,1730328881.3786523
-27520.093622218803,1236.587910245408,1730328881.383398
-27465.689476214586,1277.782175276539,1730328881.3877983
-27383.725629296976,1352.9734436241918,1730328881.391707
-27401.361155672213,1302.7267220886615,1730328881.3957217
-27452.16667081913,1243.2263783486342,1730328881.3994467
-27440.07437706881,1284.8006230355052,1730328881.4026885
-27367.632373289154,1335.002641082125,1730328881.4069922
-27327.04160535832,1331.5604724360076,1730328881.4120023
-27396.4661236365,1282.7889660345277,1730328881.4160328
-27522.17233445315,1303.35257093341,1730328881.4196413
-27420.80717334833,1336.4108009828092,1730328881.4240105
-27336.04935837381,1306.615925623885,1730328881.4278164
-27437.749795645454,1273.647102552307,1730328881.4311676
-27542.33360795184,1264.974625703648,1730328881.4345293
-27445.595257949262,1324.2961554880328,1730328881.439676
-27368.39233260064,1354.2474930581443,1730328881.443637
-27327.376881525142,1279.2350386661335,1730328881.4480376
-27430.463126953025,1238.264291079556,1730328881.451588
-27389.00064098843,1315.4895681726418,1730328881.4560132
-27334.372977539657,1355.387432025365,1730328881.4585743
-27476.77594146442,1266.0922129264134,1730328881.4628203
-27519.78069779643,1250.0436604075028,1730328881.4666915
-27448.09865332826,1322.7315333761617,1730328881.4717784
-27368.61585004519,1372.061833389024,1730328881.4756017
-27399.8188853048,1304.2689924560775,1730328881.4797251
-27513.388098882213,1236.6996689676844,1730328881.48304
-27479.882833943702,1295.618867351874,1730328881.4870777
-27425.121060028203,1352.705222690728,1730328881.4910374
-27337.949256652508,1298.9269255312593,1730328881.4951775
-27434.41938572161,1226.686087451707,1730328881.499955
-27466.896470415173,1292.3778644058543,1730328881.504021
-27396.622585847686,1382.2765806050993,1730328881.5077968
-27401.316452183302,1342.0210888410911,1730328881.5108857
-27427.66915889611,1265.1981431482009,1730328881.5150824
-27470.42804603912,1271.5013350845977,1730328881.518724
-27371.767446013386,1352.1017255904349,1730328881.5232868
-27289.26715722885,1353.5098854911191,1730328881.5282743
-27404.98213827397,1254.2681401095558,1730328881.5322905
-27477.44649379808,1252.1670761307569,1730328881.5346353
-27368.727608767465,1341.2387777851557,1730328881.5391252
-27420.42719369259,1350.4700482451974,1730328881.542754
-27405.42917316308,1307.778216335561,1730328881.5470583
-27490.835188726807,1249.2837010960222,1730328881.5507815
-27493.83032248382,1316.2048239952117,1730328881.5559351
-27373.3097163808,1370.6313217438844,1730328881.559705
-27395.88497828066,1307.6664576132844,1730328881.562968
-27428.317359485314,1250.7589162300726,1730328881.5667963
-27388.50890261041,1311.4439024262313,1730328881.5713575
-27330.08144260424,1367.993815898158,1730328881.575009
-27357.171756884072,1318.0823705294574,1730328881.5788
-27556.951648825605,1266.427489093243,1730328881.583774
-27529.906038034685,1308.3817134358542,1730328881.5879676
-27411.79942033284,1372.3747578113982,1730328881.591009
-27338.150422352606,1335.2038067822227,1730328881.595163
-27443.00245559245,1269.2438088946114,1730328881.5988083
-27452.6807609416,1292.8919545283263,1730328881.6031673
-27433.793536876863,1354.64982445834,1730328881.6074011
-27373.5108820809,1338.064830072502,1730328881.6109695
-27453.016037108428,1264.0805559254356,1730328881.6164997
-27481.045124655386,1268.7967740055053,1730328881.6187994
-27373.24266114744,1355.9462256367476,1730328881.623418
-27361.485643563945,1386.2775428625994,1730328881.6267877
-27496.71369751856,1290.9026492718042,1730328881.630994
-27480.32986883281,1264.5052390700864,1730328881.6348004
-27320.80546865529,1330.6664026577953,1730328881.6400445
-27337.5022217634,1355.2756733030883,1730328881.6429431
-27473.736104218497,1311.8015303375162,1730328881.645867
-27500.669956287144,1287.102852714402,1730328881.6508603
-27462.895508157675,1343.809228397516,1730328881.6554325
-27366.067751177285,1384.3329410949875,1730328881.6588783
-27383.211539174503,1331.73928639165,1730328881.663416
-27453.731292931,1254.223436620645,1730328881.6678495
-27470.60685999476,1295.5965156074185,1730328881.6713216
-27366.537137810843,1354.292196547055,1730328881.674466
-27290.45179968498,1346.3796790098763,1730328881.6789858
-27417.968501802505,1281.8948962563154,1730328881.6832268
-27446.399920749656,1317.1659490067898,1730328881.6872177
-27403.08223999527,1403.9801244712023,1730328881.691547
-27321.02898609984,1364.3281298074878,1730328881.6951044
-27397.82958004828,1279.8832392553377,1730328881.6990335
-27528.20730545608,1273.2224194076562,1730328881.702088
-27455.25121155396,1361.645920472851,1730328881.7074697
-27348.83455620224,1348.12311507739,1730328881.7115602
-27407.306719697324,1266.6733582822512,1730328881.7153385
-27509.990633725007,1290.7685388050722,1730328881.7190807
-27401.69643183904,1338.1542370503232,1730328881.723264
-27365.93364071055,1328.163007278801,1730328881.726974
-27408.13373424217,1301.899707543815,1730328881.7302785
-27461.643810468177,1299.7092365871952,1730328881.7339592
-27434.21822002152,1356.326205292488,1730328881.7391152
-27336.228172329447,1370.2289903436888,1730328881.7429223
-27361.41858833058,1302.0114662660917,1730328881.7475736
-27447.226935294504,1289.4944893711197,1730328881.7499757
-27444.745891659964,1338.2659957725998,1730328881.7544365
-27432.98887407648,1373.0229584006022,1730328881.7581336
-27415.77803084589,1318.7305711186614,1730328881.7635255
-27467.4329122821,1256.1456866438016,1730328881.7670171
-27432.631246165187,1300.2456784541223,1730328881.7712677
-27365.88893722164,1362.1376588508676,1730328881.7750037
-27367.073579677774,1331.3369549914546,1730328881.7781956
-27399.505960882423,1262.5382855580194,1730328881.7822027
-27459.18511857809,1303.2408122111335,1730328881.7867148
-27365.710123266,1371.771260711105,1730328881.7903194
-27274.11267448815,1389.5408975530745,1730328881.795452
-27430.53018218639,1298.7928150645275,1730328881.799198
-27533.1023374918,1283.7277393016504,1730328881.8036387
-27426.28335073988,1351.162952323312,1730328881.8065236
-27360.61392553019,1377.0462724025574,1730328881.810188
-27433.9276473436,1271.5460385735082,1730328881.8146837
-27483.503816545468,1246.780305717028,1730328881.8180723
-27414.88396106768,1313.030876282558,1730328881.8226678
-27330.97551238245,1342.423420241287,1730328881.827375
-27376.058980948805,1299.5080708870971,1730328881.8315408
-27457.9334208886,1256.1233348993462,1730328881.8341012
-27441.728406158498,1331.7616381361054,1730328881.8382647
-27360.59157378573,1359.7236704496945,1730328881.8421216
-27308.891988860607,1295.6859225852395,1730328881.8464446
-27446.24345853847,1234.4644945221537,1730328881.8501744
-27454.848880153764,1287.9745707481588,1730328881.855687
-27363.765521498382,1352.7499261796388,1730328881.8590846
-27355.78594872784,1330.2864230020552,1730328881.8624978
-27469.10929311625,1253.6422912648072,1730328881.8664916
-27521.09945071929,1264.6393495368184,1730328881.8708117
-27409.54189414285,1347.676080188284,1730328881.8747196
-27386.27372816488,1324.1396932768455,1730328881.8788583
-27426.90919958463,1244.902759182782,1730328881.8833976
-27455.027694109405,1263.7899832475166,1730328881.8867064
-27401.5176178834,1366.160972852823,1730328881.89056
-27328.8520966592,1343.9880423531583,1730328881.8949072
-27350.64504750312,1271.1213554288574,1730328881.8983488
-27456.81583366583,1273.065957196469,1730328881.902312
-27434.39703397716,1349.2183505557002,1730328881.906519
-27303.68403240252,1339.0483068285355,1730328881.9117837
-27430.932513586584,1251.3400615859107,1730328881.9146748
-27470.651563483665,1252.5023522975866,1730328881.9184663
-27434.933475844085,1340.300004518033,1730328881.9225929
-27351.49441379242,1370.3631008104207,1730328881.9261909
-27382.406876374112,1299.776291820561,1730328881.9305234
-27445.729368416,1239.0466021354916,1730328881.9342394
-27419.33195821428,1291.2155736941784,1730328881.9394035
-27367.855890733703,1373.1794206117893,1730328881.9422414
-27351.829689959253,1311.3991989373208,1730328881.9456208
-27364.07844592076,1227.9824886301146,1730328881.9502642
-27401.58467311677,1261.2865878685222,1730328881.9548252
-27417.789687846864,1372.0394816445687,1730328881.9582365
-27452.926630130605,1327.5595101785077,1730328881.9626074
-27473.40082805167,1255.6315965213296,1730328881.9673052
-27433.72648164349,1297.5411173750304,1730328881.9708352
-27389.5147311109,1369.2455135876553,1730328881.974723
-27395.393239902645,1330.2417195131443,1730328881.9785037
-27427.82562110729,1256.302148854989,1730328881.9827783
-27469.55632800536,1264.6393495368184,1730328881.9867945
-27364.07844592076,1341.3952399963428,1730328881.991045
-27295.995032309896,1346.513789476608,1730328881.994882
-27420.80717334833,1272.4401083517205,1730328881.997794
-27489.49408405949,1274.3176548859662,1730328882.0014737
-27358.51286155139,1332.096914302935,1730328882.0068872
-27294.7433346204,1336.8354841274602,1730328882.010526
-27389.13475145516,1283.191297434723,1730328882.014646
-27527.4473461446,1266.1816199042346,1730328882.0185132
-27466.784711692897,1322.6421263983402,1730328882.0228496
-27392.75573405692,1344.1445045643454,1730328882.025431
-27405.98796677446,1293.6742655842622,1730328882.0295308
-27488.55531079237,1247.1602853727682,1730328882.0344672
-27431.29014149787,1279.7044252996952,1730328882.0390663
-27306.76857313736,1376.50983053563,1730328882.042381
-27330.573180982257,1354.5827692249738,1730328882.046697
-27464.95186864756,1273.5129920855752,1730328882.0495472
-27471.32211581733,1307.7335128466502,1730328882.053664
-27321.230151799937,1370.2513420881442,1730328882.0580337
-27326.59457046921,1331.8286933694712,1730328882.0628264
-27486.52130204693,1263.007672191581,1730328882.06665
-27461.48734825699,1297.228192952656,1730328882.071012
-27378.78589377236,1361.511810006119,1730328882.0747545
-27303.7957911248,1350.2018273117335,1730328882.0778143
-27429.256132752434,1255.2963203545,1730328882.081689
-27520.384194896724,1265.0863844259245,1730328882.0855806
-27413.00641453343,1344.7032981757282,1730328882.0896635
-27352.07555914826,1357.8908274043597,1730328882.095209
-27353.818995215774,1289.293323671022,1730328882.098644
-27415.37569944569,1286.3652451473768,1730328882.1031733
-27436.699263656054,1347.519617977097,1730328882.1058288
-27404.40099291813,1346.0444028430466,1730328882.1101563
-27379.121169939182,1287.7063498146952,1730328882.1139572
-27451.451414996554,1267.0756896824469,1730328882.1175923
-27441.594295691764,1328.0512485565243,1730328882.1230605
-27355.78594872784,1359.74602219415,1730328882.1266377
-27390.028821233373,1297.6528760973067,1730328882.1295595
-27416.64974887964,1247.4061545617765,1730328882.133534
-27449.551516717856,1302.905536044304,1730328882.137786
-27389.73824855545,1354.1357343358677,1730328882.1415322
-27347.292285834825,1316.2495274841224,1730328882.145793
-27409.81011507632,1249.1495906292903,1730328882.1505775
-27430.95486533104,1298.9492772757146,1730328882.1550543
-27394.85679803572,1382.4106910718313,1730328882.1578984
-27311.30597726178,1352.3699465238983,1730328882.1616924
-27434.21822002152,1295.909440029793,1730328882.1660056
-27510.102392447283,1301.6538383548068,1730328882.169882
-27373.577937314265,1374.7887462125716,1730328882.1740117
-27295.83857009871,1347.8995976328372,1730328882.1781492
-27469.936307661093,1273.2447711521115,1730328882.1829348
-27489.62819452622,1284.1524224463014,1730328882.186164
-27401.42821090558,1362.4729350176974,1730328882.189833
-27322.59360821171,1360.1036501054348,1730328882.1939435
-27383.971498485986,1286.6781695697512,1730328882.199024
-27441.39312999167,1298.7928150645275,1730328882.2017958
-27420.60600764823,1345.7761819095829,1730328882.2060325
-27424.204638505536,1363.478763518186,1730328882.2096665
-27405.18330397407,1305.4759866566642,1730328882.2139964
-27425.255170494936,1264.5722943034525,1730328882.2176952
-27432.608894420733,1313.7684838495832,1730328882.223065
-27381.49045485145,1365.1551443523342,1730328882.2257204
-27380.19405367304,1321.4351321977535,1730328882.2297468
-27437.347464245257,1259.9231314567485,1730328882.23409
-27442.443661981066,1308.6722861137732,1730328882.2377672
-27395.63910909165,1373.805269456538,1730328882.2415757
-27392.778085801376,1337.394277738843,1730328882.2458389
-27419.98015880348,1268.9308844722373,1730328882.250661
-27492.243348627493,1296.2447161966224,1730328882.2537718
-27375.45548384852,1350.291234289555,1730328882.2569137
-27331.824878671752,1338.4895132171528,1730328882.2622
-27462.068493612827,1288.7568818040943,1730328882.2659624
-27470.562156505843,1289.5615446044856,1730328882.270062
-27321.2525035444,1369.9831211546805,1730328882.2739377
-27331.690768205022,1367.0773943754905,1730328882.278854
-27520.63006408573,1266.427489093243,1730328882.2819023
-27486.700116002576,1261.5995122908964,1730328882.2858047
-27380.015239717395,1336.5896149384516,1730328882.2898247
-27315.12812556364,1358.8072489270269,1730328882.2938948
-27362.625582531167,1330.353478235421,1730328882.298067
-27447.852784139253,1292.4672713836756,1730328882.3024745
-27439.359121246234,1337.2154637832002,1730328882.30595
-27407.32907144178,1394.70415052225,1730328882.3099709
-27422.90823732713,1310.2369082256448,1730328882.3130443
-27472.663220484643,1270.5625618174747,1730328882.3178003
-27415.129830256683,1331.9404520917478,1730328882.3223753
-27368.54879481182,1383.2824091055882,1730328882.3258195
-27409.89952205414,1330.3311264909655,1730328882.3299415
-27470.96448790604,1254.5363610430195,1730328882.3332677
-27436.4757462115,1303.2408122111335,1730328882.3370495
-27381.53515834036,1383.930609694792,1730328882.341288
-27339.692692720026,1341.5517022075298,1730328882.3461351
-27437.05689156734,1253.8881604538155,1730328882.3498113
-27466.42708378161,1291.193221949723,1730328882.3543684
-27371.99096345793,1361.1988855837449,1730328882.3580694
-27319.240846543416,1339.2941760175438,1730328882.3610744
-27343.380730555145,1267.0756896824469,1730328882.365038
-27429.5243536859,1262.940616958215,1730328882.3690584
-27466.158862848148,1354.158086080323,1730328882.374072
-27435.536972944377,1343.4739522306863,1730328882.3780525
-27420.78482160388,1270.9872449621255,1730328882.382126
-27493.249177127986,1281.6043235783964,1730328882.3859427
-27467.969354149027,1330.5322921910636,1730328882.3890607
-27359.853966218707,1364.3728332963983,1730328882.392898
-27434.508792699435,1299.5974778649186,1730328882.3970528
-27470.15982510565,1246.176808616735,1730328882.400892
-27426.015129806416,1309.1193210028794,1730328882.4061024
-27333.143631594616,1367.6138362424178,1730328882.409936
-27426.61862690671,1325.905481088815,1730328882.4141667
-27435.112289799727,1280.933771244737,1730328882.4169545
-27422.550609415845,1318.9540885632146,1730328882.4211235
-27372.21448090249,1374.3640630679206,1730328882.4249246
-27374.963745470497,1347.8772458883818,1730328882.4291732
-27479.994592665986,1269.4002711057988,1730328882.4339745
-27430.261961252923,1308.7169896026835,1730328882.4381835
-27361.575050541767,1367.1444496088566,1730328882.4412315
-27383.36800138569,1326.240757255645,1730328882.4450133
-27469.779845449902,1261.3759948463437,1730328882.449121
-27456.41350226564,1295.998847007614,1730328882.45323
-27403.819847562296,1351.1853040677672,1730328882.4570832
-27355.517727794377,1350.134772078368,1730328882.4622087
-27412.537027899867,1285.9629137471811,1730328882.4660983
-27470.875080928217,1282.0513584675025,1730328882.4691827
-27420.33778671477,1341.5293504630747,1730328882.4732888
-27352.16496612608,1349.911254633815,1730328882.4772053
-27428.4738216965,1275.68111129774,1730328882.4816177
-27488.19768288108,1253.1505528867904,1730328882.4853635
-27426.23864725097,1324.877300843871,1730328882.4891007
-27361.530347052856,1335.449675971231,1730328882.4947674
-27361.61975403068,1276.5304775870416,1730328882.497476
-27433.5253159434,1245.8638841943605,1730328882.5011215
-27485.224900868525,1341.127019062879,1730328882.505144
-27428.362062974225,1371.3689293109096,1730328882.5090933
-27339.335064808736,1309.387541936343,1730328882.5137055
-27436.721615400507,1258.7608407450723,1730328882.518132
-27465.66712447013,1309.6557628698067,1730328882.5228636
-27365.665419777088,1349.8218476559937,1730328882.5251167
-27366.3583238552,1305.16306223429,1730328882.529291
-27439.4261764796,1284.0183119795695,1730328882.5331469
-27368.213518644992,1285.4711753691645,1730328882.5372324
-27359.89866970761,1360.058946616524,1730328882.541428
-27449.707978929044,1343.3174900194992,1730328882.5455475
-27480.44162755509,1271.970721718159,1730328882.5493813
-27486.096618902284,1274.518820586064,1730328882.5524936
-27393.85096953523,1347.9890046106584,1730328882.5579014
-27346.018236400872,1359.9918913831582,1730328882.5614595
-27387.011335731902,1270.8978379843045,1730328882.5656164
-27440.52141195791,1254.759878487573,1730328882.5692337
-27440.990798591472,1328.0288968120692,1730328882.5737429
-27349.79568121381,1346.9831761101696,1730328882.5775175
-27420.42719369259,1275.0105589640807,1730328882.5805235
-27480.77690372192,1247.0261749060364,1730328882.585322
-27448.32217077281,1296.6023441079074,1730328882.589242
-27361.23977437493,1347.5419697215525,1730328882.5932903
-27395.013260246906,1295.708274329695,1730328882.597572
-27463.186080835592,1254.3351953429217,1730328882.6012063
-27428.943208330063,1291.6626085832845,1730328882.6053827
-27399.03657424886,1306.6606291127955,1730328882.608212
-27270.35758141966,1274.0494339525026,1730328882.612508
-27389.24651017744,1270.3390443729215,1730328882.617283
-27525.234523443523,1304.8501378119156,1730328882.6214747
-27420.69541462605,1362.2494175731442,1730328882.6252568
-27400.914120783105,1293.853079539905,1730328882.6294348
-27465.689476214586,1233.3469072993885,1730328882.6332667
-27477.49119728699,1284.644160824318,1730328882.6367817
-27399.461257393512,1337.483684716664,1730328882.6410422
-27346.577030012257,1336.2766905160777,1730328882.6455915
-27379.23292866146,1268.707367027684,1730328882.6494715
-27435.693435155565,1231.8269886764276,1730328882.6536353
-27434.10646129924,1314.908422816804,1730328882.6578171
-27399.975347515985,1371.3912810553647,1730328882.6611135
-27437.41451947862,1283.0571869679914,1730328882.6646943
-27487.527130547423,1259.1855238897233,1730328882.6684933
-27415.91214131262,1333.348611992432,1730328882.6738043
-27324.26998904586,1347.229045299178,1730328882.6778777
-27350.60034401421,1273.3341781299328,1730328882.6816564
-27473.95962166305,1231.0893811094024,1730328882.6843095
-27478.072342642827,1300.4021406653096,1730328882.6886628
-27414.68279536757,1330.8899201023485,1730328882.6924393
-27407.172609230594,1281.5372683450305,1730328882.6968527
-27458.31340054433,1241.5052940255755,1730328882.7004604
-27448.635095195183,1279.2797421550445,1730328882.7058887
-27359.853966218707,1329.7946846240384,1730328882.7094593
-27424.11523152772,1262.7394512581172,1730328882.7127414
-27484.375534579223,1233.3022038104775,1730328882.7163997
-27479.94988917707,1304.4701581561756,1730328882.7209735
-27408.58076913128,1348.3689842663985,1730328882.7247136
-27380.641088562144,1313.3438007049324,1730328882.729632
-27399.573016115788,1235.6267852338297,1730328882.7334492
-27461.44264476808,1250.8483232078938,1730328882.7377937
-27397.60606260372,1361.7800309395827,1730328882.7411616
-27364.927812210062,1329.5935189239406,1730328882.7448883
-27500.178217909124,1236.0514683784806,1730328882.748567
-27455.8323569098,1232.0505061209806,1730328882.7530572
-27371.968611713484,1300.0445127540247,1730328882.7570329
-27404.51275164041,1311.5109576595971,1730328882.7619443
-27403.395164417645,1242.242901592601,1730328882.766003
-27540.45606141759,1236.811427689961,1730328882.7686665
-27509.20832266907,1332.4992457031306,1730328882.772967
-27403.14929522864,1343.74217316415,1730328882.7765832
-27372.013315202395,1285.2253061801562,1730328882.7808228
-27430.552533930844,1244.5674830159526,1730328882.7845268
-27512.78460178192,1320.809283353005,1730328882.789657
-27386.22902467597,1353.3981267688428,1730328882.793701
-27364.547832554323,1283.2360009236338,1730328882.7970104
-27476.46301704205,1237.1467038567905,1730328882.8006496
-27471.38917105069,1276.195201420212,1730328882.805028
-27376.10368443772,1340.0541353290243,1730328882.8085642
-27357.171756884072,1298.6363528533404,1730328882.8129437
-27474.741932718985,1222.90864263876,1730328882.817599
-27519.333662907324,1259.3196343564553,1730328882.8209133
-27347.26993409037,1319.6022891524185,1730328882.8239677
-27377.22127166048,1322.4633124426978,1730328882.8288555
-27466.40473203716,1254.0222709205475,1730328882.832854
-27479.59226126579,1290.0979864714132,1730328882.8370943
-27466.181214592605,1350.64886220084,1730328882.8409908
-27374.31554488129,1319.7587513636056,1730328882.846027
-27403.50692313992,1221.7687036715392,1730328882.848768
-27453.61953420872,1244.9921661606031,1730328882.8519504
-27460.21329882304,1322.3962572093317,1730328882.8572173
-27412.98406278897,1323.6479548988289,1730328882.8613954
-27392.80043754583,1262.8959134693043,1730328882.8650112
-27419.466068681013,1249.4401633072096,1730328882.8687105
-27452.12196733021,1304.1795854782565,1730328882.8738763
-27418.03555703588,1322.798588609527,1730328882.8766017
-27435.08993805528,1257.196218633201,1730328882.879645
-27456.748778432466,1245.1262766273353,1730328882.884664
-27480.77690372192,1281.425509622754,1730328882.8886473
-27436.0287113224,1335.4943794601418,1730328882.8926096
-27429.18907751907,1294.2777626845557,1730328882.8966427
-27462.806101179853,1241.0135556475586,1730328882.9006567
-27433.39120547667,1266.9192274712595,1730328882.9046612
-27335.91524790708,1325.9278328332705,1730328882.9077208
-27398.00839400392,1314.1931669942342,1730328882.913082
-27481.64862175568,1275.1446694308129,1730328882.9166574
-27440.476708469,1295.3059429294997,1730328882.9209032
-27361.79856798632,1340.0094318401136,1730328882.9246492
-27347.85107944621,1316.8083210955049,1730328882.9278965
-27417.81203959132,1240.2088928471676,1730328882.9320092
-27493.67386027264,1253.843456964905,1730328882.936468
-27434.933475844085,1335.9861178381584,1730328882.9408536
-27409.877170309686,1332.029859069569,1730328882.945137
-27450.467938240523,1268.707367027684,1730328882.9490995
-27484.129665390214,1271.2331141511338,1730328882.9528296
-27411.866475566207,1324.0502862990245,1730328882.956019
-27398.969519015496,1325.391390966343,1730328882.9597852
-27409.81011507632,1262.20300939119,1730328882.9640214
-27478.832301954302,1234.0621631219583,1730328882.967772
-27417.54381865785,1298.6587045977956,1730328882.9730237
-27373.04149544733,1333.3709637368877,1730328882.9770725
-27439.403824735145,1272.6636257962734,1730328882.9814048
-27380.4622746065,1238.4878085241091,1730328882.9837584
-27496.87015972974,1292.9143062727817,1730328882.9879177
-27453.552478975354,1310.2145564811894,1730328882.99181
-27426.19394376206,1284.644160824318,1730328882.996457
-27456.458205754545,1248.970776673648,1730328883.0008292
-27481.514511288944,1282.7666142900723,1730328883.005426
-27446.355217260745,1334.7567718931166,1730328883.0088947
-27431.04427230886,1317.233004240156,1730328883.012153
-27460.23565056749,1247.4732097951426,1730328883.0161855
-27484.2861276014,1266.0922129264134,1730328883.0201771
-27360.54687029682,1325.7713706220832,1730328883.0243883
-27321.096041333207,1310.0580942700024,1730328883.0290515
-27387.90540551012,1259.6102070343743,1730328883.0330229
-27504.53680807791,1259.4313930787318,1730328883.0361073
-27524.63102634323,1328.2077107677117,1730328883.040089
-27421.880057082184,1330.6216991688848,1730328883.0444596
-27441.77310964741,1268.1038699273909,1730328883.0481093
-27484.755514234963,1250.0883638964135,1730328883.052248
-27442.10838581424,1323.6926583877396,1730328883.056346
-27379.568204828287,1342.0210888410911,1730328883.0615366
-27376.863643749195,1251.1835993747234,1730328883.0655077
-27479.61461301024,1234.3080323109666,1730328883.067953
-27504.983842967016,1306.7500360906167,1730328883.0720248
-27404.222178962493,1339.3388795064543,1730328883.0759304
-27343.73835846643,1296.5352888745415,1730328883.080413
-27433.681778154587,1276.2399049091227,1730328883.0840204
-27513.07517445984,1306.6606291127955,1730328883.0891316
-27386.94428049854,1344.3680220088986,1730328883.0919473
-27400.08710623826,1289.8297655379497,1730328883.0963948
-27469.5339762609,1223.7356571836065,1730328883.09998
-27446.33286551629,1256.7491837440948,1730328883.104355
-27420.51660067041,1328.5876904234517,1730328883.1084356
-27472.171482106627,1330.2417195131443,1730328883.1125176
-27491.39398233819,1240.4771137806313,1730328883.1170094
-27521.85941003077,1267.2992071269998,1730328883.1204233
-27418.79551634736,1342.9822138526697,1730328883.1244247
-27334.77530893985,1358.4049175268317,1730328883.1282191
-27486.40954332465,1267.746242016106,1730328883.1324136
-27545.440500431123,1252.2788348530337,1730328883.1366637
-27437.123946800704,1317.1659490067898,1730328883.1403782
-27358.535213295843,1347.6313766993735,1730328883.145368
-27434.62055142171,1283.8842015128378,1730328883.1481912
-27478.072342642827,1271.0095967065809,1730328883.152768
-27418.013205291416,1318.2611844851,1730328883.1564631
-27404.49039989596,1351.9899668681585,1730328883.1601765
-27424.51756292791,1313.1202832603792,1730328883.164424
-27475.6360024972,1250.9153784412597,1730328883.1681983
-27506.637872056708,1320.8986903308262,1730328883.1724434
-27399.975347515985,1365.1551443523342,1730328883.1751218
-27382.071600207284,1307.1970709797229,1730328883.1792614
-27493.67386027264,1257.3526808443885,1730328883.184054
-27488.376496836725,1303.553736633508,1730328883.1881983
-27391.36992590069,1367.7702984536052,1730328883.1921265
-27389.64884157764,1330.7558096356163,1730328883.1966453
-27484.91197644615,1246.2438638501003,1730328883.2001228
-27509.78946802491,1284.845326524416,1730328883.2033544
-27418.03555703588,1341.2387777851557,1730328883.2082016
-27377.310678638303,1337.1484085498344,1730328883.212495
-27460.50387150096,1267.0533379379915,1730328883.216193
-27537.59503812731,1269.4002711057988,1730328883.2203283
-27433.882943854685,1348.614853455407,1730328883.224414
-27413.98989128946,1350.2018273117335,1730328883.2273667
-27431.93834208708,1267.4333175937318,1730328883.2313106
-27447.51750797242,1269.8696577393605,1730328883.2353148
-27476.23949959749,1351.453525001231,1730328883.2402737
-27416.58269364628,1375.3028363350436,1730328883.2443018
-27435.91695260012,1294.1213004733684,1730328883.24828
-27537.5503346384,1263.1864861472234,1730328883.2523415
-27458.916897644627,1337.8636643724042,1730328883.2563865
-27380.998716473427,1345.0385743425577,1730328883.2591622
-27435.13464154418,1296.2894196855332,1730328883.2633235
-27527.514401377965,1256.2350936216228,1730328883.2684033
-27503.128648177222,1325.7266671331724,1730328883.272686
-27411.44179242156,1385.159955639834,1730328883.2763033
-27431.513658942426,1338.9588998507145,1730328883.2792869
-27515.265645416457,1263.745279758606,1730328883.2832274
-27446.08699632728,1300.78212032105,1730328883.2877026
-27385.379658386668,1376.12985087989,1730328883.2913067
-27437.48157471199,1340.83644638496,1730328883.2964413
-27450.602048707253,1273.2000676632008,1730328883.3002713
-27454.46890049802,1289.6285998378517,1730328883.3045084
-27443.24832478146,1358.1590483378232,1730328883.307505
-27415.398051190143,1348.883074388871,1730328883.311449
-27423.109403027225,1290.4332626382427,1730328883.3154902
-27502.34633712129,1287.9969224926142,1730328883.31944
-27438.509754956933,1363.9928536406585,1730328883.323621
-27381.93748974055,1358.3602140379207,1730328883.328731
-27452.345484774767,1279.391500877321,1730328883.3327444
-27475.47954028601,1276.038739209025,1730328883.336092
-27471.59033675079,1337.8189608834937,1730328883.3394756
-27392.554568356823,1371.4583362887308,1730328883.343649
-27463.54370874688,1299.3739604203654,1730328883.34793
-27538.757328838987,1264.5052390700864,1730328883.3515048
-27461.06266511234,1323.2679752430888,1730328883.3564866
-27383.16683568559,1386.32224635151,1730328883.360718
-27472.551461762367,1313.030876282558,1730328883.3637557
-27489.807008481865,1249.261349351567,1730328883.3673592
-27464.95186864756,1316.2048239952117,1730328883.3717554
-27396.622585847686,1362.0706036175018,1730328883.3754692
-27414.101650011737,1305.8559663124045,1730328883.3794088
-27512.85165701529,1246.9591196726703,1730328883.3844092
-27459.609801722745,1276.4187188647652,1730328883.388739
-27392.04047823435,1350.1124203339125,1730328883.3914073
-27468.32698206032,1319.7140478746949,1730328883.3959053
-27472.238537339992,1234.5986049888857,1730328883.3994243
-27467.6340779822,1278.96681773267,1730328883.4037771
-27484.263775856947,1332.1416177918456,1730328883.4076293
-27432.34067348727,1301.0726929989687,1730328883.4128015
-27462.53788024639,1250.20012261869,1730328883.41606
-27516.4949913615,1273.0212537075583,1730328883.41871
-27429.323187985803,1337.1707602942895,1730328883.4239967
-27413.43109767808,1337.3719259943875,1730328883.428118
-27441.683702669587,1253.1505528867904,1730328883.431898
-27495.99844169598,1236.7890759455056,1730328883.4360335
-27458.492214499976,1314.483739672153,1730328883.4410026
-27411.061812765816,1328.9453183347366,1730328883.443832
-27415.129830256683,1264.3934803478098,1730328883.4470272
-27513.83513377132,1222.2157385606456,1730328883.4517472
-27501.496970831988,1274.876448497349,1730328883.4559364
-27414.392222689658,1335.3602689934098,1730328883.45951
-27392.331050912268,1273.8259165079496,1730328883.4640331
-27459.05100811136,1179.1215752508135,1730328883.4686546
-27512.24815991499,1242.7346399706173,1730328883.471784
-27490.67872651562,1352.414650012809,1730328883.4745357
-27389.38062064417,1307.8899750578375,1730328883.479605
-27517.92550300664,1221.9922211160924,1730328883.4835477
-27538.086776505326,1248.5684452734524,1730328883.4877572
-27429.770222874908,1327.268937500589,1730328883.4916315
-27410.95005404354,1293.6295620953515,1730328883.4959435
-27491.97512769403,1222.5957182163856,1730328883.4996147
-27468.14816810467,1241.684107981218,1730328883.5030496
-27443.18126954809,1319.3340682189546,1730328883.50691
-27430.70899614203,1321.479835686664,1730328883.5119915
-27491.68455501611,1235.7385439561062,1730328883.5159247
-27541.573648640355,1229.725924697629,1730328883.5199876
-27480.62044151073,1314.1931669942342,1730328883.5240366
-27396.75669631442,1325.5925566664407,1730328883.528082
-27437.36981598972,1241.5276457700309,1730328883.5313368
-27500.35703186477,1225.6579072067627,1730328883.5347357
-27489.42702882612,1311.7344751041503,1730328883.5398304
-27423.154106516136,1354.0239756135911,1730328883.544391
-27426.797440862352,1286.7899282920275,1730328883.548192
-27468.97518264952,1240.7006312251845,1730328883.5506563
-27447.852784139253,1307.375884935365,1730328883.554936
-27439.09090031277,1348.3913360108538,1730328883.558656
-27417.5214669134,1298.5245941310638,1730328883.5631137
-27476.86534844224,1234.3974392887878,1730328883.5676584
-27520.8982850192,1283.973608490659,1730328883.572011
-27443.114214314726,1357.8461239154487,1730328883.5756445
-27380.37286762868,1284.9347335022371,1730328883.5788789
-27404.468048151502,1227.2448810630897,1730328883.5828774
-27513.45515411557,1269.3108641279775,1730328883.587068
-27486.074267157823,1375.2134293572224,1730328883.5908763
-27413.207580233528,1351.677042445784,1730328883.5960712
-27526.530924621933,1251.6976894971956,1730328883.599723
-27535.628084615244,1268.6626635387736,1730328883.604044
-27450.914973129627,1328.1406555343456,1730328883.6073272
-27401.58467311677,1328.9453183347366,1730328883.611038
-27448.746853917462,1278.8997624993042,1730328883.6150627
-27458.916897644627,1259.1408204008128,1730328883.6189384
-27453.23955455298,1329.9958503241362,1730328883.6230907
-27435.04523456636,1333.5721294369853,1730328883.6277623
-27491.326927104823,1301.9667627771812,1730328883.6320972
-27546.6027911428,1272.9989019631032,1730328883.6349103
-27483.615575267744,1322.575071164974,1730328883.6388817
-27414.325167456293,1366.675062975295,1730328883.642754
-27435.87224911121,1300.133919731846,1730328883.6469653
-27512.8963605042,1234.4644945221537,1730328883.6509614
-27413.56520814481,1271.7695560180612,1730328883.6564164
-27316.55863720878,1361.4447547727532,1730328883.6587813
-27491.55044454937,1348.637205199862,1730328883.663422
-27550.849622589307,1267.232151893634,1730328883.667811
-27527.96143626708,1291.2379254386335,1730328883.67245
-27420.538952414867,1372.017129900113,1730328883.6747928
-27402.70226033953,1365.0210338856025,1730328883.679041
-27470.42804603912,1269.0873466834244,1730328883.6828582
-27458.045179610872,1271.5907420624187,1730328883.6870136
-27430.32901648629,1354.64982445834,1730328883.691214
-27446.71284517203,1372.6653304893173,1730328883.6964264
-27464.795406436373,1289.2039166932009,1730328883.6999493
-27513.3433953933,1282.3419311454215,1730328883.703016
-27468.952830905066,1351.453525001231,1730328883.7074776
-27426.52921992889,1354.7839349250717,1730328883.71147
-27459.67685695611,1295.9764952631588,1730328883.7155244
-27477.26767984244,1278.8774107548488,1730328883.719082
-27374.5614140703,1334.354440492921,1730328883.7242718
-27423.04234779386,1374.2076008567335,1730328883.7272556
-27492.22099688304,1305.2971727010215,1730328883.730323
-27527.15677346668,1264.6393495368184,1730328883.7350698
-27522.462907131063,1314.237870483145,1730328883.7390895
-27439.38147299069,1372.2406473446665,1730328883.7432296
-27413.296987211343,1325.3690392218875,1730328883.74737
-27473.42317979612,1265.3993088482987,1730328883.7510045
-27478.76524672094,1314.6849053722508,1730328883.7554429
-27438.643865423663,1363.1881908402672,1730328883.7581575
-27411.15121974364,1321.3010217310216,1730328883.763278
-27472.50675827345,1255.0504511654915,1730328883.7669952
-27521.83705828632,1297.9210970307706,1730328883.77146
-27452.18902256358,1375.772222968605,1730328883.7749195
-27360.457463319,1332.9909840811472,1730328883.7807243
-27481.24629035548,1268.5956083054075,1730328883.7831092
-27556.16933776967,1268.6403117943182,1730328883.7864244
-27461.844976168275,1367.4350222867754,1730328883.7911212
-27393.62745209068,1394.8606127334372,1730328883.795596
-27464.34837154727,1295.5294603740526,1730328883.7992318
-27507.10725869027,1290.2320969381449,1730328883.8032632
-27469.3328105608,1360.550684994541,1730328883.8075745
-27364.32431510977,1357.354385537432,1730328883.8116252
-27467.65642972665,1280.6431985668182,1730328883.8144977
-27522.79818329789,1294.613038851385,1730328883.8192313
-27461.397941279167,1363.1211356069011,1730328883.8236158
-27423.77995536089,1378.9238189368034,1730328883.827685
-27467.701133215563,1315.2213472391782,1730328883.8312967
-27495.75257250697,1272.5742188184522,1730328883.8341827
-27406.323242941293,1323.0221060540805,1730328883.838224
-27399.058925993315,1375.1687258683116,1730328883.842091
-27494.52322656193,1326.8889578448484,1730328883.8466043
-27543.8535265748,1271.724852529151,1730328883.8511248
-27460.81679592333,1337.4613329722088,1730328883.8556006
-27436.63220842269,1375.839278201971,1730328883.8590715
-27435.91695260012,1323.2456234986334,1730328883.86259
-27510.21415116956,1268.8861809833263,1730328883.8661067
-27545.820480086863,1292.4002161503097,1730328883.870508
-27435.73813864448,1358.2037518267337,1730328883.874395
-27386.966632242995,1347.094934832446,1730328883.8792756
-27496.24431088499,1311.935640804248,1730328883.8831587
-27544.92641030865,1298.1222627308682,1730328883.8877127
-27474.36195306325,1356.3709087813984,1730328883.8908112
-27411.53119939938,1357.1532198373343,1730328883.8948307
-27464.25896456945,1289.6733033267622,1730328883.898343
-27489.114104403747,1271.814259506972,1730328883.9027576
-27384.21736767499,1307.8676233133822,1730328883.9075582
-27361.016256930383,1359.74602219415,1730328883.9115818
-27531.02362525745,1342.8481033859375,1730328883.9158907
-27516.58439833932,1327.4701032006865,1730328883.9185224
-27445.90818237164,1364.3281298074878,1730328883.9226935
-27373.220309402983,1387.1716126408116,1730328883.9262211
-27382.406876374112,1318.5964606519296,1730328883.9309187
-27539.15966023918,1275.234076408634,1730328883.9359152
-27524.653378087685,1337.483684716664,1730328883.9393508
-27465.17538609212,1390.0102841866355,1730328883.9434197
-27406.122077241194,1337.8189608834937,1730328883.9468212
-27466.360028548246,1282.453689867698,1730328883.9502964
-27502.83807549931,1329.7946846240384,1730328883.9547048
-27424.29404548336,1386.2775428625994,1730328883.9583929
-27388.28538516586,1347.9443011217477,1730328883.9636607
-27420.404841948133,1267.2768553825445,1730328883.967216
-27497.741877763496,1297.0493789970135,1730328883.9705524
-27467.410560537646,1374.2523043456442,1730328883.974434
-27411.419440677106,1357.5331994930746,1730328883.978439
-27397.56135911481,1294.0542452400025,1730328883.982483
-27403.104591739728,1298.5692976199743,1730328883.986513
-27528.78845081192,1365.1998478412447,1730328883.9909377
-27455.206508065046,1386.4340050737865,1730328883.995759
-27471.836205939795,1303.5313848890526,1730328883.998361
-27557.152814525703,1262.1583059022792,1730328884.0026915
-27484.889624701696,1345.709126676217,1730328884.0068808
-27427.15506877364,1372.9782549116917,1730328884.011063
-27454.89358364267,1298.390483664332,1730328884.0144055
-27505.162656922657,1268.6179600498629,1730328884.0186193
-27488.42120032564,1318.2164809961894,1730328884.023828
-27427.17742051809,1352.705222690728,1730328884.0264492
-27419.242551236457,1296.423530152265,1730328884.0304673
-27463.119025602227,1259.8337244789273,1730328884.0344849
-27490.00817418196,1311.9579925487033,1730328884.038804
-27433.57001943231,1368.8878856763704,1730328884.0423343
-27394.38741140216,1323.5361961765525,1730328884.0463915
-27491.93042420512,1279.972646233159,1730328884.0516896
-27527.15677346668,1302.9949430221252,1730328884.0549967
-27453.44072025308,1363.1211356069011,1730328884.0577989
-27396.55553061432,1335.4943794601418,1730328884.0625186
-27394.007431746417,1269.422622850254,1730328884.06636
-27458.648676711164,1260.548980301497,1730328884.070712
-27477.424142053624,1344.5915394534516,1730328884.0743763
-27480.352220577268,1342.8928068748482,1730328884.0786493
-27499.619424297744,1266.1145646708685,1730328884.081784
-27518.551351851387,1269.8920094838154,1730328884.0860944
-27469.66808672763,1340.5011702181305,1730328884.0908897
-27416.6721006241,1342.870455130393,1730328884.0949805
-27466.091807614783,1286.9240387587597,1730328884.0991545
-27500.267624886947,1269.8026025059942,1730328884.1027412
-27446.24345853847,1305.3642279343878,1730328884.1060069
-27395.95203351403,1319.512882174597,1730328884.1096327
-27468.192871593583,1283.1242422013572,1730328884.1138065
-27509.58830232481,1246.4673812946537,1730328884.1187484
-27519.49012511851,1302.391445921832,1730328884.122919
-27407.306719697324,1359.2766355605884,1730328884.1266837
-27445.86347888273,1299.9774575206588,1730328884.1307626
-27508.78363952442,1239.5383405135085,1730328884.1346076
-27491.81866548284,1290.835594038438,1730328884.1379144
-27434.39703397716,1351.0735453454906,1730328884.1414757
-27412.33586219977,1320.7645798640942,1730328884.1470642
-27473.26671758493,1224.0932850948914,1730328884.1504693
-27511.4434971146,1250.8706749523492,1730328884.1550193
-27463.677819213608,1332.0075073251137,1730328884.1585658
-27436.92278110061,1318.5070536741084,1730328884.1630366
-27464.683647714097,1255.005747676581,1730328884.165614
-27462.403769779656,1275.0776141974468,1730328884.1697
-27438.263885767927,1355.9462256367476,1730328884.1745255
-27465.801234936866,1336.0308213270691,1730328884.178759
-27479.59226126579,1269.7802507615388,1730328884.182658
-27524.72043332105,1255.3186720989552,1730328884.186869
-27476.15009261967,1306.6382773683404,1730328884.1896951
-27401.22704520548,1313.6567251273068,1730328884.1938398
-27442.86834512572,1264.7511082590947,1730328884.19797
-27522.440555386613,1229.81533167545,1730328884.2018635
-27472.50675827345,1302.391445921832,1730328884.207254
-27416.247417479448,1347.2066935547225,1730328884.211171
-27412.20175173304,1292.5566783614968,1730328884.2138827
-27522.14998270869,1246.065049894458,1730328884.2177303
-27513.25398841548,1284.8900300133264,1730328884.2220075
-27418.88492332517,1332.5663009364964,1730328884.225664
-27428.80909786333,1285.1806026912454,1730328884.2297287
-27450.914973129627,1217.2536512915674,1730328884.2346704
-27421.701243126543,1272.5965705629076,1730328884.238659
-27452.81487140833,1350.514751734108,1730328884.2416203
-27459.095711600272,1297.1387859748347,1730328884.2457356
-27475.323078074824,1205.3401714968886,1730328884.2496126
-27517.366709395257,1248.2555208510782,1730328884.2538004
-27437.638036923177,1359.321339049499,1730328884.2576268
-27440.34259800227,1318.0600187850025,1730328884.2627397
-27486.878929958217,1228.9883171306035,1730328884.2666025
-27505.29676738939,1235.7385439561062,1730328884.269798
-27435.46991771101,1326.777199122572,1730328884.273986
-27405.89855979664,1345.3738505093877,1730328884.2778156
-27455.29591504287,1250.4683435521536,1730328884.2819476
-27530.5989421128,1235.9620614006594,1730328884.2859342
-27460.50387150096,1318.7529228631167,1730328884.2908056
-27371.34276286873,1327.8500828564268,1730328884.294819
-27417.47676342449,1253.9552156871816,1730328884.2978685
-27455.72059818752,1237.4819800236205,1730328884.30172
-27485.090790401795,1313.9472978052256,1730328884.3058653
-27478.877005443217,1351.609987212418,1730328884.3097398
-27439.29206601287,1285.292361413522,1730328884.3138745
-27521.30061641939,1231.3352502984108,1730328884.318784
-27533.549372380898,1253.3070150979777,1730328884.3218365
-27415.8227343348,1317.7694461070832,1730328884.324787
-27413.36404244471,1275.8599252533825,1730328884.3298967
-27481.134531633204,1227.133122340813,1730328884.3338523
-27486.118970646738,1273.4012333632986,1730328884.3378787
-27419.890751825664,1321.2116147532004,1730328884.3417206
-27420.941283815064,1288.4886608706308,1730328884.3467872
-27463.789577935884,1226.976660129626,1730328884.3498127
-27527.82732580034,1235.8503026783828,1730328884.3529823
-27499.261796386458,1291.170870205268,1730328884.3578193
-27421.410670448626,1277.2010299207009,1730328884.3619375
-27430.06079555283,1222.5733664719305,1730328884.3658504
-27486.253081113467,1217.074837335925,1730328884.369977
-27420.069565781305,1277.8492305099048,1730328884.3747704
-27437.123946800704,1293.7636725620837,1730328884.3778734
-27475.34542981928,1232.7657619435504,1730328884.3808422
-27524.653378087685,1197.4053022152546,1730328884.386027
-27488.57766253682,1264.6840530257289,1730328884.3900423
-27443.33773175928,1284.9123817577818,1730328884.3940244
-27469.35516230525,1218.7065146811624,1730328884.3979983
-27493.47269457253,1176.685235105185,1730328884.4018495
-27454.51360398693,1221.5675379714417,1730328884.4058695
-27389.626489833176,1296.6917510857286,1730328884.4088786
-27433.63707466568,1279.615018321874,1730328884.414101
-27492.06453467185,1197.0029708150591,1730328884.4181557
-27497.83128474132,1241.192369603201,1730328884.4221516
-27455.407673765145,1309.6110593808962,1730328884.426201
-27378.137693183147,1275.032910708536,1730328884.4291313
-27462.29201105738,1192.264400990534,1730328884.432973
-27494.16559865065,1196.555935925953,1730328884.4371169
-27436.341635744768,1302.614963366385,1730328884.4409184
-27452.837223152783,1282.7219108011618,1730328884.4462335
-27460.995609878973,1209.1846715432014,1730328884.4499404
-27505.25206390048,1218.90768038126,1730328884.4542854
-27452.569002219323,1281.1349369448349,1730328884.4573305
-27420.60600764823,1271.0095967065809,1730328884.4612005
-27500.96052896506,1199.819290616428,1730328884.465074
-27528.833154300828,1182.8096130859392,1730328884.4690475
-27476.95475542006,1255.7210034991508,1730328884.4740877
-27415.129830256683,1293.5625068619856,1730328884.4781516
-27362.04443717533,1270.2049339061898,1730328889.4797113
-27426.082185039784,1204.4461017186763,1730328889.4835496
-27464.907165158653,1212.71624716714,1730328889.4877071
-27417.297949468848,1278.8774107548488,1730328889.4926507
-27367.52061456688,1283.191297434723,1730328889.4964824
-27416.180362246083,1214.1244070678244,1730328889.500558
-27466.181214592605,1199.4169592162325,1730328889.5035472
-27427.57975191829,1264.0582041809805,1730328889.50862
-27377.35538212721,1280.263218911078,1730328889.5125134
-27413.36404244471,1206.7036279086624,1730328889.5165944
-27477.11121763125,1174.584171126386,1730328889.5197947
-27446.95871436104,1248.2108173621675,1730328889.5235715
-27387.14544619864,1278.0503962100026,1730328889.5278025
-27412.33586219977,1213.789130900995,1730328889.5315917
-27479.033467654404,1170.1808774686906,1730328889.5372243
-27467.25409832646,1231.7375816986064,1730328889.54084
-27403.819847562296,1280.7326055446397,1730328889.5437217
-27409.161914487115,1227.423695018732,1730328889.5475724
-27477.3347350758,1170.2479327020565,1730328889.551734
-27481.46980780004,1216.9630786136483,1730328889.5557275
-27414.01224303392,1277.5586578319858,1730328889.5597389
-27405.5185801409,1235.6267852338297,1730328889.5637438
-27471.25506058396,1171.365519924822,1730328889.5687437
-27486.63306076921,1198.1429097822795,1730328889.5717475
-27417.99085354696,1267.8580007383823,1730328889.5757585
-27393.918024768594,1250.8706749523492,1730328889.5797672
-27448.657446939644,1181.6920258631735,1730328889.5837755
-27487.325964847325,1182.13906075228,1730328889.587799
-27427.87032459621,1256.3692040883548,1730328889.5917933
-27392.822789290287,1258.6043785338854,1730328889.596784
-27433.94999908805,1188.4199009442211,1730328889.5997808
-27472.39499955118,1172.6619211032298,1730328889.603788
-27436.073414811304,1248.9484249291927,1730328889.60781
-27383.70327755252,1276.6422363093182,1730328889.611802
-27409.251321464937,1216.9630786136483,1730328889.615816
-27472.685572229097,1187.3917206992771,1730328889.6198275
-27454.20067956456,1242.4217155482431,1730328889.624849
-27387.90540551012,1276.5304775870416,1730328889.6278353
-27409.318376698306,1213.3867995007993,1730328889.6316988
-27480.732200233007,1165.2187901996124,1730328889.6357522
-27465.57771749231,1217.8571483918606,1730328889.6397302
-27401.62937660568,1257.5314948000307,1730328889.643938
-27399.461257393512,1206.457758719654,1730328889.6476896
-27469.422217538624,1153.9982144830483,1730328889.65178
-27482.453284556068,1201.786244128495,1730328889.654913
-27410.63712962117,1255.519837799053,1730328889.659976
-27372.52740532487,1218.8853286368048,1730328889.663973
-27398.902463782128,1157.1498104512466,1730328889.6679668
-27465.06362736984,1203.4626249626428,1730328889.6719935
-27488.376496836725,1292.9590097616924,1730328889.67595
-27409.363080187213,1286.7675765475724,1730328889.6799564
-27401.025879505385,1232.6763549657292,1730328889.682963
-27481.29099384439,1195.8630318478386,1730328889.686976
-27487.035392169404,1270.5402100730194,1730328889.6920223
-27426.640978651165,1286.4993556141087,1730328889.6960113
-27462.046141868374,1212.4480262336765,1730328889.7000942
-27515.93619775012,1196.8912120927826,1730328889.7040958
-27471.791502450884,1264.3040733699886,1730328889.7080092
-27374.673172792576,1266.7627652600725,1730328889.7110412
-27350.39917831412,1172.4384036586766,1730328889.7148864
-27448.500984728456,1160.3684616528108,1730328889.7200303
-27480.553386277366,1225.9708316291371,1730328889.7239046
-27318.59264595421,1228.7424479415952,1730328889.7280228
-27276.97369777843,1151.0254324704924,1730328889.7318702
-27468.0364093824,1177.355787438844,1730328889.7360046
-27525.323930421346,1335.293213760044,1730328889.7410517
-27398.343670170747,1357.4884960041638,1730328889.7439342
-27436.408690978136,1223.3556775278662,1730328889.747924
-27562.53958493944,1155.428726128188,1730328889.7520556
-27587.84175966284,1263.4100035917763,1730328889.7560363
-27543.4511951746,1306.1912424792342,1730328889.7602873
-27481.24629035548,1240.2759480805337,1730328889.7630775
-27444.164746304126,1134.686307273663,1730328889.767322
-27495.976089951528,1192.197345757168,1730328889.77112
-27414.68279536757,1363.2105425847224,1730328889.7761643
-27416.78385934637,1355.7674116811052,1730328889.780176
-27496.02079344044,1195.2818864920005,1730328889.7841468
-27394.99090850245,1180.350921195855,1730328889.7871974
-27481.5368630334,1296.937620274737,1730328889.791217
-27515.690328561108,1318.4399984407423,1730328889.79527
-27531.76123282448,1281.4925648561198,1730328889.7991557
-27494.90320621768,1260.548980301497,1730328889.802991
-27490.097581159785,1293.87543128436,1730328889.8082016
-27470.49510127248,1339.2494725286333,1730328889.8122053
-27439.76145264643,1277.379843876343,1730328889.8150368
-27497.697174274588,1194.14194752478,1730328889.819228
-27599.84464643534,1192.3761597128105,1730328889.823017
-27521.278264674937,1231.8046369319725,1730328889.8272133
-27482.05095315587,1280.8890677558263,1730328889.8310025
-27515.73503205002,1290.5003178716086,1730328889.836178
-27515.712680305565,1341.0599638295132,1730328889.8401024
-27438.95678984604,1400.470900591719,1730328889.8431392
-27376.081332693266,1284.130070701846,1730328889.8470972
-27477.021810653427,1198.366427226833,1730328889.8512812
-27431.53601068688,1244.8357039494165,1730328889.8551517
-27276.012572766853,1361.8247344284937,1730328889.8612423
-27265.82017729523,1382.030711416091,1730328889.8641243
-27465.287144814392,1252.5023522975866,1730328889.86853
-27631.8746962398,1204.848433118872,1730328889.8714392
-27541.037206773428,1305.3642279343878,1730328889.8752875
-27437.61568517872,1315.1989954947228,1730328889.879315
-27391.59344334524,1253.1505528867904,1730328889.8834815
-27373.60028905872,1275.7258147866503,1730328889.8872252
-27245.949476474463,1370.3631008104207,1730328889.891222
-27228.358653588137,1352.5264087350856,1730328889.8963668
-27540.83604107333,1287.2146114366783,1730328889.899233
-27513.96924423805,1307.5994023799185,1730328889.9033787
-27494.858502728763,1310.840405325938,1730328889.9071865
-27390.028821233373,1320.004620552614,1730328889.9113705
-27153.79323408523,1238.8677881798492,1730328889.915286
-27173.663934906,1216.650154191274,1730328889.9203863
-27466.71765645953,1380.6896067487726,1730328889.9231596
-27541.975980040548,1420.1404357123895,1730328889.9263852
-27495.46199982905,1286.5440591030192,1730328889.931218
-27413.878132567184,1254.4693058096536,1730328889.9354548
-27360.18924238554,1338.2436440281444,1730328889.9391584
-27273.173901221027,1316.584803650952,1730328889.9433932
-27188.48314147987,1252.7929249755057,1730328889.948325
-27227.39752857656,1321.0551525420133,1730328889.9514298
-27470.49510127248,1322.418608953787,1730328889.9544208
-27679.685077629696,1410.8197582745263,1730328889.9593253
-27556.281096491944,1373.0006066561468,1730328889.9642065
-27491.37163059373,1318.6188123963848,1730328889.968564
-27451.87609814121,1328.8335596124602,1730328889.971568
-27384.41853337509,1348.7936674110497,1730328889.9765472
-27154.75435909681,1321.5021874311194,1730328889.9795663
-27049.87997411251,1317.680039129262,1730328889.982283
-27425.232818750483,1324.9220043327814,1730328889.9874177
-27499.015927197448,1355.096859347446,1730328889.9917004
-27413.587559889267,1424.834302048004,1730328889.995612
-27477.35708682026,1319.3340682189546,1730328889.9996266
-27562.65134366171,1241.1253143698352,1730328890.003595
-27521.07709897484,1322.798588609527,1730328890.0074077
-27370.873376235173,1392.424272587809,1730328890.010565
-27393.403934646125,1324.8325973549602,1730328890.0144193
-27460.12389184521,1250.6918609967067,1730328890.01952
-27374.18143441456,1333.482722459164,1730328890.0233936
-27248.877554998107,1417.7935025445822,1730328890.0275545
-27304.600453925188,1312.7179518601838,1730328890.0307767
-27446.31051377184,1163.140077965269,1730328890.034486
-27521.412375141663,1211.3080872664557,1730328890.038762
-27517.5455233509,1452.215189005755,1730328890.0427885
-27400.958824272016,1412.2502699196662,1730328890.0476763
-27471.232708839503,1272.0824804404356,1730328890.0516613
-27525.54744786589,1302.3690941773766,1730328890.0557096
-27376.953050727017,1336.7237254051836,1730328890.058588
-27379.210576917005,1297.8540417974043,1730328890.0626287
-27287.479017672424,1242.1087911258687,1730328890.066596
-27441.14726080266,1283.839498023927,1730328890.070638
-27437.25805726744,1344.6585946868177,1730328890.0755792
-27325.968721624464,1387.216316129722,1730328890.0796175
-27553.97886681305,1283.191297434723,1730328890.0839076
-27535.4492706596,1314.483739672153,1730328890.0868373
-27448.657446939644,1367.3009118200437,1730328890.090694
-27295.279776487325,1365.1774960967894,1730328890.0944874
-27241.76970026132,1284.9794369911476,1730328890.0985262
-27596.871864422785,1213.297392522978,1730328890.1036704
-27402.836370806264,1219.689991437196,1730328890.107674
-27435.00053107745,1352.1017255904349,1730328890.111686
-27435.358158988736,1422.5544241135626,1730328890.114537
-27479.27933684341,1293.093120228424,1730328890.118708
-27492.936252705607,1265.712233270673,1730328890.122486
-27391.48168462297,1350.9617866232145,1730328890.1267197
-27367.27474537787,1340.4788184736751,1730328890.130725
-27453.91010688664,1280.285570655533,1730328890.135756
-27456.368798776723,1280.9784747336478,1730328890.1387608
-27372.974440213973,1335.2485102711332,1730328890.1428173
-27459.16276683364,1331.001678824625,1730328890.1467948
-27504.983842967016,1261.6218640353518,1730328890.1508183
-27528.78845081192,1241.170017858746,1730328890.1548126
-27402.09876323924,1311.332143703955,1730328890.1588058
-27355.27185860537,1337.9307196057705,1730328890.1638212
-27395.79557130284,1284.7335678021393,1730328890.1668308
-27450.937324874085,1244.8357039494165,1730328890.1698096
-27448.366874261723,1338.3777544948764,1730328890.1748292
-27443.024807336904,1343.093972574946,1730328890.178808
-27482.60974676725,1251.6082825193744,1730328890.1828356
-27522.35114840879,1185.6035811428526,1730328890.1867514
-27399.684774838064,1294.1883557067342,1730328890.19183
-27391.682850323064,1363.098783862446,1730328890.1948793
-27398.43307714857,1308.6052308804074,1730328890.1987154
-27569.49097746504,1242.8240469484383,1730328890.202902
-27437.66038866763,1283.101890456902,1730328890.2066453
-27344.69948347801,1377.5603625250296,1730328890.2108188
-27403.79749581784,1328.8782631013707,1730328890.2146668
-27463.230784324503,1245.2380353496117,1730328890.218898
-27573.69310542263,1251.0494889079916,1730328890.2227278
-27456.01117086544,1323.9161758322923,1730328890.225917
-27371.09689367973,1352.258187801622,1730328890.2308354
-27445.23763003798,1269.6684920392624,1730328890.2349255
-27536.03041601544,1263.8570384808825,1730328890.23875
-27384.57499558628,1384.2211823727112,1730328890.242838
-27320.11256457717,1353.0852023464683,1730328890.2478783
-27325.544038479813,1256.302148854989,1730328890.2509055
-27538.69027360561,1259.6772622677402,1730328890.253972
-27598.63765223476,1313.969649549681,1730328890.2589622
-27440.633170680187,1305.7665593345832,1730328890.2629876
-27443.04715908136,1285.1806026912454,1730328890.2670074
-27462.895508157675,1306.1912424792342,1730328890.270842
-27412.537027899867,1365.2221995857,1730328890.273744
-27475.39013330819,1389.004455686147,1730328890.277979
-27415.84508607925,1328.319469489988,1730328890.2817698
-27507.040203456905,1255.9221691992486,1730328890.2869074
-27363.3631900982,1329.2358910126557,1730328890.2908256
-27287.16609325005,1371.7489089666497,1730328890.294792
-27556.83989010333,1288.868640526371,1730328890.2989433
-27582.812617160394,1233.324555554933,1730328890.3018029
-27538.13147999424,1282.364282889877,1730328890.3057606
-27487.37066833624,1353.8004581690382,1730328890.309972
-27482.36387757825,1331.4487137137312,1730328890.3148425
-27506.392002867706,1265.622826292852,1730328890.319018
-27405.049193507337,1304.4701581561756,1730328890.3228168
-27326.1028320912,1316.383637950854,1730328890.327078
-27457.46403425504,1296.870565041371,1730328890.330323
-27578.65519269171,1274.384710119332,1730328890.3342476
-27518.86427627376,1339.9200248622924,1730328890.3380616
-27357.529384795354,1377.001568913647,1730328890.341958
-27399.304795182325,1348.5254464775858,1730328890.3471005
-27492.62332828324,1316.1377687618458,1730328890.3509002
-27546.53573590944,1295.3506464184102,1730328890.3551068
-27491.77396199393,1378.4097288143312,1730328890.358137
-27387.681888065566,1349.128943577879,1730328890.361979
-27382.51863509639,1294.97066676267,1730328890.3660138
-27473.40082805167,1297.4740621416645,1730328890.3700888
-27489.04704917038,1348.0560598440245,1730328890.3751285
-27406.345594685747,1372.3077025780324,1730328890.3791285
-27474.987801907995,1280.576143333452,1730328890.382018
-27546.22281148706,1239.5383405135085,1730328890.386042
-27548.569744654866,1322.0833327869575,1730328890.390013
-27395.43794339156,1393.452452832753,1730328890.3941145
-27457.08405459929,1320.7869316085496,1730328890.39792
-27570.005067587503,1278.7656520325725,1730328890.4021392
-27509.431840113622,1313.2096902382004,1730328890.4071753
-27445.505850971444,1348.1678185663009,1730328890.4104505
-27421.254208237435,1326.754847378117,1730328890.4141526
-27481.00042116647,1257.643253522307,1730328890.4185245
-27462.22495582401,1290.2097451936895,1730328890.4222164
-27442.711882914533,1359.4107460273203,1730328890.426386
-27405.339766185258,1343.6304144418734,1730328890.430406
-27496.177255651623,1233.7715904440392,1730328890.4354196
-27445.997589349463,1251.831799963927,1730328890.4382222
-27455.51943248742,1366.9432839087588,1730328890.4422936
-27448.03159809489,1364.0375571295688,1730328890.4461415
-27467.991705893484,1310.8851088148483,1730328890.4508183
-27561.801977372408,1274.1388409303238,1730328890.4543767
-27503.62038655524,1316.3612862063987,1730328890.4583995
-27404.55745512932,1342.8257516414824,1730328890.4631755
-27367.967649455983,1304.648972111818,1730328890.4661517
-27548.0556545324,1278.2739136545556,1730328890.470332
-27542.35595969629,1323.5138444320971,1730328890.4742808
-27470.40569429465,1375.7498712241495,1730328890.478504
-27439.493231712968,1333.7956468815385,1730328890.4821105
-27511.91288374816,1284.3982916353098,1730328890.4865038
-27466.47178727052,1355.2533215586332,1730328890.4914448
-27345.16887011157,1398.2357261461889,1730328890.494396
-27428.0267868074,1320.6081176529071,1730328890.4981716
-27522.52996236443,1241.0582591364694,1730328890.502362
-27511.73406979252,1289.5615446044856,1730328890.5062227
-27297.537302677312,1370.2513420881442,1730328890.5108004
-27359.429283074056,1314.7966640945274,1730328890.5142677
-27593.02736437647,1237.2361108346115,1730328890.5187216
-27543.473546919056,1276.2399049091227,1730328890.521319
-27499.46296208656,1380.8237172155043,1730328890.525794
-27404.42334466259,1378.4767840476973,1730328890.530348
-27518.529000106933,1267.8132972494718,1730328890.534415
-27525.63685484372,1281.5149166005751,1730328890.5383952
-27364.70429476551,1387.6186475299178,1730328890.5422792
-27314.7481459079,1347.005527854625,1730328890.5464249
-27301.650023657086,1234.4644945221537,1730328890.549282
-27472.663220484643,1265.3993088482987,1730328890.5533583
-27588.55701548541,1373.3135310785212,1730328890.558458
-27490.142284648693,1365.1551443523342,1730328890.5624025
-27521.47943037503,1277.4245473652538,1730328890.5663624
-27513.20928492657,1257.263273866567,1730328890.570371
-27481.46980780004,1331.6945829027395,1730328890.5732195
-27466.695304715075,1327.000716567125,1730328890.5774767
-27447.741025416974,1304.872489556371,1730328890.5813327
-27498.032450441417,1256.3692040883548,1730328890.5864952
-27412.827600577784,1308.3593616913988,1730328890.5902483
-27395.28148118037,1369.580789754485,1730328890.5944717
-27441.795461391863,1306.9512017907143,1730328890.598278
-27458.983952878,1251.6082825193744,1730328890.6024256
-27450.646752196164,1305.319524445477,1730328890.6055765
-27399.19303646005,1372.7547374671385,1730328890.6095169
-27408.42430692009,1319.4011234523207,1730328890.6143117
-27489.5387875484,1199.1487382827686,1730328890.6184895
-27500.066459186848,1301.6538383548068,1730328890.6223824
-27436.92278110061,1368.2843885760772,1730328890.6255443
-27447.07047308332,1323.8938240878374,1730328890.629554
-27444.567077704323,1270.6072653063852,1730328890.6335824
-27491.885720716207,1289.002750993103,1730328890.637604
-27335.8034891848,1332.83452186996,1730328890.6425347
-27406.23383596347,1312.0473995265245,1730328890.6466782
-27516.60675008377,1270.875486239849,1730328890.6503932
-27565.69118090763,1265.1981431482009,1730328890.6539867
-27444.947057360063,1316.3612862063987,1730328890.6575289
-27339.91621016457,1368.0161676426137,1730328890.661762
-27490.81283698236,1292.8248992949605,1730328890.6653888
-27439.604990435244,1240.7900382030057,1730328890.6700425
-27420.270731481403,1291.036759738536,1730328890.6745377
-27508.87304650224,1352.5264087350856,1730328890.678799
-27412.98406278897,1323.6926583877396,1730328890.6815205
-27466.985877392995,1277.2457334096114,1730328890.685698
-27524.11693622076,1281.0455299670136,1730328890.6895328
-27435.00053107745,1332.4992457031306,1730328890.693745
-27410.88299881017,1338.9141963618038,1730328890.697435
-27495.931386462617,1261.845381479905,1730328890.702616
-27472.59616525128,1277.3127886429777,1730328890.706508
-27344.297152077816,1358.7625454381164,1730328890.7098253
-27336.295227562816,1328.9453183347366,1730328890.7138937
-27570.183881543147,1232.877520665827,1730328890.7177598
-27554.09062553533,1273.5129920855752,1730328890.7219827
-27400.98117601648,1344.1668563088008,1730328890.7259724
-27302.49938994639,1355.3427285364544,1730328890.7307332
-27405.94326328555,1307.3088297019997,1730328890.7347856
-27526.553276366387,1274.719986286162,1730328890.7380197
-27440.744929402463,1335.74024864915,1730328890.7415757
-27351.025027158863,1373.872324689904,1730328890.7455611
-27417.163839002114,1306.3924081793318,1730328890.7495728
-27472.01501989544,1265.8463437374048,1730328890.753503
-27461.509700001443,1315.2213472391782,1730328890.758524
-27338.440995030523,1339.8306178844712,1730328890.761447
-27450.33382777379,1281.6490270673069,1730328890.765479
-27484.06261015685,1288.4439573817203,1730328890.7695096
-27503.73214527752,1354.3816035248765,1730328890.773559
-27456.793481921373,1372.5312200225856,1730328890.7775917
-27432.228914765,1302.7267220886615,1730328890.7815888
-27469.57867974981,1249.9989569185925,1730328890.7855916
-27495.238482384502,1282.5430968455194,1730328890.789581
-27421.90240882664,1337.8189608834937,1730328890.792624
-27403.484571395467,1309.4098936807984,1730328890.7975535
-27395.92968176957,1246.4673812946537,1730328890.8015604
-27370.51574832389,1292.355512661399,1730328890.805557
-27489.76230499296,1385.383473084387,1730328890.809597
-27445.796423649364,1345.9773476096807,1730328890.8136525
-27525.525096121444,1257.5985500333966,1730328890.81757
-27460.548574989865,1288.3769021483545,1730328890.82061
-27433.16768803212,1348.9277778777812,1730328890.825593
-27475.41248505265,1318.3058879740106,1730328890.8295774
-27434.39703397716,1258.2020471336898,1730328890.8337011
-27524.094584476305,1263.8570384808825,1730328890.837595
-27468.6846099716,1342.7139929192058,1730328890.8416097
-27271.16224422005,1375.2134293572224,1730328890.8456118
-27395.90733002512,1288.0192742370696,1730328890.8486412
-27568.954535598103,1256.5703697884524,1730328890.8526375
-27478.76524672094,1360.6177402279068,1730328890.857638
-27348.32046607977,1381.5389730380743,1730328890.8616333
-27337.9045531636,1300.7150650876838,1730328890.8656447
-27462.694342457577,1279.324445643955,1730328890.86864
-27431.75952813143,1301.0279895100582,1730328890.872671
-27412.00058603294,1396.7828627565937,1730328890.8766675
-27492.73508700551,1350.1794755672784,1730328890.8806975
-27507.509590090467,1250.7365644856172,1730328890.8857007
-27464.661295969643,1292.7354923171392,1730328890.889704
-27389.13475145516,1380.868420704415,1730328890.893714
-27397.80722830382,1322.485664187153,1730328890.8966992
-27421.723594871,1231.938747398704,1730328890.9007535
-27464.43777852509,1294.389521406832,1730328890.904785
-27407.84316156425,1357.7790686820829,1730328890.908786
-27436.11811830021,1332.029859069569,1730328890.9137423
-27479.61461301024,1258.8949512118045,1730328890.917801
-27512.15875293717,1268.9532362166926,1730328890.9220245
-27369.21934714548,1372.5312200225856,1730328890.9254737
-27349.16983236908,1354.8286384139824,1730328890.9293325
-27498.390078352702,1270.4284513507428,1730328890.9330397
-27431.08897579777,1273.3341781299328,1730328890.9372036
-27386.94428049854,1315.3107542169994,1730328890.9419794
-27472.350296062268,1376.4427753022642,1730328890.9461775
-27465.06362736984,1278.4303758657427,1730328890.9504864
-27467.499967515465,1273.3118263854774,1730328890.953168
-27417.54381865785,1328.8559113569154,1730328890.956948
-27323.17475356755,1352.3475947794432,1730328890.9610684
-27512.225808170537,1263.9464454587037,1730328890.964912
-27533.59407586981,1258.5596750449747,1730328890.9695065
-27465.35420004776,1290.6567800827956,1730328890.9739618
-27322.638311700623,1344.9715191091918,1730328890.9783993
-27399.6177196047,1350.1124203339125,1730328890.980889
-27484.30847934586,1273.3341781299328,1730328890.985478
-27465.801234936866,1318.3729432073765,1730328890.9889352
-27451.16084231864,1367.2338565866778,1730328890.9932864
-27360.18924238554,1370.0278246435912,1730328890.9978783
-27437.86155436773,1253.9775674316368,1730328891.001943
-27446.355217260745,1268.4838495831311,1730328891.0049949
-27438.04036832337,1365.4904205191638,1730328891.0089197
-27434.3746822327,1371.3018740775435,1730328891.0129025
-27452.412540008136,1271.5683903179636,1730328891.0168705
-27476.70888623105,1261.7783262465389,1730328891.0209086
-27402.59050161725,1349.374812766887,1730328891.0249643
-27412.04528952185,1374.2523043456442,1730328891.0299237
-27433.614722921226,1319.0881990299465,1730328891.0329118
-27491.57279629384,1266.0475094375026,1730328891.0369282
-27448.32217077281,1321.5021874311194,1730328891.0409267
-27376.28249839336,1371.5700950110072,1730328891.044923
-27372.59446055824,1305.6324488678515,1730328891.0489252
-27458.268697055424,1254.7822302320278,1730328891.05294
-27445.774071904907,1306.6382773683404,1730328891.0579598
-27318.123259320648,1392.6254382879065,1730328891.0609806
-27424.2716937389,1331.1804927802675,1730328891.0649445
-27489.20351138157,1248.523741784542,1730328891.06895
-27504.87208424474,1318.7529228631167,1730328891.073032
-27446.62343819421,1365.2445513301554,1730328891.0769784
-27389.17945494407,1303.1514052333123,1730328891.0809765
-27446.91401087213,1235.291509067,1730328891.085987
-27450.937324874085,1296.3788266633544,1730328891.0890048
-27478.40761880965,1381.740138738172,1730328891.0920205
-27412.08999301076,1345.2173882982,1730328891.096975
-27447.09282482777,1263.3429483584105,1730328891.1009989
-27442.443661981066,1290.165041704779,1730328891.1050112
-27416.560341901823,1364.2163710852112,1730328891.1090324
-27374.98609721495,1400.470900591719,1730328891.1130335
-27498.72535451953,1299.418663909276,1730328891.1160564
-27499.75353476448,1280.8443642669158,1730328891.1210492
-27400.936472527563,1376.710996235728,1730328891.125094
-27423.757603616432,1340.7470394071388,1730328891.1290665
-27424.22699025,1272.3730531183546,1730328891.1331196
-27469.55632800536,1292.3331609169438,1730328891.1370883
-27435.693435155565,1339.875321373382,1730328891.141078
-27429.949036830552,1378.7226532367056,1730328891.14407
-27449.037426595383,1303.2855157000442,1730328891.1481185
-27414.28046396738,1257.7550122445837,1730328891.153119
-27362.357361597704,1324.4749694436753,1730328891.15714
-27365.41955058808,1395.061778433535,1730328891.1611078
-27428.42911820759,1304.2689924560775,1730328891.1651316
-27564.43948321813,1264.2370181366227,1730328891.169144
-27531.269494446457,1327.0901235449462,1730328891.172101
-27425.501039683943,1384.7352724951832,1730328891.1762187
-27396.019088747395,1339.7188591621948,1730328891.1812737
-27487.54948229188,1251.6082825193744,1730328891.1857984
-27476.53007227541,1302.1455767328237,1730328891.1892085
-27384.28442290836,1360.6847954612726,1730328891.1938534
-27386.78781828736,1321.3010217310216,1730328891.1967592
-27480.888662444195,1259.744317501106,1730328891.2006836
-27437.68274041209,1300.9162307877816,1730328891.2047255
-27378.808245516808,1369.580789754485,1730328891.2089798
-27429.56905717481,1342.1775510522784,1730328891.2136824
-27416.537990157365,1286.745224803117,1730328891.2175293
-27437.749795645454,1292.6013818504075,1730328891.221722
-27431.24543800896,1330.8452166134375,1730328891.2244098
-27345.951181167507,1345.5303127205746,1730328891.2286427
-27447.584563205783,1300.133919731846,1730328891.2324233
-27525.03335774343,1281.4925648561198,1730328891.236653
-27470.986839650493,1327.157178778312,1730328891.2416828
-27441.14726080266,1338.2659957725998,1730328891.245864
-27419.242551236457,1290.1426899603237,1730328891.2484353
-27395.169722458093,1311.1533297483122,1730328891.2523615
-27459.92272614512,1367.993815898158,1730328891.2563047
-27404.915083040607,1360.9083129058258,1730328891.2603478
-27382.831559518763,1325.3690392218875,1730328891.2642612
-27414.392222689658,1292.1543469613014,1730328891.2694497
-27430.84310660876,1317.7023908737174,1730328891.2733295
-27339.78209969784,1390.636133031384,1730328891.2763133
-27406.300891196835,1349.1065918334236,1730328891.2802937
-27531.425956657644,1263.164134402768,1730328891.284316
-27510.549427336387,1313.5673181494851,1730328891.2883184
-27392.71103056801,1367.7926501980603,1730328891.292395
-27317.58681745372,1326.6207369113847,1730328891.2963116
-27454.42419700912,1243.7181167266508,1730328891.3014529
-27549.128538266246,1288.3321986594435,1730328891.304319
-27452.88192664169,1357.1532198373343,1730328891.3083174
-27372.10272218021,1352.258187801622,1730328891.312329
-27399.125981226684,1295.8647365408822,1730328891.31634
-27437.705092156542,1275.2117246641783,1730328891.320367
-27376.081332693266,1323.066809542991,1730328891.3243988
-27347.35934106819,1388.1103859079344,1730328891.3294525
-27383.122132196684,1311.7344751041503,1730328891.3324084
-27576.710590924096,1257.263273866567,1730328891.33637
-27515.82443902784,1323.1338647763569,1730328891.340407
-27406.323242941293,1367.7926501980603,1730328891.3443713
-27380.19405367304,1318.3058879740106,1730328891.348426
-27514.17040993815,1241.2817765810223,1730328891.353452
-27434.732310143987,1294.881259784849,1730328891.3564413
-27331.78017518284,1366.7644699531163,1730328891.359418
-27453.19485106407,1341.9763853521808,1730328891.364412
-27494.63498528421,1270.7860792620277,1730328891.3684547
-27454.647714453666,1309.8345768254492,1730328891.3724437
-27321.632483200134,1385.9869701846803,1730328891.3764389
-27366.961820955494,1369.580789754485,1730328891.3804617
-27422.818830349308,1299.619829609374,1730328891.3844917
-27423.93641757208,1272.77538451855,1730328891.387477
-27459.319229044824,1347.5866732104628,1730328891.3915503
-27454.33479003129,1377.448603802753,1730328891.396557
-27464.19190933608,1297.518765630575,1730328891.400542
-27459.587449978288,1294.389521406832,1730328891.4045637
-27410.68183311008,1339.4506382287311,1730328891.4085908
-27344.2077451,1341.417591740798,1730328891.412599
-27423.109403027225,1291.4390911387316,1730328891.41558
-27453.843051653275,1287.840460281427,1730328891.419572
-27390.47585612248,1357.287330304066,1730328891.4245763
-27299.057221300274,1372.9782549116917,1730328891.4286232
-27434.10646129924,1314.1931669942342,1730328891.432659
-27552.25778249,1295.3729981628655,1730328891.4366877
-27484.95667993506,1345.55266446503,1730328891.4406583
-27327.376881525142,1385.8305079734932,1730328891.4444053
-27359.853966218707,1326.196053766734,1730328891.447653
-27546.714549865075,1254.357547087377,1730328891.452846
-27436.98983633397,1294.2107074511896,1730328891.4567027
-27367.855890733703,1362.6964524622504,1730328891.4607928
-27419.57782740329,1308.4040651803095,1730328891.4647088
-27477.647659498176,1262.0465471800028,1730328891.4680405
-27480.06164789935,1287.4828323701422,1730328891.4717612
-27446.51167947193,1391.3290371094988,1730328891.4759915
-27391.99577474544,1362.964673395714,1730328891.480698
-27393.873321279687,1288.06397772598,1730328891.485033
-27453.597182464266,1294.6577423402955,1730328891.488878
-27447.808080650346,1366.9209321643034,1730328891.4923427
-27405.049193507337,1351.4758767456865,1730328891.4964902
-27453.887755142183,1271.166058917768,1730328891.5004306
-27410.63712962117,1291.9084777722928,1730328891.5038989
-27389.85000727773,1360.9753681391917,1730328891.5093815
-27358.93754469604,1377.1133276359235,1730328891.512916
-27445.46114748253,1304.4701581561756,1730328891.5167303
-27469.601031494265,1281.291399156022,1730328891.519729
-27437.19100203407,1333.974460837181,1730328891.52376
-27441.504888713946,1363.03172862908,1730328891.5278287
-27447.204583550047,1345.9102923763148,1730328891.5317595
-27503.62038655524,1286.4323003807426,1730328891.5356848
-27455.36297027624,1337.9307196057705,1730328891.54071
-27389.268861921893,1387.9762754412027,1730328891.5447085
-27396.4661236365,1327.4924549451418,1730328891.5477552
-27450.602048707253,1266.516896071064,1730328891.5517063
-27414.19105698956,1319.378771707865,1730328891.5557387
-27350.28741959184,1377.739176480672,1730328891.559733
-27427.490344940463,1341.0152603406025,1730328891.5637429
-27359.1610621406,1286.58876259193,1730328891.5687752
-27481.82743571132,1282.744262545617,1730328891.572772
-27536.03041601544,1346.6926034322505,1730328891.5758147
-27447.115176572228,1376.8227549580045,1730328891.5797763
-27482.90031944517,1286.3205416584665,1730328891.583802
-27472.238537339992,1321.904518831315,1730328891.5878356
-27434.39703397716,1394.7265022667054,1730328891.5918322
-27422.28238848238,1374.1405456233676,1730328891.5968757
-27393.13571371266,1287.9745707481588,1730328891.599834
-27421.61183614872,1303.866661055882,1730328891.6028256
-27484.35318283477,1368.6643682318174,1730328891.6078737
-27402.32228068379,1391.7090167652389,1730328891.6118357
-27436.38633923368,1322.8432920984378,1730328891.615863
-27508.269549401943,1269.6014368058964,1730328891.6198804
-27474.898394930173,1338.578920194974,1730328891.6248891
-27390.78878054485,1407.5117000951411,1730328891.6278703
-27389.581786344264,1343.8539318864266,1730328891.6309729
-27450.937324874085,1297.5411173750304,1730328891.6359062
-27481.738028733496,1330.4652369576977,1730328891.6399236
-27397.203731203525,1389.4961940641635,1730328891.6438928
-27311.7977156398,1366.3174350640102,1730328891.6479394
-27480.32986883281,1308.3817134358542,1730328891.6519067
-27507.53194183492,1346.4243824987868,1730328891.6559317
-27427.400937962644,1391.1949266427669,1730328891.6589384
-27387.90540551012,1347.7654871661052,1730328891.6639264
-27367.8111872448,1290.2097451936895,1730328891.6679492
-27516.740860550508,1303.3972744223208,1730328891.6719434
-27452.345484774767,1414.776017043116,1730328891.675975
-27355.003637671907,1385.0034934286468,1730328891.680027
-27440.610818935733,1290.1426899603237,1730328891.6840384
-27481.514511288944,1317.7247426181725,1730328891.687046
-27439.806156135342,1369.7372519656722,1730328891.6920018
-27393.89567302414,1372.352406066943,1730328891.6961453
-27458.3804557777,1293.7189690731727,1730328891.700116
-27487.81770322534,1304.8501378119156,1730328891.7041762
-27382.98802172995,1379.616723014918,1730328891.7072735
-27418.90727506963,1377.2250863582,1730328891.7110837
-27463.38724653569,1330.062905557502,1730328891.71514
-27551.430767945145,1291.4390911387316,1730328891.7194357
-27479.81577871034,1357.4884960041638,1730328891.7244651
-27381.959841485008,1375.0122636571243,1730328891.7286248
-27359.56339354079,1327.157178778312,1730328891.7321043
-27509.16361918016,1280.77730903355,1730328891.735525
-27509.677709302632,1342.5575307080187,1730328891.7392695
-27369.06288493429,1390.5020225646524,1730328891.743323
-27339.491527019924,1327.9841933231585,1730328891.7471488
-27506.68257554562,1272.104832184891,1730328891.7523012
-27476.15009261967,1341.0152603406025,1730328891.7561665
-27374.539062325846,1394.1006534219568,1730328891.760808
-27352.522594037368,1369.8490106879487,1730328891.7635727
-27413.38639418917,1312.6956001157284,1730328891.767304
-27472.14913036217,1314.327277460966,1730328891.7711768
-27469.086941371792,1382.8577259609374,1730328891.775182
-27396.443771892045,1376.1745543688005,1730328891.780131
-27413.76637384491,1299.7092365871952,1730328891.784145
-27439.940266602072,1320.161082763801,1730328891.7881548
-27358.17758538456,1385.450528317753,1730328891.7911782
-27482.341525833792,1375.4145950573202,1730328891.795164
-27502.97218596604,1302.5702598774744,1730328891.7991743
-27509.65535755817,1298.8822220423488,1730328891.8031747
-27417.454411680035,1371.2124670997223,1730328891.8072157
-27325.36522452417,1413.8595955204482,1730328891.812194
-27427.110365284727,1348.7266121776834,1730328891.8162026
-27515.98090123903,1282.5430968455194,1730328891.8191953
-27463.633115724697,1337.0142980831026,1730328891.8232408
-27397.00256550343,1396.3358278674875,1730328891.8272245
-27450.82556615181,1349.2630540446107,1730328891.83123
-27518.551351851387,1284.0630154684802,1730328891.8352437
-27474.965450163538,1319.646992641329,1730328891.840268
-27405.42917316308,1363.9257984072922,1730328891.8432505
-27422.7741268604,1334.0862195594573,1730328891.8472316
-27419.84604833676,1254.514009298564,1730328891.8514483
-27449.640923695675,1323.4020857098203,1730328891.8552485
-27440.85668812474,1395.9558482117473,1730328891.859262
-27453.10544408625,1354.8286384139824,1730328891.8632874
-27446.01994109392,1288.868640526371,1730328891.868296
-27444.723539915507,1312.002696037614,1730328891.8714204
-27393.314527668303,1384.3105893505324,1730328891.8753068
-27441.14726080266,1382.030711416091,1730328891.879295
-27477.312383331348,1294.9930185071253,1730328891.8833988
-27492.556273049864,1293.4954516286198,1730328891.887312
-27433.681778154587,1372.5535717670407,1730328891.8914907
-27378.42826586107,1383.5506300390518,1730328891.8963368
-27408.75958308692,1306.481815157153,1730328891.8993592
-27447.02576959441,1262.515933813564,1730328891.9033675
-27450.892621385174,1350.8500279009377,1730328891.9073637
-27427.602103662743,1389.384435341887,1730328891.91149
-27402.70226033953,1320.943393819737,1730328891.9153843
-27420.360138459226,1272.909494985282,1730328891.919387
-27484.57670027932,1298.166966219779,1730328891.9243956
-27422.707071627032,1392.6030865434511,1730328891.9273968
-27402.501094639432,1357.8908274043597,1730328891.93043
-27462.739045946488,1295.484756885142,1730328891.9355965
-27498.211264397058,1322.776236865072,1730328891.9394772
-27461.599106979265,1364.7975164410493,1730328891.943618
-27318.07855583174,1369.3349205654763,1730328891.9474442
-27427.04331005136,1298.614001108885,1730328891.9522915
-27497.83128474132,1330.3311264909655,1730328891.954762
-27411.218274977004,1365.3116065635213,1730328891.9589896
-27346.97936141245,1364.8869234188703,1730328891.963853
-27506.5931685678,1308.9181553027815,1730328891.9678109
-27553.26361099048,1298.1446144753236,1730328891.9716055
-27473.26671758493,1357.3320337929767,1730328891.9760344
-27383.70327755252,1366.362138552921,1730328891.9789877
-27388.151274699125,1312.673248371273,1730328891.98289
-27461.55440349036,1277.0222159650584,1730328891.9871428
-27454.22303130901,1364.7528129521386,1730328891.9922132
-27391.682850323064,1377.6497695028509,1730328891.9962714
-27369.934602968053,1303.35257093341,1730328892.000177
-27506.66022380117,1292.6907888282287,1730328892.0039887
-27439.09090031277,1345.440905742753,1730328892.0066345
-27411.37473718819,1374.4311183012867,1730328892.0113988
-27452.144319074672,1339.0706585729909,1730328892.0146904
-27507.800162768384,1289.8297655379497,1730328892.019718
-27483.48146480101,1332.7451148921389,1730328892.0236952
-27389.581786344264,1379.0579294035351,1730328892.0276976
-27335.244695573416,1344.4797807311752,1730328892.031584
-27444.61178119323,1308.6052308804074,1730328892.034576
-27501.116991176248,1355.678004703284,1730328892.03857
-27404.62451036269,1398.3698366129204,1730328892.0425775
-27327.533343736333,1357.1532198373343,1730328892.0465913
-27451.00438010745,1283.392463134821,1730328892.0515969
-27503.240406899506,1320.9880973086474,1730328892.055612
-27429.92668508609,1391.79842374306,1730328892.0596173
-27414.95101630104,1376.4651270467195,1730328892.0626383
-27457.46403425504,1290.0756347269578,1730328892.0666618
-27475.52424377492,1283.3701113903655,1730328892.0706308
-27473.42317979612,1365.1104408634235,1730328892.0746412
-27442.77893814789,1385.8752114624035,1730328892.078657
-27446.399920749656,1292.355512661399,1730328892.083666
-27455.1841563206,1277.066919453969,1730328892.0866437
-27420.248379736942,1386.769281240616,1730328892.0906618
-27398.5671876153,1413.1666914423338,1730328892.0946696
-27439.560286946333,1335.8743591158818,1730328892.0986948
-27524.49691587649,1300.44684415422,1730328892.1026723
-27525.323930421346,1339.6071004399182,1730328892.107705
-27391.99577474544,1377.2027346137447,1730328892.1116838
-27396.51082712541,1333.6391846703511,1730328892.1146789
-27495.8419794848,1273.1553641742903,1730328892.118739
-27484.129665390214,1317.255355984611,1730328892.1227286
-27417.119135513203,1368.9772926541916,1730328892.1267147
-27409.676004609588,1340.2553010291222,1730328892.1307209
-27491.66220327165,1295.9764952631588,1730328892.1347508
-27428.719690885508,1320.965745564192,1730328892.1397667
-27394.99090850245,1405.768264027627,1730328892.142748
-27437.0792433118,1405.0530082050573,1730328892.146737
-27402.836370806264,1322.128036275868,1730328892.1507783
-27410.368908687706,1321.54689092003,1730328892.1547835
-27475.837168197297,1392.0666446765238,1730328892.1587625
-27483.45911305656,1370.9218944218037,1730328892.1631117
-27481.62627001122,1307.9793820356588,1730328892.1678317
-27476.261851341947,1317.031838540058,1730328892.1707697
-27442.28719976988,1393.1842318992892,1730328892.1748009
-27408.021975519896,1378.1415078808675,1730328892.1788108
-27458.80513892235,1291.5061463720974,1730328892.182877
-27489.91876720414,1273.647102552307,1730328892.1868591
-27465.488310514487,1349.419516255798,1730328892.191857
-27395.52735036938,1397.1851941567893,1730328892.1948953
-27394.65563233562,1343.3621935084095,1730328892.1979349
-27470.15982510565,1293.7860243065388,1730328892.2035675
-27487.72829624752,1342.2669580300997,1730328892.2072368
-27368.079408178262,1405.7459122831715,1730328892.2112565
-27362.3126581088,1331.3146032469992,1730328892.2151065
-27556.772834869964,1262.940616958215,1730328892.2206244
-27544.34526495281,1346.9831761101696,1730328892.2229297
-27376.61777456019,1398.615705801929,1730328892.22632
-27384.64205081964,1342.3787167523762,1730328892.231069
-27530.464831646063,1283.168945690268,1730328892.2354913
-27496.378421351725,1333.9074056038148,1730328892.23898
-27436.833374122787,1401.4767290922082,1730328892.2433653
-27418.348481458248,1362.0259001285913,1730328892.2470436
-27419.57782740329,1267.030986193536,1730328892.2511716
-27443.4271387371,1305.9230215457706,1730328892.2543228
-27492.042182927395,1390.770243498116,1730328892.2586684
-27402.88107429517,1377.0462724025574,1730328892.2635314
-27413.36404244471,1334.935585848759,1730328892.2672718
-27459.654505211653,1323.0891612874464,1730328892.2711709
-27466.42708378161,1369.267865332111,1730328892.2756329
-27380.88695775115,1410.0821507075011,1730328892.2790415
-27461.934383146094,1324.519672932586,1730328892.28207
-27515.60092158329,1282.9454282457148,1730328892.2860875
-27473.847862940773,1355.320376791999,1730328892.2910764
-27370.806321001808,1401.029694203102,1730328892.2949872
-27373.823806503275,1337.7519056501278,1730328892.2990253
-27471.32211581733,1296.579992363452,1730328892.3020575
-27490.47756081552,1332.1192660473905,1730328892.3060129
-27410.99475753245,1381.7624904826273,1730328892.3100016
-27435.58167643329,1328.5653386789966,1730328892.314028
-27460.50387150096,1291.7967190500165,1730328892.3190572
-27454.53595573139,1361.377699539387,1730328892.3230157
-27437.347464245257,1403.4660343487303,1730328892.3270276
-27404.289234195858,1364.7528129521386,1730328892.330032
-27496.19960739608,1288.1533847038013,1730328892.3340473
-27499.53001731992,1322.7315333761617,1730328892.3380475
-27310.344852250204,1386.098728906957,1730328892.3420737
-27355.003637671907,1373.8276212009932,1730328892.3470564
-27492.668031772144,1311.063922770491,1730328892.3510664
-27539.29377070592,1294.1660039622789,1730328892.3550875
-27465.46595877004,1363.2775978180885,1730328892.3581235
-27337.524573507857,1358.516676249108,1730328892.3620975
-27422.394147204657,1296.200012707712,1730328892.3661244
-27545.93223880914,1333.773295137083,1730328892.3701346
-27443.18126954809,1406.4611681057415,1730328892.3741908
-27356.70237025051,1421.4591886352528,1730328892.3791096
-27447.741025416974,1353.9122168913148,1730328892.3831398
-27460.39211277868,1313.5449664050302,1730328892.3861403
-27372.08037043576,1348.12311507739,1730328892.390156
-27360.30100110781,1378.0297491585911,1730328892.394141
-27453.19485106407,1334.7567718931166,1730328892.3981931
-27538.377349183247,1279.8832392553377,1730328892.402188
-27490.388153837703,1343.9209871197925,1730328892.407182
-27410.927702299083,1415.7594937991494,1730328892.4111855
-27395.54970211384,1380.9578276822365,1730328892.4142
-27471.411522795144,1333.0580393145133,1730328892.4182088
-27463.38724653569,1348.547798222041,1730328892.4222367
-27449.99855160696,1397.967505212725,1730328892.4262376
-27398.5671876153,1385.2493626176552,1730328892.4302115
-27508.78363952442,1302.324390688466,1730328892.435234
-27521.79235479741,1305.2524692121112,1730328892.4382708
-27441.035502080384,1381.6954352492614,1730328892.4413407
-27374.047323947827,1397.5428220680742,1730328892.446246
-27430.463126953025,1320.518710675086,1730328892.45027
-27458.939249389085,1301.296210443522,1730328892.4543364
-27438.263885767927,1358.740193693661,1730328892.4583294
-27464.661295969643,1396.2911243785768,1730328892.4632883
-27519.49012511851,1299.9104022872928,1730328892.4665537
-27540.45606141759,1317.3671147068876,1730328892.4706433
-27457.26286855493,1399.6215343024176,1730328892.474843
-27374.51671058139,1402.3037436370546,1730328892.4788008
-27434.24057176597,1329.1464840348344,1730328892.4825122
-27484.263775856947,1298.9939807646251,1730328892.486974
-27420.158972759127,1370.7877839550715,1730328892.492162
-27419.600179147743,1411.0209239746243,1730328892.4944527
-27432.05010080935,1332.0745625584798,1730328892.497435
-27483.034429911902,1301.609134865896,1730328892.5026064
-27502.86042724376,1353.8004581690382,1730328892.5065725
-27466.538842503887,1362.31647280651,1730328892.5108037
-27419.667234381108,1382.813022472027,1730328892.514537
-27501.72048827654,1360.640091972362,1730328892.5200384
-27472.64086874019,1365.423365285798,1730328892.5224316
-27427.87032459621,1406.997609972669,1730328892.5258424
-27425.34457747276,1369.8266589434934,1730328892.5304718
-27476.10538913076,1308.1134925023905,1730328892.5347395
-27507.420183112645,1323.5138444320971,1730328892.5384593
-27405.876208052185,1385.2270108731998,1730328892.5425396
-27328.31565479227,1407.869328006426,1730328892.5454752
-27493.83032248382,1330.8005131245272,1730328892.5495474
-27562.517233194976,1288.265143426078,1730328892.5535004
-27439.873211368707,1405.2765256496104,1730328892.5574365
-27301.11358179016,1395.061778433535,1730328892.562443
-27487.61653752524,1314.5731466499742,1730328892.5664918
-27512.359918637267,1314.930774561259,1730328892.57044
-27490.20933988205,1365.8927519193594,1730328892.5744731
-27387.123094454186,1431.4057149178643,1730328892.577458
-27397.13667597016,1374.7887462125716,1730328892.5814784
-27489.20351138157,1306.7500360906167,1730328892.5855036
-27476.038333897395,1365.6021792414404,1730328892.5905116
-27424.6740251391,1410.3950751298755,1730328892.5945635
-27430.150202530647,1360.2377605721665,1730328892.5984964
-27486.72246774703,1301.16209997679,1730328892.6015573
-27458.11223484424,1330.8228648689826,1730328892.6055784
-27372.95208846952,1397.162842412334,1730328892.609599
-27388.12892295467,1344.8821121313706,1730328892.613594
-27503.75449702197,1297.1834894637454,1730328892.6185875
-27525.078061232336,1339.3388795064543,1730328892.6225996
-27448.07630158381,1414.8877757653925,1730328892.6266885
-27382.38452462966,1404.0471797045684,1730328892.629594
-27489.225863126027,1307.3535331909102,1730328892.6335852
-27539.07025326136,1325.9278328332705,1730328892.6375797
-27447.51750797242,1416.2288804327109,1730328892.6415672
-27408.357251686724,1408.7857495290934,1730328892.6456175
-27452.85957489724,1313.3438007049324,1730328892.6506038
-27469.891604172182,1313.5896698939407,1730328892.654616
-27421.65653963763,1413.5243193536187,1730328892.657629
-27375.857815248703,1404.8741942494148,1730328892.6615996
-27498.92652021963,1306.034780268047,1730328892.665769
-27583.37141077178,1313.8802425718598,1730328892.6696649
-27487.683592758607,1404.0918831934791,1730328892.673762
-27432.8771153542,1413.61372633144,1730328892.6786644
-27438.755624145942,1320.3398967194437,1730328892.6816545
-27493.048011427883,1276.8881054983265,1730328892.6856632
-27478.184101365103,1347.6537284438286,1730328892.6896856
-27412.268806966404,1410.6185925744287,1730328892.6936924
-27359.630448774155,1376.50983053563,1730328892.6976764
-27445.17057480461,1313.3661524493878,1730328892.7016976
-27513.45515411557,1340.4117632403093,1730328892.70674
-27391.32522241178,1405.544746583074,1730328892.7098365
-27390.78878054485,1351.74409767915,1730328892.7137032
-27536.79037532692,1314.8190158389828,1730328892.7179673
-27540.54546839541,1349.777144167083,1730328892.721708
-27483.57087177884,1398.8615749909372,1730328892.726362
-27451.697284185564,1363.8587431739263,1730328892.7300456
-27470.20452859456,1302.838480810938,1730328892.7350504
-27484.844921212785,1320.6081176529071,1730328892.7380364
-27447.09282482777,1388.378606841398,1730328892.7419395
-27427.847972851752,1403.8236622600157,1730328892.7463534
-27445.25998178244,1322.7315333761617,1730328892.7504115
-27477.55825252036,1330.0182020685916,1730328892.7544708
-27443.4271387371,1378.6779497477949,1730328892.758505
-27408.08903075326,1387.6857027632836,1730328892.7632368
-27443.293028270367,1337.126056805379,1730328892.7665534
-27476.083037386303,1289.6509515823068,1730328892.7692266
-27404.065716751305,1342.6916411747509,1730328892.774048
-27352.477890548456,1417.972316500225,1730328892.7784932
-27424.51756292791,1378.454432303242,1730328892.7819648
-27461.48734825699,1331.9628038362032,1730328892.7865002
-27437.503926456444,1370.743080466161,1730328892.789904
-27461.62145872372,1388.1327376523898,1730328892.7933
-27497.898339974683,1359.231932071678,1730328892.7979083
-27527.424994400146,1327.805379367516,1730328892.8020177
-27529.50370663449,1350.4700482451974,1730328892.8059063
-27360.524518552367,1385.1376038953786,1730328892.809951
-27385.066733964293,1362.7635076956162,1730328892.813918
-27511.68936630361,1292.0872917279353,1730328892.8178835
-27482.565043278344,1326.6877921447508,1730328892.820864
-27482.85561595626,1410.640944318884,1730328892.8248906
-27425.970426317504,1392.1113481654345,1730328892.8298736
-27487.974165436528,1283.6383323238292,1730328892.8338835
-27517.00908148397,1303.844309311427,1730328892.8379056
-27418.169667502603,1427.80708406056,1730328892.8418863
-27333.702425206,1419.224014189722,1730328892.8449028
-27448.366874261723,1339.383582995365,1730328892.8489387
-27590.278099808467,1310.7733500925722,1730328892.8529248
-27477.06651414233,1376.3086648355325,1730328892.8569565
-27347.627562001653,1416.7876740440934,1730328892.8619423
-27445.17057480461,1358.7848971825715,1730328892.8659527
-27513.45515411557,1316.6965623732283,1730328892.8699536
-27440.208487535536,1386.7245777517055,1730328892.872997
-27352.12026263717,1434.1996829747775,1730328892.876992
-27435.402862477647,1350.738269178661,1730328892.8809996
-27494.880854473216,1327.6712689007843,1730328892.8849914
-27504.42504935564,1374.676987490295,1730328892.890025
-27452.703112686053,1429.5952236169844,1730328892.893993
-27410.212446476515,1382.813022472027,1730328892.8980572
-27473.06555188484,1299.7539400761057,1730328892.9010067
-27512.136401192714,1347.02787959908,1730328892.905
-27410.90535055463,1434.8478835639817,1730328892.9090266
-27377.15421642712,1392.5360313100853,1730328892.9130328
-27476.73123797551,1319.5799374079631,1730328892.9180417
-27564.41713147368,1324.385562465854,1730328892.9220364
-27474.49606352998,1354.4263070137868,1730328892.925056
-27379.07646645027,1389.7644149976272,1730328892.9290955
-27382.675097307576,1345.440905742753,1730328892.93308
-27508.82834301333,1338.9588998507145,1730328892.9370754
-27509.16361918016,1403.667200048828,1730328892.941111
-27471.09859837277,1407.6681623063282,1730328892.9460564
-27524.519267620955,1332.029859069569,1730328892.9500935
-27493.65150852817,1332.7674666365942,1730328892.9531047
-27441.035502080384,1384.534106795085,1730328892.9571104
-27461.934383146094,1395.2405923891774,1730328892.9610977
-27467.6340779822,1352.258187801622,1730328892.9651191
-27531.224790957545,1308.6052308804074,1730328892.9691272
-27518.841924529308,1345.418553998298,1730328892.9741256
-27382.49628335193,1398.6604092908394,1730328892.9781456
-27392.934548012563,1360.0142431276136,1730328892.9812236
-27480.083999643804,1334.5109027041085,1730328892.9852617
-27401.987004516963,1386.925743451803,1730328892.9891856
-27402.5681498728,1419.8498630344704,1730328892.9932456
-27487.57183403633,1375.2804845905882,1730328892.9975576
-27517.724337306543,1313.746132105128,1730328893.0020907
-27497.71952601904,1353.5322372355745,1730328893.0063417
-27411.37473718819,1423.0014590026688,1730328893.0096345
-27459.654505211653,1407.6234588174177,1730328893.0135312
-27480.978069422017,1318.9093850743038,1730328893.0174873
-27477.222976353525,1341.1493708073344,1730328893.0217068
-27482.743857233985,1383.5729817835072,1730328893.0255256
-27397.85193179273,1404.427159360309,1730328893.030259
-27465.91299365914,1361.6906239617615,1730328893.0339143
-27545.909887064685,1339.4729899731865,1730328893.0367796
-27399.975347515985,1409.4563018627528,1730328893.041639
-27295.81621835425,1434.3784969304202,1730328893.045885
-27490.455209071068,1362.7635076956162,1730328893.0499835
-27613.434507064165,1305.8559663124045,1730328893.0537753
-27518.99838674049,1378.7226532367056,1730328893.0576427
-27372.12507392467,1415.7594937991494,1730328893.0618613
-27387.10074270973,1350.291234289555,1730328893.064299
-27560.41616921618,1303.0172947665806,1730328893.0683796
-27504.089773188804,1364.0822606184795,1730328893.0733278
-27421.94711231555,1413.5913745869846,1730328893.0772731
-27416.91796981311,1359.1201733494013,1730328893.0814848
-27434.15116478815,1305.006600023103,1730328893.0853996
-27445.595257949262,1346.223216798689,1730328893.089461
-27378.629431561167,1437.1724649873336,1730328893.0923083
-27385.24554791993,1413.5690228425292,1730328893.0972917
-27445.68466492709,1300.290381943033,1730328893.101429
-27513.611616326765,1321.0775042864686,1730328893.1053092
-27434.553496188342,1427.292993938088,1730328893.1093185
-27330.88610540463,1410.0821507075011,1730328893.1133084
-27393.381582901668,1367.4350222867754,1730328893.117406
-27512.11404944826,1357.712013448717,1730328893.120417
-27463.27548781341,1404.2259936602109,1730328893.1243515
-27381.37869612917,1409.2327844181998,1730328893.1293368
-27431.647769409155,1328.5206351900858,1730328893.133378
-27414.01224303392,1329.9287950907703,1730328893.1373804
-27386.966632242995,1417.2123571887444,1730328893.141523
-27402.5681498728,1423.3143834250432,1730328893.1454177
-27366.447730833024,1357.8908274043597,1730328893.1484127
-27416.180362246083,1307.375884935365,1730328893.152434
-27486.14132239119,1374.386414812376,1730328893.1573884
-27382.7645042854,1449.4882761822078,1730328893.1614742
-27432.072452553806,1369.647844987851,1730328893.1654356
-27497.160732407658,1298.9939807646251,1730328893.1694236
-27437.28040901189,1369.3349205654763,1730328893.1724477
-27380.238757161947,1431.3610114289536,1730328893.1764853
-27390.632318333664,1360.7294989501834,1730328893.180457
-27360.12218715217,1316.9200798177817,1730328893.1844678
-27447.495156227968,1354.8286384139824,1730328893.1894848
-27496.60193879628,1426.6224416044286,1730328893.1935012
-27360.12218715217,1405.8576710054483,1730328893.1964712
-27361.306829608304,1305.1854139787454,1730328893.2005749
-27489.985822437506,1334.1532747928234,1730328893.2046072
-27448.791557406374,1434.736124841705,1730328893.208584
-27370.582803557256,1425.3930956593867,1730328893.212567
-27425.501039683943,1330.5322921910636,1730328893.2176306
-27471.45622628405,1327.2242340116782,1730328893.22157
-27390.52055961139,1411.0432757190797,1730328893.2246332
-27297.78317186632,1404.7177320382275,1730328893.2285662
-27290.049468284786,1331.8286933694712,1730328893.2325947
-27383.16683568559,1378.968522425714,1730328893.2366996
-27421.54478091536,1427.0024212601688,1730328893.2407238
-27406.457353408023,1442.7156976122496,1730328893.245858
-27415.107478512225,1376.867458446915,1730328893.2499754
-27428.071490296305,1349.5536267225298,1730328893.2528913
-27364.83840523224,1409.9480402407696,1730328893.2568357
-27293.17871250853,1435.2278632197217,1730328893.2609031
-27375.097855937227,1382.5895050274737,1730328893.2646658
-27437.92860960109,1348.2795772885772,1730328893.2689948
-27456.704074943555,1403.8460140044706,1730328893.273847
-27327.242771058416,1446.6272528919285,1730328893.2780712
-27350.51093703639,1368.351443809443,1730328893.2806685
-27430.86545835322,1284.9794369911476,1730328893.2850451
-27418.52729541389,1381.1366416378787,1730328893.2898643
-27348.521631779862,1459.5018576981852,1730328893.292874
-27294.810389853763,1407.1317204394009,1730328893.2967916
-27357.730550495453,1350.5594552230186,1730328893.3008935
-27468.371685549224,1371.5924467554626,1730328893.3048549
-27365.53130931036,1433.0373922631018,1730328893.308895
-27301.15828527907,1421.7497613131716,1730328893.312854
-27365.911288966097,1328.45357995672,1730328893.3177843
-27462.26965931293,1325.6372601553512,1730328893.3206785
-27406.099725496737,1419.0675519785348,1730328893.3247683
-27299.50425618938,1432.836226563004,1730328893.3287168
-27333.322445550257,1341.3952399963428,1730328893.3327737
-27422.03651929337,1310.706294859206,1730328893.3367133
-27423.04234779386,1412.5631943420403,1730328893.3407164
-27363.34083835373,1460.485334454219,1730328893.3447442
-27297.582006166223,1379.5720195260071,1730328893.347777
-27427.75856587393,1335.3602689934098,1730328893.3517416
-27409.65365286513,1394.771205755616,1730328893.356828
-27308.10967780467,1425.5495578705738,1730328893.3607702
-27345.81707070077,1366.9432839087588,1730328893.3648062
-27358.378751084656,1301.296210443522,1730328893.3687882
-27397.53900737036,1359.4107460273203,1730328893.3728092
-27310.903645861585,1459.7700786316489,1730328893.375808
-27248.989313720384,1393.4301010882975,1730328893.3797753
-27442.39895849216,1314.2602222276,1730328893.3848789
-27437.90625785664,1364.0822606184795,1730328893.3888185
-27326.616922213667,1455.255026251677,1730328893.3928168
-27268.4353313965,1430.9139765398477,1730328893.3968148
-27394.767391057896,1336.0308213270691,1730328893.3998468
-27408.536065642365,1350.1124203339125,1730328893.403858
-27368.6605535341,1440.0334882776128,1730328893.4078572
-27330.573180982257,1430.0869619950013,1730328893.412845
-27382.7645042854,1349.9559581227254,1730328893.416845
-27354.10956789369,1335.3602689934098,1730328893.4208684
-27307.193256282004,1382.5224497941078,1730328893.4248834
-27334.01534962837,1394.9276679668033,1730328893.4278712
-27339.91621016457,1360.9083129058258,1730328893.43194
-27433.122984543203,1346.7596586656164,1730328893.4359057
-27387.011335731902,1404.0918831934791,1730328893.4409
-27317.542113964813,1408.226955917711,1730328893.4449165
-27323.64414020111,1352.4593535017198,1730328893.4489305
-27417.968501802505,1317.5906321514408,1730328893.452937
-27409.318376698306,1360.7294989501834,1730328893.4569285
-27321.96775936696,1423.8284735475152,1730328893.4599268
-27255.73954054589,1394.547688311063,1730328893.463964
-27331.511954249378,1326.9560130782145,1730328893.4689472
-27448.41157775064,1377.0462724025574,1730328893.472994
-27314.97166335245,1441.8886830674032,1730328893.4769688
-27303.46051495797,1378.9238189368034,1730328893.4799738
-27351.829689959253,1302.0561697550024,1730328893.4840236
-27436.833374122787,1347.452562743731,1730328893.488075
-27355.562431283288,1407.4893483506858,1730328893.4921658
-27312.31180576227,1385.897563206859,1730328893.496288
-27374.539062325846,1338.4448097282425,1730328893.5016012
-27397.53900737036,1343.3621935084095,1730328893.5051062
-27316.536285464324,1407.9140314953363,1730328893.5083752
-27273.82210181023,1425.6613165928504,1730328893.5123112
-27326.01342511337,1364.1493158518454,1730328893.5164163
-27399.72947832697,1335.583786437963,1730328893.5206425
-27372.817978002782,1395.2629441336328,1730328893.5242643
-27322.45949774497,1420.5427671125851,1730328893.529639
-27308.288491760315,1347.9443011217477,1730328893.533872
-27370.068713434783,1319.0881990299465,1730328893.5364938
-27395.84027479176,1388.579772541496,1730328893.5402803
-27261.90862201555,1432.031563762613,1730328893.5443978
-27276.884290800608,1370.5195630216078,1730328893.5482883
-27425.85866759523,1336.8578358719153,1730328893.5523105
-27426.395109462155,1383.505926550141,1730328893.5579195
-27369.12994016766,1423.4037904028644,1730328893.5615113
-27344.833593944742,1360.058946616524,1730328893.5641606
-27406.43500166357,1296.714102830184,1730328893.5686812
-27395.52735036938,1362.31647280651,1730328893.5721464
-27349.683922491546,1433.6632411078504,1730328893.576243
-27316.335119764222,1391.8654789764262,1730328893.5802066
-27356.992942928428,1315.9813065506587,1730328893.58414
-27364.681943021053,1344.2115597977115,1730328893.5891256
-27324.895837890606,1411.5350140970963,1730328893.5921311
-27312.51297146237,1394.5923917999737,1730328893.5961456
-27391.504036367423,1310.2816117145553,1730328893.6001625
-27374.94139372604,1319.6022891524185,1730328893.6041565
-27323.71119543448,1398.995685457669,1730328893.6082027
-27341.41377704308,1397.7886912570823,1730328893.6131656
-27338.79862294181,1341.5293504630747,1730328893.6161687
-27375.4107803596,1338.511864961608,1730328893.619181
-27393.04630673484,1417.5252816111183,1730328893.6242082
-27342.12903286565,1420.766284557138,1730328893.628189
-27372.728571024963,1361.645920472851,1730328893.6322289
-27400.78001031637,1352.057022101524,1730328893.6362216
-27361.37388484167,1394.815909244527,1730328893.6402252
-27291.837607841208,1412.4067321308532,1730328893.6442552
-27339.17860259755,1368.8878856763704,1730328893.6472485
-27432.76535663192,1361.5565134950298,1730328893.6513543
-27373.779103014363,1392.1784033988004,1730328893.6562593
-27280.16999723553,1430.4445899062862,1730328893.6602805
-27269.664677341545,1379.0132259146246,1730328893.6642716
-27360.30100110781,1309.87928031436,1730328893.668291
-27481.76038047796,1358.6060832269293,1730328893.672261
-27367.900594222618,1430.578700373018,1730328893.675263
-27321.587779711223,1419.9839735012024,1730328893.6793
-27397.918987026096,1333.9297573482702,1730328893.6842947
-27428.295007740857,1364.261074574122,1730328893.688316
-27374.047323947827,1428.321174183032,1730328893.692352
-27336.451689774,1403.220165159722,1730328893.6963043
-27341.614942743177,1348.2348737996667,1730328893.699324
-27404.468048151502,1330.129960790868,1730328893.703386
-27411.888827310664,1383.6623887613284,1730328893.7073607
-27255.20309867896,1430.4445899062862,1730328893.7123437
-27248.47522359792,1362.2270658286889,1730328893.7163296
-27487.4377235696,1328.9453183347366,1730328893.7203844
-27466.941173904084,1390.1443946533675,1730328893.7233908
-27353.03668415984,1399.1968511577668,1730328893.7273536
-27319.62082619916,1350.000661611636,1730328893.731538
-27431.67012115361,1333.0803910589684,1730328893.7353964
-27426.19394376206,1400.3591418694427,1730328893.740435
-27316.55863720878,1442.3357179565094,1730328893.74447
-27357.68584700654,1364.3951850408537,1730328893.7484834
-27444.343560259767,1337.5954434389405,1730328893.7515209
-27408.84899006474,1375.436946801775,1730328893.7554436
-27329.16502108157,1461.1335350434226,1730328893.7594855
-27322.3477390227,1420.028676990113,1730328893.7634995
-27393.53804511285,1349.6877371892615,1730328893.768744
-27420.96363555952,1370.4301560437866,1730328893.77258
-27293.692802631,1449.5329796711185,1730328893.776805
-27256.03011322381,1410.2833164075992,1730328893.7798128
-27443.04715908136,1320.965745564192,1730328893.7838972
-27432.608894420733,1298.099910986413,1730328893.7879696
-27324.31469253477,1390.5690777980185,1730328893.7920823
-27359.07165516277,1433.2162062187442,1730328893.7960713
-27387.88305376566,1343.451600486231,1730328893.8007412
-27401.249396949937,1354.4263070137868,1730328893.8048208
-27420.650711137143,1434.8925870528922,1730328893.808172
-27378.741190283443,1447.990709303702,1730328893.8118596
-27372.52740532487,1352.816981413005,1730328893.8164012
-27432.78770837637,1319.803454852516,1730328893.8199763
-27387.74894329893,1394.7265022667054,1730328893.8238037
-27266.26721218434,1439.0723632660347,1730328893.8292525
-27369.196995401027,1361.2212373282,1730328893.831774
-27400.04240274935,1327.0454200560357,1730328893.8360467
-27413.63226337818,1381.874249204904,1730328893.8396387
-27388.75477179942,1413.479615864708,1730328893.843672
-27390.58761484476,1380.8907724488704,1730328893.847566
-27415.129830256683,1335.3826207378652,1730328893.8515873
-27338.686864219533,1393.8100807440378,1730328893.8566227
-27320.537247721822,1444.7944098465932,1730328893.8595932
-27355.4059690721,1391.2172783872222,1730328893.8636208
-27369.66638203459,1329.615870668396,1730328893.8676274
-27416.91796981311,1377.8285834584933,1730328893.871607
-27377.04245770484,1434.8925870528922,1730328893.8756511
-27324.426451257044,1410.1492059408672,1730328893.8796358
-27362.42441683107,1336.9472428497363,1730328893.884663
-27354.780120227355,1349.6877371892615,1730328893.887715
-27251.44800561047,1417.7264473112164,1730328893.891633
-27335.08823336223,1431.226900962222,1730328893.8956487
-27427.04331005136,1333.2145015257004,1730328893.8997023
-27400.958824272016,1312.4050274378094,1730328893.9036644
-27384.552643841824,1391.6866650207835,1730328893.9076853
-27373.84615824773,1421.0792089795125,1730328893.9126968
-27338.3515880527,1373.4029380563425,1730328893.9156947
-27368.83936748974,1364.0822606184795,1730328893.9197223
-27416.023900034896,1406.0141332166354,1730328893.9237473
-27310.38955573911,1437.328927198521,1730328893.9277017
-27349.862736447187,1364.6857577187727,1730328893.9317353
-27418.68375762508,1317.1212455178793,1730328893.9357157
-27377.24362340494,1369.4019757988426,1730328893.939758
-27322.146573322603,1423.8284735475152,1730328893.9437168
-27376.6624780491,1381.1366416378787,1730328893.9467456
-27455.228859809504,1303.061998255491,1730328893.9517367
-27346.84525094572,1350.291234289555,1730328893.9557583
-27340.96674215397,1407.444644861775,1730328893.959771
-27389.82765553328,1413.8148920315375,1730328893.9637642
-27421.880057082184,1346.1338098208678,1730328893.9677863
-27447.02576959441,1343.585710952963,1730328893.9717655
-27258.265287669336,1434.6690696083392,1730328893.9748037
-27308.266140015858,1411.7138280527388,1730328893.9797869
-27482.743857233985,1327.0677718004908,1730328893.9838564
-27476.194796108583,1334.712068404206,1730328893.987815
-27381.98219322946,1410.9762204857136,1730328893.9918084
-27300.57713992324,1418.7546275561606,1730328893.9948275
-27389.402972388623,1347.609024954918,1730328893.9988332
-27468.371685549224,1311.846233826427,1730328894.0028265
-27384.910271753102,1417.458226377753,1730328894.0069094
-27327.04160535832,1416.3406391549872,1730328894.011832
-27369.04053318984,1328.8335596124602,1730328894.015835
-27476.842996697786,1332.4545422142198,1730328894.0200405
-27425.657501895133,1406.4611681057415,1730328894.023026
-27332.07074786076,1430.489293395197,1730328894.0270412
-27366.626544788665,1353.6886994467616,1730328894.0309117
-27449.99855160696,1318.5964606519296,1730328894.035575
-27424.22699025,1380.2425718596664,1730328894.0402243
-27359.4069313296,1407.7799210286048,1730328894.0445664
-27348.722797479964,1393.2065836437446,1730328894.047981
-27459.140415089183,1322.3739054648763,1730328894.0514147
-27449.77503416241,1351.3641180234097,1730328894.0549748
-27340.4526520315,1418.195833944778,1730328894.0594387
-27343.17956485505,1384.534106795085,1730328894.0631444
-27421.097746026247,1328.2077107677117,1730328894.067273
-27386.38548688716,1360.5730367389965,1730328894.07204
-27302.92407309104,1405.835319260993,1730328894.075445
-27427.847972851752,1383.125946894401,1730328894.0794673
-27480.44162755509,1339.003603339625,1730328894.083763
-27485.71663924654,1317.8141495959935,1730328894.0876408
-27397.673117837086,1400.1803279138005,1730328894.091019
-27346.666436990075,1430.8916247953923,1730328894.096144
-27377.24362340494,1361.4224030282978,1730328894.1000423
-27413.162876744616,1323.8044171100162,1730328894.1030865
-27379.635260061656,1394.70415052225,1730328894.107021
-27304.801619625287,1432.2997846960766,1730328894.111014
-27315.37399475265,1386.4340050737865,1730328894.1150348
-27364.927812210062,1342.9151586193036,1730328894.119092
-27407.217312719506,1401.2979151365655,1730328894.1230578
-27371.678039035567,1435.451380664275,1730328894.1281204
-27337.5022217634,1380.6449032598618,1730328894.1311512
-27352.94727718202,1342.0881440744572,1730328894.1350548
-27328.449765259,1379.8625922039262,1730328894.1390913
-27381.60221357372,1439.318232455043,1730328894.1430476
-27420.62835939269,1414.7313135542051,1730328894.147073
-27464.080150613805,1326.4642747001976,1730328894.151078
-27440.923743358107,1354.3145482915102,1730328894.1560829
-27342.21843984347,1428.9693747722358,1730328894.1591594
-27334.08240486174,1406.8858512503923,1730328894.163128
-27385.022030475386,1309.6334111253514,1730328894.1670992
-27442.33190325879,1342.289309774555,1730328894.171092
-27389.693545066544,1439.7652673441492,1730328894.1751575
-27347.89578293512,1431.6962875957834,1730328894.1791282
-27351.69557949252,1373.3358828229766,1730328894.183148
-27428.96556007452,1336.6343184273624,1730328894.1861658
-27355.04834116082,1419.6263455899175,1730328894.1901588
-27314.5469802078,1430.8245695620262,1730328894.1952188
-27298.431372455525,1374.7216909792055,1730328894.1992404
-27348.543983524323,1324.8325973549602,1730328894.2031727
-27430.597237419755,1405.8129675165378,1730328894.207183
-27387.32426015428,1451.1646570163557,1730328894.21119
-27423.444679194057,1381.9860079271805,1730328894.214219
-27459.945077889573,1328.677097401273,1730328894.2182078
-27408.13373424217,1369.6701967323063,1730328894.2232
-27326.84043965822,1428.6340986054065,1730328894.227187
-27354.98128592745,1378.1638596253229,1730328894.2312353
-27416.560341901823,1333.0133358256026,1730328894.2352457
-27419.55547565883,1380.421385815309,1730328894.238207
-27336.183468840536,1444.6155958909508,1730328894.2422905
-27311.3953842396,1416.7876740440934,1730328894.2462273
-27347.538155023834,1352.8840366463703,1730328894.2514796
-27288.6413083841,1370.2289903436888,1730328894.2552347
-27254.37608413412,1445.7331831137162,1730328894.2592845
-27376.10368443772,1435.0043457751688,1730328894.2632594
-27467.85759542675,1337.5954434389405,1730328894.2673144
-27474.87604318572,1351.4758767456865,1730328894.2703216
-27353.99780917142,1424.2084532032554,1730328894.274393
-27272.525700631824,1431.4727701512302,1730328894.2793863
-27383.56916708579,1369.1784583542894,1730328894.2840788
-27419.82369659229,1353.0852023464683,1730328894.2877915
-27379.09881819473,1420.5204153681298,1730328894.2920508
-27323.82295415676,1428.5223398831297,1730328894.2946403
-27378.808245516808,1346.0444028430466,1730328894.2984016
-27405.83150456328,1343.5186557195968,1730328894.3023784
-27361.955030197507,1406.2152989167332,1730328894.306394
-27335.82584092925,1448.7506686151826,1730328894.311374
-27313.54115170731,1392.3125138655323,1730328894.315462
-27301.02417481234,1358.5613797380186,1730328894.3184476
-27428.09384204076,1404.0918831934791,1730328894.3224552
-27405.47387665199,1438.4018109323754,1730328894.326424
-27345.302980578304,1386.836336473982,1730328894.3304207
-27378.60707981671,1347.161990065812,1730328894.334486
-27397.13667597016,1386.5904672849736,1730328894.339733
-27353.55077428231,1469.6495496808948,1730328894.3436358
-27359.25046911841,1435.0714010085346,1730328894.3463995
-27374.65082104812,1351.095897089946,1730328894.3505552
-27411.464144166013,1357.7343651931722,1730328894.3545513
-27357.5070330509,1418.6205170894286,1730328894.3584387
-27279.32063094624,1421.5932991019845,1730328894.3624415
-27350.577992269755,1371.4583362887308,1730328894.3675156
-27338.5527537528,1361.0871268614685,1730328894.3714788
-27350.30977133629,1413.926650753814,1730328894.374479
-27367.52061456688,1444.7944098465932,1730328894.3786545
-27383.859739763702,1370.2066385992337,1730328894.382536
-27411.039461021363,1362.3835280398762,1730328894.3864996
-27344.185393355536,1436.3901539313977,1730328894.3905234
-27275.856110555666,1449.6894418823056,1730328894.3945496
-27283.858035070665,1374.8110979570267,1730328894.3995452
-27404.311585940315,1328.163007278801,1730328894.402511
-27424.51756292791,1398.2133744017333,1730328894.4065585
-27333.322445550257,1467.704947913283,1730328894.4105985
-27325.544038479813,1401.7673017701272,1730328894.4146116
-27386.78781828736,1333.5944811814406,1730328894.418665
-27424.383452461178,1375.1463741238565,1730328894.4225712
-27356.568259783777,1438.7594388436603,1730328894.4276867
-27343.98422765544,1422.6438310913838,1730328894.4306176
-27387.771295043385,1353.0181471131025,1730328894.4346845
-27430.552533930844,1369.2008100987448,1730328894.4385855
-27367.27474537787,1443.6768226238278,1730328894.4426565
-27366.5594895553,1408.741046040183,1730328894.446586
-27438.755624145942,1329.3700014793876,1730328894.4506102
-27442.28719976988,1363.478763518186,1730328894.4546149
-27388.68771656605,1428.768209072138,1730328894.4576166
-27380.43992286205,1396.5369935675851,1730328894.46267
-27379.90348099512,1292.1096434723906,1730328894.466679
-27416.381527946178,1322.418608953787,1730328894.4707067
-27416.247417479448,1453.5562936730737,1730328894.4746327
-27365.46425407699,1446.448438936286,1730328894.478602
-27428.38441471868,1366.7868216975717,1730328894.4827845
-27486.990688680493,1333.683888159262,1730328894.4856274
-27487.683592758607,1246.489733039109,1730328899.5016112
-27501.96635746555,1272.4624600961758,1730328899.5057452
-27437.03453982288,1328.5206351900858,1730328899.5098305
-27418.013205291416,1307.0406087685358,1730328899.5137608
-27485.76134273545,1240.2759480805337,1730328899.5165415
-27499.887645231207,1267.3439106159103,1730328899.5205448
-27440.09672881326,1332.0075073251137,1730328899.5246794
-27391.36992590069,1331.5604724360076,1730328899.5286007
-27439.8285078798,1265.8016402484943,1730328899.533806
-27483.86144445675,1261.711271013173,1730328899.5377054
-27442.22014453652,1329.101780545924,1730328899.5408156
-27389.85000727773,1351.3641180234097,1730328899.5447
-27431.156031031136,1281.5149166005751,1730328899.5487936
-27478.877005443217,1257.0844599109246,1730328899.552842
-27451.25024929646,1313.3661524493878,1730328899.5568962
-27389.53708285536,1340.7470394071388,1730328899.5616555
-27417.610873891223,1281.87254451186,1730328899.5656743
-27489.87406371523,1242.0417358925029,1730328899.5687523
-27483.034429911902,1295.2388876961336,1730328899.5727365
-27408.916045298105,1344.926815620281,1730328899.576738
-27417.34265295776,1285.359416646888,1730328899.5807707
-27495.707869018064,1219.9805641151147,1730328899.5847735
-27488.01886892544,1282.0960619564132,1730328899.588793
-27418.32612971379,1348.4583912442197,1730328899.593809
-27411.6206063772,1314.126111760868,1730328899.5967271
-27467.05293262636,1256.2797971105335,1730328899.6008046
-27482.31917408933,1270.8307827509384,1730328899.604826
-27425.63515015068,1328.5876904234517,1730328899.608842
-27401.42821090558,1319.2223094966782,1730328899.612732
-27459.11806334473,1255.519837799053,1730328899.61782
-27496.87015972974,1263.4994105695976,1730328899.6218371
-27455.96646737653,1323.9161758322923,1730328899.6248276
-27409.407783676124,1325.2349287551558,1730328899.62867
-27449.5291649734,1264.974625703648,1730328899.6328385
-27500.312328375858,1256.39155583281,1730328899.636716
-27454.804176664853,1324.4749694436753,1730328899.6408584
-27404.37864117368,1336.880187616371,1730328899.6446817
-27450.892621385174,1265.3099018704777,1730328899.6489
-27512.80695352637,1238.9795469021258,1730328899.6519067
-27477.08886588679,1312.4720826711757,1730328899.6568751
-27403.08223999527,1357.8461239154487,1730328899.6608455
-27424.83048735029,1303.196108722223,1730328899.6648266
-27486.14132239119,1267.165096660268,1730328899.668928
-27474.138435618694,1316.473044928675,1730328899.6738472
-27401.562321372312,1361.2659408171107,1730328899.6769583
-27417.09678376875,1313.0085245381028,1730328899.6799335
-27491.37163059373,1262.2477128801004,1730328899.6849952
-27491.57279629384,1296.8035098080052,1730328899.688968
-27422.88588558268,1349.128943577879,1730328899.6930754
-27408.178437731083,1314.751960605617,1730328899.697009
-27494.70204051757,1241.2147213476565,1730328899.701
-27522.12763096424,1280.1067566998909,1730328899.7050593
-27451.38435976319,1352.6158157129069,1730328899.7080698
-27391.213463689503,1324.6314316548624,1730328899.712873
-27356.09887315021,1221.0534478489694,1730328899.7170742
-27363.34083835373,1239.0242503910365,1730328899.7208636
-27525.21217169907,1364.4398885297644,1730328899.7250233
-27478.72054323203,1377.6497695028509,1730328899.728899
-27499.4406103421,1290.2097451936895,1730328899.7330875
-27557.06340754788,1269.355567616888,1730328899.7361207
-27506.90609299017,1331.9628038362032,1730328899.7400548
-27444.25415328195,1350.4700482451974,1730328899.744834
-27467.47761577101,1282.3419311454215,1730328899.7490983
-27528.497878134,1241.393535303299,1730328899.752934
-27508.76128777996,1308.7840448360498,1730328899.7570825
-27439.71674915752,1363.9257984072922,1730328899.7609992
-27456.860537154746,1302.9725912776698,1730328899.7641113
-27514.036299471416,1264.1699629032569,1730328899.768104
-27498.68065103062,1314.6402018833403,1730328899.772958
-27422.66236813812,1365.6468827303509,1730328899.7771144
-27414.23576047847,1331.4710654581863,1730328899.7811856
-27475.546595519376,1276.351663631399,1730328899.7841935
-27488.55531079237,1298.0775592419575,1730328899.7881627
-27414.61574013421,1349.4418680002534,1730328899.792779
-27360.904498208107,1335.8743591158818,1730328899.796162
-27472.238537339992,1283.168945690268,1730328899.8014638
-27528.34141592281,1302.9725912776698,1730328899.8051865
-27444.947057360063,1370.8548391884374,1730328899.8091657
-27418.974330303,1352.6158157129069,1730328899.8120153
-27457.91106914414,1262.2700646245555,1730328899.8162315
-27454.11127258674,1266.874523982349,1730328899.820073
-27390.87818752268,1360.5730367389965,1730328899.824191
-27369.24169888994,1373.2241241007,1730328899.8280046
-27469.131644860703,1288.354550403899,1730328899.8331892
-27548.45798593259,1271.3895763623211,1730328899.837113
-27443.605952692746,1362.2717693175996,1730328899.840218
-27326.728680935943,1366.228028086189,1730328899.8442245
-27406.85968480822,1266.293378626511,1730328899.8481677
-27527.2461804445,1262.8288582359385,1730328899.8522203
-27472.484406529,1327.9841933231585,1730328899.8562305
-27287.099038016684,1366.7868216975717,1730328899.861184
-27232.78429899029,1311.3097919594995,1730328899.86518
-27500.893473731696,1254.6928232542066,1730328899.8682823
-27554.42590170216,1306.4371116682426,1730328899.8723593
-27472.77497920692,1399.442720346775,1730328899.8761578
-27426.797440862352,1353.0181471131025,1730328899.8801992
-27459.945077889573,1291.327332416455,1730328899.884314
-27405.272710951893,1338.064830072502,1730328899.8892777
-27334.976474639952,1380.1978683707555,1730328899.8922668
-27366.20186164401,1325.2349287551558,1730328899.8961196
-27377.265975149392,1212.3139157669443,1730328899.9002185
-27506.25789240097,1212.3809710003104,1730328899.9041653
-27462.15790059065,1386.1434323958674,1730328899.9082172
-27347.13582362364,1417.547633355574,1730328899.9121113
-27401.58467311677,1316.8306728399602,1730328899.9173849
-27461.397941279167,1283.5265736015529,1730328899.9202385
-27376.75188502692,1319.8258065969717,1730328899.9234009
-27362.938506953546,1299.619829609374,1730328899.928193
-27408.69252785356,1330.9569753357143,1730328899.9322977
-27422.505905926933,1259.9454832012038,1730328899.9361987
-27400.444734149547,1308.806396580505,1730328899.9402032
-27391.973423000985,1410.3056681520543,1730328899.944409
-27459.16276683364,1346.6031964544293,1730328899.9484904
-27458.492214499976,1264.259369881078,1730328899.9514265
-27427.71386238502,1292.3331609169438,1730328899.9562588
-27386.966632242995,1364.283426318577,1730328899.96042
-27402.344632428245,1346.6031964544293,1730328899.96439
-27479.122874632227,1320.3398967194437,1730328899.9683874
-27375.70135303752,1285.5382306025303,1730328899.9723723
-27365.911288966097,1305.9230215457706,1730328899.9764314
-27444.745891659964,1389.5408975530745,1730328899.9794507
-27407.507885397423,1347.8772458883818,1730328899.9834363
-27365.955992455005,1306.4147599237872,1730328899.9885824
-27473.44553154058,1354.9851006251697,1730328899.9924889
-27436.22987702249,1298.5469458755192,1730328899.9967272
-27481.24629035548,1241.9523289146816,1730328900.0004823
-27490.87989221572,1301.743245332628,1730328900.0043013
-27428.071490296305,1350.6712139452952,1730328900.0076225
-27354.46719580498,1378.8567637034373,1730328900.012317
-27401.65172835013,1306.861794812893,1730328900.0165277
-27421.54478091536,1270.4284513507428,1730328900.020368
-27339.31271306428,1350.4029930118315,1730328900.02457
-27312.132991806626,1312.807358838005,1730328900.0275173
-27395.773219558385,1219.198253059179,1730328900.031571
-27344.09598637772,1288.9803992486477,1730328900.0354698
-27315.865733130664,1389.160917897334,1730328900.0396683
-27371.633335546656,1428.5223398831297,1730328900.0446253
-27496.57958705182,1347.1172865769013,1730328900.04849
-27448.97037136202,1237.8172561904498,1730328900.0527613
-27383.59151883024,1322.8656438428932,1730328900.0557015
-27378.51767283889,1441.8886830674032,1730328900.0597937
-27407.08320225277,1443.4533051792748,1730328900.0635183
-27442.711882914533,1363.5234670070968,1730328900.067736
-27471.94796466207,1320.1163792748905,1730328900.0727737
-27448.925667873107,1328.5206351900858,1730328900.0768435
-27411.93353079957,1345.060926087013,1730328900.0807023
-27351.13678588114,1305.8783180568598,1730328900.0837111
-27272.905680287564,1296.9823237636476,1730328900.0874996
-27295.41388695406,1341.328184762977,1730328900.091706
-27308.623767927143,1265.1981431482009,1730328900.0954857
-27313.92113136305,1322.1056845314129,1730328900.1006863
-27413.654615122632,1345.3738505093877,1730328900.1045756
-27477.804121709363,1348.5030947331304,1730328900.1087124
-27307.282663259823,1461.7817356326266,1730328900.1114728
-27398.969519015496,1334.64501317084,1730328900.1159675
-27442.66717942562,1306.034780268047,1730328900.1196847
-27428.63028390769,1323.066809542991,1730328900.123662
-27286.428485683024,1303.1514052333123,1730328900.1276877
-27239.10984267114,1300.3797889208545,1730328900.13271
-27389.98411774446,1316.6518588843178,1730328900.1356995
-27389.09004796625,1344.7032981757282,1730328900.1397882
-27329.79086992632,1372.8217927005044,1730328900.1438105
-27326.438108258026,1343.1163243194014,1730328900.1477993
-27392.39810614564,1287.549887603508,1730328900.1518073
-27388.173626443586,1329.5711671794854,1730328900.1558335
-27251.44800561047,1398.0792639350016,1730328900.1608248
-27294.56452066476,1400.962638969736,1730328900.1638248
-27383.83738801925,1347.1843418102674,1730328900.167798
-27369.17464365657,1391.7313685096942,1730328900.171817
-27402.612853361712,1370.7654322106162,1730328900.175794
-27325.856962902184,1320.5857659084518,1730328900.1797965
-27463.834281424795,1305.6324488678515,1730328900.1838143
-27545.10522426429,1278.2068584211895,1730328900.1888428
-27408.58076913128,1348.2348737996667,1730328900.1918404
-27341.771404954365,1362.2717693175996,1730328900.1956468
-27273.64328785459,1278.2515619101002,1730328900.199872
-27179.94477509794,1277.290436898522,1730328900.2036924
-27225.251761108848,1368.0161676426137,1730328900.2078772
-27465.19773783657,1376.3980718133537,1730328900.2116268
-27534.97988402604,1309.678114614262,1730328900.2168226
-27527.29088393341,1277.357492131888,1730328900.2196665
-27458.20164182206,1328.0288968120692,1730328900.2237737
-27342.5537160103,1364.8422199299598,1730328900.227778
-27383.32329789678,1334.6897166597507,1730328900.231907
-27432.89946709865,1249.5295702850308,1730328900.23586
-27384.440885119544,1309.7675215920833,1730328900.2399535
-27337.234000829936,1370.2066385992337,1730328900.2439218
-27303.125238791137,1319.0211437965804,1730328900.2469635
-27373.08619893625,1306.2806494570557,1730328900.2509625
-27527.670863589152,1287.4381288812317,1730328900.2559695
-27295.25742474287,1325.681963644262,1730328900.259984
-27426.93155132909,1340.0094318401136,1730328900.2639496
-27475.613650752744,1289.2709719265667,1730328900.2680192
-27384.932623497563,1336.9919463386473,1730328900.2719617
-27350.46623354748,1402.8178337595266,1730328900.2747667
-27328.427413514542,1357.354385537432,1730328900.278822
-27357.84230921773,1254.1116778983687,1730328900.284042
-27395.415591647103,1262.6276925358409,1730328900.2878163
-27350.421530058567,1352.906388390826,1730328900.292006
-27359.8092627298,1363.7916879405605,1730328900.2957993
-27416.89561806865,1311.555661148508,1730328900.3000016
-27469.66808672763,1266.2710268820558,1730328900.3028665
-27368.03470468935,1355.9909291256583,1730328900.30696
-27270.44698839748,1345.3067952760214,1730328900.3118029
-27326.84043965822,1319.065847285491,1730328900.3160236
-27509.722412791543,1247.383802817321,1730328900.3198164
-27395.6167573472,1299.7539400761057,1730328900.3239908
-27285.936747305008,1430.1540172283671,1730328900.3278167
-27400.355327171725,1347.5643214660074,1730328900.331074
-27430.396071719657,1270.8978379843045,1730328900.3349447
-27440.744929402463,1310.0133907810916,1730328900.3390648
-27373.108550680707,1346.200865054234,1730328900.3439257
-27385.714934553496,1290.0532829825024,1730328900.348268
-27442.22014453652,1277.6257130653516,1730328900.352045
-27440.05202532435,1329.9734985796808,1730328900.3549953
-27360.680980763555,1374.8781531903928,1730328900.3589272
-27265.37314240613,1348.0113563551135,1730328900.3629608
-27360.479815063456,1277.4245473652538,1730328900.3670352
-27413.721670356,1262.5382855580194,1730328900.3719833
-27414.95101630104,1357.2649785596109,1730328900.3758893
-27433.5253159434,1328.6547456568178,1730328900.3790529
-27439.24736252396,1267.6568350382847,1730328900.3831036
-27455.810005165346,1278.0280444655473,1730328900.386897
-27366.49243432193,1350.8276761564823,1730328900.391091
-27283.276889714827,1403.4436826042752,1730328900.3949084
-27446.355217260745,1270.0261199505474,1730328900.400092
-27503.285110388413,1247.875541195338,1730328900.4041057
-27345.012407900384,1322.4633124426978,1730328900.4071753
-27309.78605863882,1364.1493158518454,1730328900.4111028
-27424.405804205635,1322.5080159316085,1730328900.4150915
-27422.304740226835,1290.0532829825024,1730328900.419224
-27378.920004239084,1329.5711671794854,1730328900.423309
-27252.118557944126,1350.7159174342055,1730328900.427986
-27405.406821418623,1306.2582977126,1730328900.4324038
-27490.946947449083,1265.7345850151282,1730328900.4351847
-27366.224213388472,1333.4156672257982,1730328900.4396496
-27345.92882942305,1339.1153620619014,1730328900.4437163
-27492.2880521164,1309.2087279807006,1730328900.4478133
-27507.420183112645,1304.06782675598,1730328900.4515135
-27481.939194433595,1347.7207836771947,1730328900.456821
-27328.67328270356,1399.576830813507,1730328900.460797
-27296.37501196564,1341.2387777851557,1730328900.4631336
-27419.667234381108,1265.131087914835,1730328900.4671328
-27510.43766861411,1286.8793352698488,1730328900.4712172
-27428.98791181897,1335.7178969046947,1730328900.475232
-27265.462549383945,1314.9978297946252,1730328900.4792252
-27488.51060730345,1292.7354923171392,1730328900.4845057
-27585.159550328204,1319.5575856635078,1730328900.4871278
-27390.967594500496,1366.898580419848,1730328900.490302
-27335.31175080678,1375.1687258683116,1730328900.4951344
-27465.041275625383,1280.3749776333543,1730328900.4993768
-27413.5205046559,1283.973608490659,1730328900.50308
-27471.32211581733,1340.7246876626834,1730328900.507502
-27501.608729554264,1341.7528679076277,1730328900.5120971
-27473.46788328504,1294.0095417510918,1730328900.5153544
-27456.01117086544,1307.420588424276,1730328900.5187812
-27473.44553154058,1304.3136959449882,1730328900.5236454
-27417.208542491026,1364.998682141147,1730328900.5278633
-27342.1066811212,1293.6295620953515,1730328900.531724
-27550.89432607821,1230.4411805201985,1730328900.5353453
-27484.50964504596,1359.9248361497923,1730328900.5405147
-27408.446658664547,1408.450473362264,1730328900.543712
-27432.921818843108,1313.3661524493878,1730328900.546214
-27362.3126581088,1246.2885673390113,1730328900.5518742
-27436.85572586724,1299.7315883316503,1730328900.555349
-27473.17731060712,1370.966597910714,1730328900.559527
-27491.617499782744,1342.4010684968316,1730328900.56356
-27471.00919139495,1322.8432920984378,1730328900.567479
-27561.064369805383,1301.5197278880748,1730328900.5712676
-27424.83048735029,1371.7936124555604,1730328900.5745173
-27327.399233269603,1372.7547374671385,1730328900.5792248
-27452.65840919714,1298.032855753047,1730328900.5835211
-27520.92063676365,1276.3069601424886,1730328900.5872838
-27455.27356329841,1315.4895681726418,1730328900.5918846
-27456.637019710182,1328.319469489988,1730328900.5952773
-27477.20062460907,1249.0825353959249,1730328900.5998497
-27452.569002219323,1234.4644945221537,1730328900.602666
-27438.152127045647,1310.9521640482146,1730328900.6069305
-27478.7875984654,1333.1474462923345,1730328900.6113324
-27499.574720808832,1298.9269255312593,1730328900.6153288
-27507.39783136819,1274.6305793083409,1730328900.619515
-27438.97914159049,1315.4001611948206,1730328900.622987
-27243.513136328835,1393.966542955225,1730328900.6265397
-27306.276834759337,1330.7334578911614,1730328900.6309595
-27511.77877328143,1262.515933813564,1730328900.634818
-27566.853471619303,1278.519782843564,1730328900.6398935
-27481.26864209993,1330.2417195131443,1730328900.643563
-27430.597237419755,1279.391500877321,1730328900.647584
-27419.75664135893,1258.939654700715,1730328900.6505055
-27483.68263050111,1269.847305994905,1730328900.6545644
-27454.178327820104,1346.5361412210634,1730328900.6587856
-27425.94807457305,1377.9850456696804,1730328900.6623924
-27405.876208052185,1294.233059195645,1730328900.667684
-27416.962673302016,1302.0114662660917,1730328900.6715848
-27354.22132661597,1345.2397400426555,1730328900.675609
-27334.70825370649,1320.3846002083542,1730328900.6784468
-27437.638036923177,1307.6664576132844,1730328900.6826997
-27452.01020860794,1281.0455299670136,1730328900.6864395
-27318.65970118758,1332.678059658773,1730328900.6909611
-27413.274635466893,1347.2737487880886,1730328900.6944969
-27446.735196916485,1275.4799455976422,1730328900.699932
-27450.19971730706,1242.0193841480475,1730328900.7035253
-27415.37569944569,1336.6790219162729,1730328900.7071493
-27360.524518552367,1345.7761819095829,1730328900.7108808
-27473.512586773944,1302.2126319661895,1730328900.714825
-27495.126723662223,1273.133012429835,1730328900.719021
-27423.06469953832,1307.8676233133822,1730328900.7229435
-27309.11550630516,1380.8460689599597,1730328900.7278187
-27352.477890548456,1329.3252979904769,1730328900.7316415
-27432.67594965409,1254.223436620645,1730328900.7346756
-27428.18324901858,1280.06205321098,1730328900.7391517
-27358.3563993402,1324.2514519991223,1730328900.7429492
-27425.009301305927,1278.2515619101002,1730328900.7467923
-27428.42911820759,1244.299262082489,1730328900.7510169
-27419.53312391437,1277.2457334096114,1730328900.755602
-27419.93545531457,1366.2056763417336,1730328900.7597408
-27454.33479003129,1341.1493708073344,1730328900.7626274
-27407.64199586416,1264.2146663921674,1730328900.7667596
-27464.169557591627,1261.8230297354496,1730328900.770553
-27458.3804557777,1345.7761819095829,1730328900.7745671
-27374.337896625748,1328.095952045435,1730328900.7785945
-27366.157158155103,1244.612186504863,1730328900.783774
-27449.43975799558,1234.553901499975,1730328900.78655
-27433.435908965577,1331.806341625016,1730328900.789886
-27393.158065457115,1332.923928847781,1730328900.7946718
-27412.268806966404,1289.896820771315,1730328900.7988613
-27427.512696684924,1264.4381838367206,1730328900.8027537
-27318.547942465302,1319.6693443857844,1730328900.8068607
-27295.190369509502,1342.3563650079209,1730328900.8116016
-27448.43392949509,1291.617905094374,1730328900.814757
-27476.50772053096,1250.6695092522514,1730328900.8177578
-27499.798238253385,1326.777199122572,1730328900.822775
-27426.14924027315,1371.1454118663564,1730328900.826671
-27421.030690792883,1329.54881543503,1730328900.8308127
-27452.88192664169,1241.170017858746,1730328900.8346777
-27471.120950117227,1263.9240937142486,1730328900.839841
-27416.64974887964,1352.906388390826,1730328900.842706
-27427.08801354028,1273.4459368522091,1730328900.8456364
-27405.920911541096,1268.7967740055053,1730328900.850835
-27506.570816823343,1283.034835223536,1730328900.8548265
-27511.421145370143,1335.159103293312,1730328900.858842
-27371.74509426893,1360.7518506946387,1730328900.8627644
-27432.11715604272,1266.2486751376005,1730328900.8667965
-27568.39574198672,1231.0893811094024,1730328900.8698237
-27486.700116002576,1315.1989954947228,1730328900.8738053
-27361.99973368641,1320.7869316085496,1730328900.878723
-27371.25335589092,1267.254503638089,1730328900.8830252
-27522.641721086708,1250.9824336746258,1730328900.8867188
-27467.947002404573,1314.5731466499742,1730328900.890897
-27367.11828316668,1323.580899665463,1730328900.894798
-27439.47087996851,1245.3050905829778,1730328900.8980424
-27507.129610434728,1251.071840652447,1730328900.9022732
-27514.639796571708,1342.1551993078233,1730328900.9060752
-27416.202713990537,1374.967560168214,1730328900.9111073
-27434.24057176597,1291.6626085832845,1730328900.9151173
-27410.257149965422,1239.2701195800448,1730328900.9191608
-27485.090790401795,1282.6325038233406,1730328900.9221148
-27427.646807151654,1361.288292561566,1730328900.925816
-27345.9064776786,1353.9569203802253,1730328900.9299378
-27399.4165539046,1289.9191725157707,1730328900.9349103
-27527.49204963351,1286.96874224767,1730328900.9395225
-27510.482372103022,1342.423420241287,1730328900.9434383
-27427.08801354028,1321.0775042864686,1730328900.947134
-27542.758291096485,1248.8590179513717,1730328900.9504251
-27564.08185530685,1279.4809078551425,1730328900.9538848
-27477.67001124263,1354.0910308469572,1730328900.9582028
-27317.98914885392,1333.482722459164,1730328900.961896
-27394.90150152463,1265.3546053593882,1730328900.967136
-27527.64851184469,1255.2516168655893,1730328900.9709096
-27328.8520966592,1341.5964056964406,1730328900.9749968
-27414.347519200743,1362.4729350176974,1730328900.9778602
-27490.70107826008,1282.1184137008684,1730328900.982496
-27535.76219508197,1267.1427449158127,1730328900.9860704
-27511.085869203314,1351.5652837235075,1730328900.9901907
-27409.027804020385,1375.0569671460353,1730328900.9948976
-27441.3260747583,1294.367169662377,1730328900.9994476
-27466.62824948171,1258.2020471336898,1730328901.0025203
-27498.70300277508,1284.0853672129354,1730328901.0062444
-27413.94518780055,1329.0347253125578,1730328901.0101466
-27412.291158710857,1300.692713343229,1730328901.0141225
-27488.55531079237,1217.7900931584948,1730328901.0181682
-27442.689531170075,1282.8560212678935,1730328901.0231724
-27345.97353291196,1362.6293972288845,1730328901.0271935
-27285.243843226894,1318.3058879740106,1730328901.0302668
-27420.538952414867,1247.7637824730614,1730328901.034145
-27572.016724588484,1285.6052858358962,1730328901.038034
-27458.782787177897,1335.3826207378652,1730328901.0424256
-27307.21560802646,1329.3252979904769,1730328901.0459592
-27411.15121974364,1298.099910986413,1730328901.0505335
-27489.65054627068,1294.0542452400025,1730328901.0551493
-27342.821936943765,1374.7887462125716,1730328901.058431
-27342.88899217713,1349.6653854448064,1730328901.062039
-27424.22699025,1248.032003406525,1730328901.0667326
-27491.237520127004,1273.356529874388,1730328901.0699878
-27447.875135883707,1300.1562714763013,1730328901.0742197
-27316.15630580858,1360.84125767246,1730328901.0789971
-27403.32810918428,1322.820940353983,1730328901.083508
-27497.83128474132,1278.139803187824,1730328901.086171
-27436.09576655576,1339.7188591621948,1730328901.0903034
-27409.363080187213,1347.385507510365,1730328901.0943675
-27352.03085565935,1280.710253800184,1730328901.098342
-27443.6283044372,1264.3040733699886,1730328901.1024604
-27452.948981875063,1315.1989954947228,1730328901.1073513
-27347.716968979475,1382.3659875829203,1730328901.110608
-27427.512696684924,1328.5653386789966,1730328901.1133232
-27489.62819452622,1235.805599189472,1730328901.1184893
-27404.646862107144,1265.421660592754,1730328901.12266
-27395.303832924827,1333.4156672257982,1730328901.1268196
-27424.8751908392,1328.7218008901837,1730328901.1304097
-27400.04240274935,1278.944465988215,1730328901.1352472
-27487.77299973643,1301.385617421343,1730328901.1382942
-27415.576865145787,1346.4020307543317,1730328901.141565
-27319.173791310048,1328.1183037898904,1730328901.146144
-27446.91401087213,1257.48679131112,1730328901.1506708
-27507.174313923635,1290.030931238047,1730328901.15424
-27450.66910394062,1360.1707053388006,1730328901.1586895
-27426.640978651165,1354.0239756135911,1730328901.162176
-27404.445696407045,1275.4575938531868,1730328901.1663363
-27463.25313606896,1249.1495906292903,1730328901.1691988
-27384.329126397268,1342.64693768584,1730328901.1731443
-27389.24651017744,1384.6235137729066,1730328901.1781635
-27463.16372909114,1311.935640804248,1730328901.1824536
-27523.75930830948,1274.5635240749746,1730328901.1862516
-27504.82738075583,1344.926815620281,1730328901.1907504
-27410.32420519879,1370.2513420881442,1730328901.194279
-27391.302870667325,1290.6344283383405,1730328901.1976228
-27382.5633385853,1273.3788816188433,1730328901.2016597
-27447.71867367252,1288.6674748262733,1730328901.2069054
-27493.427991083623,1311.8238820819715,1730328901.2106864
-27433.94999908805,1313.813187338494,1730328901.2144
-27466.561194248345,1283.7724427905612,1730328901.218632
-27490.49991255998,1302.391445921832,1730328901.2228577
-27443.360083503736,1354.2027895692338,1730328901.2252998
-27449.10448182875,1313.8578908274044,1730328901.22928
-27422.66236813812,1263.5664658029636,1730328901.23441
-27508.4930668465,1284.0183119795695,1730328901.2385569
-27510.50472384748,1311.3991989373208,1730328901.2426689
-27362.17854764206,1323.6926583877396,1730328901.2453368
-27482.31917408933,1291.170870205268,1730328901.249791
-27560.72909363855,1250.714212741162,1730328901.2532809
-27486.431895069112,1336.366097493899,1730328901.257584
-27479.34639207678,1361.2435890726554,1730328901.26232
-27480.91101418865,1293.16017546179,1730328901.2670553
-27509.610654069264,1259.878427967838,1730328901.2703004
-27507.889569746207,1347.2066935547225,1730328901.273749
-27400.60119636073,1349.3301092779768,1730328901.2778463
-27498.63594754171,1258.0455849225027,1730328901.2814448
-27516.65145357269,1275.5917043199188,1730328901.2855053
-27504.737973778007,1317.7023908737174,1730328901.2896
-27456.681723199097,1323.9608793212033,1730328901.2943995
-27460.839147667783,1308.649934369318,1730328901.298672
-27513.87983726023,1300.2009749652118,1730328901.3014505
-27444.2765050264,1317.747094362628,1730328901.305333
-27396.622585847686,1367.4126705423205,1730328901.3099172
-27369.46521633449,1321.0775042864686,1730328901.3137743
-27473.289069329392,1258.134991900324,1730328901.317583
-27502.81572375485,1274.5411723305194,1730328901.322926
-27471.94796466207,1349.374812766887,1730328901.3271267
-27406.971443530496,1325.7266671331724,1730328901.3295069
-27488.979993937017,1263.7899832475166,1730328901.3339992
-27473.62434549622,1272.4401083517205,1730328901.3373992
-27375.388428615148,1350.7159174342055,1730328901.3418915
-27426.90919958463,1370.608969999429,1730328901.345431
-27524.429860643133,1264.5052390700864,1730328901.3510244
-27505.989671467505,1246.3779743168325,1730328901.3535435
-27383.59151883024,1345.7538301651275,1730328901.3577075
-27375.65664954861,1348.4360394997643,1730328901.3615386
-27459.207470322548,1259.6102070343743,1730328901.365616
-27529.570761867853,1260.8842564683266,1730328901.369496
-27399.125981226684,1330.3981817243316,1730328901.3736198
-27338.3515880527,1344.2339115421669,1730328901.3784573
-27476.641830997687,1256.4809628106311,1730328901.3816545
-27509.945930236096,1231.6928782096957,1730328901.3856287
-27374.40495185912,1310.4380739257424,1730328901.3896005
-27397.74017307045,1367.2785600755883,1730328901.393603
-27457.642848210675,1282.520745101064,1730328901.3976374
-27474.339601318792,1222.8862908943047,1730328901.401564
-27426.730385628987,1280.1514601888014,1730328901.4066825
-27429.881981597184,1365.8927519193594,1730328901.4097097
-27433.502964198942,1303.5090331445972,1730328901.412768
-27448.09865332826,1227.6248607188295,1730328901.417532
-27456.61466796573,1250.8483232078938,1730328901.422152
-27328.00273036989,1295.5965156074185,1730328901.42571
-27306.76857313736,1299.2845534425442,1730328901.4299295
-27490.67872651562,1241.10296262538,1730328901.4338453
-27517.143191950705,1285.001788735603,1730328901.4377244
-27375.276669892868,1338.8918446173484,1730328901.4410293
-27367.498262822424,1357.1532198373343,1730328901.444666
-27488.220034625538,1280.1514601888014,1730328901.4497087
-27483.325002589823,1269.8026025059942,1730328901.4536605
-27432.13950778717,1320.0940275304351,1730328901.458176
-27314.815201141264,1329.2805945015664,1730328901.4618115
-27396.220254447493,1278.1174514433685,1730328901.465824
-27462.560231990843,1258.6267302783408,1730328901.4689867
-27423.04234779386,1298.614001108885,1730328901.472818
-27350.533288780844,1346.804362154527,1730328901.4776497
-27409.027804020385,1267.7015385271957,1730328901.4819124
-27455.787653420884,1218.1253693253243,1730328901.485891
-27484.755514234963,1282.8560212678935,1730328901.4891877
-27411.419440677106,1349.911254633815,1730328901.4928584
-27400.511789382912,1311.1756814927676,1730328901.4970024
-27371.365114613192,1233.972756144137,1730328901.5022657
-27390.7664288004,1267.3439106159103,1730328901.505782
-27407.28436795287,1365.3116065635213,1730328901.5100267
-27396.823751547785,1325.4360944552534,1730328901.5138535
-27458.469862755523,1235.000936389081,1730328901.517032
-27481.29099384439,1242.5781777594302,1730328901.520832
-27379.34468738373,1330.4652369576977,1730328901.5247867
-27328.06978560326,1332.1192660473905,1730328901.5286877
-27389.715896811,1257.8891227113156,1730328901.533986
-27503.6427382997,1230.843511920394,1730328901.5378609
-27516.36088089477,1278.96681773267,1730328901.542282
-27403.775144073385,1337.774257394583,1730328901.5447588
-27342.419605543568,1290.6344283383405,1730328901.5489974
-27442.82364163681,1230.7317531981175,1730328901.552744
-27418.214370991514,1299.9104022872928,1730328901.556865
-27375.65664954861,1343.228083041678,1730328901.561808
-27399.170684715595,1283.906553257293,1730328901.5660987
-27421.61183614872,1265.645178037307,1730328901.5698247
-27404.80332431833,1333.7509433926275,1730328901.5731082
-27381.13282694016,1357.5108477486192,1730328901.5770357
-27370.89572797963,1279.771480533061,1730328901.582062
-27413.00641453343,1226.1496455847796,1730328901.584921
-27298.83370385572,1266.740413515617,1730328901.5895123
-27347.627562001653,1332.186321280756,1730328901.5932176
-27443.33773175928,1304.1348819893458,1730328901.5975444
-27448.41157775064,1243.584006259919,1730328901.601099
-27363.765521498382,1304.7383790896392,1730328901.6061049
-27388.19597818804,1338.5565684505189,1730328901.6100404
-27431.06662405332,1330.8899201023485,1730328901.6129408
-27432.31832174281,1277.648064809807,1730328901.6175077
-27477.15592112016,1268.6626635387736,1730328901.6208656
-27379.27763215037,1325.324335732977,1730328901.624944
-27337.97160839696,1339.5400452065523,1730328901.6288416
-27423.444679194057,1246.4003260612878,1730328901.6340303
-27422.528257671387,1257.3526808443885,1730328901.638147
-27390.29704216684,1341.9763853521808,1730328901.641506
-27352.18731787054,1312.5838413934518,1730328901.6448307
-27416.6721006241,1263.9464454587037,1730328901.649438
-27507.48723834601,1269.199105405701,1730328901.6529164
-27425.501039683943,1333.6391846703511,1730328901.6574523
-27454.7818249204,1313.0085245381028,1730328901.6618924
-27475.36778156373,1268.4838495831311,1730328901.6650517
-27488.64471777019,1248.9931284181034,1730328901.6681817
-27460.6826854566,1283.0795387124467,1730328901.6732423
-27364.32431510977,1359.3436907939542,1730328901.6773012
-27373.08619893625,1309.5663558919855,1730328901.6810975
-27462.940211646583,1234.039811377503,1730328901.6851015
-27442.443661981066,1284.0630154684802,1730328901.6905248
-27414.41457443411,1359.7907256830604,1730328901.693645
-27407.6196441197,1312.8297105824604,1730328901.69593
-27450.982028363,1243.7181167266508,1730328901.7016015
-27447.629266694697,1284.353588146399,1730328901.7050805
-27423.154106516136,1358.0472896155466,1730328901.7091322
-27377.869472249684,1321.032800797558,1730328901.7131631
-27361.55269879731,1245.9532911721817,1730328901.7184105
-27388.93358575506,1269.1096984278795,1730328901.7209408
-27534.421090414657,1320.1163792748905,1730328901.724113
-27479.97224092153,1338.1542370503232,1730328901.7290592
-27406.256187707924,1267.4333175937318,1730328901.733579
-27439.76145264643,1261.8230297354496,1730328901.7370934
-27519.288959418413,1327.268937500589,1730328901.741402
-27470.897432672675,1329.615870668396,1730328901.7449794
-27436.699263656054,1226.1272938403242,1730328901.7494712
-27496.44547658509,1199.2604970050452,1730328901.7522504
-27436.25222876695,1293.1825272062454,1730328901.7574496
-27411.44179242156,1354.6945279472504,1730328901.760998
-27479.34639207678,1302.8831842998486,1730328901.7652411
-27512.181104681626,1246.3556225723771,1730328901.7692082
-27420.829525092784,1274.7870415195275,1730328901.7732985
-27370.85102449072,1331.515768947097,1730328901.7764392
-27454.04421735337,1299.843347053927,1730328901.7802925
-27579.77277991448,1228.3177647969444,1730328901.7841692
-27447.852784139253,1276.2399049091227,1730328901.7892811
-27347.64991374611,1347.8995976328372,1730328901.7930655
-27454.178327820104,1330.129960790868,1730328901.7973175
-27529.906038034685,1238.6442707352962,1730328901.800263
-27517.59022683981,1254.9610441876705,1730328901.804407
-27409.206617976022,1348.83837089996,1730328901.8085344
-27364.637239532145,1343.5410074640522,1730328901.8136556
-27500.848770242785,1268.3720908608543,1730328901.8175097
-27501.608729554264,1253.396422075799,1730328901.821848
-27444.075339326304,1315.713085617195,1730328901.825348
-27404.289234195858,1325.5925566664407,1730328901.8281384
-27480.30751708836,1273.4682885966645,1730328901.8323028
-27478.3852670652,1249.7083842406732,1730328901.8361952
-27411.017109276905,1318.6188123963848,1730328901.8405392
-27448.09865332826,1350.224179056189,1730328901.845154
-27507.30842439037,1280.7549572890946,1730328901.8496995
-27475.77011296393,1228.362468285855,1730328901.8532212
-27454.401845264656,1267.790945505017,1730328901.8568337
-27407.88786505316,1336.45550447172,1730328901.8605795
-27391.99577474544,1300.7150650876838,1730328901.864355
-27453.37366501972,1244.902759182782,1730328901.8687165
-27489.807008481865,1279.2126869216786,1730328901.873775
-27423.6234931497,1373.7158624787169,1730328901.8773005
-27410.19009473206,1316.2048239952117,1730328901.8815649
-27440.253191024447,1240.8347416919162,1730328901.8843837
-27500.558197564867,1274.228247908145,1730328901.888954
-27444.298856770856,1334.197978281734,1730328901.892701
-27421.880057082184,1297.9434487752258,1730328901.8965216
-27404.17747547358,1226.8649014073494,1730328901.9017828
-27447.115176572228,1268.305035627489,1730328901.9053535
-27429.03261530788,1353.1522575798342,1730328901.9088027
-27383.56916708579,1340.5682254514963,1730328901.9123952
-27333.03187287234,1291.550849861008,1730328901.9162688
-27444.63413293769,1278.9891694771254,1730328901.9203863
-27431.558362431333,1336.7013736607282,1730328901.9250116
-27394.208597446515,1332.8121701255047,1730328901.9283657
-27458.916897644627,1268.6626635387736,1730328901.933987
-27480.352220577268,1264.4381838367206,1730328901.9364188
-27420.42719369259,1313.7908355940383,1730328901.9408152
-27367.99000120044,1319.3117164744997,1730328901.9444125
-27406.971443530496,1269.9590647171815,1730328901.9487505
-27419.71193787002,1251.004785419081,1730328901.9525027
-27417.14148725766,1290.2320969381449,1730328901.956544
-27378.78589377236,1327.157178778312,1730328901.961457
-27283.008668781364,1312.1144547598906,1730328901.964738
-27335.445861273514,1249.551922029486,1730328901.968901
-27605.454934293623,1276.1504979313015,1730328901.9729185
-27469.24340358298,1334.801475382027,1730328901.9767184
-27389.961766000008,1296.3341231744437,1730328901.9807374
-27429.74787113045,1215.2866977795004,1730328901.985057
-27514.79625878289,1263.007672191581,1730328901.9896154
-27429.591408919267,1347.2513970436332,1730328901.99254
-27348.94631492452,1303.0843499999464,1730328901.9971292
-27406.703222597032,1214.5714419569306,1730328902.0006409
-27412.157048244128,1233.7045352106734,1730328902.004555
-27396.89080678115,1309.7675215920833,1730328902.0090485
-27354.578954527256,1354.3369000359655,1730328902.012498
-27403.57397837329,1293.0484167395136,1730328902.0171258
-27415.018071534407,1255.2963203545,1730328902.0194774
-27418.013205291416,1325.54785317753,1730328902.02372
-27403.32810918428,1315.869547828382,1730328902.0285077
-27363.65376277611,1262.650044280296,1730328902.032925
-27494.21030213956,1236.9008346677822,1730328902.036622
-27427.4232897071,1310.1251495033682,1730328902.041024
-27329.232076314936,1362.6293972288845,1730328902.0445688
-27364.03374243185,1288.6004195929074,1730328902.0476575
-27469.24340358298,1258.3585093448771,1730328902.0519836
-27433.94999908805,1293.830727795449,1730328902.0567057
-27376.57307107128,1314.7072571167062,1730328902.060784
-27371.09689367973,1293.6519138398069,1730328902.0645795
-27449.260944039936,1274.58587581943,1730328902.068677
-27380.41757111759,1299.2845534425442,1730328902.0725925
-27371.208652402005,1351.162952323312,1730328902.075606
-27397.404896903623,1323.5138444320971,1730328902.0797057
-27545.529907408945,1220.8299304044165,1730328902.0847075
-27468.90812741615,1268.6403117943182,1730328902.0891533
-27372.50505358041,1342.5575307080187,1730328902.0930755
-27327.734509436432,1308.135844246846,1730328902.097149
-27494.187950395102,1231.7375816986064,1730328902.0998049
-27486.49895030248,1259.7890209900168,1730328902.103554
-27449.685627184583,1331.1581410358122,1730328902.1076972
-27419.354309958737,1337.1707602942895,1730328902.1117077
-27424.182286761083,1280.8667160113712,1730328902.11717
-27470.048066383373,1249.9319016852262,1730328902.1206534
-27478.474674043024,1309.6110593808962,1730328902.125178
-27419.71193787002,1331.3369549914546,1730328902.12763
-27437.772147389907,1262.6276925358409,1730328902.1320436
-27444.38826374868,1246.042698150003,1730328902.1357336
-27464.795406436373,1321.770408364583,1730328902.1400237
-27464.14720584717,1357.957882637725,1730328902.1446996
-27471.746798961976,1292.4002161503097,1730328902.1490653
-27437.10159505625,1254.759878487573,1730328902.1516576
-27423.89171408316,1306.6829808572509,1730328902.1558127
-27349.192184113526,1374.2523043456442,1730328902.160009
-27364.36901859868,1321.457483942209,1730328902.1639357
-27491.617499782744,1234.7997706889837,1730328902.1676648
-27509.185970924613,1261.6218640353518,1730328902.1726596
-27447.96454286153,1355.7003564477393,1730328902.177389
-27302.812314368763,1361.4671065172083,1730328902.1801462
-27467.18704309309,1257.9561779446817,1730328902.1840684
-27627.85138223784,1267.522724571553,1730328902.187703
-27440.11908055772,1349.0171848556024,1730328902.19189
-27394.90150152463,1346.223216798689,1730328902.195823
-27411.553551143832,1261.9124367132708,1730328902.2012973
-27469.690438472087,1239.314823068955,1730328902.204836
-27427.065661795816,1310.9298123037593,1730328902.2080655
-27427.646807151654,1352.1464290793454,1730328902.2117252
-27492.62332828324,1289.1145097153794,1730328902.21577
-27495.19377889559,1248.7025557401844,1730328902.2198238
-27454.1336243312,1318.1494257628235,1730328902.2240577
-27396.04144049185,1344.5244842200857,1730328902.2288015
-27426.61862690671,1284.3088846574883,1730328902.2332582
-27444.0306358374,1253.6869947537175,1730328902.235773
-27516.0479564724,1314.237870483145,1730328902.2403047
-27458.089883099783,1351.1182488344014,1730328902.2439387
-27461.844976168275,1248.1884656177124,1730328902.2485404
-27448.165708561624,1183.8377933308832,1730328902.2521915
-27447.226935294504,1257.7550122445837,1730328902.257424
-27327.68980594752,1337.774257394583,1730328902.260257
-27397.80722830382,1330.3311264909655,1730328902.263173
-27465.287144814392,1283.3477596459104,1730328902.2680793
-27542.378311440745,1260.928959957237,1730328902.2724986
-27445.751720160453,1329.2135392682003,1730328902.2760944
-27407.91021679762,1317.8588530849045,1730328902.2806036
-27410.63712962117,1257.1068116553795,1730328902.2849536
-27442.734234658987,1270.5402100730194,1730328902.288
-27408.960748787016,1337.483684716664,1730328902.291454
-27364.726646509964,1308.4934721581308,1730328902.2959292
-27405.45152490753,1238.1078288683689,1730328902.3003652
-27361.84327147523,1243.494599282098,1730328902.3040037
-27375.969573970982,1308.3593616913988,1730328902.308139
-27467.67878147111,1316.1601205063012,1730328902.311906
-27425.389280961663,1234.1292183553242,1730328902.316393
-27439.202659035047,1220.137026326302,1730328902.318958
-27479.34639207678,1319.155254263312,1730328902.322946
-27387.413667132103,1340.031783584569,1730328902.327983
-27366.31362036629,1259.1184686563574,1730328902.3325307
-27477.893528687186,1202.5014999510647,1730328902.335951
-27435.80519387784,1294.1213004733684,1730328902.340314
-27367.028876188862,1358.8296006714822,1730328902.3440769
-27400.08710623826,1282.3195794009662,1730328902.3475823
-27431.71482464252,1216.9183751247376,1730328902.3521311
-27435.55932468883,1279.9949979776145,1730328902.3562648
-27443.404786992647,1336.6343184273624,1730328902.3605044
-27361.865623219684,1314.5954983944296,1730328902.3644085
-27468.4834442715,1228.518930497042,1730328902.3683755
-27477.49119728699,1235.0232881335364,1730328902.3721795
-27394.923853269083,1306.2135942236894,1730328902.3751488
-27358.24464061793,1316.473044928675,1730328902.3791735
-27444.6788364266,1251.7200412416507,1730328902.3841894
-27483.995554923484,1249.909549940771,1730328902.3882103
-27381.781027529363,1302.4585011551978,1730328902.3922029
-27288.59660489519,1323.1785682652676,1730328902.3961737
-27419.91310357012,1281.6490270673069,1730328902.4001849
-27467.745836704475,1245.9309394277263,1730328902.4030588
-27409.5195423984,1299.7315883316503,1730328902.4071589
-27365.777178499364,1334.712068404206,1730328902.4110253
-27380.08229495076,1290.3438556604217,1730328902.4161928
-27519.177200696136,1246.3779743168325,1730328902.4200468
-27436.25222876695,1305.9900767791364,1730328902.4232495
-27317.966797109464,1352.7499261796388,1730328902.4272208
-27404.13277198467,1283.8618497683824,1730328902.4313955
-27435.6263799222,1248.814314462461,1730328902.4352362
-27412.33586219977,1267.388614104821,1730328902.4394343
-27348.18635561304,1340.612928940407,1730328902.4440858
-27310.993052839407,1316.383637950854,1730328902.4485538
-27421.67889138209,1226.5072734960645,1730328902.4515853
-27477.71471473154,1272.2165909071673,1730328902.4552965
-27446.01994109392,1328.4312282122646,1730328902.4595528
-27334.149460095105,1316.6518588843178,1730328902.4638903
-27423.1764582606,1223.936822883704,1730328902.46736
-27441.12490905821,1244.4110208047657,1730328902.4722557
-27444.6788364266,1336.880187616371,1730328902.4763231
-27412.0229377774,1328.1183037898904,1730328902.4792502
-27441.706054414044,1260.4819250681312,1730328902.483372
-27472.99849665147,1225.769665929039,1730328902.487202
-27393.04630673484,1287.2816666700444,1730328902.4913812
-27379.925832739573,1285.784099791539,1730328902.4952168
-27420.315434970315,1253.0164424200586,1730328902.5003135
-27454.24538305347,1260.0572419234804,1730328902.5031693
-27399.37185041569,1336.0308213270691,1730328902.5073571
-27295.81621835425,1329.839388112949,1730328902.5112066
-27401.316452183302,1250.6024540188855,1730328902.5152884
-27510.25885465847,1242.0417358925029,1730328902.5192275
-27450.13266207369,1278.9221142437596,1730328902.5232773
-27384.552643841824,1309.6110593808962,1730328902.528202
-27392.196940445538,1296.4011784078095,1730328902.531392
-27434.21822002152,1249.4401633072096,1730328902.5352535
-27479.72637173252,1279.9502944887035,1730328902.5393755
-27411.307681954822,1352.7946296685493,1730328902.543379
-27406.211484219013,1307.1076640019016,1730328902.5473197
-27461.10736860125,1228.4071717747656,1730328902.551391
-27439.202659035047,1259.878427967838,1730328902.5564263
-27389.201806688525,1348.883074388871,1730328902.5592732
-27381.37869612917,1330.0182020685916,1730328902.5624025
-27471.053894883866,1241.9970324035924,1730328902.5673385
-27464.39307503618,1246.065049894458,1730328902.5714223
-27432.832411865285,1293.8977830288152,1730328902.575272
-27345.5041462784,1344.770353409094,1730328902.5793133
-27438.04036832337,1287.8851637703376,1730328902.5844707
-27468.81872043833,1244.3439655713994,1730328902.5874395
-27450.06560684033,1295.1494807183124,1730328902.5914595
-27478.40761880965,1309.0522657695135,1730328902.595418
-27431.491307197968,1281.738434045128,1730328902.5994425
-27547.273343476456,1220.5393577264974,1730328902.603386
-27501.318156876347,1294.1660039622789,1730328902.6074772
-27402.612853361712,1318.842329840938,1730328902.612502
-27444.745891659964,1250.5577505299748,1730328902.615482
-27506.5931685678,1234.978584644626,1730328902.6184933
-27512.40462212617,1300.8491755544158,1730328902.6235447
-27404.33393768477,1332.029859069569,1730328902.62732
-27389.157103199614,1273.356529874388,1730328902.6315494
-27521.12180246375,1208.6929331651847,1730328902.6353369
-27466.941173904084,1251.2730063525446,1730328902.6385584
-27390.22998693347,1345.418553998298,1730328902.6423788
-27466.11415935924,1302.1902802217342,1730328902.6463556
-27508.135438935216,1228.138950841302,1730328902.651552
-27512.315215148355,1259.1631721452682,1730328902.6555164
-27368.59349830073,1327.3806962228653,1730328902.6595109
-27317.25154128689,1315.1095885169016,1730328902.6635687
-27392.71103056801,1256.2350936216228,1730328902.6666164
-27513.45515411557,1230.8658636648493,1730328902.670596
-27456.30174354336,1297.3175999304772,1730328902.6745565
-27364.48077732096,1301.0726929989687,1730328902.6796443
-27429.300836241346,1214.102055323369,1730328902.6836617
-27514.41627912716,1198.589944671386,1730328902.6876166
-27434.32997874379,1265.712233270673,1730328902.6916437
-27335.73643395143,1281.6713788117622,1730328902.6944964
-27444.298856770856,1220.360543770855,1730328902.6986127
-27482.52033978944,1224.652078706274,1730328902.7024777
-27405.585635374267,1282.1854689342344,1730328902.706621
-27361.105663908205,1290.8802975273488,1730328902.7114413
-27382.876263007674,1217.8571483918606,1730328902.7156706
-27481.49215954449,1181.7590810965396,1730328902.7194984
-27453.843051653275,1258.0232331780471,1730328902.7225845
-27344.475966033457,1312.807358838005,1730328902.7266922
-27448.81390915083,1227.1107705963575,1730328902.7307048
-27556.392855214224,1152.813572026917,1730328902.734715
-27465.041275625383,1232.6540032212738,1730328902.7397156
-27361.530347052856,1306.6382773683404,1730328902.743712
-27363.005562186907,1251.228302863634,1730328902.7468004
-27421.120097770705,1176.3052554494448,1730328902.7507925
-27413.67696686709,1219.9135088817488,1730328902.755263
-27461.844976168275,1276.4634223536757,1730328902.7590168
-27417.94615005805,1258.0232331780471,1730328902.763326
-27464.281316313904,1174.6065228708414,1730328902.7670918
-27457.17346157712,1188.9563428111485,1730328902.7723937
-27392.04047823435,1268.6179600498629,1730328902.7751048
-27338.709215963987,1278.5421345880193,1730328902.778682
-27374.159082670103,1233.2798520660224,1730328902.7830613
-27463.789577935884,1192.8231946019166,1730328902.7867198
-27352.07555914826,1241.2594248365672,1730328902.7911024
-27361.23977437493,1257.7550122445837,1730328902.7947016
-27431.692472898063,1221.679296693718,1730328902.800305
-27461.889679657183,1192.979656813104,1730328902.8026404
-27452.77016791941,1226.306107795967,1730328902.8068254
-27364.59253604324,1262.2253611356452,1730328902.8106325
-27341.25731483189,1209.6764099212182,1730328902.8146825
-27450.5796969628,1148.0526504579366,1730328902.8187816
-27484.241424112493,1196.265363248034,1730328902.8228333
-27409.877170309686,1252.234131364123,1730328902.8276448
-27373.823806503275,1203.104997051358,1730328902.8308516
-27430.1278507862,1170.9855402690816,1730328902.8347948
-27454.1336243312,1189.2916189779785,1730328902.838869
-27338.463346774977,1246.3109190834666,1730328902.842782
-27387.27955666537,1235.2468055780896,1730328902.8469176
-27458.156938333148,1155.495781361554,1730328902.8509085
-27429.881981597184,1173.1760112257018,1730328902.8558495
-27332.36132053868,1262.4488785801982,1730328902.858699
-27327.22041931396,1238.9795469021258,1730328902.862913
-27464.281316313904,1155.4734296170986,1730328902.8669088
-27481.38040082221,1134.8651212293055,1730328902.8709655
-27381.73632404045,1215.040828590492,1730328902.8750193
-27430.597237419755,1226.0602386069584,1730328902.8789494
-27388.68771656605,1164.1235547213023,1730328902.882978
-27416.42623143509,1163.497705876554,1730328902.8858657
-27457.553441232856,1238.6889742242067,1730328902.8900068
-27362.714989508982,1232.8998724102823,1730328902.8948116
-27365.218384887983,1159.876723274794,1730328902.899022
-27413.095821511248,1162.3577669093331,1730328902.9028015
-27368.12411166717,1261.8900849688157,1730328902.9070218
-27360.74803599692,1272.77538451855,1730328902.910786
-27387.83835027676,1198.679351649207,1730328902.91399
-27451.227897552,1136.8991299747383,1730328902.9179502
-27398.969519015496,1190.1856887561903,1730328902.9229746
-27352.09791089272,1250.1554191297794,1730328902.9270823
-27386.29607990933,1196.3324184813998,1730328902.9310377
-27446.645789938662,1107.5959929938308,1730328902.9351969
-27502.458095843565,1172.460755403132,1730328902.9389422
-27380.842254262243,1260.258407623578,1730328902.9423628
-27335.758785695885,1218.4159420032431,1730328902.9461768
-27418.437888436067,1155.1828569391796,1730328902.9514208
-27504.760325522464,1142.1517899217356,1730328902.9550998
-27406.85968480822,1221.1875583157014,1730328902.959104
-27344.878297433654,1221.2546135490672,1730328902.963739
-27402.74696382844,1136.5638538079088,1730328902.967368
-27393.985080001963,1123.1975106236353,1730328902.96991
-27407.84316156425,1226.842549662894,1730328902.9741373
-27419.689586125565,1259.3196343564553,1730328902.979132
-27449.46210974004,1172.4160519142213,1730328902.9832163
-27504.06742144435,1139.6930980316515,1730328902.9870217
-27459.833319167297,1196.064197547936,1730328902.991197
-27388.50890261041,1232.631651476819,1730328902.9940078
-27420.58365590377,1162.201304698146,1730328902.998521
-27443.784766648387,1131.758228750018,1730328903.0021665
-27379.94818448403,1212.71624716714,1730328903.0076888
-27396.153199214128,1259.878427967838,1730328903.0109751
-27357.3058673508,1205.295468007978,1730328903.015144
-27375.43313210405,1153.6629383162187,1730328903.0185387
-27355.674190005564,1169.5103251350315,1730328903.0222352
-27376.39425711564,1234.4644945221537,1730328903.0264466
-27455.742949931977,1205.3178197524333,1730328903.03068
-27477.602956009265,1142.5988248108415,1730328903.034432
-27478.832301954302,1150.265473159012,1730328903.0392604
-27385.759638042407,1220.7628751710506,1730328903.0435498
-27327.35452978069,1233.838645677405,1730328903.0463655
-27442.28719976988,1169.0856419903805,1730328903.05048
-27459.4309877671,1159.3179296634114,1730328903.0542743
-27454.11127258674,1211.62101168883,1730328903.0583985
-27407.172609230594,1209.2517267765677,1730328903.0622926
-27458.738083688982,1144.7669440230063,1730328903.0672505
-27504.06742144435,1127.4219903256885,1730328903.0718155
-27402.14346672815,1203.8426046183831,1730328903.074407
-27304.77926788084,1242.4440672926985,1730328903.078159
-27440.610818935733,1165.03997624397,1730328903.0826964
-27470.29393557238,1137.7708480084957,1730328903.0861125
-27471.500929772967,1198.5675929269307,1730328903.0905564
-27438.46505146802,1240.9017969252825,1730328903.0950992
-27427.065661795816,1186.587057898886,1730328903.099622
-27478.72054323203,1112.8263011963727,1730328903.1020944
-27458.469862755523,1151.293653403956,1730328903.106835
-27418.974330303,1243.8298754489274,1730328903.1104758
-27433.05592930984,1202.0544650619586,1730328903.114292
-27451.67493244111,1103.4832720140544,1730328903.1185005
-27509.118915691248,1147.851484757839,1730328903.1235769
-27345.191221856025,1234.553901499975,1730328903.1268532
-27320.783116910832,1210.8610523773496,1730328903.130654
-27449.640923695675,1128.8301502263726,1730328903.134594
-27453.06074059734,1169.1750489682015,1730328903.1385553
-27380.171701928582,1247.7414307286062,1730328903.142407
-27402.814019061807,1212.71624716714,1730328903.1468613
-27430.53018218639,1131.1547316497245,1730328903.1507251
-27424.58461816128,1132.2946706169453,1730328903.1544209
-27362.80439648681,1238.264291079556,1730328903.1576834
-27366.961820955494,1270.7860792620277,1730328903.16236
-27416.381527946178,1167.6998338341516,1730328903.1668456
-27499.59707255329,1108.4453592831326,1730328903.1703272
-27471.52328151742,1163.6988715766515,1730328903.1748087
-27413.81107733382,1222.0592763494583,1730328903.1795633
-27400.84706554974,1176.3276071939,1730328903.182511
-27450.646752196164,1113.943888419138,1730328903.185349
-27385.93845199805,1193.6055056578523,1730328903.1908078
-27326.281646046835,1233.0563346214694,1730328903.194228
-27357.574088284266,1181.8261363299057,1730328903.1987414
-27388.59830958824,1127.2208246255905,1730328903.2023337
-27475.81481645284,1163.0953744763583,1730328903.2069268
-27386.072562464786,1244.6568899937738,1730328903.2102933
-27379.25528040592,1193.1808225132015,1730328903.2137182
-27430.86545835322,1126.46086531411,1730328903.2185953
-27385.960803742502,1165.0846797328809,1730328903.2225363
-27294.989203809408,1209.9222791102266,1730328903.2268057
-27414.168705245105,1176.551124638453,1730328903.2309127
-27437.48157471199,1153.4170691272104,1730328903.2350173
-27439.157955546136,1171.94666528066,1730328903.238924
-27298.31961373325,1230.2176630756455,1730328903.2419024
-27359.630448774155,1198.0311510600031,1730328903.245319
-27483.839092712296,1115.6649727421968,1730328903.2506585
-27473.132607118205,1111.2840308289565,1730328903.254658
-27371.767446013386,1216.9854303581037,1730328903.2589629
-27361.23977437493,1249.3731080738437,1730328903.2624629
-27406.345594685747,1182.876668319305,1730328903.2654045
-27355.89770745012,1148.0526504579366,1730328903.269431
-27306.053317314785,1203.7308458961063,1730328903.2737436
-27313.094116818207,1252.345890086399,1730328903.2784612
-27374.78493151485,1194.7230928806175,1730328903.282647
-27484.196720623582,1126.5055688030209,1730328903.286392
-27479.033467654404,1179.7027206066514,1730328903.289936
-27347.44874804601,1233.235148577112,1730328903.2937706
-27332.495431005413,1180.350921195855,1730328903.29765
-27383.59151883024,1122.0352199119593,1730328903.30136
-27452.948981875063,1184.0166072865256,1730328903.3067265
-27420.20367624804,1234.1068666108688,1730328903.3104255
-27373.15325416961,1178.1828019836903,1730328903.3145638
-27363.47494882047,1145.0798684453807,1730328903.317688
-27359.22811737396,1155.428726128188,1730328903.3220518
-27402.14346672815,1214.7949594014835,1730328903.3254907
-27364.27961162086,1236.7890759455056,1730328903.3294697
-27409.27367320939,1162.9612640096266,1730328903.3347993
-27465.95769714805,1162.3130634204226,1730328903.3389804
-27404.602158618232,1211.3751424998215,1730328903.343072
-27269.999953508373,1199.0146278160369,1730328903.3455005
-27359.69750400752,1145.1245719342917,1730328903.349789
-27464.705999458554,1166.2469704445566,1730328903.3536327
-27450.490289984977,1205.228412774612,1730328903.358074
-27367.855890733703,1230.8882154093046,1730328903.3627727
-27377.35538212721,1168.0351100009811,1730328903.3670778
-27442.10838581424,1123.7339524905626,1730328903.3694851
-27338.84332643072,1196.1089010368469,1730328903.3739784
-27264.97081100593,1255.8551139658823,1730328903.3775003
-27395.84027479176,1181.3120462074337,1730328903.382034
-27479.324040332325,1139.7601532650178,1730328903.3855217
-27451.85374639675,1196.4441772036764,1730328903.3907466
-27364.88310872115,1247.361451072866,1730328903.3945303
-27349.54981202481,1236.0738201229358,1730328903.3977444
-27413.18522848907,1197.1147295373355,1730328903.4015212
-27403.37281267319,1196.287714992489,1730328903.405738
-27310.63542492812,1227.1107705963575,1730328903.4096842
-27321.6995384335,1207.8212151314278,1730328903.413668
-27411.307681954822,1147.8067812689285,1730328903.4177704
-27481.045124655386,1174.785336826484,1730328903.4227364
-27401.53996962785,1236.230282334123,1730328903.4257977
-27327.89097164762,1213.4091512452544,1730328903.4297953
-27469.3328105608,1156.5016098620426,1730328903.4336724
-27499.77588650893,1162.044842486959,1730328903.4379656
-27386.45254212052,1229.8600351643604,1730328903.4419837
-27307.997919082394,1248.836666206916,1730328903.4459395
-27392.68867882356,1173.5336391369867,1730328903.451304
-27437.593333434263,1149.013775469515,1730328903.4537804
-27387.167797943093,1219.5335292260086,1730328903.457971
-27372.058018691307,1220.8299304044165,1730328903.461649
-27422.818830349308,1154.042917971959,1730328903.465836
-27429.211429263527,1156.970996495604,1730328903.4697185
-27434.061757810327,1240.231244591623,1730328903.4739468
-27411.53119939938,1253.7987534759943,1730328903.4787312
-27382.58569032976,1192.9349533241932,1730328903.482331
-27386.832521776265,1137.1002956748362,1730328903.4857051
-27463.38724653569,1184.7542148535508,1730328903.4900029
-27399.64007134916,1252.5694075309525,1730328903.4936993
-27439.00149333495,1181.0885287628803,1730328903.49812
-27493.740915506,1116.335525075856,1730328903.5020113
-27418.437888436067,1181.1555839962464,1730328903.5058732
-27369.28640237885,1254.6257680208407,1730328903.5089445
-27385.62552757568,1232.6763549657292,1730328903.513106
-27456.39115052118,1169.8679530463164,1730328903.518106
-27449.596220206764,1172.5501623809532,1730328903.5224085
-27401.003527760928,1261.711271013173,1730328903.525918
-27327.86861990316,1258.8055442339833,1730328903.529934
-27356.09887315021,1164.0341477434813,1730328903.5341935
-27499.53001731992,1154.5346563499756,1730328903.5368118
-27451.898449885663,1233.168093343746,1730328903.541035
-27403.93160628457,1244.1875033602123,1730328903.5459092
-27470.360990805744,1174.13713623728,1730328903.550372
-27434.68760665508,1169.5103251350315,1730328903.553904
-27453.999513864463,1231.0893811094024,1730328903.558225
-27421.321263470803,1253.5752360314414,1730328903.5608172
-27439.00149333495,1196.6453429037742,1730328903.564931
-27495.81962774034,1131.0206211829927,1730328903.5687664
-27460.548574989865,1181.8261363299057,1730328903.574056
-27395.013260246906,1234.844474177894,1730328903.5778277
-27392.509864867912,1222.3051455384668,1730328903.5824137
-27427.356234473737,1164.5482378659533,1730328903.585768
-27496.378421351725,1195.974790570115,1730328903.589059
-27387.972460743484,1261.554808801986,1730328903.593021
-27401.115286483204,1187.9058108217491,1730328903.5974443
-27493.182121894613,1125.8126647249062,1730328903.601392
-27462.739045946488,1182.876668319305,1730328903.606135
-27376.438960604544,1247.4061545617765,1730328903.6100893
-27375.097855937227,1222.5957182163856,1730328903.6135948
-27418.7731646029,1149.527865591987,1730328903.6170924
-27514.639796571708,1173.3101216924335,1730328903.6212432
-27454.1336243312,1237.8619596793603,1730328903.6250522
-27378.22710016097,1223.5121397390533,1730328903.6291237
-27409.407783676124,1194.3878167137882,1730328903.6340468
-27476.30655483086,1179.6803688621962,1730328903.6384854
-27392.979251501474,1230.4858840091092,1730328903.6415608
-27277.97952627892,1254.20108487619,1730328903.644951
-27393.962728257506,1190.5433166674754,1730328903.6492276
-27450.892621385174,1170.717319335618,1730328903.6529725
-27347.202878857,1218.7065146811624,1730328903.657542
-27382.630393818665,1256.7268319996397,1730328903.6620235
-27394.879149780176,1207.3741802423217,1730328903.6662936
-27410.927702299083,1189.135156766791,1730328903.6689408
-27379.07646645027,1213.3420960118883,1730328903.67336
-27353.08138764875,1241.840570192405,1730328903.677058
-27363.117320909183,1211.2857355220003,1730328903.6811855
-27386.541949098344,1157.5744935958974,1730328903.6851506
-27446.98106610549,1201.5627266839415,1730328903.6904628
-27375.276669892868,1262.940616958215,1730328903.6939769
-27373.60028905872,1205.9883720860926,1730328903.6971445
-27443.27067652592,1148.0973539468473,1730328903.701623
-27441.884868369685,1178.5851333838862,1730328903.7051864
-27328.87444840365,1240.454762036176,1730328903.7094538
-27332.40602402759,1232.0952096098913,1730328903.7135627
-27395.57205385829,1162.3130634204226,1730328903.718192
-27448.858612639742,1192.0185318015256,1730328903.7221918
-27376.23779490445,1258.1126401558686,1730328903.7251978
-27240.875630483108,1265.9581024596814,1730328903.729354
-27380.842254262243,1183.8377933308832,1730328903.733488
-27467.09763611527,1169.0856419903805,1730328903.7372348
-27413.721670356,1226.3508112848774,1730328903.7413256
-27351.33795158124,1232.229320076623,1730328903.7464712
-27392.979251501474,1190.7444823675733,1730328903.7492924
-27450.043255095872,1180.105052006847,1730328903.752066
-27427.95973157403,1230.4188287757431,1730328903.7571225
-27363.47494882047,1248.6578522512737,1730328903.761174
-27340.09502412021,1184.173069497713,1730328903.7652583
-27466.695304715075,1157.619197084808,1730328903.7691216
-27414.43692617857,1228.4071717747656,1730328903.7736912
-27332.0036926274,1264.9522739591926,1730328903.777138
-27377.780065271865,1239.5383405135085,1730328903.7808676
-27432.78770837637,1181.8261363299057,1730328903.785166
-27397.360193414712,1207.7094564091512,1730328903.78964
-27305.78509638132,1278.3186171434663,1730328903.7934272
-27306.76857313736,1228.8989101527825,1730328903.7973375
-27418.169667502603,1184.0613107754364,1730328903.8022215
-27423.556437916333,1202.881479606805,1730328903.80521
-27425.679853639587,1252.9940906756033,1730328903.8085873
-27366.112454666192,1228.8989101527825,1730328903.813642
-27443.80711839284,1184.0613107754364,1730328903.8176372
-27487.25890961396,1199.1487382827686,1730328903.8218958
-27354.10956789369,1277.8715822543602,1730328903.825407
-27304.55575043628,1266.718061771162,1730328903.829776
-27418.19201924706,1181.8708398188162,1730328903.8333223
-27469.75749370545,1190.0962817783693,1730328903.8361778
-27461.06266511234,1222.6627734497515,1730328903.841422
-27351.919096937072,1262.8288582359385,1730328903.8451507
-27382.13865544065,1214.459683234654,1730328903.8493347
-27411.84412382176,1178.4510229171542,1730328903.8532677
-27363.564355798288,1217.4324652472098,1730328903.856433
-27209.24791207885,1255.9668726881591,1730328903.860191
-27452.546650474866,1195.550107425464,1730328903.8647845
-27567.99341058653,1183.8377933308832,1730328903.8691747
-27494.34441260629,1222.8192356609388,1730328903.8737187
-27427.847972851752,1253.843456964905,1730328903.8772564
-27344.05128288881,1217.9912588585923,1730328903.8815625
-27419.108440769727,1187.1458515102688,1730328903.8842535
-27524.340453665314,1201.7415406395842,1730328903.8886845
-27416.247417479448,1264.3934803478098,1730328903.8928092
-27349.92979168055,1249.8648464518603,1730328903.89692
-27423.46703093851,1185.4694706761206,1730328903.900275
-27443.561249203834,1195.23718300309,1730328903.9052787
-27398.67894633757,1270.58491356193,1730328903.909922
-27340.139727609127,1267.0756896824469,1730328903.9125483
-27396.443771892045,1165.0176244995148,1730328903.9162688
-27393.828617790776,1167.431612900688,1730328903.9204943
-27357.12705339516,1264.4158320922652,1730328903.9249172
-27396.354364914223,1277.2010299207009,1730328903.929932
-27414.68279536757,1199.5957731718747,1730328903.9339535
-27470.048066383373,1177.489897905576,1730328903.9376547
-27372.929736725066,1245.4839045386202,1730328903.9409575
-27415.4204029346,1264.3711286033547,1730328903.9444635
-27431.223086264505,1202.456796462154,1730328903.94853
-27475.65835424165,1158.6697290742077,1730328903.9523325
-27462.604935479754,1212.8056541449612,1730328903.9567192
-27371.32041112428,1268.036814694025,1730328903.961368
-27367.855890733703,1220.517005982042,1730328903.965511
-27449.037426595383,1183.5919241418749,1730328903.9686053
-27421.81300184882,1216.8736716358271,1730328903.9726117
-27379.43409436156,1273.580047318941,1730328903.9767785
-27353.03668415984,1219.689991437196,1730328903.9805577
-27399.8188853048,1130.104199660325,1730328903.9846103
-27434.173516532603,1182.2061159856455,1730328903.990068
-27362.42441683107,1258.8055442339833,1730328903.9935763
-27293.15636076407,1234.978584644626,1730328903.9966605
-27440.923743358107,1178.13809849478,1730328904.0007932
-27508.448363357587,1173.7124530926292,1730328904.004665
-27418.03555703588,1240.38770680281,1730328904.0087676
-27353.863698704685,1243.6734132377403,1730328904.0127382
-27441.035502080384,1177.6240083723078,1730328904.0177467
-27501.519322576445,1162.9836157540817,1730328904.0207007
-27434.53114444389,1238.3089945684667,1730328904.0247676
-27340.02796888685,1287.326370158955,1730328904.0284705
-27388.6653648216,1198.299371993467,1730328904.03293
-27456.21233656553,1148.2761679024898,1730328904.0366657
-27387.39131538765,1226.1272938403242,1730328904.0409613
-27299.079573044728,1287.8851637703376,1730328904.0458636
-27302.96877657995,1231.2234915761342,1730328904.0487497
-27437.90625785664,1168.2809791899897,1730328904.0524974
-27463.230784324503,1251.1835993747234,1730328904.0571675
-27405.049193507337,1271.1213554288574,1730328904.0605175
-27335.490564762425,1243.6957649821957,1730328904.0651283
-27448.635095195183,1171.5443338804644,1730328904.068601
-27451.540821974377,1221.3887240157992,1730328904.0741577
-27408.446658664547,1272.551867073997,1730328904.077001
-27363.83257673175,1213.6326686898076,1730328904.0801575
-27411.039461021363,1177.0652147609253,1730328904.0847335
-27459.319229044824,1214.1244070678244,1730328904.089053
-27413.699318611543,1257.129163399835,1730328904.09324
-27374.539062325846,1243.271081837545,1730328904.0970564
-27400.735306827464,1185.9165055652268,1730328904.1012628
-27424.629321650187,1177.691063605674,1730328904.1038468
-27358.155233640104,1265.0193291925584,1730328904.1080625
-27344.721835222463,1264.8852187258267,1730328904.113218
-27349.192184113526,1187.9058108217491,1730328904.117038
-27443.985932348485,1194.164299269235,1730328904.1210318
-27494.277357372925,1268.5062013275865,1730328904.1248212
-27374.539062325846,1271.5013350845977,1730328904.1276815
-27333.747128694908,1219.198253059179,1730328904.1320212
-27402.47874289498,1181.42380492971,1730328904.1356864
-27426.730385628987,1227.8036746744722,1730328904.1410532
-27391.906367767617,1276.3740153758545,1730328904.144633
-27376.640126304643,1223.109808338858,1730328904.149282
-27415.84508607925,1179.6803688621962,1730328904.1527183
-27456.41350226564,1215.6666774352404,1730328904.15742
-27352.70140799301,1284.3088846574883,1730328904.159881
-27320.425488999543,1269.132050172335,1730328904.1641252
-27349.92979168055,1200.243973761079,1730328904.167818
-27404.55745512932,1233.5927764883968,1730328904.1730645
-27349.54981202481,1290.9026492718042,1730328904.176911
-27396.063792236306,1284.4653468686756,1730328904.1810453
-27459.498043000465,1202.590906928886,1730328904.18424
-27480.62044151073,1204.3790464853105,1730328904.1880326
-27381.691620551544,1290.2991521715107,1730328904.1919944
-27342.64312298812,1309.231079725156,1730328904.196041
-27429.680815897085,1203.753197640562,1730328904.2013323
-27462.783749435395,1191.012703301037,1730328904.205119
-27350.08625389174,1287.8851637703376,1730328904.2090623
-27252.4314823665,1276.5975328204077,1730328904.2117808
-27393.47098987949,1187.3917206992771,1730328904.2158067
-27541.148965495704,1200.5792499279082,1730328904.2198274
-27431.06662405332,1257.3526808443885,1730328904.224217
-27211.88541792457,1270.942541473215,1730328904.228961
-27391.28051892287,1226.0602386069584,1730328904.233311
-27613.23334136407,1201.2498022615675,1730328904.2358468
-27484.73316249051,1258.2020471336898,1730328904.240374
-27374.40495185912,1312.2038617377118,1730328904.2437792
-27382.920966496586,1252.256483108578,1730328904.248114
-27447.629266694697,1190.9903515565816,1730328904.2517996
-27445.95288586055,1233.324555554933,1730328904.257452
-27384.03855371935,1291.5061463720974,1730328904.2608583
-27362.11149240869,1242.488770781609,1730328904.2640734
-27389.5147311109,1188.9563428111485,1730328904.268113
-27456.078226098805,1242.8687504373493,1730328904.2720077
-27392.956899757017,1310.706294859206,1730328904.2763498
-27359.27282086287,1275.0105589640807,1730328904.2803752
-27453.17249931961,1204.490805207587,1730328904.2841043
-27449.95384811805,1242.5558260149749,1730328904.2891507
-27341.90551542109,1307.4429401687314,1730328904.29255
-27338.999788641908,1281.8278410229495,1730328904.2961693
-27334.26121881738,1228.3848200303105,1730328904.3003254
-27414.19105698956,1214.8843663793048,1730328904.3040888
-27466.561194248345,1328.7665043790942,1730328904.308067
-27356.6576667616,1350.067716845002,1730328904.3119805
-27349.03572190234,1276.552829331497,1730328904.31745
-27455.206508065046,1218.0806658364138,1730328904.3199124
-27441.10255731375,1255.4304308212318,1730328904.324191
-27385.983155486963,1338.9588998507145,1730328904.328143
-27372.70621928051,1279.972646233159,1730328904.332092
-27466.04710412587,1213.9008896232713,1730328904.335919
-27476.038333897395,1256.9503494441926,1730328904.3411376
-27353.43901556004,1323.1115130319015,1730328904.3439276
-27351.919096937072,1292.6237335948626,1730328904.3470564
-27474.741932718985,1211.7998256444723,1730328904.351888
-27414.5710366453,1261.040718679514,1730328904.3560865
-27339.22330608646,1313.1426350048346,1730328904.3599324
-27394.78974280236,1269.2438088946114,1730328904.3651783
-27459.38628427819,1215.778436157517,1730328904.368188
-27494.63498528421,1251.317709841455,1730328904.3720632
-27439.09090031277,1318.9317368187592,1730328904.3761823
-27380.171701928582,1304.0231232670694,1730328904.380241
-27413.43109767808,1228.965965386148,1730328904.384167
-27466.31532505933,1226.2614043070562,1730328904.3881707
-27430.373719975203,1287.8628120258822,1730328904.391204
-27378.920004239084,1283.8618497683824,1730328904.3962166
-27461.040313367885,1205.6307441748077,1730328904.4002173
-27500.088810931305,1209.7211134101287,1730328904.40415
-27450.780862662898,1276.843402009416,1730328904.4080553
-27372.2591843914,1290.0532829825024,1730328904.411049
-27387.793646787843,1234.2186253331454,1730328904.4150963
-27481.782732222408,1210.0340378325031,1730328904.4190145
-27452.837223152783,1268.260332138578,1730328904.4240897
-27361.46329181949,1310.8851088148483,1730328904.4282887
-27398.43307714857,1248.4343348067207,1730328904.4322112
-27481.603918266766,1208.9835058431038,1730328904.436163
-27444.43296723759,1257.7997157334944,1730328904.4392977
-27342.26314333238,1307.264126213089,1730328904.4432633
-27374.22613790347,1249.909549940771,1730328904.4473598
-27492.77979049442,1173.5783426258972,1730328904.452068
-27447.629266694697,1228.7424479415952,1730328904.4563005
-27397.360193414712,1298.099910986413,1730328904.460058
-27391.459332878512,1274.5635240749746,1730328904.4643607
-27466.091807614783,1201.7638923840395,1730328904.467378
-27486.275432857925,1220.7405234265952,1730328904.4712052
-27417.454411680035,1289.7627103045834,1730328904.4754207
-27384.39618163064,1278.4750793546534,1730328904.4794245
-27461.48734825699,1199.5287179385089,1730328904.484326
-27496.981918452017,1199.707531894151,1730328904.4883754
-27444.567077704323,1264.7064047701842,1730328904.4923792
-27387.88305376566,1272.4624600961758,1730328904.495495
-27413.36404244471,1211.9786396001148,1730328904.499512
-27467.410560537646,1194.0525405469589,1730328904.5033064
-27446.86930738322,1255.1175063988576,1730328904.5073164
-27360.8597947192,1315.6907338727397,1730328909.5222282
-27294.85509334268,1386.3445980959652,1730328909.5261405
-27249.905735243054,1373.9170281788145,1730328909.5301788
-27305.78509638132,1300.6256581098626,1730328909.5340986
-27356.568259783777,1297.518765630575,1730328909.539482
-27312.58002669573,1361.2435890726554,1730328909.5422945
-27254.599601578662,1376.286313091077,1730328909.5463076
-27303.88519810262,1311.9803442931586,1730328909.5505126
-27357.5070330509,1291.7296638166504,1730328909.5543468
-27317.698576176,1357.1085163484236,1730328909.558411
-27262.199194693472,1383.707092250239,1730328909.5625842
-27292.86578808616,1319.289364730044,1730328909.5664284
-27365.665419777088,1281.8948962563154,1730328909.569376
-27344.78889045583,1337.394277738843,1730328909.5734746
-27275.096151244183,1382.4330428162866,1730328909.5783849
-27291.859959585665,1324.8549490994155,1730328909.5824776
-27350.86856494768,1278.2739136545556,1730328909.5864992
-27347.381692812647,1329.0123735681027,1730328909.590512
-27269.30704943026,1396.7158075232278,1730328909.5932848
-27257.19240393548,1362.0706036175018,1730328909.5975356
-27326.7510326804,1295.6859225852395,1730328909.6013556
-27342.28549507684,1328.8112078680049,1730328909.6065073
-27274.962040777453,1388.1327376523898,1730328909.6104364
-27258.15352894706,1360.9530163947363,1730328909.6144676
-27323.286512289826,1298.166966219779,1730328909.618378
-27354.98128592745,1313.5226146605748,1730328909.6225748
-27302.231169012925,1380.13081313739,1730328909.625316
-27256.745369046377,1371.3018740775435,1730328909.6294742
-27311.149515050594,1298.010504008592,1730328909.6343389
-27367.833538989253,1290.5003178716086,1730328909.6387649
-27322.88418088963,1361.511810006119,1730328909.642332
-27264.07674122772,1371.3018740775435,1730328909.6465728
-27299.41484921156,1300.5138993875862,1730328909.6494792
-27359.786910985345,1276.9775124761477,1730328909.653607
-27327.55569548079,1343.4739522306863,1730328909.6575782
-27267.5859651072,1373.7829177120827,1730328909.6616068
-27290.65296538508,1317.2777077290664,1730328909.6665444
-27354.04251266033,1277.6927682987175,1730328909.6705809
-27338.485698519435,1335.293213760044,1730328909.6745784
-27266.133101717605,1380.3990340708535,1730328909.6776052
-27283.142779248094,1325.033763055058,1730328909.681599
-27353.43901556004,1271.210762406679,1730328909.685602
-27346.84525094572,1316.8306728399602,1730328909.6896124
-27279.83472106871,1373.805269456538,1730328909.694624
-27267.384799407104,1338.4895132171528,1730328909.6985605
-27336.94342815202,1275.6587595532849,1730328909.7026477
-27354.958934183,1302.1455767328237,1730328909.705631
-27291.904663074576,1366.7197664642056,1730328909.7095892
-27260.05342722576,1348.5254464775858,1730328909.7136352
-27317.564465709267,1270.5402100730194,1730328909.717491
-27341.480832276444,1279.1232799438574,1730328909.7226388
-27315.41869824156,1354.7839349250717,1730328909.7266953
-27273.844453554688,1368.1726298538006,1730328909.7296767
-27305.06984055875,1306.1465389903235,1730328909.73349
-27343.403082299603,1296.5576406189969,1730328909.7377076
-27301.560616679268,1366.384490297376,1730328909.741655
-27238.43929033748,1381.516621293619,1730328909.7456038
-27285.243843226894,1303.6654953557843,1730328909.7497125
-27350.08625389174,1274.2505996526004,1730328909.7547083
-27294.36335496466,1327.3806962228653,1730328909.757653
-27230.90675245604,1361.5788652394851,1730328909.7617643
-27291.390572952103,1326.0619433000022,1730328909.7657633
-27365.732475010453,1284.2865329130332,1730328909.7697415
-27336.13876535163,1349.486571489164,1730328909.7738304
-27188.90782462452,1378.0073974141358,1730328909.7778397
-27095.544588034703,1309.678114614262,1730328909.782762
-27319.240846543416,1286.097024213913,1730328909.7857609
-27389.157103199614,1320.295193230533,1730328909.7897656
-27249.59281082068,1390.971409198214,1730328909.793703
-27267.3400959182,1380.0414061595686,1730328909.797789
-27381.49045485145,1283.615980579374,1730328909.8016737
-27401.45056265004,1311.6227163818735,1730328909.8067954
-27348.29811433532,1365.4680687747084,1730328909.8095758
-27289.64713688459,1328.386524723354,1730328909.813756
-27333.07657636125,1280.9561229891924,1730328909.817598
-27296.196198009995,1307.8229198244717,1730328909.822826
-27244.29544738477,1341.2834812740662,1730328909.8256333
-27334.64119847312,1370.0278246435912,1730328909.8288531
-27380.55168158432,1331.806341625016,1730328909.8336606
-27372.6615157916,1306.6382773683404,1730328909.8377588
-27333.07657636125,1363.8140396850158,1730328909.84179
-27285.199139737982,1405.61180181644,1730328909.8459177
-27322.683015189534,1323.424437454276,1730328909.849901
-27378.808245516808,1289.7850620490387,1730328909.8537416
-27352.29907659281,1347.1172865769013,1730328909.8568747
-27279.901776302075,1393.3630458549317,1730328909.861761
-27295.16801776505,1343.6527661863288,1730328909.8657415
-27356.434149317047,1294.456576640198,1730328909.8699794
-27336.898724663108,1342.5128272191082,1730328909.8736932
-27258.24293592488,1405.0977116939678,1730328909.876722
-27259.67344757002,1359.5225047495967,1730328909.8808973
-27338.329236308247,1293.853079539905,1730328909.8848622
-27365.732475010453,1325.7713706220832,1730328909.8898623
-27297.44789569949,1393.027769688102,1730328909.893911
-27258.17588069152,1368.9549409097365,1730328909.897932
-27317.005672097883,1285.8288032804494,1730328909.901795
-27346.12999512315,1297.4964138861196,1730328909.9048593
-27298.96781432245,1390.9267057093032,1730328909.9087532
-27265.842529039688,1400.0462174470686,1730328909.9129372
-27320.626654699645,1310.5721843924744,1730328909.9177616
-27353.75193998241,1306.97355353517,1730328909.9219477
-27317.02802384234,1371.905371177837,1730328909.9257803
-27265.19432845048,1377.4933072916638,1730328909.9300015
-27305.94155859251,1303.9784197781587,1730328909.932985
-27368.30292562281,1280.799660778005,1730328909.936957
-27323.01829135636,1318.2835362295552,1730328909.940995
-27229.945627444464,1341.5740539519852,1730328909.944972
-27233.656017024045,1310.683943114751,1730328909.9499187
-27305.986262081416,1252.9940906756033,1730328909.9540744
-27321.94540762251,1296.870565041371,1730328909.9580395
-27277.845415812182,1334.6673649152954,1730328909.9610493
-27375.075504192773,1299.3963121648208,1730328909.9650922
-27403.14929522864,1296.647047596818,1730328909.9690402
-27348.02989340185,1346.1338098208678,1730328909.9730575
-27282.092247258694,1411.0209239746243,1730328909.9779963
-27260.902793515063,1396.8275662455042,1730328909.9818602
-27328.56152398128,1334.4661992151975,1730328909.9860444
-27356.79177722833,1337.4613329722088,1730328909.98902
-27243.513136328835,1391.3290371094988,1730328909.9930103
-27237.92520021501,1396.51464182313,1730328909.997028
-27335.02117812886,1337.5954434389405,1730328910.0008812
-27311.21657028396,1318.4399984407423,1730328910.0071528
-27310.63542492812,1281.7607857895837,1730328910.0102696
-27334.372977539657,1286.1417277028238,1730328910.0141375
-27327.108660591683,1333.1027428034238,1730328910.0169313
-27350.19801261401,1300.6033063654074,1730328910.0211568
-27223.754194230343,1390.546726053563,1730328910.0250156
-27176.502606451824,1419.156958956356,1730328910.029183
-27315.77632615284,1303.0172947665806,1730328910.0331092
-27381.199882173525,1160.7037378196403,1730328910.038188
-27318.145611065105,1260.39251809031,1730328910.041191
-27175.3626674846,1515.604736281006,1730328910.045184
-27373.667344292087,1390.9267057093032,1730328910.0490594
-27442.5777724478,1327.8947863453373,1730328910.0529995
-27285.31089846026,1414.7313135542051,1730328910.0569916
-27257.930011502507,1412.9208222533252,1730328910.061128
-27297.44789569949,1358.1590483378232,1730328910.0661964
-27249.458700353945,1357.957882637725,1730328910.069218
-27184.079847822173,1383.193002127767,1730328910.0731757
-27338.776271197352,1392.2007551432555,1730328910.077254
-27283.858035070665,1384.2435341171663,1730328910.0811398
-27313.474096473947,1383.4388713167752,1730328910.085274
-27355.04834116082,1379.4379090592754,1730328910.0891523
-27303.16994228005,1446.828418592026,1730328910.0944407
-27210.410202790525,1423.5826043585068,1730328910.0971887
-27242.797880506263,1266.941579215715,1730328910.1011574
-27320.604302955187,1238.9571951576704,1730328910.1051328
-27146.10423399261,1393.5865632994849,1730328910.1091
-27242.663770039533,1413.9713542427248,1730328910.1133432
-27355.27185860537,1356.3485570369432,1730328910.118156
-27232.00198793436,1404.5836215714958,1730328910.121497
-27173.060437805707,1473.2034770492885,1730328910.1243002
-27189.243100791347,1429.930499783814,1730328910.1293204
-27263.674409827523,1334.6003096819295,1730328910.1333504
-27307.841456871207,1332.320431747488,1730328910.1374552
-27262.37800864912,1430.489293395197,1730328910.1413865
-27251.11272944364,1419.9839735012024,1730328910.145438
-27248.47522359792,1382.0083596716356,1730328910.1493285
-27230.772641989308,1361.9811966396803,1730328910.152344
-27154.284972463247,1391.6196097874176,1730328910.1565738
-27087.65442224198,1445.9343488138138,1730328910.1614575
-27271.76574132034,1430.064610250546,1730328910.165517
-27327.13101233614,1354.6051209694292,1730328910.1695995
-27256.14187194608,1346.290272032055,1730328910.173453
-27161.95162081142,1332.8792253588708,1730328910.1763196
-27292.57521540824,1350.1571238228232,1730328910.1804416
-27273.978564021418,1387.708054507739,1730328910.1852653
-27257.751197546862,1360.4612780167197,1730328910.189464
-27148.98760902734,1413.1666914423338,1730328910.193421
-27160.6105161441,1444.3920784463976,1730328910.1974337
-27295.7938666098,1337.774257394583,1730328910.2012713
-27330.3496635377,1303.7996058225162,1730328910.2044756
-27284.193311237494,1363.5011152626414,1730328910.208223
-27236.29352286977,1393.541859810574,1730328910.2124362
-27261.43923538199,1360.550684994541,1730328910.2173345
-27231.06321466723,1335.74024864915,1730328910.2219508
-27253.2808486558,1406.930554739303,1730328910.2253082
-27202.877664909087,1411.3785518859092,1730328910.2283926
-27216.91456042702,1346.5361412210634,1730328910.2324305
-27273.173901221027,1310.5721843924744,1730328910.2364905
-27338.910381664085,1340.5682254514963,1730328910.2405086
-27253.683180056,1398.9062784798475,1730328910.2455175
-27209.89611266805,1374.028786901091,1730328910.2495084
-27276.72782858942,1333.2592050146109,1730328910.2535868
-27267.764779062843,1389.2503248751552,1730328910.2565875
-27224.93883668648,1443.4533051792748,1730328910.2605631
-27206.163371344017,1388.736234752683,1730328910.2643015
-27269.21764245244,1278.3186171434663,1730328910.2685704
-27289.53537816232,1278.2739136545556,1730328910.2725787
-27198.586129973668,1395.2629441336328,1730328910.277552
-27203.95054864294,1401.543784325574,1730328910.2815945
-27267.943593018485,1357.287330304066,1730328910.2844453
-27297.55965442177,1368.84318218746,1730328910.2885852
-27256.6336103241,1410.6185925744287,1730328910.29258
-27223.217752363416,1378.8344119589822,1730328910.2965758
-27198.42966776248,1329.9958503241362,1730328910.3003843
-27337.81514618577,1354.0910308469572,1730328910.3055975
-27265.12727321712,1398.5710023130182,1730328910.309651
-27217.428650549493,1338.8247893839823,1730328910.3126378
-27332.093099605216,1298.5469458755192,1730328910.3165452
-27273.6879913435,1392.13369990989,1730328910.3204489
-27260.34399990368,1415.290107165588,1730328910.3246448
-27245.05540669625,1396.157013911845,1730328910.3286357
-27268.6364970966,1341.8646266299045,1730328910.3326404
-27294.296299731293,1299.2174982091783,1730328910.3376656
-27272.6374593541,1316.473044928675,1730328910.3406205
-27247.20117416396,1393.9441912107698,1730328910.3446276
-27213.226522591893,1374.542877023563,1730328910.3485987
-27253.25849691135,1308.6275826248625,1730328910.3527288
-27319.62082619916,1343.585710952963,1730328910.3566391
-27260.12048245913,1409.2104326737444,1730328910.3616903
-27252.789110277787,1384.8246794730044,1730328910.3647225
-27305.80744812577,1346.4243824987868,1730328910.367539
-27273.978564021418,1358.2708070600995,1730328910.3727837
-27177.37432448558,1414.9995344876688,1730328910.3766532
-27214.120592370105,1366.093917619457,1730328910.380725
-27317.855038387184,1318.1494257628235,1730328910.3846288
-27344.185393355536,1354.4263070137868,1730328910.3899317
-27288.6413083841,1407.80227277306,1730328910.3926208
-27253.21379342244,1390.3679120979205,1730328910.3958323
-27322.481849489435,1310.5721843924744,1730328910.4006145
-27320.626654699645,1327.514806689597,1730328910.4046416
-27185.48800772286,1394.838260988982,1730328910.408644
-27253.97375273392,1392.9160109658255,1730328910.4125917
-27266.423674395523,1347.4078592548203,1730328910.4166589
-27276.05727625576,1340.5235219625858,1730328910.4205973
-27243.3790258621,1386.6798742627948,1730328910.4237423
-27119.528009835245,1424.0072875031576,1730328910.4287944
-27296.8443985992,1343.898635375337,1730328910.432796
-27388.93358575506,1306.7500360906167,1730328910.4367285
-27318.70440467649,1377.5603625250296,1730328910.4409957
-27289.378915951125,1419.8275112900153,1730328910.4448297
-27244.67542704051,1355.968577381203,1730328910.4491076
-27305.40511672558,1312.6285448823626,1730328910.4517984
-27296.66558464356,1364.573998996496,1730328910.4558272
-27249.95043873196,1417.7935025445822,1730328910.4608495
-27214.075888881194,1364.5516472520408,1730328910.4648647
-27275.096151244183,1285.135899202335,1730328910.4687784
-27299.81718061176,1323.290326987544,1730328910.4726822
-27198.98846137386,1412.384380386398,1730328910.477852
-27280.68408735801,1394.2794673775993,1730328910.4796827
-27303.90754984708,1338.2883475170552,1730328910.48957
-27276.861939056154,1343.9209871197925,1730328910.4896
-27335.334102551235,1383.0812434054903,1730328910.496858
-27256.36538939064,1389.093862663968,1730328910.4968743
-27288.61895663964,1316.093065272935,1730328910.49981
-27320.984282610927,1294.2107074511896,1730328910.503725
-27203.68232770948,1375.9510369242475,1730328910.5077603
-27227.419880321013,1417.458226377753,1730328910.5118191
-27264.07674122772,1368.642016487362,1730328910.5167713
-27355.562431283288,1333.8179986259936,1730328910.520959
-27344.2077451,1380.6672550043172,1730328910.5247357
-27189.064286835703,1435.8537120644703,1730328910.5278685
-27169.975897070875,1394.771205755616,1730328910.5319157
-27272.503348887367,1317.2106524957003,1730328910.535879
-27299.325442233738,1390.6808365202949,1730328910.5400944
-27270.849319797675,1439.988784788702,1730328910.545179
-27298.76664862236,1363.7022809627392,1730328910.5487936
-27287.52372116133,1297.5858208639409,1730328910.553334
-27271.40811340906,1347.676080188284,1730328910.5559716
-27216.422822049004,1445.509665669163,1730328910.560562
-27259.62874408111,1415.5583280990516,1730328910.5642571
-27309.20491328298,1327.3136409894994,1730328910.5680847
-27321.230151799937,1334.8685306153932,1730328910.572291
-27199.79312417425,1426.8236073045264,1730328910.577
-27228.96215068843,1409.5680605850291,1730328910.5810354
-27320.984282610927,1317.322411217977,1730328910.583974
-27377.64595480513,1303.039646511036,1730328910.588487
-27326.88514314713,1403.8236622600157,1730328910.5919137
-27243.468432839923,1409.6351158183952,1730328910.5962229
-27267.29539242928,1324.4973211881306,1730328910.5999932
-27313.138820307115,1309.2757832140665,1730328910.6054294
-27340.29618982032,1416.318287410532,1730328910.60826
-27214.74644121485,1445.643776135895,1730328910.612155
-27251.17978467701,1345.440905742753,1730328910.6162012
-27324.26998904586,1328.4312282122646,1730328910.6201904
-27272.27983144281,1393.4971563216636,1730328910.6246707
-27216.154601115537,1410.70799955225,1730328910.6281004
-27177.24021401885,1397.2746011346103,1730328910.6331902
-27257.97471499142,1340.5011702181305,1730328910.636144
-27328.87444840365,1372.419461300309,1730328910.6392193
-27273.30801168776,1416.675915321817,1730328910.644218
-27265.931936017507,1373.3135310785212,1730328910.6484091
-27338.776271197352,1319.8258065969717,1730328910.6522052
-27356.389445828136,1331.4263619692758,1730328910.6562743
-27255.98540973489,1414.9548309987583,1730328910.661373
-27247.268229397327,1385.7858044845825,1730328910.6642349
-27278.49361640139,1304.9842482786476,1730328910.667062
-27326.371053024657,1345.1056295759238,1730328910.672524
-27238.707511270943,1444.1685610018446,1730328910.676038
-27133.810774542188,1439.2064737327664,1730328910.680483
-27212.891246425064,1354.001623869136,1730328910.6841724
-27422.43885069357,1330.129960790868,1730328910.6887174
-27292.57521540824,1387.0151504296246,1730328910.6921127
-27179.27422276428,1398.6827610352948,1730328910.695654
-27341.749053209907,1326.486626444653,1730328910.7000935
-27393.60510034622,1316.0260100395692,1730328910.7044
-27288.149570006084,1370.8101356995269,1730328910.7082672
-27200.53073174128,1434.0655725080458,1730328910.71235
-27257.862956269146,1384.13177539489,1730328910.717157
-27367.766483755888,1297.6081726083962,1730328910.7202394
-27234.7289007579,1376.7780514690935,1730328910.7232475
-27194.965147371902,1416.675915321817,1730328910.728196
-27333.99299788392,1333.3709637368877,1730328910.7326424
-27294.341003220205,1294.1436522178235,1730328910.7365828
-27297.82787535523,1367.9491124092476,1730328910.740592
-27234.2818658688,1433.7526480856716,1730328910.7455935
-27205.112839354617,1391.0384644315798,1730328910.7485788
-27286.5402444053,1330.3087747465104,1730328910.751166
-27306.20977952597,1368.4632025317196,1730328910.7568684
-27241.456775838946,1434.2443864636882,1730328910.760226
-27211.550141757747,1384.3552928394429,1730328910.7646265
-27259.807558036755,1303.441977911231,1730328910.7682188
-27297.71611663296,1309.2087279807006,1730328910.7716262
-27246.597677063663,1419.2016624452667,1730328910.7751808
-27153.525013151768,1426.7342003267051,1730328910.7794647
-27295.57034916525,1334.6226614263846,1730328910.7832153
-27365.866585477183,1315.1095885169016,1730328910.7885168
-27235.86883972512,1384.0647201615238,1730328910.7922945
-27198.98846137386,1380.1978683707555,1730328910.7963817
-27288.328383961725,1333.8627021149043,1730328910.7996404
-27304.82397136974,1319.065847285491,1730328910.8038218
-27280.035886768805,1387.573944041007,1730328910.8073044
-27209.739650456864,1415.3348106544986,1730328910.8119144
-27259.561688847745,1324.586728165952,1730328910.816419
-27356.568259783777,1274.5411723305194,1730328910.8205547
-27291.81525609676,1342.423420241287,1730328910.8244889
-27201.8718364086,1414.016057731635,1730328910.8274372
-27164.65618189051,1394.5700400555183,1730328910.831817
-27316.31276801977,1306.034780268047,1730328910.8354173
-27345.705311978498,1330.0852573019574,1730328910.839562
-27276.16903497804,1412.5855460864957,1730328910.845042
-27216.176952859994,1384.8246794730044,1730328910.8490603
-27213.62885399209,1305.9230215457706,1730328910.8513472
-27358.13288189565,1362.7635076956162,1730328910.8560617
-27332.22721007195,1442.7604011011604,1730328910.859384
-27274.91733728854,1410.0821507075011,1730328910.8638582
-27299.481904444925,1334.9132341043037,1730328910.8673725
-27350.08625389174,1329.8840916018596,1730328910.872914
-27265.61901159513,1390.3008568645546,1730328910.876396
-27208.800877189744,1401.2085081587445,1730328910.8796208
-27302.58879692421,1364.7528129521386,1730328910.8833745
-27353.97545742696,1372.352406066943,1730328910.8875608
-27232.449022823457,1430.489293395197,1730328910.8913655
-27322.817125656264,1403.0413512040795,1730328910.8956313
-27326.25929430238,1336.5225597050858,1730328910.8997526
-27340.18443109804,1337.5730916944854,1730328910.904795
-27292.06112528576,1418.195833944778,1730328910.9074185
-27221.541371529267,1458.1384012864116,1730328910.9120111
-27242.216735150425,1387.7974614855602,1730328910.915902
-27244.027226451308,1307.487643657642,1730328910.919972
-27300.77830562333,1350.7159174342055,1730328910.923739
-27266.46837788444,1461.7593838881712,1730328910.927591
-27282.69574435899,1408.8304530180042,1730328910.932429
-27332.20485832749,1339.785914395561,1730328910.935532
-27338.955085153,1367.4573740312308,1730328910.9396653
-27313.854076129686,1414.70896180975,1730328910.943612
-27272.57040412073,1386.1210806514125,1730328910.947616
-27317.78798315382,1310.9745157926698,1730328910.9515364
-27335.60232348469,1352.7275744351834,1730328910.955974
-27268.16711046304,1404.3601041269428,1730328910.9594753
-27195.14396132755,1410.1492059408672,1730328910.9627333
-27280.237052468903,1323.1115130319015,1730328910.9675546
-27294.36335496466,1302.2349837106449,1730328910.971984
-27253.30320040026,1432.7244678407274,1730328910.9755085
-27267.49655812938,1435.741953342194,1730328910.9797091
-27326.88514314713,1348.994833111147,1730328910.9834764
-27297.336136977214,1342.1999027967338,1730328910.9875827
-27281.935785047503,1416.094769965979,1730328910.991174
-27246.016531707828,1441.8886830674032,1730328910.995766
-27287.277851972325,1380.577848026496,1730328910.9997878
-27349.192184113526,1323.7820653655608,1730328911.0040524
-27306.50035220389,1397.5428220680742,1730328911.007708
-27254.241973667384,1422.71088632475,1730328911.0120697
-27234.460679824435,1403.644848304373,1730328911.0157263
-27307.036794070817,1343.3174900194992,1730328911.0186608
-27289.11069501766,1375.548705524052,1730328911.0227256
-27171.875795349577,1424.4096189033532,1730328911.0276897
-27264.00968599435,1376.286313091077,1730328911.0317962
-27294.7433346204,1317.9482600627257,1730328911.0358367
-27308.60141618269,1358.4943245046527,1730328911.0398057
-27287.03198278332,1424.7225433257274,1730328911.042657
-27229.4762408109,1405.9917814721805,1730328911.0467875
-27320.291378532813,1337.997774839136,1730328911.0506065
-27328.785041425832,1361.355347794932,1730328911.0558157
-27259.718151058933,1409.0092669736466,1730328911.0598104
-27227.799859976752,1398.8168715020263,1730328911.0638032
-27263.473244127425,1338.198940539234,1730328911.0675883
-27392.59927184573,1322.3292019759658,1730328911.070772
-27313.42939298504,1433.797351574582,1730328911.0746412
-27187.52201646829,1449.845904093493,1730328911.0788088
-27240.495650827368,1365.4904205191638,1730328911.0836194
-27333.81418392828,1340.4564667292198,1730328911.0878468
-27265.864880784145,1415.737142054694,1730328911.091647
-27204.77756318779,1422.1967962022777,1730328911.0948584
-27271.743389575888,1359.2766355605884,1730328911.0986729
-27334.7529571954,1319.5575856635078,1730328911.1028605
-27307.10384930418,1391.0831679204905,1730328911.106792
-27237.902848470552,1440.5252266556297,1730328911.1123743
-27217.13807787157,1384.2658858616217,1730328911.115832
-27264.434369139,1326.0619433000022,1730328911.120324
-27311.84241912871,1362.1376588508676,1730328911.1230216
-27229.319778599714,1430.9139765398477,1730328911.1267583
-27181.464693720904,1407.3999413728643,1730328911.1308112
-27257.550031846768,1339.3388795064543,1730328911.134817
-27261.953325504463,1364.261074574122,1730328911.1390607
-27285.690878116,1419.291069423088,1730328911.1440003
-27216.84750519365,1412.2279181752108,1730328911.148054
-27256.03011322381,1342.289309774555,1730328911.1508217
-27322.45949774497,1348.346632521943,1730328911.1554687
-27262.35565690466,1435.1608079863558,1730328911.158832
-27230.169144889016,1418.285240922599,1730328911.1634042
-27303.348756235693,1360.3718710388985,1730328911.166842
-27335.445861273514,1344.0103940976137,1730328911.1724105
-27241.16620316103,1407.578755328507,1730328911.1757889
-27225.11765064212,1422.71088632475,1730328911.1791117
-27252.967924233428,1348.5254464775858,1730328911.18303
-27333.65772171709,1365.2221995857,1730328911.1869574
-27288.37308745064,1426.935366026803,1730328911.1911688
-27213.13711561408,1459.3230437425427,1730328911.1951764
-27273.6879913435,1385.0034934286468,1730328911.1998403
-27314.994015096905,1341.5293504630747,1730328911.2040873
-27222.74836572985,1386.70222600725,1730328911.2070146
-27147.9594287824,1407.735217539694,1730328911.211227
-27283.343944948192,1412.5855460864957,1730328911.2153404
-27343.98422765544,1357.868475659904,1730328911.219185
-27356.27768710586,1381.6954352492614,1730328911.2233324
-27274.24678495488,1434.3784969304202,1730328911.2282064
-27200.508379996823,1424.0519909920683,1730328911.231169
-27303.92990159153,1350.8276761564823,1730328911.2350593
-27330.617884471165,1349.8889028893595,1730328911.2394772
-27257.21475567994,1437.7983138320822,1730328911.2437236
-27213.293577825258,1437.708906854261,1730328911.2471008
-27248.452871853457,1347.966652866203,1730328911.2509353
-27308.087326060217,1359.5225047495967,1730328911.256108
-27256.29833415727,1433.4397236632972,1730328911.2590027
-27196.060382850217,1414.1054647094566,1730328911.2625785
-27154.888469563542,1362.9199699068035,1730328911.2669487
-27287.479017672424,1380.063757904024,1730328911.2714148
-27307.37207023765,1454.472715195741,1730328911.2749462
-27200.03899336326,1442.2016074897776,1730328911.2791317
-27281.041715269293,1395.3970546003643,1730328911.2841384
-27331.869582160663,1349.620681955896,1730328911.2871206
-27272.39159016509,1398.3474848684652,1730328911.2902672
-27225.452926808943,1457.892532097403,1730328911.295174
-27232.33726410118,1412.7196565532277,1730328911.299481
-27300.420677712045,1349.911254633815,1730328911.3035388
-27247.73761603089,1389.675008019806,1730328911.307201
-27111.63784404252,1467.8167066355595,1730328911.3122883
-27283.5898141372,1407.8916797508812,1730328911.3153503
-27341.01144564289,1329.2135392682003,1730328911.3181603
-27302.991128324407,1366.8315251864822,1730328911.3232925
-27194.94279562745,1445.1967412467889,1730328911.327217
-27202.318871297703,1456.797296619093,1730328911.3316271
-27323.666491945565,1363.2999495625436,1730328911.335153
-27336.94342815202,1366.7644699531163,1730328911.3387485
-27241.38972060558,1438.737087099205,1730328911.342116
-27194.495760738348,1426.9130142823476,1730328911.346305
-27278.29245070129,1366.2950833195548,1730328911.35108
-27329.79086992632,1358.1814000822783,1730328911.3555727
-27254.82311902321,1425.6836683373058,1730328911.359105
-27203.056478864728,1434.445552163786,1730328911.3636117
-27245.43538635199,1365.1551443523342,1730328911.3671927
-27289.51302641785,1339.517693462097,1730328911.3702686
-27221.34020582917,1403.1084064374456,1730328911.3744082
-27199.279034051782,1446.6943081252944,1730328911.378792
-27197.24502530635,1377.94034218077,1730328911.383242
-27285.869692071643,1335.7178969046947,1730328911.3873184
-27315.53045696384,1430.7575143286604,1730328911.3913715
-27235.287694369283,1482.993541120713,1730328911.3949113
-27220.08850813968,1401.9684674702248,1730328911.398805
-27276.705476844967,1339.160065550812,1730328911.402573
-27281.62286062513,1415.8265490325152,1730328911.4063122
-27188.99723160234,1489.609657479484,1730328911.4117432
-27222.033109907283,1447.8118953480596,1730328911.4154444
-27241.99321770588,1387.551592296552,1730328911.419916
-27271.743389575888,1385.741100995672,1730328911.4224217
-27196.127438083586,1432.4338951628083,1730328911.426268
-27129.072204717664,1428.8129125610487,1730328911.430658
-27297.224378254938,1359.9471878942477,1730328911.4342537
-27289.91535781805,1377.60506601394,1730328911.4394271
-27242.216735150425,1465.3580147454757,1730328911.4433024
-27265.97663950641,1446.38138370292,1730328911.4464154
-27290.787075851807,1375.5263537795963,1730328911.4502218
-27311.171866795048,1376.1522026243451,1730328911.4548564
-27276.034924511307,1445.7331831137162,1730328911.4582734
-27244.854240996152,1418.508758367152,1730328911.4625497
-27233.857182724143,1358.4943245046527,1730328911.4662707
-27240.92033397202,1408.9198599958254,1730328911.471406
-27234.974769946908,1462.1617152883668,1730328911.4743688
-27247.379988119603,1443.542712157096,1730328911.4783788
-27229.163316388527,1380.0190544151133,1730328911.4823904
-27275.87846230012,1334.5556061930188,1730328911.4863377
-27241.2332583944,1388.7809382415935,1730328911.4904013
-27148.16059448249,1462.876971110937,1730328911.4944415
-27246.5306218303,1438.5582731435625,1730328911.4993217
-27338.5527537528,1365.1104408634235,1730328911.502462
-27304.421639969547,1396.5593453120405,1730328911.5064776
-27269.01647675234,1447.454267436775,1730328911.5105677
-27211.14781035755,1427.8517875494704,1730328911.514835
-27288.998936295386,1366.9432839087588,1730328911.518638
-27314.390517996613,1380.354330581943,1730328911.5227072
-27199.368441029605,1452.1481337723892,1730328911.527357
-27126.76997503877,1433.28326145211,1730328911.5308435
-27265.52960461732,1370.2960455770549,1730328911.5344343
-27323.84530590121,1391.4407958317752,1730328911.539193
-27222.54720002976,1471.3706340039532,1730328911.5424156
-27118.20925691238,1454.5844739180177,1730328911.546394
-27224.692967497467,1404.3601041269428,1730328911.550409
-27332.875410661152,1387.9762754412027,1730328911.5559788
-27293.893968331096,1445.28614822461,1730328911.5583563
-27212.779487702788,1452.0140233056577,1730328911.5619235
-27221.451964551445,1378.1862113697782,1730328911.5663736
-27304.01930856935,1373.7605659676274,1730328911.570709
-27247.96113347544,1453.4221832063415,1730328911.574635
-27216.46752553791,1476.1315555729336,1730328911.5784612
-27251.62681956611,1406.3941128723757,1730328911.5834584
-27315.01636684136,1363.6352257293734,1730328911.587175
-27291.949366563484,1409.4339501182974,1730328911.5910723
-27162.62217314508,1468.3978519913974,1730328911.594386
-27179.073057064183,1427.963546271747,1730328911.5991793
-27307.88616036012,1370.4078042993312,1730328911.6030858
-27317.60916919818,1389.809118486538,1730328911.606764
-27179.45303671993,1440.122895255434,1730328911.6104815
-27101.043117170702,1445.8225900915374,1730328911.613592
-27303.81814286925,1373.9170281788145,1730328911.617457
-27360.99390518593,1411.0879792079902,1730328911.622641
-27259.651095825568,1466.900285112892,1730328911.6265194
-27248.6316858091,1434.1773312303224,1730328911.6306796
-27264.59083135019,1370.1172316214124,1730328911.634611
-27300.59949166769,1372.642978744862,1730328911.6387343
-27272.145720976085,1444.123857512934,1730328911.641492
-27179.34127799765,1449.868255837948,1730328911.6457317
-27252.92322074452,1390.479670820197,1730328911.650434
-27322.705366933988,1375.7275194796944,1730328911.6546392
-27261.640401082088,1436.6807266093167,1730328911.658462
-27098.51737004726,1474.343416016509,1730328911.6626625
-27170.7135046379,1389.965580697725,1730328911.6664948
-27314.904608119086,1375.03461540158,1730328911.6696384
-27285.132084504618,1434.289089952599,1730328911.673742
-27188.304327524227,1503.020704152668,1730328911.678702
-27216.33341507118,1441.0393167781017,1730328911.6827607
-27305.539227192312,1368.9549409097365,1730328911.6866224
-27225.631740764587,1399.867403491426,1730328911.6907024
-27238.97573220441,1453.1763140173334,1730328911.6948335
-27271.3857616646,1412.3620286419427,1730328911.6978047
-27303.3934597246,1383.193002127767,1730328911.7018104
-27304.488695202912,1420.6545258348615,1730328911.7057793
-27215.19347610396,1466.2967880125989,1730328911.7108045
-27202.76590618681,1423.3367351694983,1730328911.7146668
-27247.35763637515,1339.02595508408,1730328911.7176852
-27248.72109278692,1388.222144630211,1730328911.7217264
-27219.462659294924,1495.0858348710342,1730328911.725626
-27227.10695589864,1462.899322855392,1730328911.7298152
-27292.68697413051,1387.1716126408116,1730328911.733611
-27327.06395710277,1401.5661360700294,1730328911.7388265
-27250.44217710998,1459.7700786316489,1730328911.74273
-27169.730027881866,1463.6145786779618,1730328911.7457368
-27214.85819993713,1381.024882915602,1730328911.749612
-27237.63462753709,1383.5282782945965,1730328911.7536776
-27282.516930403344,1478.5902474630177,1730328911.7577937
-27223.84360120817,1484.4017010213972,1730328911.7618847
-27274.850282055177,1394.6147435444288,1730328911.766662
-27322.30303553379,1364.573998996496,1730328911.7709634
-27253.459662611447,1428.768209072138,1730328911.77392
-27144.27139094727,1457.065517552557,1730328911.777933
-27123.5513238372,1415.6253833324174,1730328911.781922
-27270.424636653024,1387.7751097411049,1730328911.7859805
-27337.658683974587,1438.3347556990095,1730328911.789946
-27206.83392367768,1507.9380879328355,1730328911.7939584
-27190.60655720312,1466.6320641794282,1730328911.7989447
-27219.172086617004,1402.6613715483395,1730328911.801904
-27221.608426762632,1412.093807708479,1730328911.8057697
-27247.53645033079,1482.0100643646797,1730328911.8101492
-27211.5724935022,1453.802162862082,1730328911.813951
-27237.701682770454,1394.9500197112584,1730328911.8179305
-27253.660828311546,1411.7138280527388,1730328911.8229778
-27230.7279385004,1464.5980554339951,1730328911.8258653
-27193.177007815484,1460.485334454219,1730328911.8287797
-27185.37624900058,1394.9276679668033,1730328911.8337924
-27187.61142344612,1401.543784325574,1730328911.8379912
-27276.05727625576,1479.506668985685,1730328911.841829
-27224.6259122641,1486.346302789009,1730328911.8459475
-27270.40228490857,1421.6603543353503,1730328911.850835
-27281.30993620276,1381.3154555935212,1730328911.8540452
-27222.86012445213,1445.7778866026267,1730328911.8568792
-27210.43255453498,1495.8234424380591,1730328911.8620026
-27215.01466214832,1428.6564503498614,1730328911.8659887
-27296.50912243237,1384.8246794730044,1730328911.8700905
-27281.22052922494,1435.0490492640793,1730328911.8741076
-27177.03904831875,1504.1382913754337,1730328911.8781722
-27148.65233286051,1433.7302963412162,1730328911.882399
-27208.890284167563,1365.0210338856025,1730328911.8852584
-27281.891081558595,1425.3707439149314,1730328911.890221
-27230.213848377927,1509.3685995779754,1730328911.8946767
-27234.214810635425,1467.5931891910063,1730328911.8983943
-27277.599546623176,1404.673028549317,1730328911.9021497
-27342.71017822149,1437.5300928986185,1730328911.9061203
-27206.297481810747,1511.6931810013273,1730328911.9100823
-27169.10417903712,1483.0605963540788,1730328911.9135504
-27252.744406788875,1412.317325153032,1730328911.9169517
-27285.51206416036,1427.3376974269984,1730328911.922364
-27218.94856917245,1479.506668985685,1730328911.9260645
-27161.23636498885,1485.742805688716,1730328911.9303665
-27185.51035946732,1426.0859997375012,1730328911.9329317
-27215.81932494871,1411.155034441356,1730328911.9371867
-27269.083531985707,1450.248235493688,1730328911.941186
-27216.422822049004,1506.4852245432407,1730328911.9453568
-27241.09914792766,1457.66901465285,1730328911.9500291
-27243.513136328835,1408.4728251067193,1730328911.9539957
-27177.754304141323,1476.802107906593,1730328911.9580045
-27203.928196898487,1502.350151819009,1730328911.9616284
-27244.25074389586,1439.7652673441492,1730328911.965613
-27295.056259042773,1401.7225982812165,1730328911.9697113
-27275.654944855567,1452.5504651725848,1730328911.9737265
-27202.564740486712,1503.2442215972212,1730328911.9787712
-27153.837937574142,1454.8526948514814,1730328911.9826024
-27242.77552876181,1391.932534209792,1730328911.986424
-27272.615107609643,1450.5611599160625,1730328911.989486
-27213.450040036445,1495.443462782319,1730328911.993238
-27210.05257487924,1454.2939012400986,1730328911.9972136
-27288.97658455093,1389.2503248751552,1730328912.0011892
-27305.047488814296,1411.8255867750154,1730328912.0053046
-27227.5763425322,1485.0722533550563,1730328912.0103476
-27185.71152516741,1472.5999799489953,1730328912.0146887
-27220.468487795413,1429.2375957056995,1730328912.0170524
-27242.663770039533,1414.5972030874734,1730328912.0215478
-27215.05936563723,1465.022738578646,1730328912.025172
-27234.05834842424,1479.8195934080593,1730328912.0293467
-27271.3857616646,1432.1656742293446,1730328912.0341096
-27268.92706977452,1412.160862941845,1730328912.0387318
-27237.92520021501,1469.806011892082,1730328912.042169
-27168.970068570387,1500.4726052847632,1730328912.0455103
-27192.84173164865,1440.7487441001826,1730328912.0493877
-27280.326459446725,1406.125891938912,1730328912.0534554
-27262.512119115847,1448.3706889594423,1730328912.0573373
-27172.680458149967,1478.4784887407409,1730328912.0616956
-27176.122626796085,1469.0013490916908,1730328912.0662036
-27281.06406701375,1432.8809300519144,1730328912.0698185
-27292.10582877467,1454.8079913625709,1730328912.0738244
-27135.08482397614,1505.1441198759223,1730328912.0772605
-27178.536615197256,1468.4202037358527,1730328912.081414
-27312.8482476292,1383.483574805686,1730328912.0854533
-27307.036794070817,1440.6593371223614,1730328912.089566
-27225.96701693142,1511.1120356454892,1730328912.0944097
-27159.80585334371,1474.343416016509,1730328912.0972867
-27255.35956089015,1392.9160109658255,1730328912.101162
-27315.9998435974,1412.4290838753086,1730328912.1054113
-27229.4762408109,1484.446404510308,1730328912.109239
-27144.22668745836,1486.77098593366,1730328912.1133945
-27235.667674025022,1401.7225982812165,1730328912.1173763
-27296.86675034365,1390.256153375644,1730328912.1227856
-27178.201339030427,1464.3298345005317,1730328912.1252315
-27147.691207848933,1460.865314109959,1730328912.1294296
-27235.310046113736,1417.3017641665656,1730328912.1333003
-27300.82300911224,1402.9742959707137,1730328912.1374395
-27206.923330655496,1461.088831554512,1730328912.141235
-27189.936004869465,1488.939105145825,1730328912.14561
-27200.55308348573,1428.5223398831297,1730328912.1503737
-27325.544038479813,1379.0355776590798,1730328912.153458
-27286.808465338763,1422.062685735546,1730328912.1572418
-27178.134283797062,1474.701043927794,1730328912.1619868
-27151.93803929544,1430.7575143286604,1730328912.1658738
-27263.5850028497,1368.999644398647,1730328912.169746
-27224.603560519645,1430.0199067616352,1730328912.1732707
-27180.52592045378,1484.0664248545677,1730328912.179014
-27209.85140917914,1455.6797093963278,1730328912.181572
-27254.241973667384,1389.809118486538,1730328912.1860828
-27160.409350444,1431.897453295881,1730328912.1894443
-27082.13354136152,1506.9769629212574,1730328912.1934724
-27214.657034237032,1480.95953237528,1730328912.1975772
-27295.950328820985,1407.9140314953363,1730328912.201443
-27286.27202347184,1407.4669966062304,1730328912.2055416
-27230.28090361129,1469.3366252585204,1730328912.208377
-27164.05268479022,1470.2083432922773,1730328912.2129724
-27226.235237864883,1395.8217377450155,1730328912.2173853
-27258.757026047355,1393.743025510672,1730328912.22154
-27241.054444438752,1448.8177238485484,1730328912.225483
-27208.331490556186,1447.253101736677,1730328912.229604
-27217.4733540384,1380.8237172155043,1730328912.2333932
-27197.51324623981,1394.391226099876,1730328912.2366283
-27213.38298480308,1457.6466629083948,1730328912.2406
-27214.67938598149,1508.832157711048,1730328912.2459133
-27213.74061271437,1425.1472264703784,1730328912.249388
-27312.87059937365,1370.452507788242,1730328912.2536182
-27211.68425222448,1432.0986189959788,1730328912.2576144
-27100.84195147061,1493.5212127591626,1730328912.2610888
-27202.207112575423,1437.351278942976,1730328912.2651064
-27260.768683048333,1387.9762754412027,1730328912.2686567
-27297.64906139959,1407.5340518395965,1730328912.2730708
-27243.40137760656,1471.1024130704895,1730328912.277536
-27215.23817959287,1433.1491509853784,1730328912.281703
-27269.35175291917,1359.388394282865,1730328912.2856233
-27259.67344757002,1374.3640630679206,1730328912.289044
-27196.127438083586,1472.9352561158248,1730328912.292632
-27196.32860378368,1487.4638900117743,1730328912.297096
-27260.4334068815,1399.42036860232,1730328912.3005784
-27280.706439102465,1401.8790604924036,1730328912.305802
-27206.74451669985,1473.896381127403,1730328912.3097613
-27116.152896422496,1505.1888233648328,1730328912.313149
-27180.77178964279,1425.4601508927526,1730328912.3165596
-27238.752214759854,1401.253211647655,1730328912.3210983
-27231.174973389505,1461.960549588269,1730328912.324622
-27190.42774324748,1495.4881662712296,1730328912.328715
-27221.541371529267,1419.0228484896245,1730328912.333599
-27302.298224246293,1386.5234120516077,1730328912.337706
-27260.16518594804,1449.6000349044843,1730328912.340763
-27170.17706277097,1478.7243579297494,1730328912.3450816
-27189.48896998036,1427.0024212601688,1730328912.3491354
-27271.005782008862,1375.5040020351414,1730328912.3528924
-27238.640456037578,1434.3337934415094,1730328912.3566537
-27142.393844413025,1482.077119598045,1730328912.3606844
-27134.190754197927,1444.8838168244145,1730328912.3659496
-27264.14379646108,1392.6924935212724,1730328912.369177
-27310.143686550105,1434.6914213527944,1730328912.3729808
-27187.41025774601,1509.6591722558944,1730328912.3766143
-27144.09257699163,1462.0499565660905,1730328912.3812833
-27233.276037368305,1390.0102841866355,1730328912.38482
-27297.358488721668,1428.410581160853,1730328912.3890252
-27175.89910935153,1497.9692099057688,1730328912.394395
-27218.81445870572,1460.708851898772,1730328912.3970656
-27256.812424279746,1380.6225515154067,1730328912.4007175
-27236.718206014422,1389.965580697725,1730328912.4050624
-27206.520999255303,1463.9498548447914,1730328912.408764
-27190.919481625497,1500.6514192404056,1730328912.4133055
-27206.699813210944,1419.0675519785348,1730328912.4166777
-27285.42265718253,1392.446624332264,1730328912.4222665
-27265.21668019494,1456.5514274300847,1730328912.4247296
-27188.28197577977,1473.0470148381014,1730328912.428964
-27190.76301941431,1425.8177788040375,1730328912.432736
-27260.27694467032,1396.0899586784792,1730328912.4367976
-27228.604522777143,1462.117011799456,1730328912.441053
-27149.23347821635,1514.6883147583385,1730328912.4449372
-27155.782539341755,1446.023755791635,1730328912.4488904
-27160.029370788263,1390.9043539648478,1730328912.4520628
-27279.186520479503,1446.426087191831,1730328912.4571235
-27230.169144889016,1509.3685995779754,1730328912.4611752
-27184.34806875564,1469.4260322363416,1730328912.46481
-27220.781412217788,1395.933496467292,1730328912.4689624
-27174.84857736213,1425.9071857818587,1730328912.4729764
-27203.659975965023,1475.3715962614533,1730328912.4768991
-27232.29256061227,1459.7700786316489,1730328912.4800594
-27272.68216284301,1409.7468745406718,1730328912.483773
-27283.29924145928,1421.9732787577248,1730328912.4889824
-27229.4762408109,1474.7233956722494,1730328912.4929712
-27177.59784193013,1459.5912646760064,1730328912.4968925
-27231.73376700089,1394.8829644778923,1730328912.5009427
-27271.3857616646,1387.5962957854624,1730328912.5049472
-27231.73376700089,1473.4940497272075,1730328912.507746
-27187.67847867948,1489.2296778237435,1730328912.5119643
-27188.684307179967,1405.9917814721805,1730328912.516806
-27274.42559891053,1392.737197010183,1730328912.5210185
-27260.18753769249,1463.3240060000428,1730328912.5247877
-27168.45597844792,1501.34432331852,1730328912.5288572
-27185.89033912305,1432.0762672515234,1730328912.5328217
-27302.56644517976,1370.2960455770549,1730328912.5360088
-27266.803654051266,1430.578700373018,1730328912.5404806
-27104.82056198365,1510.8214629675704,1730328912.5454004
-27190.00306010283,1464.5533519450846,1730328912.5490425
-27291.34586946319,1393.3406941104763,1730328912.5531845
-27293.134009019617,1454.3386047290094,1730328912.556052
-27206.520999255303,1516.7446752482267,1730328912.5601714
-27157.123644009072,1482.0324161091348,1730328912.56405
-27218.121554627607,1410.8197582745263,1730328912.567908
-27244.87659274061,1426.3989241598756,1730328912.5725265
-27173.440417461446,1496.9410296608246,1730328912.5771208
-27175.13915004005,1477.0703288400566,1730328912.581205
-27225.58703727568,1414.70896180975,1730328912.5839205
-27277.77836057882,1414.418389131831,1730328912.588375
-27235.9805984474,1480.7136631862716,1730328912.592032
-27182.33641175466,1484.669921954861,1730328912.5962036
-27191.61238570361,1419.9392700122917,1730328912.6000164
-27251.269191654825,1394.4806330776971,1730328912.6054296
-27246.418863108025,1458.0489943085904,1730328912.6089883
-27180.838844876154,1496.382236049442,1730328912.612584
-27215.72991797089,1432.8809300519144,1730328912.6161077
-27275.833758811208,1396.6487522898617,1730328912.620334
-27230.213848377927,1452.997500061691,1730328912.6243377
-27140.002207756308,1502.0372273966343,1730328912.6288369
-27134.36956815357,1451.1423052719003,1730328912.632999
-27271.698686086977,1407.6458105618728,1730328912.637182
-27265.03786623929,1448.795372104093,1730328912.640152
-27204.889321910065,1483.86525915447,1730328912.6441207
-27198.63083346258,1434.4902556526968,1730328912.648102
-27255.62778182361,1386.4787085626972,1730328912.6527135
-27250.553935832257,1446.7390116142049,1730328912.6562033
-27176.94964134093,1518.152835148911,1730328912.661376
-27192.57351071519,1472.8905526269143,1730328912.6644058
-27241.59088630568,1400.2920866360769,1730328912.6684153
-27196.84269390616,1438.9159010548474,1730328912.672475
-27211.170162102004,1514.2636316136875,1730328912.6772768
-27201.782429430776,1496.7398639607268,1730328912.6806383
-27260.589869092688,1409.8139297740377,1730328912.6841528
-27292.01642179685,1416.7876740440934,1730328912.6888225
-27236.852316481152,1481.563029475573,1730328912.6921003
-27178.178987285974,1477.897343384903,1730328912.69616
-27199.323737540693,1418.7322758117052,1730328912.7002048
-27281.01936352484,1435.1161044974451,1730328912.7057016
-27248.29640964227,1483.0605963540788,1730328912.7081592
-27169.35004822613,1496.24812558271,1730328912.7124562
-27204.57639748769,1412.6302495754064,1730328912.7161288
-27250.889211999085,1387.3057231075434,1730328912.7203948
-27268.16711046304,1473.5611049605734,1730328912.724164
-27158.35298995412,1509.34624783352,1730328912.728888
-27168.23246100336,1430.0869619950013,1730328912.7323484
-27285.646174627087,1393.251287132655,1730328912.7355323
-27285.132084504618,1446.6943081252944,1730328912.740697
-27155.402559686016,1501.478433785252,1730328912.7447743
-27173.95450758392,1466.6544159238836,1730328912.748854
-27239.556877560244,1396.6040488009512,1730328912.752896
-27295.50329393188,1413.8595955204482,1730328912.7564993
-27246.463566596936,1489.989637135224,1730328912.7609382
-27168.679495892466,1487.7544626896934,1730328912.765674
-27277.4877879009,1390.345560353465,1730328912.7683733
-27290.809427596265,1414.70896180975,1730328912.772776
-27186.62794669008,1505.5017477872073,1730328912.7762516
-27104.865265472567,1477.316198029065,1730328912.7807024
-27173.440417461446,1415.290107165588,1730328912.784414
-27320.06786108826,1444.9508720577803,1730328912.7885852
-27245.43538635199,1487.6203522229616,1730328912.7912896
-27164.94675456843,1497.0751401275566,1730328912.795588
-27210.365499301613,1445.5990726469845,1730328912.8002942
-27261.662752826545,1411.4232553748195,1730328912.804855
-27211.550141757747,1484.669921954861,1730328912.8082988
-27184.772751900287,1513.3248583465647,1730328912.8126702
-27170.42293195998,1424.2084532032554,1730328912.8163028
-27285.892043816097,1392.804252243549,1730328912.8200188
-27302.700555646486,1474.030491594135,1730328912.823352
-27206.65510972204,1513.6154310244838,1730328912.8284967
-27229.833868722188,1444.4367819353083,1730328912.8326457
-27287.948404305986,1388.6691795193171,1730328912.8364632
-27254.3313806452,1447.677784881328,1730328912.840696
-27166.913708080498,1486.6145237224728,1730328912.8434415
-27172.188719771948,1426.8459590489815,1730328912.8475475
-27300.912416090065,1398.5039470796523,1730328912.851456
-27263.7861685498,1448.0130610481574,1730328912.8566363
-27250.35277013216,1510.9779251787577,1730328912.8609552
-27208.08562136717,1490.5260790021514,1730328912.864992
-27261.21571793744,1403.153109926356,1730328912.8674505
-27290.31768921825,1397.028731945602,1730328912.8716564
-27210.09727836815,1453.0645552950568,1730328912.8754103
-27141.76799556828,1488.9167534013693,1730328912.8797798
-27279.097113501684,1408.226955917711,1730328912.8847857
-27307.573235937743,1398.0345604460908,1730328912.889141
-27215.260531337328,1490.995465635713,1730328912.8924215
-27132.939056508432,1483.6864451988274,1730328912.8959548
-27175.630888418065,1427.4271044048196,1730328912.8993864
-27276.25844195586,1419.7604560566492,1730328912.9036508
-27286.16026474956,1492.8283086810482,1730328912.9074345
-27204.352880043138,1502.1489861189111,1730328912.913025
-27211.550141757747,1438.804142332571,1730328912.9164634
-27276.012572766853,1412.7643600421382,1730328912.9210029
-27247.402339864057,1463.5922269335065,1730328912.9238875
-27195.255720049827,1513.6154310244838,1730328912.9275336
-27202.609443975623,1457.9372355863138,1730328912.9315145
-27258.600563836168,1406.3941128723757,1730328912.9361196
-27272.905680287564,1449.7564971156714,1730328912.939876
-27194.406353760525,1497.522175016663,1730328912.9446847
-27183.99044084435,1459.4348024648193,1730328912.9485743
-27198.273205551293,1405.477691349708,1730328912.9516883
-27230.169144889016,1429.7740375726269,1730328912.9557629
-27209.8737609236,1486.3239510445535,1730328912.9595056
-27230.03503442229,1476.8468113955037,1730328912.9636505
-27257.01358997984,1411.3785518859092,1730328912.9676516
-27314.36816625216,1421.1462642128784,1730328912.972685
-27226.95049368745,1487.9109249008804,1730328912.9755547
-27194.89809213854,1483.3064655430874,1730328912.97885
-27250.12925268761,1435.0490492640793,1730328912.983543
-27326.70632919149,1416.1618251993448,1730328912.987638
-27286.60729963867,1477.6514741958947,1730328912.9916232
-27226.749327987352,1492.4706807697632,1730328912.9958422
-27247.98348521989,1420.4086566458532,1730328913.000615
-27257.371217891126,1376.3310165799876,1730328913.0039692
-27193.51228398232,1483.7087969432828,1730328913.0070207
-27169.730027881866,1524.5901375520396,1730328913.0118835
-27183.65516467752,1443.8779883239256,1730328913.0158048
-27322.90653263409,1415.8489007769706,1730328913.0198572
-27321.85600064469,1477.539715473618,1730328913.0239391
-27239.06513918223,1523.0702189290785,1730328913.028778
-27216.355766815635,1482.5018027426963,1730328913.0320804
-27263.897927272075,1438.0888865100012,1730328913.0348055
-27280.237052468903,1464.1286688004338,1730328913.0400872
-27248.54227883128,1511.022628667668,1730328913.0438192
-27208.19738008945,1461.312348999065,1730328913.0478015
-27246.37415961912,1411.870290263926,1730328913.051859
-27253.39260737808,1420.4980636236744,1730328913.055776
-27218.702699983445,1487.4862417562297,1730328913.0597105
-27198.49672299585,1507.4239978103635,1730328913.0628672
-27250.82215676572,1413.501967609163,1730328913.0678213
-27315.66456743057,1414.261926920644,1730328913.0718772
-27198.04968810674,1498.036265139135,1730328913.0757203
-27147.11006249309,1497.8350994390369,1730328913.079914
-27265.30608717276,1417.8605577779483,1730328913.0827067
-27274.805578566265,1404.7177320382275,1730328913.086827
-27272.033962253805,1492.4930325142184,1730328913.0906937
-27238.640456037578,1501.5007855297072,1730328913.0948536
-27259.718151058933,1438.2006452322776,1730328913.0998056
-27311.30597726178,1410.0374472185908,1730328913.103913
-27284.59564263769,1482.4570992537856,1730328913.1078255
-27208.8232289342,1514.9118322028914,1730328913.1109588
-27190.24892929184,1445.800238347082,1730328913.1149652
-27271.676334342523,1379.3485020814542,1730328913.1189833
-27211.058403379728,1449.8235523490373,1730328913.123912
-27247.98348521989,1499.086797128534,1730328913.12793
-27258.35469464716,1437.9771277877246,1730328913.131934
-27257.751197546862,1399.956810469247,1730328913.1359236
-27236.09235716968,1451.9022645833809,1730328913.138926
-27206.208074832928,1489.0955673570118,1730328913.1429043
-27194.36165027161,1475.4162997503638,1730328913.1468897
-27244.04957819576,1451.1423052719003,1730328913.1508892
-27327.779212925343,1441.3298894560207,1730328913.15592
-27250.263363154336,1497.7456924612156,1730328913.160437
-27176.033219818262,1485.608695221984,1730328913.1644087
-27238.618104293124,1410.3056681520543,1730328913.1668324
-27312.289454017813,1395.9111447228368,1730328913.1713865
-27239.936857215984,1494.9070209153915,1730328913.1749232
-27179.67655416448,1494.4823377707407,1730328913.1789205
-27228.895095455064,1415.3571623989535,1730328913.1838417
-27257.08064521321,1396.447586589764,1730328913.1886132
-27259.047598725272,1485.9216196443583,1730328913.1919518
-27175.98851632935,1518.152835148911,1730328913.195159
-27207.01273763332,1438.670031865839,1730328913.1991692
-27224.6259122641,1388.4009585858537,1730328913.203142
-27293.044602041795,1439.6982121107833,1730328913.207059
-27237.075833925705,1515.1800531363551,1730328913.2123306
-27197.021507861795,1467.3696717464534,1730328913.215896
-27299.70542188948,1413.9490024982697,1730328913.2200816
-27296.82204685474,1455.3667849739534,1730328913.2235096
-27210.700775468445,1489.766119690671,1730328913.2270715
-27203.458810264925,1445.0179272911464,1730328913.2311373
-27282.96396529245,1408.0257902176131,1730328913.2352057
-27307.394421982102,1428.6564503498614,1730328913.239384
-27206.520999255303,1483.5523347320957,1730328913.2445695
-27175.675591906976,1462.6311019219283,1730328913.2471027
-27279.43238966852,1414.8430722764815,1730328913.2509933
-27275.11850298864,1437.6194998764397,1730328913.2555091
-27219.44030755047,1494.7952621931151,1730328913.2589817
-27157.794196342733,1502.0372273966343,1730328913.2631848
-27196.507417739325,1446.5825494030178,1730328913.2680528
-27299.77247712284,1443.0509737790792,1730328913.2725854
-27232.06904316772,1499.220907595266,1730328913.275004
-27235.24299088037,1487.0392068671235,1730328913.2795832
-27263.29443017178,1430.1763689728225,1730328913.2831202
-27302.7452591354,1419.7604560566492,1730328913.287178
-27246.418863108025,1480.154869574889,1730328913.2910085
-27157.347161453625,1507.7145704882826,1730328913.2952669
-27196.418010761503,1447.677784881328,1730328913.3000674
-27309.83076212773,1395.844089489471,1730328913.3032613
-27217.026319149296,1439.6311568774172,1730328913.3072236
-27121.58437032513,1478.4337852518304,1730328913.3113136
-27219.216790105915,1460.6641484098611,1730328913.3154728
-27328.8520966592,1436.7477818426826,1730328913.319415
-27297.380840466125,1462.899322855392,1730328913.3234568
-27215.86402843762,1513.637782768939,1730328913.3272216
-27192.797028159745,1475.2151340502662,1730328913.3301845
-27300.26421550085,1404.829490760504,1730328913.335854
-27298.945462577994,1442.0451452785906,1730328913.339285
-27207.81740043371,1492.8506604255035,1730328913.343253
-27192.90878688202,1461.3347007435204,1730328913.3472872
-27262.0874359712,1412.8537670199594,1730328913.3511753
-27312.26710227336,1439.3852876884089,1730328913.3557613
-27218.18860986097,1484.7146254437716,1730328913.358196
-27218.702699983445,1466.0062153346796,1730328913.3621216
-27253.191441677984,1400.247383147166,1730328913.3671005
-27279.49944490188,1402.549612826063,1730328913.37138
-27274.31384018825,1487.0168551226682,1730328913.3752143
-27202.609443975623,1499.5561837620955,1730328913.379542
-27217.406298805035,1441.2628342226546,1730328913.3833396
-27269.150587219072,1405.477691349708,1730328913.3862488
-27167.673667391977,1472.220000293255,1730328913.390488
-27121.472611602858,1508.675695499861,1730328913.3958027
-27243.06610143973,1438.4912179101966,1730328913.399164
-27352.209669615,1400.0462174470686,1730328913.4034576
-27305.136895792115,1462.899322855392,1730328913.4072971
-27225.609389020134,1509.6144687669837,1730328913.410849
-27226.63756926508,1459.412450720364,1730328913.4147353
-27282.226357725427,1404.2259936602109,1730328913.4184792
-27289.78124735132,1441.4639999227525,1730328913.4237983
-27208.219731833902,1501.545489018618,1730328913.42739
-27185.443304233948,1460.351223987487,1730328913.4316015
-27266.311915673246,1389.2503248751552,1730328913.435984
-27295.52564567633,1409.188080929289,1730328913.4388363
-27225.452926808943,1478.4561369962855,1730328913.4423232
-27119.12567843505,1477.5844189625286,1730328913.4464052
-27233.72307225741,1402.259040148144,1730328913.450205
-27312.55767495128,1410.4621303632416,1730328913.4557912
-27234.95241820245,1498.4833000282408,1730328913.4593968
-27256.47714811292,1492.4706807697632,1730328913.462687
-27294.609224153668,1420.5651188570405,1730328913.4662104
-27311.68595691752,1415.290107165588,1730328913.470474
-27253.079682955708,1481.317160286565,1730328913.474341
-27187.90199612403,1488.0003318787017,1730328913.4796329
-27257.97471499142,1431.8751015514258,1730328913.4833312
-27300.912416090065,1409.4563018627528,1730328913.4874573
-27254.644305067577,1451.3211192275428,1730328913.4905992
-27194.04872584924,1480.8924771419142,1730328913.4944909
-27208.398545789547,1446.6272528919285,1730328913.498485
-27250.21865966543,1420.0733804790236,1730328913.5025408
-27236.94172345897,1459.5242094426403,1730328913.506512
-27186.22561528988,1524.4560270853076,1730328913.51147
-27193.959318871417,1466.8779333684363,1730328913.5154858
-27200.396621274547,1396.671104034317,1730328913.5184536
-27266.64719184008,1414.8877757653925,1730328913.522494
-27218.83681045017,1496.8069191940929,1730328913.526446
-27216.95926391593,1484.1334800879335,1730328913.5304964
-27272.6374593541,1411.870290263926,1730328913.5345037
-27316.290416275315,1432.769171329638,1730328913.53852
-27226.749327987352,1491.084872613534,1730328913.5435104
-27148.02648401576,1471.4823927262298,1730328913.5465376
-27261.2827731708,1388.4009585858537,1730328913.5505185
-27329.343835037213,1412.674953064317,1730328913.5545547
-27254.666656812034,1475.1480788169,1730328913.5583851
-27181.95643209892,1485.9663231332688,1730328913.5628324
-27241.456775838946,1417.435874633297,1730328913.567351
-27292.73167761942,1377.94034218077,1730328913.570718
-27217.71922322741,1454.4056599623752,1730328913.573772
-27156.676609119968,1478.0761573405457,1730328913.5790384
-27222.457793051934,1419.2463659341772,1730328913.5824351
-27286.60729963867,1396.447586589764,1730328913.5865586
-27257.840604524685,1450.0470697935905,1730328913.5906997
-27150.37341718357,1492.448329025308,1730328913.5956707
-27206.63275797758,1450.0470697935905,1730328913.5989437
-27269.262345941348,1404.9188977383253,1730328913.6029537
-27227.75515648784,1453.1986657617888,1730328913.6071143
-27235.064176924727,1494.7505587042044,1730328913.611163
-27252.07385445522,1436.054877764568,1730328913.6148937
-27290.854131085176,1363.7246327071946,1730328913.6188264
-27277.24191871189,1409.4115983738425,1730328913.623696
-27193.266414793303,1489.2967330571096,1730328913.6268167
-27189.868949636097,1461.088831554512,1730328913.629747
-27273.084494243205,1407.5564035840516,1730328913.6347528
-27260.88044177061,1429.9081480393588,1730328913.6391847
-27200.55308348573,1486.860392911481,1730328913.6426404
-27165.416141202,1464.3521862449868,1730328913.647066
-27180.928251853973,1396.3358278674875,1730328913.6518908
-27251.24683991037,1399.9791622137025,1730328913.6549392
-27256.052464968263,1461.804087377082,1730328913.6575477
-27178.5142634528,1481.2277533087438,1730328913.6627693
-27223.396566319057,1403.868365748926,1730328913.666571
-27308.132029549128,1362.2047140842335,1730328913.6710484
-27206.65510972204,1455.500895440685,1730328913.6746027
-27156.05076027522,1510.5532420341067,1730328913.6791835
-27161.728103366862,1443.766229601649,1730328913.682668
-27242.84258399517,1387.7527579966495,1730328913.6859455
-27305.986262081416,1448.6165581484506,1730328913.6907291
-27203.168237587004,1487.0392068671235,1730328913.695094
-27191.14299907005,1433.99851727468,1730328913.6989994
-27229.923275700006,1385.7634527401274,1730328913.7028575
-27254.621953323123,1421.1462642128784,1730328913.7058823
-27188.371382757592,1494.3035238150983,1730328913.70999
-27149.144071238527,1449.801200604582,1730328913.7141948
-27236.025301936308,1366.2950833195548,1730328913.7177403
-27288.88717757311,1417.0111914886463,1730328913.7230604
-27214.120592370105,1469.4036804918862,1730328913.7267988
-27122.277274403248,1443.3415464569982,1730328913.7312667
-27248.743444531377,1392.737197010183,1730328913.7337823
-27310.03192782783,1398.9733337132138,1730328913.7379136
-27231.66671176752,1462.0499565660905,1730328913.74163
-27172.43458896096,1482.412395764875,1730328913.7461495
-27205.24694982135,1407.846976261971,1730328913.750765
-27247.938781730987,1399.4874238356858,1730328913.7550936
-27188.214920546405,1483.9099626433806,1730328913.7586625
-27155.71548410839,1486.0780818555454,1730328913.7621987
-27157.21305098689,1389.7644149976272,1730328913.76572
-27233.96894144642,1379.393205570365,1730328913.7700684
-27218.97092091691,1468.3978519913974,1730328913.7740085
-27149.12171949408,1484.2675905546655,1730328913.778968
-27184.884510622564,1417.0782467220124,1730328913.7827206
-27234.05834842424,1381.2931038490658,1730328913.7871368
-27275.07379949973,1421.5709473575291,1730328913.7900572
-27229.72210999991,1474.8575061389813,1730328913.7938356
-27196.015679361302,1425.504854381663,1730328913.7981036
-27242.708473528444,1387.5292405520966,1730328913.8025053
-27264.747293561377,1411.7138280527388,1730328913.80616
-27219.641473250565,1463.9498548447914,1730328913.811417
-27165.550251668723,1440.6593371223614,1730328913.8153596
-27213.62885399209,1368.194981598256,1730328913.817953
-27279.72296234644,1405.768264027627,1730328913.822049
-27218.38977556107,1480.7583666751823,1730328913.8258169
-27161.16930975548,1462.452287966286,1730328913.830129
-27233.52190655731,1392.3125138655323,1730328913.8340282
-27239.266304882327,1371.1677636108118,1730328913.839054
-27189.71248742491,1450.8517325939815,1730328913.8418424
-27213.450040036445,1484.893439399414,1730328913.8460088
-27219.75323197284,1429.952851528269,1730328913.8497992
-27263.96498250544,1390.9267057093032,1730328913.8544266
-27213.606502247632,1467.7496514021936,1730328913.8578403
-27130.07803321816,1492.2695150696654,1730328913.8621
-27187.29849902374,1410.0821507075011,1730328913.8668385
-27264.121444716628,1387.3057231075434,1730328913.870252
-27237.567572303724,1452.8410378505037,1730328913.8738308
-27168.34421972564,1487.9779801342463,1730328913.878194
-27183.49870246633,1411.8479385194703,1730328913.8821309
-27255.851299268164,1368.6196647429067,1730328913.8862135
-27248.005836964352,1427.0024212601688,1730328913.8904023
-27186.09150482315,1484.468756254763,1730328913.895396
-27177.24021401885,1430.2881276950989,1730328913.898199
-27247.29058114178,1364.1493158518454,1730328913.9025612
-27235.53356355829,1416.675915321817,1730328913.906198
-27190.20422580293,1477.1820875623332,1730328913.9106116
-27202.117705597604,1437.5971481319843,1730328913.9143252
-27197.647356706544,1363.4340600292755,1730328913.918039
-27214.47822028139,1388.6915312637725,1730328913.923643
-27232.09139491217,1455.7244128852385,1730328913.9260235
-27184.23631003336,1465.872104867948,1730328913.929558
-27251.13508118809,1401.2755633921104,1730328913.9340804
-27262.199194693472,1399.3980168578646,1730328913.938342
-27151.06632126169,1474.4104712498752,1730328913.9419608
-27212.93594991397,1462.608750177473,1730328913.9461591
-27254.7337120454,1390.3902638423758,1730328913.9499736
-27283.74627634839,1358.3155105490102,1730328913.9532616
-27237.165240903527,1433.2609097076547,1730328913.9571352
-27184.1692548,1457.6466629083948,1730328913.9623168
-27205.470467265903,1399.2639063911329,1730328913.9660258
-27252.27502015532,1387.573944041007,1730328913.9705503
-27233.00781643484,1432.6797643518169,1730328913.9739933
-27147.646504360026,1477.2938462846098,1730328913.9783623
-27188.125513568582,1439.8546743219704,1730328913.9812305
-27250.710398043444,1380.7790137265938,1730328913.985772
-27266.37897090661,1415.8489007769706,1730328913.9903524
-27185.28684202276,1476.3997765063973,1730328913.9945438
-27175.1167982956,1426.7789038156156,1730328913.9981425
-27244.34015087368,1380.2425718596664,1730328914.002686
-27242.619066550626,1425.6836683373058,1730328914.0063689
-27151.647466617524,1465.0003868341907,1730328914.0091944
-27121.31614939167,1439.7205638552384,1730328914.0131323
-27225.855258209143,1383.9529614392477,1730328914.018343
-27293.871616586643,1389.8538219754485,1730328914.0224402
-27217.49570578285,1462.6981571552942,1730328914.02613
-27159.738798110346,1456.1714477743444,1730328914.0305495
-27232.985464690384,1391.5302028095964,1730328914.0331275
-27239.19924964896,1393.9441912107698,1730328914.037263
-27170.7135046379,1454.7409361292048,1730328914.041118
-27234.75125250236,1455.5903024185066,1730328914.046312
-27221.80959246273,1380.9801794266916,1730328914.0501256
-27258.86878476963,1383.2153538722223,1730328914.054731
-27230.92910420049,1452.1034302834787,1730328914.058102
-27170.15471102652,1477.2044393067886,1730328914.0613585
-27199.971938129896,1406.3270576390098,1730328914.0653284
-27286.76376184985,1348.5701499664965,1730328914.0692887
-27205.58222598818,1427.449456149275,1730328914.073331
-27141.8574025461,1475.349244516998,1730328914.0783691
-27207.68328996698,1401.1638046698338,1730328914.0821335
-27261.886270271098,1372.5982752559514,1730328914.0858045
-27235.13123215809,1437.0830580095123,1730328914.089339
-27160.52110916628,1487.732110945238,1730328914.093901
-27141.03038800125,1445.3979069468865,1730328914.0972712
-27254.57724983421,1374.676987490295,1730328914.1015203
-27254.5325463453,1409.4563018627528,1730328914.1063788
-27183.31988851069,1467.704947913283,1730328914.110676
-27149.50169914981,1447.5660261590513,1730328914.1138043
-27208.376194045093,1389.742063253172,1730328914.1171863
-27241.322665372216,1393.541859810574,1730328914.121652
-27173.48512095036,1452.215189005755,1730328914.1252208
-27132.246152430314,1471.0800613260344,1730328914.1296225
-27218.99327266136,1406.282354150099,1730328914.1343355
-27278.15834023456,1388.9597521972362,1730328914.1388545
-27205.69398471045,1450.5164564271518,1730328914.141234
-27176.25673726281,1475.7292241727382,1730328914.145434
-27224.692967497467,1395.5535168115518,1730328914.149212
-27262.422712138025,1359.0531181160354,1730328914.1534162
-27235.95824670294,1456.1714477743444,1730328914.1572
-27147.87002180457,1494.0129511371797,1730328914.1625414
-27128.87103901757,1421.8838717799035,1730328914.1664884
-27272.905680287564,1365.0433856300576,1730328914.1695716
-27262.5344708603,1426.7342003267051,1730328914.1735356
-27159.09059752114,1476.7127009287717,1730328914.1774063
-27152.36272244009,1428.0306015051128,1730328914.1819646
-27215.05936563723,1359.9918913831582,1730328914.1860037
-27285.199139737982,1414.6195548319288,1730328914.1904764
-27191.5676822147,1478.7467096742046,1730328914.1940591
-27144.33844618064,1412.2055664307554,1730328914.196521
-27257.43827312449,1348.346632521943,1730328914.2014694
-27288.82012233974,1415.8265490325152,1730328914.2058244
-27175.161501784507,1483.641741709917,1730328914.2095003
-27148.42881541596,1457.4902006972077,1730328914.213667
-27240.24978163836,1384.4223480728087,1730328914.2190108
-27287.903700817074,1387.2833713630882,1730328914.221634
-27219.552066272747,1461.2676455101546,1730328914.2244384
-27170.04295230424,1471.7953171486042,1730328914.2295852
-27238.14871765956,1375.3698915684097,1730328914.2333748
-27271.810444809253,1356.192094825756,1730328914.2375124
-27172.34518198313,1479.707834685783,1730328914.241464
-27106.45223932889,1510.3297245895535,1730328914.24674
-27175.049743062227,1430.578700373018,1730328914.24942
-27267.45185464047,1388.065682419024,1730328914.2525
-27236.517040314324,1447.6330813924171,1730328914.2573743
-27172.25577500532,1483.7758521766486,1730328914.2616627
-27187.85729263512,1421.8168165465377,1730328914.2654746
-27273.509177387856,1365.2669030746106,1730328914.269703
-27240.96503746093,1426.2648136931437,1730328914.273688
-27153.12268175157,1463.3240060000428,1730328914.2774644
-27105.87109397305,1406.7293890392052,1730328914.2807124
-27193.64639444905,1360.3048158055326,1730328914.2845397
-27261.595697593177,1425.3260404260209,1730328914.2897103
-27272.905680287564,1500.0479221401122,1730328914.294148
-27215.03701389277,1456.8420001080035,1730328914.2975717
-27244.18368866249,1378.32032183651,1730328914.301782
-27278.940651290497,1396.4922900786746,1730328914.30594
-27213.673557481,1467.5484857020958,1730328914.3085709
-27168.835958103653,1456.0820407965232,1730328914.3130696
-27232.136098401083,1365.93745540827,1730328914.317622
-27262.40036039357,1378.968522425714,1730328914.3220503
-27199.90488289653,1451.6563953943726,1730328914.3256524
-27156.65425737551,1460.3735757319423,1730328914.3288577
-27225.609389020134,1395.9111447228368,1730328914.3325882
-27290.18357875152,1382.8577259609374,1730328914.3366916
-27234.237162379883,1434.154979485867,1730328914.340489
-27165.416141202,1470.923599114847,1730328914.345748
-27214.7240894704,1434.2443864636882,1730328914.3495595
-27245.569496818724,1381.3154555935212,1730328914.35369
-27235.15358390255,1433.484427152208,1730328914.3566773
-27198.63083346258,1473.2705322826544,1730328914.3607233
-27166.24315574684,1422.1744444578226,1730328914.3647218
-27223.7765459748,1379.0355776590798,1730328914.368667
-27259.5840405922,1439.8770260664255,1730328914.3727524
-27152.38507418455,1498.9079831728916,1730328914.3777652
-27130.234495429337,1435.026697519624,1730328914.3818583
-27245.14481367408,1370.5419147660632,1730328914.3849125
-27262.17684294901,1414.9771827432137,1730328914.388816
-27221.407261062537,1473.739918916216,1730328914.3926957
-27197.62500496209,1446.7390116142049,1730328914.396753
-27220.55789477324,1391.1502231538564,1730328914.401829
-27279.097113501684,1390.3008568645546,1730328914.405891
-27202.43063001998,1484.96049463278,1730328914.409755
-27206.029260877283,1478.0314538516348,1730328914.4127476
-27272.860976798653,1387.8868684633817,1730328914.4166875
-27265.507252872856,1397.9451534682696,1730328914.4208004
-27209.76200220132,1468.1296310579337,1730328914.424614
-27152.07214976217,1474.1646020608666,1730328914.428802
-27202.76590618681,1398.928630224303,1730328914.4338188
-27268.92706977452,1378.2979700920548,1730328914.4368684
-27266.06604648424,1464.7098141562717,1730328914.4405951
-27238.97573220441,1480.7807184196377,1730328914.4448388
-27189.913653125008,1403.4213308598198,1730328914.4486184
-27218.076851138696,1375.548705524052,1730328914.4528587
-27258.041770224783,1443.8556365794702,1730328914.4567292
-27207.348013800147,1495.0858348710342,1730328914.4619143
-27240.696816527467,1376.062795646524,1730328914.4647615
-27299.794828867296,1308.06878901348,1730328914.4688425
-27233.276037368305,1479.9537038747912,1730328914.4729104
-27212.488915024867,1515.1129979029893,1730328914.476773
-27292.95519506397,1405.2094704162444,1730328914.4808483
-27268.12240697413,1410.484482107697,1730328914.4851286
-27172.54634768324,1519.1139601604891,1730328914.489956
-27142.41619615748,1559.3023966911312,1730328914.4931304
-27122.277274403248,1517.638745026439,1730328914.4969225
-27216.601636004645,1443.2968429680875,1730328914.5009804
-27275.49848264438,1425.5495578705738,1730328914.505036
-27186.33737401216,1492.9400674033247,1730328914.508799
-27117.516352834267,1513.7495414912155,1730328914.5129073
-27208.24208357836,1447.5660261590513,1730328914.5178783
-27263.02620923832,1432.322136440532,1730328914.5207105
-27221.653130251543,1482.412395764875,1730328914.525077
-27162.398655700526,1492.3365703030313,1730328914.5289657
-27181.08471406516,1446.4037354473753,1730328914.5327382
-27208.66676672301,1399.286258135588,1730328919.5634587
-27284.97562229343,1328.6547456568178,1730328919.5675616
-27319.7996401548,1344.412725497809,1730328919.571636
-27254.93487774549,1406.774092528116,1730328919.5756664
-27209.04674637875,1396.7828627565937,1730328919.5786943
-27265.4849011284,1327.939489834248,1730328919.5826435
-27311.328329006235,1332.096914302935,1730328919.586511
-27240.607409549644,1410.70799955225,1730328919.5915673
-27193.80285666024,1422.6885345802946,1730328919.59628
-27246.37415961912,1354.225141313689,1730328919.5997868
-27299.41484921156,1340.6576324293176,1730328919.60369
-27261.05925572625,1413.7254850537165,1730328919.606516
-27208.71147021192,1434.9149387973475,1730328919.6107414
-27230.504421055844,1362.6293972288845,1730328919.614647
-27301.560616679268,1325.257280499611,1730328919.6187744
-27305.74039289241,1385.0705486620127,1730328919.623828
-27205.73868819937,1442.8274563345262,1730328919.6278243
-27206.14101959956,1392.4689760767194,1730328919.6316128
-27299.951291078483,1333.7509433926275,1730328919.634833
-27307.34971849319,1373.6488072453508,1730328919.6388023
-27238.171069404016,1428.768209072138,1730328919.6428423
-27228.4257088215,1388.468013819219,1730328919.6468165
-27286.36143044966,1333.840350370449,1730328919.6518176
-27311.551846450788,1360.058946616524,1730328919.6556084
-27246.91060148604,1427.4271044048196,1730328919.6598072
-27218.210961605422,1405.455339605253,1730328919.6628065
-27279.87942455762,1332.7451148921389,1730328919.6668198
-27309.02609932734,1339.271824273089,1730328919.6708376
-27258.48880511389,1399.7556447691495,1730328919.6748216
-27220.893170940064,1414.261926920644,1730328919.6798253
-27275.14085473309,1348.346632521943,1730328919.683925
-27314.278759274337,1345.8208853984936,1730328919.687906
-27275.25261345537,1412.89847050887,1730328919.6908448
-27234.77360424681,1418.6875723227945,1730328919.6948714
-27266.423674395523,1348.994833111147,1730328919.6988664
-27322.12422157815,1333.5274259480748,1730328919.7028513
-27298.56548292225,1397.2746011346103,1730328919.7077975
-27236.762909503334,1423.8284735475152,1730328919.7116628
-27256.857127768653,1354.3816035248765,1730328919.714671
-27319.397308754604,1318.2835362295552,1730328919.7189217
-27303.50521844688,1380.6896067487726,1730328919.7227666
-27236.00295019185,1424.4096189033532,1730328919.7269242
-27238.349883359657,1370.0725281325017,1730328919.7311316
-27317.385651753622,1301.4750243991643,1730328919.735906
-27333.300093805803,1358.2931588045549,1730328919.73973
-27226.458755309435,1443.1627325013558,1730328919.742954
-27189.421914746992,1370.9442461662586,1730328919.7469666
-27271.184595964503,1290.321503915966,1730328919.7509923
-27304.354584736186,1391.8207754875154,1730328919.7550263
-27274.783226821808,1482.4570992537856,1730328919.7590103
-27239.758043260343,1434.512607397152,1730328919.7630053
-27291.25646248537,1357.6896617042617,1730328919.7679937
-27330.3496635377,1355.6333012143734,1730328919.7709985
-27281.26523271385,1418.7546275561606,1730328919.7750072
-27233.477203068403,1420.2074909457554,1730328919.779044
-27275.766703577843,1350.4923999896528,1730328919.7830124
-27333.858887417187,1330.4652369576977,1730328919.787017
-27299.839532356207,1391.351388853954,1730328919.7909951
-27236.91937171452,1407.444644861775,1730328919.7949414
-27265.797825550777,1337.774257394583,1730328919.797871
-27319.84434364371,1324.519672932586,1730328919.8029947
-27313.6976139185,1368.5973129984511,1730328919.8068736
-27218.702699983445,1378.5885427699736,1730328919.8109856
-27154.06145501869,1278.1174514433685,1730328919.8149843
-27263.562651105243,1254.066974409458,1730328919.818913
-27351.24854460341,1331.6275276693736,1730328919.822939
-27291.390572952103,1307.264126213089,1730328919.826047
-27364.07844592076,1332.7227631476835,1730328919.8302732
-27351.717931236977,1354.7392314361612,1730328919.835396
-27250.732749787898,1391.6643132763284,1730328919.8389037
-27292.95519506397,1411.2667931636329,1730328919.8433924
-27393.828617790776,1494.5270412596517,1730328919.8471563
-27342.374902054657,1441.3969446893866,1730328919.8511715
-27246.709435785942,1413.7925402870824,1730328919.854148
-27220.53554302878,1438.1335899989117,1730328919.8579848
-27347.22523060146,1378.3426735809653,1730328919.8631103
-27399.304795182325,1359.9695396387028,1730328919.8671625
-27357.015294672885,1428.2317672052106,1730328919.8711312
-27321.230151799937,1457.5572559305735,1730328919.8751693
-27175.452074462424,1439.2288254772218,1730328919.8791263
-27218.590941261165,1348.9054261333258,1730328919.88211
-27242.552011317257,1313.6343733828514,1730328919.8862078
-27102.51833230476,1405.1424151828785,1730328919.8911188
-27228.87274371061,1440.8605028224592,1730328919.89516
-27300.621843412144,1402.1025779369568,1730328919.898981
-27167.830129603164,1401.7673017701272,1730328919.9031515
-27290.45179968498,1431.830398062515,1730328919.9071016
-27318.905570376584,1465.2462560231993,1730328919.91017
-27344.31950382227,1406.2152989167332,1730328919.9139884
-27438.822679379307,1343.0045655971248,1730328919.9180129
-27379.25528040592,1484.446404510308,1730328919.923042
-27230.169144889016,1571.2382282302651,1730328919.927271
-27191.835903148163,1492.5600877475845,1730328919.9302013
-27232.560781545733,1406.0141332166354,1730328919.9341795
-27296.21854975445,1409.8586332629484,1730328919.9380748
-27306.79092488181,1480.0431108526125,1730328919.9421003
-27285.17678799353,1479.7748899191488,1730328919.9470704
-27259.047598725272,1380.868420704415,1730328919.9514408
-27279.11946524613,1390.9043539648478,1730328919.955325
-27101.57955903764,1428.768209072138,1730328919.958313
-26982.31065062412,1459.3006919980876,1730328919.9622877
-27217.98744416088,1418.5311101116074,1730328919.9661157
-27469.779845449902,1376.867458446915,1730328919.9702432
-27370.94043146854,1454.6291774069284,1730328919.9742184
-27177.50843495232,1503.7359599752378,1730328919.979316
-27131.687358818934,1458.3619187309646,1730328919.9833307
-27254.0855114562,1408.7633977846383,1730328919.9862504
-27222.346034329657,1425.0131160036465,1730328919.99027
-27156.90012656452,1503.4006838084083,1730328919.994331
-27236.15941240304,1396.7158075232278,1730328919.9982696
-27124.22187617086,1328.2300625121668,1730328920.0023782
-27015.190066717874,1484.2228870657548,1730328920.0073235
-27084.41341929596,1457.6243111639394,1730328920.0112765
-27114.655329543988,1431.316307940043,1730328920.0141664
-27285.60147113818,1480.803070164093,1730328920.0183103
-27149.30053344972,1469.381328747431,1730328920.0221603
-27057.92660211642,1514.9565356918022,1730328920.0263991
-27272.615107609643,1504.25005009771,1730328920.0303547
-27395.46029513601,1440.994613289191,1730328920.0353184
-27233.454851323942,1450.4270494493303,1730328920.0392475
-27119.349195879604,1514.1518728914111,1730328920.0423915
-27159.5599841547,1478.6349509519282,1730328920.046435
-27269.575270363723,1415.4912728656857,1730328920.0504243
-27164.767940612783,1423.7614183141493,1730328920.054454
-27119.32684413515,1499.287962828632,1730328920.05863
-27223.709490741432,1513.3919135799306,1730328920.063554
-27283.5898141372,1403.7789587711047,1730328920.0662825
-27319.173791310048,1402.996647715169,1730328920.070386
-27235.3323978582,1491.598962736006,1730328920.0744736
-27107.83804748512,1556.7990013121369,1730328920.0785203
-26958.32722882357,1442.1345522564118,1730328920.0824802
-27290.049468284786,1404.427159360309,1730328920.0866368
-27388.95593749952,1478.254971296188,1730328920.091587
-27055.7361311598,1525.5289108191623,1730328920.0944922
-27219.417955806013,1456.5067239411742,1730328920.0973277
-27408.69252785356,1436.0772295090237,1730328920.1025112
-27284.93091880452,1472.1082415709784,1730328920.1064413
-27186.47148447889,1478.1655643183667,1730328920.11067
-27092.12477113304,1450.739973871705,1730328920.1143868
-27189.466618235903,1442.089848767501,1730328920.119589
-27362.64793427562,1440.2570057221658,1730328920.1223717
-27154.888469563542,1504.898250686914,1730328920.1256022
-27116.51052433378,1512.0508089126122,1730328920.1303756
-27339.06684387528,1416.5865083439958,1730328920.1345806
-27279.16416873505,1431.3386596844985,1730328920.1385517
-27178.08958030815,1543.8349895280587,1730328920.1424775
-27099.67966075893,1540.281062159665,1730328920.1466143
-27207.30331031124,1423.1355694694007,1730328920.1506467
-27334.70825370649,1383.7517957391497,1730328920.1535864
-27296.88910208811,1478.187916062822,1730328920.1579516
-27145.27721944776,1477.539715473618,1730328920.1627538
-27107.61453004057,1425.6613165928504,1730328920.166767
-27255.180746934504,1395.0170749446245,1730328920.1704724
-27099.433791569925,1434.445552163786,1730328920.1736355
-27018.386366174986,1485.8545644109922,1730328920.1776447
-27300.37597422313,1492.314218558576,1730328920.1815076
-27307.5955876822,1412.8761187644147,1730328920.1856322
-27325.544038479813,1478.254971296188,1730328920.190854
-27265.954287761964,1533.8437597565369,1730328920.1946688
-27225.51998204231,1459.546561187096,1730328920.1985986
-27296.330308476725,1377.739176480672,1730328920.201664
-27280.34881119118,1409.4115983738425,1730328920.2054455
-27072.812863923653,1503.601849508506,1730328920.2096934
-27024.041357522176,1539.3199371480869,1730328920.2136056
-27304.131067291622,1457.445497208297,1730328920.2187133
-27360.837442974745,1445.9567005582692,1730328920.2224903
-27320.827820399743,1489.989637135224,1730328920.2267122
-27216.154601115537,1439.8099708330597,1730328920.2297192
-27175.29561225124,1420.9450985127803,1730328920.2337055
-27293.245767741893,1441.28518596711,1730328920.2378175
-27259.3381714032,1452.7963343615932,1730328920.241738
-27219.552066272747,1456.283206496621,1730328920.2468104
-27224.58120877519,1412.026752475113,1730328920.250831
-27162.733931867355,1420.1404357123895,1730328920.2545683
-27092.70591648888,1495.7563872046933,1730328920.2578015
-27175.072094806685,1504.4959192867184,1730328920.261825
-27271.899851787075,1469.090756069512,1730328920.2657692
-27313.585855196223,1381.807193971538,1730328920.2698257
-27226.77167973181,1469.8283636365372,1730328920.2735813
-27185.04097283375,1540.795152282137,1730328920.2787876
-27274.40324716607,1442.0451452785906,1730328920.2816396
-27238.640456037578,1400.3591418694427,1730328920.285787
-27263.83087203871,1505.3452855760202,1730328920.2895808
-27255.5830783347,1484.24523881021,1730328920.293792
-27225.430575064493,1445.28614822461,1730328920.2976089
-27233.410147835035,1423.4708456362305,1730328920.3017995
-27234.304217613248,1410.2162611742333,1730328920.3066974
-27196.686231694966,1484.2228870657548,1730328920.3098156
-27108.061564929674,1511.2014426233104,1730328920.313604
-27136.09065247663,1431.2492527066772,1730328920.3177583
-27271.855148298164,1466.9673403462575,1730328920.3217976
-27269.999953508373,1502.9760006637575,1730328920.3259156
-27176.54730994073,1475.4162997503638,1730328920.3298855
-27254.711360300946,1387.4621853187307,1730328920.3348672
-27189.15369381353,1442.6486423788838,1730328920.3379085
-27213.986481903376,1505.6805617428497,1730328920.341895
-27258.15352894706,1527.2946986311315,1730328920.3458292
-27256.09716845717,1440.5475784000848,1730328920.3498805
-27231.465546067426,1391.5078510651413,1730328920.3539157
-27236.20411589195,1443.7885813461044,1730328920.3577263
-27106.385184095525,1482.8147271650705,1730328920.3628876
-27236.18176414749,1380.8237172155043,1730328920.365785
-27333.27774206135,1400.8508802474596,1730328920.3697295
-27346.331160823247,1533.6425940564388,1730328920.3737435
-27161.50458592232,1547.0312889851675,1730328920.3779275
-27202.38592653107,1468.2413897802105,1730328920.381915
-27234.34892110216,1420.609822345951,1730328920.3860972
-27244.898944485063,1449.9800145602244,1730328920.3914802
-27294.47511368693,1441.28518596711,1730328920.3939948
-27136.71650132137,1485.1616603328778,1730328920.3970106
-27165.10321677962,1456.3055582410764,1730328920.4020078
-27259.67344757002,1444.2803197241212,1730328920.4058373
-27142.37149266857,1523.696067773827,1730328920.4099712
-27174.736818639856,1445.8449418359926,1730328920.4138408
-27292.17288400804,1437.4630376652526,1730328920.41786
-27231.823173978708,1486.7933376781152,1730328920.4209502
-27228.93979894397,1529.5969283100285,1730328920.424892
-27271.877500042618,1481.4289190088416,1730328920.429856
-27263.517947616336,1398.6827610352948,1730328920.434015
-27204.934025398976,1435.898415553381,1730328920.4380229
-27166.89135633604,1499.4220732953636,1730328920.4420416
-27196.52976948378,1473.091718327012,1730328920.4460704
-27152.25096371781,1383.193002127767,1730328920.4490411
-27240.96503746093,1418.8440345339818,1730328920.453067
-27333.568314739263,1486.860392911481,1730328920.4580755
-27200.128400341084,1472.2423520377104,1730328920.4618835
-27231.845525723165,1422.5991276024731,1730328920.465974
-27328.047433858806,1385.048196917557,1730328920.469976
-27252.18561317749,1498.639762239428,1730328920.474094
-27240.58505780519,1519.6727537718718,1730328920.4770873
-27249.458700353945,1434.154979485867,1730328920.4809525
-27295.145666020595,1371.3465775664542,1730328920.4852254
-27225.564685531222,1438.8488458214815,1730328920.4899464
-27117.382242367537,1494.5270412596517,1730328920.4943657
-27148.51822239378,1401.2085081587445,1730328920.4981124
-27259.91931675903,1455.5232471851407,1730328920.5014565
-27217.071022638207,1479.2607997966768,1730328920.5053406
-27158.28593472075,1499.6232389954614,1730328920.5094888
-27254.7337120454,1457.1325727859228,1730328920.5135815
-27327.06395710277,1410.8197582745263,1730328920.5185852
-27286.18261649401,1393.3183423660212,1730328920.5219996
-27208.86793242311,1488.670884212361,1730328920.5262616
-27120.019748213264,1498.4609482837857,1730328920.5293531
-27226.19053437597,1428.477636394219,1730328920.5337725
-27269.798787808275,1415.290107165588,1730328920.537254
-27257.08064521321,1456.640834407906,1730328920.5413885
-27113.09070743212,1470.7894886481154,1730328920.5465467
-27098.91970144745,1448.3036337260764,1730328920.5502148
-27234.035996679784,1467.2355612797214,1730328920.553656
-27219.015624405816,1503.1101111304893,1730328920.5571053
-27277.286622200805,1509.4356548113412,1730328920.5613017
-27276.392552422592,1419.5369386120965,1730328920.565086
-27192.28293803727,1382.4330428162866,1730328920.5693352
-27154.776710841263,1447.0072325476683,1730328920.574184
-27226.57051403171,1485.027549866146,1730328920.5783095
-27252.565592833234,1438.7594388436603,1730328920.581058
-27263.003857493863,1383.193002127767,1730328920.5852425
-27213.18181910298,1420.8556915349593,1730328920.5890296
-27250.509232343346,1513.2354513687435,1730328920.5932937
-27198.36261252912,1481.7194916867604,1730328920.5970616
-27260.3887033926,1383.5506300390518,1730328920.6022844
-27281.82402632523,1386.4340050737865,1730328920.6062243
-27197.24502530635,1513.1907478798328,1730328920.609296
-27167.919536580983,1509.994448422724,1730328920.6132812
-27257.01358997984,1431.1374939844006,1730328920.6173184
-27170.534690682256,1409.9703919852248,1730328920.621307
-27061.413474251447,1439.47469466623,1730328920.6253383
-27159.627039388062,1447.0072325476683,1730328920.629289
-27270.22347095293,1406.572926828018,1730328920.6343417
-27343.537192766333,1447.5883779035066,1730328920.637329
-27327.98037862544,1498.6621139838833,1730328920.6413305
-27160.05172253272,1500.383198306942,1730328920.645357
-27166.399617958024,1401.096749436468,1730328920.6495268
-27272.07866574272,1402.773130270616,1730328920.653368
-27271.29635468678,1465.1792007898332,1730328920.6583984
-27141.164498467984,1480.7583666751823,1730328920.661383
-27139.10813797809,1448.7059651262718,1730328920.6642933
-27279.3876861796,1392.3572173544428,1730328920.669495
-27254.5325463453,1482.8817823984364,1730328920.6733372
-27199.39079277406,1531.5191783331843,1730328920.677394
-27115.50469583329,1447.163694758856,1730328920.6813798
-27166.28785923575,1395.6652755338282,1730328920.685439
-27299.25838700037,1434.579662630518,1730328920.6892216
-27306.65681441508,1455.3891367184087,1730328920.6924636
-27162.59982140062,1453.511590184163,1730328920.697243
-27233.253685623848,1382.2542288606442,1730328920.7014432
-27244.027226451308,1396.8275662455042,1730328920.7052171
-27160.52110916628,1525.6630212858945,1730328920.709662
-27172.70280989442,1519.7174572607826,1730328920.7134356
-27294.296299731293,1380.577848026496,1730328920.7174852
-27300.53243643432,1402.9295924818032,1730328920.7203937
-27157.50362366481,1479.5290207301405,1730328920.7244775
-27156.788367842244,1473.516401471663,1730328920.7296388
-27295.927977076528,1403.4660343487303,1730328920.733503
-27256.96888649093,1406.9082029948477,1730328920.7375176
-27190.472446736392,1489.3637882904754,1730328920.7415235
-27178.983650086364,1489.162622590378,1730328920.7455232
-27259.047598725272,1396.8275662455042,1730328920.748472
-27283.343944948192,1361.2212373282,1730328920.752566
-27164.007981301307,1393.0501214325573,1730328920.7575076
-27224.78237447529,1495.4881662712296,1730328920.761537
-27276.012572766853,1488.7602911901822,1730328920.7655835
-27220.55789477324,1386.7245777517055,1730328920.7697563
-27216.311063326724,1454.8750465959367,1730328920.7734818
-27093.644689756,1517.7728554931707,1730328920.7766292
-27216.311063326724,1481.7641951756711,1730328920.7804444
-27326.818087913765,1423.6049561029622,1730328920.784623
-27285.199139737982,1439.966433044247,1730328920.7895174
-27247.648209053063,1474.701043927794,1730328920.7935593
-27195.94862412794,1444.4591336797637,1730328920.7965972
-27181.71056290991,1393.385397599387,1730328920.8005786
-27166.690190635945,1415.446569376775,1730328920.804576
-27214.18764760347,1487.285076056132,1730328920.8086166
-27210.231388834884,1482.837078909526,1730328920.8134573
-27275.029096010818,1390.4573190757417,1730328920.8176055
-27322.72771867844,1417.6146885889398,1730328920.8216307
-27182.64933617704,1495.2422970822213,1730328920.8246396
-27173.14984478353,1471.6165031929618,1730328920.8286223
-27268.614145352145,1400.984990714191,1730328920.8326988
-27218.367423816613,1359.611911727418,1730328920.8367047
-27239.623932793613,1411.8255867750154,1730328920.8407123
-27218.881513939086,1541.9797947382683,1730328920.8457472
-27246.91060148604,1451.3658227164535,1730328920.8496592
-27313.78702089632,1422.733238069205,1730328920.8527396
-27317.899741876096,1457.1772762748333,1730328920.8566663
-27188.796065902243,1467.9731688467466,1730328920.8607185
-27184.34806875564,1412.7196565532277,1730328920.864692
-27268.3906279076,1358.1590483378232,1730328920.8688023
-27210.34314755716,1426.7789038156156,1730328920.872741
-27173.641583161545,1506.6863902433386,1730328920.8778083
-27269.86584304164,1480.7583666751823,1730328920.8805685
-27333.344797294714,1391.7090167652389,1730328920.8848033
-27275.5878896222,1421.414485146342,1730328920.8885808
-27220.93787442897,1493.5882679925285,1730328920.892809
-27181.107065809618,1517.124654903967,1730328920.896726
-27197.937929384465,1428.835264305504,1730328920.9017513
-27304.06401205826,1417.3688193999317,1730328920.9047506
-27185.24213853385,1477.1820875623332,1730328920.9078116
-27101.244282870804,1476.8691631399588,1730328920.9129407
-27260.656924326056,1416.5194531106297,1730328920.9170215
-27291.278814229827,1361.2435890726554,1730328920.9209585
-27211.59484524665,1421.0792089795125,1730328920.9249487
-27181.53174895427,1517.9516694488132,1730328920.930075
-27253.05733121125,1407.1317204394009,1730328920.933116
-27226.88343845409,1385.897563206859,1730328920.935774
-27207.70564171144,1484.8487359105036,1730328920.9410293
-27205.023432376795,1520.3656578499863,1730328920.9450157
-27263.22737493841,1440.8157993335485,1730328920.9488125
-27213.58415050318,1377.962693925225,1730328920.9529717
-27286.27202347184,1443.0509737790792,1730328920.9585123
-27217.58511276068,1491.0178173801685,1730328920.960794
-27162.33160046716,1446.9178255698473,1730328920.9648185
-27170.981725571364,1400.2697348916215,1730328920.9691672
-27250.039845709784,1446.0684592805458,1730328920.9728343
-27315.70927091948,1493.0741778700565,1730328920.9760327
-27266.043694739783,1457.0208140636462,1730328920.979892
-27273.39741866558,1383.5282782945965,1730328920.9852655
-27201.69302245296,1423.2920316805878,1730328920.9887776
-27177.441379718948,1480.9371806308247,1730328920.9930773
-27252.49853759987,1445.3084999690652,1730328920.9968836
-27355.294210349824,1361.355347794932,1730328921.0013492
-27306.61211092617,1433.8420550634928,1730328921.004248
-27170.84761510463,1522.5561288066065,1730328921.008553
-27077.59613723709,1482.8817823984364,1730328921.013022
-27152.36272244009,1353.7781064245828,1730328921.0169675
-27193.959318871417,1405.5223948386188,1730328921.020948
-27239.825098493708,1510.0391519116345,1730328921.0255735
-27262.556822604754,1506.3511140765088,1730328921.0281954
-27221.675481996,1415.0442379765796,1730328921.0318484
-27234.706549013445,1344.6585946868177,1730328921.0361896
-27268.05535174076,1395.575868556007,1730328921.0410705
-27235.555915302743,1483.6640934543725,1730328921.0452528
-27201.223635819395,1497.1421953609224,1730328921.0490427
-27240.048615938264,1460.1053547984786,1730328921.0534935
-27221.407261062537,1464.0169100781573,1730328921.0559137
-27093.443524055903,1454.830343107026,1730328921.0600383
-27158.867080076587,1451.7234506277384,1730328921.0639212
-27388.419495632592,1439.564101644051,1730328921.0690784
-27340.20678284249,1442.983918545713,1730328921.0729914
-27217.96509241642,1489.319084801565,1730328921.0773125
-27208.08562136717,1455.612654162962,1730328921.0799992
-27278.62772686812,1386.0763771625016,1730328921.084244
-27291.457628185468,1399.9791622137025,1730328921.0881894
-27171.629926160567,1475.8856863839253,1730328921.0923584
-27129.11690820657,1471.6835584263276,1730328921.096702
-27258.041770224783,1388.6244760304066,1730328921.1012995
-27323.30886403428,1399.286258135588,1730328921.105162
-27255.42661612352,1474.7904509056152,1730328921.1086276
-27089.26374784276,1448.057764537068,1730328921.1125824
-27211.79601094676,1389.4291388307977,1730328921.1162765
-27401.47291439449,1378.3426735809653,1730328921.1200857
-27266.803654051266,1430.489293395197,1730328921.1240585
-27184.504530966824,1466.8108781350709,1730328921.1292436
-27292.083477030217,1459.7700786316489,1730328921.1337128
-27278.98535477941,1422.9791072582136,1730328921.1364248
-27223.53067678579,1457.8478286084926,1730328921.1400137
-27100.70784100388,1488.0673871120678,1730328921.1446197
-27221.42961280699,1441.3745929449312,1730328921.148136
-27288.30603221727,1420.5427671125851,1730328921.1525886
-27283.947442048484,1465.4474217232969,1730328921.157055
-27203.458810264925,1504.63002975345,1730328921.1618142
-27175.876757607075,1449.4659244377524,1730328921.1640842
-27320.581951210734,1382.8577259609374,1730328921.1685896
-27290.787075851807,1457.4231454638418,1730328921.1720788
-27207.10214461114,1493.029474381146,1730328921.1765947
-27171.69698139393,1480.4677939972632,1730328921.1800923
-27268.3906279076,1394.391226099876,1730328921.1855853
-27219.842638950664,1392.290162121077,1730328921.189129
-27148.47351890487,1453.221017506244,1730328921.1923528
-27197.088563095163,1486.5921719780174,1730328921.1964707
-27319.285550032324,1388.065682419024,1730328921.2002892
-27415.77803084589,1419.8722147789258,1730328921.2044466
-27260.4334068815,1508.9662681777795,1730328921.2088232
-27147.42298691547,1488.1344423454336,1730328921.2133057
-27275.67729660002,1428.90231953887,1730328921.2162943
-27338.79862294181,1405.3882843718868,1730328921.2192852
-27283.45570367047,1440.413467933353,1730328921.2243145
-27164.767940612783,1452.8857413394144,1730328921.2283535
-27247.08941544168,1386.32224635151,1730328921.2322197
-27292.57521540824,1358.6060832269293,1730328921.2362905
-27281.891081558595,1434.4679039082414,1730328921.2414522
-27215.305234826235,1474.343416016509,1730328921.2444525
-27221.161391873527,1431.7186393402385,1730328921.2471988
-27221.071984895705,1394.8606127334372,1730328921.252363
-27237.321703114714,1465.8050496345818,1730328921.2562177
-27295.25742474287,1495.5775732490508,1730328921.2602272
-27290.5412066628,1419.000496745169,1730328921.2641633
-27329.85792515969,1370.5866182549737,1730328921.268424
-27289.177750251027,1409.7915780295823,1730328921.272195
-27231.44319432297,1484.446404510308,1730328921.275382
-27248.58698232019,1465.5815321900288,1730328921.2801993
-27239.73569151589,1413.7254850537165,1730328921.2844095
-27203.235292820373,1427.6282701049174,1730328921.2883751
-27202.028298619785,1451.0081948051686,1730328921.2924013
-27174.178025028472,1431.8080463180595,1730328921.2963872
-27258.712322558444,1389.2950283640655,1730328921.300389
-27314.032890085327,1394.5029848221525,1730328921.3034265
-27177.37432448558,1487.7097592007829,1730328921.308437
-27192.506455481824,1502.8418901970256,1730328921.312462
-27231.95728444544,1415.6253833324174,1730328921.31645
-27294.92214857604,1411.0432757190797,1730328921.3204148
-27266.758950562355,1416.89943276637,1730328921.3244605
-27184.54923445573,1476.9138666288695,1730328921.3279226
-27313.652910429588,1421.9732787577248,1730328921.3313155
-27328.87444840365,1327.5371584340523,1730328921.335529
-27282.807503081265,1413.0325809756018,1730328921.3404484
-27170.735856382355,1477.2044393067886,1730328921.3447764
-27180.369458242592,1419.2687176786326,1730328921.348408
-27276.213738466948,1431.5845288735068,1730328921.3521
-27384.552643841824,1471.3929857484086,1730328921.355417
-27224.804726219743,1472.220000293255,1730328921.3599632
-27138.392882155524,1473.158773560378,1730328921.36338
-27325.25346580189,1414.2172234317331,1730328921.3687367
-27300.890064345607,1439.4076394328642,1730328921.372414
-27217.98744416088,1478.8137649075709,1730328921.3769608
-27239.04278743777,1400.9179354808257,1730328921.379441
-27250.911563743543,1369.4690310322085,1730328921.3839085
-27201.80478117524,1372.017129900113,1730328921.3881392
-27157.123644009072,1430.489293395197,1730328921.3919857
-27279.16416873505,1465.7156426567606,1730328921.3964684
-27272.39159016509,1412.3620286419427,1730328921.400441
-27300.6441951566,1439.8099708330597,1730328921.4048548
-27240.54035431628,1484.602866721495,1730328921.407812
-27145.433681658946,1464.3298345005317,1730328921.411837
-27234.81830773572,1355.4321355142756,1730328921.4155424
-27297.939634077506,1383.2153538722223,1730328921.4199448
-27209.270263823302,1520.8350444835478,1730328921.423669
-27229.163316388527,1520.5444718056287,1730328921.4290073
-27283.008668781364,1426.1754067153224,1730328921.432834
-27327.82391641425,1390.3902638423758,1730328921.435864
-27209.940816156963,1436.90424405387,1730328921.4395626
-27152.65329511801,1477.4056050068862,1730328921.4441743
-27157.23540273135,1470.543619459107,1730328921.4475734
-27317.676224431543,1375.7945747130602,1730328921.4519925
-27320.626654699645,1401.744950025672,1730328921.4566422
-27237.92520021501,1503.4900907862295,1730328921.459604
-27143.26556244678,1444.6155958909508,1730328921.4635458
-27159.247059732326,1430.6010521174733,1730328921.4680717
-27316.804506397788,1440.324060955532,1730328921.4718368
-27286.696706616487,1494.6164482374727,1730328921.476072
-27161.05755103321,1476.6232939509505,1730328921.4798422
-27241.836755494685,1395.4417580892753,1730328921.4850616
-27341.25731483189,1375.0793188904904,1730328921.4880998
-27229.565647788724,1457.6019594194845,1730328921.4921331
-27145.14310898103,1496.315180816076,1730328921.4958043
-27201.782429430776,1412.1161594529342,1730328921.4998057
-27273.77739832132,1360.2377605721665,1730328921.5040247
-27228.44806056596,1454.8526948514814,1730328921.5084145
-27227.799859976752,1489.0508638681013,1730328921.5131469
-27227.844563465664,1375.705167735239,1730328921.5158153
-27200.53073174128,1376.0404439020688,1730328921.519838
-27357.730550495453,1499.220907595266,1730328921.5237892
-27246.754139274854,1541.9127395049024,1730328921.528016
-27215.79697320425,1451.1199535274452,1730328921.5318503
-27296.95615732148,1376.1745543688005,1730328921.536029
-27217.49570578285,1441.0840202670122,1730328921.5408273
-27144.00317001381,1533.2402626562432,1730328921.5442684
-27190.38303975857,1458.183104775322,1730328921.54666
-27268.86001454115,1376.0180921576134,1730328921.5521853
-27279.23122396841,1386.188135884778,1730328921.5557723
-27159.80585334371,1504.4065123088972,1730328921.5601275
-27138.23641994434,1461.3347007435204,1730328921.5637598
-27257.52768010232,1337.8860161168595,1730328921.568051
-27278.82889256822,1400.1356244248898,1730328921.5709145
-27143.08674849114,1574.2110102428212,1730328921.5748348
-27213.49474352536,1516.5882130370394,1730328921.5797975
-27240.987389205384,1415.2677554211325,1730328921.5839305
-27238.0816624262,1394.9276679668033,1730328921.58789
-27281.42169492504,1445.4426104357972,1730328921.5919032
-27207.50447601133,1516.476454314763,1730328921.5949233
-27194.29459503825,1473.0693665825568,1730328921.598899
-27304.01930856935,1404.9859529716914,1730328921.6029408
-27230.19149663347,1461.8264391215373,1730328921.6079187
-27138.66110308899,1490.0790441130453,1730328921.6119497
-27192.8193799042,1439.184121988311,1730328921.615935
-27222.83777270768,1384.802327728549,1730328921.6199763
-27329.36618678167,1442.7156976122496,1730328921.6227748
-27267.72007557393,1495.018779637668,1730328921.626984
-27273.889157043595,1413.9937059871802,1730328921.6307971
-27315.9998435974,1378.1862113697782,1730328921.635035
-27272.8386250542,1450.6505668938837,1730328921.639768
-27186.024449589782,1517.8399107265368,1730328921.6444416
-27121.76318428078,1450.3152907270542,1730328921.6479115
-27196.77563867279,1360.2824640610772,1730328921.6511867
-27267.094226729183,1459.457154209275,1730328921.6550288
-27254.86782251213,1548.081820974567,1730328921.6591673
-27087.22973909733,1520.991506694735,1730328921.663082
-27153.14503349603,1393.2289353882,1730328921.6681197
-27274.02326751033,1410.484482107697,1730328921.6718693
-27220.066156395216,1508.25101235521,1730328921.676278
-27234.505383313342,1483.2394103097213,1730328921.679122
-27306.947387093,1371.614798499918,1730328921.683612
-27332.294265305314,1430.2434242061884,1730328921.6874907
-27220.066156395216,1496.9410296608246,1730328921.691158
-27164.410312701504,1486.256895811188,1730328921.69643
-27272.056313998262,1395.3970546003643,1730328921.7000723
-27277.62189836764,1416.921784510825,1730328921.7035425
-27204.24112132086,1505.412340809386,1730328921.7070923
-27181.978783843373,1492.6718464698608,1730328921.7112916
-27220.110859884127,1427.1812352158113,1730328921.714995
-27271.855148298164,1402.9295924818032,1730328921.7191007
-27195.30042353873,1438.155941743367,1730328921.7242143
-27158.621210887577,1504.63002975345,1730328921.728325
-27221.04963315125,1467.9061136133807,1730328921.7309265
-27338.5527537528,1373.2688275896105,1730328921.735338
-27292.73167761942,1400.4261971028086,1730328921.738983
-27248.76579627583,1462.474639710741,1730328921.7435143
-27137.722329821867,1451.8799128389255,1730328921.7469714
-27221.451964551445,1396.9169732233254,1730328921.7522154
-27305.74039289241,1394.6147435444288,1730328921.7560067
-27250.64334281008,1519.6727537718718,1730328921.7591166
-27209.829057434687,1513.056637413101,1730328921.7634327
-27288.59660489519,1408.0257902176131,1730328921.767446
-27261.461587126447,1400.5156040806298,1730328921.7713208
-27189.31015602472,1448.6836133818167,1730328921.775483
-27174.110969795107,1471.5047444706852,1730328921.779143
-27205.917502155007,1427.158883471356,1730328921.7843726
-27288.48484617292,1377.2474381026552,1730328921.787612
-27217.4733540384,1469.090756069512,1730328921.791346
-27145.344274681127,1533.8661115009918,1730328921.7953346
-27194.36165027161,1411.3338483969983,1730328921.799226
-27226.704624498445,1361.400051283843,1730328921.803549
-27247.31293288624,1454.2939012400986,1730328921.8072278
-27279.11946524613,1450.1811802603222,1730328921.8117888
-27315.441049986013,1436.3901539313977,1730328921.8141077
-27282.5392821478,1452.5504651725848,1730328921.8192897
-27235.913543214032,1481.2277533087438,1730328921.823056
-27171.00407731581,1482.6582649538834,1730328921.8277335
-27188.10316182413,1437.7536103431714,1730328921.8310833
-27291.278814229827,1410.596240829973,1730328921.8355532
-27185.555062956224,1441.2404824781995,1730328921.8391964
-27138.16936471097,1453.9362733288135,1730328921.8425028
-27246.82119450822,1405.455339605253,1730328921.846325
-27189.824246147185,1398.123967423912,1730328921.8518276
-27327.51099199188,1422.1297409689118,1730328921.8551335
-27291.189407252004,1488.4026632788973,1730328921.8593397
-27226.63756926508,1443.1180290124453,1730328921.8632517
-27221.58607501818,1366.2056763417336,1730328921.8677008
-27276.213738466948,1379.0802811479905,1730328921.87036
-27324.22528555695,1450.248235493688,1730328921.8751853
-27215.707566226432,1490.8613551689812,1730328921.8794932
-27250.710398043444,1415.223051932222,1730328921.883861
-27269.664677341545,1412.6302495754064,1730328921.8878112
-27232.761947245832,1467.794354891104,1730328921.8919015
-27138.884620533543,1473.4940497272075,1730328921.8958125
-27185.06332457821,1414.7983687875712,1730328921.898157
-27309.92016910556,1387.7304062521944,1730328921.903518
-27167.42779820297,1446.1802180028224,1730328921.9073167
-27178.827187875177,1483.8876108989252,1730328921.911656
-27243.06610143973,1400.090920935979,1730328921.9154143
-27297.134971277115,1379.2367433591776,1730328921.91965
-27347.627562001653,1461.7593838881712,1730328921.9232824
-27204.44228702096,1452.1034302834787,1730328921.9266388
-27138.41523389998,1416.7206188107275,1730328921.9302876
-27224.692967497467,1443.9897470462022,1730328921.9347496
-27363.27378312037,1423.023810747124,1730328921.9392624
-27259.53933710329,1469.3589770029755,1730328921.943771
-27186.315022267703,1472.6670351823611,1730328921.94654
-27226.2799413538,1386.0093219291357,1730328921.9504085
-27233.83483097969,1418.285240922599,1730328921.9546292
-27220.91552268452,1455.635005907417,1730328921.9585917
-27202.073002108697,1469.0237008361462,1730328921.963369
-27318.346776765204,1410.70799955225,1730328921.967594
-27352.54494578182,1387.1492608963565,1730328921.9716823
-27259.651095825568,1486.636875466928,1730328921.9750867
-27220.893170940064,1510.8438147120255,1730328921.97862
-27240.473299082914,1426.3318689265095,1730328921.9825048
-27285.55676764927,1368.6196647429067,1730328921.986483
-27309.271968516347,1437.2395202206994,1730328921.9904456
-27109.55913180818,1510.3744280784642,1730328921.996042
-27297.939634077506,1395.7770342561048,1730328921.9998057
-27378.629431561167,1382.6342085163842,1730328922.002968
-27307.93086384903,1441.0393167781017,1730328922.006438
-27199.077868351684,1482.2335818092326,1730328922.0105395
-27139.063434489184,1428.924671283325,1730328922.014433
-27298.7442968779,1382.7236154942054,1730328922.0190043
-27295.45859044297,1426.4659793932417,1730328922.0235658
-27207.88445566708,1456.6631861523613,1730328922.0291488
-27165.99728655783,1428.7905608165934,1730328922.0324876
-27129.67570181796,1388.6691795193171,1730328922.0360253
-27345.638256745133,1422.5320723691077,1730328922.0384269
-27305.67333765904,1507.9604396772909,1730328922.042745
-27260.27694467032,1469.4707357252523,1730328922.0465655
-27284.26036647086,1402.9519442262583,1730328922.0520544
-27288.238976983903,1411.4903106081856,1730328922.0547392
-27254.621953323123,1454.9421018293026,1730328922.0581431
-27127.21700992787,1465.5591804455737,1730328922.0629313
-27265.06021798375,1402.191984914778,1730328922.0670693
-27399.48360913797,1385.9869701846803,1730328922.07065
-27305.36041323667,1437.5971481319843,1730328922.075154
-27238.86397348213,1496.2928290716206,1730328922.079708
-27234.974769946908,1414.865424020937,1730328922.082704
-27292.73167761942,1373.291179334066,1730328922.085506
-27302.40998296857,1448.482447681719,1730328922.090616
-27203.548217242747,1492.1130528584783,1730328922.0947754
-27153.927344551965,1436.8595405649592,1730328922.0987108
-27323.197105312003,1366.8315251864822,1730328922.1033132
-27303.147590535595,1403.8236622600157,1730328922.1066449
-27245.681255541,1468.1296310579337,1730328922.1106398
-27319.01732909886,1394.2124121442334,1730328922.1135888
-27321.45366924449,1351.1182488344014,1730328922.117808
-27312.8482476292,1403.220165159722,1730328922.1226137
-27179.29657450874,1437.0160027761465,1730328922.1267655
-27255.71718880143,1423.6049561029622,1730328922.1306472
-27387.056039220817,1365.2445513301554,1730328922.1350389
-27341.83846018773,1367.4573740312308,1730328922.1386747
-27285.087381015703,1418.3075926670545,1730328922.142073
-27203.123534098093,1457.087869297012,1730328922.1460588
-27196.060382850217,1385.8305079734932,1730328922.1508358
-27292.06112528576,1395.933496467292,1730328922.1549065
-27309.316672005258,1491.0401691246236,1730328922.1588557
-27285.802636838274,1466.4308984793304,1730328922.1629868
-27253.12438644461,1372.419461300309,1730328922.1670609
-27261.662752826545,1369.4243275432975,1730328922.1697578
-27288.39543919509,1448.996537804191,1730328922.1738167
-27244.25074389586,1435.965470786747,1730328922.1788695
-27253.34790388917,1381.8518974604483,1730328922.182762
-27366.537137810843,1363.1881908402672,1730328922.1869862
-27322.705366933988,1431.4727701512302,1730328922.1896937
-27226.659921009534,1485.742805688716,1730328922.1938903
-27203.63762422057,1429.7963893170822,1730328922.1976955
-27274.135026232605,1365.6021792414404,1730328922.2021463
-27269.999953508373,1423.448493891775,1730328922.206889
-27226.48110705389,1482.2782852981431,1730328922.2108788
-27215.752269715344,1394.190060399778,1730328922.2147408
-27256.14187194608,1318.1047222739128,1730328922.2183151
-27233.90188621305,1410.931516996803,1730328922.2217696
-27337.79279444132,1471.214171792766,1730328922.2259932
-27259.15935744755,1452.215189005755,1730328922.2296803
-27287.367258950148,1351.900559890337,1730328922.234908
-27355.495376049923,1378.610894514429,1730328922.238807
-27339.55858225329,1473.6952154273054,1730328922.2431972
-27213.941778414464,1457.803125119582,1730328922.2462337
-27234.617142035622,1374.4758217901972,1730328922.2501452
-27313.474096473947,1368.0832228759791,1730328922.2540596
-27242.462604339435,1424.0966944809788,1730328922.2584538
-27191.366516514605,1417.6593920778505,1730328922.2630413
-27262.44506388248,1369.0443478875577,1730328922.267455
-27321.6995384335,1367.2115048422224,1730328922.2711923
-27257.684142313497,1446.7837151031156,1730328922.273911
-27181.12941755407,1477.539715473618,1730328922.2783947
-27253.25849691135,1387.7527579966495,1730328922.2819085
-27254.756063789853,1359.611911727418,1730328922.2863104
-27204.084659109674,1428.3658776719426,1730328922.2898672
-27265.52960461732,1484.0217213656572,1730328922.2952185
-27325.387576268626,1424.0519909920683,1730328922.2978654
-27284.394476937592,1384.13177539489,1730328922.30242
-27244.138985173584,1417.2347089331995,1730328922.30591
-27239.1321944156,1459.6359681649171,1730328922.3099797
-27236.517040314324,1419.2016624452667,1730328922.313858
-27238.77456650431,1377.0462724025574,1730328922.318467
-27236.070005425216,1401.2085081587445,1730328922.3228853
-27242.95434271745,1435.7196015977386,1730328922.3262837
-27186.918519368,1427.292993938088,1730328922.3298242
-27230.593828033667,1360.483629761175,1730328922.3340108
-27353.61782951568,1391.485499320686,1730328922.3380127
-27209.225560334395,1459.3230437425427,1730328922.342111
-27115.77291676676,1440.927558055825,1730328922.3460965
-27304.37693648064,1343.6974696752393,1730328922.3515007
-27376.88599549365,1363.9481501517475,1730328922.3543956
-27266.49072962889,1458.920712342347,1730328922.3584087
-27201.134228841573,1460.3288722430316,1730328922.362604
-27236.38292984759,1384.3776445838982,1730328922.3666887
-27254.68900855649,1339.4059347398204,1730328922.370113
-27261.39453189308,1393.2289353882,1730328922.374244
-27273.755046576865,1433.484427152208,1730328922.3791864
-27215.372290059604,1382.187173627278,1730328922.3822048
-27261.21571793744,1337.1707602942895,1730328922.386594
-27274.15737797706,1392.6030865434511,1730328922.390076
-27206.14101959956,1464.9109798563695,1730328922.394192
-27273.576232621224,1402.191984914778,1730328922.398005
-27242.328493872705,1372.866496189415,1730328922.402141
-27197.55794972872,1415.8265490325152,1730328922.4070275
-27162.59982140062,1442.0451452785906,1730328922.410081
-27227.084604154184,1380.8013654710492,1730328922.414111
-27260.522813859323,1351.9899668681585,1730328922.418538
-27317.385651753622,1380.9131241933255,1730328922.4220765
-27217.29454008276,1454.8750465959367,1730328922.4263632
-27122.389033125524,1448.795372104093,1730328922.4300396
-27229.0292059218,1333.7956468815385,1730328922.4345725
-27310.50131446139,1323.9161758322923,1730328922.4373243
-27248.20700266445,1420.7439328126827,1730328922.4418015
-27208.35384230064,1466.5203054571516,1730328922.4462955
-27243.5801915622,1385.2717143621103,1730328922.4502327
-27286.719058360944,1368.5749612539962,1730328922.454465
-27231.71141525643,1405.0977116939678,1730328922.4585378
-27165.14792026853,1417.7935025445822,1730328922.4622464
-27280.952308291475,1382.9247811943033,1730328922.465292
-27279.83472106871,1357.1755715817894,1730328922.469284
-27204.95637714343,1441.6204621339396,1730328922.4743404
-27156.408388186504,1446.8954738253922,1730328922.478346
-27204.95637714343,1360.5059815056302,1730328922.4828808
-27299.61601491165,1299.5080708870971,1730328922.4866245
-27333.098928105705,1405.455339605253,1730328922.4902916
-27220.53554302878,1474.0081398496795,1730328922.49365
-27196.37330727259,1414.3289821540095,1730328922.4971824
-27258.108825458152,1345.418553998298,1730328922.501872
-27297.380840466125,1358.5613797380186,1730328922.5062037
-27198.586129973668,1419.6934008232834,1730328922.51034
-27193.10995258212,1367.546781009052,1730328922.5141945
-27275.5878896222,1296.6917510857286,1730328922.5173416
-27208.890284167563,1400.9179354808257,1730328922.5214276
-27126.9040855055,1411.8255867750154,1730328922.5257232
-27218.76975521681,1353.2640163021108,1730328922.5293036
-27246.7317875304,1353.5769407244852,1730328922.53472
-27247.62585730861,1371.3018740775435,1730328922.5382268
-27256.92418300202,1415.4912728656857,1730328922.5418491
-27245.837717752187,1444.2803197241212,1730328922.5456293
-27250.62099106562,1384.0870719059792,1730328922.5494137
-27238.998083948863,1366.1386211083675,1730328922.5535693
-27199.88253115208,1422.8897002803924,1730328922.5575294
-27143.779652569254,1468.286093269121,1730328922.5626464
-27170.40058021553,1372.5088682781302,1730328922.5668576
-27164.924402823974,1340.4341149847646,1730328922.5694091
-27160.36464695509,1422.0403339910906,1730328922.573466
-27229.09626115516,1419.961621756747,1730328922.577606
-27200.84365616365,1351.74409767915,1730328922.5812588
-27231.845525723165,1300.78212032105,1730328922.585482
-27157.0118852868,1357.6673099598063,1730328922.5904129
-27095.991622923808,1448.6836133818167,1730328922.5944915
-27146.79713807072,1387.3727783409097,1730328922.5972357
-27196.35095552813,1331.292251502544,1730328922.601282
-27280.37116293564,1372.642978744862,1730328922.6052551
-27243.49078458438,1444.6826511243166,1730328922.609367
-27186.47148447889,1393.541859810574,1730328922.6132224
-27218.47918253889,1309.5887076364409,1730328922.6184847
-27213.71826096991,1355.3650802809098,1730328922.6222887
-27132.939056508432,1448.5047994261745,1730328922.6256838
-27137.00707399929,1404.7847872715936,1730328922.6295347
-27214.67938598149,1344.613891197907,1730328922.6337605
-27186.44913273444,1339.4282864842758,1730328922.6377535
-27179.14011229755,1365.333958307977,1730328922.64196
-27185.48800772286,1401.1414529253784,1730328922.6461065
-27192.8193799042,1342.1775510522784,1730328922.650558
-27238.506345570844,1302.7267220886615,1730328922.6535685
-27200.44132476346,1393.5865632994849,1730328922.657583
-27114.051832443696,1437.2842237096102,1730328922.6615446
-27101.75837299328,1372.0394816445687,1730328922.665443
-27232.06904316772,1355.834466914471,1730328922.6693442
-27230.794993733765,1399.5097755801412,1730328922.6745627
-27164.47736793487,1413.0772844645126,1730328922.6778653
-27121.31614939167,1362.7188042067055,1730328922.6804032
-27153.50266140732,1324.0502862990245,1730328922.6857667
-27171.42876046047,1378.7226532367056,1730328922.6894872
-27152.630943373555,1452.8186861060483,1730328922.6940107
-27150.41812067248,1390.546726053563,1730328922.6974392
-27138.05760598869,1323.0221060540805,1730328922.7021692
-27248.96696197593,1349.1736470667895,1730328922.7054863
-27186.40442924553,1405.254173905155,1730328922.7092104
-27086.42507629693,1403.4213308598198,1730328922.713539
-27180.25769952032,1298.099910986413,1730328922.7180936
-27210.43255453498,1356.192094825756,1730328922.7215686
-27188.058458335217,1430.3998864173757,1730328922.725632
-27169.8641383486,1406.483519850197,1730328922.7296617
-27197.60265321764,1338.2883475170552,1730328922.7337444
-27226.503458798343,1329.9958503241362,1730328922.7367387
-27136.98472225484,1412.4290838753086,1730328922.7417967
-27069.57186097764,1410.4621303632416,1730328922.7461057
-27175.675591906976,1340.1211905623902,1730328922.750246
-27299.12427653364,1350.738269178661,1730328922.754057
-27213.76296445882,1399.4650720912305,1730328922.7578228
-27038.99467456277,1400.739121525183,1730328922.7621765
-27077.21615758135,1360.6624437168175,1730328922.7646296
-27312.222398784448,1323.290326987544,1730328922.7688534
-27258.48880511389,1344.3456702644432,1730328922.7736497
-27111.436678342427,1434.937290541803,1730328922.7780612
-27155.491966663834,1419.5369386120965,1730328922.7816637
-27255.35956089015,1324.3408589769435,1730328922.7849965
-27184.83980713365,1341.7305161631723,1730328922.7885785
-27066.82259640963,1421.5262438686186,1730328922.7930207
-27126.099422705105,1384.4670515617197,1730328922.797092
-27197.51324623981,1352.302891290533,1730328922.8017232
-27325.81225941328,1391.9772376987023,1730328922.8057427
-27142.773824068765,1434.7584765861604,1730328922.8096716
-27076.83617792561,1439.9440812997916,1730328922.8129537
-27128.8039837842,1371.8159642000155,1730328922.816903
-27230.370310589115,1354.8286384139824,1730328922.820865
-27154.32967595216,1436.2113399757552,1730328922.8250897
-27092.61650951105,1441.061668522557,1730328922.8297377
-27213.96413015892,1351.6546907013287,1730328922.8339972
-27214.165295859017,1328.0512485565243,1730328922.837736
-27153.592068385133,1394.1677086553227,1730328922.8412125
-27150.75339683931,1451.6563953943726,1730328922.8446832
-27172.971030827885,1377.4709555472084,1730328922.8487089
-27198.25085380684,1331.2475480136334,1730328922.852888
-27211.550141757747,1393.161880154834,1730328922.8570175
-27126.591161083124,1458.026642564135,1730328922.861913
-27088.16851236445,1393.5195080661188,1730328922.8660157
-27208.24208357836,1332.163969536301,1730328922.8688233
-27206.85627542213,1376.7556997246386,1730328922.8727252
-27123.908951748486,1432.255081207166,1730328922.8769033
-27124.37833838205,1407.5117000951411,1730328922.8807456
-27211.281920824284,1347.7878389105606,1730328922.8849852
-27175.049743062227,1369.580789754485,1730328922.889804
-27104.306471861182,1426.957717771258,1730328922.8926785
-27067.560203976656,1406.5282233391076,1730328922.8967297
-27197.647356706544,1328.6323939123624,1730328922.9008083
-27267.63066859611,1346.9608243657142,1730328922.9047437
-27160.878737077564,1422.7779415581158,1730328922.908919
-27125.98766398283,1448.3706889594423,1730328922.9129555
-27136.604742599106,1374.1405456233676,1730328922.9180183
-27194.04872584924,1331.35930673591,1730328922.9217565
-27167.025466802774,1378.1862113697782,1730328922.925122
-27109.067393430163,1425.7954270595822,1730328922.929056
-27171.42876046047,1368.12792636489,1730328922.932804
-27202.251816064338,1381.740138738172,1730328922.937309
-27166.35491446912,1419.1346072119006,1730328922.9409306
-27117.71751853437,1437.3736306874314,1730328922.946056
-27098.964404936363,1385.0034934286468,1730328922.9490068
-27193.91461538251,1355.3650802809098,1730328922.9533453
-27188.930176368976,1389.2503248751552,1730328922.9571056
-27038.0335495512,1418.9557932562582,1730328922.9611444
-27042.570953675626,1367.3679670534095,1730328922.9649632
-27205.448115521445,1336.4778562161753,1730328922.9690657
-27279.23122396841,1405.8800227499037,1730328922.9746027
-27165.48319643536,1457.2443315081994,1730328922.9772787
-27123.819544770664,1394.391226099876,1730328922.9808729
-27188.43843799096,1332.1192660473905,1730328922.9854846
-27176.592013429647,1370.452507788242,1730328922.98892
-27092.30358508868,1447.8118953480596,1730328922.9935434
-27105.759335250776,1401.9461157257697,1730328922.9969745
-27081.57474775013,1342.0210888410911,1730328923.0019
-27198.876702651585,1363.5905222404626,1730328923.004958
-27175.25090876233,1444.8391133355035,1730328923.0079117
-27131.061509974184,1428.9693747722358,1730328923.0128808
-27167.00311505832,1350.3135860340103,1730328923.0169957
-27203.5705689872,1362.0482518730464,1730328923.0209944
-27200.86600790811,1429.0811334945124,1730328923.024973
-27154.75435909681,1425.3036886815655,1730328923.029144
-27166.75724586931,1353.3981267688428,1730328923.0322409
-27183.43164723297,1331.73928639165,1730328923.0362911
-27123.57367558165,1384.8693829619149,1730328923.0413277
-27055.35615150406,1411.7138280527388,1730328923.045172
-27157.23540273135,1355.1192110919012,1730328923.0492184
-27217.272188338306,1312.7403036046392,1730328923.0532334
-27211.19251384646,1364.5963507409515,1730328923.0561228
-27092.97413742234,1442.9392150568028,1730328923.060181
-27091.02953565473,1397.9228017238142,1730328923.0641088
-27164.45501619041,1312.0921030154352,1730328923.0691376
-27051.511651457746,1405.5670983275293,1730328923.0732293
-27137.2082396994,1498.5950587505174,1730328923.0771985
-27204.352880043138,1416.7206188107275,1730328923.0810833
-27174.110969795107,1344.4797807311752,1730328923.0841663
-27164.991458057342,1339.2494725286333,1730328923.088019
-27084.949861162888,1396.5369935675851,1730328923.0922327
-27050.39406423498,1420.028676990113,1730328923.097014
-27211.19251384646,1362.405879784331,1730328923.101832
-27253.90669750055,1358.4943245046527,1730328923.105118
-27182.492873965846,1399.7109412802388,1730328923.109224
-27102.004242182287,1383.8188509725155,1730328923.1130712
-27097.51154154677,1359.6566152163286,1730328923.116433
-27132.670835574965,1384.3329410949875,1730328923.1202965
-27193.936967126963,1429.058781750057,1730328923.1248631
-27160.208184743904,1427.740028827194,1730328923.1290774
-27108.12862016304,1349.3301092779768,1730328923.1333132
-27207.929159155985,1328.0736003009797,1730328923.1376052
-27234.75125250236,1380.8013654710492,1730328923.1403306
-27049.276477012216,1426.957717771258,1730328923.144658
-27084.88280592952,1370.0278246435912,1730328923.1482773
-27209.49378126785,1329.258242757111,1730328923.1526089
-27183.7669233998,1347.1843418102674,1730328923.157885
-27070.10830284456,1406.6623338058394,1730328923.1615908
-27116.55522782269,1390.4349673312863,1730328923.1641276
-27207.459772522423,1315.1989954947228,1730328923.1687915
-27162.577469656168,1360.3942227833538,1730328923.1723096
-27101.49015205981,1422.9120520248475,1730328923.1766927
-27157.95065855392,1384.8693829619149,1730328923.1801708
-27085.016916396253,1344.7480016646389,1730328923.1859276
-27138.19171645543,1354.6945279472504,1730328923.1893704
-27107.212198640373,1446.448438936286,1730328923.192461
-27070.0412476112,1424.320211925532,1730328923.1962996
-27123.99835872631,1353.9122168913148,1730328923.2002523
-27096.57276827965,1363.612873984918,1730328923.2045767
-27048.82944212311,1441.6204621339396,1730328923.2089338
-27049.8352706236,1394.2794673775993,1730328923.2132246
-27115.77291676676,1330.5993474244294,1730328923.2178917
-27173.48512095036,1363.6575774738285,1730328923.2202911
-27107.32395736265,1422.6885345802946,1730328923.2249713
-27034.41256694944,1418.3969996448757,1730328923.2288394
-27087.11798037505,1352.191132568256,1730328923.2325425
-27136.492983876826,1321.7927601090385,1730328923.2365997
-27077.30556455917,1392.290162121077,1730328923.2419164
-26982.91414772441,1436.4572091647638,1730328923.2459252
-26990.983127472777,1373.9393799232698,1730328923.248308
-27135.97889375436,1308.6946378582286,1730328923.2528882
-27159.98466729935,1379.5720195260071,1730328923.2564063
-27034.814898349632,1436.8371888205038,1730328923.2602956
-27019.21338071983,1396.9169732233254,1730328923.264397
-27062.642820196488,1309.9910390366365,1730328923.2696288
-27099.83612297012,1356.8179436705043,1730328923.272302
-26985.5740053146,1454.2939012400986,1730328923.2756689
-27049.499994456768,1404.6059733159511,1730328923.280328
-27067.78372142121,1337.2154637832002,1730328923.2845218
-27044.13557578749,1343.3174900194992,1730328923.2884004
-27121.293797647217,1405.455339605253,1730328923.2925537
-27037.519459428724,1389.004455686147,1730328923.2973745
-27025.49422091177,1325.391390966343,1730328923.3004017
-27034.680787882902,1322.060981042502,1730328923.3035889
-26972.364124341504,1416.1171217104345,1730328923.3085644
-27017.15702022994,1429.192892216789,1730328923.3125474
-27020.53213364269,1353.5098854911191,1730328923.3165576
-27044.87318335452,1311.0192192815805,1730328923.3204725
-27098.62912876953,1430.355182928465,1730328923.3245893
-27046.99659907777,1446.0461075360904,1730328923.3285284
-27040.514593185737,1365.289254819066,1730328923.3315964
-27045.476680454813,1340.4788184736751,1730328923.3356156
-27018.878104553,1407.5117000951411,1730328923.3404484
-26956.24851658923,1436.7254300982274,1730328923.344639
-26993.24065366276,1382.030711416091,1730328923.3485897
-27089.4425617984,1324.966707821692,1730328923.3525765
-27057.501918971768,1350.447696500742,1730328923.3566248
-26919.23402777124,1408.7857495290934,1730328923.3595338
-26920.91040860539,1417.681743822306,1730328923.3634305
-27094.203483367382,1338.0424783280466,1730328923.36868
-27080.367753549548,1338.4895132171528,1730328923.3725133
-27034.881953583,1433.3726684299313,1730328923.3765829
-27006.24936893575,1433.0820957520125,1730328923.380474
-27049.09766305657,1342.6245859413846,1730328923.384601
-27089.151989120484,1346.066754587502,1730328923.3876133
-27009.71388932632,1435.384325430909,1730328923.3915932
-26892.32252744705,1432.769171329638,1730328923.3956416
-27033.58555240459,1347.0502313435354,1730328923.4006257
-27149.591106127635,1318.2611844851,1730328923.4045336
-27030.07632852511,1406.9529064837584,1730328923.40751
-26912.215580012275,1440.7487441001826,1730328923.412068
-26880.163178463365,1369.290217076566,1730328923.41616
-27107.41336434047,1311.3097919594995,1730328923.41977
-27081.619451239047,1383.5506300390518,1730328923.4252217
-26960.42829280237,1428.768209072138,1730328923.4287896
-26976.5662522991,1352.7499261796388,1730328923.433144
-27133.788422797734,1334.8238271264825,1730328923.4360917
-27128.356948895093,1378.8344119589822,1730328923.439568
-26947.17370834037,1418.933441511803,1730328923.4440725
-26942.52454549367,1394.033598188591,1730328923.4477484
-27086.939166419408,1346.3126237765102,1730328923.4524045
-27080.83714018311,1405.5223948386188,1730328923.456673
-26954.6615427329,1453.153962272878,1730328923.4608788
-26875.26814642765,1403.8460140044706,1730328923.4636526
-27000.147342699453,1319.6246408968736,1730328923.4679005
-27134.07899547565,1379.393205570365,1730328923.471684
-27001.53315085568,1436.3454504424872,1730328923.4761147
-26953.722769465778,1394.5029848221525,1730328923.4796052
-27081.17241634994,1353.0404988575576,1730328923.4852395
-27125.83120177164,1364.573998996496,1730328923.48867
-27051.2881340132,1408.0034384731578,1730328923.4920447
-26943.485670505248,1400.470900591719,1730328923.4958367
-26915.858914358487,1335.315565504499,1730328923.5000248
-27067.44844525438,1344.032745842069,1730328923.5040803
-27084.92750941843,1414.9771827432137,1730328923.5081756
-26935.48374599025,1401.1638046698338,1730328923.5128157
-26960.18242361336,1351.0511936010355,1730328923.5164647
-27118.633940057032,1332.409838725309,1730328923.51888
-27031.66330238144,1384.9811416841917,1730328923.5240345
-27004.61769159052,1416.1841769438,1730328923.528257
-26974.91222320941,1362.942321651259,1730328923.5318527
-27036.379520461505,1329.749981135128,1730328923.5360177
-27123.283102903737,1357.8237721709934,1730328923.5410094
-27008.641005592468,1438.8488458214815,1730328923.5440476
-26954.12510086597,1415.871252521426,1730328923.547897
-27021.49325865427,1332.186321280756,1730328923.5523896
-27008.641005592468,1363.9257984072922,1730328923.555765
-26984.568176814104,1411.4009036303644,1730328923.560085
-26972.632345274968,1377.739176480672,1730328923.5638945
-27022.6779011104,1319.132902518857,1730328923.568086
-27021.672072609912,1359.902484405337,1730328923.5717912
-26980.075476178587,1430.6010521174733,1730328923.5754287
-26967.692609750346,1409.031618718102,1730328923.5797772
-26986.557482070624,1356.5944262259516,1730328923.5841632
-27071.807035423164,1356.929702392781,1730328923.5877757
-27007.143438713963,1451.768154116649,1730328923.5920084
-26949.788862441645,1435.540787642096,1730328923.5968297
-27015.279473695693,1348.6819086887729,1730328923.599992
-27061.45817774036,1329.3252979904769,1730328923.6029737
-27029.271665724715,1394.257115633144,1730328923.6079893
-26918.071737059563,1425.6613165928504,1730328923.6119623
-26883.046553498098,1378.745004981161,1730328923.6159656
-27006.89756952496,1344.032745842069,1730328923.6199808
-27067.09081734309,1396.1346621673897,1730328923.6229017
-27042.63800890899,1415.4912728656857,1730328923.6270473
-27060.54175621769,1387.5292405520966,1730328923.6309268
-27063.916869630444,1346.066754587502,1730328923.6350272
-27072.7905121792,1366.7644699531163,1730328923.639999
-26989.77613327219,1402.057874448046,1730328923.6444633
-26977.035638932663,1354.6051209694292,1730328923.6478531
-27046.23663976629,1340.389411495854,1730328923.6511843
-27095.63399501252,1364.3281298074878,1730328923.6550083
-27019.63806386448,1395.195888900267,1730328923.6590812
-26979.874310478488,1380.577848026496,1730328923.6629715
-26984.21054890281,1351.1853040677672,1730328923.668522
-26992.05601120663,1358.226103571189,1730328923.6720245
-26954.99681889973,1413.099636208968,1730328923.676381
-26996.45930486433,1406.1035401944566,1730328923.6799233
-27097.109210146573,1326.486626444653,1730328923.6834245
-27092.057715899675,1307.7335128466502,1730328923.687202
-26944.200926327816,1397.9228017238142,1730328923.691713
-26894.22242572575,1415.379514143409,1730328923.6959484
-27048.53886944519,1353.2416645576554,1730328923.70014
-27104.977024194843,1336.1425800493455,1730328923.7042704
-27074.60100348008,1395.5311650670965,1730328923.7077436
-26951.53229850916,1432.0762672515234,1730328923.7113297
-26968.18434812836,1366.1162693639124,1730328923.715242
-27029.428127935906,1325.0784665439685,1730328923.719165
-27048.82944212311,1375.1016706349458,1730328923.7246468
-26948.760682196706,1405.7235605387166,1730328923.729192
-26996.68282230888,1394.391226099876,1730328923.73234
-27063.134558574508,1349.4418680002534,1730328923.7352996
-27065.88382314251,1353.4428302577533,1730328923.7401888
-26981.05895293461,1416.7206188107275,1730328923.7445693
-26954.259211332705,1394.9500197112584,1730328923.7470255
-27006.271720680204,1353.7557546801277,1730328923.7517076
-27023.86254356653,1362.428231528787,1730328923.755067
-27052.942163102885,1379.393205570365,1730328923.7590451
-26987.04922044864,1380.9578276822365,1730328923.763121
-26896.099972259995,1343.228083041678,1730328923.768721
-27028.310540713137,1322.9550508207144,1730328923.7721577
-27105.334652106125,1376.2192578577112,1730328923.7750793
-26963.021095159187,1425.2813369371102,1730328923.779315
-27046.99659907777,1343.5186557195968,1730328923.7836523
-27100.55137879269,1316.8306728399602,1730328923.7874787
-27002.427220633894,1382.7012637497503,1730328923.7911704
-26999.67795606589,1410.2609646631438,1730328923.7961357
-27006.69640382485,1345.0832778314684,1730328923.800292
-26972.43117957487,1318.6635158852955,1730328923.803789
-27026.432994178893,1402.6613715483395,1730328923.8073056
-26924.7549086517,1446.806066847571,1730328923.8118007
-26961.38941781395,1376.5992375134513,1730328923.8154192
-27108.66506202997,1313.2320419826558,1730328923.8193529
-26968.5196242952,1377.2697898471106,1730328923.8244448
-26867.2438701682,1421.705057824261,1730328923.828412
-27008.126915469995,1387.551592296552,1730328923.8314087
-27066.84494815409,1330.6440509133402,1730328923.8357089
-27070.33182028912,1346.6926034322505,1730328923.8391824
-27001.264929922218,1427.1365317269006,1730328923.8436892
-26927.14654530842,1421.9732787577248,1730328923.8471644
-26991.094886195053,1353.711051191217,1730328923.8524504
-27036.714796628334,1347.4972662326416,1730328923.8552945
-26994.69351705236,1405.678857049806,1730328923.8587632
-26999.275624665694,1400.0462174470686,1730328923.8632565
-27016.68763359638,1334.712068404206,1730328923.867597
-26990.8713687505,1344.8150568980047,1730328923.8711784
-26961.6129352585,1419.08990372299,1730328923.8757627
-27002.49427586726,1402.482557592697,1730328923.8792157
-27024.30957845564,1325.3019839885217,1730328923.8835042
-27035.75367161676,1307.130015746357,1730328923.886757
-26965.16686262689,1392.424272587809,1730328923.8918607
-26950.61587698649,1427.09182823799,1730328923.8958268
-26958.99778115723,1365.713937963717,1730328923.8995216
-27029.74105235828,1312.9191175602816,1730328923.9034843
-26994.51470309672,1368.060871131524,1730328923.90849
-26955.086225877552,1409.188080929289,1730328923.9120293
-26968.40786557292,1364.6634059743174,1730328923.9143224
-27023.0802325106,1340.9929085961471,1730328923.9194732
-27053.97034334783,1373.0453101450576,1730328923.9233131
-26977.90735696642,1443.6768226238278,1730328923.9277177
-26970.754798740723,1399.934458724792,1730328923.9314
-27002.80720028964,1339.1377138063567,1730328923.9355483
-27009.93740677088,1365.848048430449,1730328923.938314
-26901.71026011828,1423.9402322697915,1730328923.9425924
-26879.090294729507,1375.0793188904904,1730328923.947368
-27030.85863958104,1332.8568736144157,1730328923.951601
-27090.44839029889,1388.2891998635769,1730328923.9554365
-26964.27279284868,1420.5874706014956,1730328923.9600596
-26814.516104998125,1402.639019803884,1730328923.9626195
-26914.22723701325,1360.416574527809,1730328923.9665427
-27092.661212999967,1358.6284349713844,1730328923.970549
-27073.37165753504,1404.024827960113,1730328923.9746091
-26931.482783732747,1426.0412962485907,1730328923.9794085
-26988.68089779388,1360.483629761175,1730328923.9840524
-27006.539941613668,1316.897728073326,1730328923.987628
-26971.9170894524,1389.742063253172,1730328923.9904144
-26973.615822031003,1427.9411945272916,1730328923.9949243
-27007.992805003265,1345.3738505093877,1730328923.9986377
-27030.72452911431,1321.5915944089406,1730328924.002624
-26979.650793033936,1361.802382684038,1730328924.008112
-26891.98725128022,1420.5427671125851,1730328924.012178
-26997.979223487288,1405.6565053053505,1730328924.0162053
-27042.70506414236,1323.4020857098203,1730328924.0187173
-26950.23589733075,1364.9763303966918,1730328924.0225863
-26882.867739542457,1422.219147946733,1730328924.0269337
-26985.68576403687,1423.873177036426,1730328924.0304737
-27073.773988935234,1376.2416096021664,1730328924.0359297
-27079.049000626685,1361.0871268614685,1730328924.0396018
-27029.808107591645,1404.449511104764,1730328924.0440073
-26979.583737800567,1415.8489007769706,1730328924.0465486
-27008.68570908138,1374.3640630679206,1730328924.050702
-27065.995581864787,1366.5633042530185,1730328924.0545344
-27007.21049394733,1409.3668948849315,1730328924.0587811
-26907.23114099874,1435.2949184530878,1730328924.0626123
-26953.543955510137,1372.1065368779346,1730328924.0679798
-27021.06857550962,1326.844254355938,1730328924.0706892
-26952.87340317648,1414.641906576384,1730328924.075062
-26942.166917582384,1458.920712342347,1730328924.07914
-26960.20477535782,1376.7556997246386,1730328924.0830312
-26933.203868055807,1362.6964524622504,1730328924.0867708
-27045.342569988083,1424.2308049477108,1730328924.0906615
-26995.408772874925,1454.1374390289116,1730328924.0957613
-26912.930835834843,1410.3280198965097,1730328924.0988576
-26994.69351705236,1357.063812859513,1730328924.102893
-27016.59822661856,1383.930609694792,1730328924.106814
-27060.608811451057,1411.9373454972915,1730328924.1107662
-26965.032752160165,1387.216316129722,1730328924.114842
-27001.95783400033,1351.02884185658,1730328924.1189294
-27052.22690728032,1394.1006534219568,1730328924.124397
-26987.742124526754,1436.054877764568,1730328924.126804
-26928.845277887023,1398.0122087016357,1730328924.1296213
-26958.059007890108,1339.0706585729909,1730328924.135043
-27032.91500007093,1362.942321651259,1730328924.1386597
-26880.900786030383,1431.9421567847917,1730328924.1429937
-26870.17194869184,1426.801255560071,1730328924.1466231
-27026.96943604582,1372.642978744862,1730328924.152412
-27127.08289946114,1355.2533215586332,1730328924.154669
-27035.88778208349,1435.451380664275,1730328924.1588306
-26977.63913603296,1433.8420550634928,1730328924.1627488
-26996.68282230888,1371.9724264112028,1730328924.1670663
-27052.517479958235,1344.6362429423623,1730328924.1707704
-26980.075476178587,1387.6186475299178,1730328924.1749856
-26940.892868148432,1393.8324324884932,1730328924.1789725
-26982.645926790945,1359.3436907939542,1730328924.18179
-27015.7265085848,1352.8616849019152,1730328924.186123
-27004.841209035065,1410.350371640965,1730328924.1909788
-26935.260228545696,1477.3609015179757,1730328924.1951702
-26926.90067611941,1410.9538687412582,1730328924.199212
-26997.979223487288,1350.447696500742,1730328924.2032356
-26942.32337979357,1384.1988306282558,1730328924.2069924
-26794.131314054885,1425.2589851926548,1730328924.209864
-26998.0239269762,1385.8528597179486,1730328924.213708
-27111.57078880916,1354.962748880714,1730328924.2191565
-27077.417323281446,1349.397164511343,1730328924.2227762
-26952.38166479846,1422.71088632475,1730328924.2273164
-26956.3155718226,1417.6146885889398,1730328924.2309036
-27045.92371534392,1309.096969258424,1730328924.2340589
-27059.49122422829,1340.0094318401136,1730328924.2377913
-26961.679990491863,1425.348392170476,1730328924.242409
-26942.926876893864,1426.510682882152,1730328924.246904
-27009.55742711513,1369.290217076566,1730328924.251521
-26998.090982209564,1337.7519056501278,1730328924.2548592
-26991.54192108416,1385.5622870400296,1730328924.2590003
-26918.116440548474,1418.285240922599,1730328924.262474
-26897.597539138504,1363.478763518186,1730328924.26644
-27061.23466029581,1341.842274885449,1730328924.2700195
-27042.481546697803,1385.8528597179486,1730328924.2750847
-26974.800464487133,1412.7867117865935,1730328924.279024
-26955.86853693349,1379.9743509262028,1730328924.283414
-27012.887837038976,1321.613946153396,1730328924.287229
-27014.474810895303,1344.1668563088008,1730328924.291274
-26954.549784010625,1404.7624355271382,1730328924.2944136
-27010.473848637805,1380.287275348577,1730328924.2979052
-27041.051035052664,1309.16402449179,1730328924.3034377
-27003.00836598973,1364.8869234188703,1730328924.307166
-26885.57230062155,1425.2589851926548,1730328924.311627
-26922.251513272706,1414.9101275098476,1730328924.3138766
-26994.71586879681,1360.2824640610772,1730328924.318395
-26993.91120599642,1361.2435890726554,1730328924.3218863
-26894.98238503723,1418.195833944778,1730328924.3264284
-26909.868646844465,1414.0831129650014,1730328924.32993
-26940.19996407032,1351.5876354679629,1730328924.3354852
-27029.20461049135,1338.9588998507145,1730328924.3389251
-27050.483471212803,1391.0831679204905,1730328924.342127
-26953.52160376568,1406.0141332166354,1730328924.3459656
-26985.48459833677,1351.0064901121248,1730328924.3501115
-27006.58464510258,1340.165894051301,1730328924.3542352
-26995.29701415265,1388.2891998635769,1730328924.358137
-26960.7635689692,1382.8800777053928,1730328924.362949
-26925.403109240902,1359.9695396387028,1730328924.3675013
-26993.598281574046,1344.926815620281,1730328924.370103
-26985.395191358948,1372.9111996783256,1730328924.374436
-26860.560698576057,1430.7575143286604,1730328924.378398
-26909.063984044074,1373.9170281788145,1730328924.3821988
-27113.001300454296,1313.1202832603792,1730328924.386194
-27034.90430532745,1375.7275194796944,1730328924.3911884
-26966.95500218332,1424.0966944809788,1730328924.3951871
-26923.63732142893,1385.7858044845825,1730328924.3981411
-26929.04644358712,1318.2164809961894,1730328924.4020257
-26955.019170644187,1356.192094825756,1730328924.406042
-26962.2164323588,1418.933441511803,1730328924.410174
-26990.357278628027,1383.5729817835072,1730328924.414125
-27035.530154172204,1318.350591462921,1730328924.4191165
-27029.472831424813,1337.4389812277534,1730328924.4221568
-26985.90928148142,1376.12985087989,1730328924.4251895
-26877.16804470635,1423.157921213856,1730328924.429973
-26991.60897631752,1382.0530631605463,1730328924.4341245
-27007.47871488079,1361.2435890726554,1730328924.438007
-26902.6490333854,1423.672011336328,1730328924.4421706
-26887.114570988964,1414.932479254303,1730328924.4471183
-27025.427165678404,1362.2047140842335,1730328924.450249
-27034.01023554924,1349.8441994004488,1730328924.4532492
-26962.81992945909,1401.5661360700294,1730328924.458299
-26952.493423520737,1425.7507235706717,1730328924.4622848
-26937.18247856885,1390.122042908912,1730328924.466267
-26914.607216668992,1355.0745076029907,1730328924.4701643
-27022.946122043864,1381.360159082432,1730328924.4741774
-26964.9656969268,1387.7527579966495,1730328924.4782336
-26866.841538768,1377.292141591566,1730328924.4812584
-26949.319475808083,1362.31647280651,1730328924.4850764
-27042.39213971998,1396.4922900786746,1730328924.49028
-27039.03937805169,1422.934403769303,1730328924.4943128
-26961.23295560276,1403.4883860931857,1730328924.498208
-26956.09205437804,1377.2697898471106,1730328924.5023117
-27043.800299620667,1378.5214875366078,1730328924.5063255
-26979.807255245123,1420.363953156943,1730328924.509244
-26913.310815490586,1402.549612826063,1730328924.5143447
-27016.44176440737,1335.1367515488569,1730328924.5182528
-27034.881953583,1367.8597054314264,1730328924.5222328
-26951.75581595371,1415.3571623989535,1730328924.5263655
-26913.26611200167,1402.549612826063,1730328924.530164
-27010.451496893347,1361.5788652394851,1730328924.5343747
-27053.83623288109,1357.3990890263426,1730328924.5373993
-26987.809179760123,1374.1405456233676,1730328924.5413997
-26883.42653315384,1384.0870719059792,1730328924.546167
-26955.510909022203,1394.815909244527,1730328924.5502765
-27014.81008706213,1366.898580419848,1730328924.554258
-26953.00751364321,1428.544691627585,1730328924.5585625
-26936.57898146856,1451.0528982940791,1730328924.56243
-27035.038415794184,1383.0588916610352,1730328924.5655992
-27045.09670079908,1350.2688825450996,1730328924.5694523
-26997.39807813145,1420.5427671125851,1730328924.5743947
-26918.89875160441,1468.0402240801125,1730328924.5784538
-26915.009548069185,1413.7254850537165,1730328924.5824213
-26999.700307810344,1362.6293972288845,1730328924.585266
-27006.562293358125,1380.6449032598618,1730328924.5894675
-26952.783996198657,1414.5301478541076,1730328924.5933957
-26948.604219985515,1408.2716594066214,1730328924.597333
-26993.978261229782,1370.8548391884374,1730328924.6023765
-26968.541976039647,1382.4330428162866,1730328924.6064968
-26841.941695444788,1410.6856478077946,1730328924.610516
-26916.41770796987,1413.61372633144,1730328924.613292
-26814.091421853474,1365.8256966859933,1730328929.6480377
-26859.30900088656,1301.1173964878794,1730328929.6519816
-26895.496475159704,1301.0726929989687,1730328929.6560698
-26846.143823402384,1373.4252898007978,1730328929.6599343
-26819.34408180047,1381.2260486157,1730328929.6640024
-26862.572355577035,1314.0590565275022,1730328929.669021
-26913.04259455712,1295.3059429294997,1730328929.673
-26881.07959998603,1350.64886220084,1730328929.676011
-26825.9825499037,1371.7489089666497,1730328929.6800485
-26856.11270142945,1316.7859693510495,1730328929.684369
-26916.149487036408,1287.8181085369715,1730328929.6880336
