Fp1,C3,time_board
-1107.7971586939286,6149.166065355071,1730330163.9743104
-1038.573806115843,6162.353594583702,1730330163.978403
-1072.59316117682,6186.247609406425,1730330163.9836557
-1147.0021184685372,6175.31760636778,1730330163.9875476
-1124.3374495908558,6147.489684520922,1730330163.9903953
-1048.9450155431052,6154.061097390783,1730330163.9945333
-1060.5679226598647,6184.504173338911,1730330163.9983456
-1137.5696823083977,6179.36327211419,1730330164.0023413
-1138.1955311531462,6145.679193220043,1730330164.0063572
-1058.4445069366109,6144.472199019457,1730330164.0113628
-1048.20740797608,6173.641225533632,1730330164.0153503
-1120.4258943111772,6182.246647148925,1730330164.0185776
-1137.7037927751294,6152.138847367626,1730330164.0224776
-1061.6408063937197,6142.25937631838,1730330164.0266032
-1035.8692450367505,6166.421612074568,1730330164.030589
-1108.2888970719457,6176.03286219035,1730330164.034412
-1148.1867609246683,6146.327393809247,1730330164.0393898
-1080.952713603105,6130.055323845783,1730330164.0434136
-1033.9246432691389,6154.798704957808,1730330164.0464015
-1093.1344143312472,6173.864742978185,1730330164.0504098
-1149.4161068697103,6149.166065355071,1730330164.0544283
-1095.950734132616,6125.562623210267,1730330164.0584211
-1035.5786723588317,6141.789989684819,1730330164.062432
-1082.9420188596273,6161.772449227864,1730330164.067445
-1148.589092324864,6147.512036265378,1730330164.0704548
-1108.6465249832304,6127.730742422431,1730330164.0744202
-1041.725402084041,6134.659783203577,1730330164.078441
-1069.6650826531747,6159.537274782333,1730330164.0824428
-1142.196493410646,6150.507170022389,1730330164.0864544
-1127.399638581233,6117.180719039527,1730330164.09047
-1049.8390853213175,6121.785178397319,1730330164.0954914
-1052.789515589418,6155.089277635727,1730330164.098481
-1134.9992316960374,6151.26712933387,1730330164.1016195
-1137.3461648638445,6124.199166798493,1730330164.1064968
-1062.1325447717363,6119.058265573772,1730330164.1104984
-1046.4416201641106,6151.26712933387,1730330164.114494
-1119.0177344104927,6161.101896894204,1730330164.118648
-1144.006984711526,6129.094198834205,1730330164.12278
-1074.5824664333422,6114.87848936063,1730330164.1267552
-1043.2676724514572,6142.6617077185765,1730330164.1297612
-1113.943888419138,6156.966824169973,1730330164.1347525
-1146.8009527684394,6138.97366988345,1730330164.1387312
-1076.9293996011495,6124.400332498591,1730330164.1427577
-1029.0966664667924,6146.483856020433,1730330164.1467276
-1089.111100329292,6181.062004692794,1730330164.1507816
-1145.4374963566656,6178.916237225085,1730330164.154772
-1090.8768881412611,6150.037783388828,1730330164.157817
-1017.9431459835944,6141.231196073437,1730330164.162795
-1063.5183529279657,6160.02901316035,1730330164.1668143
-1139.0896009313583,6156.206864858493,1730330164.1706269
-1110.725237217574,6136.179701826537,1730330164.1748505
-1034.8634165362616,6119.63941092961,1730330164.1788287
-1058.1315825142362,6128.848329645197,1730330164.1828434
-1132.6522985282302,6147.243815331914,1730330164.1858494
-1116.9390221761491,6132.73753318042,1730330164.189726
-1041.568939872854,6124.73560866542,1730330164.1946585
-1044.4746666520437,6132.290498291314,1730330164.1987188
-1122.4375513121547,6133.16221632507,1730330164.2028413
-1133.74753400654,6105.043721800294,1730330164.205886
-1058.1539342586916,6102.16034676556,1730330164.2099097
-1039.8925590387057,6137.9678413829615,1730330164.2139385
-1111.4181412956884,6162.353594583702,1730330164.218001
-1133.434609584166,6181.598446559721,1730330164.2227275
-1065.2170855065688,6185.353539628213,1730330164.226829
-1024.7157245535525,6188.0357489628495,1730330164.231017
-1087.3229607728674,6208.375836417179,1730330164.233946
-1125.5667955358977,6217.115368499204,1730330164.2379751
-1075.722405400563,6129.898861634596,1730330164.241958
-1042.530064884432,6085.709462846454,1730330164.245997
-1084.0372543379372,6144.807475186286,1730330164.2509844
-1119.665934999697,6163.672347506565,1730330164.2549777
-1085.3113037718897,6142.16996934056,1730330164.2588918
-1038.663213093664,6134.100989592193,1730330164.2618172
-1056.2540359799905,6152.183550856537,1730330164.2659564
-1119.4200658106884,6101.668608387543,1730330164.2699585
-1081.69032117013,6059.379107878102,1730330164.273845
-1013.115169181248,6057.188636921482,1730330164.2780735
-1048.0956492538037,6108.597649168689,1730330164.2828395
-1120.6494117557302,6121.315791763758,1730330164.2870104
-1111.5746035068755,6107.815338112752,1730330164.2898932
-1040.429000905633,6152.049440389806,1730330164.2941206
-1054.0412132789152,6221.853938323729,1730330164.2978723
-1124.5386152909537,6179.787955258841,1730330164.3020864
-1102.7680161914843,6064.028270724806,1730330164.3060565
-1038.01501250446,6044.001107692851,1730330164.3111644
-1029.7672188004517,6091.051529771273,1730330164.314311
-1091.212164308091,6119.371189996146,1730330164.318112
-1132.3170223614004,6109.312904991259,1730330164.3270552
-1059.5844459038312,6115.124358549638,1730330164.3270824
-1009.1365586682032,6116.823091128242,1730330164.3300166
-1057.1928092471137,6110.698713147487,1730330164.3341742
-1124.4492083131324,6045.029287937795,1730330164.3409336
-1086.0936148278254,6034.836892466175,1730330164.3419473
-1059.3832802037336,6099.232268241914,1730330164.35457
-1086.9653328615825,6162.9123881950845,1730330164.354586
-1109.7194087170851,6151.803571200797,1730330164.3545902
-1087.0547398394035,6037.317936100714,1730330164.3579044
-1022.9946402304936,6075.628826097111,1730330164.361924
-1033.5223118689432,6065.8834655145965,1730330164.3670907
-1109.6970569726298,5969.145115512028,1730330164.3700917
-1117.3413535763448,5976.074156293173,1730330164.3739712
-1060.299701726401,6005.869031652097,1730330164.3779523
-1043.1559137291806,6059.7814392782975,1730330164.382009
-1116.469635542588,5996.771871658787,1730330164.3859327
-1121.9905164230486,5959.489161907335,1730330164.3899891
-1061.752565115996,5991.89919136753,1730330164.3949783
-1080.3492165028115,6027.505520284834,1730330164.400385
-1134.976879951582,6064.274139913815,1730330164.4029825
-1097.917687644683,6114.520861449345,1730330164.4059885
-1029.5437013558983,6031.439427308968,1730330164.4101844
-1053.8623993232727,5970.843848090631,1730330164.4141
-1117.4084088097106,5971.156772513005,1730330164.41821
-1139.201359653635,5938.769094797265,1730330164.4237492
-1086.7641671614847,5899.206507111372,1730330164.4290924
-1039.177303216136,5910.695303761399,1730330164.429108
-1060.5008674264989,5983.13730754105,1730330164.434072
-1127.7349147480625,6006.09254909665,1730330164.4381132
-1088.7311206735517,5952.671879848466,1730330164.4421215
-1026.2132914320578,5936.958603496386,1730330164.4460368
-1070.5815041758424,5886.845992427587,1730330164.4510908
-1170.5608571244309,5859.979195592308,1730330164.4541245
-1174.271246704012,5883.225009825827,1730330164.4571064
-1089.111100329292,5926.922670235953,1730330164.4621725
-1033.8575880357728,5970.173295756972,1730330164.4662857
-1106.0537226264146,5934.566966839668,1730330164.4700875
-1141.168313165702,5837.247471481261,1730330164.477822
-1080.304513013901,5861.029727581707,1730330164.4788387
-1070.1121175422809,5894.847916942587,1730330164.481127
-1122.1246268897803,5798.556601829124,1730330164.4851096
-1115.329696575367,5765.699537479823,1730330164.4901364
-1033.0082217464712,5790.599380803034,1730330164.494171
-1032.91881476865,5795.829689005576,1730330164.4982145
-1107.238365082546,5831.190148733873,1730330164.5063334
-1145.4374963566656,5784.519706311191,1730330164.506349
-1075.6106466782865,5740.486769734236,1730330164.5101795
-1045.3910881747113,5779.289398108649,1730330164.513725
-1115.8437866978393,5852.357250733048,1730330164.5182931
-1161.9330837646824,5807.653761822434,1730330164.5221956
-1085.3113037718897,5758.345813554027,1730330164.5263815
-1051.11313475527,5762.167961855885,1730330164.530377
-1096.7777486774623,5788.163040657407,1730330164.533362
-1143.9846329670709,5704.254591972183,1730330164.5373747
-1085.110138071792,5695.090376745508,1730330164.5413969
-1013.2939831368903,5738.5198162221695,1730330164.5454292
-1076.616475178775,5865.7235939173215,1730330164.550472
-1151.628929570786,5881.839201669598,1730330164.554406
-1125.7009060026296,5683.22160043974,1730330164.5584693
-1037.8809020377282,5603.716445412212,1730330164.5614684
-1028.560224599865,5609.594954203958,1730330164.565388
-1121.007039667015,5674.906751502365,1730330164.569332
-1120.8282257113726,5669.207056666262,1730330164.5732768
-1014.3445151262898,5647.92819594481,1730330164.5785427
-1000.4864335639994,5643.97193717622,1730330164.5823853
-1123.599842023831,5655.840713481988,1730330164.58543
-1127.8019699814286,5624.995306133665,1730330164.5894396
-1046.307509697379,5635.344163816472,1730330164.5935383
-1024.4475036200886,5649.492818056681,1730330164.5976005
-1114.3238680748782,5720.884289846932,1730330164.6015048
-1151.9642057376154,5676.896056758887,1730330164.6056385
-1058.1315825142362,5650.9456814462765,1730330164.6106546
-1014.0315907039156,5706.199193739795,1730330164.6136148
-1098.5658882338869,5639.501588285159,1730330164.6175587
-1152.9700342381043,5586.282084737073,1730330164.6216652
-1101.7398359465403,5619.16150083083,1730330164.625514
-1032.784704301918,5674.9514549912765,1730330164.6296868
-1087.658236939697,5682.059309728063,1730330164.6337247
-1142.8670457443054,5600.318980255006,1730330164.6386237
-1087.367664261778,5562.209255958707,1730330164.6417973
-1033.4552566355774,5586.930285326277,1730330164.6458917
-1052.0742597668482,5581.811735846011,1730330164.649658
-1119.241251855046,5594.105195296431,1730330164.6537216
-1097.1800800776575,5557.8506657899225,1730330164.65757
-1046.5533788863872,5607.113910569419,1730330164.6615753
-1069.396861719711,5615.898146140355,1730330164.6665995
-1125.320926346889,5619.92146014231,1730330164.669577
-1124.0915804018475,5558.565921612492,1730330164.6734877
-1044.6758323521417,5527.876976475355,1730330164.67754
-1014.0315907039156,5547.211235429196,1730330164.6816204
-1107.4842342715544,5564.8914652933445,1730330164.6857195
-1138.8660834868056,5555.235511688651,1730330164.6895957
-1081.2879897699345,5559.638805346347,1730330164.6934872
-1063.1607250166803,5616.68045719629,1730330164.6967795
-1129.7689234934955,5637.556986517548,1730330164.7016304
-1139.9389672206603,5521.953764194699,1730330164.7056656
-1047.4474486645995,5512.476624545649,1730330164.7097056
-1022.1899774301024,5577.989587544154,1730330164.7138028
-1117.2072431096128,5677.83483002601,1730330164.717723
-1171.4549269026431,5520.523252549559,1730330164.72175
-1057.0586987803815,5427.472940382117,1730330164.7247455
-1004.2415266324912,5462.31930998794,1730330164.728789
-1056.231684235535,5510.800243711501,1730330164.7337868
-1121.521129789487,5498.819708683456,1730330164.7375853
-1072.7943268769177,5579.643616633847,1730330164.7418213
-1019.5524715843763,5518.042208915021,1730330164.7458253
-1066.468783196066,5424.522510114016,1730330164.7498243
-1139.8048567539283,5480.111298574365,1730330164.752846
-1115.106179130814,5441.643946366781,1730330164.7565973
-1019.1724919286362,5432.278565440008,1730330164.7618246
-1037.7467915709965,5458.608920408359,1730330164.765838
-1129.4112955822106,5478.479621229127,1730330164.7698653
-1126.0361821694592,5458.832437852912,1730330164.7738929
-1055.024690034949,5453.289205227996,1730330164.7769096
-1045.6369573637196,5476.1997432946855,1730330164.7808197
-1115.709676231107,5480.51362997456,1730330164.7848964
-1145.2586824010232,5461.872275098834,1730330164.7896936
-1081.2432862810238,5464.643891411292,1730330164.7938995
-1034.72930606953,5483.888743387312,1730330164.7976785
-1074.0236728219595,5523.808958984489,1730330164.801911
-1130.5065310605207,5432.725600329113,1730330164.804907
-1071.0061873204932,5415.671219309714,1730330164.8088045
-1017.63022156122,5456.261987240552,1730330164.8128257
-1060.791440104418,5458.519513430538,1730330164.816918
-1124.5386152909537,5473.115202559853,1730330164.8218672
-1078.8292978798506,5418.867518766823,1730330164.82591
-1022.5476053413876,5404.607105804337,1730330164.8290024
-1077.756414145996,5444.661431868248,1730330164.832925
-1140.363650365311,5423.628440335803,1730330164.8367536
-1094.654332954208,5398.929762712689,1730330164.8409555
-1013.3163348813456,5432.792655562479,1730330164.8449695
-1048.6097393762757,5445.734315602103,1730330164.8500514
-1130.2830136159675,5429.9316322722,1730330164.8539617
-1107.819510438384,5406.529355827493,1730330164.8567834
-1002.4757388205218,5418.420483877717,1730330164.8610065
-1043.1335619847252,5405.098844182354,1730330164.8648622
-1127.6008042813307,5406.752873272047,1730330164.8690617
-1129.1877781376577,5418.956925744645,1730330164.8729625
-1056.6787191246417,5418.68870481118,1730330164.8780012
-1053.3483092008007,5451.836341838401,1730330164.88195
-1131.4453043276435,5458.340699474896,1730330164.8851163
-1151.137191192769,5395.241724877564,1730330164.8890872
-1075.364777489278,5404.83062324889,1730330164.8929915
-1052.2530737224906,5478.792545651501,1730330164.897063
-1116.3802285647666,5473.852810126879,1730330164.9010327
-1126.393810080744,5357.243759303541,1730330164.90513
-1072.146126287714,5332.925061336167,1730330164.9100523
-1042.2171404620576,5424.053123480454,1730330164.913058
-1061.4843441825324,5423.829606035902,1730330164.917149
-1119.9565076776155,5371.213599588108,1730330164.9211133
-1088.8428793958285,5342.4245527296725,1730330164.925078
-1035.466913636555,5377.628550246782,1730330164.92918
-1066.8711145962614,5406.954038972144,1730330164.9342527
-1132.138208405758,5400.986123202578,1730330164.93795
-1120.2470803555348,5360.618872716293,1730330164.9411316
-1034.2822711804238,5393.230067876586,1730330164.945012
-1052.3648324447672,5413.458396608638,1730330164.949011
-1120.0906181443474,5453.60212965037,1730330164.9531024
-1099.4152545231884,5451.970452305133,1730330164.9569874
-1030.3483641562896,5386.122213139798,1730330164.9621823
-1034.7740095584404,5355.008584858011,1730330164.9649286
-1112.4910250295432,5391.821907975902,1730330164.968087
-1121.6328885117637,5379.595503758848,1730330164.9729517
-1048.6544428651862,5367.749079197536,1730330164.9771776
-1039.9596142720718,5394.548820799449,1730330164.9809515
-1106.724274960074,5422.980239746599,1730330164.9850123
-1148.522037091498,5416.967620488122,1730330164.9889956
-1066.6028936627977,5406.395245360762,1730330164.9931717
-1030.4377711341108,5380.243704348052,1730330164.995986
-1099.7952341789287,5439.766399832535,1730330165.0010865
-1132.6299467837748,5444.594376634882,1730330165.0052123
-1080.460975225088,5341.15050329572,1730330165.0092516
-1040.2278352055357,5339.071791061377,1730330165.0132148
-1087.5688299618755,5406.372893616306,1730330165.0170777
-1136.7650195080066,5407.222259905608,1730330165.0212276
-1094.4755189985656,5374.789878700957,1730330165.0242383
-1042.3959544177,5389.743195741558,1730330165.028226
-1080.1927542916244,5416.297068154463,1730330165.0331445
-1143.5823015668752,5389.184402130175,1730330165.0376167
-1096.2189550660796,5353.131038323765,1730330165.0413742
-1037.6126811042643,5368.039651875455,1730330165.0452652
-1054.6447103792084,5427.875271782312,1730330165.049508
-1123.3763245792777,5416.542937343471,1730330165.0525832
-1119.9565076776155,5399.265038879519,1730330165.0562773
-1051.917797555661,5366.475029763584,1730330165.061688
-1045.5251986414432,5387.3292073403845,1730330165.0651517
-1125.320926346889,5395.35348359984,1730330165.0698066
-1139.8048567539283,5384.82581196139,1730330165.0725024
-1061.529047671443,5406.618762805315,1730330165.0768988
-1023.6428408196977,5440.816931821934,1730330165.0802157
-1095.6825131991525,5473.718699660147,1730330165.0843315
-1138.0614206864143,5386.502192795539,1730330165.0893188
-1073.0178443214709,5329.080561289855,1730330165.09367
-1034.103457224781,5369.984253643067,1730330165.0976577
-1082.0479490814148,5398.840355734868,1730330165.100321
-1141.6376997992636,5375.974521157089,1730330165.1044445
-1089.3793212627556,5357.355518025818,1730330165.1089792
-1039.691393338608,5397.9239342122,1730330165.1122985
-1080.6397891807303,5476.378557250328,1730330165.1174295
-1159.6979093191517,5407.199908161153,1730330165.1214662
-1128.9642606931045,5306.706465090092,1730330165.1254292
-1052.342480700312,5365.782125685469,1730330165.128442
-1051.1354864997252,5376.220390346097,1730330165.1322553
-1111.5746035068755,5358.182532570664,1730330165.136495
-1105.494929015032,5342.156331796209,1730330165.1402638
-1038.7749718159405,5345.956128353611,1730330165.1453972
-1049.8614370657726,5374.544009511949,1730330165.149438
-1117.7436849765402,5381.942436926656,1730330165.1534252
-1127.2208246255905,5329.080561289855,1730330165.1563048
-1057.68454762513,5352.77341041248,1730330165.160457
-1043.0218032624489,5372.130021110776,1730330165.1645336
-1115.8884901867498,5398.25921037903,1730330165.168512
-1141.1906649101577,5372.934683911167,1730330165.1723683
-1082.6514461817085,5341.0163928289885,1730330165.177508
-1043.6476521071977,5359.3895267712505,1730330165.1812909
-1101.9186499021828,5362.58582622836,1730330165.1845694
-1142.285900388467,5370.654805976726,1730330165.1885293
-1078.5163734574764,5393.990027188066,1730330165.1925416
-1038.2385299490131,5358.897788393234,1730330165.1965177
-1098.722350445074,5357.288462792452,1730330165.2005565
-1147.6726708021963,5342.491607963038,1730330165.2054064
-1099.1246818452696,5324.699619376615,1730330165.209561
-1037.433867148622,5389.743195741558,1730330165.212538
-1089.0216933514707,5419.582774589393,1730330165.2165408
-1148.522037091498,5384.78110847248,1730330165.2205825
-1095.8613271547947,5378.567323513905,1730330165.2246327
-1035.2657479364573,5329.169968267675,1730330165.228616
-1044.139390485214,5358.607215715315,1730330165.2342072
-1118.637754754753,5389.340864341362,1730330165.2370453
-1128.2490048705347,5354.293329035441,1730330165.2404232
-1050.3978789327,5354.673308691181,1730330165.2451296
-1045.145218985703,5386.770413729002,1730330165.2484577
-1127.0643624144034,5378.29910258044,1730330165.2529693
-1143.6046533113306,5351.275843533975,1730330165.2565384
-1051.694280111108,5314.708389605092,1730330165.2619617
-1035.153989214181,5364.597483229338,1730330165.2645085
-1121.208205367113,5383.35059682734,1730330165.2685852
-1151.8077435264283,5354.874474391279,1730330165.2725189
-1076.5494199454097,5343.67625041917,1730330165.2766912
-1032.337669412812,5388.804422474435,1730330165.2806563
-1109.9876296505488,5379.953131670133,1730330165.2847035
-1164.6376448437743,5323.470273431572,1730330165.288712
-1084.7748619049623,5345.799666142424,1730330165.292704
-1036.7633148149628,5357.757849426013,1730330165.2956767
-1086.8312223948506,5370.498343765538,1730330165.3007915
-1138.0167171975038,5350.24766328903,1730330165.304839
-1106.4337022821549,5341.4857794625495,1730330165.3087149
-1030.4601228785662,5394.794689988457,1730330165.3125956
-1075.0295013224486,5363.256378562019,1730330165.3166797
-1146.5327318349755,5350.091201077843,1730330165.3196805
-1119.688286744152,5344.682078919659,1730330165.3235304
-1054.242378979013,5333.975593325567,1730330165.3287048
-1066.7146523850745,5352.549892967927,1730330165.3327188
-1151.0254324704924,5355.030936602466,1730330165.3365278
-1115.9108419312051,5345.710259164603,1730330165.3406396
-1034.1481607136918,5348.951262110622,1730330165.3437667
-1047.0674690088597,5417.280544910496,1730330165.3475585
-1123.4433798126436,5395.174669644198,1730330165.351734
-1134.9321764626714,5327.962974067089,1730330165.3565524
-1047.9615387870715,5354.941529624645,1730330165.3607483
-1030.661288578664,5356.617910458793,1730330165.3645923
-1107.9089174162052,5355.097991835832,1730330165.3686914
-1144.811647511917,5344.838541130846,1730330165.3718429
-1079.5222019579653,5316.608287883793,1730330165.3757887
-1043.1335619847252,5336.546043937927,1730330165.3797636
-1102.008056880004,5361.334128538862,1730330165.3848028
-1139.715449776107,5359.68009944917,1730330165.3888187
-1085.69128342763,5329.661706645693,1730330165.3929012
-1040.9654427725604,5344.011526586,1730330165.3973248
-1080.3492165028115,5347.654860932214,1730330165.3997235
-1149.3490516363445,5331.427494457662,1730330165.404106
-1107.528937760465,5327.560642666894,1730330165.4078467
-1035.6457275921975,5372.934683911167,1730330165.411893
-1066.6699488961635,5357.221407559086,1730330165.417246
-1152.2100749266235,5333.48385494755,1730330165.4209251
-1137.949661964138,5291.797851538402,1730330165.42478
-1050.5766928883424,5312.294401203919,1730330165.428089
-1059.2044662480912,5314.7754448384585,1730330165.431718
-1138.687269531163,5314.596630882816,1730330165.435887
-1148.2538161580344,5289.495621859506,1730330165.439741
-1066.9381698296274,5287.148688691698,1730330165.4448912
-1052.5212946559543,5344.972651597578,1730330165.4500136
-1127.8690252147944,5335.763732881991,1730330165.4531567
-1141.0565544434255,5281.42664211114,1730330165.4567404
-1061.461992438077,5284.131203190232,1730330165.4609618
-1040.9430910281053,5351.029974344966,1730330165.4647264
-1097.8282806668617,5375.795707201446,1730330165.4680612
-1146.9350632351714,5294.971799251056,1730330165.4721713
-1090.183984063147,5278.722081032048,1730330165.475912
-1039.5796346163315,5299.017464997467,1730330165.4804964
-1088.2617340399902,5324.587860654337,1730330165.4842093
-1147.6726708021963,5310.238040714031,1730330165.4890656
-1103.7067894586075,5292.066072471866,1730330165.4932213
-1039.8478555497952,5314.708389605092,1730330165.4960494
-1084.528992715954,5328.164139767187,1730330165.5005429
-1145.8845312457718,5340.591709684338,1730330165.5042255
-1104.4443970256325,5329.237023501042,1730330165.5081022
-1051.336652199823,5279.549095576894,1730330165.5120945
-1079.7680711469736,5324.0067152985,1730330165.51729
-1137.167350908202,5310.640372114226,1730330165.5201497
-1126.5502722919314,5278.833839754324,1730330165.5238233
-1067.7204808855631,5293.7648050504695,1730330165.5282688
-1077.3764344902556,5320.609250141293,1730330165.531862
-1141.3694788658,5284.913514246168,1730330165.539971
-1142.3753073662886,5231.470493253529,1730330165.540242
-1065.887637840228,5243.719249215037,1730330165.544936
-1047.559207386876,5291.909610260679,1730330165.5515103
-1130.0371444269592,5283.460650856573,1730330165.551537
-1145.705717290129,5255.163342376154,1730330165.5600984
-1081.7126729145853,5246.1555893606655,1730330165.560115
-1050.4872859105212,5277.492735087006,1730330165.5638463
-1120.180025122169,5259.61133952276,1730330165.5682948
-1165.3081971774336,5218.193557047076,1730330165.5728588
-1101.851594668817,5206.83887086378,1730330165.575874
-1039.4231724051444,5222.686257682593,1730330165.579857
-1092.9332486311494,5250.983566163011,1730330165.5838957
-1158.982653496582,5244.412153293151,1730330165.587849
-1111.0158098954928,5214.1702430451205,1730330165.591856
-1055.4940766685102,5252.928167930623,1730330165.595874
-1076.3482542453116,5255.520970287439,1730330165.6008706
-1153.8864557607717,5214.237298278487,1730330165.607566
-1118.8612721993056,5223.379161760708,1730330165.6075869
-1038.529102626932,5228.453007752062,1730330165.6119697
-1068.3910332192222,5239.695935213082,1730330165.616011
-1139.0672491869032,5246.602624249772,1730330165.619943
-1132.4734845725875,5206.056559807845,1730330165.6239336
-1058.1539342586916,5232.476321754018,1730330165.6317234
-1055.918759813161,5256.035060409911,1730330165.6321576
-1138.8660834868056,5226.195481562077,1730330165.63806
-1145.7951242679503,5179.815611817314,1730330165.6403656
-1081.5785624478535,5193.897210824158,1730330165.6440675
-1054.3541377012891,5222.328629771308,1730330165.6502829
-1120.5376530334536,5238.667754968137,1730330165.6520388
-1153.774697038495,5198.367559715219,1730330165.654966
-1085.0207310939709,5172.752460569437,1730330165.6589732
-1052.7001086115968,5206.637705163683,1730330165.6630907
-1119.8671006997945,5222.909775127146,1730330165.6680138
-1151.4724673595986,5240.612356735749,1730330165.6720004
-1099.6387719677416,5200.64743764966,1730330165.6760375
-1059.919722070661,5181.536696140372,1730330165.68003
-1103.595030736331,5207.531774941895,1730330165.683051
-1160.077888974892,5193.7407486129705,1730330165.6870177
-1111.753417462518,5180.26264670642,1730330165.693404
-1045.368736430256,5185.984693286979,1730330165.695892
-1088.5076032289987,5213.0303040779,1730330165.7001345
-1170.2926361909672,5197.585248659283,1730330165.7042155
-1140.520112576498,5203.351998728753,1730330165.7120404
-1051.850742322295,5238.89127241269,1730330165.712082
-1079.9245333581607,5209.588135431783,1730330165.7227845
-1166.0011012555483,5194.500707924451,1730330165.7228005
-1150.1537144367355,5163.208265687021,1730330165.723124
-1055.0917452683143,5177.960417027523,1730330165.7282383
-1048.274463209446,5200.714492883026,1730330165.7320917
-1128.9195572041938,5196.445309692062,1730330165.7367616
-1146.912711490716,5176.909885038124,1730330165.739179
-1071.855553609795,5171.009024501923,1730330165.743542
-1053.236550478524,5231.6046037202605,1730330165.747275
-1130.975917694082,5210.571612187817,1730330165.7517557
-1151.3383568928668,5134.821550228781,1730330165.7553587
-1089.3569695183005,5141.638832287649,1730330165.760756
-1048.1180009982588,5178.765079827915,1730330165.7633164
-1115.9331936756605,5204.179013273599,1730330165.7678297
-1154.8252290278947,5156.770963283892,1730330165.771406
-1098.0517981114149,5140.498893320429,1730330165.775377
-1046.1957509751023,5155.228692916477,1730330165.7795017
-1103.103292358314,5171.411355902119,1730330165.7846289
-1171.7454995805622,5171.344300668753,1730330165.7885227
-1122.0352199119593,5140.767114253893,1730330165.791469
-1052.1860184891248,5150.288957391854,1730330165.795404
-1085.7583386609958,5184.308312452831,1730330165.7994833
-1163.8329820433837,5188.59984738825,1730330165.8038013
-1151.427763870688,5123.757436723404,1730330165.8075397
-1063.2948354834125,5137.950794452524,1730330165.8115225
-1068.145164030214,5186.185858987076,1730330165.816665
-1150.1537144367355,5162.962396498013,1730330165.819903
-1155.2722639170008,5120.53878552184,1730330165.8232636
-1081.1315275587474,5135.223881628976,1730330165.8277607
-1067.7204808855631,5160.481352863473,1730330165.8312829
-1129.008964182015,5154.9381202385575,1730330165.8354409
-1156.4122028842214,5122.818663456281,1730330165.8394022
-1093.3802835202555,5147.83026550177,1730330165.8445232
-1046.307509697379,5192.556106156839,1730330165.8473215
-1114.525033774976,5156.011003972412,1730330165.851545
-1159.6308540857858,5140.968279953991,1730330165.8554306
-1091.1898125636355,5164.728184309982,1730330165.859568
-1041.0995532392924,5183.123669996699,1730330165.8636932
-1108.6018214943197,5165.890475021658,1730330165.8675652
-1170.6726158467077,5136.92261420758,1730330165.8723304
-1101.5833737353532,5117.834224442748,1730330165.8755093
-1039.311413682868,5144.656317789116,1730330165.879603
-1080.3268647583564,5143.941061966546,1730330165.883594
-1158.557970351931,5152.613538815205,1730330165.8876195
-1131.2888421164564,5129.278317603865,1730330165.8916276
-1059.137411014725,5128.719523992482,1730330165.8955483
-1084.59604794932,5139.716582264493,1730330165.899722
-1152.5677028379089,5151.093620192244,1730330165.9026356
-1135.0215834404926,5135.49210256244,1730330165.906484
-1065.4182512066664,5122.908070434102,1730330165.912065
-1071.2297047650463,5154.625195816183,1730330165.915429
-1145.7727725234954,5146.645623045638,1730330165.919889
-1148.075002202392,5101.919782390569,1730330165.923436
-1078.6728356686635,5116.180195353055,1730330165.9277976
-1063.8759808392504,5152.390021370652,1730330165.9306028
-1125.320926346889,5160.168428441099,1730330165.9347236
-1159.5414471079646,5105.227840569954,1730330165.9394195
-1094.006132365004,5087.86053512818,1730330165.9439616
-1056.2763877244458,5123.600974512216,1730330165.947513
-1122.817530967895,5142.577605554772,1730330165.95211
-1172.304293191945,5116.224898841965,1730330165.955506
-1099.3929027787333,5116.738988964437,1730330165.9587188
-1047.916835298161,5118.191852354033,1730330165.9628289
-1102.9915336360375,5136.140303151644,1730330165.9676018
-1159.139115707769,5130.239442615443,1730330165.9720604
-1101.7621876909957,5118.616535498683,1730330165.975603
-1047.9615387870715,5120.002343654913,1730330165.980016
-1090.854536396806,5127.758398980904,1730330165.9837625
-1154.4676011166098,5116.291954075331,1730330165.9871955
-1124.6950775021407,5084.48542171543,1730330165.99057
-1050.2637684659685,5120.7175994774825,1730330165.9957209
-1065.977044818049,5147.83026550177,1730330165.99986
-1151.94185399316,5123.936250679047,1730330166.0037928
-1151.204246426135,5116.828395942259,1730330166.0078552
-1067.11698378527,5113.497986018418,1730330166.0108647
-1065.5523616733983,5133.279279861365,1730330166.01454
-1139.782505009473,5111.82160518427,1730330166.0190656
-1150.0866592033697,5085.603008938195,1730330166.0227454
-1068.6145506637754,5085.200677538,1730330166.0278988
-1045.6369573637196,5122.371628567174,1730330166.031624
-1122.7504757345291,5129.479483303962,1730330166.035081
-1168.0127582565258,5104.557288236295,1730330166.038874
-1104.2208795810795,5094.163727064577,1730330166.0429142
-1060.076184281848,5097.494136988418,1730330166.0471592
-1111.3510860623226,5110.0558173723,1730330166.0508788
-1159.2508744300455,5097.382378266141,1730330166.0556495
-1116.5813942648642,5082.741985647916,1730330166.0599985
-1048.7662015874628,5125.63498325765,1730330166.063161
-1102.3880365357445,5120.739951221937,1730330166.067021
-1170.1808774686906,5070.917912831058,1730330166.0710804
-1117.4084088097106,5053.818828322748,1730330166.0747595
-1065.2170855065688,5075.9917588224125,1730330166.078872
-1094.8554986543058,5076.349386733697,1730330166.0841875
-1167.0292815004923,5080.484459457929,1730330166.088012
-1132.5405398059536,5059.339709203209,1730330166.0907767
-1046.1510474861918,5073.801287865793,1730330166.0952475
-1061.1714197601582,5118.460073287496,1730330166.0988684
-1146.8903597462606,5100.086939345234,1730330166.1031704
-1147.9408917356602,5053.170627733544,1730330166.1067293
-1064.8147541063731,5051.695412599494,1730330166.1109636
-1068.2569227524905,5094.029616597845,1730330166.115877
-1143.4034876112328,5090.520392718362,1730330166.1193595
-1146.4433248571545,5031.198862933978,1730330166.1227212
-1074.2024867776022,5039.156083960067,1730330166.1275048
-1060.9702540600604,5097.337674777231,1730330166.1308875
-1123.8904147017497,5045.794552063293,1730330166.134872
-1156.300444161945,5024.828615764215,1730330166.1398065
-1093.0003038645154,5006.65664752205,1730330166.1430893
-1056.9469400581052,5025.789740775793,1730330166.145959
-1124.8515397133278,5051.248377710388,1730330166.1509511
-1163.3412436653666,5049.102610242679,1730330166.154774
-1105.4055220372109,5039.7148775714495,1730330166.1590075
-1058.7797831034402,5040.228967693922,1730330166.1630158
-1112.714542474096,5039.111380471156,1730330166.1679916
-1178.428671172699,5031.131807700612,1730330166.1709456
-1129.4336473266658,5012.915135969536,1730330166.1737952
-1057.9974720475043,5021.386447118098,1730330166.1789217
-1084.2607717824903,5039.916043271547,1730330166.18298
-1159.8543715303388,5043.089990984201,1730330166.1870065
-1143.1129149333135,5038.172607204033,1730330166.191003
-1059.338576714823,5052.298909699787,1730330166.194934
-1075.4765362115547,5038.597290348684,1730330166.1989408
-1159.3179296634114,5025.767389031338,1730330166.2020688
-1163.3412436653666,5014.859737737148,1730330166.207016
-1083.590219448831,5014.569165059229,1730330166.2110777
-1066.7146523850745,5040.676002583027,1730330166.2149332
-1138.620214297797,5052.388316677609,1730330166.219443
-1155.361670894822,5029.656592566561,1730330166.2229593
-1082.8302601373507,5005.270839365821,1730330166.2271483
-1041.948919528594,5023.711028541449,1730330166.2302113
-1111.395789551233,5044.788723562804,1730330166.234058
-1164.8611622883277,5012.691618524983,1730330166.2389555
-1099.6387719677416,5012.222231891422,1730330166.2435172
-1055.7846493464292,5043.112342728656,1730330166.2472036
-1110.7028854731186,5038.619642093139,1730330166.2505777
-1164.3247204214,5016.245545893377,1730330166.2542837
-1119.8671006997945,5013.093949925179,1730330166.2587116
-1068.3463297303117,5023.845139008181,1730330166.262524
-1103.5503272474202,5004.42147307652,1730330166.2676532
-1162.6483395872522,5008.131862656101,1730330166.271671
-1132.160560150213,4985.131917611589,1730330166.2751696
-1059.1597627591805,5002.745092242371,1730330166.2786083
-1078.3599112462891,5061.194903993,1730330166.2820754
-1156.881589517783,5030.416551878042,1730330166.28628
-1161.3742901532996,4974.224266317399,1730330166.2899833
-1078.270504268468,4990.496336280863,1730330166.2951653
-1075.6553501671972,5025.521519842329,1730330166.2991977
-1145.951586479138,5025.543871586785,1730330166.3034763
-1151.9195022487047,4980.169830342511,1730330166.306044
-1082.919667115172,5012.713970269439,1730330166.3104377
-1073.5766379328536,5034.305755413265,1730330166.3140187
-1132.428781083677,5035.535101358307,1730330166.3183775
-1161.5307523644867,4985.713062967428,1730330166.3230522
-1104.5785074923645,4971.206780815934,1730330166.3271785
-1068.7039576415966,5013.026894691813,1730330166.3310864
-1132.697002017141,5023.5769180747175,1730330166.334304
-1168.6609588457295,4991.256295592344,1730330166.3386376
-1107.6183447382862,4956.07464981969,1730330166.3427129
-1059.8303150928398,4961.8190481447045,1730330166.3464732
-1108.5124145164984,4992.016254903824,1730330166.350557
-1169.6444356017632,4989.311693824732,1730330166.3552363
-1128.137246148258,4985.824821689704,1730330166.359208
-1056.2987394689012,4998.364150329131,1730330166.3625083
-1075.9235711006609,4991.457461292442,1730330166.3663926
-1152.3441853933557,4989.848135691659,1730330166.3704996
-1127.1314176477692,4989.781080458293,1730330166.3740847
-1048.2297597205354,5008.310676611743,1730330166.3785808
-1075.364777489278,4986.294208323266,1730330166.3837645
-1151.204246426135,4966.669376691506,1730330166.3868678
-1139.402525353733,4958.645100432051,1730330166.3901172
-1059.8303150928398,4976.146516340556,1730330166.394242
-1072.7943268769177,5016.938449971492,1730330166.3982053
-1147.046821957448,4971.385594771576,1730330166.4027796
-1155.3840226392774,4952.565425940207,1730330166.4061153
-1088.0605683398926,4950.911396850514,1730330166.4117217
-1067.9887018190268,4964.121277823601,1730330166.4142728
-1138.8437317423502,4974.939522139969,1730330166.418692
-1165.107031477336,4954.353565496632,1730330166.4221487
-1098.6329434672527,4952.163094540012,1730330166.4269085
-1065.2617889954793,4978.716966952917,1730330166.4305031
-1114.1003506303252,4991.41275780353,1730330166.4343376
-1167.0516332449477,4968.301054036743,1730330166.439302
-1116.335525075856,4938.036792044258,1730330166.4427893
-1050.0849545103258,4953.1689230405,1730330166.446928
-1099.16938533418,4986.98711240138,1730330166.4508054
-1164.65999658823,4964.322443523699,1730330166.4541905
-1131.042972927448,4939.847283345137,1730330166.458823
-1070.8944285982168,4945.524626436785,1730330166.4625132
-1094.9002021432166,4982.159135599034,1730330166.467425
-1169.264455946023,4968.211647058922,1730330166.470883
-1144.2305021560792,4953.235978273867,1730330166.4732387
-1060.076184281848,4962.489600478363,1730330166.4786303
-1073.755451888496,4996.128975883601,1730330166.482272
-1157.730955807085,4979.812202431226,1730330166.4869568
-1143.850522500339,4965.350623768642,1730330166.4904487
-1069.6650826531747,4973.687824450472,1730330166.4954543
-1058.3774517032448,4996.285438094787,1730330166.4982567
-1126.7290862475738,4999.057054407246,1730330166.5018036
-1145.2810341454783,4970.111545337623,1730330166.5062616
-1080.0809955693478,4960.924978366492,1730330166.5108616
-1064.1665535171692,4986.361263556632,1730330166.5143647
-1126.5726240363863,4997.604191017651,1730330166.5189164
-1160.234351186079,4964.009519101324,1730330166.5224333
-1101.1810423351578,4933.655850131017,1730330166.5253768
-1065.0382715509263,4973.531362239285,1730330166.5298967
-1116.9390221761491,5007.818938233726,1730330166.533978
-1158.46856337411,4979.007539630836,1730330166.5385845
-1110.3899610507442,4919.060161001702,1730330166.542688
-1060.3220534708564,4953.951234096437,1730330166.5469189
-1101.4045597797108,4995.190202616478,1730330166.5505588
-1163.5424093654644,4967.3399290251655,1730330166.5539167
-1135.490970074054,4929.431370428964,1730330166.5576825
-1062.110193027281,4938.997917055835,1730330166.5629497
-1091.6815509416522,4980.706272209439,1730330166.5670972
-1159.2061709411348,4972.279664549788,1730330166.5706155
-1145.5492550789422,4942.618899657596,1730330166.5747468
-1075.431832722644,4954.845303874648,1730330166.5777824
-1081.0644723253813,4956.052298075235,1730330166.5814383
-1147.56091207992,4975.274798306799,1730330166.585389
-1144.1857986671685,4976.168868085011,1730330166.5894625
-1078.78459439094,4930.750123351828,1730330166.5950613
-1072.7049198990965,4970.8044494157375,1730330166.5984423
-1140.3189468764003,4982.516763510319,1730330166.6025572
-1164.682348332685,4947.31276599321,1730330166.6054463
-1099.527013245465,4950.531417194774,1730330166.6099367
-1059.942073815116,4991.949199670458,1730330166.6137629
-1127.17612113668,5002.231002119899,1730330166.6178544
-1171.0972989913582,4970.625635460096,1730330166.6224875
-1113.206280852113,4957.527513209286,1730330166.6272085
-1050.3084719548788,5007.595420789173,1730330166.6299975
-1092.016827108482,5016.245545893377,1730330166.633898
-1151.0254324704924,4997.22421136191,1730330166.6378355
-1117.073132642881,4987.501202523852,1730330166.6421404
-1057.5057336694877,4962.377841756087,1730330166.6456888
-1088.7758241624624,4989.445804291464,1730330166.6507175
-1152.7688685380065,5012.266935380332,1730330166.654712
-1128.2937083594452,4977.711138452428,1730330166.6577349
-1073.4201757216665,4968.099888336646,1730330166.661669
-1087.6135334507865,5006.99192368888,1730330166.6656313
-1153.8641040163166,5001.046359663768,1730330166.670155
-1134.395734595744,4996.46425205043,1730330166.673618
-1065.5523616733983,4997.693597995472,1730330166.6792097
-1082.3385217593338,5013.138653414089,1730330166.6828408
-1150.1537144367355,5009.092987667678,1730330166.68564
-1146.5103800905206,4983.8355164331815,1730330166.6896544
-1083.7913851489288,4973.777231428294,1730330166.6939633
-1075.4765362115547,4986.160097856534,1730330166.6975863
-1131.7135252611072,5035.848025780681,1730330166.7020848
-1160.6366825862744,5015.530290070808,1730330166.705657
-1097.6718184556746,4978.694615208461,1730330166.7110548
-1064.7924023619178,5006.969571944424,1730330166.7136416
-1123.398676323733,5014.613868548139,1730330166.717766
-1167.4763163895984,4984.46136527793,1730330166.7218082
-1112.0663418848924,4980.41569953152,1730330166.7257063
-1062.5125244274766,4999.70525499645,1730330166.7300785
-1112.4239697961773,5031.355325145165,1730330166.7336824
-1168.236275701079,5017.787816260793,1730330166.7406273
-1126.170292636191,4977.599379730151,1730330166.7432196
-1063.2501319945018,5003.03566492029,1730330166.7456956
-1098.2976673004232,5022.012295962846,1730330166.7535548
-1174.13713623728,5013.339819114187,1730330166.7538695
-1141.1906649101577,4991.680978736995,1730330166.7681596
-1062.691338383119,4983.991978644369,1730330166.768186
-1081.3773967477557,5017.698409282972,1730330166.7681954
-1142.5988248108415,5027.108493698656,1730330166.769748
-1136.5191503189983,5006.678999266505,1730330166.773764
-1066.3123209848786,4989.579914758196,1730330166.778671
-1068.1675157746693,5018.570127316729,1730330166.781994
-1144.9681097231044,5046.487456141407,1730330166.786409
-1156.970996495604,5022.973420974425,1730330166.790773
-1078.046986823915,4993.290304337776,1730330166.7937708
-1066.9605215740826,4992.217420603922,1730330166.7968476
-1135.0662869294033,5026.840272765193,1730330166.8017805
-1164.6376448437743,5008.444787078475,1730330166.805728
-1101.8739464132725,4979.499278008852,1730330166.809782
-1062.7807453609405,5005.717874254928,1730330166.813687
-1110.1217401172803,5030.930642000513,1730330166.820748
-1155.1158017058135,5017.988981960891,1730330166.8234155
-1120.7388187335514,4972.279664549788,1730330166.824829
-1061.9090273271831,4974.5595424842295,1730330166.833854
-1103.595030736331,4988.216458346422,1730330166.8338785
-1165.1293832217912,4999.951124185458,1730330166.8434143
-1127.2431763700458,4982.405004788042,1730330166.8434312
-1062.847800594306,4990.384577558587,1730330166.8459363
-1091.1898125636355,5022.504034340863,1730330166.8518202
-1161.150772708747,4990.921019425514,1730330166.8527892
-1138.2849381309677,4975.811240173726,1730330166.8569715
-1065.373547717756,5014.904441226058,1730330166.8619237
-1079.5222019579653,5049.795514320793,1730330166.865842
-1151.8077435264283,4996.754824728349,1730330166.8698382
-1139.7378015205625,4977.398214030053,1730330166.8729427
-1081.8020798924065,4978.001711130347,1730330166.8768363
-1073.5989896773087,5003.840327720682,1730330166.8829267
-1145.8845312457718,5024.873319253125,1730330166.8849134
-1156.2780924174897,4998.386502073587,1730330166.8898804
-1087.7699956619736,4984.953103655947,1730330166.8970387
-1064.4124227061775,5025.409761120053,1730330166.8985417
-1121.3646675783,5030.774179789327,1730330166.910797
-1156.1216302063026,5033.121112957134,1730330166.9108143
-1102.2539260690126,4999.995827674369,1730330166.9108207
-1058.7797831034402,4976.9064756520365,1730330166.9129877
-1109.0265046389704,5006.500185310863,1730330166.92109
-1159.4520401301434,4995.816051461226,1730330166.9219244
-1115.463807042099,4973.330196539187,1730330166.926236
-1058.3103964698787,4987.501202523852,1730330166.9295657
-1102.5444987469314,5023.532214585807,1730330166.9335616
-1173.04190075897,5021.095874440179,1730330166.9373207
-1128.5172258039984,4982.561466999229,1730330166.9410665
-1049.1014777542923,4975.74418494036,1730330166.9461164
-1087.50177472851,5005.293191110277,1730330166.9506674
-1162.8271535428946,5003.460348064941,1730330166.9542408
-1144.1857986671685,4993.603228760151,1730330166.957162
-1069.463916953077,5004.644990521073,1730330166.9612544
-1072.816678621373,5027.667287310039,1730330166.9651473
-1150.8019150259397,5001.336932341687,1730330166.969278
-1151.4724673595986,4979.7227954534055,1730330166.9730196
-1077.7340624015403,5002.387464331086,1730330166.9782038
-1066.2452657515128,5010.411740590542,1730330166.9822245
-1137.7708480084957,5020.112397684145,1730330166.9852622
-1155.8310575283836,5015.306772626254,1730330166.989135
-1097.1353765887472,4997.872411951114,1730330166.9938428
-1068.8604198527837,4987.657664735039,1730330166.9971375
-1118.5483477769317,4991.949199670458,1730330167.0014367
-1166.5151913780203,5004.689694009983,1730330167.0062137
-1106.9701441490822,5011.104644668656,1730330167.0093095
-1070.7379663870297,5024.180415175011,1730330167.0128012
-1121.074094900381,5029.924813500025,1730330167.0176768
-1182.1837642411906,5000.554621285752,1730330167.021684
-1127.623156025786,4972.234961060877,1730330167.0252955
-1058.332748214334,4990.205763602944,1730330167.0293045
-1094.9225538876717,5048.208540464466,1730330167.0343254
-1153.618234827308,5049.192017220499,1730330167.037284
-1121.074094900381,5019.017162205835,1730330167.0402665
-1056.0305185354375,5013.809205747749,1730330167.0453763
-1076.4600129675882,5011.909307469047,1730330167.0494008
-1147.5385603354646,5026.773217531827,1730330167.0534215
-1138.46375208661,5015.172662159523,1730330167.057413
-1069.2180477640686,5019.7547697728605,1730330167.061414
-1072.079071054348,5026.102665198167,1730330167.0653036
-1149.8631417588165,5037.166778703544,1730330167.0684476
-1146.5997870683418,5034.529272857818,1730330167.073178
-1069.4415652086218,5035.468046124941,1730330167.077377
-1067.4522599520994,5028.829578021715,1730330167.0812385
-1137.9049584752272,5037.5467583592845,1730330167.0853744
-1164.65999658823,5011.4846243243965,1730330167.090362
-1097.5824114778534,5004.376769587609,1730330167.0933812
-1064.7029953840963,5034.909252513558,1730330167.0964067
-1127.55610079242,5070.984968064424,1730330167.1003776
-1163.2741884320008,5024.113359941645,1730330167.1051931
-1100.622248723775,5002.387464331086,1730330167.109434
-1050.5766928883424,5035.311583913754,1730330167.1134458
-1112.0886936293475,5054.534084145318,1730330167.1173997
-1170.0467670019589,5039.6031188491725,1730330167.1214004
-1125.723257747085,5013.473929580919,1730330167.1245236
-1062.2219517495575,5026.952031487469,1730330167.128454
-1091.2792195414568,5041.413610150053,1730330167.1334913
-1170.3820431687884,5034.819845535737,1730330167.1374831
-1146.912711490716,5016.111435426645,1730330167.1414828
-1064.5465331729094,5019.553604072762,1730330167.1443934
-1075.9235711006609,5048.767334075848,1730330167.1484473
-1158.8932465187606,5050.66723235455,1730330167.1524756
-1142.3082521329227,5039.111380471156,1730330167.156427
-1066.78170761844,5058.8479708251925,1730330167.1614895
-1068.1675157746693,5095.77305266536,1730330167.1655204
-1140.7883335099618,5062.133677260123,1730330167.1695075
-1140.944795721149,5013.943316214481,1730330167.1723485
-1073.6436931662197,5018.301906383265,1730330167.176502
-1052.0072045334823,5060.591406892706,1730330167.180369
-1127.7572664925178,5091.526221218851,1730330167.184354
-1153.1264964492914,5066.604026151184,1730330167.1893492
-1094.140242831736,5050.309604443265,1730330167.193539
-1053.5047714119878,5066.827543595737,1730330167.1973622
-1112.7592459630068,5096.667122443571,1730330167.2004805
-1160.9943104975594,5077.556380934284,1730330167.204534
-1110.9040511732164,5079.724500146449,1730330167.2086384
-1055.9411115576163,5078.897485601603,1730330167.2125945
-1095.8389754103391,5056.590444635206,1730330167.2174628
-1165.7105285776292,5063.027747038334,1730330167.2214687
-1128.494874059543,5051.002508521379,1730330167.2255704
-1056.857533080284,5063.564188905262,1730330167.2285893
-1082.852611881806,5101.070416101267,1730330167.232586
-1157.5521418514422,5074.449488454997,1730330167.2366056
-1144.6104818118197,5042.397086906086,1730330167.2405217
-1059.562094159376,5069.420345952552,1730330167.24459
-1067.6534256521973,5103.171480080066,1730330167.2495785
-1143.0235079554925,5119.912936677091,1730330167.252554
-1148.119705691303,5036.205653691966,1730330167.2565737
-1076.2588472674904,5027.823749521226,1730330167.2606184
-1069.7321378865406,5084.060738570779,1730330167.2648275
-1144.65518530073,5108.737064449438,1730330167.2689354
-1162.84950528735,5076.416441967063,1730330167.2724507
-1089.3569695183005,5059.295005714298,1730330167.277811
-1060.5008674264989,5071.208485508977,1730330167.2806032
-1129.9700891935931,5103.596163224717,1730330167.2851477
-1168.3480344233556,5089.402805495597,1730330167.2885585
-1095.88367889925,5066.089936028711,1730330167.293172
-1057.3939749472113,5077.891657101114,1730330167.2969651
-1100.1305103457582,5089.693378173516,1730330167.3008726
-1161.4189936422104,5086.877058372147,1730330167.3056328
-1106.6125162377973,5069.62151165265,1730330167.3087893
-1044.3182044408566,5077.489325700918,1730330167.3130493
-1082.0926525703255,5107.597125482217,1730330167.3169465
-1152.7688685380065,5091.950904363502,1730330167.3211117
-1123.7786559794731,5054.377621934131,1730330167.3249547
-1058.8691900812614,5073.309549487776,1730330167.3290627
-1084.0372543379372,5105.831337670247,1730330167.333977
-1153.2159034271126,5084.373662993153,1730330167.336985
-1138.351993364333,5071.677872142538,1730330167.3408096
-1065.1947337621134,5084.328959504242,1730330167.3451743
-1066.267617495968,5107.150090593111,1730330167.3486776
-1147.203284168635,5089.335750262231,1730330167.3529289
-1146.9350632351714,5058.467991169452,1730330167.3580568
-1082.4502804816104,5074.851819855192,1730330167.361065
-1056.8351813358286,5110.704017961504,1730330167.3638043
-1125.589147280353,5103.886735902636,1730330167.3681438
-1160.591979097364,5075.187096022021,1730330167.3728044
-1091.0333503524485,5078.741023390416,1730330167.3772888
-1059.785611603929,5109.9217069055685,1730330167.3807273
-1118.0566093989146,5101.182174823543,1730330167.3852477
-1151.6959848041515,5093.359064264187,1730330167.3887737
-1097.5824114778534,5087.257038027888,1730330167.3922713
-1054.5553034013872,5073.24249425441,1730330167.3958995
-1108.4230075386772,5105.160785336589,1730330167.4007816
-1164.3470721658557,5096.622418954661,1730330167.4051175
-1119.0624378994034,5068.5933314077065,1730330167.4090583
-1051.1354864997252,5072.19196226501,1730330167.4127529
-1089.2452107960237,5113.945020907524,1730330167.4168258
-1160.100240719347,5109.429968527552,1730330167.4201694
-1133.3452026063446,5070.806154108782,1730330167.423843
-1063.607759905787,5087.43585198353,1730330167.429163
-1085.110138071792,5113.363875551686,1730330167.4330933
-1147.9632434801154,5112.872137173669,1730330167.4372916
-1143.783467266973,5103.350294035708,1730330167.4409938
-1068.7933646194178,5105.473709758962,1730330167.4448304
-1039.7808003164291,5137.928442708068,1730330167.4491358
-1116.3802285647666,5140.409486342608,1730330167.453406
-1152.143019693258,5075.947055333502,1730330167.455893
-1075.5435914449206,5083.0325583258345,1730330167.4601784
-1046.3745649307448,5130.39590482663,1730330167.4638724
-1115.7990832089286,5156.189817928054,1730330167.4681544
-1150.46663885911,5108.9829336384455,1730330167.471933
-1087.1217950727696,5096.622418954661,1730330167.4775383
-1050.4425824216107,5130.127683893166,1730330167.4809735
-1109.8088156949063,5144.455152089018,1730330167.484105
-1155.138153450269,5112.53686100684,1730330167.488256
-1103.2821063139563,5089.6710264290605,1730330167.4919248
-1051.82839057784,5123.7127332344935,1730330167.4960244
-1094.9225538876717,5135.648564773627,1730330167.5011227
-1158.6920808186628,5125.545576279828,1730330167.505024
-1119.3306588328671,5120.807006455303,1730330167.5091217
-1053.5494749008983,5109.899355161114,1730330167.5122476
-1085.624228194264,5151.093620192244,1730330167.5160704
-1157.6415488292637,5137.168483396588,1730330167.5202162
-1137.5026270750318,5097.0023986104015,1730330167.5242257
-1053.6835853676305,5124.338582079242,1730330167.5281038
-1056.4775534245437,5148.746687024437,1730330167.532961
-1143.0682114444032,5118.325962820764,1730330167.537199
-1145.2810341454783,5078.606912923684,1730330167.5400343
-1066.4464314516106,5091.414462496575,1730330167.5441177
-1055.1364487572253,5128.294840847831,1730330167.5480013
-1139.782505009473,5136.6320415296605,1730330167.552523
-1160.6143308418193,5101.383340523642,1730330167.5560012
-1074.3142454998786,5086.72059616096,1730330167.5615897
-1045.793419574907,5124.718561734982,1730330167.5641105
-1107.9983243940264,5145.706849778516,1730330167.5684934
-1139.7378015205625,5110.6816662170495,1730330167.571999
-1087.3453125173228,5085.468898471463,1730330167.5764587
-1049.5485126433985,5114.257945329899,1730330167.580149
-1107.8642139272945,5139.314250864298,1730330167.5842931
-1151.5618743374198,5104.780805680848,1730330167.5890875
-1105.8972604152275,5088.061700828279,1730330167.5922408
-1046.7768963309404,5118.43772154304,1730330167.596012
-1086.652408439208,5127.423122814074,1730330167.6007197
-1147.9632434801154,5108.468843515974,1730330167.6042652
-1116.0226006534815,5074.471840199451,1730330167.608624
-1049.5485126433985,5084.261904270877,1730330167.6120875
-1072.8613821102838,5093.58258170874,1730330167.6172376
-1152.590054582364,5083.345482748209,1730330167.6206849
-1137.524978819487,5079.4562792129855,1730330167.6241205
-1059.852666837295,5097.047102099312,1730330167.6280515
-1066.692300640619,5125.389114068641,1730330167.632156
-1142.2635486440122,5084.440718226519,1730330167.6367695
-1137.7261445195848,5079.612741424173,1730330167.6402445
-1071.4532222095993,5083.2113722814765,1730330167.645296
-1057.1257540137476,5101.964485879479,1730330167.64825
-1126.2596996140123,5114.593221496728,1730330167.6524265
-1150.7348597925736,5093.873154386658,1730330167.6561177
-1086.227725294557,5089.313398517776,1730330167.6601388
-1050.6213963772532,5110.502852261407,1730330167.664224
-1116.626097753775,5119.644715743628,1730330167.6685677
-1165.263493688523,5094.990741609424,1730330167.672219
-1098.2753155559678,5079.277465257343,1730330167.6753547
-1034.9081200251724,5094.499003231407,1730330167.6796706
-1094.4755189985656,5122.34927682272,1730330167.684369
-1149.03612721397,5103.126776591155,1730330167.688467
-1105.0031906370152,5065.374680206141,1730330167.69228
-1036.8974252816947,5082.049081569801,1730330167.6966555
-1083.0984810708144,5110.0558173723,1730330167.7007313
-1148.075002202392,5109.653485972105,1730330167.703832
-1114.4803302860655,5078.450450712497,1730330167.707312
-1043.8041143183846,5101.539802734828,1730330167.7127888
-1067.564018674376,5137.280242118864,1730330167.7166388
-1145.0575167009256,5131.982878682957,1730330167.7206273
-1135.8933014742497,5080.663273413572,1730330167.7242656
-1061.1267162712477,5080.8644391136695,1730330167.7284312
-1060.165591259669,5102.992666124424,1730330167.731213
-1126.6620310142075,5120.20350935501,1730330167.7354257
-1139.8719119872942,5086.608837438684,1730330167.7403111
-1069.5756756753535,5082.697282159005,1730330167.74446
-1052.9012743116946,5105.071378358767,1730330167.7484365
-1121.8564059563168,5103.81968066927,1730330167.7527063
-1153.7299935495846,5109.832299927748,1730330167.75529
-1082.7408531595297,5126.35023908022,1730330167.7598548
-1043.2453207070018,5113.118006362678,1730330167.763294
-1102.365684791289,5122.751608222915,1730330167.7673445
-1155.56283659492,5100.310456789787,1730330167.772304
-1105.3161150593896,5066.738136617915,1730330167.7762663
-1052.4095359336775,5105.429006270052,1730330167.7803757
-1100.3540277903114,5119.354143065709,1730330167.783543
-1155.7640022950177,5104.087901602734,1730330167.7874491
-1098.141205089236,5086.497078716407,1730330167.7915237
-1049.6155678767643,5091.615628196672,1730330167.7953682
-1080.572733947365,5117.521300020373,1730330167.8005412
-1144.811647511917,5122.192814611532,1730330167.804486
-1118.3471820768336,5108.848823171714,1730330167.8075547
-1046.240454464013,5103.506756246896,1730330167.8115542
-1071.0285390649483,5095.862459643181,1730330167.8153615
-1137.4355718416657,5096.689474188027,1730330167.819471
-1122.6387170122523,5069.442697697008,1730330167.8234272
-1045.1005154967922,5078.159878034578,1730330167.8274083
-1041.479532895033,5127.579585025262,1730330167.8325548
-1121.3870193227554,5124.87502394617,1730330167.8354366
-1151.8971505042496,5093.873154386658,1730330167.8394878
-1080.304513013901,5075.008282066379,1730330167.843608
-1040.2501869499906,5121.119930877678,1730330167.8473797
-1109.9652779060934,5155.899245250135,1730330167.8517551
-1151.6959848041515,5076.997587322901,1730330167.856484
-1088.0605683398926,5066.33580521772,1730330167.860724
-1042.1053817397813,5112.000419139912,1730330167.8634164
-1103.9303069031605,5123.355105323209,1730330167.8677237
-1150.3995836257438,5106.524241748362,1730330167.8714752
-1093.849670153817,5111.240459828432,1730330167.8755655
-1035.533968869921,5115.666105230583,1730330167.8798208
-1078.6057804352977,5122.103407633711,1730330167.8834827
-1140.877740487783,5116.4931197754295,1730330167.8884888
-1114.4356267971548,5085.155974049088,1730330167.8916297
-1047.2239312200466,5086.139450805122,1730330167.8955393
-1073.978969333049,5114.1461866076215,1730330167.8997667
-1150.4442871146546,5098.790538166826,1730330167.90347
-1122.5493100344313,5064.90529357258,1730330167.907567
-1052.5212946559543,5091.503869474396,1730330167.9126809
-1067.2063907630911,5113.565041251783,1730330167.9156432
-1136.9214817191937,5123.44451230103,1730330167.9186082
-1134.2616241290125,5092.979084608446,1730330167.9265864
-1068.435736708133,5064.011223794369,1730330167.9308038
-1052.9236260561495,5106.01015162589,1730330167.9320097
-1130.8641589718056,5094.275485786854,1730330167.9363031
-1144.141095178258,5062.804229593781,1730330167.9400332
-1061.2831784824346,5064.212389494466,1730330167.948161
-1034.9751752585382,5095.460128242985,1730330167.948197
-1106.3889987932444,5114.325000563264,1730330167.9505749
-1143.0905631888586,5111.195756339522,1730330167.9618587
-1082.0255973369597,5073.443659954508,1730330167.9618745
-1034.6846025806192,5086.00534033839,1730330167.9636123
-1086.495946228021,5125.165596624088,1730330167.9676485
-1140.2965951319452,5099.0587591002895,1730330167.9716372
-1096.26365855499,5068.347462218698,1730330167.9750135
-1040.4513526500884,5105.96544813698,1730330167.978603
-1081.8020798924065,5114.101483118711,1730330167.9837682
-1143.93992947816,5085.200677538,1730330167.9876308
-1110.3899610507442,5066.067584284257,1730330167.9916296
-1038.953785771583,5083.189020537022,1730330167.9955847
-1069.68743439763,5102.456224257497,1730330167.9996371
-1145.0575167009256,5115.487291274941,1730330168.0026314
-1123.5551385349202,5083.524296703851,1730330168.0066392
-1046.6427858642085,5060.457296425974,1730330168.0116467
-1062.4231174496554,5106.613648726184,1730330168.0162456
-1133.0546299284256,5121.857538444703,1730330168.020403
-1129.9030339602273,5087.86053512818,1730330168.0227056
-1059.7409081150186,5061.060793526268,1730330168.026822
-1050.1520097436917,5086.877058372147,1730330168.0352454
-1126.7290862475738,5124.718561734982,1730330168.035272
-1146.1751039236908,5079.791555379815,1730330168.047338
-1078.561076946387,5053.818828322748,1730330168.0473566
-1047.045117264404,5099.48344224494,1730330168.048217
-1105.3384668038448,5103.238535313432,1730330168.0507784
-1155.7863540394728,5077.198753022999,1730330168.0548964
-1092.039178852937,5058.803267336281,1730330168.0593228
-1036.405686903678,5085.401843238097,1730330168.0627763
-1090.4969084855209,5107.977105137958,1730330168.066862
-1146.5997870683418,5091.995607852413,1730330168.0718136
-1100.2646208124902,5093.62728519765,1730330168.0757363
-1037.500922381988,5104.400826025108,1730330168.0787172
-1078.985760091038,5099.572849222762,1730330168.0827577
-1138.4861038310653,5090.699206674005,1730330168.0867374
-1107.8642139272945,5082.831392625737,1730330168.090774
-1037.9032537821834,5087.011168838879,1730330168.0958807
-1048.2521114649903,5107.686532460039,1730330168.0998158
-1133.9934031955486,5110.72636970596,1730330168.103784
-1122.6834205011633,5084.865401371169,1730330168.1069765
-1041.077201494837,5095.728349176449,1730330168.1108348
-1056.4104981911778,5111.44162552853,1730330168.1149375
-1135.7368392630624,5072.594293665206,1730330168.1189632
-1134.9545282071267,5065.57584590624,1730330168.122916
-1057.818658091862,5082.809040881281,1730330168.1279736
-1043.8711695517504,5092.86732588617,1730330168.1324885
-1118.2130716101017,5104.378474280653,1730330168.1350818
-1139.4695805870988,5092.554401463795,1730330168.1389515
-1078.1140420572808,5075.030633810835,1730330168.1436012
-1040.8313323058287,5078.115174545667,1730330168.1470015
-1103.215051080591,5107.328904548754,1730330168.1512454
-1147.6056155688304,5095.81775615427,1730330168.1560817
-1083.0090740929932,5068.950959318991,1730330168.1592357
-1046.6651376086638,5076.818773367259,1730330168.162284
-1092.1509375752137,5104.423177769563,1730330168.167173
-1148.7455545360513,5080.573866435751,1730330168.1711898
-1100.175213834669,5062.29013947131,1730330168.1751227
-1044.1840939741248,5079.970369335458,1730330168.179175
-1085.3560072608004,5105.652523714605,1730330168.184059
-1141.9282724771824,5116.448416286518,1730330168.1871312
-1117.0060774095152,5100.355160278697,1730330168.1901877
-1055.6058353907868,5110.525204005862,1730330168.195154
-1060.8137918488733,5097.874116644159,1730330168.1990683
-1125.1421123912469,5075.43296521103,1730330168.203354
-1129.254833371023,5067.989834307413,1730330168.2070887
-1055.9411115576163,5093.202602052999,1730330168.2115924
-1045.011108518971,5097.315323032775,1730330168.215067
-1123.1528071347243,5103.998494624912,1730330168.218249
-1130.0371444269592,5086.094747316211,1730330168.2231553
-1051.3590039442784,5092.710863674983,1730330168.2276807
-1039.4902276385103,5086.206506038488,1730330168.23113
-1108.5347662609538,5104.490233002929,1730330168.2352376
-1142.5541213219312,5096.063625343279,1730330168.239154
-1081.1315275587474,5070.537933175317,1730330168.2434504
-1041.7924573174068,5091.794442152315,1730330168.2462456
-1097.0683213553812,5113.654448229605,1730330168.251246
-1151.8077435264283,5086.184154294033,1730330168.255044
-1091.8603648972946,5072.7060523874825,1730330168.2593508
-1033.2540909354796,5100.846898656714,1730330168.2631984
-1063.8759808392504,5126.77492222487,1730330168.2662573
-1131.7135252611072,5105.831337670247,1730330168.2702713
-1107.2607168270013,5068.012186051868,1730330168.2742076
-1033.7011258245857,5072.773107620848,1730330168.2793803
-1066.2229140070574,5114.280297074353,1730330168.2832656
-1146.264510901512,5106.859517915192,1730330168.2873025
-1124.0245251684817,5063.363023205165,1730330168.291288
-1055.11409701277,5076.237628011421,1730330168.294122
-1057.885713325228,5130.552367037817,1730330168.298355
-1131.110028160814,5115.666105230583,1730330168.302354
-1144.0293364559814,5068.950959318991,1730330168.3061624
-1060.9926058045155,5084.775994393349,1730330168.3113935
-1049.9955475325046,5112.693323218027,1730330168.3153589
-1121.6775920006744,5098.857593400192,1730330168.3193176
-1136.1615224077134,5067.676909885038,1730330168.3221748
-1072.6155129212752,5083.189020537022,1730330168.3263233
-1052.0742597668482,5115.286125574842,1730330168.330256
-1105.785501692951,5120.270564588376,1730330168.3342354
-1131.0653246719032,5103.842032413725,1730330168.3392816
-1079.0528153244038,5079.143354790611,1730330168.3437412
-1028.0908379663038,5068.280406985332,1730330168.3473415
-1078.7398909020294,5113.050951129312,1730330168.350314
-1142.5541213219312,5101.718616690471,1730330168.354699
-1089.133452073747,5071.633168653628,1730330168.358503
-1025.4756838650328,5102.031541112846,1730330168.3625169
-1080.818603136373,5129.121855392677,1730330168.3674407
-1149.6172725698082,5101.092767845723,1730330168.3714082
-1102.008056880004,5062.871284827147,1730330168.3754966
-1031.5777101013316,5098.477613744451,1730330168.378483
-1061.6184546492643,5140.901224720625,1730330168.3824008
-1129.3665920933,5103.909087647091,1730330168.3864615
-1123.9574699351156,5062.245435982399,1730330168.3903236
-1060.0538325373927,5079.210410023977,1730330168.3945675
-1058.824486592351,5114.548518007818,1730330168.39951
-1123.7786559794731,5103.037369613334,1730330168.4035633
-1127.3549350923224,5082.362005992175,1730330168.4063003
-1048.7662015874628,5095.840107898725,1730330168.4105575
-1047.7827248314293,5100.422215512063,1730330168.4143746
-1123.2198623680906,5111.955715651002,1730330168.4185348
-1142.9341009776713,5095.840107898725,1730330168.4223783
-1081.4221002366662,5111.307515061798,1730330168.4283469
-1041.1889602171136,5143.762248010904,1730330168.4314723
-1099.16938533418,5114.1461866076215,1730330168.4354784
-1146.7786010239845,5091.302703774298,1730330168.4384468
-1090.854536396806,5088.799308395303,1730330168.4429023
-1041.568939872854,5108.692360960527,1730330168.446358
-1090.4969084855209,5130.977050182468,1730330168.450699
-1137.9273102196826,5128.1607303811,1730330168.455439
-1095.593106221331,5105.071378358767,1730330168.458829
-1031.5330066124209,5109.832299927748,1730330168.4629583
-1068.2792744969458,5124.271526845876,1730330168.466998
-1134.5074933180206,5102.635038213139,1730330168.4710686
-1101.4716150130766,5074.740061132916,1730330168.4747264
-1043.0218032624489,5110.234631327943,1730330168.4785445
-1057.013995291471,5141.169445654088,1730330168.4837947
-1119.17419662168,5135.737971751449,1730330168.4866629
-1116.849615198328,5111.463977272985,1730330168.493197
-1051.2919487109125,5116.269602330876,1730330168.4945884
-1050.464934166066,5145.5503875673285,1730330168.4985805
-1124.5386152909537,5133.212224627999,1730330168.502746
-1132.920519461694,5133.122817650177,1730330168.506803
-1061.9313790716385,5124.96443092399,1730330168.5096605
-1041.6806985951305,5123.802140212315,1730330168.5138624
-1113.139225618747,5125.165596624088,1730330168.5179615
-1146.242159157057,5104.780805680848,1730330168.522496
-1080.9080101141942,5084.440718226519,1730330168.526888
-1039.400820660689,5122.416332056086,1730330168.5315597
-1098.4764812560657,5152.635890559661,1730330168.5348964
-1151.6959848041515,5114.325000563264,1730330168.5384903
-1096.4871759995433,5104.579639980751,1730330168.5420833
-1037.5456258708984,5125.657335002105,1730330168.5456784
-1077.175268790158,5164.325852909787,1730330168.5507903
-1136.1615224077134,5149.573701569284,1730330168.5548775
-1102.2092225801018,5097.225916054955,1730330168.559122
-1032.8964630241946,5110.748721450415,1730330168.5629497
-1064.1665535171692,5143.15875091061,1730330168.5657425
-1138.1955311531462,5138.643698530638,1730330168.5698693
-1132.0264496834816,5099.908125389591,1730330168.5736542
-1054.8011725903957,5113.162709851588,1730330168.5788925
-1062.1772482606468,5150.177198669577,1730330168.5826836
-1139.3578218648222,5135.6932682625375,1730330168.5872984
-1125.879719958272,5092.308532274787,1730330168.590916
-1050.1520097436917,5108.424140027063,1730330168.594088
-1040.563111372365,5160.771925541392,1730330168.5976484
-1106.880737171261,5161.017794730401,1730330168.602384
-1133.211092139613,5116.090788375233,1730330168.6056807
-1063.6301116502418,5098.075282344256,1730330168.6110888
-1037.9256055266387,5145.438628845051,1730330168.6146653
-1095.8613271547947,5168.863257034213,1730330168.6188946
-1139.0896009313583,5128.741875736938,1730330168.6216335
-1084.1490130602135,5114.816738941281,1730330168.6257703
-1039.11024798277,5143.87400673318,1730330168.6296964
-1092.97795212006,5147.07030619029,1730330168.6351683
-1129.4112955822106,5122.639849500639,1730330168.6386952
-1088.0605683398926,5112.492157517929,1730330168.642959
-1043.0888584958147,5152.21120741501,1730330168.6456916
-1082.7408531595297,5176.26168444892,1730330168.6499972
-1142.531769577476,5141.817646243292,1730330168.653866
-1107.685399971652,5111.575735995261,1730330168.658059
-1036.0927624813037,5131.401733327119,1730330168.6619108
-1066.8040593628955,5157.30740515082,1730330168.666901
-1136.9661852081044,5155.474562105484,1730330168.670915
-1126.9526036921268,5165.711661066015,1730330168.6737804
-1053.460067923077,5133.279279861365,1730330168.6778097
-1051.6495766221974,5175.278207692887,1730330168.6818137
-1118.749513477029,5212.784434888892,1730330168.6859074
-1132.920519461694,5145.796256756336,1730330168.6897347
-1056.0528702798929,5115.82256744177,1730330168.694939
-1044.3629079297673,5154.513437093907,1730330168.6989954
-1120.0906181443474,5180.106184495233,1730330168.7021644
-1131.8252839833838,5158.156771440122,1730330168.7058592
-1063.8312773503396,5127.557233280806,1730330168.7097764
-1052.7001086115968,5150.020736458389,1730330168.7138505
-1104.5785074923645,5178.228637960987,1730330168.7183888
-1139.6930980316515,5160.995442985945,1730330168.7228072
-1081.69032117013,5145.7292015229705,1730330168.727566
-1039.3784689162335,5184.777699086392,1730330168.729882
-1089.2005073071132,5200.178051016099,1730330168.7340348
-1128.852501970828,5164.258797676421,1730330168.7382064
-1084.5513444604094,5154.111105693711,1730330168.7419913
-1031.9353380126165,5174.294730936853,1730330168.7459493
-1070.4473937091104,5180.955550784534,1730330168.751084
-1136.8767782302832,5194.612466646728,1730330168.7541945
-1107.2160133380908,5160.615463330205,1730330168.7581568
-1036.271576436946,5136.654393274116,1730330168.762168
-1061.1490680157028,5171.389004157663,1730330168.7660973
-1130.8865107162608,5175.591132115261,1730330168.770384
-1114.8379581973504,5157.665033062105,1730330168.7740977
-1041.725402084041,5150.825399258781,1730330168.7782178
-1048.430925420633,5157.6426813176495,1730330168.7820354
-1124.493911802043,5173.35595766973,1730330168.7850823
-1127.690211259152,5165.868123277202,1730330168.789915
-1057.662195880675,5161.464829619507,1730330168.7941327
-1049.1238294987477,5177.625140860694,1730330168.7979076
-1114.9944204085375,5159.54257959635,1730330168.8020525
-1132.3170223614004,5138.420181086085,1730330168.8070188
-1070.4026902202,5125.366762324186,1730330168.8101532
-1044.2958526964012,5149.528998080373,1730330168.81308
-1096.9342108886494,5158.648509818138,1730330168.818071
-1137.8602549863167,5162.403602886629,1730330168.821983
-1089.7369491740403,5145.930367223068,1730330168.8259304
-1041.3007189393902,5150.758344025415,1730330168.8299277
-1087.0994433283142,5183.794222330359,1730330168.8349752
-1141.7047550326297,5163.4541348760295,1730330168.8379493
-1101.7621876909957,5154.669899305093,1730330168.841169
-1040.5184078834543,5161.263663919409,1730330168.8462408
-1069.7991931199067,5194.45600443554,1730330168.8502123
-1136.2732811299898,5181.849620562747,1730330168.8542128
-1108.847690683328,5135.626213029172,1730330168.8581026
-1042.6418236067086,5153.306442893319,1730330168.8620725
-1060.724384871052,5193.293713723864,1730330168.8660548
-1124.8738914577832,5172.484239635974,1730330168.8691783
-1112.9380599186493,5145.282166633865,1730330168.8740308
-1040.3395939278118,5155.072230705289,1730330168.878184
-1040.4513526500884,5194.6795218800935,1730330168.882028
-1116.8943186872386,5218.0817983248,1730330168.8862765
-1126.9079002032165,5173.825344303292,1730330168.8892348
-1055.851704579795,5154.580492327273,1730330168.8932588
-1042.4853613955213,5163.7447075539485,1730330168.8971343
-1103.9303069031605,5183.9953880304565,1730330168.9012413
-1132.7640572505063,5179.703853095038,1730330168.9061496
-1071.564980931876,5160.146076696644,1730330168.9101284
-1034.528140369432,5177.222809460498,1730330168.914112
-1085.6465799387192,5213.969077345023,1730330168.9173524
-1133.4793130730764,5211.219812777021,1730330168.921363
-1092.1956410641244,5175.233504203976,1730330168.9253323
-1036.4503903925886,5176.418146660108,1730330168.9291923
-1075.0965565558145,5195.014798046923,1730330168.9342704
-1137.9049584752272,5183.838925819269,1730330168.9381025
-1104.8020249369174,5155.943948739046,1730330168.94227
-1040.8983875391946,5180.799088573348,1730330168.9453013
-1071.363815231778,5215.109016312244,1730330168.949121
-1142.3082521329227,5181.067309506811,1730330168.9533226
-1121.521129789487,5179.748556583948,1730330168.9573407
-1042.686527095619,5183.50364965244,1730330168.9614089
-1055.3823179462336,5209.0293418204,1730330168.966392
-1126.885548458761,5200.289809738375,1730330168.97036
-1127.2878798589563,5168.237408189465,1730330168.9732232
-1108.177138349669,6541.305070078978,1730330173.9841628
-1132.428781083677,6515.511156977554,1730330173.9880016
-1068.2792744969458,6493.360578222344,1730330173.992151
-1032.5164833684544,6510.414959241743,1730330173.9959395
-1092.1509375752137,6528.497520506087,1730330174.0009992
-1134.4404380846547,6506.391645239788,1730330174.005027
-1083.366702004278,6478.51901990402,1730330174.0080082
-1031.957689757072,6493.829964855906,1730330174.0120273
-1080.528030458454,6512.694837176185,1730330174.0162208
-1137.9049584752272,6495.506345690053,1730330174.0200064
-1095.1013678433142,6471.925255289705,1730330174.0241604
-1028.3590588997674,6487.61617989733,1730330174.0280733
-1058.332748214334,6515.332343021911,1730330174.0331466
-1124.7621327355066,6506.235183028601,1730330174.0362906
-1100.5104900014985,6478.451964670654,1730330174.0401452
-1029.722515311541,6481.871781572317,1730330174.0445848
-1045.9722335305494,6504.37998823881,1730330174.0482893
-1117.9672024210934,6499.462604458643,1730330174.052184
-1108.1324348607582,6475.523886147009,1730330174.056125
-1036.0927624813037,6473.646339612764,1730330174.0601935
-1035.7127828255634,6494.053482300459,1730330174.0632455
-1108.0653796273923,6499.283790503,1730330174.0682776
-1124.0468769129368,6466.717298831618,1730330174.0722766
-1056.9469400581052,6452.456885869132,1730330174.0760517
-1033.0082217464712,6480.396566438266,1730330174.0802665
-1104.4891005145432,6487.638531641785,1730330174.085294
-1132.6522985282302,6463.610406352331,1730330174.088276
-1067.0722802963592,6451.227539924091,1730330174.0911796
-1026.5262158544322,6475.657996613741,1730330174.095083
-1083.0314258374483,6497.450947457665,1730330174.1003268
-1133.6581270287188,6474.495705902065,1730330174.1041334
-1084.59604794932,6450.109952701325,1730330174.1082125
-1032.2929659239014,6468.348976176855,1730330174.112141
-1077.5105449569876,6494.2099445116455,1730330174.1162689
-1138.0837724308697,6479.61425538233,1730330174.1191552
-1099.661123712197,6454.915577759216,1730330174.1233296
-1039.0655444938595,6463.141019718769,1730330174.128127
-1066.5581901738872,6505.944610350682,1730330174.1323836
-1128.6289845262747,6512.136043564802,1730330174.1363847
-1115.5532140199202,6487.61617989733,1730330174.140416
-1046.821599819851,6504.447043472176,1730330174.1434147
-1037.4115154041667,6547.183578870724,1730330174.1473985
-1111.261679084501,6502.278924260012,1730330174.151426
-1116.5366907759535,6440.431647352177,1730330174.1563911
-1043.1559137291806,6443.963222976116,1730330174.160333
-1032.628242090731,6476.641473369775,1730330174.1643612
-1109.1829668501578,6485.313950218434,1730330174.1684449
-1126.2820513584677,6485.760985107539,1730330174.1713233
-1059.629149392742,6505.564630694942,1730330174.1754372
-1019.7089337955636,6531.090322862902,1730330174.1792333
-1083.947847360116,6483.749328106562,1730330174.183524
-1123.0410484124482,6470.561798877931,1730330174.188568
-1059.6067976482866,6481.983540294593,1730330174.1924827
-1024.2910414089015,6527.111712349858,1730330174.1952589
-1085.3783590052556,6547.9211864377485,1730330174.1993992
-1123.3092693459118,6500.133156792303,1730330174.2033088
-1072.1237745432586,6414.548327272932,1730330174.2074904
-1017.4067041166668,6455.630833581786,1730330174.2122889
-1061.7972686049068,6491.0359967989925,1730330174.2165768
-1123.8680629572943,6482.318816461422,1730330174.220337
-1088.239382295535,6481.737671105585,1730330174.223524
-1018.4572361060664,6489.694892131673,1730330174.2274797
-1052.498942911499,6500.624895170319,1730330174.2315252
-1123.979821679571,6510.437310986199,1730330174.235532
-1095.1013678433142,6489.851354342861,1730330174.2395358
-1029.7448670559963,6495.975732323615,1730330174.244476
-1038.596157860298,6526.664677460752,1730330174.248612
-1119.911804188705,6499.283790503,1730330174.2514846
-1112.8710046852834,6444.052629953937,1730330174.2555845
-1052.856570822784,6443.739705531562,1730330174.2595756
-1055.047041779404,6504.670560916729,1730330174.2635138
-1107.9536209051157,6560.281701121534,1730330174.267495
-1107.238365082546,6532.967869397148,1730330174.2725637
-1050.2861202104236,6500.200212025668,1730330174.2766206
-1020.7371140405075,6486.833868841394,1730330174.279627
-1084.014902593482,6464.6832900861855,1730330174.2835734
-1131.266490372001,6453.127438202791,1730330174.2875755
-1055.2035039905911,6470.003005266548,1730330174.291588
-1016.1326546827144,6491.393624710277,1730330174.2954178
-1070.2238762645577,6537.0582386324695,1730330174.300625
-1116.1790628646688,6513.097168576381,1730330174.3045013
-1059.8079633483844,6455.56377834842,1730330174.3077583
-1013.115169181248,6525.457683260165,1730330174.3113897
-1041.6359951062198,6621.525480929075,1730330174.3156743
-1097.045969610926,6515.600563955375,1730330174.319576
-1100.1305103457582,6415.643562751242,1730330174.3236403
-1015.238584904502,6480.485973416087,1730330174.3284383
-1027.9790792440272,6619.379713461365,1730330174.3315425
-1113.2733360854788,6517.43340700071,1730330174.3355484
-1092.5979724643198,6336.250166445991,1730330174.339622
-1026.6379745767088,6366.514428438477,1730330174.3436491
-1043.0665067513594,6431.379190847778,1730330174.3477232
-1117.5648710208975,6503.105938804858,1730330174.3517458
-1099.6387719677416,6463.029260996493,1730330174.3567455
-1028.4931693664992,6378.137335555236,1730330174.3596714
-1015.7526750269742,6429.456940824622,1730330174.362615
-1083.232591537546,6436.765961261507,1730330174.3677552
-1108.4230075386772,6397.583353231354,1730330174.3718722
-1053.5718266453537,6404.288876567945,1730330174.3757308
-1018.948974484083,6441.795103763951,1730330174.379686
-1073.2860652549346,6447.092467199858,1730330174.3837836
-1116.8049117094174,6384.082899580348,1730330174.3875744
-1072.59316117682,6407.731045214063,1730330174.3907104
-1015.238584904502,6409.3627225593,1730330174.3955789
-1062.7807453609405,6367.6543674056975,1730330174.399678
-1128.2490048705347,6362.267596991968,1730330174.4036896
-1086.2500770390127,6349.25888171898,1730330174.407778
-1031.622413590242,6375.052794820404,1730330174.4115453
-1072.369643732267,6406.479347524566,1730330174.4158149
-1148.5667405804088,6433.815530993406,1730330174.4186733
-1100.5104900014985,6383.322940268868,1730330174.423644
-999.6594190191532,6300.621485784232,1730330174.4277587
-1024.8498350202842,6349.236529974524,1730330174.4318218
-1112.26750758499,6352.2763672204455,1730330174.435826
-1105.874908670772,6349.214178230069,1730330174.438824
-1042.0606782508703,6382.272408279468,1730330174.4428718
-1035.3551549142785,6362.4017074587,1730330174.4468489
-1089.2228590515683,6313.9431254795945,1730330174.4507327
-1088.395844506722,6290.250276356969,1730330174.4557023
-1050.6213963772532,6337.725381580041,1730330174.459662
-1052.856570822784,6391.88365839525,1730330174.4636965
-1115.4414552976436,6352.365774198267,1730330174.4668348
-1138.6425660422524,6314.054884201871,1730330174.470657
-1068.9051233416944,6328.91879426465,1730330174.4746983
-1009.8294627463176,6315.016009213449,1730330174.4786773
-1061.819620349362,6293.759500236452,1730330174.48374
-1118.2801268434675,6261.885912643184,1730330174.4879084
-1072.146126287714,6234.817950107808,1730330174.491733
-1015.0374192044044,6290.317331590335,1730330174.4946947
-1074.761280388985,6322.816768028351,1730330174.4988985
-1133.1663886507022,6265.708060945041,1730330174.502813
-1085.0207310939709,6229.587641905266,1730330174.5069647
-1002.788663242896,6317.474701103533,1730330174.51088
-1062.3560622162893,6252.229959038492,1730330174.5158892
-1146.3762696237886,6181.598446559721,1730330174.5197375
-1127.8913769592498,6203.36904565919,1730330174.5228636
-1054.3094342123788,6235.689668141565,1730330174.526924
-1045.5475503858984,6248.363107247724,1730330174.530958
-1115.4191035531885,6257.214398052025,1730330174.534974
-1111.3063825734118,6267.943235390572,1730330174.5390053
-1035.4222101476444,6226.592508148255,1730330174.5440447
-1028.9402042556053,6214.053179508827,1730330174.5469656
-1098.1859085781466,6204.79955730433,1730330174.5510364
-1113.6086122523084,6218.590583633254,1730330174.5550702
-1050.0849545103258,6301.20263114007,1730330174.5591288
-1034.3493264137896,6278.962645407039,1730330174.5630474
-1087.2112020505908,6211.818005063296,1730330174.567109
-1082.6961496706188,6152.295309578813,1730330174.572038
-1039.7137450830633,6133.408085514079,1730330174.574972
-1032.8294077908288,6243.04339206736,1730330174.5778673
-1077.130565301247,6271.631273225698,1730330174.5830374
-1136.2509293855346,6170.020242931872,1730330174.5868604
-1068.2122192635798,6119.8852801186185,1730330174.591081
-977.3523780527566,6191.567324586788,1730330174.59497
-1045.7710678304516,6157.16798987007,1730330174.6001325
-1122.4822548010654,6181.062004692794,1730330174.6029172
-1097.5377079889429,6191.097937953226,1730330174.606907
-1045.30168119689,6176.703414524009,1730330174.6109073
-1079.6786641691524,6138.034896616327,1730330174.615131
-1144.0963916893472,6183.27482739387,1730330174.6191118
-1101.9633533910935,6160.297234093814,1730330174.6230035
-1040.0713729943482,6126.657858688576,1730330174.6279469
-1046.888655053217,6155.648071247109,1730330174.6311257
-1116.6931529871408,6159.961957926984,1730330174.634117
-1124.0915804018475,6193.914257754595,1730330174.6391692
-1049.6155678767643,6192.148469942626,1730330174.6432035
-1031.242433934502,6123.908594120574,1730330174.6471577
-1118.235423354557,6125.540271465811,1730330174.6510434
-1125.9914786805489,6134.7938936703085,1730330174.656232
-1059.0703557813592,6142.952280396496,1730330174.6592023
-1030.147198456192,6122.835710386719,1730330174.6620402
-1077.667007168175,6121.82988188623,1730330174.6671567
-1125.3879815802552,6169.886132465141,1730330174.6711736
-1071.654387909697,6119.170024296049,1730330174.675223
-1048.0956492538037,6076.008805752851,1730330174.679088
-1058.7797831034402,6102.316808976747,1730330174.6821904
-1115.5308622754649,6075.695881330476,1730330174.6861584
-1099.661123712197,6109.424663713535,1730330174.690297
-1033.567015357854,6166.019280674373,1730330174.6950238
-1055.4940766685102,6164.834638218241,1730330174.6992843
-1107.3501238048225,6171.294292365825,1730330174.703046
-1089.4687282405769,6018.386008547069,1730330174.7072504
-1034.3269746693345,6015.167357345505,1730330174.7112367
-1049.012070776471,6075.494715630379,1730330174.714287
-1126.5502722919314,6107.122434034638,1730330174.7180882
-1111.0158098954928,6079.652140099066,1730330174.7233083
-1047.9391870426164,6046.705668771943,1730330174.7272887
-1069.4415652086218,6095.8795065736185,1730330174.7312524
-1130.0371444269592,6124.109759820672,1730330174.7352912
-1104.1985278366242,6110.721064891943,1730330174.7392874
-1060.7690883599626,5996.190726302949,1730330174.7422936
-1065.753527373496,6021.649363237544,1730330174.746312
-1114.7485512195292,6054.998165964862,1730330174.7513332
-1127.5113973035095,6026.700857484443,1730330174.755354
-1051.0684312663593,6037.34028784517,1730330174.759333
-1011.9081749806612,6007.210136319415,1730330174.7633529
-1091.4133300081885,6025.136235372572,1730330174.7663376
-1141.9282724771824,5984.187839530449,1730330174.7702117
-1082.629094437253,5997.822403648187,1730330174.7742596
-1027.9790792440272,6048.67262228401,1730330174.7782123
-1085.4901177275322,6017.156662602028,1730330174.783381
-1151.3607086373222,5999.7893571602535,1730330174.7872136
-1103.1703475916802,6012.306334055225,1730330174.7904592
-1042.3288991843342,6017.402531791036,1730330174.794416
-1065.9323413291386,6009.400607276036,1730330174.798421
-1134.976879951582,6007.277191552782,1730330174.8024626
-1101.1810423351578,6026.656153995533,1730330174.8064835
-1035.5116171254656,5985.216019775394,1730330174.8112535
-1066.8040593628955,5991.027473333773,1730330174.815262
-1145.5716068233976,5966.194685243927,1730330174.8183224
-1133.9039962177274,5945.832246045143,1730330174.8223035
-1053.9965097900044,6014.250935822837,1730330174.82646
-1027.9790792440272,6078.355738920658,1730330174.8306563
-1106.7689784489846,6015.592040490155,1730330174.8342848
-1127.9584321926156,5919.747760265799,1730330174.8383105
-1059.6738528816525,5918.227841642838,1730330174.8434737
-1045.659309108175,5988.769947143787,1730330174.8464642
-1117.7436849765402,6014.183880589471,1730330174.8504596
-1134.84276948485,5913.131643907028,1730330174.8544295
-1060.9702540600604,5906.493175803802,1730330174.8583815
-1023.1287506972257,5979.404566217014,1730330174.8623073
-1081.69032117013,5966.999348044318,1730330174.86648
-1140.9224439766938,5954.907054293997,1730330174.871553
-1069.4192134641664,5943.373554155059,1730330174.8745546
-1033.2317391910242,5943.015926243774,1730330174.87838
-1088.5746584623646,5954.79529557172,1730330174.8826144
-1138.7319730200736,5939.484350619835,1730330174.8863883
-1095.2131265655908,5937.27152791876,1730330174.890521
-1022.6146605747534,5952.738935081832,1730330174.8945515
-1068.2122192635798,5945.4969698783125,1730330174.8994389
-1138.9554904646268,5944.424086144458,1730330174.9027157
-1127.042010669948,5872.11619283154,1730330174.9065552
-1050.01789927696,5891.964541907852,1730330174.9106426
-1064.9265128286495,5904.906201947475,1730330174.914652
-1143.5375980779647,5898.938286177908,1730330174.9185877
-1128.8077984819172,5879.581675479612,1730330174.9236531
-1058.3998034477,5890.3775680515255,1730330174.9266565
-1027.3308786548232,5940.534882609235,1730330174.9294932
-1104.556155747909,5962.886627064541,1730330174.933684
-1132.7640572505063,5852.156085032951,1730330174.9384537
-1070.4697454535658,5799.00363671823,1730330174.942608
-1030.3260124118344,5841.91898607242,1730330174.9466424
-1106.7913301934398,5862.951977604864,1730330174.9506435
-1146.4433248571545,5836.420456936415,1730330174.9545016
-1087.8594026397948,5834.721724357811,1730330174.957916
-1029.1637217001585,5830.139616744473,1730330174.9614873
-1088.0382165954372,5839.996736049264,1730330174.9667144
-1128.8972054597384,5846.948128574864,1730330174.970477
-1079.008111835493,5840.555529660646,1730330174.9747298
-1027.2638234214571,5880.431041768914,1730330174.9785964
-1054.3317859568342,5926.386228369025,1730330174.9832387
-1145.102220189836,5810.984171746275,1730330174.98604
-1109.8982226727276,5782.776270243678,1730330174.9902043
-1038.596157860298,5796.835517506065,1730330174.994567
-1084.528992715954,5802.088177453063,1730330174.9988046
-1138.9554904646268,5806.849099022043,1730330175.0028226
-1104.4891005145432,5763.151438611918,1730330175.0068812
-1037.5903293598092,5797.975456473286,1730330175.0108588
-1043.7817625739292,5851.083201299096,1730330175.0138817
-1130.1489031492356,5806.133843199474,1730330175.0178037
-1135.17804565168,5754.277796063161,1730330175.0229957
-1061.4172889491665,5746.342926781527,1730330175.026824
-1051.336652199823,5780.742261498244,1730330175.0309312
-1109.8535191838168,5776.316616096094,1730330175.034861
-1127.399638581233,5742.788999413133,1730330175.0377054
-1072.9284373436496,5736.709324921289,1730330175.042153
-1036.562149114865,5779.557619042113,1730330175.045791
-1099.2140888230908,5778.5517905416245,1730330175.050833
-1135.4239148406882,5771.220418360284,1730330175.0547795
-1076.0576815673926,5736.306993521094,1730330175.0588264
-1035.466913636555,5755.820066430577,1730330175.0617547
-1095.3919405212332,5763.754935712211,1730330175.0658016
-1152.0312609709813,5762.056203133608,1730330175.0696423
-1091.6815509416522,5778.060052163608,1730330175.0742512
-1029.6778118226305,5765.2301508462615,1730330175.0786676
-1078.6504839242082,5760.156304854907,1730330175.08297
-1146.979766724082,5703.181708238329,1730330175.086737
-1108.4453592831326,5701.572382637547,1730330175.0901392
-1049.9731957880492,5708.836699585521,1730330175.0941615
-1068.9051233416944,5723.477092203748,1730330175.0977824
-1130.104199660325,5714.379932210438,1730330175.10194
-1111.1499203622247,5705.975676295242,1730330175.1069713
-1039.0431927494042,5761.340947311038,1730330175.1109624
-1034.1258089692365,5793.885087237965,1730330175.1148689
-1128.6960397596408,5708.300257718594,1730330175.117751
-1127.6678595146966,5651.8844547134,1730330175.1219227
-1047.1792277311358,5685.07679522953,1730330175.125874
-1030.5718816008427,5754.322499552071,1730330175.1298552
-1100.465786512588,5730.674353918356,1730330175.1339085
-1132.0935049168477,5676.873705014433,1730330175.1388962
-1064.077146539348,5673.722109046234,1730330175.1429343
-1025.0733524648372,5707.897926318398,1730330175.1458466
-1092.530917230954,5756.557673997602,1730330175.1500633
-1133.591071795353,5755.931825152854,1730330175.1537845
-1081.623265936764,5649.02343142312,1730330175.1578903
-1042.7312305845298,5651.97386169122,1730330175.1618173
-1097.5377079889429,5706.892097817909,1730330175.1670632
-1137.234406141568,5679.533562604614,1730330175.1698525
-1078.7398909020294,5667.351861876472,1730330175.1740928
-1035.0645822363597,5690.17299296534,1730330175.1778667
-1083.88079212675,5699.024283769641,1730330175.1821957
-1148.119705691303,5692.475222644237,1730330175.1860747
-1104.042065625437,5697.169088979851,1730330175.190516
-1042.2841956954237,5699.538373892114,1730330175.194328
-1062.5795796608425,5685.479126629726,1730330175.1980758
-1138.106124175325,5714.536394421625,1730330175.2012749
-1120.716466989096,5670.88343750041,1730330175.206554
-1052.1636667446694,5627.565756746025,1730330175.2106512
-1057.773954602951,5670.481106100215,1730330175.214274
-1126.2596996140123,5666.457792098259,1730330175.2180765
-1132.719353761596,5655.885416970899,1730330175.2226815
-1059.1821145036358,5668.760021777156,1730330175.2264464
-1038.1938264601024,5688.541315620103,1730330175.2289
-1116.4472837981325,5684.965036507254,1730330175.234603
-1127.9360804481605,5695.962094779265,1730330175.23799
-1057.8410098363174,5640.149788874363,1730330175.2421553
-1049.7049748545855,5614.937021128777,1730330175.245963
-1112.6027837518195,5672.448059612282,1730330175.2516072
-1141.9282724771824,5657.137114660396,1730330175.2539656
-1078.561076946387,5633.488969026682,1730330175.2571568
-1019.4183611176444,5690.374158665438,1730330175.2619867
-1060.0314807929374,5725.689914904823,1730330175.2665532
-1140.1848364096686,5682.595751594991,1730330175.2700028
-1107.461882527099,5625.576451489503,1730330175.2744596
-1039.11024798277,5615.227593806696,1730330175.2779627
-1077.4434897236215,5647.235291866696,1730330175.282468
-1151.3607086373222,5639.9709749187205,1730330175.2855885
-1113.2509843410237,5640.239195852184,1730330175.290214
-1040.5407596279097,5654.186684392296,1730330175.2942927
-1064.2559604949904,5698.845469813999,1730330175.2981954
-1139.0672491869032,5680.31587366055,1730330175.302417
-1115.195586108635,5632.416085292827,1730330175.3065312
-1037.0538874928818,5629.756227702645,1730330175.3095129
-1045.5699021303535,5677.164277692352,1730330175.3131824
-1113.854481441317,5720.280792746639,1730330175.317231
-1140.8553887433277,5626.850500923455,1730330175.3228023
-1073.68839665513,5560.979910013665,1730330175.3266857
-1038.4173439046556,5611.986590860676,1730330175.3303597
-1102.7680161914843,5670.056422955564,1730330175.3336847
-1122.45990305661,5676.292559658595,1730330175.337133
-1079.298684513412,5595.625113919391,1730330175.3415473
-1056.3434429578117,5582.437584690761,1730330175.345217
-1113.7650744634957,5615.96520137372,1730330175.350236
-1144.7669440230063,5599.961352343721,1730330175.354056
-1099.7281789455628,5582.526991668581,1730330175.358266
-1038.4843991380214,5600.207221532729,1730330175.3611236
-1093.1567660757023,5621.910765398832,1730330175.365589
-1154.914636005716,5611.025465849098,1730330175.3694885
-1099.3481992898226,5589.858363849922,1730330175.37336
-1036.3162799258566,5600.609552932925,1730330175.378178
-1076.5047164564987,5598.1732127872965,1730330175.382347
-1135.848597985339,5610.556079215537,1730330175.3861756
-1098.744702189529,5627.029314879098,1730330175.3891811
-1026.6826780656193,5626.470521267715,1730330175.3933177
-1060.9926058045155,5594.708692396724,1730330175.397316
-1131.5794147943757,5574.368604942394,1730330175.4013884
-1122.526958289976,5546.875959262366,1730330175.4064
-1054.3541377012891,5560.331709424461,1730330175.4103928
-1053.0353847784263,5603.068244823008,1730330175.4144037
-1120.7611704780068,5611.181928060285,1730330175.4173555
-1127.4443420701436,5601.72714015569,1730330175.4213092
-1072.146126287714,5599.849593621444,1730330175.4253287
-1038.3502886712895,5601.660084922324,1730330175.4292216
-1104.6455627257303,5573.206314230718,1730330175.4343667
-1146.2198074126015,5568.870075806389,1730330175.4382532
-1075.87886761175,5563.1927327147405,1730330175.441347
-1033.9246432691389,5579.934189311765,1730330175.4452136
-1101.0916353573366,5549.826389530467,1730330175.4493885
-1157.2168656846125,5531.453255588205,1730330175.453231
-1094.721388187574,5531.073275932465,1730330175.4573953
-1030.5048263674769,5561.203427458218,1730330175.4612343
-1075.588294933831,5578.280160222073,1730330175.4664576
-1140.721278276596,5572.982796786166,1730330175.4693885
-1108.26654532749,5530.134502665342,1730330175.4734385
-1044.9217015411498,5542.2938516490285,1730330175.4775765
-1068.4580884525883,5601.593029688958,1730330175.4814508
-1140.1624846652132,5575.821468331989,1730330175.4855149
-1129.880682215772,5503.357112807884,1730330175.4894776
-1039.8702072942506,5529.709819520691,1730330175.494468
-1059.6067976482866,5546.093648206431,1730330175.4975402
-1144.4763713450875,5549.312299407995,1730330175.5017295
-1131.4453043276435,5568.154819983819,1730330175.5060768
-1053.4824196675324,5566.992529272143,1730330175.5100691
-1040.0713729943482,5561.024613502576,1730330175.5136
-1127.5337490479649,5534.470741089671,1730330175.5176868
-1134.172217151191,5528.882804975844,1730330175.5230308
-1062.0878412828256,5515.158833880286,1730330175.525919
-1033.2317391910242,5558.09653497893,1730330175.529451
-1095.146071332225,5607.225669291695,1730330175.5338025
-1137.1897026526574,5569.048889762032,1730330175.5374618
-1077.7117106570854,5497.053920871487,1730330175.5419228
-1038.3279369268344,5494.148194092298,1730330175.5454612
-1089.625190451764,5569.0041862731205,1730330175.549712
-1131.7358770055623,5559.370584412884,1730330175.5526795
-1102.164519091191,5478.412565995761,1730330175.5566733
-1046.4863236530214,5500.697255217702,1730330175.5615203
-1077.5999519348088,5524.479511318149,1730330175.5658643
-1142.285900388467,5517.014028670076,1730330175.5694413
-1106.7019232156183,5501.837194184923,1730330175.5739856
-1034.5057886249767,5562.43277340326,1730330175.5775888
-1062.244303494013,5549.133485452353,1730330175.5811107
-1144.3422608783558,5486.548600977493,1730330175.5850773
-1127.2431763700458,5500.473737773149,1730330175.5901406
-1062.0878412828256,5484.983978865621,1730330175.593883
-1054.7788208459403,5518.33278159294,1730330175.597639
-1133.6804787731742,5510.4202640557605,1730330175.6021223
-1143.492894589054,5496.785699938024,1730330175.6060717
-1076.5047164564987,5512.007237912088,1730330175.6086493
-1047.5368556424207,5509.61560125537,1730330175.612604
-1122.951641434627,5514.711798991179,1730330175.6178446
-1149.9301969921823,5517.773987981557,1730330175.6216197
-1067.8992948412056,5497.813880182967,1730330175.6260135
-1043.692355596108,5495.556353992982,1730330175.6295135
-1095.9283823881606,5536.057714945998,1730330175.6340673
-1133.5016648175315,5510.800243711501,1730330175.6365547
-1092.7097311865964,5494.125842347842,1730330175.6408532
-1024.0228204754378,5525.083008418443,1730330175.64561
-1076.9293996011495,5552.709764565202,1730330175.6502645
-1137.1002956748362,5567.551322883525,1730330175.6536531
-1086.8759258837613,5482.70410093118,1730330175.65717
-1039.311413682868,5478.457269484672,1730330175.6608276
-1072.3472919878116,5523.652496773302,1730330175.664818
-1139.849560242839,5490.616618468359,1730330175.6686776
-1114.3909233082445,5490.460156257172,1730330175.6727557
-1035.757486314474,5513.080121645942,1730330175.677696
-1068.435736708133,5516.9022699478,1730330175.6818063
-1134.686307273663,5530.067447431976,1730330175.6849213
-1132.6746502726853,5509.839118699922,1730330175.68868
-1059.785611603929,5468.153115290776,1730330175.693204
-1050.8002103328956,5507.022798898554,1730330175.6968472
-1125.7009060026296,5499.780833695035,1730330175.700951
-1139.7601532650178,5492.360054535872,1730330175.7062929
-1067.3852047187336,5497.255086571585,1730330175.709952
-1045.7263643415408,5490.1695835792525,1730330175.7127304
-1122.9292896901716,5510.576726266948,1730330175.7168565
-1140.721278276596,5496.070444115454,1730330175.7206197
-1068.4580884525883,5470.723565903136,1730330175.724869
-1040.406649161178,5497.478604016138,1730330175.7286384
-1106.0537226264146,5512.52132803456,1730330175.732696
-1152.0983162043472,5522.154929894797,1730330175.7376938
-1090.3404462743338,5511.649610000803,1730330175.7409763
-1049.9731957880492,5482.055900341976,1730330175.7447052
-1086.652408439208,5511.671961745258,1730330175.7488482
-1144.9681097231044,5499.289095317018,1730330175.752689
-1100.532841745954,5478.613731695858,1730330175.7571113
-1038.819675304851,5488.090871344909,1730330175.7616842
-1071.9226088431608,5499.400854039294,1730330175.7660048
-1134.6192520402972,5521.149101394308,1730330175.7688916
-1110.3676093062888,5480.535981719016,1730330175.773244
-1043.5358933849209,5444.862597568345,1730330175.7771275
-1052.20837023358,5496.361016793373,1730330175.7812638
-1133.1887403951575,5529.687467776235,1730330175.7851596
-1138.1284759197804,5467.393155979295,1730330175.7890751
-1062.3784139607446,5454.719716873135,1730330175.793762
-1048.5203323984542,5492.158888835775,1730330175.7974367
-1122.0799234008698,5502.105415118386,1730330175.800711
-1134.172217151191,5461.738164632102,1730330175.8054192
-1064.3453674728116,5445.130818501809,1730330175.808838
-1042.9323962846277,5475.819763638945,1730330175.8127682
-1116.626097753775,5507.536889021027,1730330175.8169408
-1144.3199091339004,5486.928580633233,1730330175.8207705
-1073.2413617660238,5453.8927023282895,1730330175.824057
-1034.3940299027,5459.301824486473,1730330175.8289669
-1100.398731279222,5482.860563142367,1730330175.8332272
-1143.649356800241,5480.267760785551,1730330175.8368292
-1084.0372543379372,5466.588493178903,1730330175.8410623
-1031.10832346777,5468.197818779686,1730330175.8465457
-1087.0547398394035,5453.400963950273,1730330175.8490176
-1141.3471271213446,5479.440746240705,1730330175.8518343
-1112.6251354962749,5468.17546703523,1730330175.8561091
-1038.6185096047532,5495.534002248526,1730330175.860964
-1067.7651843744736,5485.98980736611,1730330175.8651175
-1149.147885936247,5441.353373688862,1730330175.8691256
-1129.6348130267636,5428.434065393694,1730330175.8731496
-1052.6777568671414,5469.717737402647,1730330175.8771513
-1041.6806985951305,5520.299735105006,1730330175.880082
-1135.6474322852412,5490.393101023806,1730330175.8840685
-1150.0643074589143,5443.119161500831,1730330175.889126
-1063.8312773503396,5433.619670107326,1730330175.8929136
-1049.1685329876582,5471.841153125901,1730330175.8970797
-1112.26750758499,5492.248295813596,1730330175.9000957
-1130.014792682504,5460.106487286865,1730330175.9039147
-1067.787536118929,5455.993766307088,1730330175.9080791
-1034.528140369432,5500.764310451068,1730330175.9119172
-1104.332638303356,5491.242467313107,1730330175.9169128
-1143.8058190114284,5444.370859190329,1730330175.9210985
-1065.7982308624066,5458.385402963806,1730330175.9250996
-1036.338631670312,5489.499031245593,1730330175.9279733
-1094.4755189985656,5514.555336779993,1730330175.9321709
-1146.264510901512,5457.424277952227,1730330175.9359612
-1098.2753155559678,5425.394228147773,1730330175.9401712
-1031.8012275458846,5459.882969842312,1730330175.944932
-1072.146126287714,5483.397005009295,1730330175.949072
-1142.822342255395,5497.679769716236,1730330175.9530673
-1104.0644173698925,5462.073440798931,1730330175.9563868
-1045.3240329413454,5458.541865174993,1730330175.9605193
-1070.8273733648507,5478.993711351599,1730330175.9645443
-1131.8699874722945,5467.884894357311,1730330175.9682505
-1122.4822548010654,5448.572987147926,1730330175.9733388
-1053.9294545566386,5460.017080309043,1730330175.9771123
-1060.679681382141,5470.567103691948,1730330175.9815748
-1127.55610079242,5467.549618190482,1730330175.984349
-1125.5444437914423,5447.075420269421,1730330175.9881668
-1057.8410098363174,5451.948100560678,1730330175.9925325
-1046.1957509751023,5477.317330517451,1730330175.9960933
-1117.654277998719,5454.473847684128,1730330176.0002549
-1140.7659817655065,5437.464170153638,1730330176.005226
-1068.3910332192222,5461.402888465273,1730330176.0098317
-1041.725402084041,5468.778964135524,1730330176.0121076
-1115.0391238974482,5455.546731417982,1730330176.0165648
-1154.1770284386907,5438.425295165217,1730330176.0201156
-1083.88079212675,5461.358184976361,1730330176.0244503
-1030.9071577676723,5497.165679593763,1730330176.0281196
-1084.752510160507,5465.806182122968,1730330176.033346
-1143.7164120336072,5452.12691451632,1730330176.036101
-1085.3783590052556,5448.751801103568,1730330176.0402744
-1025.3192216538455,5448.930615059211,1730330176.0442624
-1072.2355332655352,5454.227978495119,1730330176.0484047
-1140.3860021097664,5451.188141249197,1730330176.0524304
-1116.134359375758,5434.357277674351,1730330176.056393
-1039.758448571974,5443.119161500831,1730330176.0612707
-1068.055757052393,5473.60694093787,1730330176.0644476
-1135.1109904183138,5475.596246194393,1730330176.0683165
-1115.5755657643756,5445.9354813022,1730330176.072759
-1047.0898207533146,5484.626350954336,1730330176.0762565
-1058.533913914432,5486.168621321753,1730330176.0808685
-1125.946775191638,5458.094830285887,1730330176.0848403
-1126.8408449698502,5441.040449266488,1730330176.0899243
-1053.7059371120856,5464.778001878024,1730330176.092382
-1042.686527095619,5461.268777998541,1730330176.096398
-1120.7611704780068,5468.667205413247,1730330176.1007175
-1144.4987230895429,5442.046277766976,1730330176.1042829
-1073.174306532658,5447.813027836446,1730330176.1082888
-1045.5475503858984,5495.310484803973,1730330176.1121812
-1104.0197138809815,5478.569028206948,1730330176.1175833
-1149.7737347809953,5464.353318733373,1730330176.120221
-1090.139280574236,5451.657527882759,1730330176.1244264
-1045.8381230638174,5432.256213695552,1730330176.1282072
-1089.915763129683,5470.075365313932,1730330176.132442
-1137.7708480084957,5472.51170545956,1730330176.1362724
-1106.232536582057,5443.40973417875,1730330176.140434
-1056.6340156357307,5469.874199613834,1730330176.144248
-1076.4153094786775,5477.026757839532,1730330176.1474242
-1133.814589239906,5497.299790060496,1730330176.1514232
-1116.2908215869454,5458.698327386181,1730330176.1564376
-1040.20548346108,5442.292146955985,1730330176.160427
-1064.635940150731,5461.402888465273,1730330176.1643572
-1127.9360804481605,5463.392193721795,1730330176.168353
-1113.9215366746828,5455.189103506697,1730330176.172665
-1037.7467915709965,5465.716775145147,1730330176.1758697
-1044.3182044408566,5476.535019461515,1730330176.1794598
-1117.6095745098085,5483.195839309196,1730330176.1846886
-1127.0196589254926,5474.32219676044,1730330176.1884043
-1062.691338383119,5432.144454973275,1730330176.1929617
-1042.0383265064152,5466.655548412269,1730330176.1966245
-1116.335525075856,5478.3678625068505,1730330176.20088
-1136.787371252462,5450.852865082367,1730330176.2034736
-1078.717539157574,5464.621539666837,1730330176.2074618
-1031.600061845787,5468.13076354632,1730330176.2113447
-1096.464824255088,5483.307598031473,1730330176.2168396
-1152.2100749266235,5451.344603460384,1730330176.2203825
-1084.9760276050602,5447.611862136348,1730330176.225028
-1036.3833351592225,5481.787679408512,1730330176.2274106
-1088.909934629194,5498.283266816529,1730330176.2317293
-1148.9020167472383,5490.437804512716,1730330176.2357066
-1103.4162167806885,5430.937460772689,1730330176.2406013
-1029.5884048448092,5456.798429107479,1730330176.244445
-1067.0722802963592,5467.348452490384,1730330176.2501423
-1136.2285776410793,5483.620522453848,1730330176.2526164
-1120.0906181443474,5459.391231464295,1730330176.2566712
-1048.274463209446,5460.687632642703,1730330176.260805
-1062.1996000051022,5480.625388696836,1730330176.2647388
-1137.592034052853,5476.691481672702,1730330176.2677286
-1124.3821530797666,5408.205736661642,1730330176.2717922
-1061.439640693622,5421.661486823737,1730330176.275946
-1046.4192684196555,5509.436787299727,1730330176.2795236
-1124.136283890758,5490.504859746082,1730330176.284776
-1143.2470254000457,5412.005533219044,1730330176.288528
-1058.7350796145297,5438.067667253932,1730330176.2926674
-1025.8109600318624,5474.925693860733,1730330176.295462
-1095.011960865493,5491.04130161301,1730330176.2996955
-1138.7319730200736,5453.020984294532,1730330176.303557
-1067.787536118929,5456.016118051543,1730330176.3079157
-1024.9392419981054,5494.841098170412,1730330176.3115578
-1094.8778503987612,5472.556408948471,1730330176.316646
-1144.006984711526,5456.150228518275,1730330176.3205864
-1094.0955393428253,5430.713943328135,1730330176.3234756
-1042.8429893068062,5466.566141434449,1730330176.3275385
-1076.0353298229372,5464.733298389113,1730330176.331704
-1141.0565544434255,5453.624481394825,1730330176.3357763
-1096.6436382107304,5462.520475688038,1730330176.3395684
-1042.3065474398788,5453.311556972451,1730330176.344601
-1059.2491697370017,5501.1442901068085,1730330176.3476715
-1127.980783937071,5469.047185068987,1730330176.3517406
-1119.17419662168,5418.308725155441,1730330176.355586
-1047.648614364697,5430.378667161306,1730330176.3598273
-1062.8701523387615,5477.674958428736,1730330176.3638132
-1127.489045559054,5482.167659064253,1730330176.3677173
-1130.975917694082,5424.3660479028285,1730330176.3727453
-1063.2948354834125,5441.845112066879,1730330176.3757775
-1049.3920504322114,5492.471813258149,1730330176.3797176
-1123.4880833015543,5457.916016330245,1730330176.3838148
-1139.8048567539283,5443.36503068984,1730330176.3898172
-1065.977044818049,5444.192045234686,1730330176.3928173
-1037.1879979596135,5461.626405909826,1730330176.3956687
-1101.0692836128812,5498.32797030544,1730330176.40087
-1139.111952675814,5470.0977170583865,1730330176.403575
-1090.9662951190824,5394.772338244002,1730330176.4077368
-1033.790532802407,5435.6983823416695,1730330176.4118092
-1086.1606700611917,5495.131670848331,1730330176.41573
-1149.393755125255,5481.474754986139,1730330176.4195812
-1092.5085654864986,5453.780943606012,1730330176.4238646
-1044.4523149075883,5458.27364424153,1730330176.4286745
-1071.49792569851,5490.393101023806,1730330176.4317367
-1133.233443884068,5474.836286882912,1730330176.4358046
-1107.9089174162052,5438.380591676306,1730330176.4398336
-1028.403762388678,5457.60309190787,1730330176.4438212
-1051.2919487109125,5492.2259440691405,1730330176.449858
-1131.1770833941798,5491.018949868554,1730330176.452663
-1125.9244234471826,5453.624481394825,1730330176.4557848
-1047.9838905315269,5448.0812487699095,1730330176.458808
-1044.6981840965968,5504.8993831753,1730330176.4629085
-1121.0964466448363,5484.693406187703,1730330176.467873
-1140.073077687392,5440.12402774382,1730330176.4719243
-1054.912931312672,5446.874254569323,1730330176.4759116
-1036.629204348231,5482.748804420091,1730330176.4799345
-1125.879719958272,5470.164772291752,1730330176.4827049
-1146.4209731126994,5440.056972510454,1730330176.486776
-1075.0295013224486,5423.874309524812,1730330176.490975
-1033.276442679935,5446.583681891404,1730330176.495857
-1102.8574231693058,5494.483470259127,1730330176.4998753
-1137.8602549863167,5509.325028577451,1730330176.5038588
-1084.081957826848,5442.739181845091,1730330176.507752
-1038.7302683270298,5456.709022129658,1730330176.5107362
-1088.172327062169,5483.911095131766,1730330176.5147831
-1139.0672491869032,5491.175412079741,1730330176.518862
-1093.626152709264,5443.700306856669,1730330176.522854
-1045.30168119689,5438.872330054322,1730330176.5277965
-1080.8633066252837,5481.407699752772,1730330176.5319228
-1136.206225896624,5482.882914886823,1730330176.53586
-1106.4784057710656,5446.69544061368,1730330176.5391085
-1050.6213963772532,5426.020076992521,1730330176.5430794
-1072.2355332655352,5453.199798250174,1730330176.547104
-1132.160560150213,5465.5156094450485,1730330176.5511067
-1129.7242200045848,5447.03071678051,1730330176.5561132
-1051.5601696443762,5457.692498885692,1730330176.5600543
-1049.7720300879514,5477.160868306264,1730330176.5630898
-1115.1508826197246,5479.105470073876,1730330176.5670214
-1119.3753623217776,5457.290167485496,1730330176.5712385
-1047.7827248314293,5441.666298111236,1730330176.575178
-1026.9732507435383,5490.795432424001,1730330176.5791469
-1104.8914319147386,5471.9752635926325,1730330176.584505
-1133.6804787731742,5439.207606221153,1730330176.5880673
-1070.7826698759402,5455.07734478442,1730330176.5923643
-1031.957689757072,5455.233806995608,1730330176.5949526
-1093.849670153817,5470.634158925314,1730330176.5990784
-1143.8281707558835,5441.062801010943,1730330176.6029544
-1090.8992398857165,5424.991896747577,1730330176.607245
-1040.4737043945438,5433.105579984854,1730330176.612068
-1085.8924491277278,5466.677900156725,1730330176.6161327
-1146.242159157057,5463.950987333177,1730330176.6191516
-1101.9186499021828,5455.144400017786,1730330176.6232967
-1034.6846025806192,5439.006440521055,1730330176.627241
-1076.5047164564987,5426.400056648262,1730330176.6312516
-1143.0235079554925,5445.309632457452,1730330176.6355865
-1118.8612721993056,5430.333963672396,1730330176.6400547
-1055.7399458575185,5431.451550895161,1730330176.6440291
-1059.5173906704654,5451.389306949295,1730330176.647202
-1129.5677577933975,5454.585606406404,1730330176.6512694
-1122.45990305661,5441.331021944407,1730330176.6556857
-1048.274463209446,5442.64977486727,1730330176.6598096
-1048.565035887365,5443.499141156572,1730330176.6633804
-1118.1236646322805,5477.920827617744,1730330176.6673396
-1132.6075950393194,5461.201722765175,1730330176.6720512
-1058.7797831034402,5400.047349935455,1730330176.6758337
-1043.2229689625465,5419.761588545035,1730330176.679128
-1117.073132642881,5439.40877192125,1730330176.6836824
-1143.783467266973,5419.895699011767,1730330176.687065
-1070.2462280090128,5425.595393847871,1730330176.6917477
-1027.9790792440272,5451.970452305133,1730330176.695197
-1079.3433880023229,5462.028737310021,1730330176.7007062
-1143.8952259892496,5438.581757376404,1730330176.7030816
-1086.9206293726718,5441.085152755399,1730330176.7075045
-1029.4542943780773,5471.37176649234,1730330176.711151
-1081.466803725577,5469.583626935915,1730330176.7156808
-1130.3724205937888,5430.579832861404,1730330176.7192886
-1091.7933096639288,5406.395245360762,1730330176.7246816
-1025.565090842854,5451.679879627214,1730330176.7273047
-1058.7127278700743,5510.219098355663,1730330176.7308211
-1141.7047550326297,5459.212417508652,1730330176.735256
-1122.973993179082,5419.091036211376,1730330176.7392836
-1032.0247449904375,5422.108521712843,1730330176.7437932
-1059.0033005479934,5465.023871067032,1730330176.747259
-1126.237347869557,5474.948045605189,1730330176.7518344
-1119.88945244425,5424.45545488065,1730330176.7557883
-1054.0859167678257,5418.532242599994,1730330176.7584
-1049.950844043594,5478.501972973582,1730330176.7639728
-1116.335525075856,5465.582664678414,1730330176.7672975
-1134.7310107625738,5407.088149438876,1730330176.7714982
-1061.953730816094,5402.617800547815,1730330176.7755277
-1046.2181027195577,5436.368934675328,1730330176.779394
-1106.590164493342,5457.916016330245,1730330176.7833395
-1132.428781083677,5442.001574278066,1730330176.7862227
-1075.565943189376,5424.298992669463,1730330176.7906816
-1038.9984892604934,5427.092960726376,1730330176.7952473
-1094.5649259763868,5445.399039435272,1730330176.799544
-1147.8961882467495,5446.538978402493,1730330176.803318
-1099.4152545231884,5412.497271597061,1730330176.807394
-1038.4396956491107,5441.286318455496,1730330176.8112953
-1082.2938182704231,5484.045205598499,1730330176.81446
-1136.2956328744451,5446.203702235664,1730330176.8184695
-1097.4483010111214,5398.505079568038,1730330176.8238204
-1043.178265473636,5429.328135171907,1730330176.827274
-1061.238474993524,5510.33085707794,1730330176.8315752
-1112.1333971182582,5521.417322327772,1730330176.834506
-1121.208205367113,5387.195096873653,1730330176.838493
-1041.993623017505,5398.750948757047,1730330176.8427553
-1039.9372625276164,5471.617635681348,1730330176.8464844
-1124.784484479962,5477.60790319537,1730330176.8517237
-1126.9079002032165,5447.209530736152,1730330176.8558714
-1046.6874893531192,5442.560367889449,1730330176.8596582
-1041.0548497503817,5434.849016052368,1730330176.8623953
-1113.0274668964703,5442.672126611725,1730330176.866818
-1129.299536859934,5448.640042381292,1730330176.8704157
-1058.2656929809682,5444.50496965706,1730330176.8749528
-1035.5116171254656,5464.17450477773,1730330176.8794372
-1107.6406964827415,5470.053013569476,1730330176.883908
-1151.5842260818752,5446.360164446851,1730330176.887473
-1083.1655363041805,5420.230975178597,1730330176.890623
-1034.0587537358706,5426.623574092815,1730330176.8944712
-1086.0712630833702,5470.008310080566,1730330176.8985424
-1135.1556939072243,5448.416524936739,1730330176.9024704
-1085.4901177275322,5429.439893894183,1730330176.906837
-1032.2259106905356,5468.51074320206,1730330176.9114623
-1082.8079083928951,5450.472885426627,1730330176.9159627
-1145.817476012406,5448.952966803667,1730330176.9185283
-1110.8146441953952,5439.520530643526,1730330176.9225917
-1047.916835298161,5445.55550164646,1730330176.9267125
-1071.363815231778,5457.804257607968,1730330176.9307785
-1134.7757142514845,5459.301824486473,1730330176.9351325
-1126.3267548473782,5434.893719541278,1730330176.9400373
-1037.9032537821834,5439.9228620437225,1730330176.943045
-1052.6777568671414,5471.662339170259,1730330176.9468317
-1132.0264496834816,5468.466039713149,1730330176.9506223
-1134.6639555292077,5428.925803771711,1730330176.9547234
-1063.2277802500464,5432.636193351293,1730330176.9586704
-1049.2802917099348,5468.13076354632,1730330176.96258
-1109.9205744171827,5476.713833417158,1730330176.9680076
-1126.6173275252972,5458.519513430538,1730330176.9705398
-1065.820582606862,5465.627368167326,1730330176.9751067
-1039.6466898496974,5501.971304651655,1730330176.9784746
-1091.3239230303673,5484.000502109588,1730330176.982651
-1137.815551497406,5444.348507445873,1730330176.986548
-1076.2141437785797,5431.496254384071,1730330176.990813
-1028.6049280887758,5454.116219772843,1730330176.99551
-1085.8924491277278,5497.366845293862,1730330176.9986088
-1144.7669440230063,5471.796449636991,1730330177.0020947
-1100.6669522126856,5434.111408485343,1730330177.0070736
-1040.2948904389011,5465.694423400691,1730330177.0107856
-1071.8779053542503,5497.366845293862,1730330177.014796
-1135.4015630962328,5493.589400480914,1730330177.0187104
-1119.6435832552413,5447.298937713974,1730330177.024081
-1050.9119690551722,5439.006440521055,1730330177.026564
-1057.6398441362196,5512.923659434755,1730330177.0297017
-1121.9905164230486,5505.145252364308,1730330177.0351424
-1125.9020717027274,5446.471923169127,1730330177.0387187
-1060.724384871052,5474.411603738261,1730330177.0430677
-1056.9245883136498,5470.008310080566,1730330177.047217
-1123.5104350460094,5493.902324903289,1730330177.0510273
-1127.55610079242,5478.926656118233,1730330177.0549328
-1067.541666929921,5447.857731325356,1730330177.0576725
-1053.661233623175,5490.124880090342,1730330177.0626056
-1108.110083116303,5528.9722119536655,1730330177.0668955
-1141.1236096767914,5497.478604016138,1730330177.070698
-1077.5999519348088,5447.097772013876,1730330177.074885
-1033.4552566355774,5502.083063373932,1730330177.077763
-1086.6971119281188,5520.277383360552,1730330177.081885
-1145.5492550789422,5489.499031245593,1730330177.0857131
-1083.2996467709122,5446.762495847046,1730330177.0909784
-1030.169550200647,5473.159906048764,1730330177.0946958
-1079.3880914912334,5500.674903473247,1730330177.0988626
-1136.5638538079088,5502.641856985314,1730330177.1027868
-1099.9740481345711,5473.405775237772,1730330177.1061888
-1040.563111372365,5482.838211397911,1730330177.1102989
-1072.7496233880072,5526.155892152297,1730330177.1138928
-1136.943833463649,5497.590362738414,1730330177.1188755
-1114.9050134307165,5450.629347637814,1730330177.1229117
-1052.6777568671414,5470.187124036208,1730330177.1268835
-1062.847800594306,5507.380426809839,1730330177.1308684
-1127.6455077702412,5516.589345525425,1730330177.133875
-1122.3704960787888,5482.9499701201885,1730330177.1378548
-1045.7263643415408,5470.611807180859,1730330177.1418269
-1045.9945852750045,5512.163700123275,1730330177.1459246
-1128.5172258039984,5517.125787392353,1730330177.1508937
-1144.3869643672665,5475.46213572766,1730330177.1548452
-1069.754489630996,5456.373745962828,1730330177.1588886
-1044.1840939741248,5477.742013662102,1730330177.1619155
-1115.4414552976436,5494.461118514671,1730330177.1660962
-1142.9341009776713,5479.41839449625,1730330177.169768
-1079.0304635799484,5475.752708405579,1730330177.174153
-1040.4513526500884,5505.771101209057,1730330177.1790264
-1102.723312702574,5516.768159481068,1730330177.1830869
-1157.842714529361,5500.8537174288895,1730330177.185744
-1087.5688299618755,5465.783830378513,1730330177.1899858
-1023.4640268640552,5489.8790109013335,1730330177.1939611
-1075.3871292337335,5510.219098355663,1730330177.198073
-1147.2256359130904,5456.396097707284,1730330177.2020988
-1111.8651761847946,5473.9422171047,1730330177.2071867
-1042.0383265064152,5505.659342486781,1730330177.2108512
-1055.4270214351443,5531.565014310481,1730330177.214162
-1134.7757142514845,5484.849868398889,1730330177.2181427
-1108.914745916694,5473.897513615789,1730330177.2221775
-1025.6544978206753,5511.76136872308,1730330177.2262547
-1051.5825213888313,5517.773987981557,1730330177.23075
-1127.109065903314,5508.945048921711,1730330177.2343524
-1124.3598013353112,5470.0977170583865,1730330177.239266
-1042.9100445401723,5483.776984665034,1730330177.2421176
-1031.8682827792506,5520.724418249657,1730330177.246064
-1111.4181412956884,5523.026647928554,1730330177.2501605
-1141.9729759660931,5479.776022407535,1730330177.254027
-1071.654387909697,5475.015100838555,1730330177.2581596
-1038.6855648381193,5524.278345618051,1730330177.26207
-1105.785501692951,5537.622337057869,1730330177.2671213
-1140.5648160654089,5495.534002248526,1730330177.269946
-1080.3268647583564,5476.691481672702,1730330177.2744596
-1046.463971908566,5491.197763824197,1730330177.2780166
-1096.397769021722,5507.80510995449,1730330177.282537
-1147.7397260355624,5486.995635866599,1730330177.2859647
-1091.3909782637334,5475.238618283108,1730330177.290581
-1045.4134399191666,5497.255086571585,1730330177.2949908
-1077.644655423719,5514.667095502269,1730330177.2981248
-1144.8563510008278,5510.621429755858,1730330177.3012447
-1107.9983243940264,5487.956760878177,1730330177.3062725
-1050.7331550995298,5491.510688246571,1730330177.3100522
-1065.7982308624066,5514.555336779993,1730330177.3146012
-1138.0167171975038,5487.0626910999645,1730330177.3182356
-1126.46086531411,5464.286263500007,1730330177.3226075
-1050.4202306771554,5460.173542520231,1730330177.325476
-1061.6408063937197,5495.757519693079,1730330177.3306012
-1144.65518530073,5513.683618746236,1730330177.3346865
-1138.5308073199758,5468.108411801864,1730330177.3381736
-1053.460067923077,5476.624426439336,1730330177.3421462
-1048.8332568208286,5472.422298481739,1730330177.34636
-1110.2782023284676,5489.141403334308,1730330177.35061
-1126.9973071810375,5497.0986243603975,1730330177.353165
-1071.207353020591,5474.679824671724,1730330177.3573434
-1049.3473469433006,5461.782868121013,1730330177.3622112
-1105.6066877373084,5485.27455154354,1730330177.3665257
-1142.6658800442076,5490.035473112521,1730330177.370047
-1078.2928560129233,5460.441763453694,1730330177.3741205
-1039.9372625276164,5472.221132781641,1730330177.3781896
-1092.4191585086774,5500.741958706612,1730330177.3813107
-1138.9331387201714,5489.454327756683,1730330177.3861265
-1094.497870743021,5483.173487564742,1730330177.390231
-1037.657384593175,5471.483525214616,1730330177.3940828
-1079.7457194025185,5492.3377027914175,1730330177.3982773
-1152.813572026917,5488.224981811641,1730330177.4021606
-1120.2470803555348,5447.902434814267,1730330177.40533
-1051.2472452220018,5459.100658786376,1730330177.4093657
-1078.4046147352,5488.716720189657,1730330177.4133856
-1145.4151446122105,5470.008310080566,1730330177.4183338
-1129.3665920933,5444.102638256864,1730330177.4223328
-1057.0586987803815,5458.899493086278,1730330177.4263651
-1059.7409081150186,5510.844947200411,1730330177.430313
-1134.038106684459,5508.654476243792,1730330177.4333072
-1142.7776387664842,5460.486466942605,1730330177.4372523
-1072.9060855991945,5443.8567690678565,1730330177.4413028
-1054.1976754901025,5466.812010623456,1730330177.4451723
-1126.7067345031185,5486.727414933135,1730330177.4503205
-1153.5735313383975,5477.317330517451,1730330177.4543676
-1083.232591537546,5468.778964135524,1730330177.4573245
-1043.044155006904,5503.379464552339,1730330177.4611635
-1103.103292358314,5468.264874013052,1730330177.4654024
-1154.2440836720566,5457.893664585789,1730330177.4691813
-1093.69320794263,5461.179371020719,1730330177.4743893
-1033.567015357854,5501.077234873443,1730330177.478196
-1087.6358851952416,5513.124825134853,1730330177.48241
-1153.461772616121,5469.047185068987,1730330177.4854107
-1104.7126179590962,5456.261987240552,1730330177.4893951
-1043.7594108294738,5475.864467127856,1730330177.4936063
-1076.59412343432,5501.591324995915,1730330177.4975505
-1138.46375208661,5501.61367674037,1730330177.5017412
-1117.3413535763448,5478.479621229127,1730330177.5068202
-1056.3881464467224,5481.60886545287,1730330177.510468
-1065.9099895846832,5509.4814907886375,1730330177.5136738
-1136.3403363633558,5485.028682354532,1730330177.518122
-1131.132379905269,5473.137554304309,1730330177.5220482
-1056.365794702267,5471.304711258974,1730330177.5259929
-1060.0091290484822,5497.0986243603975,1730330177.5295591
-1134.9992316960374,5521.350267094406,1730330177.534806
-1142.330603877378,5483.464060242661,1730330177.5384655
-1067.8545913522948,5470.053013569476,1730330177.5418448
-1050.241416721513,5503.714740719169,1730330177.5454078
-1120.3141355889006,5507.670999487758,1730330177.5500958
-1143.0011562110374,5503.513575019071,1730330177.553429
-1078.985760091038,5498.596191238903,1730330177.557516
-1044.4523149075883,5525.753560752101,1730330177.562446
-1105.427873781666,5527.765217753079,1730330177.566928
-1158.6920808186628,5485.967455621655,1730330177.5694318
-1114.010943652504,5481.452403241683,1730330177.5738132
-1048.8779603097391,5494.796394681501,1730330177.5773833
-1095.079016098859,5531.542662566026,1730330177.5818362
-1155.1605051947242,5520.277383360552,1730330177.5854957
-1104.4220452811774,5521.685543261236,1730330177.5908945
-1033.8128845468625,5517.192842625719,1730330177.593734
-1070.8944285982168,5537.778799269056,1730330177.596567
-1144.8787027452831,5513.527156535049,1730330177.6019883
-1120.5153012889984,5490.773080679546,1730330177.60597
-1047.9838905315269,5527.631107286347,1730330177.6102047
-1055.6505388796973,5558.498866379126,1730330177.6140697
-1142.040031199459,5540.349249881417,1730330177.618138
-1144.5657783229087,5499.602019739392,1730330177.6221287
-1064.6806436396414,5508.5427175215145,1730330177.6250138
-1051.8060388333845,5525.217118885174,1730330177.6297588
-1126.684382758663,5536.035363201543,1730330177.6336703
-1137.74849626404,5534.202520156207,1730330177.6376824
-1077.9352281016384,5511.649610000803,1730330177.641846
-1055.538780157421,5531.8555869884,1730330177.6454847
-1115.0614756419034,5508.050979143498,1730330177.64969
-1156.7474790510512,5488.9402376342105,1730330177.652504
-1086.9429811171271,5505.212307597674,1730330177.656938
-1049.235588221024,5516.678752503247,1730330177.6615143
-1107.1266063602695,5511.917830934266,1730330177.6657913
-1149.03612721397,5512.588383267926,1730330177.6696537
-1104.0197138809815,5506.173432609253,1730330177.6727493
-1056.20933249108,5525.105360162897,1730330177.6766438
-1093.4026352647109,5527.876976475355,1730330177.681013
-1154.4452493721544,5514.242412357618,1730330177.6855657
-1117.8330919543614,5506.03932214252,1730330177.689921
-1049.213236476569,5507.08985413192,1730330177.6938093
-1080.5056787139988,5517.61752577037,1730330177.698053
-1154.8922842612606,5517.885746703833,1730330177.7007706
-1130.8865107162608,5486.70506318868,1730330177.7052736
-1067.6534256521973,5470.500048458583,1730330177.708722
-1079.790422891429,5501.837194184923,1730330177.7129097
-1141.5929963103529,5504.362941308373,1730330177.7182088
-1140.2518916430345,5485.0063306100765,1730330177.7219796
-1067.7204808855631,5492.628275469337,1730330177.7256663
-1047.8497800647951,5526.535871808037,1730330177.728626
-1112.5133767739983,5523.987772940132,1730330177.73286
-1140.0954294318474,5496.22690632664,1730330177.73658
-1074.4483559666105,5490.616618468359,1730330177.7408724
-1042.9770997735382,5497.769176694057,1730330177.7456331
-1109.2276703390685,5522.33374385044,1730330177.7502675
-1149.7290312920848,5484.872220143345,1730330177.7537591
-1099.6164202232862,5467.303749001473,1730330177.7569127
-1042.9547480290828,5516.589345525425,1730330177.7606668
-1092.016827108482,5529.396895098316,1730330177.7649186
-1163.8329820433837,5468.197818779686,1730330177.7687275
-1115.307344830912,5438.760571332046,1730330177.773686
-1048.3415184428118,5476.467964228149,1730330177.777661
-1087.4570712395991,5509.123862877353,1730330177.782179
-1155.7416505505623,5480.670092185747,1730330177.7852411
-1117.654277998719,5433.440856151683,1730330177.788766
-1055.8293528353397,5464.085097799909,1730330177.7930543
-1068.9051233416944,5529.620412542869,1730330177.797258
-1145.3257376343893,5479.820725896446,1730330177.8009548
-1142.040031199459,5450.606995893359,1730330177.8060324
-1058.3998034477,5451.36695520484,1730330177.8088665
-1063.4065942056889,5469.98595833611,1730330177.8130343
-1141.5706445658975,5485.721586432646,1730330177.8169727
-1158.84854302985,5444.750838846068,1730330177.8209095
-1085.6689316831746,5434.714905585636,1730330177.8249955
-1066.7370041295296,5457.647795396781,1730330177.8303096
-1133.076981672881,5474.344548504895,1730330177.8344328
-1151.8524470153388,5454.630309895314,1730330177.8367116
-1084.8419171383282,5435.608975363848,1730330177.8411384
-1050.1073062547812,5465.739126889602,1730330177.8448212
-1116.9613739206045,5483.531115476027,1730330177.848889
-1158.13328720728,5459.882969842312,1730330177.852759
-1098.9682196340823,5434.960774774644,1730330177.8573277
-1053.460067923077,5466.432030967717,1730330177.8617897
-1099.817585923384,5490.214287068163,1730330177.8651533
-1159.720261063607,5463.347490232884,1730330177.8688307
-1103.6844377141522,5446.181350491208,1730330177.8733258
-1044.9664050300603,5481.005368352577,1730330177.8770769
-1075.8341641228396,5474.679824671724,1730330177.881195
-1142.5764730663864,5448.640042381292,1730330177.8849113
-1120.202376866624,5448.371821447829,1730330177.8902867
-1045.815771319362,5461.402888465273,1730330177.8930335
-1063.4289459501442,5476.467964228149,1730330177.8969612
-1136.9885369525596,5505.99461865361,1730330177.901218
-1125.3432780913447,5467.773135635035,1730330177.905598
-1060.9926058045155,5421.393265890273,1730330177.9089067
-1061.1714197601582,5470.142420547298,1730330177.9144812
-1132.942871206149,5504.586458752926,1730330177.9171078
-1146.8680080018055,5450.338774959895,1730330177.9199564
-1079.1198705577697,5424.991896747577,1730330177.924156
-1060.0538325373927,5463.191028021697,1730330177.9291694
-1125.8573682138167,5464.912112344756,1730330177.93345
-1153.5064761050317,5448.7294493591135,1730330177.936916
-1090.9662951190824,5448.885911570301,1730330177.941165
-1046.531027141932,5498.775005194546,1730330177.944922
-1097.2247835665685,5481.385348008317,1730330177.9480684
-1166.0458047444588,5438.9840887766,1730330177.9529786
-1102.6115539802977,5433.463207896139,1730330177.95717
-1040.3842974167226,5469.650682169281,1730330177.9609115
-1097.627114966764,5502.731263963136,1730330177.9655354
-1159.9661302526154,5483.128784075831,1730330177.9689171
-1114.681495986163,5443.320327200929,1730330177.9732792
-1052.9012743116946,5465.582664678414,1730330177.976549
-1083.1655363041805,5500.451386028693,1730330177.9805417
-1152.7688685380065,5465.359147233862,1730330177.9851537
-1131.2888421164564,5434.022001507521,1730330177.9891925
-1060.0985360263037,5443.968527790133,1730330177.9929504
-1074.0907280553256,5485.207496310174,1730330177.997352
-1147.5385603354646,5471.170600792241,1730330178.0001836
-1144.0293364559814,5472.399946737283,1730330178.0040703
-1055.6505388796973,5505.32406631995,1730330178.0081265
-1058.6680243811636,5504.51940351956,1730330178.013734
-1139.8719119872942,5474.299845015985,1730330178.017298
-1146.9574149796267,5493.298827802995,1730330178.02133
-1060.724384871052,5485.319255032451,1730330178.0254407
-1040.6078148612755,5484.648702698792,1730330178.0290952
-1113.8097779524062,5498.260915072074,1730330178.032573
-1148.633795813775,5485.587475965915,1730330178.0360632
-1089.8487078963171,5469.337757746906,1730330178.0415287
-1046.2851579529236,5472.042318825998,1730330178.0450337
-1101.2480975685237,5495.690464459713,1730330178.0495667
-1148.6784993026852,5492.538868491515,1730330178.0520108
-1087.7029404286077,5526.111188663386,1730330178.056668
-1036.7633148149628,5528.212252642185,1730330178.060151
-1104.109120858803,5496.428072026739,1730330178.0645435
-1160.077888974892,5480.334816018917,1730330178.0682735
-1114.5473855194314,5475.953874105678,1730330178.0735395
-1057.4833819250323,5480.983016608121,1730330178.077092
-1078.5834286908423,5523.361924095384,1730330178.0805364
-1148.9020167472383,5521.99846768361,1730330178.084505
-1142.4870660885651,5487.330912033429,1730330178.0882752
-1059.271521481457,5481.340644519406,1730330178.0922413
-1070.693262898119,5514.287115846529,1730330178.0968573
-1143.4481911001435,5531.654421288303,1730330178.1015763
-1129.2324816265682,5517.528118792548,1730330178.105589
-1068.882771597239,5499.780833695035,1730330178.1081052
-1072.816678621373,5501.859545929378,1730330178.1122327
-1137.949661964138,5500.227868584141,1730330178.1167
-1148.8573132583276,5475.79741189449,1730330178.1202066
-1081.176231047658,5477.98788285111,1730330178.124122
-1053.6388818787195,5534.515444578582,1730330178.129289
-1116.3131733314003,5534.560148067492,1730330178.1333835
-1162.2460081870563,5493.142365591809,1730330178.1361642
-1101.0245801239705,5476.8479438838895,1730330178.140319
-1048.6544428651862,5505.122900619853,1730330178.1441903
-1090.8098329078953,5540.863340003889,1730330178.1482108
-1144.163446922713,5529.352191609406,1730330178.15227
-1106.3442953043336,5467.370804234839,1730330178.1572847
-1038.7302683270298,5501.568973251459,1730330178.160268
-1076.1694402896692,5535.521273079071,1730330178.1643903
-1149.7737347809953,5532.906118977799,1730330178.1682844
-1120.4482460556324,5507.335723320928,1730330178.1721792
-1054.1529720011918,5527.139368908331,1730330178.1762593
-1078.046986823915,5519.025685671054,1730330178.1802688
-1149.5725690808974,5527.787569497535,1730330178.1851623
-1133.9710514510932,5519.182147882241,1730330178.1881888
-1053.3706609452558,5517.61752577037,1730330178.191516
-1065.887637840228,5513.169528623764,1730330178.196561
-1137.8826067307718,5522.356095594895,1730330178.2004707
-1143.202321911135,5507.246316343108,1730330178.2046556
-1071.49792569851,5506.888688431823,1730330178.2085154
-1056.1869807466246,5522.959592695188,1730330178.2137256
-1126.2820513584677,5516.812862969979,1730330178.2165425
-1157.976824996093,5514.577688524448,1730330178.2194476
-1094.0284841094594,5492.762385936068,1730330178.2245712
-1052.3201289558565,5531.743828266123,1730330178.2282977
-1109.0265046389704,5554.475552377171,1730330178.2327287
-1152.5453510934533,5522.154929894797,1730330178.236411
-1094.944905632127,5493.343531291906,1730330178.2404568
-1048.5426841429096,5509.9508774222,1730330178.2444315
-1096.2860102994457,5527.496996819616,1730330178.247512
-1143.93992947816,5537.599985313414,1730330178.252406
-1117.4084088097106,5475.350377005384,1730330178.256477
-1059.49503892601,5493.008255125076,1730330178.260392
-1086.339484016834,5531.922642221766,1730330178.26464
-1150.3101766479226,5548.619395329881,1730330178.2685905
-1120.0682663998923,5509.61560125537,1730330178.2727537
-1063.1830767611357,5483.397005009295,1730330178.2756052
-1076.303550756401,5532.481435833149,1730330178.2801328
-1135.9380049631602,5532.928470722255,1730330178.284572
-1129.4559990711211,5517.394008325817,1730330178.2885427
-1057.4833819250323,5525.977078196655,1730330178.2930615
-1052.0295562779374,5591.020654561598,1730330178.296769
-1117.788388465451,5547.14418019583,1730330178.2997444
-1139.402525353733,5511.627258256347,1730330178.3035023
-1078.270504268468,5509.168566366264,1730330178.3085296
-1052.633053378231,5521.082046160942,1730330178.3127403
-1125.6562025137189,5534.694258534224,1730330178.3166769
-1146.7338975350735,5534.873072489867,1730330178.3205838
-1080.1033473138032,5535.320107378973,1730330178.3239405
-1047.9391870426164,5516.410531569783,1730330178.3275003
-1110.4123127951996,5549.62522383037,1730330178.331875
-1151.8077435264283,5528.815749742478,1730330178.335464
-1095.6154579657864,5504.362941308373,1730330178.340804
-1050.8896173107169,5522.33374385044,1730330178.3445437
-1099.7952341789287,5541.869168504378,1730330178.348672
-1157.5744935958974,5537.979964969154,1730330178.3517067
-1116.112007631303,5529.866281731878,1730330178.3557675
-1050.1520097436917,5556.464857633693,1730330178.360209
-1076.750585645507,5553.425020387772,1730330178.364064
-1163.296540176456,5548.552340096515,1730330178.368551
-1138.329641619878,5523.786607240035,1730330178.373029
-1054.3541377012891,5535.767142268079,1730330178.376822
-1062.7360418720295,5570.926436296277,1730330178.3802
-1145.4374963566656,5559.124715223875,1730330178.3841984
-1147.2926911464565,5559.951729768722,1730330178.3877337
-1067.273445996457,5582.661102135313,1730330178.3919177
-1066.491134940521,5547.568863340481,1730330178.397185
-1148.3432231358556,5546.630090073359,1730330178.4008372
-1141.9506242216378,5544.104342949909,1730330178.403626
-1059.5173906704654,5553.693241321235,1730330178.4077015
-1047.0898207533146,5610.623134448902,1730330178.4115674
-1128.1148944038027,5589.165459771808,1730330178.4160595
-1146.1974556681462,5559.415287901794,1730330178.4195807
-1074.6942251556188,5567.797192072534,1730330178.42514
-1046.4863236530214,5588.003169060132,1730330178.4287145
-1105.6737429706743,5631.812588192533,1730330178.4320836
-1152.6347580712743,5585.164497514307,1730330178.4356017
-1096.911859144194,5526.781740997046,1730330178.4400685
-1040.272538694446,5549.357002896906,1730330178.4437137
-1091.0333503524485,5599.022579076598,1730330178.4477336
-1150.1090109478248,5586.751471370634,1730330178.4519832
-1110.1217401172803,5569.697090351235,1730330178.4570131
-1046.9333585421275,5593.546401685047,1730330178.4599547
-1076.884696112239,5616.009904862632,1730330178.4642627
-1156.009871484026,5581.699977123735,1730330178.4677887
-1122.7057722456184,5580.582389900969,1730330178.472302
-1051.7836870889291,5573.921570053288,1730330178.47595
-1076.102385056303,5581.029424790076,1730330178.480284
-1147.203284168635,5596.452128464238,1730330178.4849908
-1139.9836707095708,5594.39576797435,1730330178.4877636
-1066.491134940521,5567.059584505509,1730330178.4909124
-1055.4717249240548,5587.936113826766,1730330178.495965
-1129.5454060489424,5612.3218670275055,1730330178.4999132
-1144.9010544897385,5591.802965617534,1730330178.503741
-1081.623265936764,5557.493037878638,1730330178.507854
-1050.8672655662615,5579.844782333945,1730330178.5132675
-1118.9953826660376,5604.163480301319,1730330178.5158904
-1158.3791563962886,5580.180058500774,1730330178.5197337
-1089.1781555626578,5586.617360903902,1730330178.5243735
-1048.3862219317225,5628.772750946611,1730330178.5277152
-1114.1227023747806,5638.138131873386,1730330178.53243
-1159.9884819970707,5592.294703995551,1730330178.5357566
-1107.9983243940264,5574.703881109224,1730330178.5401645
-1049.2579399654794,5613.39475076136,1730330178.543032
-1080.7515479030071,5610.891355382366,1730330178.5474288
-1142.196493410646,5603.872907623399,1730330178.5519392
-1107.014847637993,5589.187811516263,1730330178.55618
-1035.690431081108,5607.985628603176,1730330178.5600176
-1064.658291895186,5649.425762823315,1730330178.5642228
-1135.5133218185094,5654.45490532576,1730330178.568004
-1126.684382758663,5587.265561493106,1730330178.571605
-1058.8021348478956,5607.9185733698105,1730330178.5752585
-1058.824486592351,5631.298498070061,1730330178.5801697
-1133.0322781839702,5628.057495124041,1730330178.584436
-1134.1498654067357,5604.476404723693,1730330178.5880156
-1063.071318038859,5615.406407762338,1730330178.592497
-1054.8682278237616,5605.34812275745,1730330178.5948353
-1128.1819496371686,5626.045838123065,1730330178.5989792
-1147.4491533576434,5603.202355289741,1730330178.602846
-1076.9293996011495,5610.1537478153405,1730330178.6081064
-1039.7808003164291,5645.670669754823,1730330178.6120822
-1110.747588962029,5647.145884888874,1730330178.6162803
-1155.8310575283836,5624.838843922477,1730330178.6200175
-1085.1548415607026,5640.797989463567,1730330178.6235566
-1052.9683295450604,5670.615216566946,1730330178.6269295
-1103.595030736331,5620.793178176067,1730330178.6314995
-1151.494819104054,5610.824300149,1730330178.6350176
-1107.819510438384,5595.11102379692,1730330178.640607
-1054.1306202567364,5623.698904955257,1730330178.6439807
-1090.921591630172,5664.759059519656,1730330178.647586
-1154.84758077235,5656.421858837826,1730330178.6511295
-1118.9506791771269,5614.981724617687,1730330178.6551013
-1043.200617218091,5628.325716057506,1730330178.659517
-1072.2802367544457,5674.50442010217,1730330178.6642473
-1145.8398277568613,5659.305233872561,1730330178.6681385
-1134.8874729737609,5612.143053071864,1730330178.6720092
-1059.2938732259124,5621.2402130651735,1730330178.6750815
-1067.6534256521973,5689.189516209307,1730330178.6792617
-1144.945757978649,5641.759114475145,1730330178.68353
-1142.978804466582,5608.589125703469,1730330178.6871047
-1059.7409081150186,5638.428704551305,1730330178.6914592
-1032.4494281350885,5670.414050866849,1730330178.696646
-1127.2878798589563,5656.287748371095,1730330178.700656
-1149.7960865254506,5643.390791820382,1730330178.703081
-1076.2141437785797,5632.281974826095,1730330178.707242
-1048.497980653999,5663.015623452142,1730330178.711045
-1111.0828651288589,5679.0641759710525,1730330178.7155256
-1147.1585806797243,5650.722164001723,1730330178.7190273
-1091.0557020969036,5622.223689821207,1730330178.724681
-1048.6097393762757,5684.562705107058,1730330178.7280366
-1084.2831235269457,5721.979525325242,1730330178.7316191
-1154.8699325168054,5642.563777275536,1730330178.735207
-1108.5124145164984,5613.39475076136,1730330178.7393918
-1033.7011258245857,5649.470466312226,1730330178.7432747
-1075.4765362115547,5681.724033561234,1730330178.7473683
-1143.9622812226155,5667.754193276667,1730330178.752113
-1128.1819496371686,5651.526826802115,1730330178.7566197
-1059.7185563705632,5655.371326848427,1730330178.7594604
-1070.849725109306,5669.519981088636,1730330178.7637608
-1133.5463683064424,5667.374213620927,1730330178.767522
-1127.6678595146966,5640.552120274559,1730330178.7717686
-1059.5844459038312,5653.918463458832,1730330178.7756824
-1057.259864480479,5666.658957798357,1730330178.7807589
-1132.585243294864,5651.057440168553,1730330178.78353
-1145.2810341454783,5634.315983571528,1730330178.7861311
-1070.559152431387,5630.136207358385,1730330178.7915888
-1050.040251021415,5664.334376375005,1730330178.7951398
-1119.531824532965,5657.584149549502,1730330178.7992094
-1149.818438269906,5643.770771476123,1730330178.8031616
-1094.497870743021,5628.124550357407,1730330178.8082976
-1059.0033005479934,5652.331489602505,1730330178.8111596
-1110.300554072923,5666.927178731821,1730330178.8143425
-1151.718336548607,5673.632702068413,1730330178.819206
-1097.6047632223083,5667.016585709642,1730330178.8233843
-1028.9625560000609,5667.664786298846,1730330178.827186
-1084.5513444604094,5665.898998486877,1730330178.831391
-1138.2402346420567,5673.7891642796,1730330178.8351457
-1102.4103882801996,5643.793123220578,1730330178.8392198
-1039.8478555497952,5634.003059149153,1730330178.8422549
-1070.916780342672,5657.874722227421,1730330178.8473923
-1149.013775469515,5652.085620413497,1730330178.851556
-1122.2587373565125,5640.619175507924,1730330178.8554585
-1050.9119690551722,5659.104068172464,1730330178.859302
-1062.6689866386637,5684.115670217952,1730330178.8634665
-1135.602728796331,5682.372234150438,1730330178.8674524
-1122.6387170122523,5654.164332647841,1730330178.8703742
-1062.1772482606468,5635.053591138553,1730330178.8754404
-1063.1383732722252,5667.307158387561,1730330178.879418
-1126.237347869557,5676.3596148919605,1730330178.8834145
-1147.8067812689285,5660.601635050969,1730330178.887467
-1089.2899142849344,5659.5734548060245,1730330178.8903048
-1051.4484109220996,5663.730879274712,1730330178.8942685
-1112.334562818356,5690.105937731974,1730330178.8984427
-1154.802877283439,5662.635643796402,1730330178.9022803
-1086.78651890594,5622.536614243581,1730330178.9074168
-1049.3249951988453,5612.433625749783,1730330178.9113696
-1108.4006557942218,5649.649280267869,1730330178.9155233
-1150.1313626922802,5661.607463551458,1730330178.918301
-1099.236440567546,5653.314966358539,1730330178.9224927
-1047.6039108757868,5625.755265445146,1730330178.9265113
-1094.9225538876717,5654.387850092394,1730330178.9305708
-1142.621176555297,5642.11674238643,1730330178.9353068
-1109.6970569726298,5631.54436725907,1730330178.9395497
-1056.4775534245437,5627.029314879098,1730330178.9434352
-1088.909934629194,5643.793123220578,1730330178.9465544
-1150.980728981582,5646.810608722045,1730330178.9506023
-1132.4511328281324,5623.833015421988,1730330178.9545643
-1049.9955475325046,5648.039954667086,1730330178.9585965
-1059.3832802037336,5681.366405649949,1730330178.9636376
-1133.434609584166,5654.097277414475,1730330178.967592
-1124.426856568677,5647.458809311248,1730330178.971752
-1057.885713325228,5639.501588285159,1730330178.974626
-1050.4872859105212,5645.581262777003,1730330178.978545
-1118.45894079911,5644.374268576416,1730330178.982757
-1145.7727725234954,5628.012791635131,1730330178.9864805
-1074.1801350331468,5630.605593991947,1730330178.9905505
-1129.7018682601297,6867.573483893095,1730330184.0019884
-1064.3006639839011,6858.364565177509,1730330184.0063336
-1022.1676256856472,6871.865018828514,1730330184.008993
-1076.2588472674904,6888.360606236531,1730330184.013234
-1128.4501705706325,6872.669681628905,1730330184.0170293
-1079.7457194025185,6853.4471813973405,1730330184.0211034
-1020.1112651957592,6865.695937358849,1730330184.025048
-1061.7972686049068,6884.31494049012,1730330184.030204
-1125.9914786805489,6872.98260605128,1730330184.0330431
-1093.9167253871829,6849.133294717467,1730330184.0371768
-1029.4766461225329,6854.184788964366,1730330184.0412035
-1057.3939749472113,6875.128373518989,1730330184.0452075
-1121.3870193227554,6878.570542165106,1730330184.0492604
-1099.527013245465,6862.052603012634,1730330184.053398
-1024.0675239643483,6866.366489692508,1730330184.0583284
-1029.8342740338176,6890.752242893249,1730330184.061188
-1103.3715132917778,6896.653103429449,1730330184.0652149
-1104.26558306999,6880.515143932717,1730330184.0692463
-1031.6671170791528,6870.0545275276345,1730330184.073232
-1017.0267244609266,6890.394614981964,1730330184.0772717
-1090.698074185619,6895.513164462229,1730330184.0812602
-1119.531824532965,6865.427716425385,1730330184.0862112
-1054.0412132789152,6852.016669752201,1730330184.0892656
-1016.6467448051864,6880.224571254799,1730330184.0932417
-1078.8740013687614,6896.250772029254,1730330184.0972867
-1124.0915804018475,6871.954425806335,1730330184.1012068
-1067.11698378527,6857.828123310581,1730330184.105302
-1019.306602395368,6880.023405554701,1730330184.1091332
-1071.4532222095993,6885.79015562417,1730330184.1143055
-1128.5619292929089,6854.698879086838,1730330184.117165
-1082.8973153707166,6836.549262589128,1730330184.1203291
-1022.5699570858428,6854.654175597928,1730330184.1251462
-1058.6009691477975,6880.492792188263,1730330184.1293273
-1123.2422141125458,6871.55209440614,1730330184.133358
-1097.2471353110236,6842.40541963642,1730330184.1373737
-1031.1306752122257,6843.299489414631,1730330184.142198
-1048.721498098552,6874.524876418695,1730330184.1453676
-1119.0624378994034,6879.621074154506,1730330184.1483788
-1111.753417462518,6858.543379133151,1730330184.153381
-1036.2268729480354,6865.315957703109,1730330184.157244
-1033.2540909354796,6867.305262959631,1730330184.161327
-1103.6620859696968,6859.459800655819,1730330184.1655085
-1120.5153012889984,6851.457876140818,1730330184.1695292
-1038.059715993371,6826.848605495526,1730330184.172536
-1019.5524715843763,6823.741713016238,1730330184.1763487
-1095.749568432518,6838.225643423277,1730330184.181504
-1125.4550368136213,6818.176128646866,1730330184.185465
-1056.0305185354375,6806.419111063375,1730330184.1894548
-1015.4844540935104,6832.2577276537095,1730330184.193449
-1077.152917045703,6863.728983846782,1730330184.1974933
-1117.5201675319872,6849.803847051126,1730330184.2002914
-1060.2326464930352,6815.337457101043,1730330184.204502
-1003.4592155765552,6830.648402052928,1730330184.2098732
-1046.754544586485,6858.699841344338,1730330184.2135055
-1113.720370974585,6837.041000967146,1730330184.217339
-1081.1985827921133,6799.53477377114,1730330184.221539
-1011.3493813692788,6829.687277041349,1730330184.2253163
-1042.7088788400745,6862.410230923919,1730330184.2285192
-1107.5512895049203,6832.905928242913,1730330184.2323573
-1091.1227573302697,6803.960419173292,1730330184.2374902
-1022.72641929703,6836.817483522593,1730330184.241468
-1029.8342740338176,6889.768766137215,1730330184.2455392
-1099.1917370786357,6853.760105819715,1730330184.2495763
-1103.5503272474202,6801.211154605288,1730330184.252671
-1038.5067508824768,6833.911756743402,1730330184.256676
-1045.2122742190688,6949.559682555161,1730330184.2611053
-1087.792347406429,6971.039708976711,1730330184.2649195
-1096.464824255088,6807.022608163668,1730330184.2699783
-1037.29975668189,6748.729258624227,1730330184.2733977
-1012.466968592044,6794.907962668892,1730330184.2766287
-1076.6835304121412,6829.150835174422,1730330184.281033
-1112.5357285184537,6816.410340834897,1730330184.2844784
-1058.466858681066,6798.797166204116,1730330184.2890213
-1013.8974802371836,6829.329649130064,1730330184.2924662
-1072.7943268769177,6858.766896577704,1730330184.2976708
-1126.8408449698502,6880.068109043612,1730330184.301478
-1090.2286875520572,6869.942768805357,1730330184.3047252
-1025.028648975927,6822.735884515749,1730330184.3084304
-1034.7963613028958,6814.801015234115,1730330184.312708
-1110.9711064065823,6807.000256419213,1730330184.3167171
-1072.012015820982,6820.813634492592,1730330184.3205938
-1008.980096457016,6831.497768342229,1730330184.3254943
-1044.139390485214,6826.535681073151,1730330184.3297815
-1104.26558306999,6813.68342801135,1730330184.3327382
-1079.432794980144,6803.312218584088,1730330184.336489
-1007.1919569005915,6812.230564621755,1730330184.3407524
-1024.0451722198932,6846.87576852748,1730330184.34472
-1108.3112488164006,6876.357719464031,1730330184.3487575
-1113.3850948077554,6878.592893909561,1730330184.3527193
-1029.5884048448092,6824.278154883165,1730330184.3577535
-1007.5495848118763,6789.320026555065,1730330184.3607984
-1079.4104432356887,6789.789413188626,1730330184.364631
-1104.7796731924625,6782.323930540554,1730330184.3687067
-1044.4746666520437,6780.714604939772,1730330184.3726573
-1007.0354946894043,6812.208212877299,1730330184.376721
-1076.370605989767,6818.757274002704,1730330184.3807275
-1119.17419662168,6813.437558822341,1730330184.3846257
-1066.491134940521,6819.360771102998,1730330184.3876004
-1008.6448202901864,6822.557070560107,1730330184.392608
-1058.5562656588872,6810.509480298696,1730330184.3967035
-1118.3471820768336,6756.95470058378,1730330184.4006853
-1068.5251436859542,6735.832302073515,1730330184.4047587
-1005.984962700005,6767.504723966686,1730330184.4087925
-1051.0013760329934,6800.048863893612,1730330184.412855
-1122.6387170122523,6788.738881199227,1730330184.4158874
-1085.2218967940685,6755.7700581276495,1730330184.4208536
-1026.1909396876026,6784.626160219451,1730330184.424914
-1047.7827248314293,6829.240242152244,1730330184.4286876
-1108.2888970719457,6795.109128368989,1730330184.432832
-1095.146071332225,6716.766264053138,1730330184.436878
-1024.983945487016,6743.275432977132,1730330184.4408915
-1033.5223118689432,6809.570707031573,1730330184.443879
-1104.7796731924625,6815.315105356587,1730330184.4479048
-1100.689303957141,6736.368743940443,1730330184.4529052
-1033.0529252353815,6724.321153679032,1730330184.456894
-1025.9674222430494,6780.401680517398,1730330184.4608648
-1096.241306810535,6809.436596564841,1730330184.464876
-1109.2500220835236,6782.502744496196,1730330184.4690993
-1037.813846804362,6744.393020199897,1730330184.4720263
-1000.665247519642,6738.3356974525095,1730330184.4758675
-1068.1228122857583,6771.505686224185,1730330184.4809618
-1115.1508826197246,6753.758401126672,1730330184.484727
-1055.11409701277,6726.623383357929,1730330184.488992
-1015.6856197936082,6744.057744033068,1730330184.4928968
-1057.9527685585938,6786.459003264786,1730330184.4959853
-1107.8418621828391,6765.023680332146,1730330184.5000088
-1075.49888795601,6715.156938452356,1730330184.5039284
-1013.9645354705495,6749.489217935708,1730330184.508866
-1052.945977800605,6787.755404443194,1730330184.5130455
-1112.9380599186493,6735.564081140052,1730330184.516833
-1083.076129326359,6682.188115380778,1730330184.5202131
-1015.81973026034,6692.827545741505,1730330184.524088
-1037.7691433154516,6719.917860021336,1730330184.5283153
-1122.7728274789845,6729.462054903753,1730330184.5320835
-1111.7310657180626,6717.302705920066,1730330184.5363462
-1035.9363002701164,6685.652635771351,1730330184.5412445
-1037.947957271094,6701.410615612343,1730330184.5451767
-1113.206280852113,6706.439758114786,1730330184.548214
-1113.5192052744871,6678.120097889912,1730330184.5521235
-1042.1724369731471,6685.60793228244,1730330184.5561163
-1002.498090564977,6725.572851368529,1730330184.5599124
-1078.0693385683703,6704.271638902622,1730330184.564165
-1125.1644641357022,6658.517618002608,1730330184.5691023
-1062.914855827672,6657.3329755464765,1730330184.5730937
-1022.212329174558,6688.312493361533,1730330184.5758908
-1081.7126729145853,6689.27361837311,1730330184.5800543
-1136.4073915967217,6669.514676274619,1730330184.583897
-1080.170402547169,6642.804341650527,1730330184.588128
-1011.3940848581892,6672.599217009451,1730330184.591907
-1066.0217483069598,6700.963580723236,1730330184.5976
-1149.2596446585233,6696.314417876532,1730330184.600958
-1118.5483477769317,6683.03748167008,1730330184.6040373
-1034.885768280717,6678.3436153344655,1730330184.6082456
-1043.714707340563,6699.778938267105,1730330184.6121976
-1098.9682196340823,6695.174478909312,1730330184.6161945
-1102.0974638578252,6648.504036486631,1730330184.6201897
-1016.9373174831054,6684.736214248684,1730330184.6249623
-1020.9382797406054,6750.651508647384,1730330184.6281776
-1134.84276948485,6772.980901358235,1730330184.6322217
-1149.7290312920848,6724.611726356951,1730330184.636212
-1082.0479490814148,6657.601196479941,1730330184.6401913
-1035.6457275921975,6647.229987052678,1730330184.6442275
-1065.462954695577,6640.725629416183,1730330184.6481996
-1092.5979724643198,6604.962838287693,1730330184.6522236
-1037.9926607600046,6577.358433885388,1730330184.657102
-1007.1249016672256,6598.21261146219,1730330184.6602216
-1044.0052800184824,6638.713972415206,1730330184.6642036
-1032.8070560463734,6609.567297645485,1730330184.6682627
-1040.406649161178,6565.020270946058,1730330184.672246
-1045.4581434080771,6647.7664289196055,1730330184.6760275
-1113.653315741219,6660.663385470318,1730330184.6810875
-1165.3529006663443,6641.664402683306,1730330184.6840415
-1119.978859422071,6678.500077545653,1730330184.6872802
-1008.823634245829,6630.823806622482,1730330184.6920407
-998.5194800519324,6619.133844272357,1730330184.696258
-1087.2112020505908,6573.603340816897,1730330184.7000484
-1079.365739746778,6580.644140320318,1730330184.704291
-1022.72641929703,6653.980213878181,1730330184.709093
-1059.5173906704654,6713.055874473557,1730330184.7122736
-1111.753417462518,6613.16592850279,1730330184.7153013
-1072.97314083256,6588.958989257692,1730330184.720352
-991.0987008927704,6617.479815182664,1730330184.7243392
-1016.1997099160805,6647.7664289196055,1730330184.7282732
-1131.7358770055623,6678.3436153344655,1730330184.7322268
-1152.6124063268194,6675.504943788642,1730330184.736349
-1072.4143472211776,6789.923523655359,1730330184.740362
-1061.9090273271831,6796.047901636112,1730330184.7433045
-1129.6348130267636,6621.659591395806,1730330184.748328
-1081.2656380254791,6631.606117678419,1730330184.7523265
-1013.4504453480776,6630.488530455653,1730330184.7563293
-981.8450786882734,6678.164801378823,1730330184.7613828
-1069.3298064863452,6769.404622245386,1730330184.764306
-1114.949716919627,6651.208597565723,1730330184.7684247
-1027.7779135439291,6606.303942955011,1730330184.7724967
-976.2347908299912,6657.377679035388,1730330184.7762508
-1041.7477538284963,6593.786966060039,1730330184.7804065
-1144.0516882004367,6626.64403040934,1730330184.7832768
-1098.6776469561637,6633.908347357315,1730330184.7874255
-1031.6671170791528,6655.880112156882,1730330184.7921991
-1065.150030273203,6771.572741457551,1730330184.7964249
-1132.8758159727831,6778.188857816322,1730330184.8002577
-1106.9030889157164,6644.480722484675,1730330184.8044405
-1009.6730005351308,6597.9890940176365,1730330184.8073332
-1033.365849657756,6642.379658505876,1730330184.8113792
-1108.043027882937,6665.491362272664,1730330184.8154528
-1107.238365082546,6667.815943696016,1730330184.8206751
-1028.3814106442226,6672.688623987273,1730330184.8247356
-1024.3804483867227,6650.202769065234,1730330184.8284469
-1113.8097779524062,6644.681888184773,1730330184.831458
-1115.5085105310095,6640.993850349647,1730330184.835807
-1057.5727889028535,6652.952033633236,1730330184.8395572
-1033.2987944243905,6690.190039895778,1730330184.843346
-1098.0070946225042,6701.365912123431,1730330184.8474534
-1131.8029322389284,6680.444679313265,1730330184.852426
-1068.9945303195157,6698.191964410778,1730330184.856457
-1031.6447653346977,6668.933530918781,1730330184.859332
-1084.0372543379372,6660.84219942596,1730330184.8634837
-1133.7028305176295,6662.764449449116,1730330184.8673468
-1086.5182979724764,6675.169667621812,1730330184.8716283
-1044.9664050300603,6674.409708310332,1730330184.8753576
-1067.6534256521973,6690.279446873599,1730330184.8805647
-1095.5036992435098,6688.446603828264,1730330184.884388
-1050.1296579992363,6594.2563526936,1730330184.887512
-1026.7720850434405,6584.44393687772,1730330184.891499
-1074.761280388985,6649.621623709396,1730330184.8956096
-1122.951641434627,6645.643013196352,1730330184.899504
-1079.2539810245016,6641.999678850136,1730330184.9036343
-1007.7954540008848,6618.30682972751,1730330184.9083676
-1032.4941316239992,6657.400030779842,1730330184.912598
-1094.4084637651997,6641.999678850136,1730330184.915359
-1111.3734378067777,6610.550774401519,1730330184.9198484
-1030.3483641562896,6635.495321213642,1730330184.9235773
-1025.4086286316667,6661.713917459717,1730330184.927864
-1109.5629465058978,6661.579806992985,1730330184.93162
-1133.5016648175315,6616.094007026435,1730330184.9366949
-1053.3930126897112,6592.602323603907,1730330184.939995
-1021.4523698630776,6606.795681333028,1730330184.9436903
-1107.461882527099,6590.322445669466,1730330184.9480648
-1159.1838191966797,6584.287474666533,1730330184.9519205
-1090.2286875520572,6643.139617817356,1730330184.9557269
-1047.7827248314293,6704.428101113809,1730330184.9597888
-1125.879719958272,6627.269879254089,1730330184.9649944
-1151.0254324704924,6540.142779367302,1730330184.967559
-1041.4124776616666,6518.439235501199,1730330184.970832
-1013.562204070354,6591.2388671921335,1730330184.9756746
-1068.6816058971413,6564.841456990416,1730330184.9800763
-1130.305365360423,6528.095189105891,1730330184.9835792
-1084.7748619049623,6534.599546742385,1730330184.9878452
-1019.4854163510104,6539.449875289188,1730330184.9927108
-1044.273500951946,6556.683070264229,1730330184.9959564
-1123.6445455127414,6569.960006470681,1730330184.9986873
-1114.2568128415123,6541.886215434816,1730330185.0037327
-1043.6700038516526,6538.86872993335,1730330185.0081491
-1038.4396956491107,6570.697614037706,1730330185.0117548
-1106.9030889157164,6573.893913494816,1730330185.01566
-1120.917632689194,6558.940596454215,1730330185.020279
-1056.6116638912754,6560.639329032819,1730330185.0237591
-1047.693317853608,6579.370090886366,1730330185.026711
-1112.3569145628112,6604.873431309871,1730330185.0321913
-1139.8719119872942,6542.467360790653,1730330185.0359874
-1065.9546930735935,6515.131177321813,1730330185.0399
-1019.887747751206,6534.487788020109,1730330185.043805
-1095.146071332225,6564.506180823587,1730330185.048149
-1135.490970074054,6564.997919201604,1730330185.0517983
-1069.0392338084262,6539.829854944927,1730330185.055278
-1030.7730473009406,6558.53826505402,1730330185.059686
-1096.2189550660796,6593.809317804494,1730330185.0638351
-1144.3199091339004,6526.217642571645,1730330185.067767
-1081.1538793032023,6529.704514706674,1730330185.0721748
-1014.7691982709406,6528.184596083713,1730330185.074808
-1063.1607250166803,6536.253575832078,1730330185.0791707
-1129.299536859934,6544.948404425193,1730330185.0828087
-1100.3093243014007,6538.131122366324,1730330185.087113
-1029.0966664667924,6542.266195090556,1730330185.0917163
-1059.8079633483844,6524.273040804034,1730330185.0962155
-1136.5638538079088,6538.756971211073,1730330185.100008
-1107.6183447382862,6524.317744292945,1730330185.102867
-1036.1374659702142,6512.761892409551,1730330185.1067765
-1047.4921521535102,6545.082514891925,1730330185.1112957
-1116.1790628646688,6598.905515540304,1730330185.115523
-1125.9244234471826,6521.076741346925,1730330185.1201525
-1047.045117264404,6489.806650853951,1730330185.1240149
-1032.8070560463734,6523.96011638166,1730330185.128522
-1126.1255891472804,6563.902683723293,1730330185.131268
-1145.6833655456742,6525.10005534888,1730330185.1349068
-1067.2063907630911,6507.643342929286,1730330185.138846
-1035.7127828255634,6519.445064001688,1730330185.1427596
-1105.204356337113,6513.43244474321,1730330185.1479752
-1140.6989265321406,6488.532601419998,1730330185.152001
-1078.3822629907445,6467.097278487358,1730330185.1560152
-1029.498997866988,6502.390682982288,1730330185.1588385
-1081.757376403496,6543.227320102134,1730330185.1629677
-1148.4102783692215,6494.053482300459,1730330185.1669383
-1100.532841745954,6437.481217084077,1730330185.1711435
-1030.3930676452003,6473.601636123853,1730330185.1749282
-1063.49600118351,6500.468432959132,1730330185.180514
-1135.2674526295011,6485.04572928497,1730330185.183024
-1101.8068911799064,6483.905790317749,1730330185.1871183
-1025.4756838650328,6517.232241300612,1730330185.191408
-1049.727326599041,6514.371218010333,1730330185.1955683
-1136.8991299747383,6442.4209526087,1730330185.1996608
-1125.0974089023364,6446.444266610654,1730330185.203062
-1050.2637684659685,6434.12845541578,1730330185.2081652
-1049.950844043594,6464.415069152721,1730330185.2111464
-1134.1498654067357,6488.264380486534,1730330185.2151513
-1130.6406415272525,6458.044821982959,1730330185.2188811
-1044.5864253743202,6461.75521156254,1730330185.2230575
-1042.8653410512616,6487.772642108517,1730330185.2270842
-1114.1450541192355,6447.360688133323,1730330185.231159
-1134.686307273663,6390.319036283378,1730330185.2360945
-1069.7321378865406,6397.940981142639,1730330185.2390735
-1025.430980376122,6450.914615501716,1730330185.243079
-1109.6747052281744,6438.218824651101,1730330185.247053
-1156.3451476508556,6402.254867822513,1730330185.2510097
-1103.1479958472248,6396.488117753043,1730330185.255335
-1037.4785706375326,6423.109045399314,1730330185.2589447
-1084.4842892270433,6412.447263294132,1730330185.264228
-1154.288787160967,6381.378338501256,1730330185.2670524
-1106.880737171261,6364.793344115418,1730330185.2704763
-1038.3279369268344,6383.568809457875,1730330185.27498
-1082.8749636262612,6442.666821797708,1730330185.279529
-1148.0302987134814,6419.935097686661,1730330185.2831256
-1114.1227023747806,6346.241396217513,1730330185.2872894
-1050.6213963772532,6361.887617336228,1730330185.292074
-1056.3210912133566,6390.9001816392165,1730330185.2956376
-1135.2898043739565,6378.807887888896,1730330185.299723
-1126.237347869557,6355.249149233002,1730330185.3032303
-1049.1685329876582,6341.435771159622,1730330185.307459
-1054.0412132789152,6354.712707366074,1730330185.3117576
-1122.594013523342,6369.666024406675,1730330185.3157113
-1129.2101298821128,6375.4551262206,1730330185.3198211
-1050.6660998661637,6350.331765452835,1730330185.3223388
-1046.0392887639152,6329.008201242471,1730330185.326085
-1105.047894125926,6340.742867081508,1730330185.3316245
-1142.5988248108415,6319.531061593421,1730330185.3353665
-1081.176231047658,6306.9023259761725,1730330185.3393717
-1039.7808003164291,6330.170491954147,1730330185.3431935
-1102.4774435135655,6349.147122996703,1730330185.3477266
-1144.789295767462,6314.099587690782,1730330185.3501644
-1096.1966033216245,6308.355189365768,1730330185.3546083
-1046.6651376086638,6310.523308577933,1730330185.359193
-1091.4803852415546,6323.4426168731,1730330185.363338
-1142.1517899217356,6292.86543045824,1730330185.3673005
-1103.460920269599,6255.873293384707,1730330185.371338
-1042.530064884432,6275.207552338547,1730330185.3748202
-1075.5212397004652,6326.750675052485,1730330185.3787065
-1146.5103800905206,6302.543735807388,1730330185.3823905
-1129.5454060489424,6246.887892113673,1730330185.387606
-1058.1986377476023,6238.193063520559,1730330185.391555
-1062.557227916387,6297.380482838212,1730330185.395434
-1116.5143390314984,6307.01408469845,1730330185.399721
-1127.4443420701436,6278.068575628827,1730330185.402342
-1052.2307219780353,6256.499142229455,1730330185.4067
-1052.3648324447672,6274.604055238254,1730330185.4103484
-1120.180025122169,6308.601058554776,1730330185.4150083
-1151.1595429372244,6225.251403480936,1730330185.4199808
-1082.5843909483422,6192.550801342822,1730330185.423248
-1049.369698687756,6233.767418118408,1730330185.4262948
-1117.7660367209955,6266.892703401173,1730330185.4308066
-1154.266435416512,6251.626461938198,1730330185.4343448
-1079.656312424697,6213.650848108631,1730330185.4388993
-1045.1005154967922,6224.3126302138135,1730330185.443443
-1104.3102865589008,6267.719717946019,1730330185.44779
-1151.8971505042496,6235.37674371919,1730330185.4513469
-1094.430815509655,6219.395246433645,1730330185.4549105
-1041.2560154504797,6239.064781554316,1730330185.458279
-1079.5222019579653,6261.23771205398,1730330185.4625163
-1139.6036910538303,6241.992860077961,1730330185.46652
-1108.8700424277831,6209.89575504014,1730330185.4705064
-1041.1219049837478,6211.080397496271,1730330185.4752998
-1076.7729373899624,6195.076548466272,1730330185.4800067
-1145.728069034585,6210.5216038848885,1730330185.482736
-1119.2636035995013,6183.475993093967,1730330185.4868023
-1052.7671638449626,6191.299103653325,1730330185.4908073
-1066.2005622626025,6224.603202891732,1730330185.4949791
-1140.0283741984815,6222.9044703131285,1730330185.4986143
-1135.2898043739565,6201.357388658213,1730330185.503333
-1070.7379663870297,6182.425461104568,1730330185.507897
-1054.3317859568342,6187.387548373646,1730330185.5106964
-1123.8010077239285,6211.192156218548,1730330185.5147269
-1133.9263479621825,6154.374021813157,1730330185.51841
-1076.4153094786775,6129.027143600839,1730330185.5229084
-1052.2307219780353,6179.117402925182,1730330185.5264556
-1100.5998969793195,6231.934575073073,1730330185.5320003
-1156.166333695213,6181.218466903981,1730330185.5356412
-1103.4832720140544,6091.9455995494845,1730330185.538888
-1040.719573583552,6129.652992445587,1730330185.542372
-1102.5668504913867,6156.095106136216,1730330185.546874
-1144.0963916893472,6182.067833193283,1730330185.5504076
-1103.438568525144,6142.5499489963,1730330185.5550148
-1063.7418703725184,6117.515995206356,1730330185.5583951
-1086.4288909946551,6153.524655523856,1730330185.5627303
-1156.3451476508556,6156.475085791956,1730330185.5657563
-1123.5104350460094,6096.237134484903,1730330185.5707169
-1051.090783010815,6111.726893392432,1730330185.5748096
-1074.135431544236,6179.564437814288,1730330185.5788002
-1152.9700342381043,6138.5489867388,1730330185.5828056
-1145.6610138012188,6104.775500866831,1730330185.5866697
-1069.6650826531747,6122.343972008703,1730330185.5909843
-1065.0829750398368,6132.961050624973,1730330185.5936868
-1140.0283741984815,6122.992172597907,1730330185.5991626
-1140.1624846652132,6083.384881423102,1730330185.6027732
-1076.638826923231,6110.698713147487,1730330185.6069863
-1058.7350796145297,6119.929983607529,1730330185.610858
-1116.0449523979369,6133.050457602794,1730330185.6149683
-1133.4793130730764,6096.326541462725,1730330185.6187155
-1071.6320361652415,6063.692994557977,1730330185.6219409
-1043.625300362742,6090.313922204247,1730330185.6255128
-1107.3501238048225,6104.060245044261,1730330185.6307416
-1148.2761679024898,6092.392634438591,1730330185.634532
-1094.631981209753,6062.754221290854,1730330185.638756
-1037.4115154041667,6114.945544593996,1730330185.6425707
-1103.4162167806885,6094.069015272738,1730330185.6466897
-1166.3587291668332,6041.676526269499,1730330185.6496809
-1105.2267080815684,6060.072011956217,1730330185.6546948
-1041.5018846394878,6069.079764971705,1730330185.6585257
-1090.8321846523506,6066.621073081622,1730330185.6626215
-1147.4044498687329,6085.620055868632,1730330185.6665685
-1129.1877781376577,6031.640593009066,1730330185.6697445
-1071.5873326763312,6001.868069394597,1730330185.673754
-1079.9245333581607,6031.5735377757,1730330185.677775
-1139.6483945427412,6036.267404111315,1730330185.6817956
-1139.4472288426434,6021.582308004178,1730330185.6868386
-1074.6495216667083,6026.142063873061,1730330185.6908228
-1066.111155284781,6049.432581595491,1730330185.694763
-1134.4404380846547,6064.095325958172,1730330185.697759
-1151.2489499150456,6001.219868805393,1730330185.7017376
-1080.7515479030071,5988.948761099429,1730330185.7058144
-1059.8079633483844,6027.9078516850295,1730330185.7096946
-1123.7116007461073,6039.396648335058,1730330185.7148676
-1154.1770284386907,6012.015761377306,1730330185.7188852
-1098.856460911806,5990.379272744569,1730330185.7227352
-1063.49600118351,6003.835022906665,1730330185.725602
-1129.4112955822106,6004.28205779577,1730330185.7297368
-1159.9884819970707,5994.044958835239,1730330185.7336416
-1101.7621876909957,5987.250028520826,1730330185.7378554
-1051.5154661554654,5995.028435591274,1730330185.7426777
-1087.1664985616803,6063.625939324611,1730330185.7468612
-1146.1304004347803,6027.460816795924,1730330185.7506597
-1116.26846984249,5968.183990500449,1730330185.753856
-1052.9236260561495,5974.75540337031,1730330185.757867
-1077.8011176349066,5993.866144879597,1730330185.761871
-1150.0196039700036,6008.975924131385,1730330185.7659664
-1125.4550368136213,5956.2928624502265,1730330185.7699494
-1066.8264111073509,5952.515417637279,1730330185.7748077
-1072.1237745432586,6001.018703105296,1730330185.7789562
-1146.4209731126994,5990.893362867041,1730330185.7818048
-1137.6143857973082,5958.885664807041,1730330185.7859323
-1065.373547717756,5959.511513651791,1730330185.7899425
-1069.68743439763,5980.008063317307,1730330185.793857
-1132.6522985282302,6007.500708997334,1730330185.7980323
-1154.0652697164142,5957.8798363065525,1730330185.8028405
-1089.2228590515683,5948.648565846511,1730330185.8060117
-1057.9080650696833,5973.347243469625,1730330185.8097296
-1120.4482460556324,5987.585304687656,1730330185.814001
-1162.201304698146,5951.1296094810505,1730330185.8179944
-1101.9186499021828,5929.537824337223,1730330185.8219855
-1048.185056231625,5962.864275320087,1730330185.8259275
-1115.7320279755627,5983.51728719679,1730330185.8310895
-1174.8076885709393,5969.547446912223,1730330185.8337655
-1124.1586356352134,5948.246234446316,1730330185.837022
-1063.6524633946972,5949.967318769374,1730330185.8421943
-1093.4473387536216,5952.537769381735,1730330185.8461382
-1157.5074383625315,5923.636963801023,1730330185.849917
-1122.9292896901716,5911.321152606149,1730330185.8541307
-1058.2656929809682,5920.708885277377,1730330185.8588707
-1093.4473387536216,5938.500873863802,1730330185.8620827
-1151.7630400375176,5938.433818630436,1730330185.8650916
-1132.697002017141,5916.149129408494,1730330185.8701124
-1077.2870275124344,5905.129719392028,1730330185.8740823
-1086.3841875057444,5918.250193387294,1730330185.8781033
-1157.5297901069869,5922.608783556078,1730330185.8821588
-1140.0060224540262,5940.825455287154,1730330185.886119
-1071.2520565095017,5916.238536386316,1730330185.8900623
-1058.2209894920577,5900.50290828978,1730330185.8930311
-1130.908862460716,5931.772998782754,1730330185.8981495
-1148.5443888359534,5915.813853241665,1730330185.902089
-1084.4395857381328,5892.478632030325,1730330185.906114
-1050.6213963772532,5920.775940510744,1730330185.9101052
-1115.7320279755627,5948.469751890869,1730330185.913066
-1156.166333695213,5917.311420120171,1730330185.9170232
-1096.107196343803,5882.263884814249,1730330185.9211724
-1050.9566725440827,5925.26864114626,1730330185.9261217
-1091.4580334970992,5961.232597974849,1730330185.9301589
-1161.4189936422104,5904.459167058369,1730330185.9340203
-1122.4822548010654,5868.919893374431,1730330185.938156
-1057.2151609915688,5931.393019127014,1730330185.941187
-1093.69320794263,5921.200623655394,1730330185.945224
-1163.877685532294,5891.7857279522095,1730330185.9492428
-1134.84276948485,5882.35329179207,1730330185.9532485
-1073.7778036329512,5885.5048877602685,1730330185.958063
-1090.5416119744316,5909.935344449919,1730330185.9621727
-1159.720261063607,5908.303667104682,1730330185.9661255
-1146.8009527684394,5901.329922834626,1730330185.9692411
-1068.8604198527837,5908.728350249333,1730330185.973217
-1056.7681261024627,5918.429007342936,1730330185.9772546
-1144.7222405340958,5880.386338280004,1730330185.9812737
-1151.1818946816798,5924.240460901316,1730330185.9860623
-1089.5357834739427,5883.850858670576,1730330185.9902756
-1068.3463297303117,5868.405803251959,1730330185.9943206
-1137.457923586121,5910.31532410566,1730330185.9973269
-1164.7270518215958,5900.659370500966,1730330186.0013163
-1092.9332486311494,5866.908236373453,1730330186.0052955
-1062.2890069829234,5882.375643536526,1730330186.0091245
-1124.560967035409,5898.334789077615,1730330186.0143158
-1171.7678513250175,5899.385321067014,1730330186.0181212
-1106.7913301934398,5902.156937379473,1730330186.0222878
-1050.3978789327,5905.509699047769,1730330186.0251343
-1102.9691818915824,5899.810004211665,1730330186.0293703
-1158.7367843075735,5896.703111732378,1730330186.0331376
-1118.8389204548505,5866.103573573062,1730330186.03727
-1057.885713325228,5892.858611686064,1730330186.0421236
-1090.9662951190824,5910.695303761399,1730330186.0463417
-1153.774697038495,5908.705998504877,1730330186.0493605
-1133.6804787731742,5909.622420027545,1730330186.053193
-1062.914855827672,5885.862515671553,1730330186.0571609
-1076.728233901052,5914.606859041079,1730330186.0614195
-1139.0225456979929,5945.944004767419,1730330186.0654569
-1143.336432377867,5884.521411004235,1730330186.0693743
-1077.3093792568898,5842.321317472615,1730330186.0744035
-1071.341463487323,5897.664236743955,1730330186.077443
-1138.2402346420567,5894.624399498034,1730330186.0815072
-1155.56283659492,5887.985931394807,1730330186.085916
-1088.4181962511775,5879.447565012881,1730330186.0896287
-1060.7467366155072,5888.991759895296,1730330186.0933623
-1132.7640572505063,5905.934382192419,1730330186.0978012
-1165.330548921889,5899.9441146783965,1730330186.1029313
-1097.425949266666,5884.901390659976,1730330186.1059344
-1064.859457595284,5870.64097769749,1730330186.1092863
-1123.6445455127414,5893.551515764179,1730330186.113381
-1168.1915722121682,5882.152126091973,1730330186.1173131
-1117.6319262542638,5886.756585449766,1730330186.121559
-1056.9916435470157,5916.149129408494,1730330186.1253183
-1109.540594761443,5887.628303483522,1730330186.1308663
-1173.5112873925314,5861.677928170911,1730330186.133382
-1138.1508276642355,5850.099724543063,1730330186.1377974
-1066.3570244737894,5867.35527126256,1730330186.1413312
-1083.210239793091,5902.805137968676,1730330186.1456912
-1159.876723274794,5898.670065244444,1730330186.149572
-1139.7378015205625,5931.951812738396,1730330186.153428
-1064.121850028259,5906.2249548703385,1730330186.1577475
-1071.6320361652415,5869.545742219179,1730330186.160743
-1147.6056155688304,5893.573867508634,1730330186.1661315
-1143.2246736555903,5840.287308727183,1730330186.1699393
-1065.887637840228,5846.4116867079365,1730330186.1735363
-1057.7292511140408,5898.915934433453,1730330186.1781163
-1131.914690961205,5918.853690487586,1730330186.1820412
-1151.651281315241,5909.488309560813,1730330186.186076
-1085.557172960898,5881.682739458411,1730330186.188856
-1050.531989399432,5891.897486674487,1730330186.1924996
-1120.694115244641,5912.50579506228,1730330186.1978378
-1162.3801186537885,5879.469916757335,1730330186.2014706
-1113.4745017855766,5862.594349693579,1730330186.2059903
-1056.9022365691944,5885.5048877602685,1730330186.2095687
-1116.26846984249,5900.055873400674,1730330186.213605
-1160.9272552641935,5865.500076472768,1730330186.2164595
-1109.0935598723363,5868.249341040772,1730330186.220685
-1050.3531754437895,5859.532160703202,1730330186.225448
-1098.2753155559678,5875.692471944389,1730330186.2296948
-1166.8281158003947,5901.106405390073,1730330186.233456
-1140.3189468764003,5866.192980550884,1730330186.2376416
-1064.3006639839011,5884.767280193243,1730330186.241446
-1080.8856583697388,5926.118007435562,1730330186.2447188
-1168.884476290283,5871.110364331051,1730330186.2487378
-1135.4239148406882,5850.189131520883,1730330186.2535143
-1063.361890716778,5861.208541537349,1730330186.2577276
-1067.9663500745714,5899.720597233844,1730330186.2617152
-1146.331566134878,5922.7205422783545,1730330186.2646973
-1150.8689702593051,5888.187097094906,1730330186.2686875
-1087.0547398394035,5842.902462828453,1730330186.272653
-1078.046986823915,5830.609003378035,1730330186.276685
-1133.6581270287188,5853.452486211359,1730330186.2808187
-1158.0662319739142,5851.865512355032,1730330186.2859907
-1087.434719495144,5868.025823596218,1730330186.2897584
-1058.4892104255212,5860.582692692601,1730330186.2937365
-1123.17515887918,5888.142393605995,1730330186.2971032
-1157.328624406889,5872.987910865297,1730330186.300599
-1089.915763129683,5859.308643258649,1730330186.305307
-1047.3133381978678,5900.16763212295,1730330186.3086095
-1104.6455627257303,5938.657336074989,1730330186.3137896
-1152.813572026917,5901.21816411235,1730330186.3175824
-1122.571661778887,5837.1357127589845,1730330186.3207538
-1052.5883498893202,5867.77995440721,1730330186.3245995
-1090.0275218519596,5888.075338372629,1730330186.328786
-1162.0895459758694,5872.786745165199,1730330186.3326364
-1139.402525353733,5834.945241802364,1730330186.3367877
-1071.9449605876162,5849.272709998216,1730330186.341575
-1077.3093792568898,5887.717710461344,1730330186.3458152
-1152.2771301599896,5889.371739551037,1730330186.3487046
-1141.1459614212467,5877.055928356162,1730330186.3530316
-1077.4881932125322,5848.624509409012,1730330186.357114
-1074.3813007332446,5889.617608740045,1730330186.3609145
-1149.460810358621,5872.451468998369,1730330186.3648727
-1159.9214267637046,5861.208541537349,1730330186.369928
-1082.3161700148785,5874.127849832517,1730330186.3738775
-1062.6019314052978,5862.6837566714,1730330186.3769464
-1131.4453043276435,5890.265809329249,1730330186.3808029
-1165.8893425332717,5872.384413765003,1730330186.3849187
-1097.4930045000322,5848.4680471978245,1730330186.389232
-1055.7622976019738,5902.2910478462045,1730330186.392759
-1112.7815977074622,5898.401844310981,1730330186.398104
-1165.688176833174,5824.037590508175,1730330186.4007535
-1121.4764263005766,5827.412703920925,1730330186.4039505
-1068.1004605413034,5845.87524484101,1730330186.408872
-1104.3102865589008,5882.2191813253385,1730330186.4128242
-1160.8378482863725,5889.416443039947,1730330186.4167986
-1123.979821679571,5864.181323549906,1730330186.421199
-1060.9031988266945,5851.06084955464,1730330186.4257996
-1097.045969610926,5899.83235595612,1730330186.4294205
-1154.713470305618,5921.848824244598,1730330186.4320111
-1136.5191503189983,5849.853855354054,1730330186.4370663
-1063.2501319945018,5847.618680908523,1730330186.4411397
-1074.3813007332446,5908.638943271511,1730330186.445181
-1146.108048690325,5896.837222199109,1730330186.4493628
-1151.5842260818752,5840.3096604716375,1730330186.4540167
-1080.1256990582583,5853.698355400366,1730330186.4572067
-1079.8574781247949,5887.136565105506,1730330186.4600155
-1141.4588858436211,5894.892620431498,1730330186.4639585
-1139.9389672206603,5866.707070673356,1730330186.4696343
-1077.4211379791664,5883.11325110355,1730330186.473179
-1055.2929109684123,5881.883905158509,1730330186.477265
-1133.814589239906,5892.16570760795,1730330186.4811945
-1172.393700169766,5886.331902305115,1730330186.4850736
-1102.298629557923,5847.976308819808,1730330186.4885356
-1057.7292511140408,5868.450506740869,1730330186.4930212
-1116.6708012426857,5901.30757109017,1730330186.497197
-1165.2858454329785,5880.051062113173,1730330186.5009763
-1121.498778045032,5855.419439723425,1730330186.5055735
-1058.2209894920577,5863.06373632714,1730330186.5090728
-1103.4832720140544,5897.105443132573,1730330186.5121765
-1164.168258210213,5901.508736790269,1730330186.5162337
-1131.2888421164564,5884.744928448788,1730330186.52158
-1069.6650826531747,5880.587503980101,1730330186.5250282
-1098.6105917227974,5868.87518988552,1730330186.529564
-1159.9884819970707,5876.273617300227,1730330186.5329711
-1145.4374963566656,5851.552587932657,1730330186.5372443
-1084.0372543379372,5883.537934248202,1730330186.5405192
-1090.9886468635375,5898.670065244444,1730330186.544324
-1159.4073366412326,5864.270730527727,1730330186.5484831
-1167.6998338341516,5848.780971620199,1730330186.5531366
-1086.0489113389149,5863.846047383076,1730330186.5572364
-1066.0217483069598,5867.154105562461,1730330186.56157
-1137.949661964138,5885.3260738046265,1730330186.5644217
-1151.5171708485093,5870.484515486302,1730330186.5681343
-1078.270504268468,5880.743966191289,1730330186.57222
-1050.8002103328956,5873.8819806435085,1730330186.576228
-1116.6037460093196,5866.081221828606,1730330186.5816493
-1158.7367843075735,5862.974329349319,1730330186.5853145
-1109.495891272532,5841.986041305786,1730330186.589481
-1064.121850028259,5842.254262239249,1730330186.59202
-1115.1508826197246,5867.4223264959255,1730330186.596552
-1171.6113891138302,5858.928663602908,1730330186.6000586
-1124.560967035409,5850.613814665534,1730330186.604381
-1057.8410098363174,5868.048175340674,1730330186.6090732
-1102.9915336360375,5855.933529845897,1730330186.6132112
-1169.689139090674,5866.908236373453,1730330186.6170936
-1136.5862055523642,5865.477724728314,1730330186.6202788
-1068.4804401970434,5857.967538591331,1730330186.6244447
-1097.269487055479,5821.690657340367,1730330186.62836
-1168.169220467713,5845.718782629822,1730330186.6322596
-1150.3995836257438,5837.739209859277,1730330186.637656
-1073.710748399585,5834.878186568998,1730330186.6411872
-1079.2763327689568,5829.379657432993,1730330186.6448543
-1150.198417925646,5840.980212805297,1730330186.6485147
-1156.8592377733275,5807.832575778077,1730330186.652161
-1090.3404462743338,5815.253354937238,1730330186.6564069
-1073.9342658441385,5847.082239041596,1730330186.6604502
-1134.9992316960374,5842.388372705981,1730330186.6650524
-1170.6949675911628,5795.382654116471,1730330186.669192
-1107.5736412493757,5796.410834361414,1730330186.6722293
-1064.8371058508285,5816.661514837923,1730330186.676298
-1131.266490372001,5833.626488879501,1730330186.680339
-1171.276112947001,5829.513767899724,1730330186.6842124
-1107.1936615936354,5839.34853546006,1730330186.6883843
-1061.0149575489709,5795.315598883105,1730330186.692076
-1109.4511877836214,5814.873375281498,1730330186.6971664
-1161.1954761976572,5831.257203967239,1730330186.7001407
-1123.2198623680906,5808.7266455562885,1730330186.7044616
-1063.1383732722252,5803.898668753943,1730330186.7082193
-1085.1548415607026,5847.462218697336,1730330186.7127817
-1150.6007493258417,5857.252282768761,1730330186.716162
-1145.0351649564702,5813.15229095844,1730330186.7204428
-1064.7700506174626,5817.19795670485,1730330186.7252896
-1076.392957734222,5849.630337909501,1730330186.7284577
-1147.3373946353668,5832.553605145647,1730330186.732316
-1154.7358220500737,5807.877279266987,1730330186.7364137
-1087.4794229840545,5798.467194851303,1730330186.7405388
-1080.4386234806327,5846.031707052196,1730330186.7445557
-1147.2479876575455,5834.095875513062,1730330186.7494612
-1148.9690719806042,5830.988983033774,1730330186.7524807
-1090.139280574236,5810.872413023998,1730330186.7555203
-1084.1490130602135,5857.699317657866,1730330186.7594275
-1149.8631417588165,5844.936471573887,1730330186.7646236
-1168.3033309344448,5807.832575778077,1730330186.768615
-1090.586315463342,5822.942355029864,1730330186.7726932
-1060.9702540600604,5832.978288290297,1730330186.776424
-1135.17804565168,5817.488529382769,1730330186.7805643
-1179.456851417643,5820.975401517797,1730330186.7833147
-1121.0293914114704,5805.619753077001,1730330186.7875872
-1059.048004036904,5849.138599531484,1730330186.7923653
-1105.0925976148364,5887.02480638323,1730330186.7968347
-1165.5764181108973,5891.808079696665,1730330186.8003623
-1146.3762696237886,5798.981284973775,1730330186.80504
-1083.657274682197,5810.045398479152,1730330186.808422
-1103.103292358314,5868.405803251959,1730330186.8115976
-1160.9719587531042,5869.232817796805,1730330186.8159456
-1145.0575167009256,5825.289288197671,1730330186.8209796
-1081.1985827921133,5815.588631104068,1730330186.8245883
-1079.8798298692502,5851.5749396771125,1730330186.8286808
-1157.4180313847105,5849.429172209403,1730330186.8327062
-1152.5006476045428,5824.775198075199,1730330186.8366077
-1066.267617495968,5848.311584986638,1730330186.8396432
-1070.4697454535658,5864.49424797228,1730330186.8435977
-1155.2946156614562,5836.643974380967,1730330186.8489084
-1173.779508325995,5826.205709720339,1730330186.853093
-1096.5542312329092,5814.716913070311,1730330186.8565054
-1064.6806436396414,5840.06379128263,1730330186.859548
-1128.1819496371686,5873.278483543216,1730330186.8635669
-1174.2935984484673,5837.850968581554,1730330186.8674011
-1114.659144241708,5815.432168892881,1730330186.8717227
-1065.5523616733983,5865.097745072573,1730330186.8765936
-1120.2917838444453,5886.756585449766,1730330186.8808937
-1170.1585257242352,5822.160043973929,1730330186.8845625
-1119.9565076776155,5813.91225026992,1730330186.887905
-1074.135431544236,5824.954012030842,1730330186.8914726
-1114.010943652504,5848.557454175646,1730330186.8957827
-1174.7406333375734,5832.710067356833,1730330186.8995197
-1129.008964182015,5833.872358068509,1730330186.9035532
-1061.3725854602558,5842.723648872811,1730330186.90846
-1106.947792404627,5841.851930839054,1730330186.9132023
-1174.1594879817353,5849.406820464948,1730330186.915944
-1149.818438269906,5846.143465774473,1730330186.9200382
-1075.8118123783845,5833.2018057348505,1730330186.9236743
-1082.5843909483422,5845.718782629822,1730330186.9281948
-1162.8271535428946,5843.707125628845,1730330186.9321692
-1167.722185578607,5823.925831785898,1730330186.936655
-1085.6018764498087,5846.322279730115,1730330186.9409416
-1084.886620627239,5827.971497532309,1730330186.9437077
-1160.7260895640957,5819.7013520838445,1730330186.947788
-1174.427708915199,5798.489546595758,1730330186.9518423
-1098.1859085781466,5814.716913070311,1730330186.9556632
-1055.7846493464292,5864.673061927922,1730330186.9597049
-1129.6348130267636,5867.44467824038,1730330186.9651744
-1177.8028223279505,5816.795625304655,1730330186.9688792
-1103.4832720140544,5805.2621251657165,1730330186.971945
-1055.2258557350465,5838.387410448481,1730330186.9755824
-1108.9594494056046,5873.569056221135,1730330186.9801335
-1158.5356186074755,5869.188114307895,1730330186.9835715
-1130.595938038342,5806.603229833035,1730330186.9881473
-1072.168478032169,5823.232927707783,1730330186.9925869
-1100.8010626794176,5857.051117068662,1730330186.995884
-1165.330548921889,5845.808189607643,1730330186.9995935
-1143.1799701666798,5820.550718373146,1730330187.0037796
-1082.0255973369597,5821.020105006708,1730330187.0078423
-1103.103292358314,5848.222178008817,1730330187.0118484
-1163.6318163432857,5855.799419379166,1730330187.0158572
-1161.106069219836,5837.649802881456,1730330187.0211732
-1078.4493182241104,5847.506922186247,1730330187.023728
-1083.657274682197,5876.117155089039,1730330187.026948
-1158.8038395409394,5848.736268131289,1730330187.0320673
-1163.2294849430905,5813.219346191806,1730330187.0362597
-1096.26365855499,5815.275706681694,1730330187.0400424
-1074.8059838778954,5833.179453990395,1730330187.0438669
-1146.5327318349755,5863.309605516149,1730330187.04921
-1174.0477292594587,5841.427247694403,1730330187.0522733
-1109.942926161638,5823.1658724744175,1730330187.055307
-1072.4814024545435,5837.269823225716,1730330187.0598116
-1132.585243294864,5861.432058981903,1730330187.063887
-1179.8591828178387,5845.96465181883,1730330187.067862
-1125.9244234471826,5830.765465589222,1730330187.071944
-1074.4036524776998,5858.124000802517,1730330187.0770998
-1118.8165687103951,5915.232707885827,1730330187.0801573
-1171.0525955024475,5842.276613983705,1730330187.0827472
-1144.8563510008278,5801.663494308412,1730330187.08837
-1074.78363213344,5842.343669217071,1730330187.0918863
-1096.4201207661774,5874.217256810339,1730330187.0962536
-1170.13617397978,5869.344576519082,1730330187.0997698
-1144.9010544897385,5840.220253493817,1730330187.1039076
-1069.173344275158,5865.075393328118,1730330187.1077905
-1080.2821612694456,5878.173515578927,1730330187.1112957
-1162.693043076163,5857.185227535395,1730330187.1161096
-1158.625025585297,5827.859738810032,1730330187.1202335
-1091.7039026861075,5831.368962689515,1730330187.1238365
-1084.9313241161494,5868.629320696512,1730330187.1280773
-1150.0196039700036,5880.833373169109,1730330187.131038
-1156.3451476508556,5882.934437147908,1730330187.134889
-1089.4463764961215,5841.941337816875,1730330187.139343
-1082.5843909483422,5825.043419008663,1730330187.144137
-1146.242159157057,5860.49328571478,1730330187.148108
-1176.9311042941931,5838.230948237294,1730330187.1520865
-1119.17419662168,5840.10849477154,1730330187.1563091
-1079.3433880023229,5866.014166595241,1730330187.1589336
-1116.6931529871408,5882.733271447811,1730330187.163126
-1171.7678513250175,5880.788669680199,1730330187.1668315
-1133.0322781839702,5824.864605053021,1730330187.1710677
-1078.5163734574764,5817.890860782964,1730330187.1749077
-1119.755341977518,5853.139561788984,1730330187.180282
-1175.522944393509,5866.572960206623,1730330187.1839375
-1143.1129149333135,5830.541948144669,1730330187.1875107
-1078.0246350794596,5851.418477465925,1730330187.1909752
-1106.4560540266102,5887.717710461344,1730330187.195572
-1175.2770752045008,5861.879093871009,1730330187.199242
-1146.8233045128948,5825.736323086778,1730330187.2042584
-1073.2637135104792,5824.328163186093,1730330187.2080524
-1086.004207850004,5864.11426831654,1730330187.2122984
-1165.7105285776292,5877.3465010340815,1730330187.214944
-1166.5151913780203,5848.512750686736,1730330187.2190728
-1103.080940613859,5835.079352269096,1730330187.2230673
-1084.9089723716943,5854.503018200758,1730330187.2271523
-1151.94185399316,5872.429117253914,1730330187.2319517
-1164.168258210213,5888.88000117302,1730330187.236136
-1091.0557020969036,5883.046195870184,1730330187.2390854
-1078.3599112462891,5859.01807058073,1730330187.2430704
-1137.8826067307718,5893.775033208733,1730330187.247162
-1169.689139090674,5853.094858300074,1730330187.251196
-1112.3792663072666,5863.3766607495145,1730330187.2551303
-1065.8652860957725,5872.518524231735,1730330187.259047
-1121.4317228116658,5876.921817889431,1730330187.2641675
-1167.5657233674197,5878.195867323383,1730330187.2669804
-1129.5677577933975,5880.095765602085,1730330187.2714589
-1067.2063907630911,5890.601085496079,1730330187.2750556
-1098.07414985587,5886.600123238579,1730330187.2795491
-1168.973883268104,5856.11234380154,1730330187.2829912
-1136.362688107811,5849.20565476485,1730330187.2875602
-1076.527068200954,5872.384413765003,1730330187.292096
-1106.3442953043336,5888.92470466193,1730330187.2957015
-1167.4092611562326,5885.236666826805,1730330187.299363
-1152.6794615601852,5852.312547244138,1730330187.3033054
-1075.722405400563,5856.358212990548,1730330187.307328
-1078.985760091038,5888.365911050548,1730330187.3113706
-1164.4811826325874,5887.091861616595,1730330187.315361
-1155.1828569391796,5875.312492288648,1730330187.320723
-1082.6067426927975,5890.556382007168,1730330187.3232155
-1072.1908297766245,5870.484515486302,1730330187.3262055
-1147.2256359130904,5889.97523665133,1730330187.3313923
-1183.770738097517,5858.235759524794,1730330187.3358445
-1113.6086122523084,5833.224157479305,1730330187.3395152
-1071.6990913986078,5860.135657803495,1730330187.34336
-1138.977842209082,5883.090899359096,1730330187.3488183
-1180.4179764292212,5857.811076380143,1730330187.3512316
-1117.3860570652553,5844.377677962503,1730330187.3554106
-1070.5815041758424,5872.250303298271,1730330187.3593168
-1120.5153012889984,5898.759472222266,1730330187.363356
-1183.9048485642493,5865.20950379485,1730330187.3671515
-1131.6017665388306,5829.20084347735,1730330187.3715253
-1069.7991931199067,5866.461201484347,1730330187.3751583
-1107.9536209051157,5869.836314897098,1730330187.3785431
-1170.8737815468053,5844.668250640422,1730330187.382361
-1149.9525487366377,5851.619643166023,1730330187.38762
-1070.2462280090128,5861.744983404277,1730330187.391192
-1081.9585421035936,5899.541783278201,1730330187.3954437
-1156.7027755621405,5880.900428402475,1730330187.3992
-1153.75234529404,5830.519596400213,1730330187.40337
-1079.1869257911355,5846.6799076414,1730330187.4066756
-1073.822507121862,5873.993739365786,1730330187.4109073
-1155.428726128188,5884.387300537504,1730330187.4154856
-1170.8067263134392,5863.600178194068,1730330187.4197905
-1091.234516052546,5844.556491918146,1730330187.4233444
-1068.6145506637754,5862.192018293384,1730330187.4277253
-1138.8660834868056,5891.182230851917,1730330187.4308844
-1165.107031477336,5863.06373632714,1730330187.4343543
-1113.6980192301296,5831.704238856344,1730330187.4388604
-1075.8341641228396,5845.182340762895,1730330187.443522
-1126.103237402825,5871.758564920255,1730330187.4476707
-1176.1264414938023,5876.117155089039,1730330187.451518
-1126.9079002032165,5842.164855261428,1730330187.4554589
-1068.5027919414988,5868.5399137186905,1730330187.4583547
-1112.1110453738029,5854.324204245116,1730330187.4625847
-1188.0175695440255,5837.58274764809,1730330187.466388
-1143.93992947816,5840.801398849654,1730330187.4706316
-1071.1179460427695,5846.791666363677,1730330187.475398
-1091.0557020969036,5869.97042536383,1730330187.4798691
-1160.9943104975594,5865.634186939501,1730330187.482617
-1162.6706913317075,5812.4817386247805,1730330187.4866383
-1082.2938182704231,5810.023046734696,1730330187.490698
-1081.913838614683,5869.679852685911,1730330187.4950988
-1161.7766215534953,5862.102611315562,1730330187.499077
-1169.0632902459254,5831.301907456149,1730330187.503526
-1094.497870743021,5832.687715612378,1730330187.5075865
-1087.948809617616,5860.068602570129,1730330187.511027
-1158.0438802294589,5865.54477996168,1730330187.514808
-1168.2586274455343,5848.713916386833,1730330187.5184853
-1094.8554986543058,5843.662422139933,1730330187.5226195
-1060.9926058045155,5868.204637551861,1730330187.526713
-1130.1489031492356,5876.810059167155,1730330187.5309556
-1168.7727175680063,5855.218274023328,1730330187.5361552
-1112.1110453738029,5847.01518380823,1730330187.5387137
-1070.8944285982168,5867.064698584641,1730330187.5424633
-1125.3879815802552,5884.655521470967,1730330187.5469923
-1164.7494035660511,5868.204637551861,1730330187.550448
-1120.180025122169,5834.006468535241,1730330187.5548213
-1062.7136901275742,5842.388372705981,1730330187.5596535
-1111.3063825734118,5883.604989481568,1730330187.5634644
-1178.8533543173498,5858.30281475816,1730330187.5664637
-1136.9661852081044,5826.675096353901,1730330187.5709603
-1071.341463487323,5840.913157571931,1730330187.5755727
-1101.851594668817,5887.114213361051,1730330187.57907
-1167.9009995342494,5890.176402351428,1730330187.582621
-1150.4442871146546,5882.733271447811,1730330187.5868003
-1079.8574781247949,5843.7294773733,1730330187.5908542
-1085.557172960898,5849.093896042574,1730330187.595218
-1156.0545749729365,5880.699262702377,1730330187.5990713
-1165.0846797328809,5849.004489064752,1730330187.6037097
-1099.5046615010097,5839.415590693426,1730330187.606732
-1082.2938182704231,5869.054003841163,1730330187.609701
-1151.9195022487047,5870.976253864319,1730330187.614699
-1176.4170141717211,5835.057000524641,1730330187.6187773
-1107.7301034605628,5827.390352176471,1730330187.62272
-1070.693262898119,5857.229931024305,1730330187.6267548
-1129.7018682601297,5872.339710276093,1730330187.6317852
-1177.4228426722102,5854.592425178579,1730330187.6346424
-1123.331621090367,5846.948128574864,1730330187.637794
-1064.4347744506329,5872.652634698467,1730330187.642664
-1116.2908215869454,5882.777974936721,1730330187.6467865
-1163.877685532294,5856.559378690646,1730330187.6506453
-1126.8408449698502,5818.0026195052415,1730330187.6548069
-1073.0401960659262,5825.333991686582,1730330187.6575933
-1104.26558306999,5872.87615214302,1730330187.6617663
-1172.9301420366935,5869.076355585618,1730330187.6658363
-1143.783467266973,5829.089084755074,1730330187.670838
-1070.6038559202975,5850.189131520883,1730330187.6746693
-1089.8487078963171,5860.806210137154,1730330187.678861
-1159.2508744300455,5842.030744794696,1730330187.682652
-1155.495781361554,5825.177529475395,1730330187.6868727
-1083.366702004278,5825.557509131135,1730330187.689859
-1082.6514461817085,5848.177474519905,1730330187.6938384
-1156.5016098620426,5861.923797359919,1730330187.6988869
-1171.4772786470985,5844.981175062797,1730330187.702738
-1090.5416119744316,5824.39521841946,1730330187.7067845
-1077.5999519348088,5828.86556731052,1730330187.7108989
-1146.2198074126015,5859.01807058073,1730330187.7150905
-1171.5443338804644,5843.528311673202,1730330187.7181835
-1099.4152545231884,5851.194960021372,1730330187.7220905
-1071.9226088431608,5854.234797267294,1730330187.7270904
-1139.9836707095708,5823.478796896791,1730330187.7311172
-1176.394662427266,5833.134750501484,1730330187.7352264
-1123.5551385349202,5821.7577125737325,1730330187.7388036
-1074.7165769000742,5838.946204059864,1730330187.7417235
-1125.1197606467915,5866.416497995437,1730330187.7459607
-1166.2469704445566,5860.090954314584,1730330187.7497385
-1133.4122578397105,5812.593497347057,1730330187.7539256
-1077.152917045703,5835.906366813942,1730330187.75876
-1109.8535191838168,5860.225064781316,1730330187.7629154
-1177.8028223279505,5851.641994910478,1730330187.7658124
-1161.5978075978528,5820.416607906414,1730330187.7700744
-1081.5338589589428,5831.368962689515,1730330187.7740967
-1088.105271828803,5864.11426831654,1730330187.7781334
-1163.4530023876432,5896.703111732378,1730330187.7823224
-1153.3500138938443,5844.265919240227,1730330187.7874136
-1072.2131815210798,5831.771294089711,1730330187.7907827
-1072.59316117682,5854.033631567197,1730330187.7940989
-1150.041955714459,5879.045233612685,1730330187.7983644
-1169.4209181572105,5850.30089024316,1730330187.8022785
-1104.913783659194,5822.495320140758,1730330187.8061357
-1063.2501319945018,5852.424305966414,1730330187.810594
-1129.6795165156743,5869.635149197001,1730330187.8153052
-1172.9301420366935,5841.807227350143,1730330187.819178
-1111.909879673705,5815.052189237141,1730330187.8220544
-1069.4415652086218,5847.171646019417,1730330187.8259745
-1125.723257747085,5866.461201484347,1730330187.8302407
-1177.2887322054785,5845.405858207448,1730330187.8339095
-1124.4715600575878,5840.175550004906,1730330187.8384132
-1069.173344275158,5859.375698492015,1730330187.8431149
-1108.691228472141,5887.874172672531,1730330187.847469
-1173.7124530926292,5860.359175248048,1730330187.8499749
-1140.587167809864,5810.6712473239,1730330187.8541856
-1076.7952891344178,5816.4156456489145,1730330187.8579476
-1101.5163185019874,5861.722631659822,1730330187.8621728
-1162.715394820618,5858.0345938246965,1730330187.865951
-1142.7552870220288,5849.183303020394,1730330187.8705258
-1075.3871292337335,5853.832465867098,1730330187.8749352
-1087.2112020505908,5852.826637366609,1730330187.878261
-1169.4432699016654,5855.352384490059,1730330187.881981
-1170.8961332912604,5849.607986165045,1730330187.8862023
-1101.0245801239705,5846.076410541107,1730330187.8906696
-1088.395844506722,5856.715840901833,1730330187.894308
-1151.3383568928668,5862.661404926945,1730330187.8991327
-1169.1303454792912,5842.030744794696,1730330187.902207
-1101.3151528018896,5830.139616744473,1730330187.905624
-1075.5435914449206,5859.755678147755,1730330187.9107273
-1136.3179846189005,5881.034538869208,1730330187.9145813
-1161.7989732979504,5867.3105677736485,1730330187.9183269
-1106.0537226264146,5834.811131335632,1730330187.922357
-1054.6447103792084,5890.042291884696,1730330187.9276507
-1103.9973621365264,5908.16955663795,1730330187.9306288
-1166.783412311484,5863.801343894165,1730330187.9330816
-1130.7971037384395,5836.174587747406,1730330187.938723
-1066.6028936627977,5854.704183900855,1730330187.942005
-1098.8341091673506,5863.264902027238,1730330187.94638
-1175.075909504403,5862.884922371498,1730330187.950072
-1141.011850954515,5848.065715797629,1730330187.95457
-1072.146126287714,5863.354309005059,1730330187.9580956
-1093.9390771316382,5880.296931302182,1730330187.9614005
-1163.497705876554,5877.391204522992,1730330187.9653275
-1159.5637988524195,5858.235759524794,1730330187.970688
-1087.5464782174204,5853.251320511261,1730330187.974121
-1089.0216933514707,5897.485422788313,1730330187.9783883
-1159.94377850816,5902.000475168285,1730330187.9825444
-1172.0360722584812,5851.485532699291,1730330187.986484
-1091.815661408384,5867.4223264959255,1730330187.9894247
-1068.949826830605,5899.810004211665,1730330187.9933093
-1157.2839209179783,5875.133678333006,1730330187.9986963
-1170.8737815468053,5837.806265092643,1730330188.002334
-1106.120777859781,5846.8810733414975,1730330188.0067327
-1073.4425274661216,5876.720652189333,1730330188.009091
-1138.5308073199758,5876.6983004448775,1730330188.0132377
-1180.4850316625873,5866.908236373453,1730330188.0172737
-1114.949716919627,5860.426230481414,1730330188.0216358
-1068.1004605413034,5886.331902305115,1730330188.0263343
-1112.803949451917,5921.893527733509,1730330188.0306697
-1168.9291797791934,5894.512640775757,1730330188.0342484
-1125.0974089023364,5868.83048639661,1730330188.037671
-1060.277349981946,5897.440719299402,1730330188.0413125
-1098.6329434672527,5898.267733844249,1730330188.0452943
-1172.6619211032298,5895.630227998523,1730330188.049184
-1146.5327318349755,5854.167742033928,1730330188.0549698
-1074.560114688887,5860.82856188161,1730330188.0583038
-1098.856460911806,5887.293027316693,1730330188.0629125
-1167.722185578607,5883.78380343721,1730330188.0655673
-1155.6745953171965,5867.176457306917,1730330188.06945
-1086.205373550102,5885.460184271358,1730330188.073405
-1080.6174374362752,5911.902297961986,1730330188.077777
-1159.2508744300455,5888.455318028369,1730330188.0822167
-1173.779508325995,5858.928663602908,1730330188.0863576
-1102.45509176911,5868.249341040772,1730330188.0905285
-1073.9342658441385,5900.949943178885,1730330188.0934343
-1141.6153480548082,5913.466920073858,1730330188.097774
-1174.8523920598498,5882.442698769892,1730330188.101446
-1118.3248303323785,5869.299873030171,1730330188.1055412
-1074.269542010968,5878.642902212489,1730330188.1094348
-1130.7076967606183,5906.850803715087,1730330188.1145847
-1180.4850316625873,5915.545632308202,1730330188.119038
-1126.3044031029228,5898.133623377517,1730330188.1215353
-1074.6495216667083,5883.493230759291,1730330188.1252894
-1121.7446472340405,5905.397940325492,1730330188.1295557
-1171.4102234137326,5911.857594473076,1730330188.1333225
-1141.6376997992636,5909.26479211626,1730330188.137852
-1080.97506534756,5896.524297776735,1730330188.1423612
-1101.1139871017915,5894.289123331204,1730330188.1455371
-1177.3781391832997,5903.430986813425,1730330188.1493003
-1158.84854302985,5885.460184271358,1730330188.1533434
-1074.8283356223508,5891.204582596371,1730330188.1573725
-1080.3492165028115,5928.375533625547,1730330188.1613517
-1159.1614674522243,5951.1296094810505,1730330188.1657486
-1157.105106962336,5910.851765972587,1730330188.170811
-1080.4162717361776,5891.40574829647,1730330188.1735168
-1068.435736708133,5936.086885462629,1730330188.1779304
-1144.4987230895429,5968.496914922824,1730330188.18216
-1172.4160519142213,5897.865402444053,1730330188.185538
-1106.657219726708,5889.4387947844025,1730330188.1895208
-1063.5407046724206,5900.368797823048,1730330188.193488
-1129.4336473266658,5940.020792486763,1730330188.1984515
-1178.0263397725034,5919.367780610059,1730330188.2014315
-1117.7660367209955,5884.946094148886,1730330188.2054422
-1069.0168820639708,5924.352219623593,1730330188.2095418
-1120.9623361781046,5937.137417452028,1730330188.2135353
-1172.5054588920425,5922.519376578257,1730330188.2173915
-1123.1528071347243,5904.660332758467,1730330188.2215822
-1064.7476988730073,5932.51060634978,1730330188.2265985
-1114.301516330423,5953.029507759751,1730330188.2296212
-1180.2838659624897,5934.6340220730335,1730330188.2324612
-1142.4423625996546,5890.444623284891,1730330188.237601
-1073.5989896773087,5886.086033116107,1730330188.241463
-1094.9896091210378,5941.160731453983,1730330188.2456057
-1170.493801891065,5952.515417637279,1730330188.2494748
-1150.7125080481185,5913.243402629305,1730330188.2535791
-1077.8234693793618,5903.78861472471,1730330188.2574563
-1087.4570712395991,5928.017905714262,1730330188.2607002
-1165.7999355554505,5916.640867786511,1730330188.2657113
-1171.879610047294,5900.212335611861,1730330188.26971
-1095.593106221331,5915.009190441274,1730330188.273652
-1077.7117106570854,5944.781714055743,1730330188.2780051
-1155.719298806107,5947.441571645924,1730330188.282009
-1177.2440287165678,5899.653542000478,1730330188.2848563
-1101.0916353573366,5890.779899451721,1730330188.2890644
-1063.205428505591,5928.152016180995,1730330188.2936423
-1133.591071795353,5939.327888408648,1730330188.2978497
-1184.2401247310788,5914.763321252265,1730330188.3019865
-1118.011905910004,5928.062609203173,1730330188.305879
-1063.607759905787,5943.373554155059,1730330188.3085656
-1116.469635542588,5957.499856650813,1730330188.3127196
-1170.203229213146,5946.994536756818,1730330188.3166
-1125.7903129804508,5915.567984052656,1730330188.3210027
-1068.2792744969458,5933.807007528188,1730330188.3257124
-1096.6436382107304,5980.879781351064,1730330188.3300524
-1156.0322232284814,5967.893417822531,1730330188.3336082
-1143.202321911135,5910.069454916651,1730330188.3372197
-1074.4483559666105,5922.74289402281,1730330188.3406572
-1095.1013678433142,5944.5581966111895,1730330188.344966
-1163.1177262208137,5937.807969785687,1730330188.3488734
-1155.2722639170008,5916.596164297601,1730330188.3537033
-1084.528992715954,5922.295859133704,1730330188.3577037
-1075.722405400563,5964.384193943048,1730330188.3619008
-1151.9195022487047,5985.998330831329,1730330188.364977
-1173.2207147146123,5942.703001821399,1730330188.3690865
-1104.1538243477137,5921.222975399849,1730330188.3731828
-1075.6106466782865,5918.808986998676,1730330188.3772416
-1143.8281707558835,5952.448362403913,1730330188.3819072
-1172.2595897030342,5926.073303946651,1730330188.3861978
-1113.2733360854788,5916.774978253243,1730330188.3889308
-1074.761280388985,5930.208376670883,1730330188.392804
-1140.877740487783,5939.596109342112,1730330188.3971927
-1173.7124530926292,5943.105333221595,1730330188.4009097
-1114.4356267971548,5935.148112195506,1730330188.4053023
-1070.3579867312892,5938.813798286176,1730330188.410282
-1112.3569145628112,5956.4716764058685,1730330188.4138515
-1176.2829037049894,5940.93721400943,1730330188.4167168
-1145.0798684453807,5923.525205078746,1730330188.421018
-1078.5163734574764,5923.391094612014,1730330188.4248202
-1108.177138349669,5931.258908660282,1730330188.429005
-1172.0360722584812,5948.760324568788,1730330188.4327867
-1149.2819964029786,5910.114158405561,1730330188.4383614
-1086.0489113389149,5911.812890984165,1730330188.4417875
-1092.1509375752137,5959.042127018229,1730330188.4451623
-1153.774697038495,5973.302539980715,1730330188.4490004
-1150.46663885911,5943.46296113288,1730330188.4529016
-1079.812774635884,5958.5280368957565,1730330188.4570804
-1080.572733947365,5964.384193943048,1730330188.4610393
-1150.8242667703948,5954.303557193703,1730330188.4654922
-1167.073984989403,5896.345483821093,1730330188.470064
-1090.6757224411635,5903.319228091148,1730330188.472983
-1070.4920971980212,5950.928443780952,1730330188.4773011
-1138.687269531163,5967.938121311441,1730330188.4810205
-1167.1186884783135,5929.627231315045,1730330188.4851637
-1110.6358302397527,5920.507719577279,1730330188.4890711
-1070.983835576038,5941.585414598634,1730330188.493043
-1125.6562025137189,5963.5124759092905,1730330188.497352
-1173.1760112257018,5940.713696564877,1730330188.4998868
-1124.0021734240263,5927.146187680506,1730330188.505642
-1070.3803384757446,5937.673859318956,1730330188.5090375
-1113.3627430633,5943.798237299709,1730330188.5129895
-1177.0652147609253,5947.754496068299,1730330188.516925
-1143.649356800241,5939.327888408648,1730330188.521557
-1070.268579753468,5938.3891151415255,1730330188.5250149
-1096.9565626331048,5949.564987369178,1730330188.5281186
-1169.0632902459254,5973.861333592097,1730330188.5321977
-1158.4015081407438,5927.861443503076,1730330188.5375452
-1082.5396874594317,5925.872138246553,1730330188.540979
-1077.2646757679793,5960.293824707726,1730330188.5452745
-1150.0643074589143,5942.054801232195,1730330188.5489433
-1161.1284209642913,5929.046085959207,1730330188.553115
-1095.660161454697,5931.437722615925,1730330188.556306
-1085.2666002829792,5957.499856650813,1730330188.5603888
-1156.3451476508556,5972.564932413689,1730330188.5654502
-1172.2819414474895,5937.360934896581,1730330188.5691924
-1101.0022283795154,5931.46007436038,1730330188.5731564
-1072.4814024545435,5949.363821669081,1730330188.5776894
-1131.266490372001,5978.510496438801,1730330188.581607
-1160.1449442082578,5973.213133002893,1730330188.584106
-1103.0362371249482,5949.006193757796,1730330188.588354
-1052.0072045334823,5961.120839252572,1730330188.5931568
-1112.3792663072666,5979.89630459503,1730330188.5975013
-1176.0817380048918,5943.954699510897,1730330188.6012688
-1124.113932146303,5940.244309931316,1730330188.6055455
-1069.754489630996,5963.110144509094,1730330188.6091516
-1114.3909233082445,5966.217036988383,1730330188.612247
-1169.487973390576,5935.483388362335,1730330188.6161056
-1134.976879951582,5913.846899729598,1730330188.6213036
-1063.9877395615267,5934.969298239863,1730330188.62504
-1083.947847360116,5987.339435498648,1730330188.6296031
-1167.5657233674197,5960.115010752083,1730330188.6322684
-1164.7717553105065,5924.620440557056,1730330188.6363535
-1082.0479490814148,5926.565042324668,1730330188.6404195
-1084.3054752714008,5962.059612519695,1730330188.6444013
-1147.873836502294,5969.055708534206,1730330188.649042
-1162.9836157540817,5945.474618133858,1730330188.6532652
-1094.2296498095573,5940.154902953495,1730330188.6572385
-1088.7758241624624,5963.356013698103,1730330188.6604755
-1145.6386620567637,5957.164580483983,1730330188.6642573
-1170.13617397978,5940.624289587056,1730330188.6683197
-1106.120777859781,5940.065495975673,1730330188.672377
-1078.6057804352977,5970.6203306460775,1730330188.6776512
-1135.3568596073223,5992.748557656832,1730330188.6812887
-1180.5967903848637,5941.786580298732,1730330188.6857207
-1126.5502722919314,5933.762304039276,1730330188.688729
-1071.654387909697,5952.358955426092,1730330188.6921997
-1121.0293914114704,5970.508571923801,1730330188.6966004
-1173.6006943703526,5960.137362496539,1730330188.700151
-1133.7028305176295,5943.261795432783,1730330188.7045
-1068.9274750861496,5981.907961596008,1730330188.7093444
-1096.6883416996411,6008.28302005327,1730330188.713385
-1164.4811826325874,5960.070307263173,1730330188.7162113
-1145.7727725234954,5940.668993075967,1730330188.720708
-1071.9002570987054,5957.477504906357,1730330188.7242491
-1092.240344553035,5981.907961596008,1730330188.728936
-1162.5142291205204,5984.5901709306445,1730330188.7322333
-1151.0254324704924,5968.094583522628,1730330188.737788
-1083.7466816600183,5951.666051347977,1730330188.740466
-1078.0022833350042,6013.915659656008,1730330188.7433963
-1147.1809324241797,6012.887479411063,1730330188.7486346
-1167.9680547676153,5926.02860045774,1730330188.7526655
-1099.258792312001,5934.924594750953,1730330188.7566829
-1078.8963531132167,5973.7272231253655,1730330188.7607803
-1140.587167809864,5979.270455750282,1730330188.765258
-1166.559894866931,5956.806952572698,1730330188.7684703
-1120.0012111665262,5957.388097928536,1730330188.7725215
-1075.431832722644,5955.46584790538,1730330188.7764509
-1125.589147280353,5986.780641887265,1730330188.780485
-1171.3878716692773,5982.824383118676,1730330188.7843995
-1125.879719958272,5955.108219994095,1730330188.7884965
-1072.0567193098927,5973.280188236259,1730330188.793463
-1112.4686732850878,6010.339380543159,1730330188.796582
-1173.4442321591655,6010.674656709988,1730330188.7993157
-1140.65422304323,5956.806952572698,1730330188.804907
-1081.332693258845,5962.059612519695,1730330188.8083332
-1103.3491615473226,5996.95068561443,1730330188.8126829
-1171.879610047294,6006.718397941399,1730330188.8163967
-1155.9651679951153,5978.331682483159,1730330188.8219266
-1085.6465799387192,5974.3754237145695,1730330188.824303
-1081.1538793032023,6018.855395180631,1730330188.8275268
-1147.2926911464565,6021.492901026357,1730330188.8322847
-1148.8349615138725,6010.786415432265,1730330188.8365612
-1082.562039203887,5983.405528474514,1730330188.8404477
-1078.2481525240128,6016.955496901929,1730330188.844529
-1150.46663885911,6012.686313710966,1730330188.8484674
-1171.7007960916517,5990.803955889221,1730330188.852559
-1097.6494667112192,5995.609580947111,1730330188.855606
-1067.7204808855631,6020.464720781412,1730330188.8604307
-1139.8048567539283,6028.623107507599,1730330188.8645036
-1171.879610047294,6011.367560788102,1730330188.8685205
-1106.7689784489846,5978.689310394444,1730330188.8725936
-1064.7476988730073,5991.809784389709,1730330188.8765154
-1126.9973071810375,6028.131369129583,1730330188.8796103
-1176.0146827715257,6015.703799212432,1730330188.883438
-1125.5220920469872,5990.289865766748,1730330188.8876529
-1070.3579867312892,6030.947688930952,1730330188.8924303
-1104.9584871481047,6055.042869453772,1730330188.8966756
-1170.2479327020565,5996.99538910334,1730330188.9006722
-1138.46375208661,5972.22965624686,1730330188.9044087
-1080.6174374362752,5990.893362867041,1730330188.9074557
-1098.7670539339847,6029.271308096803,1730330188.9116497
-1170.6949675911628,6028.24312785186,1730330188.9154072
-1156.970996495604,6000.571668216189,1730330188.9204931
-1084.9536758606048,5999.7893571602535,1730330188.924484
-1089.625190451764,6020.28590682577,1730330188.9285986
-1163.7659268100176,6030.523005786301,1730330188.9315164
-1169.4656216461208,6002.695083939444,1730330188.9354355
-1098.7894056784398,6014.116825356105,1730330188.9397058
-1090.07222534087,6040.402476835547,1730330188.9437482
-1146.6444905572523,6004.125595584584,1730330188.948686
-1167.5210198785092,6003.790319417753,1730330188.9526243
-1101.6727807131745,6004.170299073494,1730330188.9566703
-1075.49888795601,6039.6425175240665,1730330188.9596508
-1136.0944671743473,6043.5764245482005,1730330188.9637644
-1169.1526972237466,5999.7893571602535,1730330188.967795
-1109.3617808058002,5984.880743608564,1730330188.9717577
-1062.3560622162893,6017.894270169052,1730330188.9767444
-1118.7942169659398,6041.184787891482,1730330188.9807706
-1176.1934967271682,6019.615354492111,1730330188.9836793
-1126.9526036921268,6003.700912439932,1730330188.9876368
-1066.982873318538,6029.472473796902,1730330188.991639
-1104.042065625437,6043.129389659094,1730330188.995832
-1104.4443970256325,7229.2917644133295,1730330194.0152647
-1152.813572026917,7207.387054847129,1730330194.018474
-1098.6329434672527,7188.008092404377,1730330194.0232763
-1044.340556185312,7204.928362957045,1730330194.0266235
-1090.563963718887,7225.402560878106,1730330194.030654
-1153.8194005274058,7206.716502513469,1730330194.0343308
-1120.4258943111772,7178.061566121765,1730330194.0382578
-1056.7904778469178,7187.3822435596285,1730330194.0433805
-1082.9420188596273,7216.908897985089,1730330194.046452
-1150.265473159012,7214.204336905997,1730330194.0504313
-1136.943833463649,7178.821525433246,1730330194.054438
-1065.9993965625044,7180.833182434223,1730330194.0583775
-1074.470707711066,7215.52308982886,1730330194.0629475
-1147.4491533576434,7217.691209041025,1730330194.0666716
-1147.717374291107,7186.510525525871,1730330194.071486
-1075.945922845116,7182.867191179656,1730330194.0745385
-1065.373547717756,7214.539613072827,1730330194.0785432
-1137.0779439303808,7222.04979920981,1730330194.0825143
-1157.462734873621,7194.646560507604,1730330194.0865076
-1084.372530504767,7190.064452894266,1730330194.0905335
-1058.6680243811636,7211.388017104628,1730330194.0945692
-1126.2596996140123,7224.039104466332,1730330194.099589
-1161.4860488755762,7200.994455932911,1730330194.102616
-1097.783577177951,7184.811792947268,1730330194.10551
-1054.4435446791106,7201.866173966668,1730330194.1106064
-1112.0216383959817,7217.065360196276,1730330194.1144445
-1166.0011012555483,7195.495926796905,1730330194.11855
-1119.2859553439564,7169.590254973204,1730330194.1224184
-1062.244303494013,7183.560095257771,1730330194.126613
-1100.845766168328,7207.9011449696,1730330194.1296184
-1167.3869094117772,7191.807888961779,1730330194.133557
-1134.1498654067357,7167.265673549852,1730330194.1386995
-1064.6135884062753,7177.4580690214725,1730330194.1426604
-1081.8020798924065,7209.845746737212,1730330194.1467018
-1152.433592371177,7204.794252490313,1730330194.150633
-1137.457923586121,7175.222894575942,1730330194.1536777
-1064.635940150731,7180.140278356109,1730330194.1576667
-1064.5912366618202,7216.350104373706,1730330194.1616752
-1135.692135774152,7220.1946044200195,1730330194.1668615
-1143.6046533113306,7186.488173781416,1730330194.1706083
-1074.336597244334,7176.474592265438,1730330194.174693
-1061.2831784824346,7200.636828021626,1730330194.1787014
-1131.0876764163586,7209.555174059293,1730330194.1827152
-1155.853409272839,7181.928417912533,1730330194.1857257
-1092.3073997864008,7164.382298515117,1730330194.1895516
-1061.8643238382726,7184.543572013805,1730330194.1937497
-1123.912766446205,7198.647522765104,1730330194.1987004
-1164.2129616991238,7176.340481798707,1730330194.2027175
-1104.556155747909,7160.023708346333,1730330194.2066028
-1053.9294545566386,7181.079051623232,1730330194.2096732
-1107.528937760465,7200.145089643609,1730330194.2136476
-1164.8388105438723,7180.9449411565,1730330194.2177737
-1120.26943209999,7159.442562990495,1730330194.2217643
-1061.7078616270855,7171.668967207547,1730330194.2268116
-1100.4881382570431,7192.23257210643,1730330194.2306268
-1164.1012029768472,7181.637845234614,1730330194.2338333
-1137.3461648638445,7151.373583242129,1730330194.2378287
-1070.5815041758424,7153.407591987561,1730330194.2418213
-1085.0654345828814,7182.621321990648,1730330194.2456431
-1158.1779906961908,7177.1674963435535,1730330194.2497563
-1148.4102783692215,7151.08301056421,1730330194.254608
-1073.9566175885936,7154.525179210327,1730330194.2589507
-1068.59219891932,7191.696130239503,1730330194.2616107
-1143.627005055786,7188.432775549028,1730330194.2657995
-1156.7474790510512,7152.5135222093495,1730330194.2695992
-1085.043082838426,7145.338612239196,1730330194.2737868
-1064.7700506174626,7170.953711384977,1730330194.2777815
-1136.005060196526,7176.385185287618,1730330194.2828748
-1165.174086710702,7153.295833265285,1730330194.286867
-1097.7612254334958,7152.200597786975,1730330194.2897048
-1050.0626027658705,7189.036272649321,1730330194.293723
-1100.1305103457582,7205.889487968623,1730330194.2976446
-1154.8699325168054,7165.924568882534,1730330194.3020852
-1100.532841745954,7139.393048214084,1730330194.3056753
-1048.565035887365,7164.762278170858,1730330194.3099113
-1097.627114966764,7194.7136157409695,1730330194.3147428
-1161.5978075978528,7174.306473053274,1730330194.3178823
-1121.297612344934,7133.492187677884,1730330194.321912
-1056.142277257714,7142.678754649014,1730330194.3259137
-1095.2578300545017,7193.752490729391,1730330194.3298364
-1163.9894442545706,7223.100331199209,1730330194.3338933
-1128.852501970828,7196.0100169193765,1730330194.3379056
-1053.080088267337,7130.117074265132,1730330194.34298
-1074.135431544236,7152.535873953805,1730330194.3459687
-1148.9243684916937,7162.102420580676,1730330194.3499398
-1139.8719119872942,7152.468818720439,1730330194.3539357
-1069.5533239308982,7166.259845049363,1730330194.3579075
-1069.106289041792,7191.293798839307,1730330194.3619587
-1137.6367375417635,7184.3871098026175,1730330194.366968
-1146.7115457906182,7191.070281394754,1730330194.369959
-1078.270504268468,7206.291819368818,1730330194.3728032
-1061.953730816094,7187.628112748637,1730330194.3779995
-1127.7572664925178,7162.124772325132,1730330194.3819425
-1154.7358220500737,7168.383260772617,1730330194.3859613
-1084.6407514382306,7162.907083381067,1730330194.3898196
-1051.82839057784,7173.434755019517,1730330194.3940403
-1111.261679084501,7221.938040487533,1730330194.3979518
-1176.6181798718192,7248.022526266876,1730330194.400993
-1128.5619292929089,7249.810665823301,1730330194.405033
-1046.6874893531192,7181.928417912533,1730330194.4099305
-1092.4191585086774,7126.026705029811,1730330194.413823
-1166.1128599778249,7159.062583334754,1730330194.4179907
-1122.1916821231464,7175.245246320396,1730330194.4221044
-1033.6787740801303,7198.915743698567,1730330194.4260695
-1078.9410566021272,7174.686452709014,1730330194.4289849
-1156.7474790510512,7155.888635622101,1730330194.432933
-1135.9380049631602,7160.89542638009,1730330194.4381015
-1059.137411014725,7168.338557283707,1730330194.442086
-1062.266655238468,7227.973011490466,1730330194.4460256
-1138.0167171975038,7268.630834654669,1730330194.4500897
-1145.2586824010232,7185.147069114098,1730330194.4539168
-1076.59412343432,7178.553304499782,1730330194.4570987
-1042.1947887176025,7217.288877640829,1730330194.4610796
-1104.7126179590962,7184.8564964361785,1730330194.4660895
-1147.069173701903,7156.290967022296,1730330194.470064
-1080.7738996474625,7135.995583056878,1730330194.47417
-1054.2870824679237,7180.386147545118,1730330194.477149
-1114.4132750526994,7241.317002930285,1730330194.4809892
-1145.5492550789422,7231.817511536778,1730330194.485206
-1098.2976673004232,7135.794417356779,1730330194.48897
-1053.4153644341666,7127.099588763665,1730330194.4941237
-1109.428836039166,7142.790513371291,1730330194.4982028
-1165.777583810995,7143.751638382869,1730330194.50222
-1110.8146441953952,7136.353210968163,1730330194.5052843
-1048.6097393762757,7160.515446724349,1730330194.5092585
-1095.5707544768757,7184.342406313706,1730330194.513264
-1165.3752524107997,7161.633033947115,1730330194.5172956
-1125.9020717027274,7136.3755627126175,1730330194.5213432
-1055.4270214351443,7113.196803712464,1730330194.526075
-1076.616475178775,7143.79634187178,1730330194.5302784
-1155.0263947279925,7156.469780977939,1730330194.5334177
-1142.174141666191,7158.995528101388,1730330194.5373497
-1068.659254152686,7146.657365162059,1730330194.5417497
-1063.9877395615267,7117.488338647883,1730330194.545604
-1131.422952583188,7143.617527916137,1730330194.55014
-1146.622138812797,7135.816769101235,1730330194.554323
-1108.043027882937,7121.757521838847,1730330194.5584512
-1076.1247368007585,7163.309414781263,1730330194.5613096
-1123.0634001569033,7126.250222474364,1730330194.5651083
-1129.4336473266658,7113.152100223554,1730330194.5694652
-1078.4269664796552,7082.798431253247,1730330194.57312
-1042.7312305845298,7107.832385043191,1730330194.577356
-1104.3773417922666,7133.358077211151,1730330194.5823195
-1126.684382758663,7101.417434384518,1730330194.586372
-1069.5756756753535,7039.100770843122,1730330194.5892515
-1054.264730723468,7080.652663785537,1730330194.5933692
-1115.106179130814,7143.41636221604,1730330194.5971277
-1183.6142758863302,7111.386312411584,1730330194.601214
-1128.0701909148922,7064.157076377521,1730330194.6053512
-1027.532044354921,7036.351506275119,1730330194.6103635
-1070.2238762645577,7069.58855028016,1730330194.613186
-1153.260606916023,7066.63812001206,1730330194.6175015
-1121.7446472340405,7060.357279820119,1730330194.6212313
-1046.0616405083706,7101.015102984322,1730330194.6253755
-1070.6709111536636,7057.898587930034,1730330194.6291528
-1156.1886854396685,7016.190232776432,1730330194.6334193
-1152.3218336489003,6985.1660114724655,1730330194.638373
-1071.4532222095993,7011.205793762898,1730330194.6414597
-1063.8089256058845,7107.653571087548,1730330194.644416
-1172.5725141254086,7131.860510332645,1730330194.6494875
-1199.171090027224,7053.53999776125,1730330194.6535006
-1087.948809617616,6990.7986510752025,1730330194.6574314
-1049.0567742653816,7049.851959926124,1730330194.6614416
-1129.7689234934955,7075.377652094085,1730330194.6664882
-1149.4161068697103,6992.720901098359,1730330194.6694086
-1077.3093792568898,6922.089388619589,1730330194.672241
-1069.3074547418898,7038.765494676291,1730330194.67743
-1169.9573600241376,7174.485287008916,1730330194.6812718
-1210.6151831883412,7043.3923057785405,1730330194.6854548
-1074.1801350331468,6861.069126256601,1730330194.6893003
-1010.6788290356194,6875.418946196908,1730330194.6935368
-1076.638826923231,6916.724969950315,1730330194.697307
-1135.692135774152,6908.097196590566,1730330194.7005584
-1110.747588962029,6914.1992228268655,1730330194.7052991
-1057.4386784361218,6939.814321972647,1730330194.709545
-1083.8137368933842,7020.77234038977,1730330194.713519
-1141.235368399068,7028.260174782297,1730330194.717363
-1108.3112488164006,6939.009659172257,1730330194.7223852
-1054.3541377012891,6905.012655855734,1730330194.7255757
-1096.4424725106326,7050.790733193247,1730330194.7285683
-1203.552031940464,7158.503789723372,1730330194.7325747
-1182.3178747079223,7106.848908287157,1730330194.7375555
-1038.3502886712895,6933.309964336153,1730330194.741594
-975.7654041964298,6804.452157551308,1730330194.7456136
-1072.0567193098927,6887.868867858514,1730330194.7484329
-1116.3578768203113,6831.6095270645055,1730330194.7525585
-1065.7088238845854,6841.153721946922,1730330194.756432
-1075.588294933831,6925.352743310064,1730330194.7606516
-1152.9253307491936,6991.580962131138,1730330194.7656152
-1165.777583810995,6929.219595100832,1730330194.769646
-1067.11698378527,6852.083724985568,1730330194.773504
-1017.0714279498372,6881.789193366671,1730330194.776621
-1086.227725294557,6912.455786759351,1730330194.78042
-1157.619197084808,6930.136016623499,1730330194.7844298
-1126.6620310142075,6937.5567957826615,1730330194.7884955
-1077.912876357183,6953.0912581791,1730330194.793592
-1113.3403913188447,7000.991046546823,1730330194.7974503
-1144.2752056449897,6960.601444316083,1730330194.8016448
-1082.9643706040824,6864.578350136084,1730330194.8046744
-1023.1287506972257,6803.334570328542,1730330194.8085525
-1050.1520097436917,6883.93496083438,1730330194.8130667
-1116.335525075856,6905.884373889491,1730330194.8170304
-1143.1129149333135,6891.288684760176,1730330194.8217287
-1059.3832802037336,6933.734647480804,1730330194.8260157
-1032.8294077908288,6966.211732174365,1730330194.8299067
-1140.3412986208557,6909.348894280064,1730330194.8327937
-1159.5190953635092,6874.793097352159,1730330194.8367298
-1073.755451888496,6860.108001245022,1730330194.8407116
-1062.110193027281,6918.781330440203,1730330194.844564
-1144.2081504116238,6923.743417709282,1730330194.8496706
-1158.5356186074755,6882.817373611614,1730330194.8536515
-1088.8875828847388,6898.664760430427,1730330194.8566043
-1054.0859167678257,6905.884373889491,1730330194.8607876
-1126.9079002032165,6937.333278338108,1730330194.8645642
-1156.300444161945,6931.968859668835,1730330194.868762
-1103.1256441027697,6891.646312671461,1730330194.872654
-1059.0033005479934,6898.88827787498,1730330194.8767693
-1110.7922924509398,6930.560699768151,1730330194.881594
-1162.782450053984,6900.899934875958,1730330194.8847694
-1127.6008042813307,6870.2333414832765,1730330194.888651
-1068.4133849636776,6927.140882866488,1730330194.8927188
-1101.1586905907025,6985.322473683653,1730330194.896704
-1185.4024154427548,6890.215801026321,1730330194.9007835
-1132.3840775947665,6825.105169428011,1730330194.904643
-1083.9925508490269,6854.743582575748,1730330194.9097936
-1113.049818640926,6941.870682462536,1730330194.9132023
-1137.234406141568,6952.823037245636,1730330194.9168975
-1111.462844784599,6880.895123588458,1730330194.921136
-1046.5757306308426,6820.2771926256655,1730330194.925145
-1082.9867223485378,6879.039928798668,1730330194.9289055
-1165.8893425332717,6908.208955312844,1730330194.9329052
-1174.2041914706458,6862.857265813025,1730330194.9380972
-1082.9643706040824,6851.904911029925,1730330194.940873
-1058.6680243811636,6891.445146971363,1730330194.9449637
-1143.1129149333135,6903.693902932871,1730330194.9488068
-1160.524923863998,6859.772725078193,1730330194.9528172
-1072.012015820982,6852.553111619129,1730330194.9567833
-1051.5825213888313,6920.658876974449,1730330194.9609897
-1121.0964466448363,6934.829882959114,1730330194.9648976
-1163.877685532294,6912.4334350148965,1730330194.968093
-1111.1499203622247,6852.910739530414,1730330194.9727294
-1071.6096844207866,6850.697916829338,1730330194.9772017
-1140.944795721149,6875.620111897006,1730330194.980832
-1203.2838110070004,6882.236228255776,1730330194.9855146
-1156.3451476508556,6921.575298497117,1730330194.988814
-1044.20644571858,6946.631604031516,1730330194.994097
-1081.623265936764,6932.438246302396,1730330194.9971073
-1173.6453978592633,6776.288959537621,1730330195.0005789
-1151.8077435264283,6745.376496955932,1730330195.005206
-1074.1577832886917,6774.38906125892,1730330195.0090678
-1071.9226088431608,6846.160512704911,1730330195.013008
-1156.233388928579,6824.63578279445,1730330195.017552
-1137.7037927751294,6818.533756558151,1730330195.0214007
-1070.201524520102,6819.003143191713,1730330195.0240424
-1071.788498376429,6812.498785555218,1730330195.0282748
-1156.2780924174897,6796.114956869478,1730330195.0330973
-1169.197400712657,6789.141212599423,1730330195.037156
-1087.3900160062333,6784.670863708361,1730330195.0412931
-1064.5688849173648,6802.038169150134,1730330195.0452025
-1132.8087607394173,6819.472529825274,1730330195.0480175
-1170.0244152575035,6785.743747442216,1730330195.052585
-1101.4716150130766,6790.102337611001,1730330195.0559726
-1072.7496233880072,6785.788450931126,1730330195.061526
-1133.6804787731742,6776.758346171182,1730330195.064922
-1186.0506160319587,6760.620386674451,1730330195.0691657
-1132.3170223614004,6753.825456360038,1730330195.0729415
-1054.756469101485,6810.531832043152,1730330195.0761976
-1120.2470803555348,6823.004105449213,1730330195.08026
-1186.5200026655202,6700.427138856308,1730330195.084198
-1131.3558973498225,6673.56034202103,1730330195.0884922
-1064.2783122394458,6728.2997641920765,1730330195.093124
-1087.4570712395991,6764.062555320568,1730330195.0981283
-1164.4364791436767,6732.568947383041,1730330195.1012144
-1153.5735313383975,6717.61563034244,1730330195.1053796
-1079.49985021351,6728.053895003069,1730330195.1092324
-1069.240399508524,6746.270566734143,1730330195.1131668
-1138.620214297797,6679.885885701881,1730330195.116735
-1156.5686650954087,6665.536065761575,1730330195.1203785
-1065.9993965625044,6674.744984477161,1730330195.1243567
-1054.5553034013872,6712.027694228613,1730330195.1284616
-1135.8262462408836,6684.08801365948,1730330195.1332228
-1174.6735781042073,6647.386449263865,1730330195.1372256
-1092.2850480419456,6659.992833136658,1730330195.1414723
-1067.564018674376,6693.028711441602,1730330195.1447947
-1134.6192520402972,6697.320246377021,1730330195.1481023
-1180.2838659624897,6641.977327105681,1730330195.1521747
-1110.7028854731186,6634.0871613129575,1730330195.1560712
-1060.8808470822391,6645.978289363181,1730330195.1613383
-1112.3792663072666,6692.9616562082365,1730330195.1650667
-1183.882496819794,6676.577827522497,1730330195.1682696
-1133.74753400654,6638.333992759466,1730330195.172103
-1063.071318038859,6608.427358678265,1730330195.1764307
-1107.9536209051157,6588.556657857497,1730330195.1803272
-1177.0875665053804,6621.637239651352,1730330195.1844804
-1146.6444905572523,6557.219512131156,1730330195.1883557
-1067.2063907630911,6575.011500717581,1730330195.1932943
-1090.4969084855209,6603.889954553838,1730330195.197113
-1178.205153728146,6564.461477334676,1730330195.2005472
-1153.9311592496824,6562.315709866966,1730330195.2045095
-1077.108213556792,6579.951236242204,1730330195.2087817
-1075.208315278091,6572.798678016506,1730330195.212381
-1159.5190953635092,6550.826913216939,1730330195.2162943
-1154.288787160967,6542.757933468572,1730330195.2213025
-1080.3715682472669,6529.168072839746,1730330195.224341
-1078.5163734574764,6554.91728245226,1730330195.2286663
-1141.74945852154,6582.9016665103045,1730330195.2323067
-1151.5842260818752,6556.481904564132,1730330195.2365787
-1105.8302051818616,6525.43533151571,1730330195.2402763
-1066.692300640619,6566.96487271367,1730330195.244851
-1115.1508826197246,6571.055241948991,1730330195.2494423
-1153.1488481937467,6540.701572978684,1730330195.252211
-1110.9264029176716,6461.308176673434,1730330195.2561543
-1073.4201757216665,6474.451002413154,1730330195.2603688
-1120.0235629109816,6508.649171429775,1730330195.264202
-1180.0603485179363,6496.176898023713,1730330195.26839
-1142.285900388467,6488.063214786436,1730330195.2722504
-1064.7476988730073,6497.607409668853,1730330195.277328
-1107.663048227197,6491.460679943643,1730330195.2801409
-1171.7678513250175,6499.507307947553,1730330195.2843635
-1142.0847346883695,6502.323627748922,1730330195.2883868
-1085.110138071792,6423.734894244063,1730330195.2922213
-1100.465786512588,6427.154711145725,1730330195.2964745
-1165.464659388621,6475.814458824928,1730330195.3004174
-1161.8660285313165,6430.730990258574,1730330195.3042212
-1083.433757237644,6412.447263294132,1730330195.3078723
-1078.4493182241104,6461.196417951157,1730330195.311847
-1155.4510778726433,6489.069043286925,1730330195.3167913
-1162.782450053984,6471.411165167233,1730330195.3207707
-1094.0508358539148,6411.240269093546,1730330195.3244684
-1082.3608735037892,6388.687358938141,1730330195.3287113
-1147.6726708021963,6414.928306928672,1730330195.332505
-1177.1546217387463,6377.489134966032,1730330195.3355598
-1104.109120858803,6377.9808733440495,1730330195.3394256
-1066.5134866849764,6419.063379652904,1730330195.344657
-1130.5735862938866,6419.733931986562,1730330195.3483572
-1187.4811276770984,6374.985739587038,1730330195.3529031
-1125.6338507692635,6349.080067763337,1730330195.3563888
-1063.585408161331,6369.0625273063815,1730330195.359882
-1110.9040511732164,6437.548272317443,1730330195.3634677
-1184.687159620185,6403.372455045278,1730330195.367649
-1164.1012029768472,6323.867300017751,1730330195.3723676
-1088.2617340399902,6330.371657654245,1730330195.376727
-1096.8448039108282,6329.812864042862,1730330195.3804357
-1163.3859471542771,6337.814788557862,1730330195.3847797
-1147.2926911464565,6343.358021182778,1730330195.387642
-1082.1820595481468,6324.627259329232,1730330195.3917863
-1078.4493182241104,6323.755541295474,1730330195.3957884
-1144.9010544897385,6352.2763672204455,1730330195.4006672
-1159.3179296634114,6323.733189551019,1730330195.4051757
-1085.8700973832724,6293.826555469818,1730330195.4089923
-1076.5717716898646,6311.998523711983,1730330195.4119809
-1155.3393191503667,6322.794416283896,1730330195.415553
-1165.4199558997102,6281.734261719497,1730330195.419989
-1098.364722533789,6265.216322567025,1730330195.4234
-1054.510599912477,6374.136373297736,1730330195.428656
-1122.2140338676018,6322.772064539441,1730330195.432757
-1198.0311510600031,6213.89671729764,1730330195.436936
-1123.7786559794731,6210.856880051718,1730330195.4394877
-1076.1470885452138,6268.166752835125,1730330195.4435852
-1141.3024236324338,6283.030662897905,1730330195.447446
-1179.523906651009,6264.434011511089,1730330195.4519944
-1125.5444437914423,6254.5992439507545,1730330195.4556031
-1081.6679694256748,6245.0326973238825,1730330195.461074
-1121.297612344934,6254.912168373128,1730330195.4645555
-1180.7979560849617,6254.934520117584,1730330195.4678364
-1156.0992784618472,6220.199909234037,1730330195.471809
-1076.4600129675882,6232.001630306439,1730330195.475798
-1097.202431822113,6309.24925914398,1730330195.4802167
-1175.9252757937045,6264.836342911285,1730330195.4835043
-1179.0768717619028,6198.429310134568,1730330195.488619
-1095.5260509879652,6202.094996225238,1730330195.492771
-1087.4123677506886,6215.863670809707,1730330195.495876
-1175.1206129933134,6229.274717482891,1730330195.4998865
-1173.913618792727,6204.75485381542,1730330195.503689
-1086.5630014613869,6200.552725857821,1730330195.5079036
-1064.4124227061775,6275.453421527555,1730330195.5119216
-1129.4559990711211,6311.193860911591,1730330195.517124
-1168.1468687232575,6151.6471089896095,1730330195.5211744
-1098.2976673004232,6184.839449505741,1730330195.5236633
-1064.0547947948928,6267.317386545824,1730330195.5280545
-1137.7708480084957,6198.22814443447,1730330195.5316696
-1184.0836625198915,6175.630530790154,1730330195.5358093
-1119.1965483661352,6174.512943567389,1730330195.539612
-1067.0946320408143,6179.787955258841,1730330195.543766
-1128.8748537152833,6220.021095278394,1730330195.5476117
-1179.523906651009,6216.757740587919,1730330195.5509608
-1149.3714033807998,6144.516902508367,1730330195.5556805
-1072.2802367544457,6179.117402925182,1730330195.5598998
-1104.1314726032583,6210.052217251327,1730330195.5636475
-1169.264455946023,6210.856880051718,1730330195.5681016
-1154.4676011166098,6141.812341429275,1730330195.571934
-1100.4210830236773,6143.823998430253,1730330195.5758944
-1108.624173238775,6190.114461197193,1730330195.5788968
-1172.617217614319,6182.358405871201,1730330195.583858
-1166.9845780115818,6173.194190644525,1730330195.5880868
-1099.2140888230908,6162.666519006076,1730330195.591997
-1095.9730858770713,6170.377870843157,1730330195.5960252
-1167.073984989403,6166.93570219704,1730330195.600263
-1171.9913687695705,6143.980460641439,1730330195.6038496
-1095.1237195877695,6184.191248916537,1730330195.6067717
-1063.5183529279657,6181.732557026453,1730330195.6119523
-1152.5453510934533,6130.658820946076,1730330195.61583
-1182.3402264523777,6118.231251028926,1730330195.620177
-1130.3500688493334,6076.545247619778,1730330195.6238573
-1083.0314258374483,6129.138902323116,1730330195.6280189
-1148.7455545360513,6140.40418152859,1730330195.6317608
-1194.6336859027963,6123.059227831272,1730330195.635498
-1127.5784525368754,6101.713311876454,1730330195.639728
-1078.0916903128254,6113.380922482124,1730330195.6438897
-1121.6999437451295,6160.453696305,1730330195.6477735
-1171.164354224724,6147.914367665573,1730330195.6522188
-1128.8077984819172,6112.196280025993,1730330195.6551473
-1070.4920971980212,6119.415893485057,1730330195.6590908
-1103.5503272474202,6130.301193034791,1730330195.662746
-1177.691063605674,6118.253602773381,1730330195.6669447
-1155.8981127617494,6087.475250658424,1730330195.6718504
-1090.78748116344,6071.471401628423,1730330195.6760707
-1105.0031906370152,6113.246812015393,1730330195.6798043
-1181.8037845854503,6120.488777218911,1730330195.6833827
-1171.164354224724,6096.326541462725,1730330195.687176
-1082.5843909483422,6085.083614001705,1730330195.6916103
-1082.4726322260658,6128.043666844806,1730330195.6953216
-1161.3072349199338,6153.83757994623,1730330195.7004066
-1182.3178747079223,6074.801811552265,1730330195.7040892
-1102.589202235842,6068.6997853159655,1730330195.708285
-1078.7398909020294,6118.745341151398,1730330195.7111735
-1152.5006476045428,6091.096233260183,1730330195.7149482
-1189.6045434003524,6064.207084680448,1730330195.7195504
-1122.0799234008698,6087.5423058917895,1730330195.7229211
-1077.3317310013451,6087.385843680602,1730330195.7284453
-1147.8067812689285,6068.900951016063,1730330195.732068
-1182.8990200637604,6088.615189625644,1730330195.736227
-1130.908862460716,6068.453916126957,1730330195.738926
-1085.557172960898,6069.77266904982,1730330195.7431068
-1124.3150978464005,6101.40038745408,1730330195.7469313
-1191.683255634696,6049.700802528954,1730330195.7512977
-1154.7805255389842,6039.6425175240665,1730330195.755195
-1083.4114054931886,6079.5850848657,1730330195.7602468
-1105.1149493592918,6097.7570531078645,1730330195.7639537
-1174.181839726191,6085.240076212893,1730330195.7671716
-1155.7416505505623,6072.946616762473,1730330195.7715995
-1092.3521032753115,6062.038965468284,1730330195.775545
-1102.6339057247528,6100.662779887054,1730330195.7793512
-1178.5404298949754,6075.606474352655,1730330195.7831967
-1162.2236564426014,6048.404401350546,1730330195.7882187
-1081.8691351257723,6043.487017570379,1730330195.7917235
-1091.3909782637334,6096.751224607376,1730330195.7955377
-1154.4676011166098,6119.326486507236,1730330195.799274
-1170.0244152575035,6150.507170022389,1730330195.803053
-1104.5338040034535,6089.531611148312,1730330195.8071651
-1082.6737979261634,6021.738770215366,1730330195.8112855
-1140.363650365311,6019.525947514289,1730330195.8166463
-1182.5637438969309,6034.166340132516,1730330195.8195724
-1128.4054670817218,6046.504503071846,1730330195.8230023
-1078.337559501834,6071.761974306342,1730330195.82766
-1130.528882804976,6073.39365165158,1730330195.8310316
-1185.2459532315677,6066.643424826077,1730330195.8356605
-1135.4462665851436,6077.640483098088,1730330195.839076
-1080.148050802714,6057.501561343856,1730330195.8446107
-1115.3967518087331,6075.24884644137,1730330195.8471112
-1183.4131101862324,6090.984474537907,1730330195.8513453
-1149.2819964029786,6042.749410003354,1730330195.855054
-1076.8176408788731,6033.160511632027,1730330195.8593576
-1094.0284841094594,6100.551021164778,1730330195.863347
-1191.973828312615,6005.131424085072,1730330195.8673604
-1175.1653164822242,5998.939990870952,1730330195.8720903
-1099.7505306900182,6026.544395273256,1730330195.8753068
-1096.509527743999,6049.521988573312,1730330195.87915
-1163.5647611099198,6050.9748519629065,1730330195.8832312
-1180.1497554957575,6040.737753002376,1730330195.8873372
-1099.8622894122946,6032.24409010936,1730330195.8913343
-1091.234516052546,6055.758125276342,1730330195.8951397
-1162.8271535428946,6091.207991982459,1730330195.8993163
-1190.4539096896542,6039.8213314797085,1730330195.902313
-1121.722295489585,6014.742674200854,1730330195.9062388
-1081.8914868702277,6068.67743357151,1730330195.9112256
-1143.2246736555903,6084.636579112599,1730330195.9152272
-1199.9310493387045,6015.23441257887,1730330195.919361
-1130.46182757161,6003.142118828549,1730330195.9231343
-1084.2160682935796,6042.883520470085,1730330195.9261904
-1131.3111938609118,6064.899988758563,1730330195.930168
-1184.4636421756318,6025.00212490584,1730330195.934355
-1130.908862460716,6003.767967673299,1730330195.93915
-1068.3910332192222,6034.166340132516,1730330195.9433527
-1092.97795212006,6095.790099595797,1730330195.947276
-1158.7144325631182,6068.565674849234,1730330195.9514306
-1177.2216769721124,5981.907961596008,1730330195.95444
-1090.3404462743338,5999.051749593228,1730330195.9583707
-1099.1917370786357,5997.397720503535,1730330195.9623773
-1174.0030257705482,6014.42974977848,1730330195.9664156
-1173.6006943703526,5991.206287289416,1730330195.9715383
-1101.0245801239705,6018.497767269346,1730330195.975382
-1087.7476439175182,6056.003994465351,1730330195.9794464
-1160.882551775283,6018.855395180631,1730330195.9832015
-1178.3839676837883,5991.4521564784245,1730330195.9863737
-1105.4502255261214,6018.117787613605,1730330195.9903405
-1079.7457194025185,6062.061317212739,1730330195.9954977
-1152.5677028379089,6019.615354492111,1730330195.999754
-1200.8027673724614,5991.474508222879,1730330196.0033815
-1117.9001471877275,5962.059612519695,1730330196.0078776
-1085.7806904054512,6018.453063780435,1730330196.0106325
-1150.980728981582,6054.171151420016,1730330196.014428
-1200.8251191169163,6007.545412486245,1730330196.0188596
-1142.0623829439144,5994.179069301971,1730330196.022405
-1091.7933096639288,6000.370502516092,1730330196.0278711
-1128.9419089486491,6020.531776014778,1730330196.0313127
-1178.4063194282437,6038.681392512488,1730330196.0347614
-1135.5133218185094,6059.759087533843,1730330196.0383077
-1095.3248852878671,5958.282167706749,1730330196.0429654
-1123.085751901359,5975.51536268179,1730330196.046658
-1184.843621831372,5984.098432552628,1730330196.050655
-1162.268359931512,5960.6067491301,1730330196.0554729
-1100.0634551123924,5985.752461642321,1730330196.0598178
-1114.2121093526018,6041.944747202962,1730330196.063056
-1178.4510229171542,6015.994371890351,1730330196.067099
-1179.0992235063582,5973.570760914178,1730330196.0710464
-1098.0965016003254,5980.388042973047,1730330196.075135
-1084.3054752714008,6007.120729341595,1730330196.0788376
-1148.9690719806042,6029.874805197097,1730330196.0835683
-1179.7697758400177,5965.971167799374,1730330196.0879328
-1110.591126750842,5957.32104269517,1730330196.0906289
-1071.9673123320715,6004.706740940421,1730330196.0947857
-1143.783467266973,5989.060519821706,1730330196.0985315
-1185.2906567204782,5962.193722986427,1730330196.102995
-1122.9069379457162,5962.573702642168,1730330196.1065629
-1074.9624460890825,5976.387080715547,1730330196.1117709
-1132.7640572505063,5985.998330831329,1730330196.115759
-1183.5919241418749,5989.5746099441785,1730330196.1186905
-1128.740743248551,5996.771871658787,1730330196.1225529
-1096.4424725106326,5964.361842198592,1730330196.126914
-1145.1245719342917,5972.587284158145,1730330196.130482
-1190.3421509673776,5986.378310487069,1730330196.135049
-1158.490915118565,5953.588301371134,1730330196.139469
-1099.6164202232862,5955.711717094388,1730330196.1436124
-1111.5746035068755,5992.659150679011,1730330196.1467705
-1186.0506160319587,5979.985711572852,1730330196.1507914
-1168.7950693124617,5963.758345098298,1730330196.1548388
-1103.9303069031605,5962.976034042363,1730330196.1586888
-1104.6679144701857,5985.6407029200445,1730330196.16318
-1166.0011012555483,6016.776682946287,1730330196.16711
-1185.0000840425591,5934.924594750953,1730330196.1711695
-1107.238365082546,5952.023679259262,1730330196.173555
-1089.3569695183005,5979.85160110612,1730330196.1791773
-1168.0351100009811,6007.344246786148,1730330196.1833606
-1198.1429097822795,5952.18014147045,1730330196.1871798
-1122.2140338676018,5951.889568792531,1730330196.190725
-1085.043082838426,5960.137362496539,1730330196.1948347
-1158.0885837183696,5990.356921000114,1730330196.1987317
-1198.2546685045563,5954.862350805086,1730330196.2019703
-1140.9000922322384,5934.119931950561,1730330196.2066543
-1088.0829200843475,5981.1256505400725,1730330196.211148
-1146.108048690325,6005.466700251902,1730330196.2145772
-1201.0486365614695,5975.090679537139,1730330196.219067
-1150.2431214145568,5968.94394981193,1730330196.2225983
-1083.2996467709122,6003.5668019732,1730330196.2271163
-1113.876833185772,6015.256764323326,1730330196.229786
-1183.4131101862324,5994.760214657809,1730330196.2351232
-1159.496743619054,5956.695193850422,1730330196.2386267
-1079.3210362578675,5951.643699603522,1730330196.2432692
-1110.5017197730208,5985.752461642321,1730330196.2467406
-1188.1516800107574,5964.250083476315,1730330196.250893
-1176.4840694050872,5958.393926429025,1730330196.2548444
-1099.3929027787333,5961.165542741483,1730330196.2582197
-1099.0576266119035,5995.475470480379,1730330196.262162
-1181.42380492971,5997.956514114919,1730330196.267233
-1187.7046451216513,5958.438629917936,1730330196.2706652
-1105.070245870381,5974.08485103665,1730330196.2748828
-1086.004207850004,6007.210136319415,1730330196.2786555
-1155.2946156614562,5992.5697437011895,1730330196.2818584
-1184.1283660088022,5979.873952850575,1730330196.2859073
-1140.8106852544172,5953.029507759751,1730330196.2896922
-1097.850632411317,5953.007156015296,1730330196.2948356
-1146.4433248571545,6018.43071203598,1730330196.2988267
-1182.653150874752,6011.993409632852,1730330196.3026943
-1155.94281625066,5923.011114956274,1730330196.3057704
-1099.7281789455628,5947.910958279486,1730330196.3098836
-1146.2868626459674,5992.636798934555,1730330196.3136785
-1196.1312527813022,5987.831173876664,1730330196.3178804
-1151.651281315241,5949.833208302643,1730330196.321707
-1091.815661408384,5972.073194035673,1730330196.3271267
-1120.694115244641,5988.6134849326,1730330196.3307977
-1195.9971423145705,5976.811763860198,1730330196.3339827
-1159.720261063607,5975.403603959514,1730330196.3381343
-1095.1684230766805,6003.5668019732,1730330196.3420985
-1113.4521500411213,5969.122763767572,1730330196.3462467
-1187.3693689548218,5989.641665177544,1730330196.3501651
-1185.6035811428526,5986.154793042516,1730330196.3551145
-1118.302478587923,5972.207304502404,1730330196.359233
-1111.8651761847946,5996.7942234032425,1730330196.362204
-1173.9583222816375,6004.6173339626,1730330196.3665795
-1180.6414938737744,5980.4774499508685,1730330196.3700745
-1115.2179378530907,5962.4619439198905,1730330196.3741252
-1098.6329434672527,5979.404566217014,1730330196.3780568
-1159.1614674522243,5998.42590074848,1730330196.3829064
-1190.588020156386,6008.66299970901,1730330196.3874638
-1111.0158098954928,6004.259706051315,1730330196.3901193
-1071.140297787225,5965.881760821553,1730330196.3940573
-1139.3578218648222,6010.339380543159,1730330196.3979404
-1192.7337876240954,5983.986673830352,1730330196.402203
-1138.1955311531462,5939.149074453006,1730330196.40601
-1081.8691351257723,5986.110089553606,1730330196.4111907
-1116.491987287043,5994.022607090785,1730330196.4139762
-1189.5374881669866,5970.866199835086,1730330196.4184752
-1163.6318163432857,5964.428897431958,1730330196.422007
-1088.306437528901,5963.08779276464,1730330196.4262972
-1114.9944204085375,6003.812671162209,1730330196.4299831
-1184.0613107754364,5995.922505369485,1730330196.4342473
-1162.268359931512,5975.604769659612,1730330196.4389124
-1101.9857051355489,5939.305536664193,1730330196.4422128
-1115.0391238974482,5995.654284436022,1730330196.4451952
-1178.205153728146,5992.145060556539,1730330196.4502077
-1172.9524937811486,5929.537824337223,1730330196.4542215
-1116.8943186872386,5935.662202317978,1730330196.4586067
-1102.9915336360375,5980.432746461957,1730330196.461964
-1167.0963367338584,6007.344246786148,1730330196.467254
-1187.592886399375,5950.324946680659,1730330196.4702263
-1125.3432780913447,5935.215167428872,1730330196.4742467
-1091.078053841359,5960.629100874556,1730330196.4781227
-1156.233388928579,5946.927481523452,1730330196.482093
-1195.6395144032854,5949.31911818017,1730330196.4865863
-1140.207188154124,5972.028490546762,1730330196.4900458
-1077.8458211238171,6001.532793227768,1730330196.494112
-1147.8067812689285,5920.351257366092,1730330196.4980288
-1215.9796018576149,5896.636056499012,1730330196.5016322
-1151.4054121262327,5908.773053738243,1730330196.506052
-1085.4901177275322,5928.800216770198,1730330196.5103192
-1119.151844877225,5940.959565753886,1730330196.514089
-1169.6667873462186,5958.259815962293,1730330196.5186126
-1151.204246426135,5902.827489713131,1730330196.522077
-1087.8370508953394,5902.112233890562,1730330196.5255451
-1108.0653796273923,5943.753533810799,1730330196.5296547
-1180.261514218034,5941.496007620813,1730330196.5344656
-1171.8572583028388,5910.248268872294,1730330196.5383048
-1097.6718184556746,5892.053948885674,1730330196.5421057
-1098.3423707893337,5940.55723435369,1730330196.5463288
-1181.5802671408971,5951.487237392335,1730330196.5498724
-1182.8990200637604,5925.223937657349,1730330196.5533304
-1108.1324348607582,5911.052931672684,1730330196.5573971
-1091.4133300081885,5900.458204800869,1730330196.5622947
-1168.5715518679085,5915.3221148636485,1730330196.56682
-1193.7396161245842,5908.013094426763,1730330196.570796
-1120.6494117557302,5884.454355770869,1730330196.5749028
-1086.004207850004,5898.088919888606,1730330196.577397
-1148.9467202361488,5920.261850388271,1730330196.5811343
-1199.819290616428,5903.11806239105,1730330196.5854647
-1138.262586386512,5900.145280378495,1730330196.5892296
-1091.6815509416522,5915.07624567464,1730330196.5949092
-1151.3160051484117,5884.543762748691,1730330196.5982676
-1198.3887789712885,5870.037480597196,1730330196.6022663
-1150.0643074589143,5856.4476199683695,1730330196.605216
-1093.0673590978813,5885.482536015813,1730330196.6098208
-1119.3530105773225,5917.713751520366,1730330196.6132867
-1188.1293282663023,5902.961600179863,1730330196.617499
-1171.8349065583834,5837.515692414724,1730330196.6215055
-1096.8895073997387,5860.426230481414,1730330196.62671
-1117.9001471877275,5892.903315174975,1730330196.6302967
-1197.7629301265397,5905.129719392028,1730330196.633427
-1162.4248221426992,5870.350405019571,1730330196.6374896
-1098.878812656261,5858.615739180535,1730330196.6412165
-1094.9225538876717,5900.16763212295,1730330196.645242
-1163.207133198635,5879.156992334962,1730330196.6502328
-1175.075909504403,5862.594349693579,1730330196.6542273
-1097.9400393891383,5879.380509779515,1730330196.65723
-1084.886620627239,5891.3163413186485,1730330196.6612277
-1147.851484757839,5913.221050884849,1730330196.6652236
-1183.524868908509,5885.862515671553,1730330196.6692653
-1135.9380049631602,5811.677075824389,1730330196.6732423
-1083.210239793091,5871.088012586595,1730330196.6772664
-1142.330603877378,5871.736213175799,1730330196.6822703
-1191.2809242345006,5848.557454175646,1730330196.6852467
-1135.8262462408836,5835.593442391568,1730330196.6898167
-1089.267562540479,5862.884922371498,1730330196.6932642
-1139.6036910538303,5889.327036062126,1730330196.69727
-1194.454871947154,5864.293082272182,1730330196.7012715
-1165.621121599808,5818.337895672071,1730330196.705284
-1094.3190567873785,5822.696485840856,1730330196.7103028
-1114.8379581973504,5856.134695545995,1730330196.7133644
-1187.7940520994723,5855.7323641458,1730330196.7173092
-1162.558932609431,5847.618680908523,1730330196.7214324
-1089.2452107960237,5850.882035598998,1730330196.7253523
-1114.681495986163,5881.034538869208,1730330196.7293344
-1194.1866510136904,5875.334844033104,1730330196.733363
-1177.8251740724056,5848.624509409012,1730330196.7384293
-1102.9691818915824,5827.233889965283,1730330196.7417693
-1110.054684883915,5833.134750501484,1730330196.7457545
-1170.762022824529,5853.385430977993,1730330196.7498667
-1181.714377607629,5822.361209674026,1730330196.7540169
-1119.8671006997945,5841.650765138957,1730330196.7577276
-1090.78748116344,5879.134640590506,1730330196.7617478
-1158.6920808186628,5880.118117346539,1730330196.7657876
-1193.0690637909252,5800.076520452085,1730330196.7686973
-1131.4676560720989,5804.591572832057,1730330196.7724986
-1085.0877863273367,5839.683811626889,1730330196.778028
-1140.4083538542216,5867.109402073551,1730330196.7816868
-1177.333435694389,5854.771239134221,1730330196.7869456
-1125.2091676246127,5850.725573387811,1730330196.7920766
-1070.335634986834,5858.727497902811,1730330196.7948413
-1120.0906181443474,5878.732309190311,1730330196.7975533
-1191.2138690011343,5828.9773260327975,1730330196.8020563
-1157.9544732516376,5785.86081097851,1730330196.805504
-1095.2578300545017,5818.248488694249,1730330196.8100712
-1118.5036442880207,5835.459331924836,1730330196.813561
-1180.462679918132,5843.573015162113,1730330196.8181603
-1166.3587291668332,5804.278648409682,1730330196.821606
-1093.4249870091662,5812.7723113027,1730330196.8252113
-1098.9905713785377,5856.738192646289,1730330196.8292267
-1180.350921195855,5819.679000339389,1730330196.833706
-1183.7036828641517,5797.304904139627,1730330196.8379614
-1116.8943186872386,5818.561413116624,1730330196.8417923
-1103.9973621365264,5838.365058704026,1730330196.846258
-1163.8553337878388,5871.557399220157,1730330196.8488667
-1190.9232963232157,5830.96663128932,1730330196.853161
-1126.885548458761,5794.421529104892,1730330196.8566642
-1088.820527651373,5805.552697843636,1730330196.8618553
-1143.492894589054,5820.707180584333,1730330196.86591
-1179.2109822286347,5803.988075731764,1730330196.870165
-1135.7144875186073,5803.608096076024,1730330196.8737595
-1089.334617773845,5805.2621251657165,1730330196.8771863
-1149.147885936247,5814.985134003775,1730330196.8806405
-1198.2546685045563,5804.636276320967,1730330196.88476
-1155.138153450269,5791.672264536889,1730330196.8886688
-1096.7106934440965,5824.171700974906,1730330196.8938208
-1115.6649727421968,5871.467992242336,1730330196.8976629
-1184.843621831372,5836.331049958593,1730330196.9011724
-1164.5035343770426,5772.315653838594,1730330196.9048965
-1085.1548415607026,5798.28838089566,1730330196.9089763
-1099.1917370786357,5818.539061372168,1730330196.9128942
-1176.6628833607297,5834.609965635535,1730330196.917199
-1171.1196507358136,5815.096892726051,1730330196.9217055
-1087.5688299618755,5800.322389641094,1730330196.9270933
-1089.781652662951,5830.586651633579,1730330196.9306853
-1170.1585257242352,5841.2484337387605,1730330196.9338949
-1175.9699792826152,5804.256296665228,1730330196.936998
-1108.333600560856,5801.417625119403,1730330196.9413133
-1089.2452107960237,5838.365058704026,1730330196.9450707
-1161.3519384088445,5844.869416340521,1730330196.9501624
-1195.8183283589278,5813.979305503286,1730330196.9538898
-1119.9565076776155,5833.782951090688,1730330196.9568849
-1083.321998515367,5843.125980273007,1730330196.961074
-1133.9039962177274,5818.516709627714,1730330196.9648485
-1186.14002300978,5815.1862997038725,1730330196.969194
-1132.205263639124,5790.5323255696685,1730330196.972757
-1080.5503822029093,5807.452596122336,1730330196.9770553
-1137.234406141568,5838.029782537196,1730330196.9819777
-1188.1963834996682,5823.881128296987,1730330196.985298
-1149.974900481093,5784.922037711387,1730330196.9888158
-1095.6154579657864,5789.504145324725,1730330196.9928837
-1116.782559964962,5825.289288197671,1730330196.9969215
-1183.5025171640536,5819.567241617113,1730330197.0011916
-1159.2061709411348,5806.893802510954,1730330197.0058544
-1093.5814492203533,5806.267953666205,1730330197.008947
-1107.7748069494733,5831.436017922881,1730330197.0119588
-1176.7299385940955,5818.539061372168,1730330197.0170166
-1182.072005518914,5792.812203504111,1730330197.0210514
-1103.192699336135,5833.447674923858,1730330197.025041
-1092.4862137420432,5841.650765138957,1730330197.0291035
-1174.8300403153946,5808.7266455562885,1730330197.0330396
-1192.9573050686486,5769.566389270591,1730330197.0375648
-1114.949716919627,5765.587778757546,1730330197.0399275
-1090.4969084855209,5819.813110806122,1730330197.0456884
-1154.8252290278947,5835.459331924836,1730330197.0496848
-1189.8057091004505,5796.164965172407,1730330197.0531175
-1126.5726240363863,5801.775253030688,1730330197.0571284
-1083.321998515367,5821.489491640269,1730330197.0614836
-1138.1731794086909,5842.29896572816,1730330197.0650923
-1182.1837642411906,5810.023046734696,1730330197.0685236
-1133.9934031955486,5784.542058055647,1730330197.0730364
-1075.275370511457,5820.8189393066095,1730330197.0772247
-1121.6775920006744,5853.273672255716,1730330197.081036
-1175.075909504403,5842.455427939347,1730330197.085566
-1143.5375980779647,5788.565372057602,1730330197.0889611
-1093.69320794263,5782.329235354571,1730330197.0931408
-1109.5629465058978,5797.371959372993,1730330197.0962858
-1173.332473436889,5791.761671514711,1730330197.1002152
-1162.044842486959,5787.671302279389,1730330197.104967
-1090.8098329078953,5789.19122090235,1730330197.1094687
-1108.2441935830348,5808.279610667183,1730330197.113022
-1176.6628833607297,5806.938505999864,1730330197.117256
-1175.6123513713303,5770.460459048803,1730330197.1213305
-1106.8360336823505,5766.99593865823,1730330197.1242664
-1094.944905632127,5807.519651355702,1730330197.1281953
-1165.1964384551572,5819.38842766147,1730330197.133175
-1186.810575343439,5767.107697380508,1730330197.1376257
-1110.3452575618337,5765.274854335172,1730330197.141663
-1084.372530504767,5793.52745932668,1730330197.144426
-1153.4394208716656,5801.082348952574,1730330197.1480236
-1187.592886399375,5766.258331091205,1730330197.1522095
-1128.9642606931045,5756.870598419977,1730330197.1560524
-1088.7311206735517,5799.294209396149,1730330197.1616569
-1135.8933014742497,5823.031762007686,1730330197.1651375
-1192.7337876240954,5751.081496606052,1730330197.1696696
-1145.303385889934,5727.612164927979,1730330197.1720731
-1086.5630014613869,5770.2816450931605,1730330197.1766584
-1124.0021734240263,5785.838459234054,1730330197.1800773
-1196.6453429037742,5770.3934038154375,1730330197.1848192
-1168.5715518679085,5754.344851296527,1730330197.1890984
-1094.9225538876717,5758.345813554027,1730330197.1932611
-1105.3831702927555,5775.4448980623365,1730330197.197157
-1175.210019971135,5799.473023351792,1730330197.2003994
-1155.138153450269,5758.032889131652,1730330197.204559
-1092.754434675507,5757.451743775814,1730330197.208117
-1088.6864171846412,5782.351587099027,1730330197.2123528
-1161.4413453866655,5800.143575685451,1730330197.217603
-1166.716357078118,5778.820011475088,1730330197.221387
-1101.3598562908005,5738.251595288706,1730330197.225382
-1081.9361903591384,5755.820066430577,1730330197.2283716
-1162.3577669093331,5763.754935712211,1730330197.2323916
-1189.0233980445146,5762.682051978356,1730330197.236444
-1108.4006557942218,5757.831723431555,1730330197.2404113
-1078.203449035102,5773.656758505912,1730330197.2446012
-1144.65518530073,5788.4759650797805,1730330197.249622
-1195.6395144032854,5780.116412653496,1730330197.2528756
-1129.9030339602273,5747.549920982114,1730330197.256265
-1078.2481525240128,5764.38078455696,1730330197.260642
-1136.4520950856322,5791.627561047979,1730330197.2641933
-1189.0457497889695,5782.843325477043,1730330197.268814
-1150.1313626922802,5756.825894931066,1730330197.2722692
-1090.139280574236,5791.515802325703,1730330197.2776697
-1117.9895541655487,5823.7246660858,1730330197.2801633
-1183.2119444861346,5789.750014513733,1730330197.2843378
-1157.9097697627271,5742.029040101653,1730330197.288178
-1093.2908765424345,5758.211703087295,1730330197.2922356
-1111.395789551233,5793.013369204208,1730330197.2961748
-1178.071043261414,5790.040587191652,1730330197.3003345
-1171.589037369375,5786.285494123161,1730330197.3051836
-1106.7466267045293,5778.395328330437,1730330197.308358
-1094.1625945761914,5787.268970879194,1730330197.3123102
-1167.4763163895984,5795.539116327657,1730330197.3164024
-1178.9874647840816,5775.601360273524,1730330197.320342
-1105.2490598260235,5807.877279266987,1730330197.3247805
-1086.0936148278254,5819.969573017308,1730330197.3288465
-1148.522037091498,5785.883162722965,1730330197.3334608
-1180.753252596051,5766.683014235856,1730330197.3365877
-1110.3676093062888,5774.863752706498,1730330197.3404057
-1076.1470885452138,5807.474947866792,1730330197.3448484
-1132.3170223614004,5813.15229095844,1730330197.3484712
-1185.201249742657,5796.612000061513,1730330197.3523495
-1134.8651212293055,5777.680072507867,1730330197.3563845
-1085.110138071792,5793.14747967094,1730330197.3619924
-1124.7621327355066,5817.890860782964,1730330197.3642735
-1184.0613107754364,5799.294209396149,1730330197.3677845
-1148.4102783692215,5785.100851667029,1730330197.3723316
-1083.9925508490269,5790.107642425018,1730330197.3768797
-1111.753417462518,5830.206671977839,1730330197.3803136
-1183.3013514639558,5809.419549634404,1730330197.3844924
-1171.7678513250175,5765.476020035269,1730330197.3884296
-1098.5435364894315,5779.848191720032,1730330197.391585
-1098.9682196340823,5815.119244470507,1730330197.3963895
-1173.623046114808,5835.794608091665,1730330197.400598
-1181.6473223742632,5785.369072600493,1730330197.404708
-1110.3676093062888,5787.604247046023,1730330197.40865
-1098.6329434672527,5807.921982755898,1730330197.4127977
-1170.762022824529,5800.188279174362,1730330197.4166224
-1178.2945607059671,5806.267953666205,1730330197.4196138
-1109.5852982503532,5797.886049495465,1730330197.4234216
-1091.368626519278,5794.95797097182,1730330197.4290593
-1146.3539178793333,5847.864550097532,1730330197.4327028
-1185.8047468429502,5815.566279359613,1730330197.4369612
-1133.0993334173363,5767.845304947532,1730330197.4407723
-1088.9993416070154,5788.386558101959,1730330197.4447224
-1150.488990603565,5824.931660286386,1730330197.447503
-1191.3703312123218,5799.964761729809,1730330197.451939
-1137.3461648638445,5773.880275950465,1730330197.4563923
-1084.7748619049623,5788.163040657407,1730330197.4610417
-1117.3860570652553,5829.334953944082,1730330197.4646
-1184.1283660088022,5800.255334407728,1730330197.4689288
-1149.974900481093,5770.348700326526,1730330197.4725735
-1075.0965565558145,5790.197049402839,1730330197.4757533
-1107.0371993824483,5819.097854983551,1730330197.479678
-1173.935970537182,5806.267953666205,1730330197.4847443
-1152.433592371177,5797.5731250730905,1730330197.4884436
-1089.8040044074064,5782.798621988132,1730330197.4929953
-1106.8136819378951,5797.170793672895,1730330197.4965231
-1174.4724124041095,5805.619753077001,1730330197.4999251
-1175.6347031157857,5774.617883517491,1730330197.5035665
-1103.88560341425,5781.435165576359,1730330197.5080557
-1090.3404462743338,5819.5225381282025,1730330197.5119512
-1170.002063513048,5805.798567032643,1730330197.5170543
-1190.5433166674754,5765.028985146164,1730330197.5211067
-1110.8146441953952,5793.795680260144,1730330197.5237043
-1080.528030458454,5822.808244563133,1730330197.5280511
-1142.1294381772802,5796.701407039333,1730330197.5317016
-1188.755177111051,5767.599435758524,1730330197.5358136
-1132.0488014279367,5773.366185827993,1730330197.5396342
-1077.68935891263,5790.733491269767,1730330197.5453005
-1130.6406415272525,5806.446767621847,1730330197.5488615
-1190.1409852672798,5810.29126766816,1730330197.5518007
-1150.8242667703948,5763.307900823105,1730330197.5555544
-1083.4784607265549,5762.167961855885,1730330197.5598102
-1123.5774902793755,5805.351532143537,1730330197.563593
-1186.788223598984,5797.729587284278,1730330197.5681102
-1157.6415488292637,5762.838514189543,1730330197.5726016
-1090.161632318691,5772.405060816415,1730330197.577054
-1103.9079551587051,5811.498261868747,1730330197.579702
-1183.010778786037,5789.504145324725,1730330197.583767
-1173.3771769257996,5766.705365980311,1730330197.587887
-1105.047894125926,5754.166037340884,1730330197.5919633
-1104.0197138809815,5784.944389455842,1730330197.595914
-1178.8310025728945,5801.52938384168,1730330197.6001763
-1173.5783426258972,5782.061014421108,1730330197.604655
-1107.1266063602695,5754.903644907909,1730330197.608278
-1083.2549432820017,5787.2466191347385,1730330197.612033
-1154.6687668167076,5808.123148455996,1730330197.6162848
-1176.7075868496404,5798.198973917839,1730330197.6202357
-1107.17130984918,5773.14266838344,1730330197.6238034
-1079.298684513412,5792.611037804012,1730330197.6291757
-1146.5997870683418,5799.04834020714,1730330197.631866
-1179.590961884375,5787.447784834836,1730330197.6350448
-1125.4997403025318,5771.421584060381,1730330197.6397896
-1081.1985827921133,5796.38848261696,1730330197.6438327
-1130.819455482895,5816.326238671093,1730330197.64771
-1185.6706363762185,5793.572162815591,1730330197.6521072
-1140.2742433874898,5753.562540240591,1730330197.6570225
-1083.7690334044737,5793.840383749054,1730330197.6600182
-1117.1178361317916,5810.157157201428,1730330197.6627488
-1176.685235105185,5789.14651741344,1730330197.6679733
-1156.009871484026,5774.617883517491,1730330197.671757
-1085.9595043610937,5790.085290680563,1730330197.6760888
-1107.4395307826435,5813.15229095844,1730330197.679711
-1172.7289763365957,5810.738302557266,1730330197.6853013
-1169.711490835129,5774.99786317323,1730330197.6881118
-1103.818548180884,5764.023156645675,1730330197.6913016
-1095.0566643544037,5799.785947774166,1730330197.6960905
-1167.431612900688,5801.551735586136,1730330197.7000167
-1173.7124530926292,5773.321482339083,1730330197.704079
-1105.204356337113,5758.524627509669,1730330197.7081697
-1088.9546381181049,5799.025988462686,1730330197.7120345
-1148.119705691303,5826.228061464794,1730330197.716421
-1185.1118427648355,5797.327255884083,1730330197.7190976
-1127.332583347867,5768.314691581094,1730330197.722796
-1079.790422891429,5790.018235447197,1730330197.728371
-1140.9894992100596,5804.904497254432,1730330197.731854
-1189.3139707224334,5808.458424622825,1730330197.7361183
-1133.6357752842637,5785.167906900395,1730330197.7400331
-1087.1664985616803,5772.7626887277,1730330197.744132
-1123.1528071347243,5805.887974010465,1730330197.7468927
-1169.8232495574057,5805.128014698985,1730330197.7523167
-1135.0662869294033,5777.098927152029,1730330197.755872
-1074.5377629444315,5776.517781796191,1730330197.7602088
-1103.103292358314,5809.57601184559,1730330197.763834
-1180.2168107291236,5825.646916108956,1730330197.767208
-1147.1138771908138,5813.711084569823,1730330197.7712224
-1085.0877863273367,5762.302072322616,1730330197.7756088
-1096.4871759995433,5785.4808313227695,1730330197.7793748
-1165.6434733442634,5804.368055387504,1730330197.784258
-1165.3529006663443,5776.875409707476,1730330197.787964
-1095.8389754103391,5796.008502961219,1730330197.792144
-1088.239382295535,5830.519596400213,1730330197.7955792
-1157.2839209179783,5800.165927429906,1730330197.799615
-1172.7289763365957,5779.691729508845,1730330197.803136
-1110.5240715174762,5776.987168429753,1730330197.8076928
-1081.623265936764,5796.790814017155,1730330197.812316
-1151.718336548607,5794.868563993999,1730330197.816518
-1178.6968921061627,5789.19122090235,1730330197.8202753
-1110.591126750842,5773.544999783636,1730330197.8230228
-1081.6679694256748,5787.134860412462,1730330197.827248
-1138.0390689419592,5801.887011752965,1730330197.8309574
-1184.396586942266,5776.674244007379,1730330197.8355975
-1146.3539178793333,5764.7607642127,1730330197.8403597
-1079.4774984690546,5791.538154070157,1730330197.84424
-1115.5532140199202,5795.114433183006,1730330197.8481166
-1190.8115376009391,5796.880220994976,1730330197.8512454
-1155.2946156614562,5751.99791812872,1730330197.8550394
-1078.2258007795574,5763.978453156764,1730330197.859198
-1100.8904696572388,5806.983209488775,1730330197.8629873
-1175.2770752045008,5809.866584523509,1730330197.8672435
-1158.9603017521265,5801.998770475241,1730330197.8720517
-1097.269487055479,5749.427467516359,1730330197.8762896
-1102.6339057247528,5770.169886370884,1730330197.8792894
-1177.8028223279505,5784.027967933174,1730330197.8831751
-1179.523906651009,5768.627616003468,1730330197.887258
-1096.174251577169,5783.715043510801,1730330197.891265
-1069.7991931199067,5808.458424622825,1730330197.8952625
-1140.743630021051,5805.239773421261,1730330197.9003031
-1171.4102234137326,5770.348700326526,1730330197.903134
-1106.0984261153253,5773.880275950465,1730330197.907297
-1069.776841375451,5811.990000246764,1730330197.9112844
-1142.4870660885651,5792.879258737476,1730330197.9153285
-1183.4131101862324,5771.756860227211,1730330197.9192953
-1122.0352199119593,5750.165075083384,1730330197.9231985
-1067.8769430967502,5786.307845867616,1730330197.9281206
-1129.9253857046826,5817.577936360591,1730330197.9313035
-1183.1448892527687,5777.948293441331,1730330197.935284
-1134.172217151191,5733.736542908734,1730330197.939242
-1079.3880914912334,5759.686918221345,1730330197.943319
-1118.9953826660376,5780.943427198342,1730330197.947074
-1171.8572583028388,5760.558636255102,1730330197.951508
-1150.7572115370288,5737.938670866331,1730330197.9568632
-1082.9867223485378,5767.33121482506,1730330197.9595263
-1098.722350445074,5769.409927059403,1730330197.9631832
-1179.747424095562,5767.800601458622,1730330197.96763
-1157.2615691735232,5730.383781240437,1730330197.971174
-1088.462899740088,5741.000859856708,1730330197.9754553
-1086.2947805279232,5798.24367740675,1730330197.9796405
-1157.395679640255,5786.151383656429,1730330197.9846115
-1179.4792031620984,5702.89113556041,1730330197.987692
-1110.434664539655,5704.36635069446,1730330197.9905188
-1087.5688299618755,5756.356508297505,1730330197.9958503
-1151.137191192769,5768.158229369907,1730330197.9997363
-1187.1234997658134,5745.292394792127,1730330198.0033932
-1114.3909233082445,5719.096150290508,1730330198.0080044
-1074.984797833538,5748.265176804684,1730330198.011908
-1140.363650365311,5764.224322345773,1730330198.0142567
-1178.808650828439,5733.13304580844,1730330198.018764
-1134.0828101733698,5716.5704031670575,1730330198.0234487
-1083.8137368933842,5746.722906437267,1730330198.027769
-1134.9992316960374,5750.679165205856,1730330198.031299
-1186.9670375546264,5724.237051515228,1730330198.0355458
-1139.3354701203668,5709.708417619278,1730330198.0394225
-1063.4736494390547,5748.064011104586,1730330198.0424469
-1108.4453592831326,5772.740336983245,1730330198.0462549
-1181.937895052182,5722.113635791974,1730330198.0514216
-1151.9642057376154,5716.592754911513,1730330198.0554066
-1085.400710749711,5722.985353825731,1730330198.0594494
-1100.1528620902136,5742.431371501848,1730330198.0632987
-1166.5151913780203,5734.898833620409,1730330198.066488
-1156.0545749729365,5706.087435017519,1730330198.0706568
-1088.0605683398926,5695.023321512142,1730330198.0750306
-1079.0528153244038,5738.497464477714,1730330198.0789676
-1156.9486447511488,5743.906586635899,1730330198.0834365
-1176.7299385940955,5701.304161704084,1730330198.0883503
-1099.6164202232862,5713.1058827764855,1730330198.0916886
-1071.4532222095993,5760.223360088273,1730330198.0956233
-1145.236330656568,5718.9173363348655,1730330198.099939
-1187.302313721456,5685.277960929628,1730330198.1035695
-1121.297612344934,5647.011774422143,1730330198.1065023
-1081.757376403496,5692.7434435777,1730330198.1109586
-1138.0614206864143,5712.122406020451,1730330198.1144907
-1182.3402264523777,5686.261437685662,1730330198.118971
-1136.6756125301854,5677.991292237198,1730330198.123574
-1084.9536758606048,5702.55585939358,1730330198.1276655
-1129.3442403488446,5719.5655369240685,1730330198.1315746
-1188.4869561775872,5697.034978513119,1730330198.1351392
-1151.8524470153388,5670.235236911206,1730330198.138482
-1079.5892571913312,5684.607408595969,1730330198.143001
-1110.2334988395571,5705.483937917225,1730330198.1464925
-1176.6405316162743,5714.536394421625,1730330198.1520348
-1165.1964384551572,5671.21871366724,1730330198.1555662
-1092.1956410641244,5665.362556619949,1730330198.1600142
-1097.403597522211,5690.821193554544,1730330198.1628916
-1183.4578136751431,5685.7920510521,1730330198.1667428
-1179.7697758400177,5673.878571257422,1730330198.1708548
-1089.8487078963171,5697.861993057966,1730330198.1749172
-1075.0518530669035,5747.61697621548,1730330198.1790495
-1152.8359237713723,5740.687935434335,1730330198.1836808
-1170.225580957601,5677.343091647994,1730330198.1870012
-1095.146071332225,5668.022414210131,1730330198.191066
-1072.682568154641,5704.36635069446,1730330198.1948905
-1137.815551497406,5712.41297869837,1730330198.1992908
-1182.7872613414838,5686.484955130214,1730330198.2031476
-1125.0527054134257,5660.780449006611,1730330198.2066948
-1077.6223036792642,5696.3197226905495,1730330198.2122176
-1128.8301502263726,5726.002839327198,1730330198.214547
-1191.660903890241,5700.723016348245,1730330198.2177873
-1141.7271067770848,5666.770716520634,1730330198.2226284
-1078.561076946387,5677.566609092547,1730330198.2267854
-1119.8000454664286,5698.040807013608,1730330198.2305276
-1179.970941540115,5697.146737235396,1730330198.2347467
-1146.0186417125035,5696.990275024209,1730330198.239684
-1072.079071054348,5713.351751965493,1730330198.243278
-1107.5065860160096,5707.27207747365,1730330198.2459931
-1186.0282642875034,5688.049577242086,1730330198.251047
-1168.3703861678107,5652.979690191709,1730330198.2546017
-1095.816623665884,5675.622007324935,1730330198.25913
-1090.8992398857165,5709.440196685815,1730330198.262766
-1172.8854385477828,5683.26630392865,1730330198.2681448
-1181.781432840995,5665.943701975787,1730330198.2708206
-1103.8632516697946,5675.800821280578,1730330198.2738135
-1092.9556003756047,5706.042731528608,1730330198.2788842
-1164.4364791436767,5712.994124054208,1730330198.2828546
-1185.5141741650314,5685.680292329824,1730330198.2868285
-1113.6086122523084,5700.857126814977,1730330198.2908752
-1085.8700973832724,5742.811351157588,1730330198.2938712
-1149.527865591987,5698.420786669349,1730330198.297854
-1193.493746935576,5660.936911217798,1730330198.3019109
-1136.4520950856322,5665.608425808958,1730330198.306897
-1089.4910799850322,5690.910600532366,1730330198.3108957
-1139.849560242839,5717.375065967449,1730330198.314924
-1190.3421509673776,5695.962094779265,1730330198.3189015
-1148.1420574357578,5687.960170264265,1730330198.3216648
-1076.7952891344178,5697.705530846779,1730330198.3258224
-1110.3229058173783,5707.115615262463,1730330198.3297648
-1179.2109822286347,5682.416937639348,1730330198.333874
-1153.3723656382997,5675.644359069391,1730330198.3387747
-1078.6281321797528,5705.349827450494,1730330198.3428233
-1102.298629557923,5714.067007788063,1730330198.3466933
-1176.5064211495426,5703.584039638525,1730330198.3501284
-1155.3393191503667,5681.768737050144,1730330198.353967
-1085.4230624941663,5695.738577334711,1730330198.3581233
-1093.492042242532,5713.418807198859,1730330198.362878
-1163.2741884320008,5720.951345080298,1730330198.3670702
-1173.846563559361,5682.282827172617,1730330198.3710809
-1111.0158098954928,5670.8387340115,1730330198.3751814
-1087.0994433283142,5715.117539777463,1730330198.3779435
-1164.4364791436767,5720.593717169013,1730330198.382141
-1193.42669170221,5699.091339003007,1730330198.3862708
-1124.27039435749,5661.160428662352,1730330198.3901415
-1079.9245333581607,5662.970919963232,1730330198.3952966
-1139.8272084983837,5697.370254679949,1730330198.3996184
-1183.8377933308832,5677.387795136905,1730330198.4031491
-1138.2849381309677,5663.775582763623,1730330198.4058564
-1085.043082838426,5681.344053905494,1730330198.41026
-1132.0264496834816,5695.64917035689,1730330198.4140143
-1192.5996771573637,5679.086527715508,1730330198.418533
-1158.4015081407438,5664.602597308469,1730330198.4220045
-1092.1285858307583,5684.920333018343,1730330198.4271736
-1113.854481441317,5713.776435110144,1730330198.42993
-1181.3791014407996,5709.12727226344,1730330198.4342322
-1170.359691424333,5676.158449191863,1730330198.4380682
-1104.3773417922666,5686.797879552589,1730330198.4422104
-1111.7087139736077,5717.03978980062,1730330198.4461176
-1173.623046114808,5724.885252104432,1730330198.4514976
-1166.716357078118,5699.180745980829,1730330198.4549968
-1106.8136819378951,5667.307158387561,1730330198.4582393
-1099.8399376678394,5677.521905603637,1730330198.4620335
-1170.784374568984,5678.907713759865,1730330198.4665432
-1187.3693689548218,5669.45292585527,1730330198.4705436
-1110.747588962029,5672.64922531238,1730330198.474266
-1078.695187413119,5704.723978605745,1730330198.4785335
-1150.8242667703948,5724.259403259684,1730330198.4831624
-1172.8407350588725,5707.249725729194,1730330198.4862423
-1117.9895541655487,5681.455812627771,1730330198.4902115
-1085.0877863273367,5706.243897228706,1730330198.4946084
-1122.4151995676991,5746.745258181722,1730330198.498216
-1176.5734763829084,5716.436292700326,1730330198.502632
-1147.3373946353668,5666.971882220732,1730330198.5077648
-1091.4580334970992,5671.822210767533,1730330198.5116172
-1121.811702467406,5711.854185086988,1730330198.5140245
-1182.362578196833,5709.708417619278,1730330198.5186749
-1156.65807207323,5682.953379506276,1730330198.5221183
-1095.8389754103391,5690.2176964542505,1730330198.526686
-1112.6027837518195,5726.092246305018,1730330198.5301936
-1182.8990200637604,5710.781301353133,1730330198.5353055
-1165.5317146219868,5687.557838864069,1730330198.5381172
-1102.164519091191,5703.025246027141,1730330198.541646
-1109.9652779060934,5722.828891614544,1730330198.5460556
-1167.6104268563304,5708.859051329977,1730330198.5505917
-1178.8757060618052,5723.7900166261215,1730330198.554373
-1105.4055220372109,5716.816272356066,1730330198.5581334
-1102.946830147127,5709.373141452449,1730330198.564125
-1174.3383019373778,5708.099092018497,1730330198.567638
-1184.1283660088022,5694.375120922938,1730330198.570824
-1118.4812925435654,5696.3197226905495,1730330198.57486
-1085.4677659830768,5725.444045715814,1730330198.5784917
-1147.6726708021963,5733.0659905750745,1730330198.582415
-1197.5170609375311,5731.0096300851865,1730330198.5865767
-1133.300499117434,5705.2380687282175,1730330198.5908935
-1085.333655516345,5698.17491748034,1730330198.5948987
-1143.3811358667774,5738.005726099697,1730330198.5971766
-1195.3265899809112,5724.7287898932445,1730330198.6017115
-1139.0672491869032,5713.619972898958,1730330198.6063478
-1087.6135334507865,5713.642324643412,1730330198.6107793
-1120.0906181443474,5748.600452971513,1730330198.6142297
-1176.3499589383557,5720.7501793802,1730330198.618725
-1152.3888888822662,5715.095188033008,1730330198.622161
-1074.5377629444315,5706.936801306821,1730330198.6257367
-1096.241306810535,5727.433350972337,1730330198.6293151
-1180.5297351514978,5725.84637711601,1730330198.6345692
-1172.5948658698635,5696.4314814128265,1730330198.6381698
-1098.5658882338869,5698.465490158259,1730330198.6424768
-1099.236440567546,5729.869691117966,1730330198.646352
-1172.527810636498,5738.989202855731,1730330198.649757
-1178.205153728146,5702.019417526653,1730330198.653388
-1106.6795714711634,5704.567516394558,1730330198.6575248
-1083.8584403822947,5747.0358308596415,1730330198.6623952
-1159.0273569854924,5726.673391660856,1730330198.6663687
-1192.6890841351849,5692.810498811066,1730330198.670914
-1126.885548458761,5675.845524769488,1730330198.674997
-1099.4823097565543,5708.590830396513,1730330198.6775377
-1153.8864557607717,5720.593717169013,1730330198.6814497
-1187.2799619770003,5702.533507649125,1730330198.6858346
-1134.7310107625738,5670.905789244865,1730330198.6894307
-1083.5231642154652,5688.429556897826,1730330198.6946993
-1137.9049584752272,5726.449874216303,1730330198.69859
-1193.7172643801289,5733.311859764083,1730330198.7016363
-1154.8922842612606,5676.024338725131,1730330198.7053072
-1084.3278270158562,5682.059309728063,1730330198.7098873
-1114.2121093526018,5715.721036877756,1730330198.7133412
-1175.3888339267771,5714.759911866178,1730330198.718964
-1161.5307523644867,5693.972789522743,1730330198.722296
-1102.0304086244594,5695.895039545899,1730330198.7268744
-1120.6270600112748,5718.425597956848,1730330198.7294145
-1184.4859939200871,5694.93391453432,1730330198.7335043
-1179.8815345622938,5686.88728653041,1730330198.7376876
-1096.8895073997387,5706.378007695438,1730330198.7418249
-1096.3754172772667,5730.584946940536,1730330198.745746
-1170.493801891065,5715.363408966471,1730330198.751037
-1177.355787438844,5689.502440631681,1730330198.7543511
-1112.3122110739007,5695.403301167882,1730330198.757511
-1085.6465799387192,5713.575269410047,1730330198.7619205
-1145.0798684453807,5733.647135930913,1730330198.765997
-1181.937895052182,5719.677295646346,1730330198.7697887
-1128.3831153372664,5691.581152866024,1730330198.7733872
-1077.7117106570854,5716.704513633789,1730330198.77874
-1142.7105835331183,5730.942574851821,1730330198.7827384
-1188.6881218776848,5709.328437963538,1730330198.78556
-1129.9924409380485,5710.714246119767,1730330198.7895696
-1083.2549432820017,5714.357580465982,1730330198.793598
-1131.55706304992,5736.664621432379,1730330198.7974005
-1196.064197547936,5741.872577890465,1730330198.8021648
-1160.748441308551,5704.925144305843,1730330198.8065865
-1087.5464782174204,5682.953379506276,1730330198.8099475
-1117.4531122986214,5736.329345265549,1730330198.812565
-1175.1653164822242,5745.51591223668,1730330198.8179884
-1153.7076418051292,5694.576286623035,1730330198.8214283
-1098.4988330005208,5701.617086126457,1730330198.8257384
-1112.0886936293475,5755.842418175032,1730330198.8295152
-1179.300389206456,5757.719964709278,1730330198.834496
-1175.6347031157857,5698.867821558455,1730330198.8374972
-1116.1790628646688,5713.888193832421,1730330198.8416507
-1107.685399971652,5744.42067675837,1730330198.8456786
-1172.3713484253108,5751.014441372686,1730330198.849702
-1188.263438733034,5714.312876977072,1730330198.8536315
-1127.0643624144034,5705.014551283664,1730330198.8577075
-1097.6047632223083,5749.293357049627,1730330198.8625996
-1158.1779906961908,5774.439069561848,1730330198.8657002
-1199.6628284052406,5740.2856040341385,1730330198.8685503
-1124.1586356352134,5728.305069006094,1730330198.8736577
-1078.8292978798506,5728.595641684013,1730330198.8775697
-1136.9214817191937,5750.388592527937,1730330198.8816388
-1183.0778340194029,5738.94449936682,1730330198.8857658
-1136.5638538079088,5721.398379969404,1730330198.890652
-1080.0809955693478,5754.009575129697,1730330198.8937807
-1109.8535191838168,5776.629540518468,1730330198.8966691
-1188.911639322238,5771.019252660186,1730330198.901804
-1164.6152930993192,5737.983374355242,1730330198.905548
-1085.4901177275322,5735.479978976247,1730330198.909784
-1111.4181412956884,5766.884179935954,1730330198.9136243
-1185.782395098495,5763.553770012113,1730330198.916789
-1172.2148862141237,5726.315763749572,1730330198.920738
-1101.561021990898,5735.547034209613,1730330198.9246285
-1102.9244784026716,5776.2048573738175,1730330198.9286668
-1170.4267466576991,5773.589703272546,1730330198.933794
-1177.355787438844,5753.987223385242,1730330198.937617
-1110.45701628411,5726.874557360954,1730330198.941696
-1093.983780620549,5745.560615725591,1730330198.9448085
-1164.1459064657577,5766.258331091205,1730330198.948764
-1183.1895927416797,5763.106735123007,1730330198.9528568
-1118.6824582436632,5744.107752335996,1730330198.9567797
-1096.8001004219177,5754.970700141275,1730330198.9618278
-1161.2178279421123,5761.13978161094,1730330198.9657743
-1198.813462115939,5742.967813368776,1730330198.9699764
-1135.2674526295011,5743.191330813329,1730330198.9729948
-1085.2218967940685,5766.258331091205,1730330198.9769042
-1135.7591910075178,5774.327310839572,1730330198.9808035
-1192.5996771573637,5752.310842551094,1730330198.9849713
-1150.7572115370288,5736.843435388021,1730330198.9898365
-1093.5143939869874,5742.140798823929,1730330198.9939768
-1134.0604584289144,5776.227209118272,1730330198.9979398
-1190.588020156386,5776.674244007379,1730330199.0009797
-1166.202266955646,5751.863807661987,1730330199.004733
-1096.8224521663728,5715.519871177658,1730330199.009016
-1123.085751901359,5757.116467608985,1730330199.0127337
-1198.4781859491095,5757.51879900918,1730330199.017001
-1171.1867059691797,5735.636441187435,1730330199.021754
-1104.042065625437,5750.18742682784,1730330199.0258732
-1050.4872859105212,6776.937160126825,1730330204.039832
-1004.6438580326866,6791.711663211783,1730330204.0439095
-1054.1306202567364,6810.777701232159,1730330204.0478444
-1112.8263011963727,6796.360826058487,1730330204.0517666
-1070.4026902202,6776.557180471084,1730330204.0556598
-1009.6059453017648,6787.688349209828,1730330204.0606031
-1044.631128863231,6809.011913420191,1730330204.0636213
-1110.1887953506464,6799.847698193515,1730330204.0676088
-1085.7359869165405,6771.081003079535,1730330204.0717268
-1017.2502419054796,6774.299654281099,1730330204.0757372
-1032.6952973240968,6802.753424972704,1730330204.079709
-1104.3102865589008,6801.769948216671,1730330204.0836475
-1101.0916353573366,6772.042128091112,1730330204.088674
-1028.3814106442226,6770.253988534688,1730330204.0916576
-1025.8109600318624,6794.080948124046,1730330204.095713
-1099.0799783563589,6797.232544092244,1730330204.0996385
-1113.2956878299342,6772.042128091112,1730330204.1036668
-1038.1044194822812,6772.109183324478,1730330204.107767
-1012.3328581253122,6803.401625561908,1730330204.1116843
-1084.1266613157584,6809.146023886922,1730330204.1156688
-1117.430760554166,6778.680596194339,1730330204.1186562
-1049.5708643878538,6765.269549521155,1730330204.123665
-1009.7177040240412,6785.743747442216,1730330204.1276493
-1068.368681474767,6803.446329050819,1730330204.1316853
-1119.397714066233,6778.144154327411,1730330204.1357212
-1068.055757052393,6754.205436015777,1730330204.1407275
-1013.4057418591668,6771.349224012998,1730330204.1436827
-1060.1208877707586,6790.43761377783,1730330204.14672
-1123.331621090367,6771.237465290722,1730330204.1507208
-1077.0858618123368,6753.333717982021,1730330204.1557767
-1009.5388900683988,6766.901226866392,1730330204.159735
-1030.0354397339154,6798.484241781741,1730330204.1637385
-1097.6047632223083,6790.929352155848,1730330204.1677325
-1079.0751670688592,6763.213189031267,1730330204.1717374
-1011.3493813692788,6763.257892520177,1730330204.17473
-1024.6486693201864,6784.045014863613,1730330204.1787646
-1099.012923122993,6780.491087495218,1730330204.1837604
-1094.721388187574,6760.799200630093,1730330204.1878004
-1021.1394454407032,6760.016889574157,1730330204.1917603
-1013.7857215149072,6786.727224198249,1730330204.1958568
-1087.3229607728674,6790.05763412209,1730330204.1988728
-1107.3277720603671,6762.207360530778,1730330204.2028785
-1038.7302683270298,6751.1432470254,1730330204.206925
-1012.2210994030356,6776.3113112820765,1730330204.2108526
-1078.6057804352977,6788.537715499129,1730330204.2158887
-1111.0381616399482,6773.159715313878,1730330204.2198813
-1052.789515589418,6764.040203576113,1730330204.224046
-1008.8906894791947,6789.096509110512,1730330204.227044
-1060.4114604486776,6802.753424972704,1730330204.2309904
-1115.7767314644732,6771.908017624381,1730330204.2351491
-1067.429908207644,6756.619424416951,1730330204.2390964
-1010.3212011243344,6770.924540868347,1730330204.2440596
-1046.7321928420297,6802.216983105777,1730330204.2479973
-1113.1615773632022,6784.536753241629,1730330204.2511077
-1083.366702004278,6766.498895466197,1730330204.2551167
-1025.1627594426584,6806.977904674757,1730330204.259163
-1044.5864253743202,6864.555998391628,1730330204.2631743
-1092.6426759532303,6823.719361271783,1730330204.2681744
-1082.1820595481468,6738.827435830526,1730330204.2721756
-1017.1384831832032,6737.888662563403,1730330204.276034
-1021.1841489296138,6775.841924648515,1730330204.278935
-1094.9896091210378,6786.526058498152,1730330204.2831717
-1102.07511211337,6755.1442092829,1730330204.2869468
-1031.6671170791528,6756.082982550023,1730330204.2911484
-1032.8070560463734,6844.484131870763,1730330204.2949922
-1082.115004314781,6890.349911493053,1730330204.300058
-1085.8700973832724,6794.438576035331,1730330204.3040593
-1021.1617971851584,6730.087903748501,1730330204.3069775
-983.7449769669744,6780.468735750764,1730330204.310975
-1056.3881464467224,6794.595038246517,1730330204.3150144
-1100.0634551123924,6807.1343668859445,1730330204.3189929
-1037.0985909817923,6858.3198616885975,1730330204.322988
-977.7547094529522,6869.875713571992,1730330204.3282104
-1046.620434119753,6777.563008971573,1730330204.3319907
-1103.818548180884,6770.142229812412,1730330204.3350265
-1046.0392887639152,6779.1499828279,1730330204.3390667
-988.5058985359548,6808.006084919702,1730330204.3431363
-1045.793419574907,6840.863149269003,1730330204.3470724
-1127.5784525368754,6824.747541516726,1730330204.3510604
-1072.682568154641,6796.740805714227,1730330204.3560925
-986.33777932379,6781.452212506797,1730330204.3600726
-1009.2706691349352,6825.418093850386,1730330204.363093
-1089.0663968403812,6879.509315432229,1730330204.367042
-1070.268579753468,6831.743637531238,1730330204.371117
-1005.7390935109966,6786.727224198249,1730330204.3751192
-1006.4096458446558,6809.078968653556,1730330204.379136
-1084.1043095713032,6843.1653789479,1730330204.3832269
-1096.5542312329092,6819.964268203291,1730330204.3881853
-1009.6506487906752,6823.786416505149,1730330204.3911412
-994.9879044279938,6810.755349487705,1730330204.3951638
-1069.910951842183,6816.142119901433,1730330204.399166
-1087.2559055395016,6860.935015789869,1730330204.4032948
-1024.5369105979098,6861.40440242343,1730330204.4071755
-989.310561336346,6865.494771658751,1730330204.411158
-1033.8128845468625,6801.837003450037,1730330204.4151928
-1090.4522049966104,6772.220942046755,1730330204.4181895
-1076.527068200954,6867.059393770623,1730330204.4232633
-1024.0898757088037,6972.023185732745,1730330204.4272003
-1050.8896173107169,6881.632731155483,1730330204.4312358
-1074.0460245664149,6754.831284860527,1730330204.4351785
-1042.6418236067086,6775.506648481685,1730330204.439289
-1013.2492796479796,6858.632786110972,1730330204.4433167
-1048.3415184428118,6924.190452598388,1730330204.4462292
-1097.5153562444873,6828.972021218779,1730330204.451232
-1051.046079521904,6675.259074599633,1730330204.455226
-975.340721051779,6669.000586152147,1730330204.459244
-985.9801514125052,6759.949834340791,1730330204.4632945
-1075.722405400563,6811.761177988194,1730330204.4672809
-1088.619361951275,6801.3229133275645,1730330204.4712863
-1003.079235920815,6824.993410705735,1730330204.474538
-988.4164915581335,6820.679524025861,1730330204.479578
-1067.0722802963592,6779.82053516156,1730330204.4833777
-1060.143239515214,6691.106461418446,1730330204.487404
-997.9159829516392,6655.209559823223,1730330204.49165
-1006.0296661889156,6753.691345893306,1730330204.4943504
-1073.68839665513,6828.860262496503,1730330204.49857
-1106.2548883265124,6756.842941861504,1730330204.5025148
-1047.2909864534124,6711.357141894954,1730330204.5065627
-1002.140462653692,6763.839037876015,1730330204.5113978
-1023.5981373307868,6729.260889203655,1730330204.515561
-1079.298684513412,6714.642848329884,1730330204.5193565
-1082.3161700148785,6845.355849904519,1730330204.522447
-1076.5494199454097,7044.82281742368,1730330204.5264373
-1108.780635449962,7049.91901515949,1730330204.5306118
-1070.4473937091104,6815.918602456881,1730330204.5345483
-1009.2706691349352,6560.818142988461,1730330204.53958
-973.6196367287204,6616.205765748712,1730330204.5435753
-963.4495930015556,6636.344687502943,1730330204.5486076
-1048.497980653999,6634.981231091169,1730330204.5524423
-1077.152917045703,6728.612688614451,1730330204.5556304
-1055.695242368608,6935.053400403667,1730330204.558426
-1088.306437528901,6999.560534901683,1730330204.5626168
-1106.009019137504,6858.051640755134,1730330204.566649
-1049.1014777542923,6611.958934302204,1730330204.571447
-975.2960175628684,6526.329401293922,1730330204.575519
-979.8781251762064,6648.951071375736,1730330204.578496
-1074.3813007332446,6713.838185529493,1730330204.582542
-1098.0517981114149,6760.866255863459,1730330204.58648
-1025.8333117763175,6919.675400218416,1730330204.5905142
-1019.373657628734,6996.297180211209,1730330204.594436
-1077.912876357183,6770.298692023599,1730330204.5995276
-1070.559152431387,6647.922891130793,1730330204.603449
-1007.4825295785106,6689.005397439647,1730330204.6064825
-970.982130882994,6732.926575294326,1730330204.610449
-1013.2045761590692,6769.739898412216,1730330204.6145427
-1073.30841699939,6714.374627396421,1730330204.6185098
-1057.5727889028535,6737.776903841127,1730330204.6225264
-985.466061290033,6781.139288084422,1730330204.6274934
-1036.629204348231,6821.663000781894,1730330204.6305056
-1119.5094727885096,6857.872826799492,1730330204.6345396
-1076.8176408788731,6836.772780033682,1730330204.638556
-971.9432558945724,6803.066349395079,1730330204.642517
-971.8985524056616,6773.047956591601,1730330204.6465304
-1012.4446168475888,6764.330776254032,1730330204.6505792
-1043.468838151555,6743.81187484406,1730330204.6555724
-1009.0918551792928,6776.914808382369,1730330204.658692
-1001.6710760201308,6801.479375538752,1730330204.662732
-1085.69128342763,6796.427881291853,1730330204.6665792
-1086.5630014613869,6847.702783072327,1730330204.6706011
-1011.885823236206,6800.831174949548,1730330204.6745949
-1003.1909946430916,6781.251046806699,1730330204.6786275
-1071.0061873204932,6810.777701232159,1730330204.6836977
-1093.089710842337,6801.367616816476,1730330204.686634
-1029.4542943780773,6787.4648317652745,1730330204.689656
-975.1842588405918,6813.035227422146,1730330204.6946433
-1043.9382247851163,6847.747486561238,1730330204.69863
-1086.205373550102,6847.59102435005,1730330204.7026556
-1048.9673672875604,6760.933311096825,1730330204.7066743
-1010.5894220577982,6809.213079120288,1730330204.7117012
-1045.4581434080771,6873.0496612846455,1730330204.7148118
-1110.3676093062888,6781.854543906992,1730330204.7178314
-1053.1024400117922,6782.189820073822,1730330204.722851
-986.3824828127008,6832.123617186978,1730330204.7269511
-1054.9352830571274,6862.007899523724,1730330204.7307189
-1097.2247835665685,6852.553111619129,1730330204.7349262
-1065.5523616733983,6800.2053261048,1730330204.7399626
-985.8460409457732,6784.648511963906,1730330204.7429595
-1011.304677880368,6825.820425250581,1730330204.7460077
-1087.2112020505908,6791.979884145247,1730330204.7509704
-1071.1626495316805,6757.491142450708,1730330204.7549872
-992.3503985822676,6766.074212321546,1730330204.7589896
-985.6448752456756,6807.067311652579,1730330204.7627397
-1055.3599662017782,6807.089663397034,1730330204.765972
-1082.4726322260658,6777.406546760386,1730330204.769794
-1036.0927624813037,6782.05570960709,1730330204.773949
-1015.1044744377704,6830.603698564017,1730330204.7778184
-1058.2880447254236,6807.782567475148,1730330204.7830982
-1061.6855098826302,6760.106296551979,1730330204.787073
-1024.6486693201864,6763.10143030899,1730330204.7911246
-997.8936312071838,6767.035337333124,1730330204.7939143
-1052.5436464004097,6808.140195386433,1730330204.7979565
-1099.9740481345711,6794.997369646713,1730330204.8019052
-1047.2239312200466,6768.532904211629,1730330204.805932
-1005.560279555354,6764.554293698585,1730330204.8108616
-1043.6029486182867,6797.67957898135,1730330204.8149588
-1108.333600560856,6767.147096055401,1730330204.8189304
-1068.5251436859542,6711.893583761881,1730330204.8219075
-997.8712794627284,6728.232708958711,1730330204.8259084
-1027.085009465815,6762.430877975331,1730330204.829934
-1105.271411570479,6762.296767508598,1730330204.8339612
-1070.4473937091104,6715.849842530471,1730330204.8389823
-988.595305513776,6695.979141709703,1730330204.8428814
-1007.0131429449492,6763.034375075624,1730330204.8469331
-1091.5697922193758,6758.921654095848,1730330204.849929
-1082.137356059236,6685.920856704815,1730330204.8539488
-1002.5427940538876,6680.064699657524,1730330204.8579676
-1004.8450237327844,6707.378531381909,1730330204.8619945
-1082.5843909483422,6698.907220233348,1730330204.866943
-1109.0712081278812,6669.626434996896,1730330204.8709557
-1032.91881476865,6710.150147694368,1730330204.873954
-991.6127910152426,6696.023845198613,1730330204.8779624
-1057.9527685585938,6682.031653169591,1730330204.8820374
-1077.4434897236215,6664.865513427915,1730330204.8859968
-1015.9761924715272,6650.582748720974,1730330204.89019
-991.3445700817788,6670.475801286198,1730330204.8939912
-1055.6058353907868,6680.13175489089,1730330204.8990655
-1112.7815977074622,6647.319394030499,1730330204.90202
-1057.0810505248369,6617.971553560681,1730330204.9060612
-1009.2036139015692,6653.488475500164,1730330204.9100125
-1036.2939281814013,6653.689641200262,1730330204.9141016
-1091.0333503524485,6615.915193070793,1730330204.91805
-1066.982873318538,6587.908457268293,1730330204.9220693
-1008.980096457016,6600.604248118908,1730330204.9270673
-1030.4154193896557,6645.017164351602,1730330204.9301202
-1103.595030736331,6618.753864616617,1730330204.933102
-1076.8176408788731,6549.686974249718,1730330204.9380703
-1006.856680733762,6566.517837824565,1730330204.9420693
-1013.5398523258988,6613.948239558726,1730330204.9460948
-1079.142222302225,6584.734509555639,1730330204.9500935
-1085.6689316831746,6551.653927761785,1730330204.9550996
-1011.2823261359129,6584.44393687772,1730330204.9581635
-1007.7731022564296,6584.555695599997,1730330204.9621484
-1082.0032455925043,6551.117485894858,1730330204.9662752
-1100.041103367937,6512.00193309807,1730330204.970229
-1031.6671170791528,6507.956267351659,1730330204.9743967
-1000.6428957751866,6525.122407093336,1730330204.9781656
-1072.59316117682,6555.274910363545,1730330204.9834075
-1106.3442953043336,6534.8901194203045,1730330204.9862387
-1047.4250969201444,6512.091340075892,1730330204.990405
-1000.5534887973654,6507.173956295724,1730330204.9942832
-1052.2977772114011,6504.849374872372,1730330204.9982696
-1109.0265046389704,6488.554953164453,1730330205.0023372
-1056.6787191246417,6494.746386378573,1730330205.0064116
-1010.0976836797814,6502.994180082582,1730330205.0102537
-1038.5514543713873,6527.804616427972,1730330205.013445
-1100.97987663506,6489.3372642203885,1730330205.017574
-1067.9663500745714,6453.485066114076,1730330205.0214849
-997.62541027372,6486.118613018824,1730330205.0263128
-1020.6253553182312,6490.52190667652,1730330205.030494
-1099.3481992898226,6466.158505220235,1730330205.0348864
-1086.3841875057444,6466.829057553895,1730330205.0374093
-1014.2998116373792,6477.021453025514,1730330205.041845
-1021.0053349739712,6448.567682333909,1730330205.0453217
-1092.687379442141,6463.520999374509,1730330205.0505648
-1089.2228590515683,6440.744571774551,1730330205.0543592
-1023.5087303529656,6422.4161413212,1730330205.0583737
-1010.1870906576028,6441.169254919202,1730330205.0624342
-1081.757376403496,6453.41801088071,1730330205.06575
-1108.2441935830348,6440.118722929803,1730330205.0693283
-1039.3784689162335,6409.496833026032,1730330205.073737
-1006.0743696778262,6409.31801907039,1730330205.0774908
-1054.4882481680213,6452.903920758238,1730330205.082837
-1111.5969552513309,6414.816548206395,1730330205.0863748
-1061.5737511603536,6387.994454860027,1730330205.090452
-1005.0908929217928,6378.584370444342,1730330205.093801
-1061.439640693622,6398.83505092085,1730330205.0981524
-1108.3559523053111,6392.844783406828,1730330205.1021376
-1063.9877395615267,6388.888524638239,1730330205.1067195
-1012.4893203364992,6383.345292013323,1730330205.1107123
-1040.9877945170158,6387.480364737555,1730330205.11506
-1087.9935131065265,6368.816658117373,1730330205.11767
-1081.086824069837,6322.190919183603,1730330205.1214836
-1012.2658028919462,6371.431812218644,1730330205.1257837
-1032.561186857365,6377.779707643951,1730330205.1296382
-1111.2169755955906,6363.720460381564,1730330205.1339023
-1099.303495800912,6351.225835231046,1730330205.1385207
-1018.7031052950748,6342.665117104664,1730330205.1424882
-1023.6428408196977,6354.690355621619,1730330205.1456616
-1098.4988330005208,6344.050925260893,1730330205.1495135
-1101.9633533910935,6320.291020904901,1730330205.1534424
-1033.790532802407,6298.699235761075,1730330205.157637
-1007.1696051561364,6355.137390510726,1730330205.16143
-1082.204411292602,6342.374544426745,1730330205.1654725
-1103.215051080591,6313.652552801676,1730330205.170468
-1040.9430910281053,6331.645707088198,1730330205.1735463
-1007.5048813229658,6294.541811292388,1730330205.1775537
-1054.465896423566,6285.8246309548185,1730330205.1814692
-1107.1042546158142,6280.86254368574,1730330205.185458
-1065.7758791179513,6260.254235297947,1730330205.1894572
-1006.0296661889156,6282.002482652961,1730330205.1934795
-1047.9391870426164,6324.515500606954,1730330205.198485
-1115.5532140199202,6290.429090312611,1730330205.2014537
-1075.945922845116,6257.393212007668,1730330205.20548
-1012.1987476585804,6285.556410021354,1730330205.2095191
-1026.660326321164,6291.501974046466,1730330205.2135038
-1104.8690801702835,6267.675014457109,1730330205.2176273
-1092.6650276976857,6257.393212007668,1730330205.2215474
-1007.7507505119744,6261.975319621006,1730330205.2266042
-1009.1589104126584,6321.050980216382,1730330205.2295375
-1089.334617773845,6296.195840382081,1730330205.2335548
-1117.721333232085,6211.974467274484,1730330205.237631
-1045.4134399191666,6217.964734788506,1730330205.2415905
-1029.655460078175,6238.885967598673,1730330205.2456002
-1096.59893472182,6249.637156681676,1730330205.2495956
-1107.9983243940264,6209.404016662124,1730330205.2536707
-1045.5251986414432,6190.7403100419415,1730330205.2565937
-1008.3095441233568,6239.4000577211455,1730330205.2616403
-1067.0946320408143,6265.216322567025,1730330205.265602
-1123.7116007461073,6208.398188161635,1730330205.269673
-1057.7292511140408,6220.378723189679,1730330205.2737055
-1014.9033087376724,6168.254455119903,1730330205.277629
-1068.8380681083283,6182.090184937738,1730330205.2816384
-1119.0847896438588,6184.347711127724,1730330205.284664
-1066.334672729334,6144.561605997277,1730330205.288648
-1017.3172971388456,6179.765603514386,1730330205.293726
-1055.918759813161,6193.914257754595,1730330205.297624
-1105.0255423814706,6169.729670253953,1730330205.3017304
-1073.8448588663173,6151.892978178618,1730330205.3058105
-998.0947969072816,6160.610158516188,1730330205.3087904
-1037.1879979596135,6180.771432014875,1730330205.312825
-1099.7952341789287,6171.137830154637,1730330205.316772
-1088.3511410178114,6141.521768751356,1730330205.3218217
-1021.4747216075328,6152.608234001188,1730330205.3259175
-1017.7196285390412,6177.642187791132,1730330205.329867
-1088.1276235732585,6161.6830422500425,1730330205.3340487
-1111.261679084501,6128.825977900741,1730330205.336824
-1036.5845008593203,6125.696733676999,1730330205.3410008
-1015.082122693315,6126.076713332738,1730330205.3447845
-1087.7476439175182,6153.055268890294,1730330205.3499844
-1115.8884901867498,6155.581016013744,1730330205.3539245
-1041.8595125507727,6121.204033041481,1730330205.3579524
-1016.244413404991,6107.189489268004,1730330205.361797
-1078.181097290647,6143.555777496788,1730330205.3660676
-1112.334562818356,6090.11275650415,1730330205.36886
-1060.4785156820435,6083.451936656468,1730330205.3730085
-1008.175433656625,6137.11847509366,1730330205.3771005
-1058.8021348478956,6118.857099873674,1730330205.382036
-1118.525996032476,6086.290608202292,1730330205.3859026
-1073.107251299292,6065.682299814499,1730330205.3890724
-1019.083084950815,6073.907741774052,1730330205.3931391
-1056.4775534245437,6097.310018218758,1730330205.3971508
-1113.0051151520152,6065.235264925393,1730330205.40089
-1090.4745567410655,6050.639575796077,1730330205.4050083
-1020.2677274069462,6066.509314359345,1730330205.4098876
-1034.7963613028958,6071.516105117334,1730330205.413968
-1108.1324348607582,6078.400442409568,1730330205.4169042
-1098.9458678896272,6042.570596047712,1730330205.4208734
-1033.365849657756,6019.078912625184,1730330205.4248729
-1030.951861256583,6063.268311413326,1730330205.4289043
-1100.689303957141,6056.33927063218,1730330205.432903
-1125.0527054134257,6041.788284991776,1730330205.4379723
-1040.5184078834543,6048.4491048394575,1730330205.441926
-1033.589367102309,6015.94966840144,1730330205.444929
-1106.657219726708,6059.803791022753,1730330205.4489152
-1129.8583304713168,6024.420979550002,1730330205.4529111
-1037.1209427262477,6010.585249732167,1730330205.4569042
-992.3951020711784,6039.150779146049,1730330205.4609313
-1057.3492714583006,6039.687221012977,1730330205.4659588
-1120.0012111665262,5994.201421046427,1730330205.4700048
-1062.4231174496554,5992.368578001092,1730330205.4729948
-1007.1025499227704,6012.440444521957,1730330205.4769323
-1060.3667569597671,6042.011802436328,1730330205.4810028
-1116.6931529871408,5993.620275690589,1730330205.4849608
-1076.884696112239,5982.310292996203,1730330205.4890375
-1011.4611400915552,6004.416168262502,1730330205.49396
-1062.3784139607446,6005.265534551804,1730330205.4969883
-1115.5532140199202,5985.28307500876,1730330205.5009756
-1091.4133300081885,5955.689365349933,1730330205.5050263
-1017.7643320279518,5973.369595214081,1730330205.5090027
-1036.8750735372394,6009.624124720589,1730330205.5130084
-1112.2451558405348,6012.842775922153,1730330205.5170105
-1102.9691818915824,5977.6611301495,1730330205.5220191
-1042.1277334842364,5956.874007806064,1730330205.5250416
-1024.3133931533569,5983.450231963424,1730330205.528123
-1093.045007353426,5988.501726210324,1730330205.5330453
-1116.0673041423922,5963.199551486916,1730330205.537072
-1047.0004137754934,5958.662147362488,1730330205.5411952
-1009.5388900683988,5974.911865581497,1730330205.545106
-1089.334617773845,5968.22869398936,1730330205.550086
-1128.5172258039984,5944.044106488718,1730330205.553077
-1061.1714197601582,5947.888606535031,1730330205.5560908
-1021.0947419517926,5972.766098113787,1730330205.5611205
-1077.9575798460935,5970.106240523606,1730330205.5651248
-1128.9866124375596,5936.645679074011,1730330205.5691028
-1076.1694402896692,5907.633114771023,1730330205.573141
-1008.9353929681056,5956.762249083788,1730330205.578158
-1052.8118673338734,5981.751499384821,1730330205.5812
-1124.940946691149,5938.232652930338,1730330205.5842035
-1082.0926525703255,5921.915879477964,1730330205.5891936
-1010.8799947357172,5944.334679166637,1730330205.5936792
-1037.433867148622,5963.713641609388,1730330205.5980685
-1115.1508826197246,5940.490179120324,1730330205.6015496
-1099.236440567546,5909.041274671707,1730330205.6058683
-1030.4601228785662,5911.902297961986,1730330205.6095967
-1030.9965647454935,5947.486275134836,1730330205.6124344
-1112.692190729641,5941.116027965072,1730330205.6168497
-1112.3569145628112,5920.351257366092,1730330205.6215556
-1033.4105531466666,5893.104480875073,1730330205.6255636
-1023.8440065197954,5924.732199279332,1730330205.6294289
-1091.5697922193758,5934.74578079531,1730330205.6332896
-1119.2189001105903,5918.831338743132,1730330205.6363227
-1057.1481057582027,5901.329922834626,1730330205.6405003
-1025.7215530540411,5912.684609017922,1730330205.6442933
-1084.5066409714989,5950.79433331422,1730330205.6493795
-1123.4210280681882,5937.025658729752,1730330205.6534307
-1070.1791727756467,5893.126832619529,1730330205.656548
-1025.7662565429516,5933.807007528188,1730330205.6606383
-1082.4055769926997,5940.512530864779,1730330205.6653626
-1131.1547316497245,5915.255059630283,1730330205.669302
-1085.7806904054512,5880.609855724556,1730330205.6723225
-1026.5485675988875,5915.523280563746,1730330205.6764493
-1047.9838905315269,5945.854597789597,1730330205.6802998
-1128.1819496371686,5912.774015995743,1730330205.6845813
-1099.2811440564567,5883.11325110355,1730330205.6883512
-1024.8051315313735,5897.731291977321,1730330205.6932757
-1050.822562077351,5926.095655691106,1730330205.6973228
-1116.8272634538728,5937.4503418744025,1730330205.7003443
-1106.9030889157164,5919.300725376693,1730330205.7043204
-1031.957689757072,5876.586541722601,1730330205.708299
-1039.177303216136,5897.083091388117,1730330205.7123473
-1113.0274668964703,5900.748777478788,1730330205.7163532
-1122.7281239900738,5883.11325110355,1730330205.7213583
-1028.560224599865,5903.4086350689695,1730330205.725417
-1018.2784221504238,5944.289975677726,1730330205.7284064
-1091.88271664175,5924.151053923494,1730330205.732349
-1116.8943186872386,5890.198754095884,1730330205.7363565
-1057.9304168141389,5869.277521285716,1730330205.7403913
-1015.2609366489576,5890.556382007168,1730330205.7443974
-1084.3278270158562,5914.115120663062,1730330205.7493873
-1129.0313159264704,5913.533975307224,1730330205.753451
-1073.5542861883982,5900.145280378495,1730330205.756493
-1016.2891168939016,5907.07432115964,1730330205.7603867
-1070.4026902202,5932.331792394137,1730330205.7644053
-1137.3238131193891,5895.920800676442,1730330205.768443
-1089.6028387073086,5868.3610997630485,1730330205.7725496
-1020.6253553182312,5897.1277948770285,1730330205.776437
-1048.0285940204376,5931.996516227307,1730330205.7814376
-1123.622193768286,5897.21720185485,1730330205.7844188
-1104.466748770088,5862.817867138132,1730330205.7884564
-1041.9265677841388,5856.022936823719,1730330205.7924595
-1044.7652393299627,5872.205599809361,1730330205.7964818
-1119.5765280218754,5874.932512632909,1730330205.8004453
-1119.2859553439564,5866.6847189289,1730330205.8054743
-1036.048058992393,5861.58852119309,1730330205.8088596
-1031.175378701136,5893.730329719821,1730330205.8114607
-1102.9021266582165,5912.528146806735,1730330205.8165212
-1124.0915804018475,5863.086088071595,1730330205.820543
-1055.2482074795018,5843.170683761917,1730330205.824517
-1027.2191199325466,5876.6983004448775,1730330205.8285575
-1092.039178852937,5898.871230944542,1730330205.8335457
-1136.8544264858278,5850.457352454348,1730330205.836564
-1069.173344275158,5864.941282861386,1730330205.83965
-1021.497073351988,5878.218219067839,1730330205.844542
-1066.6699488961635,5912.639905529011,1730330205.84866
-1124.6280222687749,5903.319228091148,1730330205.8525722
-1081.0644723253813,5857.609910680046,1730330205.8567176
-1018.8372157618064,5834.542910402169,1730330205.8616564
-1060.5679226598647,5866.014166595241,1730330205.86508
-1128.0254874259815,5873.7031666878665,1730330205.8682249
-1095.2578300545017,5849.138599531484,1730330205.8731694
-1029.6778118226305,5860.806210137154,1730330205.876922
-1044.7652393299627,5871.825620153621,1730330205.8808231
-1121.2529088560234,5870.886846886498,1730330205.8852203
-1108.3783040497667,5842.544834917168,1730330205.8887978
-1042.686527095619,5842.4777796838025,1730330205.892927
-1043.692355596108,5867.39997475147,1730330205.8959515
-1109.7417604615405,5860.49328571478,1730330205.9003031
-1121.4764263005766,5837.895672070465,1730330205.9048111
-1046.4416201641106,5836.15223600295,1730330205.9088013
-1037.0538874928818,5856.1570472904505,1730330205.9128623
-1113.943888419138,5873.390242265492,1730330205.916824
-1127.1314176477692,5850.814980365632,1730330205.9197304
-1065.8652860957725,5822.383561418482,1730330205.9238887
-1025.140407698203,5864.382489250003,1730330205.9277132
-1089.2899142849344,5893.462108786358,1730330205.9329453
-1132.2276153835792,5860.716803159333,1730330205.9367604
-1069.1286407862474,5811.922945013398,1730330205.940834
-1027.2861751659127,5807.765520544711,1730330205.9447749
-1084.8642688827836,5848.378640220004,1730330205.9477868
-1140.229539898579,5844.265919240227,1730330205.9519763
-1095.302533543412,5810.403026390437,1730330205.955912
-1029.9907362450049,5836.308698214138,1730330205.9608157
-1062.4901726830212,5866.908236373453,1730330205.964901
-1130.2606618715122,5840.399067449459,1730330205.968798
-1104.556155747909,5811.274744424194,1730330205.9718711
-1026.8614920212617,5819.366075917015,1730330205.9758432
-1045.3463846858008,5856.49232345728,1730330205.9798405
-1120.9399844336492,5859.7333264033,1730330205.98388
-1113.0274668964703,5843.707125628845,1730330205.9879284
-1034.2599194359684,5832.531253401191,1730330205.9929736
-1033.4105531466666,5840.041439538174,1730330205.9969552
-1109.0935598723363,5840.756695360744,1730330206.0000036
-1108.624173238775,5850.367945476526,1730330206.003914
-1043.9605765295717,5827.189186476372,1730330206.0079684
-1032.91881476865,5851.798457121666,1730330206.0120964
-1101.270449312979,5854.950053089864,1730330206.0159843
-1130.975917694082,5834.833483080088,1730330206.0209167
-1052.0966115113035,5834.989945291275,1730330206.024974
-1012.0646371918484,5853.832465867098,1730330206.027903
-1089.1781555626578,5849.20565476485,1730330206.031901
-1138.0614206864143,5823.098817241052,1730330206.0358932
-1073.0848995548367,5809.91128801242,1730330206.039961
-1031.10832346777,5814.783968303677,1730330206.0439308
-1085.2666002829792,5842.813055850632,1730330206.0490563
-1131.4900078165542,5826.719799842811,1730330206.052
-1086.0936148278254,5833.939413301875,1730330206.0559769
-1026.6379745767088,5817.443825893859,1730330206.059964
-1066.1558587736915,5827.05507600964,1730330206.0639412
-1134.4851415735652,5820.126035228495,1730330206.067942
-1111.1275686177694,5799.67418905189,1730330206.0719535
-1037.5456258708984,5807.944334500353,1730330206.076922
-1051.5601696443762,5822.987058518775,1730330206.079946
-1124.6727257576854,5852.267843755227,1730330206.0839996
-1127.1314176477692,5811.0735787240965,1730330206.087953
-1047.3356899423231,5784.027967933174,1730330206.0919528
-1044.6087771187756,5808.748997300744,1730330206.0960128
-1116.559042520409,5807.966686244808,1730330206.0999813
-1128.360763592811,5806.782043788677,1730330206.1051204
-1059.0703557813592,5805.038607721163,1730330206.1081653
-1026.079180965326,5822.361209674026,1730330206.111022
-1088.6640654401858,5827.189186476372,1730330206.1162438
-1126.7067345031185,5804.479814109781,1730330206.120108
-1056.7681261024627,5798.5118983402135,1730330206.124236
-1020.6700588071416,5824.171700974906,1730330206.1280773
-1085.177193305158,5836.465160425325,1730330206.1331148
-1131.646470027741,5803.295171653649,1730330206.1361597
-1085.4677659830768,5803.295171653649,1730330206.139263
-1024.2239861755356,5794.7568052717215,1730330206.1441083
-1074.2471902665127,5815.812148548621,1730330206.14822
-1133.1663886507022,5791.605209303523,1730330206.152112
-1099.370551034278,5773.343834083537,1730330206.1563988
-1025.7662565429516,5794.220363404795,1730330206.1611714
-1051.4484109220996,5812.951125258342,1730330206.1643405
-1132.0264496834816,5793.6392180489565,1730330206.1673396
-1115.7320279755627,5780.183467886862,1730330206.1723876
-1042.5077131399769,5791.202877903328,1730330206.1763997
-1044.273500951946,5799.540078585158,1730330206.1803188
-1117.140187876247,5796.947276228342,1730330206.1843936
-1117.4531122986214,5765.14074386844,1730330206.1872993
-1048.430925420633,5755.417735030382,1730330206.1914177
-1038.7749718159405,5788.833592991065,1730330206.19524
-1115.7320279755627,5806.357360644026,1730330206.2001927
-1131.0876764163586,5789.370034857993,1730330206.204254
-1064.5912366618202,5772.293302094138,1730330206.2082767
-1037.7020880820858,5778.752956241722,1730330206.212221
-1108.6688767276855,5804.7703867877,1730330206.215204
-1139.7378015205625,5808.458424622825,1730330206.2192004
-1071.4755739540549,5779.177639386373,1730330206.2232103
-1027.2638234214571,5758.055240876108,1730330206.2271876
-1090.161632318691,5798.891877995954,1730330206.2322376
-1144.7222405340958,5787.38072960147,1730330206.2362478
-1094.2967050429231,5750.098019850018,1730330206.2402368
-1032.3153176683568,5779.915246953398,1730330206.24323
-1076.9517513456049,5800.523555341191,1730330206.2472296
-1142.8893974887608,5798.467194851303,1730330206.251282
-1104.98083889256,5775.4448980623365,1730330206.2552347
-1030.3260124118344,5770.57221777108,1730330206.2602248
-1051.8060388333845,5797.90840123992,1730330206.2642376
-1124.5386152909537,5801.9764187307865,1730330206.26825
-1102.2315743245572,5794.220363404795,1730330206.2712567
-1029.8342740338176,5779.915246953398,1730330206.2752545
-1045.30168119689,5791.806375003622,1730330206.2792647
-1117.0060774095152,5799.249505907239,1730330206.2833257
-1122.4822548010654,5778.082403908063,1730330206.2882965
-1050.464934166066,5753.987223385242,1730330206.2922893
-1039.5125793829657,5779.043528919641,1730330206.2953131
-1111.1499203622247,5806.826747277588,1730330206.2993174
-1131.266490372001,5779.222342875283,1730330206.3033316
-1058.9362453146275,5746.588795970535,1730330206.3073494
-1028.0014309884823,5757.429392031359,1730330206.311314
-1098.744702189529,5797.059034950618,1730330206.3153224
-1138.329641619878,5783.089194666051,1730330206.3204496
-1084.2160682935796,5742.856054646499,1730330206.3233702
-1035.8468932922951,5757.3623367979935,1730330206.3273356
-1070.5815041758424,5792.47692733728,1730330206.3313515
-1131.3111938609118,5772.80739221661,1730330206.335348
-1101.0022283795154,5750.90268265041,1730330206.3393648
-1036.986832259516,5764.134915367951,1730330206.3434348
-1069.9556553310938,5795.494412838747,1730330206.3483927
-1134.7980659959396,5781.636331276457,1730330206.351381
-1107.17130984918,5732.686010919334,1730330206.35537
-1041.0548497503817,5735.748199909711,1730330206.359398
-1063.1830767611357,5766.303034580116,1730330206.363403
-1134.3733828512886,5779.6693777643895,1730330206.367653
-1128.9195572041938,5723.566499181569,1730330206.3715217
-1057.773954602951,5731.344906252016,1730330206.3765428
-1051.0684312663593,5739.324479022561,1730330206.3795292
-1115.9108419312051,5742.297261035116,1730330206.3841777
-1131.668821772197,5731.32255450756,1730330206.388257
-1051.627224877742,5717.844452601011,1730330206.3919828
-1040.4513526500884,5737.692801677323,1730330206.3958497
-1112.1557488627136,5744.241862802728,1730330206.400266
-1132.8087607394173,5745.247691303217,1730330206.4048
-1078.337559501834,5705.550993150591,1730330206.408163
-1040.406649161178,5722.89594684791,1730330206.411658
-1086.652408439208,5742.297261035116,1730330206.4160662
-1130.9535659496269,5725.600507927002,1730330206.41964
-1072.682568154641,5707.517946662659,1730330206.4240878
-1022.01116347446,5733.46832197527,1730330206.427775
-1073.1519547882026,5752.7578774402,1730330206.4322066
-1129.9700891935931,5735.301165020605,1730330206.4351404
-1097.4483010111214,5717.08449328953,1730330206.438737
-1036.1598177146695,5736.441103987826,1730330206.4437392
-1071.6990913986078,5750.589758228035,1730330206.448219
-1139.626042798286,5741.559653468091,1730330206.4519272
-1104.8914319147386,5729.512063206681,1730330206.4561522
-1038.8420270493064,5731.836644630032,1730330206.4595895
-1059.3832802037336,5731.635478929935,1730330206.4627967
-1133.814589239906,5735.301165020605,1730330206.4667115
-1126.393810080744,5725.354638737994,1730330206.4718204
-1052.7671638449626,5746.253519803706,1730330206.4756703
-1045.30168119689,5743.794827913622,1730330206.479643
-1128.2713566149898,5725.824025371555,1730330206.48362
-1136.116818918803,5712.994124054208,1730330206.4865944
-1062.5795796608425,5708.993161796709,1730330206.4906282
-1040.3619456722672,5737.7598569106885,1730330206.4946525
-1107.0595511269034,5769.432278803859,1730330206.4996471
-1134.46278982911,5741.917281379376,1730330206.5036497
-1072.4143472211776,5684.048614984586,1730330206.5076213
-1041.3901259172114,5737.782208655144,1730330206.5117154
-1091.234516052546,5775.891932951443,1730330206.5146694
-1145.236330656568,5753.562540240591,1730330206.5186496
-1095.1907748211354,5678.483030615214,1730330206.5226896
-1045.3240329413454,5723.7900166261215,1730330206.5266857
-1085.981856105549,5751.640290217435,1730330206.531669
-1142.330603877378,5727.679220161345,1730330206.5357127
-1114.5026820305206,5700.834775070522,1730330206.5387473
-1044.1840939741248,5725.801673627099,1730330206.542704
-1067.6534256521973,5747.818141915577,1730330206.546724
-1130.014792682504,5745.068877347574,1730330206.550736
-1113.943888419138,5711.116577519962,1730330206.554728
-1048.7662015874628,5715.095188033008,1730330206.5597663
-1052.2530737224906,5749.829798916555,1730330206.5637827
-1118.4812925435654,5763.039679889641,1730330206.5667644
-1128.360763592811,5727.0757230610525,1730330206.5707664
-1054.8682278237616,5712.234164742728,1730330206.5747592
-1049.9284922991387,5747.527569237658,1730330206.5788949
-1117.0507808984255,5744.085400591541,1730330206.5827866
-1139.782505009473,5706.199193739795,1730330206.5867994
-1066.5358384294318,5711.563612409069,1730330206.591878
-1036.696259581597,5742.1631505683845,1730330206.5949285
-1101.203394079613,5758.770496698678,1730330206.598852
-1143.3587841223225,5725.064066060075,1730330206.602886
-1083.7690334044737,5704.008722783176,1730330206.6068568
-1040.272538694446,5721.890118347421,1730330206.6108892
-1094.8331469098505,5735.077647576052,1730330206.6148658
-1146.0856969458696,5723.812368370577,1730330206.6199803
-1099.0799783563589,5704.008722783176,1730330206.6230228
-1038.4843991380214,5714.849318843999,1730330206.6269393
-1079.812774635884,5735.681144676345,1730330206.6310232
-1144.7669440230063,5721.08545554703,1730330206.6353333
-1115.307344830912,5703.807557083078,1730330206.639204
-1040.5407596279097,5723.879423603943,1730330206.643362
-1073.3531204883004,5724.974659082253,1730330206.6480107
-1143.783467266973,5732.462493474781,1730330206.6514823
-1131.4676560720989,5749.51687449418,1730330206.655642
-1056.231684235535,5704.902792561387,1730330206.6592357
-1060.0538325373927,5723.030057314641,1730330206.663744
-1131.7135252611072,5709.954286808287,1730330206.6672096
-1141.5706445658975,5693.257533700173,1730330206.672573
-1070.4697454535658,5694.486879645215,1730330206.6754684
-1050.4202306771554,5722.828891614544,1730330206.6780038
-1118.7942169659398,5728.37212423946,1730330206.6836295
-1139.0896009313583,5710.043693786108,1730330206.6871364
-1075.208315278091,5711.049522286597,1730330206.6913822
-1036.495093881499,5733.401266741904,1730330206.6951814
-1091.1898125636355,5737.826912144054,1730330206.6998088
-1144.3869643672665,5728.774455639656,1730330206.7032523
-1090.1169288297808,5712.971772309754,1730330206.7063377
-1049.1238294987477,5727.522757950158,1730330206.7103205
-1094.654332954208,5738.922147622365,1730330206.7153018
-1145.6610138012188,5720.392551468915,1730330206.7190535
-1108.490062772043,5695.827984312533,1730330206.7251277
-1048.565035887365,5710.960115308776,1730330206.7280667
-1076.4153094786775,5761.251540333216,1730330206.7311509
-1148.4996853470427,5736.508159221192,1730330206.7341216
-1118.1907198656463,5704.120481505452,1730330206.7381132
-1049.6155678767643,5709.7978245971,1730330206.7430527
-1073.2413617660238,5759.575159499069,1730330206.7470467
-1146.5103800905206,5766.012461902197,1730330206.7510784
-1141.6600515437187,5701.237106470717,1730330206.7550952
-1061.238474993524,5710.870708330955,1730330206.758102
-1054.4211929346554,5739.65975518939,1730330206.7621007
-1134.976879951582,5734.51885396467,1730330206.7660947
-1146.555083579431,5714.111711276974,1730330206.771108
-1074.0683763108702,5722.784188125634,1730330206.775097
-1048.8332568208286,5732.775417897155,1730330206.7791271
-1117.0507808984255,5726.025191071652,1730330206.7831185
-1153.4841243605763,5729.243842273217,1730330206.786163
-1087.2782572839567,5703.561687894069,1730330206.7901394
-1049.7496783434965,5727.142778294418,1730330206.7941592
-1106.657219726708,5749.181598327351,1730330206.799165
-1158.84854302985,5730.629650429446,1730330206.803188
-1108.2218418385794,5703.718150105256,1730330206.807172
-1048.1403527427142,5721.934821836331,1730330206.8101768
-1083.9925508490269,5739.950327867309,1730330206.8141775
-1145.973938223593,5716.145720022407,1730330206.8182347
-1101.0022283795154,5712.949420565298,1730330206.8221948
-1035.3104514253678,5733.110694063985,1730330206.827186
-1072.9954925770155,5750.6121099724905,1730330206.8312163
-1148.8126097694171,5724.013534070675,1730330206.8351936
-1130.6406415272525,5689.994179009697,1730330206.8382149
-1054.6447103792084,5713.46351068777,1730330206.8422272
-1061.9760825605492,5740.911452878887,1730330206.8462503
-1138.0614206864143,5721.063103802575,1730330206.8502493
-1127.489045559054,5702.444100671304,1730330206.8542595
-1058.7350796145297,5708.769644352155,1730330206.8592706
-1053.0353847784263,5737.08930457703,1730330206.8632655
-1126.7290862475738,5736.195234798817,1730330206.8663208
-1149.3714033807998,5715.765740366667,1730330206.8702693
-1079.9245333581607,5701.102996003985,1730330206.874264
-1045.9275300416386,5722.493615447715,1730330206.878297
-1123.3763245792777,5735.4129237428815,1730330206.8822966
-1157.708604062629,5704.70162686129,1730330206.8863044
-1090.1169288297808,5698.577248880536,1730330206.891348
-1052.342480700312,5712.480033931736,1730330206.894297
-1102.946830147127,5730.294374262617,1730330206.8983414
-1171.6113891138302,5724.147644537407,1730330206.9023547
-1117.7436849765402,5709.931935063832,1730330206.9064105
-1046.598082375298,5714.648153143901,1730330206.9103916
-1078.9410566021272,5740.509121478692,1730330206.9160533
-1151.8971505042496,5721.376028224949,1730330206.918465
-1121.208205367113,5714.826967099544,1730330206.9220066
-1057.9527685585938,5716.592754911513,1730330206.9267728
-1076.9964548345156,5715.139891521918,1730330206.9310124
-1153.9535109941378,5723.074760803552,1730330206.9347715
-1131.333545605367,5715.139891521918,1730330206.93863
-1050.464934166066,5731.747237652211,1730330206.94312
-1051.7836870889291,5785.279665622672,1730330206.9471295
-1132.6522985282302,5731.23314752974,1730330206.9497864
-1136.362688107811,5701.550030893091,1730330206.9548435
-1067.787536118929,5726.472225960759,1730330206.958698
-1051.8954458112055,5739.950327867309,1730330206.9627647
-1121.141150133747,5732.842473130521,1730330206.9668312
-1149.1925894251574,5714.201118254795,1730330206.9706206
-1084.886620627239,5726.762798638678,1730330206.975112
-1037.5679776153538,5751.237958817239,1730330206.9777153
-1117.2072431096128,5734.764723153678,1730330206.9830816
-1161.8436767868611,5722.493615447715,1730330206.9864843
-1090.183984063147,5716.928031078342,1730330206.99054
-1043.4241346626443,5742.766647668677,1730330206.9944873
-1102.2539260690126,5754.434258274348,1730330206.9985394
-1159.7426128080622,5730.450836473803,1730330207.002558
-1112.6251354962749,5723.477092203748,1730330207.0054784
-1043.4241346626443,5744.018345358175,1730330207.009488
-1089.558135218398,5736.306993521094,1730330207.0145044
-1160.2567029305344,5728.148606794907,1730330207.01849
-1128.740743248551,5711.518908920159,1730330207.0225012
-1066.491134940521,5729.959098095786,1730330207.0265336
-1073.4872309550324,5754.300147807616,1730330207.030523
-1152.8359237713723,5744.800656414111,1730330207.0335312
-1141.8388654993612,5712.301219976094,1730330207.0385413
-1059.8303150928398,5710.691894375312,1730330207.042524
-1062.244303494013,5717.7997491121,1730330207.0466356
-1137.7931997529506,5737.245766788217,1730330207.0505593
-1155.9875197395706,5720.169034024362,1730330207.0535684
-1084.394882249222,5701.550030893091,1730330207.057636
-1057.1481057582027,5746.99112737073,1730330207.061613
-1126.527920547476,5746.812313415088,1730330207.0655625
-1159.1838191966797,5723.722961392756,1730330207.070595
-1088.753472418007,5712.055350787085,1730330207.0746295
-1050.8896173107169,5734.0047638421975,1730330207.0786743
-1114.7261994750738,5743.146627324418,1730330207.0818095
-1163.207133198635,5720.996048569209,1730330207.0856411
-1096.464824255088,5706.5344699066245,1730330207.0896025
-1036.8974252816947,5750.969737883775,1730330207.093615
-1087.2782572839567,5775.221380617783,1730330207.098645
-1152.0312609709813,5730.786112640633,1730330207.1026597
-1109.5629465058978,5718.22443225675,1730330207.1066625
-1045.9722335305494,5731.858996374488,1730330207.109687
-1080.3492165028115,5763.129086867462,1730330207.1136892
-1146.5774353238864,5774.796697473133,1730330207.117672
-1123.2198623680906,5745.180636069851,1730330207.1216664
-1067.6534256521973,5731.255499274194,1730330207.1266613
-1079.1869257911355,5735.256461531694,1730330207.1306863
-1142.978804466582,5749.069839605074,1730330207.1346931
-1142.4200108551993,5741.693763934823,1730330207.1377027
-1069.888600097728,5754.367203040982,1730330207.141764
-1067.3628529742782,5762.927921167365,1730330207.1457193
-1141.3024236324338,5752.891987906932,1730330207.1497684
-1150.6454528147524,5727.947441094809,1730330207.1537786
-1086.9429811171271,5728.997973084209,1730330207.158778
-1049.9284922991387,5770.907493937909,1730330207.1618316
-1109.5629465058978,5767.890008436443,1730330207.165866
-1163.654168087741,5726.360467238483,1730330207.169836
-1093.7155596870853,5723.968830581764,1730330207.1738143
-1057.8633615807726,5744.621842458469,1730330207.1777892
-1122.169330378691,5766.884179935954,1730330207.1822133
-1160.2790546749895,5742.699592435311,1730330207.1869068
-1102.9691818915824,5738.430409244348,1730330207.1899588
-1053.3259574563451,5743.168979068873,1730330207.193925
-1090.5416119744316,5761.340947311038,1730330207.1979053
-1161.8883802757716,5759.441049032337,1730330207.202029
-1125.879719958272,5732.909528363887,1730330207.205943
-1052.2307219780353,5734.407095242393,1730330207.2102585
-1077.108213556792,5763.106735123007,1730330207.21518
-1154.7805255389842,5767.7111944808,1730330207.2180543
-1143.1129149333135,5738.653926688901,1730330207.221907
-1068.6145506637754,5728.37212423946,1730330207.2265875
-1076.3482542453116,5767.174752613873,1730330207.2306092
-1139.6483945427412,5782.753918499222,1730330207.2345452
-1137.592034052853,5748.421639015871,1730330207.2379737
-1060.433812193133,5753.47313326277,1730330207.24298
-1052.8789225672392,5785.726700511778,1730330207.2459848
-1124.2480426130346,5791.269933136694,1730330207.2499263
-1158.557970351931,5773.500296294725,1730330207.253971
-1091.9050683862054,5748.175769826862,1730330207.2578886
-1057.4833819250323,5764.805467701611,1730330207.261874
-1125.4550368136213,5773.254427105717,1730330207.2658849
-1162.2460081870563,5767.957063669809,1730330207.270933
-1090.78748116344,5767.040642147141,1730330207.2739084
-1049.30264345439,5766.213627602295,1730330207.277944
-1100.689303957141,5791.538154070157,1730330207.2820108
-1161.3742901532996,5769.4546305483145,1730330207.2859428
-1113.9215366746828,5755.440086774836,1730330207.2899315
-1055.2482074795018,5767.174752613873,1730330207.2939415
-1095.2801817989566,5782.552752799124,1730330207.2969384
-1159.5190953635092,5766.973586913775,1730330207.3009458
-1125.879719958272,5747.482865748748,1730330207.3049707
-1062.8701523387615,5759.731621710256,1730330207.3099518
-1085.981856105549,5788.587723802058,1730330207.3139591
-1156.8368860288724,5770.2816450931605,1730330207.3179712
-1140.7659817655065,5759.686918221345,1730330207.3220105
-1066.8264111073509,5772.539171283147,1730330207.3249817
-1079.0528153244038,5792.7004447818335,1730330207.329029
-1144.2528539005343,5781.90455220992,1730330207.333037
-1151.8300952708837,5751.573234984068,1730330207.3370252
-1084.4172339936774,5754.970700141275,1730330207.3420177
-1057.9527685585938,5773.299130594627,1730330207.346046
-1130.104199660325,5808.614886834012,1730330207.350024
-1151.94185399316,5796.790814017155,1730330207.3530362
-1089.334617773845,5775.176677128873,1730330207.3570533
-1042.1053817397813,5791.359340114515,1730330207.3610702
-1105.7407982040404,5799.294209396149,1730330207.3650436
-1158.84854302985,5783.089194666051,1730330207.3700988
-1102.946830147127,5775.7131189958,1730330207.3740811
-1044.20644571858,5806.6702850664005,1730330207.3781128
-1099.8622894122946,5811.140633957462,1730330207.381094
-1155.9875197395706,5792.923962226387,1730330207.385085
-1118.8612721993056,5784.318540611093,1730330207.3891137
-1064.3900709617224,5780.295226609138,1730330207.3931105
-1094.7660916764846,5794.600343060535,1730330207.3980844
-1156.3451476508556,5789.750014513733,1730330207.4021225
-1126.885548458761,5779.982302186764,1730330207.4062223
-1059.4503354370995,5775.780174229166,1730330207.4092467
-1079.1869257911355,5819.5225381282025,1730330207.4132411
-1152.9253307491936,5815.208651448328,1730330207.4172475
-1144.006984711526,5784.854982478021,1730330207.421867
-1078.9634083465826,5793.929790726876,1730330207.4265072
-1082.204411292602,5807.407892633426,1730330207.4307292
-1143.1576184222245,5804.301000154138,1730330207.4335809
-1152.5453510934533,5788.922999968887,1730330207.4373596
-1082.78555664844,5785.100851667029,1730330207.4417264
-1065.887637840228,5815.678038081889,1730330207.445341
-1131.0206211829927,5820.014276506219,1730330207.4500177
-1160.5696273529086,5788.1853924018615,1730330207.45358
-1099.772882434473,5771.242770104739,1730330207.4584544
-1063.8759808392504,5806.178546688384,1730330207.4623811
-1120.9399844336492,5836.688677869878,1730330207.4658742
-1173.913618792727,5812.146462457951,1730330207.469391
-1118.3471820768336,5779.512915553202,1730330207.4738789
-1057.4163266916664,5807.631410077979,1730330207.4773855
-1102.432740024655,5841.740172116777,1730330207.4828205
-1169.6444356017632,5814.739264814766,1730330207.4863524
-1131.9593944501155,5790.5323255696685,1730330207.489983
-1061.0373092934262,5813.95695375883,1730330207.4932983
-1087.5688299618755,5840.175550004906,1730330207.4973855
-1154.5793598388864,5831.0336865226855,1730330207.5013015
-1125.320926346889,5806.938505999864,1730330207.5053308
-1059.4726871815549,5827.390352176471,1730330207.5092895
-1068.1898675191246,5867.511733473746,1730330207.514298
-1147.851484757839,5840.175550004906,1730330207.517299
-1150.980728981582,5782.798621988132,1730330207.5213256
-1085.8924491277278,5797.439014606359,1730330207.5253325
-1070.916780342672,5821.601250362546,1730330207.5293264
-1138.1731794086909,5822.718837585311,1730330207.5333064
-1153.1935516826572,5809.151328700939,1730330207.537348
-1083.5008124710098,5824.216404463817,1730330207.5423083
-1059.6738528816525,5816.840328793565,1730330207.5453455
-1122.2140338676018,5822.137692229473,1730330207.5493417
-1163.9223890212047,5808.480776367281,1730330207.5533912
-1105.4055220372109,5797.886049495465,1730330207.5574808
-1067.0946320408143,5812.146462457951,1730330207.561376
-1117.9672024210934,5827.457407409836,1730330207.566362
-1154.4452493721544,5827.2785934541935,1730330207.569455
-1111.6640104846967,5775.109621895507,1730330207.5724008
-1074.2024867776022,5775.9142846958985,1730330207.576384
-1101.2928010574342,5810.805357790632,1730330207.581422
-1163.5424093654644,5800.031816963175,1730330207.5854096
-1136.116818918803,5784.966741200297,1730330207.589419
-1070.201524520102,5769.834610204054,1730330207.5934324
-1082.9643706040824,5813.040532236163,1730330207.5975912
-1157.8874180182718,5814.314581670115,1730330207.6004949
-1136.4520950856322,5791.068767436596,1730330207.6045003
-1075.141260044725,5779.445860319836,1730330207.6094382
-1080.013940335982,5804.256296665228,1730330207.6135
-1148.209112669124,5808.972514745297,1730330207.6175604
-1158.7367843075735,5764.604302001513,1730330207.6214695
-1091.010998607993,5755.395383285926,1730330207.6254845
-1081.980893848049,5800.232982663272,1730330207.6285412
-1145.951586479138,5798.109566940018,1730330207.632515
-1163.005967498537,5782.642159776946,1730330207.63764
-1093.2908765424345,5782.776270243678,1730330207.6415029
-1055.2929109684123,5808.614886834012,1730330207.6455595
-1116.6037460093196,5803.630447820478,1730330207.6495504
-1153.238255171568,5779.244694619739,1730330207.6525552
-1101.5163185019874,5769.789906715144,1730330207.65656
-1060.9255505711496,5794.108604682518,1730330207.660557
-1105.204356337113,5816.952087515841,1730330207.664535
-1154.2217319276017,5800.322389641094,1730330207.6698384
-1117.654277998719,5772.80739221661,1730330207.6738577
-1061.9090273271831,5799.651837307434,1730330207.676545
-1093.3132282868896,5813.264049680716,1730330207.6806347
-1160.457868630632,5783.916209210898,1730330207.684698
-1135.4015630962328,5777.590665530046,1730330207.6887622
-1066.7146523850745,5785.167906900395,1730330207.692891
-1086.3841875057444,5813.375808402992,1730330207.6978736
-1160.4802203750874,5812.168814202406,1730330207.7016778
-1151.718336548607,5761.318595566582,1730330207.705053
-1080.058643824893,5764.738412468245,1730330207.708792
-1079.0975188133143,5810.023046734696,1730330207.7130325
-1148.589092324864,5811.140633957462,1730330207.7169747
-1161.0837174753806,5771.9803776717645,1730330207.7210217
-1091.5697922193758,5758.748144954222,1730330207.7259068
-1077.4881932125322,5790.018235447197,1730330207.7303135
-1133.0546299284256,5800.925886741386,1730330207.733002
-1164.235313443579,5783.513877810702,1730330207.736958
-1098.722350445074,5771.421584060381,1730330207.7407758
-1067.564018674376,5787.090156923551,1730330207.744776
-1124.493911802043,5801.171755930395,1730330207.748808
-1176.975807783104,5783.37976734397,1730330207.753821
-1122.594013523342,5774.260255606206,1730330207.7577312
-1067.5193151854653,5790.800546503133,1730330207.7607358
-1115.8661384422944,5791.00171220323,1730330207.764891
-1177.199325227657,5784.743223755744,1730330207.768716
-1136.139170663258,5774.841400962044,1730330207.7727132
-1070.916780342672,5792.096947681541,1730330207.776745
-1094.0284841094594,5803.921020498397,1730330207.781736
-1164.3470721658557,5808.413721133915,1730330207.7846932
-1141.4812375880765,5779.445860319836,1730330207.7887528
-1066.4464314516106,5787.917171468398,1730330207.7927315
-1079.7457194025185,5821.824767807098,1730330207.7968
-1153.9982144830483,5826.675096353901,1730330207.8007593
-1150.0643074589143,5797.416662861903,1730330207.80489
-1073.755451888496,5787.7160057683,1730330207.8097594
-1068.9274750861496,5801.104700697029,1730330207.8127675
-1145.102220189836,5807.877279266987,1730330207.8158555
-1165.5764181108973,5769.409927059403,1730330207.820882
-1101.9633533910935,5766.61595900249,1730330207.824792
-1071.0285390649483,5792.566334315102,1730330207.828899
-1133.1887403951575,5811.498261868747,1730330207.8328514
-1169.2197524571125,5782.485697565759,1730330207.8378727
-1110.658181984208,5778.462383563803,1730330207.8408787
-1063.6748151391523,5789.012406946708,1730330207.8438685
-1124.8291879688727,5803.7198547983,1730330207.847868
-1177.847525816861,5788.207744146317,1730330207.8528922
-1129.2771851154787,5774.059089906107,1730330207.8568623
-1063.1607250166803,5792.633389548468,1730330207.860878
-1111.686362229152,5809.53130835668,1730330207.86598
-1164.525886121498,5809.039569978663,1730330207.8688734
-1130.1936066381463,5789.615904047001,1730330207.8719604
-1071.7437948875183,5777.724775996778,1730330207.8768785
-1104.2208795810795,5789.839421491554,1730330207.880896
-1170.650264102252,5801.14940418594,1730330207.8848724
-1153.7970487829505,5768.269988092183,1730330207.8889077
-1079.723367658063,5764.358432812504,1730330207.892943
-1087.5464782174204,5809.419549634404,1730330207.8969188
-1157.7980110404503,5825.266936453216,1730330207.8999195
-1161.106069219836,5797.751939028733,1730330207.9039364
-1087.5688299618755,5749.3827640274485,1730330207.9090118
-1063.7865738614291,5782.038662676652,1730330207.912944
-1138.9554904646268,5805.53034609918,1730330207.9169683
-1157.686252318174,5793.326293626582,1730330207.9199743
-1097.0906730998363,5768.42645030337,1730330207.9239745
-1066.692300640619,5788.945351713343,1730330207.9279828
-1111.462844784599,5819.679000339389,1730330207.932135
-1160.9719587531042,5781.85984872101,1730330207.9370708
-1117.6319262542638,5763.754935712211,1730330207.941092
-1058.8468383368065,5785.726700511778,1730330207.9451275
-1113.943888419138,5796.276723894683,1730330207.948105
-1172.2595897030342,5787.939523212854,1730330207.9521296
-1121.498778045032,5764.04550839013,1730330207.9565969
-1071.49792569851,5776.182505629362,1730330207.960185
-1104.4220452811774,5797.818994262099,1730330207.9656217
-1170.5608571244309,5785.056148178119,1730330207.969201
-1139.715449776107,5792.4098721039145,1730330207.973658
-1072.7943268769177,5784.09502316654,1730330207.9764185
-1100.7563591905068,5766.213627602295,1730330207.980883
-1167.833944300883,5779.132935897463,1730330207.9847188
-1150.2431214145568,5763.754935712211,1730330207.9883575
-1079.723367658063,5770.192238115339,1730330207.9931767
-1081.5785624478535,5781.077537665074,1730330207.9973128
-1154.6240633277969,5787.0678051790965,1730330208.0014176
-1165.777583810995,5764.604302001513,1730330208.0049188
-1091.1898125636355,5765.028985146164,1730330208.008312
-1071.564980931876,5786.106680167518,1730330208.0122683
-1146.0633452014142,5798.869526251498,1730330208.016595
-1161.9330837646824,5780.563447542602,1730330208.020321
-1096.3083620439008,5763.844342690032,1730330208.0259728
-1080.3492165028115,5787.224267390284,1730330208.029255
-1136.0721154298922,5791.627561047979,1730330208.032264
-1175.7911653269728,5770.125182881973,1730330208.036163
-1123.1304553902694,5750.90268265041,1730330208.0401597
-1062.847800594306,5782.038662676652,1730330208.0441864
-1108.98180115006,5813.53227061418,1730330208.048164
-1163.140077965269,5789.973531958286,1730330208.0532515
-1127.7349147480625,5741.246729045717,1730330208.056218
-1060.7467366155072,5746.789961670633,1730330208.0592024
-1093.1344143312472,5777.858886463509,1730330208.064198
-1168.4821448900873,5780.228171375772,1730330208.0681756
-1131.8252839833838,5776.7636509852,1730330208.0722282
-1059.629149392742,5748.332232038049,1730330208.076255
-1087.3229607728674,5749.941557638831,1730330208.081221
-1158.9603017521265,5766.750069469223,1730330208.0842304
-1152.4782958600874,5736.03877258763,1730330208.0872564
-1079.3433880023229,5745.739429681234,1730330208.0922291
-1073.0178443214709,5802.512860597713,1730330208.0963447
-1148.209112669124,5799.137747184962,1730330208.1003098
-1178.4510229171542,5730.674353918356,1730330208.1042953
-1099.303495800912,5711.630667642435,1730330208.1092818
-1069.68743439763,5754.56836874108,1730330208.112278
-1137.7261445195848,5780.04935742013,1730330208.1152618
-1162.9836157540817,5746.119409336974,1730330208.1203165
-1104.4891005145432,5737.826912144054,1730330208.1242907
-1065.0382715509263,5761.430354288859,1730330208.128422
-1123.622193768286,5777.098927152029,1730330208.1323252
-1176.9534560386487,5755.820066430577,1730330208.1373289
-1134.820417740395,5750.410944272393,1730330208.1402967
-1073.8672106107724,5768.04647064763,1730330208.1433158
-1110.144091861736,5789.325331369082,1730330208.1483295
-1173.8242118149058,5762.056203133608,1730330208.1523075
-1136.5862055523642,5740.844397645521,1730330208.156339
-1068.078108796848,5765.766592713188,1730330208.1603749
-1101.650428968719,5779.132935897463,1730330208.163465
-1169.3538629238442,5772.628578260968,1730330208.167528
-1139.2907666314563,5772.4497643053255,1730330208.1713889
-1067.8098878633843,5781.345758598538,1730330208.1763356
-1081.600914192309,5783.044491177141,1730330208.1803577
-1151.5395225929649,5770.192238115339,1730330208.1844757
-1153.908807505227,5747.415810515382,1730330208.1884112
-1084.9760276050602,5753.249615818217,1730330208.1913905
-1082.494983970521,5780.786964987155,1730330208.1955166
-1146.756249279529,5795.583819816568,1730330208.1994636
-1155.5851883393752,5769.387575314949,1730330208.203546
-1090.2510392965123,5765.90070317992,1730330208.208518
-1069.1509925307028,5795.896744238943,1730330208.2125812
-1134.6416037847523,5793.52745932668,1730330208.2168894
-1174.4053571707436,5757.339985053538,1730330208.2194948
-1106.634867982253,5752.333194295549,1730330208.2239656
-1064.3006639839011,5788.967703457797,1730330208.2278686
-1122.4151995676991,5788.073633679585,1730330208.231591
-1180.0379967734812,5771.533342782658,1730330208.2366793
-1119.4200658106884,5746.90172039291,1730330208.2407043
-1061.0149575489709,5772.583874772057,1730330208.2446203
-1104.757321448007,5806.335008899571,1730330208.247762
-1168.7950693124617,5794.823860505087,1730330208.2515488
-1132.786408994962,5776.249560862728,1730330208.2557204
-1072.97314083256,5769.85696194851,1730330208.259651
-1097.0012661220153,5794.935619227364,1730330208.2647512
-1163.005967498537,5796.947276228342,1730330208.268633
-1156.3451476508556,5775.199028873329,1730330208.2728617
-1087.658236939697,5791.247581392238,1730330208.2758024
-1081.757376403496,5816.259183437727,1730330208.279658
-1160.3684616528108,5792.43222384837,1730330208.2836533
-1165.2187901996124,5782.23982837675,1730330208.2877653
-1088.4405479956326,5796.4555378503255,1730330208.2917037
-1076.9517513456049,5811.766482802211,1730330208.2965703
-1139.916615476205,5814.269878181205,1730330208.3006086
-1169.8903047907716,5802.535212342169,1730330208.303615
-1100.689303957141,5802.28934315316,1730330208.3076508
-1071.49792569851,5809.017218234208,1730330208.3115883
-1136.2956328744451,5830.944279544864,1730330208.3155928
-1178.13809849478,5816.527404371191,1730330208.3206084
-1115.4861587865544,5819.790759061666,1730330208.3246198
-1066.5805419183423,5836.621622636512,1730330208.3276165
-1112.9604116631049,5839.236776737783,1730330208.3316295
-1165.107031477336,5811.811186291121,1730330208.335656
-1122.8398827123503,5804.658628065423,1730330208.339635
-1056.4775534245437,5835.526387158202,1730330208.3437035
-1098.431777767155,5875.357195777559,1730330208.3476424
-1172.8407350588725,5831.614831878524,1730330208.352676
-1139.0896009313583,5826.943317287364,1730330208.3556635
-1075.565943189376,5816.10272122654,1730330208.3596575
-1087.2112020505908,5843.215387250828,1730330208.3636792
-1164.235313443579,5856.201750779361,1730330208.3676608
-1149.7737347809953,5836.375753447504,1730330208.3716805
-1079.7457194025185,5842.231910494794,1730330208.3756936
-1071.5202774429654,5876.340672533593,1730330208.380699
-1151.1595429372244,5862.929625860408,1730330208.3836973
-1171.253761202545,5826.540985887169,1730330208.3877084
-1101.0245801239705,5815.34276191506,1730330208.3917148
-1075.1189083002698,5847.6410326529785,1730330208.3957458
-1139.3131183759117,5870.037480597196,1730330208.399736
-1167.94570302316,5864.784820650199,1730330208.403756
-1099.1917370786357,5871.266826542238,1730330208.4087698
-1059.6067976482866,5866.170628806428,1730330208.4117618
-1132.8311124838726,5855.7323641458,1730330208.4147673
-1172.5054588920425,5851.641994910478,1730330208.41988
-1118.5036442880207,5819.053151494641,1730330208.4237792
-1064.2559604949904,5844.377677962503,1730330208.4278617
-1120.1129698888028,5883.02384412573,1730330208.4318414
-1175.7688135825174,5874.798402166177,1730330208.435874
-1143.269377144501,5830.206671977839,1730330208.4388468
-1068.1675157746693,5841.471951183314,1730330208.442858
-1096.2860102994457,5892.83625994161,1730330208.4479344
-1171.253761202545,5895.183193109417,1730330208.4518502
-1147.270339402001,5846.769314619221,1730330208.4559667
-1091.3462747748226,5837.336878459082,1730330208.4598756
-1097.3365422888448,5871.602102709067,1730330208.463997
-1168.1915722121682,5864.002509594263,1730330208.4670167
-1156.076926717392,5861.253245026261,1730330208.471018
-1071.9449605876162,5868.986948607797,1730330208.4762297
-1070.693262898119,5889.148222106483,1730330208.4805264
-1145.616310312308,5897.485422788313,1730330208.4845233
-1161.3742901532996,5893.529164019724,1730330208.4879887
-1086.3171322723786,5875.78187892221,1730330208.492548
-1052.7448121005073,5889.058815128662,1730330208.4950836
-1127.4666938145988,5889.751719206777,1730330208.4992335
-1165.8893425332717,5873.569056221135,1730330208.5040567
-1110.5687750063869,5863.823695638621,1730330208.508117
-1054.7117656125745,5892.322169819137,1730330208.5121827
-1115.7320279755627,5924.687495790422,1730330208.5164113
-1168.102165234347,5901.285219345716,1730330208.5190408
-1119.4647692995989,5877.145335333984,1730330208.5234993
-1064.524181428454,5879.02288186823,1730330208.5270634
-1108.177138349669,5892.277466330227,1730330208.5315244
-1171.9913687695705,5880.989835380296,1730330208.5360432
-1147.2479876575455,5868.316396274137,1730330208.5401373
-1082.1820595481468,5872.943207376386,1730330208.5430398
-1085.1548415607026,5894.110309375562,1730330208.5471747
-1161.0837174753806,5877.145335333984,1730330208.5510476
-1153.104144704836,5850.792628621177,1730330208.5551195
-1078.5834286908423,5854.838294367587,1730330208.559064
-1088.239382295535,5877.905294645464,1730330208.5641396
-1154.288787160967,5885.907219160464,1730330208.5680203
-1157.2168656846125,5871.557399220157,1730330208.5712423
-1087.7252921730628,5858.97336709182,1730330208.5750604
-1075.364777489278,5885.191963337894,1730330208.579264
-1142.7105835331183,5877.279445800716,1730330208.584306
-1170.5385053799755,5842.947166317364,1730330208.5872092
-1099.5046615010097,5847.238701252782,1730330208.5911975
-1068.301626241401,5854.547721689668,1730330208.59521
-1136.116818918803,5879.916951646442,1730330208.59914
-1177.8028223279505,5872.87615214302,1730330208.6043284
-1120.26943209999,5822.674134096401,1730330208.6082716
-1070.5368006869317,5865.54477996168,1730330208.6111388
-1119.6212315107862,5872.227951553817,1730330208.6151268
-1167.6998338341516,5851.507884443747,1730330208.6191628
-1124.493911802043,5844.981175062797,1730330208.6232646
-1058.8021348478956,5858.369869991526,1730330208.627096
-1097.627114966764,5889.818774440143,1730330208.6311402
-1160.4131651417215,5876.944169633886,1730330208.6363163
-1126.9526036921268,5858.30281475816,1730330208.6393447
-1064.9935680620156,5872.87615214302,1730330208.6432004
-1083.4114054931886,5878.978178379319,1730330208.6472335
-1156.233388928579,5882.442698769892,1730330208.6513853
-1149.7290312920848,5860.87326537052,1730330208.6555045
-1077.242324023524,5875.603064966567,1730330208.659621
-1082.9643706040824,5853.944224589375,1730330208.6642773
-1151.651281315241,5871.177419564417,1730330208.6675212
-1162.0895459758694,5868.316396274137,1730330208.6719203
-1094.430815509655,5860.672099670423,1730330208.6758585
-1073.6436931662197,5891.361044807559,1730330208.679418
-1141.5035893325316,5905.308533347671,1730330208.683564
-1177.9145810502268,5871.713861431344,1730330208.6875672
-1110.3676093062888,5851.77610537721,1730330208.692599
-1070.1791727756467,5887.650655227978,1730330208.695325
-1117.788388465451,5907.521356048746,1730330208.6998212
-1161.3072349199338,5886.555419749668,1730330208.7034097
-1119.0177344104927,5851.5749396771125,1730330208.707631
-1070.7826698759402,5874.150201576973,1730330208.7113
-1116.5813942648642,5908.661295015967,1730330208.7157688
-1169.04093850147,5885.460184271358,1730330208.719319
-1135.5133218185094,5863.957806105353,1730330208.7226815
-1078.494021713021,5866.260035784249,1730330208.7272608
-1101.8739464132725,5901.21816411235,1730330208.7318563
-1165.5093628775314,5903.162765879962,1730330208.7353935
-1142.6658800442076,5838.365058704026,1730330208.7399929
-1075.0071495779932,5847.439866952881,1730330208.7433589
-1091.7039026861075,5892.858611686064,1730330208.7476375
-1164.9058657772382,5897.686588488411,1730330208.750647
-1155.7863540394728,5851.39612572147,1730330208.7546897
-1090.0051701075042,5854.324204245116,1730330208.7598093
-1081.5115072144874,5912.88577471802,1730330208.763902
-1136.630909041275,5916.350295108592,1730330208.7678075
-1161.5978075978528,5874.843105655087,1730330208.7714906
-1093.4696904980767,5872.786745165199,1730330208.7743957
-1064.4347744506329,5892.232762841316,1730330208.7784991
-1129.0760194153809,5908.147204893495,1730330208.7829716
-1167.5657233674197,5888.298855817182,1730330208.7877123
-1103.6620859696968,5888.410614539459,1730330208.791436
-1060.5232191709542,5884.610817982057,1730330208.7956996
-1121.7446472340405,5891.7857279522095,1730330208.8001716
-1174.3383019373778,5883.515582503746,1730330208.8024583
-1123.1528071347243,5870.328053275115,1730330208.8065743
-1060.2102947485798,5882.845030170087,1730330208.8105145
-1099.3258475453672,5896.725463476832,1730330208.815926
-1163.7659268100176,5886.555419749668,1730330208.819504
-1138.910786975716,5880.095765602085,1730330208.8237555
-1074.0460245664149,5895.093786131595,1730330208.8275373
-1097.1800800776575,5889.707015717866,1730330208.8307416
-1161.5978075978528,5870.842143397587,1730330208.834628
-1150.1090109478248,5840.82375059411,1730330208.838582
-1091.592143963831,5845.96465181883,1730330208.8427863
-1084.6407514382306,5894.780861709221,1730330208.8477728
-1151.1595429372244,5906.068492659151,1730330208.8515856
-1152.433592371177,5890.891658173998,1730330208.8552573
-1085.2442485385238,5853.20661702235,1730330208.8585231
-1080.572733947365,5886.331902305115,1730330208.8625236
-1148.7902580249618,5891.606913996568,1730330208.8665702
-1170.85142980235,5860.15800954795,1730330208.870741
-1112.558080262909,5847.842198353076,1730330208.8755288
-1070.6709111536636,5877.905294645464,1730330208.879624
-1127.0196589254926,5880.363986535548,1730330208.882629
-1173.935970537182,5873.680814943411,1730330208.8867433
-1127.042010669948,5850.211483265339,1730330208.8906713
-1072.7049198990965,5868.87518988552,1730330208.8946214
-1108.0653796273923,5894.534992520213,1730330208.8987718
-1163.5424093654644,5878.195867323383,1730330208.903764
-1134.6416037847523,5848.088067542085,1730330208.9077847
-1074.493059455521,5854.34655598957,1730330208.9105997
-1091.4803852415546,5904.302704847182,1730330208.9146628
-1150.332528392378,5910.829414228131,1730330208.918636
-1135.8933014742497,5864.762468905744,1730330208.9226873
-1086.78651890594,5843.997698306764,1730330208.9266045
-1088.2170305510797,5891.45045178538,1730330208.9308596
-1143.045859699948,5892.5456872636905,1730330208.9356673
-1157.172162195702,5859.576864192112,1730330208.938877
-1110.2111470951018,5853.005451322252,1730330208.9428227
-1082.3161700148785,5881.414518524947,1730330208.9468668
-1125.8573682138167,5899.139451878006,1730330208.95083
-1155.94281625066,5879.514620246247,1730330208.9548397
-1122.6387170122523,5831.815997578621,1730330208.9587057
-1076.4376612231329,5871.333881775604,1730330208.9637024
-1102.6339057247528,5917.669048031456,1730330208.9668553
-1143.8952259892496,5880.028710368719,1730330208.97087
-1126.2149961251016,5833.045343523663,1730330208.9748852
-1092.3073997864008,5855.844122868076,1730330208.9787607
-1118.5036442880207,5913.288106118215,1730330208.982898
-1143.9846329670709,5880.49809700228,1730330208.987735
-1123.8010077239285,5827.01037252073,1730330208.990867
-1090.8768881412611,5844.377677962503,1730330208.9937153
-1107.2160133380908,5898.73712047781,1730330208.9988196
-1137.4355718416657,5896.6584082434665,1730330209.00281
-1138.1284759197804,5846.724611130311,1730330209.006917
-1095.88367889925,5865.075393328118,1730330209.010784
-1091.2568677970014,5891.137527363006,1730330209.0149488
-1140.207188154124,5902.045178657196,1730330209.0187504
-1151.3160051484117,5872.272655042727,1730330209.022006
-1105.271411570479,5847.976308819808,1730330209.0268865
-1087.4794229840545,5875.468954499836,1730330209.0312133
-1124.3374495908558,5895.294951831693,1730330209.0347853
-1141.2130166546126,5865.880056128509,1730330209.0390368
-1103.0362371249482,5869.769259663733,1730330209.0429027
-1067.3181494853677,5898.603010011078,1730330209.0470388
-1139.8719119872942,6908.343065779575,1730330214.0574243
-1064.859457595284,6908.633638457494,1730330214.0617137
-1055.3599662017782,6941.177778384421,1730330214.0655935
-1126.751437992029,6949.582034299617,1730330214.0696776
-1144.364612622811,6918.960144395846,1730330214.072596
-1076.1694402896692,6905.772615167215,1730330214.0774136
-1051.2248934775464,6932.75117072477,1730330214.081494
-1115.4861587865544,6952.37600235653,1730330214.0854132
-1151.6065778263303,6925.866833432536,1730330214.089476
-1088.2170305510797,6911.695827447871,1730330214.0934963
-1047.0004137754934,6933.175853869421,1730330214.0976024
