Fp1,C3,time_board
3068.3580718467324,568.9860068542965,1730243820.4982567
3045.671051224596,531.2786139581935,1730243820.5022628
3032.774094673884,494.4429390958475,1730243820.5052316
3063.597150277752,532.9549947923416,1730243820.5103705
3074.147173660657,570.8635533885424,1730243820.5143912
3050.499028026942,541.1804367518946,1730243820.5182507
3039.725487199484,500.0979304430402,1730243820.522405
3059.7079467425283,520.9297562753864,1730243820.526288
3079.913923730126,569.6565591879558,1730243820.5304468
3062.971301433003,557.0278235707073,1730243820.533424
3038.652603465629,509.2621456697161,1730243820.537466
3048.4203157925986,511.7655410487105,1730243820.5423365
3078.014025451425,561.2075997838497,1730243820.546468
3066.3464148457547,556.4019747259587,1730243820.5504427
3048.330908814777,507.5857648355681,1730243820.5544877
3053.0471268948468,498.5333083311687,1730243820.5575042
3072.3813858486874,545.3378612205818,1730243820.5614898
3068.022795679902,556.0890503035844,1730243820.5654862
3053.0471268948468,509.8432910255541,1730243820.570524
3048.50972277042,501.103758943529,1730243820.5745175
3067.486353812976,545.5390269206795,1730243820.578532
3069.475659069498,560.8499718725648,1730243820.5815125
3050.7448972159505,520.6615353419227,1730243820.5854473
3043.3241180567884,496.0299129521744,1730243820.589527
3061.98782467697,524.7519045772439,1730243820.5933833
3072.89547597116,559.6429776719782,1730243820.598529
3050.8119524493163,528.9763842792969,1730243820.6024263
3044.687574468562,496.1863751633615,1730243820.6065795
3065.2735311119,524.5507388771462,1730243820.6094
3075.108298672235,566.4602597308469,1730243820.6135695
3062.5019147994417,546.9695385658191,1730243820.6173947
3048.4873710259644,500.7014275433335,1730243820.6215975
3062.1219351437016,514.3136399166156,1730243820.6264305
3079.869220241216,557.810134626643,1730243820.6306229
3063.4406880665647,553.0492130576627,1730243820.634431
3043.9946703904475,507.6304683244787,1730243820.637679
3051.281339082878,507.9880962357636,1730243820.6416233
3067.195781135056,548.6012159110566,1730243820.6456509
3063.820667722305,549.8752653450091,1730243820.649574
3051.817780949805,512.6372590824675,1730243820.6536608
3051.974243160992,507.7869305356659,1730243820.6586523
3076.56116206183,553.4291927134029,1730243820.6626832
3073.2531038824445,562.9510358513637,1730243820.6656768
3046.8556936807267,516.4370556398696,1730243820.6697073
3045.492237268953,496.9686862192973,1730243820.67373
3070.257970125433,537.5594541501349,1730243820.6777084
3076.359996361732,565.0744515746178,1730243820.6817164
3058.74682173095,533.6255471260008,1730243820.6866596
3049.8061239488275,503.45069211133625,1730243820.6897576
3067.531057301886,532.910291303431,1730243820.6935809
3075.8682579837155,562.3698904955257,1730243820.6977575
3058.36684207521,532.10562850304,1730243820.701578
3052.331871072277,489.234982637761,1730243820.7057922
3093.3473221477657,503.3165816446044,1730243820.7096193
3112.435711912598,541.2027884963499,1730243820.7147603
3093.7273018035057,537.4923989167689,1730243820.717667
3064.2229991225004,515.5206341172021,1730243820.7217298
3028.728428927473,519.9686312638082,1730243820.7257326
3023.7216381694843,552.4680677018247,1730243820.7297
3032.5505772293304,546.0754687876068,1730243820.73579
3027.610841704708,497.32631413058215,1730243820.7386713
3054.075307139791,491.201936149828,1730243820.743664
3125.3103167188547,518.0910847295625,1730243820.7468135
3111.809863067849,538.3417652060706,1730243820.750684
3028.9072428831155,459.9541974013088,1730243820.7538223
3057.5845310192744,443.9056448823983,1730243820.7578447
3071.7108335150283,460.2671218236831,1730243820.7619004
3072.984882948981,502.44486361084745,1730243820.7658308
3011.986972330448,477.075633654074,1730243820.7709308
3022.827568391272,462.010557891197,1730243820.7739072
3088.5193453454194,604.7040944938773,1730243820.776706
3106.981886265503,582.9111436499529,1730243820.7818084
3005.750835627417,572.4952307337797,1730243820.785729
2928.9502416789824,569.164820809939,1730243820.7898402
2999.112367524191,536.0618872716293,1730243820.793754
3070.9285224590926,546.6789658879002,1730243820.798854
3052.063650138813,513.687791071867,1730243820.8017583
3028.5719667162857,499.1591571759173,1730243820.8048844
3032.4164667625987,525.5118638887244,1730243820.8097353
3021.4864637239534,580.5865622266009,1730243820.8138344
3015.675010165573,556.5137334482353,1730243820.8177495
2996.787786100839,498.5780118200793,1730243820.8218608
3031.41063826211,512.1902241933614,1730243820.824833
3077.410528351132,545.9637100653304,1730243820.8289049
3058.791525219861,544.6896606313778,1730243820.8328657
3061.5854932767743,508.7927590361547,1730243820.837872
3097.0577117273465,508.0104479802189,1730243820.8420136
3122.784569595405,555.1726287809169,1730243820.8459084
3027.029696348869,573.6351697010005,1730243820.8498344
3006.443739705532,531.6585936139338,1730243820.8530235
2973.3631579116773,486.2174971362945,1730243820.856825
3026.381495759665,523.299041187649,1730243820.8610785
3078.125784173701,580.0277686152183,1730243820.8649487
3039.032583121369,546.1201722765175,1730243820.869842
3033.623460963185,498.6450670534453,1730243820.8738904
3048.4426675370537,541.2698437297158,1730243820.8779178
3055.505818784931,559.4865154607911,1730243820.8808491
3081.2550283974447,523.0531719986406,1730243820.8858526
3068.402775335643,502.08723569956254,1730243820.8911946
3019.854786378716,571.422346999925,1730243820.8940043
2972.133811966635,624.7536092702877,1730243820.8988843
3004.3203239822774,568.87424813202,1730243820.902846
3058.6797664975843,502.44486361084745,1730243820.906962
3099.047016983869,482.976494190275,1730243820.9100528
3063.887722955671,562.5710561956234,1730243820.9128962
3023.7216381694843,566.2367422862939,1730243820.9169972
3029.689553939051,485.7928139916437,1730243820.9210112
3089.592229079274,473.7675754746885,1730243820.9259212
3084.3842726211874,563.2863120181933,1730243820.929969
3076.5164585729194,600.5243182807349,1730243820.932932
3052.465981539009,547.7071461328443,1730243820.936958
3051.5495600163413,555.4855532032911,1730243820.9409242
3127.456084186564,585.682759962411,1730243820.9449527
3145.8292181288266,568.4942684762798,1730243820.9491248
3038.473789509987,500.5449653321464,1730243820.9530213
3003.2697919928783,535.7936663381656,1730243820.9580982
3018.334867755755,591.3824547985142,1730243820.9611545
3081.7020632865506,580.0724721041289,1730243820.9650962
3094.1296332037014,536.7994948386544,1730243820.9689815
2982.795594071817,417.530586425136,1730243820.9730942
3025.21920504799,443.9279966268536,1730243820.9771168
3116.7048951035613,602.6030305150784,1730243820.9811616
3176.2499423325,578.0608151031513,1730243820.9860444
3052.309519327822,530.4515994133473,1730243820.9891367
3001.1910797585347,631.1685599289608,1730243820.9930449
2985.231934217445,585.5933529845897,1730243820.997131
3103.7632350639387,460.6918049683339,1730243821.0010316
3246.83675132236,428.34883074150457,1730243821.005149
3091.045092468869,442.4974849817139,1730243821.0091016
3167.555113739385,573.8363354010983,1730243821.0142093
3131.300584232877,653.0285660062511,1730243821.017127
2974.63720734563,574.1939633123832,1730243821.0210817
3012.478710708465,568.1366405649949,1730243821.0252602
3095.917772760126,648.289996181726,1730243821.029176
3088.4522901120536,537.2018262388499,1730243821.033148
3063.5524467888413,475.8909911979427,1730243821.0372849
3080.584476063785,537.5147506612243,1730243821.0421252
3069.6991765140506,571.4446987443804,1730243821.0451765
3052.980071661481,554.233855513794,1730243821.0505292
3087.424109867109,538.4982274172578,1730243821.0543072
3151.0371745869134,532.0162215252187,1730243821.0582924
3116.168453236634,557.1395822929838,1730243821.0623033
3065.787621234372,569.1201173210284,1730243821.0672293
3073.633083538185,499.4720815982916,1730243821.0702713
3010.847033363227,530.9880412802746,1730243821.0732749
3102.824461796816,541.9850995522856,1730243821.0772216
3115.9896392809915,596.4115973009583,1730243821.081243
3063.1948188775564,604.2347078603158,1730243821.0852916
3016.367914243688,532.5079599032355,1730243821.0892563
3105.014932753436,512.3466864045484,1730243821.0932364
3125.802055096872,565.6779486749111,1730243821.097325
3053.0471268948468,584.0063791282629,1730243821.1004343
3040.50779825542,495.4040641074257,1730243821.1044457
3194.0866344078345,555.5302566922018,1730243821.1092854
3203.854346734804,549.7188031338219,1730243821.1134305
3120.683505616606,534.0055267817411,1730243821.117232
3076.851734739749,553.4515444578582,1730243821.1214693
3011.3611234856994,521.1309219754842,1730243821.124447
3040.060763366313,515.9006137729423,1730243821.1284616
3096.0518832268576,641.6738798229552,1730243821.1323216
3056.109315885224,572.8528586450647,1730243821.1372988
3087.6476273116623,543.3709077085147,1730243821.1413164
3137.268500002444,577.3008557916709,1730243821.1453197
3142.409401227165,541.2027884963499,1730243821.1493256
3075.622388794707,540.3087187181376,1730243821.1524806
3051.370746060699,483.53528780165766,1730243821.1564252
3123.164549251145,535.9054250604421,1730243821.1605232
3157.362718267765,763.3344248931915,1730243821.1644013
2993.747948854917,613.5330335537236,1730243821.1694942
3033.042315607347,475.7121772423002,1730243821.1735685
3145.1586657951675,511.9220032598977,1730243821.1774974
3072.3590341042323,604.1900043714052,1730243821.1804228
3059.551484531341,509.0386282251631,1730243821.1844356
3122.784569595405,446.9007786394094,1730243821.188583
3197.104119909301,540.9792710517968,1730243821.1923573
3187.87284944926,647.9547200148965,1730243821.1974292
3067.4416503240645,591.7624344542545,1730243821.2014148
3014.088036309247,524.9977737662523,1730243821.2045429
3039.3678592882,515.073599228096,1730243821.2094505
3031.3212312842884,569.9918353547854,1730243821.212623
3045.067554124302,539.6158146400231,1730243821.2166035
3094.0625779703355,523.1649307209171,1730243821.222613
3099.359941406244,592.1871175989053,1730243821.2254412
3138.43079071412,589.9295914089194,1730243821.2296326
3125.802055096872,576.9432278803858,1730243821.23265
3086.306522644344,586.554477996168,1730243821.2366328
3096.498918115964,579.6030854705674,1730243821.240688
3081.143269675168,596.5233560232349,1730243821.2446222
3101.7739298074166,585.392187284492,1730243821.2486477
3084.853659254749,545.6507856429561,1730243821.2536557
3062.2336938659782,485.3234273580823,1730243821.2575593
3075.6447405391623,555.7984776256654,1730243821.2606552
3105.618429853729,617.7351615113213,1730243821.264713
3097.5718018498187,603.1171206375504,1730243821.268675
3125.198557996578,545.3378612205818,1730243821.2727237
3201.06037867789,511.296154415149,1730243821.2786992
3150.05369783088,575.2444953017825,1730243821.2816467
3045.2016645910344,579.1560505814613,1730243821.2848215
3002.2416117479343,577.8149459141429,1730243821.288663
3007.628382161663,542.3203757191153,1730243821.2925992
3119.7447323494835,585.0792628621176,1730243821.2965937
3066.994615434958,595.9869141563075,1730243821.3005805
3059.551484531341,526.1153609890176,1730243821.3046305
3129.065409787346,552.9821578242967,1730243821.308771
3123.410418440153,558.972425338319,1730243821.312766
3023.0287340913696,612.1472253974945,1730243821.3157685
3012.210489775001,607.2745451062376,1730243821.3207335
3127.366677208743,560.4923439612799,1730243821.3247175
3128.506616175964,571.6682161889335,1730243821.328647
3115.050866013869,631.6155948180669,1730243821.3327224
3079.221019652012,595.875155434031,1730243821.3376389
3069.877990469693,535.6148523825232,1730243821.3407526
3116.973116037025,530.2727854577048,1730243821.345755
3088.742862789972,535.9054250604421,1730243821.348672
3092.3191419028217,608.0121526732627,1730243821.3526876
3116.526081147919,620.7526470127877,1730243821.3567774
3021.374705001677,592.0083036432628,1730243821.360671
3036.9985743759366,606.6039927725784,1730243821.3647573
3099.9187350176257,577.6584837029558,1730243821.3687897
3116.190804981089,494.331180373571,1730243821.3738546
3087.781737778394,488.8550029820208,1730243821.3767228
3023.9675073584926,555.1055735475509,1730243821.3807638
3033.55640572982,593.8858501775087,1730243821.3847003
3126.070276030335,586.4427192738914,1730243821.3886833
3156.312186278365,531.2562622137383,1730243821.392706
3175.7582039544827,570.5282772217128,1730243821.3957777
3075.5106300724306,635.4153913754692,1730243821.3997664
3016.5467281993306,584.1851930839053,1730243821.4039268
2994.3067424663,528.5964046235567,1730243821.4088576
3096.3424559047767,590.4660332758467,1730243821.4129815
3116.883709059204,560.9617305948414,1730243821.4171107
3098.04118848338,508.9268695028865,1730243821.419972
3101.2151361960337,566.3261492641151,1730243821.425923
3090.37454013521,592.3882832990031,1730243821.428903
3092.90028725866,602.9830101708186,1730243821.4319353
3101.036322240391,456.46732526628085,1730243821.4362798
3165.588160227318,490.2184593937945,1730243821.441147
3075.041243438869,545.6731373874113,1730243821.4453084
3041.9606616450146,625.6476790485,1730243821.4480624
3098.979961750503,569.0307103432071,1730243821.45185
3107.13834847669,520.6391835974674,1730243821.4560273
3145.918625106648,577.1443935804837,1730243821.459972
3089.7710430349166,670.6193888925778,1730243821.4650302
3057.3163100858105,549.8752653450091,1730243821.4688752
2900.2729535428234,502.48956709975806,1730243821.4728625
3011.0258473188696,555.9102363479419,1730243821.475906
2956.644053059108,501.75195953273294,1730243821.4800043
2997.3465797122217,508.5915933360569,1730243821.4838855
3057.2492548524447,550.3223002341152,1730243821.4880593
3074.1695254051124,502.15429093292846,1730243821.491964
3125.779703352416,654.6825950959438,1730243821.5000985
3069.9003422141486,623.1219319250503,1730243821.50309
3004.0968065377247,550.3223002341152,1730243821.506091
3056.3328333297773,548.48945718878,1730243821.5099845
3084.853659254749,592.3435798100925,1730243821.5131257
3131.725267377528,623.9712982143519,1730243821.516114
3141.180055282123,546.9695385658191,1730243821.520111
3105.953706020559,531.0550965136405,1730243821.5251346
3072.783717248883,593.9529054108746,1730243821.529187
3090.083967457291,543.7732391087102,1730243821.5321653
3064.8264962227936,645.9430630139188,1730243821.536184
2987.2659429628784,621.9372894689191,1730243821.540184
3025.3756672591767,575.5127162352462,1730243821.544128
2984.9413615395265,539.9510908068527,1730243821.548152
3020.368876501188,515.7888550506658,1730243821.5531695
3143.86226461676,474.3487208305265,1730243821.5561073
3059.573836275797,625.7370860263212,1730243821.5600104
3079.913923730126,681.9293715869632,1730243821.5641968
3017.7090189110068,564.6721201744223,1730243821.568019
3069.6991765140506,590.3319228091149,1730243821.5720756
3121.398761439176,602.4465683038912,1730243821.5760753
3110.4240549116203,580.1618790819501,1730243821.5812333
3044.2628913239114,489.48085182676937,1730243821.5840268
3107.361865921243,475.913342942398,1730243821.5880184
3049.4484960375426,668.4959731693236,1730243821.5919995
2995.6701988780737,677.8613540960973,1730243821.5971928
3013.4845392089537,602.1559956259723,1730243821.601085
3056.131667629679,520.9297562753864,1730243821.6042402
3102.332723418799,520.1474452194507,1730243821.608058
3077.052900439847,628.7098680388771,1730243821.6122234
3036.88681565366,650.6369293495333,1730243821.6152344
3007.5836786727523,528.1717214789059,1730243821.62036
3098.152947205657,561.3864137394922,1730243821.6242728
3096.722435560517,632.8002372741983,1730243821.6282823
3046.2298448359784,564.4933062187798,1730243821.632256
3011.539937441342,510.31267765911554,1730243821.636273
3045.55929250232,603.5641555266566,1730243821.6402416
3089.368711634721,638.7234495548546,1730243821.6433382
3152.534741465419,567.9801783538078,1730243821.648366
3133.7816278674163,547.3495182215594,1730243821.6522834
3012.948097342026,637.6058623320893,1730243821.656364
3034.7857516748613,616.8187399886536,1730243821.6604052
3074.03541493838,639.5281123552456,1730243821.663385
3047.1909698475565,611.230803874827,1730243821.6672256
3006.376684472166,521.8014743091434,1730243821.671233
3077.8352114957825,524.4389801548696,1730243821.6752048
3142.722325649539,594.8469751890868,1730243821.680282
3101.66217108514,600.323152580637,1730243821.6842203
2998.6653326350847,601.9101264369639,1730243821.68861
2999.8052716023058,563.2416085292826,1730243821.6913824
3146.745639651494,584.2969518061819,1730243821.6953754
3148.712593163561,628.1063709385837,1730243821.699366
3033.2658330519,568.002530098263,1730243821.703224
2968.4904776204203,576.3620825245479,1730243821.7085073
3051.996594905448,624.0830569366285,1730243821.7123768
3090.955685491048,702.1129968301054,1730243821.716409
3021.955850357515,624.9547749703855,1730243821.7194269
3060.8702374542045,543.4603146863359,1730243821.7234116
3093.861412270238,555.7537741367548,1730243821.7272997
3080.89740048616,569.2765795322156,1730243821.7314155
3000.967562313981,581.681797704911,1730243821.7363937
3103.025627496914,563.5992364405676,1730243821.7404268
3153.227645543533,591.0471786316847,1730243821.7444265
3067.2851881128777,652.3803654170472,1730243821.7474627
3044.106429112724,588.8790594195199,1730243821.7513337
3105.149043220168,513.5313288606798,1730243821.7554538
3097.750615805461,604.972315427341,1730243821.75928
3016.5243764548754,646.8371327921311,1730243821.7644825
3044.978147146481,570.4835737328021,1730243821.768689
2999.090015779736,568.8071928986541,1730243821.7714956
3005.8625943496936,563.4204224849251,1730243821.7753468
3114.335610191299,680.1188802860833,1730243821.7795246
3116.079046258813,614.9635451988632,1730243821.7834716
3022.246423035434,532.8208843256098,1730243821.7875247
3008.1648240285904,580.1842308264054,1730243821.7915387
3055.3493565737435,579.6254372150228,1730243821.7965367
3062.434859566076,621.6020133020894,1730243821.799513
3043.212359334512,531.7256488472997,1730243821.8035307
3074.2142288940227,545.7401926207773,1730243821.80748
3064.1559438891345,668.4959731693236,1730243821.8115892
3091.3803686356987,698.3355520171585,1730243821.8154793
3062.36780433271,576.9879313692965,1730243821.8195386
3047.1686181031014,487.8938779704426,1730243821.8247063
3067.866333468716,569.7683179102323,1730243821.8275952
3053.851789695238,641.0480309782066,1730243821.8317196
3054.723507728995,617.1093126665727,1730243821.83554
3006.331980983255,577.457318002858,1730243821.8395576
3063.7089090000286,605.8887369500086,1730243821.8437324
3082.462022598031,654.6378916070332,1730243821.8489697
3118.04599977088,599.7420072247991,1730243821.852663
3045.179312846579,536.3971634384588,1730243821.8557112
3050.3872693046656,569.9471318658748,1730243821.8594985
3040.373687788688,563.5992364405676,1730243821.8640077
3061.697251999051,543.7061838753443,1730243821.8677287
3063.9324264445813,601.1278153810282,1730243821.871914
3044.6428709796514,660.1811242319494,1730243821.8756227
2992.250381976412,625.4688650928575,1730243821.8806524
3014.8926991096378,573.523410978724,1730243821.8835528
3088.8546215122487,556.5584369371459,1730243821.887859
3067.799278235349,600.1219868805393,1730243821.8918056
3031.9694318734923,647.2618159367819,1730243821.8959055
3058.545656030853,644.1772752019496,1730243821.8996713
3040.6866122110623,562.7051666623553,1730243821.903906
3084.071348198813,573.8586871455535,1730243821.907924
3085.524211588408,625.9606034708743,1730243821.9107957
3012.6128211751966,625.8264930041424,1730243821.914922
3040.306632555322,555.5302566922018,1730243821.919793
3128.9983545539803,519.812169052621,1730243821.923814
3100.723397818017,554.5691316806235,1730243821.9278278
3023.542824213842,649.0723072376618,1730243821.931802
3041.670088967096,635.5047983532904,1730243821.9357553
3043.815856434805,579.1113470925507,1730243821.9392424
3048.599129748241,587.7614721967545,1730243821.9426775
3074.437746338576,609.8002922296873,1730243821.9487753
3070.7050050145394,563.3533672515592,1730243821.9517033
3090.5086506019416,515.1853579503725,1730243821.9551678
3067.3969468351543,572.6740446894222,1730243821.9596825
3061.049051409847,649.1170107265724,1730243821.963899
3050.051993137836,657.9459497864187,1730243821.967694
2987.288294707333,588.4767280193244,1730243821.9721837
3029.6448504501404,570.3941667549809,1730243821.9756856
3075.2871126278774,570.9529603663636,1730243821.979967
3066.011138678925,627.2570046492821,1730243821.9829617
3077.298769628855,568.1589923094502,1730243821.9869192
3110.491110144986,571.489402233291,1730243821.9918888
3039.7031354550286,625.5135685817681,1730243821.996028
3001.302838480812,653.6991183399103,1730243821.9997413
3038.3173272988,596.4786525343243,1730243822.0034008
3011.40582697461,575.1550883239613,1730243822.0073588
3097.66120882764,586.0403878736959,1730243822.0108924
3126.6290696417177,591.6730274764333,1730243822.0149674
3024.5486527143303,585.9286291514194,1730243822.0199783
3041.915958156104,613.3095161091705,1730243822.0240145
3073.074289926802,636.644737320511,1730243822.0279517
3067.2851881128777,638.2093594323826,1730243822.0313742
3040.9548331445258,584.3416552950926,1730243822.034922
3044.8663884242046,564.4933062187798,1730243822.038958
3065.631159023185,620.5067778237793,1730243822.0428658
3050.7448972159505,630.8779872510419,1730243822.0479584
3054.879969940182,564.582713196601,1730243822.051922
3084.6971970435616,536.2854047161824,1730243822.0563388
3086.75355753345,562.2357800287939,1730243822.0588765
3036.0374493643585,586.5321262517126,1730243822.063402
3051.1248768716905,614.292992865204,1730243822.066877
3067.1287259016904,575.713881935344,1730243822.0714965
3067.3969468351543,535.458390171336,1730243822.0750468
3123.2539562289667,650.5028188828014,1730243822.0806117
3155.395764755698,654.3026154402037,1730243822.083274
3062.7701357329056,586.9568093963635,1730243822.0870984
3037.244443564945,545.6284338985007,1730243822.091467
3024.660411436607,625.133588926028,1730243822.0954618
3035.948042386537,602.3348095816148,1730243822.09919
3068.626292780196,521.0862184865736,1730243822.1034887
3065.8323247232825,561.7216899063218,1730243822.1081245
3010.1988327740232,635.9294814979412,1730243822.1110091
3047.302728569833,677.1237465290722,1730243822.1152997
3072.5378480598747,595.0928443780953,1730243822.1190057
3101.3268949183102,501.6402008104564,1730243822.1233833
3011.0258473188696,612.7954259866984,1730243822.1271036
3062.0325281658806,633.4037343744916,1730243822.1312883
3091.045092468869,569.9247801214195,1730243822.136166
3057.7409932304613,599.809062458165,1730243822.1391225
3070.36972884771,617.2657748777599,1730243822.1429887
3162.302453792388,616.7516847552878,1730243822.1472857
3018.781902644861,637.7623245432765,1730243822.151009
2973.094936978214,590.2201640868383,1730243822.1554725
3036.7974086758386,581.3241697936261,1730243822.1590636
3077.7681562624166,570.7964981551764,1730243822.165192
3053.5165135284083,636.5553303426898,1730243822.169126
3018.2231090334785,576.6526552024669,1730243822.1722636
3037.289147053856,542.4321344413918,1730243822.175303
3085.457156355042,609.8673474630532,1730243822.1791065
3073.208400393534,603.3629898265589,1730243822.183288
3036.640946464652,541.7615821077326,1730243822.1873815
3023.8333968917605,620.3503156125922,1730243822.1912413
3092.922639003115,618.4951208228017,1730243822.194231
3081.7020632865506,611.6778387639331,1730243822.1981847
3092.721473303017,611.5213765527459,1730243822.2032647
3048.085039625769,610.7390654968102,1730243822.2076485
3016.6137834326964,587.6720652189333,1730243822.2116892
3062.70308049954,635.1918739309161,1730243822.2156775
3159.5308374799297,586.3756640405255,1730243822.21917
3092.1626796916344,535.1231140045064,1730243822.2224264
2972.156163711091,581.3465215380814,1730243822.2261014
3080.137441174679,598.0209229017405,1730243822.2314208
3061.853714210238,622.7866557582207,1730243822.2353137
3022.089960824246,587.2250303298272,1730243822.239153
3007.471919950476,536.5089221607354,1730243822.2435703
3056.779868218883,639.5057606107904,1730243822.2488556
3101.3268949183102,664.6291213785555,1730243822.2512422
3019.07247532278,588.0520448746735,1730243822.256664
3016.50202471042,555.7314223922995,1730243822.2603068
3109.66409560014,628.7322197833323,1730243822.264698
3072.604903293241,641.8973972675083,1730243822.268181
3064.848847967249,546.008413554241,1730243822.273734
3049.4484960375426,568.002530098263,1730243822.2762885
3089.949856990559,632.0626297071731,1730243822.279242
3030.8965481396376,646.8147810476758,1730243822.2834847
3037.22209182049,541.7839338521879,1730243822.2869775
3045.715754713506,504.6800380563782,1730243822.2915769
3059.104449642235,632.4426093629133,1730243822.29547
3000.431120447054,651.3968886610137,1730243822.2993608
3032.304708040322,617.3328301111258,1730243822.3024073
3018.670143922585,570.1706493104278,1730243822.306723
3010.3776467296657,547.1483525214616,1730243822.3103187
3038.4067342766207,592.1200623655394,1730243822.3147345
3109.7087990890504,622.4066761024804,1730243822.319379
3132.4405232000977,606.7381032393102,1730243822.3238063
3048.330908814777,598.0879781351064,1730243822.3262885
3009.4612252069983,627.7040395383882,1730243822.330619
3085.635970310685,603.3182863376483,1730243822.334286
3059.015042664414,573.165783067439,1730243822.3385468
3096.94595300507,582.486460505302,1730243822.3423407
3047.682708225573,591.3824547985142,1730243822.347662
3047.1015628697355,602.6924374928997,1730243822.3513875
3133.915738334148,546.1201722765175,1730243822.354592
3066.1005456567464,507.20578517982784,1730243822.3585598
2987.176535985057,616.1705393994498,1730243822.362826
3001.056969291803,687.7631768897983,1730243822.366534
3012.970449086481,580.1171755930395,1730243822.370906
3055.595225762752,555.3067392476487,1730243822.375303
3041.044240122347,582.4641087608468,1730243822.37936
3028.706077183017,609.5767747851343,1730243822.3825295
3092.341493647277,617.9139754669637,1730243822.3865235
3051.370746060699,608.1462631399945,1730243822.3905325
3096.6106768382406,596.5457077676901,1730243822.3945155
3115.0285142694133,611.3425625971034,1730243822.3985877
3040.88777791116,596.0763211341288,1730243822.4024973
2997.793614601328,588.2085070858607,1730243822.4073734
3060.333795587277,586.487422762802,1730243822.4115589
3082.7078917870394,647.8876647815305,1730243822.4156249
3113.1956712240785,597.4174258014472,1730243822.4185784
3075.398871350154,538.520579161713,1730243822.4245532
2995.558440155797,574.909219134953,1730243822.4275408
3089.65928431264,595.2046031003717,1730243822.4305413
3062.3231008437992,612.9518881978855,1730243822.436594
3023.1404928136462,595.6292862450226,1730243822.439656
3046.4757140249867,584.5428209951903,1730243822.4436011
3099.2481826839667,638.2540629212932,1730243822.4469588
3047.8168186923053,628.5534058276899,1730243822.45056
3022.8052166468165,590.8236611871316,1730243822.454632
3051.5495600163413,580.7206726933327,1730243822.459414
3096.3424559047767,560.2017712833609,1730243822.462558
3136.106209290768,620.5514813126899,1730243822.465544
3036.7974086758386,577.457318002858,1730243822.4706528
3018.021943333381,553.1609717799391,1730243822.474589
3068.335720102277,637.7846762877317,1730243822.4786284
3051.147228616146,625.5135685817681,1730243822.482669
3008.947135084526,580.8994866489752,1730243822.4876485
3043.7040977125284,550.814038612132,1730243822.4905057
3109.172357222123,565.812059141643,1730243822.4936893
3089.9275052461035,600.3008008361818,1730243822.4985323
2977.2970649358112,644.0878682241283,1730243822.5025513
2997.6148006456856,580.9441901378858,1730243822.506497
3046.453362280532,620.4620743348687,1730243822.5106325
3109.3735229222207,639.0587257216843,1730243822.5146427
3062.3231008437992,630.6544698064888,1730243822.5185628
3073.9683597050143,570.9529603663636,1730243822.521669
3101.6174675962293,574.8645156460424,1730243822.52552
3091.112147702235,610.1802718854275,1730243822.531156
3057.7409932304613,606.8498619615867,1730243822.5346024
3006.264925749889,546.5001519322577,1730243822.5387125
3089.1898976790785,544.3767362090035,1730243822.5426383
3112.145139234679,659.1082404980947,1730243822.5469089
3042.3182895562995,617.8469202335979,1730243822.5497415
3016.457321221509,597.3727223125366,1730243822.5538263
2984.024940016858,538.5429309061684,1730243822.5587106
3068.0674991688134,630.0062692172849,1730243822.5628998
3069.6991765140506,678.062519796195,1730243822.56667
3070.2803218698887,605.1511293829834,1730243822.570854
3049.2696820819,556.2902160036822,1730243822.5748308
3033.958737130015,576.2726755467266,1730243822.579805
3063.999481677948,592.6118007435562,1730243822.5826352
3083.3784441206985,608.4368358179136,1730243822.5877173
3102.399778652165,596.6574664899667,1730243822.5916066
3073.7671940049167,606.8051584726761,1730243822.5957048
3067.7098712575284,642.7691153012652,1730243822.599691
3027.0073446044144,641.4056588894915,1730243822.6027403
3025.107446325713,591.7400827097991,1730243822.6067395
3111.3181246898325,555.9325880923973,1730243822.6096811
3115.1849764806007,622.1608069134721,1730243822.6148276
3040.6866122110623,635.3483361421032,1730243822.6187932
3024.593356203241,585.7945186846875,1730243822.6229663
3049.2026268485342,576.4067860134585,1730243822.625738
3047.7721152033946,578.4631465033468,1730243822.6297455
3029.734257427962,589.7284257088215,1730243822.6338012
3018.088998566747,655.0625747516841,1730243822.6379154
3039.569024988297,610.7614172412655,1730243822.6427524
3086.574743577808,589.4378530309026,1730243822.6471164
3145.5162937064524,553.4068409689476,1730243822.6508172
3098.2870576723885,569.164820809939,1730243822.6539671
3011.919917097082,616.2152428883604,1730243822.6580727
3014.646829920629,602.6700857484443,1730243822.6618342
3055.84109495176,610.2696788632487,1730243822.6659737
3053.784734461872,618.4280655894358,1730243822.670519
3104.4561391420534,562.8392771290871,1730243822.6751606
3080.94210397507,623.5242633252458,1730243822.6789937
3037.4903127539533,617.9810307003297,1730243822.6822207
3074.080118427291,574.618646457034,1730243822.6865544
3035.1657313306014,604.8605567050644,1730243822.690209
3076.851734739749,614.7400277543102,1730243822.694105
3082.7749470204053,621.0879231796174,1730243822.697986
3068.2910166133665,619.098617923095,1730243822.703449
3042.9888418899586,564.8285823856095,1730243822.706324
3044.911091913116,553.7197653913219,1730243822.709958
3075.309464372333,612.0801701641286,1730243822.7144628
3020.4582834790094,618.8974522229972,1730243822.71795
3073.1636969046235,604.7711497272431,1730243822.7221353
3084.138403432179,566.7284806643106,1730243822.725916
3131.099418532779,610.0461614186956,1730243822.731155
3082.216153409023,614.9635451988632,1730243822.733945
2991.0657395202807,627.5922808161117,1730243822.7372005
2987.78003308535,641.8973972675083,1730243822.741889
3027.9684696159925,615.1870626434163,1730243822.7464545
3082.7302435314946,518.8286922965875,1730243822.750007
3100.4775286290087,530.8092273246322,1730243822.754256
3042.8994349121376,640.0422024777178,1730243822.7589643
3064.2229991225004,670.7758511037649,1730243822.762231
3073.431917838087,658.9964817758181,1730243822.7655375
3048.956757659526,588.3202658081372,1730243822.7705884
3033.93638538556,540.7110501183331,1730243822.773936
3046.542769258353,599.7867107137097,1730243822.7781131
3071.3308538592883,604.8829084495197,1730243822.782582
3103.405607152654,541.6945268743667,1730243822.7871995
3060.713775243017,571.7799749112099,1730243822.7902367
3040.530149999875,648.93819677093,1730243822.7930472
3101.975095507514,599.7196554803438,1730243822.7981317
3060.646720009652,590.3766262980255,1730243822.802109
3008.030713561858,606.0228474167404,1730243822.8065555
3023.878100380671,633.4037343744916,1730243822.8100765
3094.6660750706287,648.9158450264747,1730243822.8144672
3042.765324445406,579.8266029151205,1730243822.818137
3048.2862053258664,574.3951290124809,1730243822.821545
3106.020761253925,579.9160098929417,1730243822.8260684
3048.621481492696,590.488385020302,1730243822.830514
3073.610731793729,628.2404814053156,1730243822.8341217
3052.309519327822,594.131719366517,1730243822.8387244
3057.428068808087,558.6371491714895,1730243822.8412712
3064.714737500517,638.902263510497,1730243822.8456173
3037.177388331579,629.5592343281787,1730243822.8492932
3028.4825597384647,603.2065276153717,1730243822.853632
3043.9946703904475,545.8966548319644,1730243822.8581488
3094.9342960040926,572.9646173673412,1730243822.862677
3075.46592658352,634.5213215972569,1730243822.8663225
3027.275565537878,593.0588356326623,1730243822.8691947
3037.8032371763275,590.3989780424807,1730243822.873647
3050.633138493674,625.5359203262235,1730243822.8773098
3044.88874016866,619.2103766453715,1730243822.8813453
3045.358126802221,567.3990329979698,1730243822.886845
3051.4825047829754,566.2590940307491,1730243822.8902724
3034.7857516748613,612.1472253974945,1730243822.894894
3034.405772019121,654.7720020737651,1730243822.897496
3056.131667629679,623.0772284361396,1730243822.9011753
3044.776981446383,533.2902709591712,1730243822.9057834
3086.395929622165,535.458390171336,1730243822.9091916
3089.882801757193,622.1384551690168,1730243822.9146504
3063.999481677948,639.4610571218798,1730243822.9184277
3020.726504412473,586.3086088071595,1730243822.921572
3044.397001790643,517.845215540554,1730243822.9253092
3105.1937467090784,569.6118556990452,1730243822.9305928
3084.965417977025,625.6029755595894,1730243822.9332836
3035.880987153171,597.4844810348131,1730243822.937628
3010.154129285113,564.4486027298692,1730243822.9414775
3037.7361819429616,607.229841617327,1730243822.946444
3036.3950772756434,649.5863973601339,1730243822.9493797
3022.3581817577106,587.7167687078439,1730243822.9534607
3053.807086206328,572.9869691117965,1730243822.9574945
3095.582496593296,580.0948238485842,1730243822.9614327
3077.052900439847,621.8478824910978,1730243822.9658563
2998.151242512613,608.392132329003,1730243822.9693663
3039.099638354736,574.328073779115,1730243822.9744368
3073.409566093632,571.7352714222993,1730243822.9775832
3116.324915447821,619.5233010677458,1730243822.981527
3018.2901642668444,608.1686148844499,1730243822.9855351
3024.9286323700708,598.2220886018382,1730243822.989314
3051.303690827333,577.5020214917686,1730243822.993346
3090.5757058353074,586.5321262517126,1730243822.9977436
3074.884781227682,623.3230976251481,1730243823.0038211
3024.0569143363136,587.7614721967545,1730243823.0064936
2996.027826789358,587.9626378968522,1730243823.0105205
3043.3464698012435,626.2735278932486,1730243823.0136387
3115.073217758324,600.1443386249946,1730243823.0174077
3056.6457577521514,552.2221985128162,1730243823.0214152
3043.7040977125284,566.5943701975788,1730243823.0253668
3062.5466182883524,577.1890970693943,1730243823.0306804
3076.4941068284643,589.8848879200087,1730243823.0334046
3044.5534640018304,537.5147506612243,1730243823.0374932
3028.527263227375,618.7186382673548,1730243823.041628
3086.395929622165,613.6671440204555,1730243823.045894
3103.919697275126,609.8896992075086,1730243823.0495968
3065.854676467738,623.4348563474246,1730243823.053564
3026.157978315113,594.9587339113634,1730243823.0576403
3038.250272065434,647.6194438480668,1730243823.0624585
3111.340476434288,635.8177227756647,1730243823.0656016
3086.75355753345,564.9179893634307,1730243823.0696132
3004.9014693381155,493.2806483841716,1730243823.0736804
3012.4116554750985,609.8226439741426,1730243823.0778284
3082.238505153478,655.9789962743516,1730243823.0819142
3046.341603558255,609.6214782740449,1730243823.0855212
3045.112257613213,545.1813990093946,1730243823.088559
3090.8662785132265,561.3193585061263,1730243823.0925148
3115.721418347528,610.7837689857208,1730243823.09769
3018.759550900406,630.1180279395614,1730243823.101503
3010.6682194075847,575.4680127463356,1730243823.1056523
3038.652603465629,583.1793645834166,1730243823.1095507
3123.85745332926,585.1910215843942,1730243823.1126769
3131.1888255106005,582.3523500385702,1730243823.1165133
3058.344490330755,599.6749519914332,1730243823.1206431
2988.271771463368,596.0763211341288,1730243823.1255171
3048.979109403981,649.9440252714188,1730243823.1297183
3135.569767423841,626.452341848891,1730243823.1335857
3089.346359890266,568.1813440539055,1730243823.1377096
3022.0005538464256,590.7566059537656,1730243823.1407309
3038.6078999767187,596.9927426567963,1730243823.1447744
3043.7711529458948,649.9887287603294,1730243823.1490388
3022.604050946719,608.8391672181091,1730243823.153992
3053.181237361579,553.8315241135984,1730243823.1585555
3079.042205696369,576.3844342690032,1730243823.1629384
3090.821575024316,625.2453476483045,1730243823.1676233
3100.656342584651,607.9227456954414,1730243823.1707911
3051.370746060699,549.8082101116431,1730243823.1738238
3041.088943611257,583.6934547058886,1730243823.1766975
3072.8060689933386,638.9916704883183,1730243823.1808429
3052.6671472391067,607.2521933617822,1730243823.1857984
3036.9985743759366,543.39325945297,1730243823.1898096
3086.105356944246,613.0189434312515,1730243823.192662
3071.107336414735,637.8740832655529,1730243823.196801
3054.187065862068,624.0383534477179,1730243823.2007124
3067.2851881128777,573.6798731899111,1730243823.2049
3045.067554124302,587.9849896413076,1730243823.2086527
3072.716662015517,622.7419522693101,1730243823.215222
3064.714737500517,619.6350597900224,1730243823.218959
3046.900397169637,541.5157129187243,1730243823.2208333
3006.980181572459,511.7431893042552,1730243823.2253728
3066.0334904233805,657.454211408402,1730243823.2312934
3082.9314092315926,660.6728626099662,1730243823.2386174
3075.734147516984,561.6769864174112,1730243823.2386591
3132.5522819223743,502.556622333124,1730243823.241685
3143.102305305279,621.1996819018939,1730243823.2462711
3037.758533687417,658.7953160757204,1730243823.2487595
2987.3329981962443,584.8780971620199,1730243823.2528744
3055.438763551565,580.7206726933327,1730243823.2566972
3054.768211217905,597.6409432460002,1730243823.2608733
3071.599074792752,603.5641555266566,1730243823.264892
3063.373632833199,635.8177227756647,1730243823.2699044
3043.8382081792606,576.1385650799948,1730243823.273919
3021.97820210197,569.2095242988496,1730243823.2769208
3059.4173740646097,654.2579119512931,1730243823.2823098
3030.9412516285483,603.9217834379415,1730243823.285289
2974.503096878898,481.90361045642027,1730243823.294026
3043.3911732901543,535.681907615889,1730243823.2940571
3153.428811243631,679.5824384191559,1730243823.3033905
3121.0634852723465,648.7817345597427,1730243823.3034096
3054.857618195727,604.5252805382348,1730243823.305822
3087.46881335602,563.77805039621,1730243823.310262
3068.402775335643,614.9858969433185,1730243823.3138013
3099.2928861728774,611.5213765527459,1730243823.317886
3020.905318368116,581.8159081716428,1730243823.3250847
3041.3795162891765,581.9947221272853,1730243823.3289857
3047.8391704367605,622.3396208691146,1730243823.3290334
3062.680728755084,641.0703827226619,1730243823.3320644
3048.755591959428,577.5243732362239,1730243823.336898
3071.040281181369,556.6254921705117,1730243823.346818
3028.817835905294,589.8401844310981,1730243823.3468363
3033.8246266632827,634.0519349636954,1730243823.3488188
3065.966435190014,511.4302648818809,1730243823.3560278
3082.439670853576,548.6906228888778,1730243823.356872
3065.7205660010063,616.036428932718,1730243823.3601315
3068.626292780196,647.9994235038071,1730243823.364148
3021.531167212864,593.6846844774109,1730243823.3726172
3058.2327316084784,544.1755705089057,1730243823.37285
3051.236635593967,611.7225422528437,1730243823.379674
3073.65543528264,644.6243100910557,1730243823.3810213
3092.877935514204,621.5126063242682,1730243823.384905
3035.8362836642605,574.5292394792127,1730243823.387926
3097.3929878941763,568.2707510317267,1730243823.393226
3095.85071752676,638.678746065944,1730243823.397081
3025.465074236998,637.002365231796,1730243823.400995
3046.118086113702,559.553570694157,1730243823.405122
3054.947025173548,563.3533672515592,1730243823.4090507
3069.6097695362296,611.1190451525504,1730243823.4120502
3080.6962347860617,625.2676993927598,1730243823.41623
3036.2609668089112,567.8013643981653,1730243823.4201238
3036.9985743759366,533.0891052590734,1730243823.4251432
3122.069313772836,591.7400827097991,1730243823.4290693
3063.887722955671,640.9586240003854,1730243823.4331465
3022.469940479987,574.7304051793105,1730243823.4362185
3046.2298448359784,568.1813440539055,1730243823.440216
3082.3279121312994,577.6584837029558,1730243823.44422
3102.04215074088,611.1190451525504,1730243823.4481776
3065.944083445559,596.8586321900644,1730243823.45321
3052.8683129392043,555.4184979699252,1730243823.4572337
3040.753667444428,572.9199138784306,1730243823.4612591
3038.339679043255,603.228879359827,1730243823.464265
3092.1626796916344,597.3950740569919,1730243823.4681344
3086.060653455336,554.5914834250789,1730243823.474428
3082.4843743424863,558.6371491714895,1730243823.477288
3107.115996732234,591.2483443317824,1730243823.4812856
3063.9324264445813,626.1394174265167,1730243823.485175
2972.022053244359,605.5758125276343,1730243823.490316
3046.2298448359784,554.9491113363638,1730243823.494315
3109.150005477668,583.2911233056931,1730243823.4973204
3124.237432985,613.9130132094638,1730243823.5001807
3006.399036216621,541.940396063375,1730243823.5043316
2986.7742045848618,583.1793645834166,1730243823.5081155
3089.3240081458102,628.8439785056089,1730243823.5133264
3165.655215460684,598.0432746461958,1730243823.5172253
3063.7089090000286,577.5914284695898,1730243823.520377
2960.10857344968,569.0977655765731,1730243823.524286
3047.2580250809224,588.2085070858607,1730243823.5285604
3081.3667871197213,602.1783473704276,1730243823.53235
3007.650733906118,589.5049082642685,1730243823.536438
3007.7624926283947,526.2271197112942,1730243823.541378
3074.683615527584,569.3436347655816,1730243823.5444305
3056.846923452249,680.4541564529129,1730243823.5484967
3005.147338527124,612.0131149307626,1730243823.552436
2991.088091264736,547.6847943883889,1730243823.5564132
3071.3308538592883,529.0881430015735,1730243823.5602524
3161.4530875030864,580.1395273374948,1730243823.5644703
3125.153854507668,641.9644525008741,1730243823.5692518
3031.164769073101,595.6963414783885,1730243823.5724344
3034.606937719219,599.5408415247014,1730243823.5762525
3031.723562684484,615.1423591545057,1730243823.5804107
3072.8284207377937,577.9043528919641,1730243823.5842888
3062.1889903770675,543.102686775051,1730243823.588631
3037.333850542766,552.132791534995,1730243823.5922766
3015.74206539894,601.4630915478577,1730243823.597268
3039.79254243285,603.161824126461,1730243823.600309
3079.6457027966626,564.1356783074949,1730243823.6043708
3050.253158837934,552.3786607240035,1730243823.6085389
3068.89451371366,594.5564025111679,1730243823.612428
3018.178405544568,576.6303034580116,1730243823.6163657
3037.7808854318723,584.9451523953858,1730243823.6205032
3085.2783423994,610.9625829413633,1730243823.6253211
3097.035359982892,634.9236529974525,1730243823.6286194
3076.270589383911,620.3503156125922,1730243823.6313655
3021.151187557124,561.7216899063218,1730243823.6375496
3005.884946094149,550.7246316343108,1730243823.6413565
3057.808048463828,607.2745451062376,1730243823.6454487
3093.4143773811315,627.7263912828436,1730243823.6503744
3110.625220611718,551.8422188570761,1730243823.6533728
3040.9995366334365,546.2989862321599,1730243823.656387
3032.6399842071514,616.1928911439051,1730243823.6594944
3036.50683599792,672.4969354268236,1730243823.6649227
3054.3658798177103,592.2318210878159,1730243823.668638
3011.606992674708,526.3388784335707,1730243823.6729128
3046.3192518137994,515.00654399473,1730243823.6764386
3079.243371396467,566.4602597308469,1730243823.6795404
3071.979054448492,605.3522950830812,1730243823.6835592
3007.047236805825,584.2746000617266,1730243823.6877244
3019.653620678618,542.8344658415873,1730243823.6915293
3093.3920256366764,615.5223388102459,1730243823.6967888
3073.5883800492743,603.005361915274,1730243823.700534
3026.0909230817465,598.6467717464891,1730243823.704876
3036.2609668089112,572.3164167781373,1730243823.7076955
3079.08690918528,597.551536268179,1730243823.7119076
3099.2481826839667,575.2221435573273,1730243823.7160723
3082.596133064763,567.8013643981653,1730243823.7196023
3019.5418619563416,604.4358735604136,1730243823.7238383
3076.784679506383,597.7750537127321,1730243823.7289937
3066.994615434958,599.1161583800505,1730243823.7328713
3107.115996732234,542.8791693304979,1730243823.7360487
3150.6795466756284,553.5409514356794,1730243823.7398329
3029.019001605392,631.6826500514329,1730243823.7437422
2981.745062082417,628.1063709385837,1730243823.7478518
3035.5457109863414,573.5010592342686,1730243823.752921
3065.877028212193,557.4525067153581,1730243823.75695
3010.3776467296657,569.2542277877603,1730243823.7608988
3045.514589013409,566.2590940307491,1730243823.7641642
3128.774837109427,543.3485559640594,1730243823.7687469
3072.1578684041347,629.5145308392681,1730243823.7728643
3024.88392888116,615.5223388102459,1730243823.7756183
3032.7070394405177,606.7604549837655,1730243823.7813284
3053.762382717417,576.0715098466289,1730243823.7847226
3088.742862789972,524.5060353882355,1730243823.7879322
3068.7156997580173,583.6040477280674,1730243823.7916317
3069.7438800029613,635.3483361421032,1730243823.7959187
3010.958792085504,638.2540629212932,1730243823.801763
3033.1987778185344,591.0248268872293,1730243823.806106
3118.940069549092,561.229951528305,1730243823.8086307
3076.427051595098,596.9480391678857,1730243823.8142018
3039.4572662660203,612.5048533087794,1730243823.817646
3035.2327865639672,578.4407947588915,1730243823.8207276
3037.6467749651406,544.7343641202884,1730243823.823887
3038.473789509987,557.1172305485285,1730243823.8281252
3079.3551301187435,614.3153446096593,1730243823.8319592
3078.237542895978,562.2134282843385,1730243823.8369017
3009.3494664847217,542.9462245638639,1730243823.8412268
3021.4641119794983,552.6915851463777,1730243823.8439586
3078.37165336271,573.8139836566429,1730243823.8480167
3044.017022134903,652.8050485616981,1730243823.851769
2997.21246924549,608.1015596510839,1730243823.8562129
3025.7332951704616,595.7410449672991,1730243823.8598528
3074.7730225054056,610.1132166520616,1730243823.8640015
3122.8963283176818,572.4728789893245,1730243823.868868
3071.934350959581,563.1522015514614,1730243823.8722296
3048.241501836956,589.2590390752601,1730243823.8767903
3055.46111529602,608.4368358179136,1730243823.8809848
3027.3873242601544,593.0811873771175,1730243823.8848133
3031.5223969843864,541.135733262984,1730243823.8878195
3067.0393189238694,565.3426725080816,1730243823.894083
3080.584476063785,625.8041412596872,1730243823.8973951
3060.4902577984644,606.3134200946594,1730243823.900771
3010.6905711520403,559.7994398831654,1730243823.9042687
3037.691478454051,535.748962849255,1730243823.907882
3046.69923146954,561.0511375726626,1730243823.911971
3012.277545008367,598.713826979855,1730243823.915975
3030.3154027837995,591.0024751427741,1730243823.9199724
3076.427051595098,587.873230919031,1730243823.9243371
3156.602758956285,591.3824547985142,1730243823.9269931
3092.430900625098,626.2064726598827,1730243823.9313586
3033.7128679410066,611.3425625971034,1730243823.936409
3024.0345625918585,581.97237038283,1730243823.9403503
2995.3796262001547,596.2104316008606,1730243823.9444509
3012.188138030546,623.4572080918799,1730243823.947987
3064.5135718004194,593.7517397107769,1730243823.9520948
3085.099528443757,549.9870240672856,1730243823.95689
3083.3784441206985,568.7401376652882,1730243823.9599469
3033.891681896649,634.74483904181,1730243823.9642904
3022.916975369093,593.8634984330533,1730243823.9679585
2994.217335488479,497.2369071527609,1730243823.9725027
3073.700138771551,572.2270098003161,1730243823.9759035
3076.427051595098,677.2802087402594,1730243823.9800436
3043.480580267976,623.5913185586118,1730243823.9829552
3034.003440618925,514.6712678279005,1730243823.9900875
3097.3929878941763,466.0562236376076,1730243823.994044
3133.3792964672207,604.5699840271454,1730243823.9971592
3042.787676189861,711.9030609015299,1730243823.9999535
3011.1599577856014,608.2803736067264,1730243824.0040948
3018.3572195002102,572.9646173673412,1730243824.007243
3016.5467281993306,562.9510358513637,1730243824.011132
3080.1597929191344,599.3620275690589,1730243824.0154023
3071.867295726216,595.0257891447293,1730243824.0201929
3074.728319016495,576.809117413654,1730243824.024358
3093.3920256366764,609.5991265295895,1730243824.028158
3070.4144323366204,597.9315159239193,1730243824.0323832
3050.7672489604056,563.1745532959168,1730243824.035186
2982.795594071817,570.036538843696,1730243824.0413249
3023.654582936118,590.5554402536679,1730243824.046494
3074.683615527584,626.5641005711676,1730243824.0492318
3134.4745319455305,579.9383616373971,1730243824.0536692
3083.758423776439,590.3989780424807,1730243824.0573833
3050.5437315158524,589.5272600087238,1730243824.0615065
3056.2210746075007,610.8508242190867,1730243824.0643091
3073.9013044716485,626.2735278932486,1730243824.0670407
3064.334757844777,573.5010592342686,1730243824.0712335
3039.300804054833,551.7304601347995,1730243824.0751617
3044.2181878350007,604.2570596047711,1730243824.0792792
3070.4814875699867,611.1861003859163,1730243824.0840871
3098.75644430595,544.2649774867269,1730243824.0871692
3061.429031065587,559.3747567385145,1730243824.0913231
3058.590359519764,615.8799667215308,1730243824.0953815
3052.778905961384,628.1734261719497,1730243824.099295
3005.5496699273194,561.6322829285006,1730243824.1033227
3035.590414475252,513.4195701384032,1730243824.1081345
3079.891571985671,616.0811324216286,1730243824.1124115
3102.690351330084,659.8011445762091,1730243824.1156
3081.165621419623,567.0414050866849,1730243824.119326
3018.916013111593,527.9705557788081,1730243824.1237316
3060.8031822208386,595.1151961225505,1730243824.1273017
3074.683615527584,643.9314060129411,1730243824.131328
3044.978147146481,582.5758674831233,1730243824.1364353
3056.55635077433,534.3855064374812,1730243824.139211
3082.216153409023,608.3697805845476,1730243824.143248
3110.7369793339944,628.1734261719497,1730243824.1476717
3050.4543245380314,593.617629244045,1730243824.151303
3033.243481307445,519.7898173081658,1730243824.155592
3016.345562499233,505.0600177121184,1730243824.1591942
3092.006217480447,639.8857402665305,1730243824.163421
3080.9868074639808,632.7555337852876,1730243824.1672585
3062.3901560771656,548.712974633333,1730243824.1704772
3083.3784441206985,542.7227071193108,1730243824.1752331
3084.4513278545533,617.0869609221174,1730243824.1792896
3038.473789509987,632.4426093629133,1730243824.1832197
3025.0850945812576,562.8169253846319,1730243824.1874
3027.3649725157,531.0774482580958,1730243824.192333
3073.364862604721,598.7808822132209,1730243824.1954114
3070.727356758995,607.2074898728716,1730243824.2002487
3051.3930978051544,605.0170189162516,1730243824.2034354
3075.1977056500564,592.455338532369,1730243824.216709
3086.395929622165,580.2736378042266,1730243824.216762
3024.1239695696795,570.3047597771597,1730243824.216768
3011.472882207976,538.878207072998,1730243824.2214468
3049.537903015364,571.0647190886401,1730243824.2244475
3058.3891938196653,581.5700389826345,1730243824.2287729
3111.809863067849,618.6068795450783,1730243824.2315164
3100.142252462179,579.2678093037379,1730243824.2373755
3008.947135084526,523.1202272320065,1730243824.2394557
3038.2279203209782,597.8644606905533,1730243824.249201
3091.223906424512,666.6407783795331,1730243824.249214
3043.9946703904475,614.4718068208465,1730243824.25129
3047.682708225573,539.7722768512102,1730243824.2544932
3099.426996639609,505.4623491123139,1730243824.2583303
3079.08690918528,604.4805770493242,1730243824.2635028
3090.5086506019416,648.6923275819215,1730243824.267396
3060.5349612873747,573.7692801677323,1730243824.271544
3005.795539116328,536.6206808830119,1730243824.2744637
3062.3231008437992,565.5661899526347,1730243824.2784605
3064.1559438891345,591.6730274764333,1730243824.2825637
3016.12204505468,572.4952307337797,1730243824.2865329
3076.2929411283662,573.9257423789195,1730243824.29135
3066.1005456567464,587.6050099855673,1730243824.295555
3071.934350959581,582.1511843384725,1730243824.299503
3050.051993137836,597.8644606905533,1730243824.3025205
3056.846923452249,594.6458094889891,1730243824.306558
3066.1005456567464,593.7517397107769,1730243824.3143668
3060.17733337609,625.133588926028,1730243824.3143935
3054.835266451272,577.6361319585004,1730243824.3196597
3073.387214349176,511.4973201152468,1730243824.3236685
3086.4853365999866,560.8946753614754,1730243824.3276331
3075.980016705992,637.0470687207066,1730243824.3347929
3074.75067076095,622.3172691246592,1730243824.3348236
3060.1549816316347,553.5409514356794,1730243824.346167
3075.2200573945115,565.6332451860005,1730243824.346188
3078.70692952954,623.6360220475224,1730243824.3489182
3066.5475805458523,625.3124028816704,1730243824.3514822
3059.149153131146,561.5428759506793,1730243824.3556705
3054.3435280732547,562.8616288735425,1730243824.358781
3069.542714302864,618.1151411670616,1730243824.3624964
3034.048144107836,603.4747485488354,1730243824.3664956
3036.7303534424727,534.1843407373835,1730243824.3705738
3112.882746801704,513.3972183939479,1730243824.375539
3135.1897877681004,564.4038992409586,1730243824.3796551
3050.3872693046656,638.7010978103993,1730243824.3875513
2940.1037621621804,553.3397857355817,1730243824.3875992
3048.643833237152,547.7071461328443,1730243824.390618
3078.215191151523,635.9741849868518,1730243824.3952703
3044.2181878350007,612.7507224977878,1730243824.3986251
3085.8594877552378,555.5973119255676,1730243824.4036906
3108.255935699455,542.9909280527745,1730243824.4077551
3094.2860954148887,595.2046031003717,1730243824.410754
3059.618539764708,656.806010819198,1730243824.4146605
3032.9305568850705,620.9314609684302,1730243824.4186668
3013.037504319848,568.4272132429139,1730243824.4227922
3031.5223969843864,572.1599545669502,1730243824.426805
3103.6067728527514,607.4757108063353,1730243824.4307933
3091.223906424512,575.6244749575228,1730243824.4356968
3063.395984577654,549.7188031338219,1730243824.4386857
3049.314385570811,564.4709544743246,1730243824.4416816
3054.947025173548,594.8246234446316,1730243824.4467802
3041.155998844624,600.8372427031092,1730243824.4506323
3035.858635408716,558.7712596382213,1730243824.454692
3075.8235544948047,538.4758756728024,1730243824.4586315
3141.0235930709355,603.0277136597292,1730243824.4636593
3040.820722677794,543.102686775051,1730243824.4666631
3003.1580332706017,553.6303584135006,1730243824.4696388
3060.311443842822,592.2541728322713,1730243824.4746475
3061.540789787864,615.6340975325224,1730243824.478689
3074.1695254051124,608.8168154736537,1730243824.482677
3078.304598129344,592.8800216770198,1730243824.4866867
3056.6234060076963,569.3883382544922,1730243824.491675
3050.499028026942,601.552498525679,1730243824.4948232
3055.5728740182967,622.876062736042,1730243824.4977078
3061.2278653654894,566.2590940307491,1730243824.5028255
3071.219095137012,541.3145472186264,1730243824.5070157
3080.94210397507,575.5797714686122,1730243824.5109284
3047.973280903492,652.3803654170472,1730243824.5149534
3000.185251258046,614.9635451988632,1730243824.5178988
3038.2279203209782,538.364116950526,1730243824.5218744
3093.235563425489,558.1007073045621,1730243824.5258424
3036.88681565366,567.4660882313357,1730243824.5312884
3005.415559460588,554.8373526140872,1730243824.5350564
3088.3852348786872,576.7197104358328,1730243824.538967
3172.2936835639102,568.0919370760843,1730243824.5429208
3084.808955765838,586.3086088071595,1730243824.5463428
3013.3951322311323,613.5106818092682,1730243824.5498188
3021.575870701775,561.7216899063218,1730243824.5543363
2996.87719307866,608.9956294292962,1730243824.5579264
3044.3299465572773,628.0393157052179,1730243824.5629516
3103.6067728527514,587.9179344079416,1730243824.5668783
3071.7108335150283,539.5040559177465,1730243824.571455
3042.3629930452103,550.8810938454978,1730243824.574256
3030.762437672906,612.9071847089749,1730243824.5780876
3059.864408953716,659.3317579426478,1730243824.5822723
3054.3658798177103,586.487422762802,1730243824.5860984
3076.5835138062853,529.3116604461266,1730243824.591142
3109.4852816444973,574.4174807569362,1730243824.5951324
3036.5515394868303,639.8186850331647,1730243824.5991063
3017.418446233088,563.5545329516569,1730243824.6022525
3048.375612303688,523.1649307209171,1730243824.606452
3090.441595368576,542.4544861858471,1730243824.6101158
3113.2850782018995,596.16572811195,1730243824.6143572
3057.070440896802,624.3736296145474,1730243824.61914
3073.9013044716485,576.4738412468245,1730243824.6231651
3046.3863070471657,583.3358267946037,1730243824.626099
2995.603143644708,643.8196472906646,1730243824.6306908
3038.719658698996,591.8294896876204,1730243824.6341443
3087.08883370028,522.2708609427049,1730243824.638749
3067.106374157235,571.1541260664613,1730243824.6420689
3080.1597929191344,634.2307489193379,1730243824.646506
3073.051938182347,618.4504173338911,1730243824.651029
3066.458173568032,561.811096884143,1730243824.6556132
3061.7419554879616,556.6254921705117,1730243824.6580057
3086.8653162557266,603.6759142489332,1730243824.6633048
3046.721583213995,622.2502138912934,1730243824.6671135
3020.212414290001,578.4407947588915,1730243824.670329
3039.74783894394,554.3903177249811,1730243824.6742873
3107.13834847669,562.7945736401765,1730243824.6785226
3133.2898894893992,572.9646173673412,1730243824.682206
3116.6378398701954,579.647788959478,1730243824.6865084
3026.783827159861,573.3669487675368,1730243824.6911104
3009.3941699736324,625.9829552153296,1730243824.6953385
3075.2871126278774,622.1384551690168,1730243824.6981616
3047.950929159037,564.4486027298692,1730243824.7028244
3073.9013044716485,538.1405995059729,1730243824.7066188
3063.731260744484,582.4417570163914,1730243824.7103612
3046.8109901918165,636.9800134873407,1730243824.7142448
3018.401922989121,602.2230508593382,1730243824.7192662
3020.12300731218,533.558491892635,1730243824.7226665
3074.884781227682,555.619663670023,1730243824.7251215
3096.6106768382406,601.9548299258745,1730243824.7304296
3076.337644617277,603.4747485488354,1730243824.7341664
3062.1666386326124,531.7927040806657,1730243824.7393646
3065.161772389624,578.843126159087,1730243824.7446892
3109.6417438556846,626.0947139376061,1730243824.7476182
3042.832379678772,647.0606502366842,1730243824.7502177
3008.857728106705,579.3348645371037,1730243824.7546914
3067.262836368422,536.9559570498416,1730243824.7582216
3070.660301525629,560.8052683836542,1730243824.7624977
3061.4960862989533,608.6827050069219,1730243824.766229
3077.365824862221,593.6399809885003,1730243824.7708373
3078.8633917407265,562.8839806179977,1730243824.7745385
3061.920769443604,622.809007502676,1730243824.7785656
3085.121880188213,633.8284175191424,1730243824.7814436
3081.053862697346,561.6769864174112,1730243824.7867527
3077.634045795685,523.3660964210148,1730243824.7905543
3034.4281237635764,609.6214782740449,1730243824.7947006
3028.728428927473,643.2608536792819,1730243824.7985744
3011.852861863716,564.359195752048,1730243824.8014178
3024.7274666699727,529.6245848685008,1730243824.8056824
3090.531002346397,588.7225972083327,1730243824.809369
3087.379406378199,628.5534058276899,1730243824.814422
3070.570894547808,645.2054554468937,1730243824.8185823
3095.917772760126,578.7313674368105,1730243824.8227563
3076.851734739749,533.491436659269,1730243824.8263524
3020.078303823269,564.6274166855117,1730243824.8293283
3037.847940665238,639.7739815442541,1730243824.8333528
3004.5438414268306,532.4185529254142,1730243824.837868
3071.3308538592883,505.4623491123139,1730243824.8422976
3096.7447873049723,618.3163068671593,1730243824.846341
3093.503784358953,620.7973505016984,1730243824.8504083
3083.691368543073,586.9791611408187,1730243824.8547733
3052.063650138813,559.4865154607911,1730243824.8575673
3054.052955395336,599.8314142026203,1730243824.8615592
3053.874141439693,621.8925859800084,1730243824.8658257
3014.132739798157,576.6973586913775,1730243824.8694289
3037.0656296093025,586.1297948515171,1730243824.8744037
3074.9071329721373,586.8226989296317,1730243824.8787243
3099.1587757061457,597.0821496346175,1730243824.8825293
3048.3532605592327,566.7955358976765,1730243824.8856645
3063.8430194667603,526.2718232002048,1730243824.8895617
3071.107336414735,584.520469250735,1730243824.893656
3064.1559438891345,626.5641005711676,1730243824.8977468
3016.2338037769564,556.5584369371459,1730243824.9029725
3031.432990006565,561.7663933952324,1730243824.9064784
3081.724415031006,587.7391204522992,1730243824.911068
3111.0052002674583,600.5019665362795,1730243824.9138336
3045.425182035587,589.8178326866428,1730243824.9174812
3045.224016335489,555.5079049477464,1730243824.9216473
3092.6991215585617,560.7829166391989,1730243824.9255302
3098.8011477948608,592.8800216770198,1730243824.9309957
3032.8635016517046,576.5408964801903,1730243824.934507
3034.897510397137,602.6924374928997,1730243824.9378195
3082.9314092315926,595.1151961225505,1730243824.941537
3125.802055096872,608.7274084958325,1730243824.945937
3061.2502171099445,612.1695771419498,1730243824.9495828
3004.9685245714813,563.1745532959168,1730243824.953724
3020.525338712376,542.2086169968387,1730243824.9584825
3054.6564524956293,578.1502220809725,1730243824.9629388
3076.695272528562,623.5689668141564,1730243824.9656029
3047.213321592012,568.3378062650927,1730243824.9696608
3049.1579233596235,568.7848411541988,1730243824.973671
3057.562179274819,579.3348645371037,1730243824.9777093
3060.2667403539112,607.162786383961,1730243824.9815545
3038.2949755543445,546.4330966988917,1730243824.986215
3061.026699665392,555.619663670023,1730243824.990997
3084.764252276928,590.2648675757489,1730243824.9938424
3074.348339360755,628.7545715277877,1730243824.9978
3048.107391370224,590.1084053645618,1730243825.001634
3076.337644617277,519.298078930149,1730243825.0057125
3133.66986914514,555.5973119255676,1730243825.009682
3116.2578602144554,587.06856811864,1730243825.01374
3033.6458127076403,625.7594377707766,1730243825.0187068
2990.2387249754343,592.4776902768243,1730243825.0217254
3043.055897123325,565.3426725080816,1730243825.0255642
3073.4542695825426,613.5106818092682,1730243825.0297236
3062.568970032808,579.3795680260143,1730243825.033552
3057.2939583413554,566.0802800751067,1730243825.0377986
3054.879969940182,553.58565492459,1730243825.041671
3077.008196950936,589.4155012864472,1730243825.0459206
3052.823609450294,620.5738330571453,1730243825.048725
2997.0783587787582,575.5797714686122,1730243825.053919
3036.909167398115,527.4788174007914,1730243825.0576625
3082.171449920112,573.3893005119921,1730243825.062048
3045.067554124302,636.6223855760558,1730243825.0658069
3053.561217017319,589.2143355863495,1730243825.0696983
3052.778905961384,546.4107449544365,1730243825.0740037
3057.3163100858105,581.9500186383747,1730243825.0769632
3085.166583677123,607.6098212730672,1730243825.0809443
3113.799168324372,549.6964513893666,1730243825.0858204
3063.820667722305,491.7160262723001,1730243825.089976
3020.4135799900987,536.3971634384588,1730243825.093819
3078.70692952954,573.3222452786262,1730243825.0978775
3111.9663252790365,616.0811324216286,1730243825.102399
3055.3493565737435,549.0706025446179,1730243825.1051123
3023.654582936118,539.2358349842829,1730243825.1087809
3050.9013594271373,647.9994235038071,1730243825.1138935
3041.7147924560063,607.0957311505952,1730243825.1179152
3020.726504412473,545.6954891318667,1730243825.1240532
3047.5038942699307,560.0900125610843,1730243825.1273575
3025.9568126150148,576.0268063577183,1730243825.12974
3040.8654261667048,591.9188966654416,1730243825.1327362
3066.5475805458523,568.9636551098413,1730243825.136933
3084.0266447099025,538.520579161713,1730243825.1417496
3149.159628052668,595.6963414783885,1730243825.1459608
3064.848847967249,600.3008008361818,1730243825.1498003
2982.2591522048897,525.8024365666433,1730243825.154324
3037.914995898604,556.6254921705117,1730243825.1577775
3078.684577785084,597.3727223125366,1730243825.1612585
3086.977074978003,631.5261878402457,1730243825.1653664
3060.110278142724,608.7050567513772,1730243825.1698475
3016.9937630884365,562.2134282843385,1730243825.1740792
3075.1977056500564,565.4544312303581,1730243825.1779065
3074.728319016495,572.4952307337797,1730243825.181383
3078.818688251816,570.5953324550787,1730243825.184976
3019.430103234065,572.651692944967,1730243825.1890345
3032.975260373981,612.2813358642263,1730243825.1928377
3046.900397169637,613.8459579760979,1730243825.197307
3022.1346643131574,549.4729339448136,1730243825.202563
3042.1618273451127,526.4729889003025,1730243825.2064457
3100.6116390957404,587.649713474478,1730243825.208853
3128.8642440872486,596.5904112566008,1730243825.2130785
3057.070440896802,575.4456610018804,1730243825.2168326
3013.685704909052,556.357271237048,1730243825.2213376
3047.392135547654,570.3718150105257,1730243825.2248907
3083.289037142877,596.6351147455114,1730243825.2302608
3077.142307417668,623.7701325142542,1730243825.2339551
3071.08498467028,555.2173322698275,1730243825.2370267
3122.270479472933,492.654799539423,1730243825.2409437
3042.2512343229337,592.7906146991986,1730243825.2451558
3060.1996851205454,687.0479210672285,1730243825.248952
3033.1987778185344,622.809007502676,1730243825.2531507
3056.444592052054,560.5370474501905,1730243825.257979
3097.750615805461,575.8703441465311,1730243825.262535
3061.719603743506,595.9422106673969,1730243825.2650263
3021.084132323758,579.3348645371037,1730243825.269112
3027.275565537878,555.8208293701207,1730243825.2735338
3071.174391648101,592.2318210878159,1730243825.2776604
3048.017984392403,584.2969518061819,1730243825.2811751
3045.93927215806,533.4243814259031,1730243825.2861814
3079.824516752305,555.3514427365593,1730243825.289165
3082.3502638757545,544.7567158647437,1730243825.293244
3099.4493483840643,638.5669873436675,1730243825.2971203
3056.0199089074026,610.6049550300784,1730243825.3010268
2997.9947803014256,514.6042125945345,1730243825.3054929
3056.9363304300705,581.1230040935283,1730243825.309008
3090.083967457291,637.7176210543658,1730243825.3145947
3124.4833021740083,596.2998385786818,1730243825.3170362
3124.8632818297488,552.6692334019224,1730243825.3203132
3053.3824030616765,529.1328464904841,1730243825.3250558
3012.970449086481,593.7070362218662,1730243825.3292272
3073.4542695825426,644.2443304353154,1730243825.3330393
3071.84494398176,570.6400359439893,1730243825.337015
3009.9976670739256,574.9986261127742,1730243825.3420506
3041.915958156104,604.5699840271454,1730243825.345245
3082.1267464312014,576.1385650799948,1730243825.34824
3124.8632818297488,546.231930998794,1730243825.353192
3027.9237661270818,563.1745532959168,1730243825.357057
3014.5127194538977,594.2881815777042,1730243825.3612614
3093.8390605257823,565.5661899526347,1730243825.3651984
3066.860504968227,481.6353895229566,1730243825.370149
3034.942213886048,565.9014661194642,1730243825.373155
3078.304598129344,612.1248736530392,1730243825.376197
3082.6408365536736,616.2822981217263,1730243825.381276
3046.989804147459,569.0307103432071,1730243825.3850589
3028.728428927473,491.2242878942833,1730243825.391281
3071.934350959581,565.521486463724,1730243825.3957698
3081.2550283974447,687.2043832784157,1730243825.396276
3114.2238514690225,639.9080920109859,1730243825.400186
3069.0286241803915,557.1619340374391,1730243825.4053292
3053.203589106034,560.0900125610843,1730243825.409118
3032.7070394405177,604.8158532161538,1730243825.4219232
3042.69826921204,615.7011527658883,1730243825.4219313
3046.3863070471657,564.6944719188776,1730243825.4219365
3051.08017338278,565.8567626305536,1730243825.4241352
3063.373632833199,581.7265011938216,1730243825.4282796
3072.51549631542,564.0909748185843,1730243825.4323003
3032.304708040322,538.9229105619086,1730243825.4364383
3041.781847689372,536.7994948386544,1730243825.4443731
3059.596188020252,570.4165184994363,1730243825.4452791
3122.382238195209,583.9616756393523,1730243825.449301
3051.035469893869,585.7945186846875,1730243825.452258
3057.338661830266,549.294119989171,1730243825.4563262
3065.407641578632,573.9704458678301,1730243825.4603088
3064.4688683115087,621.7808272577319,1730243825.4644015
3069.430955580587,597.0597978901623,1730243825.4695618
3028.12493182718,547.6624426439337,1730243825.473396
3036.640946464652,593.2600013327601,1730243825.4773915
3129.624203398729,604.6370392605113,1730243825.4803796
3044.665222724107,602.9606584263634,1730243825.4842398
3062.36780433271,546.6342623989896,1730243825.4884045
3080.0927376857685,562.9063323624531,1730243825.4926543
3067.911036957626,593.5282222662238,1730243825.5003655
3049.1355716151684,593.8858501775087,1730243825.50137
3039.4572662660203,531.4797796582914,1730243825.5052438
3068.760403246928,544.2649774867269,1730243825.5085268
3098.0188367389246,637.6505658209999,1730243825.5124
3045.715754713506,588.5884867416008,1730243825.5189524
3001.5710594142747,572.8975621339753,1730243825.520344
3005.393207716133,531.0998000025511,1730243825.5284336
3114.0003340244693,529.5798813795902,1730243825.5293276
3144.421058228142,578.5749052256233,1730243825.5334697
3026.403847504121,605.8216817166426,1730243825.5364544
3042.5418070008527,592.9694286548411,1730243825.5402925
3057.808048463828,478.8637732104985,1730243830.5595562
3065.3852898341765,512.3243346600932,1730243830.5635183
3052.0860018832686,487.5809535480682,1730243830.5664606
3040.7313156999726,446.11846758347366,1730243830.5705135
3059.551484531341,470.16894461738406,1730243830.5745547
3070.36972884771,511.2738026706937,1730243830.57956
3045.715754713506,490.9337152163643,1730243830.5835867
3028.750780671928,446.7219646837669,1730243830.5874157
3046.7662867029057,457.49550551122496,1730243830.5916154
3066.525228801397,502.75778803322174,1730243830.5956044
3060.8478857097493,499.2038606648279,1730243830.598494
3043.9276151570816,458.7248514562668,1730243830.602687
3042.7429727009503,452.64517696442334,1730243830.607671
3055.3493565737435,492.8112617506101,1730243830.611548
3048.017984392403,501.81901476609886,1730243830.6154904
3035.0986760972355,462.54699975812434,1730243830.6186044
3038.0267546208806,447.95131062880887,1730243830.6225417
3060.1549816316347,489.6820175268671,1730243830.6267629
3059.037394408869,505.7529217902329,1730243830.6306603
3033.534053985364,462.7705172026774,1730243830.634663
3034.115199341202,441.4916564812251,1730243830.63949
3062.2560456104334,483.4905843127471,1730243830.643661
3065.586455534274,512.749017804744,1730243830.6466105
3043.882911668171,479.8248982220768,1730243830.6507084
3033.042315607347,446.7219646837669,1730243830.6547084
3053.471810039498,474.4828312972583,1730243830.6586912
3061.2055136210342,507.9210410023977,1730243830.6626909
3039.79254243285,479.7801947331661,1730243830.6676908
3029.0637050943023,445.6490809499122,1730243830.6717117
3040.798370933339,461.1164881129847,1730243830.6747072
3059.104449642235,506.1776049348837,1730243830.678698
3046.073382624791,494.55469781812405,1730243830.6827347
3024.235728291956,445.4255635053592,1730243830.6867692
3039.6360802216627,454.8132961765881,1730243830.6906445
3056.154019374135,499.427378109381,1730243830.6957653
3048.50972277042,495.6722850408895,1730243830.698608
3028.013173104903,449.2924152961273,1730243830.7027404
3039.591376732752,448.4430490068256,1730243830.7066011
3064.915903200615,494.8229187515877,1730243830.710804
3055.6846327405733,501.6178490660011,1730243830.714604
3032.4164667625987,456.9590636442976,1730243830.7188108
3037.7138301985065,443.63742394893455,1730243830.7236395
3062.70308049954,487.26802912569394,1730243830.7268083
3064.960606689526,511.0502852261407,1730243830.7297752
3039.904301155126,471.040662651141,1730243830.7348497
3035.009269119414,445.8278949055547,1730243830.738835
3054.455286795532,478.72966274376665,1730243830.742796
3066.3464148457547,515.3865236504703,1730243830.7469876
3036.953870887026,479.06493891059625,1730243830.7518723
3019.8994898676265,440.28466228063854,1730243830.7548833
3045.8275134357827,469.54309577263547,1730243830.7577906
3059.327967086788,505.1270729454843,1730243830.7628613
3044.776981446383,488.8773547264761,1730243830.7669325
3031.07536209528,447.5713309730686,1730243830.77092
3048.8002954483386,464.4916015257361,1730243830.774785
3063.999481677948,508.97157299179713,1730243830.7797852
3041.021888377892,493.7053315288224,1730243830.7829003
3022.8052166468165,446.9901856172306,1730243830.7858434
3040.396039533144,454.38861303193727,1730243830.7909057
3060.400850820643,496.27578214118273,1730243830.794928
3057.137496130168,501.8637182550095,1730243830.7988322
3037.7808854318723,462.0552613801076,1730243830.80298
3041.0665918668024,455.1262205989624,1730243830.8068783
3060.1326298871795,497.6839420418671,1730243830.8113456
3055.505818784931,509.30684915862673,1730243830.8143327
3038.1608650876124,470.0795376395628,1730243830.8191488
3037.669126709596,450.7005751968116,1730243830.8228068
3059.8420572092605,492.0513024391297,1730243830.8273494
3061.786658976872,514.5148056167133,1730243830.8309507
3041.088943611257,475.5780667755684,1730243830.834032
3032.304708040322,443.2574442931944,1730243830.8380663
3051.7954292053496,474.9969214197304,1730243830.8420064
3066.882856712682,513.039590482663,1730243830.8470116
3045.4475337800427,482.0153691786968,1730243830.851054
3033.2881847963554,443.9279966268536,1730243830.8550427
3049.2696820819,467.5314387716578,1730243830.859014
3061.1608101321235,506.57993633507925,1730243830.8620386
3048.4873710259644,489.12322391548446,1730243830.8659244
3039.1219900991905,441.2234355477614,1730243830.8700705
3077.008196950936,460.24477007922775,1730243830.8739135
3088.742862789972,507.74222704675526,1730243830.879033
3043.6817459680733,503.04836071114073,1730243830.8830228
3043.011193634414,456.0649938660853,1730243830.8889153
3074.683615527584,452.2428455642278,1730243830.8920918
3075.331816116788,495.3593606185151,1730243830.895125
3044.2181878350007,509.3739043919927,1730243830.897922
3050.633138493674,466.1232788709735,1730243830.902068
3050.9013594271373,453.8521711650099,1730243830.9069293
3063.5524467888413,494.331180373571,1730243830.9109402
3093.213211681034,494.88997398495366,1730243830.9149904
3068.7380515024724,449.7170984407781,1730243830.9179497
3049.5155512709084,455.5509037436132,1730243830.9219792
3058.791525219861,499.427378109381,1730243830.9261107
3023.5204724693863,529.4010674239478,1730243830.9299848
3070.101507914246,481.7471482452331,1730243830.9354303
3144.2422442725,434.0261738331525,1730243830.9391973
3130.562976665852,474.9969214197304,1730243830.942421
3048.2191500925005,519.3204306746043,1730243830.9460418
3037.5126644984084,473.5217062856801,1730243830.950174
3078.7516330184503,418.4023044588929,1730243830.954146
3011.0929025522355,502.5342705886687,1730243830.9581618
2991.7139401094846,549.6070444115454,1730243830.9621348
3035.880987153171,495.60522980752353,1730243830.9671004
3026.202681804023,450.1194298409736,1730243830.9701943
3049.64966173764,459.3059968121048,1730243830.9741256
3035.7915801753497,523.1872824653724,1730243830.978204
3001.4816524364537,538.5652826506237,1730243830.9821224
3049.8061239488275,492.6995030283336,1730243830.9862473
3094.7778337929053,478.8190697215879,1730243830.9900565
3081.8361737532823,498.5333083311687,1730243830.9952192
3146.209197784566,484.25054362422753,1730243830.9981256
3147.013860584958,475.041624908641,1730243831.0021377
3038.6749552100846,479.40021507742586,1730243831.0062585
3010.8023298743165,517.7111050738222,1730243831.0102525
3027.119103326691,487.6703605258895,1730243831.0141015
3064.602978778241,420.8386446045214,1730243831.0182748
3169.276198062444,390.0602924895636,1730243831.023095
3020.681800923562,540.1522565069505,1730243831.0263455
2928.279689345323,599.6302485025226,1730243831.0293636
2961.2485124169007,518.0687329851071,1730243831.0343523
2983.7790708278503,393.12248147994063,1730243831.038309
3070.4144323366204,430.1146185534738,1730243831.0423992
3080.3833103636875,539.5487594066572,1730243831.0462923
3017.753722399917,551.4175357124252,1730243831.0502484
3019.295992767333,493.7053315288224,1730243831.0553763
3076.7399760174726,473.56640977459074,1730243831.0584488
3099.717569317528,495.135843173962,1730243831.0634468
3085.166583677123,526.9200237894087,1730243831.067351
3048.50972277042,440.463476236281,1730243831.072461
3021.017077090392,418.84933934799903,1730243831.075389
3047.347432058744,504.5682793341017,1730243831.078412
3081.1209179307125,614.7400277543102,1730243831.0823183
3007.5836786727523,524.9083667884311,1730243831.085426
3118.984773038003,469.45368879481424,1730243831.0903213
3190.1527273837005,509.5527183476351,1730243831.0944717
3038.652603465629,564.4933062187798,1730243831.09827
2964.4895153629204,526.4953406447579,1730243831.102439
3104.187918208589,394.2624204471613,1730243831.1054356
3077.097603928757,478.752014488222,1730243831.10937
3022.2240712909784,572.5622859671457,1730243831.1155677
3017.6419636776404,502.71308454431113,1730243831.1188753
3018.69249566704,356.1303444064074,1730243831.122397
3123.0527905288686,416.3235922245494,1730243831.1264648
3031.142417328646,564.2921405186821,1730243831.1305037
3036.50683599792,563.9121608629418,1730243831.13363
3058.433897308576,546.1648757654281,1730243831.1404088
3038.004402876425,613.3542195980812,1730243831.1434636
3090.531002346397,558.0336520711961,1730243831.1474557
3115.006162524958,483.2447151237387,1730243831.1515524
3116.816653825838,418.9610980702756,1730243831.155536
3078.192839407068,439.3235372690603,1730243831.1595747
3076.9634934620253,560.0900125610843,1730243831.163556
3045.6039959912296,556.2231607703162,1730243831.1665435
3072.2249236375005,451.6393484639345,1730243831.169542
3089.301656401355,464.8715811814763,1730243831.173551
3016.8596526217048,541.3145472186264,1730243831.178568
3064.55827528933,540.0628495291293,1730243831.1825738
3092.430900625098,460.4906392682361,1730243831.185573
3079.869220241216,443.5033134822027,1730243831.189402
3064.647682267151,551.4398874568806,1730243831.1935987
3035.992745875448,526.070657500107,1730243831.1974795
3004.767358871384,426.8959673519096,1730243831.20153
3034.0928475967467,452.37695603095966,1730243831.2055037
3128.774837109427,569.164820809939,1730243831.210666
3144.711630906061,590.0413501311958,1730243831.213658
3078.7516330184503,519.3204306746043,1730243831.217451
3002.331018725756,497.8180525085989,1730243831.2224822
3073.1636969046235,466.8385346935433,1730243831.226642
2997.570097156775,575.7585854242546,1730243831.2297077
3039.8372459217603,564.1803817964055,1730243831.233588
3026.7391236709504,415.8542055909879,1730243831.2386744
3037.467961009498,359.1701816523292,1730243831.2416642
3147.5055989629745,512.5478521046463,1730243831.2456703
3041.3795162891765,562.4145939844364,1730243831.249519
2991.378663942655,501.14846243243966,1730243831.253698
3054.70115598454,558.1454107934727,1730243831.2577145
3083.221981909512,567.6225504425229,1730243831.261709
3046.632176236174,512.7266660602887,1730243831.2666104
2990.1269662531577,481.590686034046,1730243831.2697344
3025.7332951704616,569.8130213991429,1730243831.2736895
3100.9916187514805,570.0812423326066,1730243831.2777393
3044.17348434609,586.6885884628998,1730243831.2815971
3037.1550365871235,501.7966630216436,1730243831.2857451
3084.4513278545533,468.269046338683,1730243831.2895913
3030.918899884093,540.9345675628862,1730243831.2937553
3052.376574561188,528.4622941568249,1730243831.2986016
3081.523249330908,552.1774950239056,1730243831.3027053
3109.3958746666763,528.5964046235567,1730243831.306631
3097.370636149721,570.2377045437938,1730243831.3107378
3052.689498983562,542.0968582745622,1730243831.3136349
2979.1075562366914,451.460534508292,1730243831.3178613
3041.826551178283,455.0368136211412,1730243831.321823
3017.5078532109087,547.3718699660146,1730243831.3248222
3098.085891972291,589.3707977975366,1730243831.3298783
3084.406624365643,546.1201722765175,1730243831.3341656
2982.460317904988,549.1376577779839,1730243831.3382604
3108.367694421732,541.8956925744644,1730243831.3419795
3079.221019652012,553.5633031801348,1730243831.3459225
3010.6458676631296,568.2036957983609,1730243831.3498724
3015.3844374876544,546.522503676713,1730243831.3528347
3083.289037142877,535.0784105155958,1730243831.3577702
3121.5105201614524,549.6964513893666,1730243831.3617823
3008.4106932175987,558.8159631271319,1730243831.3657472
2979.241666703423,553.2727305022157,1730243831.3698552
3040.17252208859,520.5944801085568,1730243831.3737652
3062.591321777263,532.4409046698695,1730243831.3767755
3060.4902577984644,563.4651259738357,1730243831.3807971
3036.1268563421795,514.7830265501769,1730243831.384768
3019.9665451009923,477.72383424327785,1730243831.3897853
3081.500897586453,510.08916021456247,1730243831.3937929
3106.847775798771,506.95991599081947,1730243831.397791
3012.076379308269,543.0356315416851,1730243831.4019403
3015.607954932208,587.2697338187378,1730243831.405805
3027.8343591492608,620.6632400349665,1730243831.4089203
3004.432082704554,583.8499169170758,1730243831.4128532
3061.4737345544977,497.61688680850114,1730243831.4178357
3060.5573130318303,480.9648371892974,1730243831.4219484
3024.3921905031434,582.553515738668,1730243831.4258397
3021.151187557124,594.8693269335422,1730243831.4288328
3033.511702240909,482.7753284901772,1730243831.4328265
3081.7020632865506,453.4274880203591,1730243831.436966
3184.765956969972,552.0657363016292,1730243831.440908
3285.035882596479,579.0442918591848,1730243831.444841
3035.0986760972355,521.3767911644925,1730243831.4498973
2842.6948598259523,511.9890584932636,1730243831.4540472
2948.686832033018,556.5137334482353,1730243831.456962
3058.9256356865926,579.2007540703719,1730243831.4609487
3109.217060711034,594.6458094889891,1730243831.4649005
3069.3191968583105,521.0862184865736,1730243831.469001
2990.6187046311743,534.9890035377746,1730243831.4728863
2991.3563121982,596.2327833453159,1730243831.4780817
3017.7760741443726,541.6498233854561,1730243831.4820623
2993.815004088284,422.0009353161973,1730243831.484929
3084.808955765838,464.3798428034596,1730243831.488952
3071.6661300261176,589.1472803529836,1730243831.4930296
3037.5797197317747,613.9577166983744,1730243831.4970536
3011.852861863716,516.8617387845205,1730243831.5009584
3038.831417421272,466.23503759325,1730243831.5059743
3070.7050050145394,543.3709077085147,1730243831.510017
3108.61356361074,537.6265093835008,1730243831.5130565
3041.155998844624,520.7956458086545,1730243831.517066
3037.669126709596,568.9189516209307,1730243831.5210197
3061.1384583876684,559.1065358050508,1730243831.5249815
3033.802274918828,588.3649692970478,1730243831.529138
3024.436893992054,536.6430326274673,1730243831.5341809
3044.374650046188,488.0950436705404,1730243831.537067
3034.3834202746657,584.2522483172713,1730243831.5400307
3051.013118149414,623.9712982143519,1730243831.5450778
3131.9040813331703,537.1794744943946,1730243831.5492108
3121.823444583827,474.23696210824994,1730243831.5530536
2983.197925472012,546.6342623989896,1730243831.5570352
2993.658541877096,588.8567076750645,1730243831.5610592
3022.179367802068,560.3358817500928,1730243831.5650923
2996.3183994672777,524.9083667884311,1730243831.5680647
3053.5165135284083,514.6265643389899,1730243831.5730584
3056.0199089074026,597.2162601013495,1730243831.577092
3036.5515394868303,557.0725270596179,1730243831.5811136
3103.204441452556,419.6987056373007,1730243831.5851288
3058.36684207521,476.2933225981382,1730243831.5890808
2980.403957415099,613.9577166983744,1730243831.5931451
3006.5554984278083,665.1432115010276,1730243831.596154
3087.3123511448325,551.1716665234169,1730243831.6011496
3070.7050050145394,508.0104479802189,1730243831.6051643
3006.5554984278083,532.5526633921461,1730243831.6093817
3059.1938566200565,581.681797704911,1730243831.6133652
3020.7041526680177,569.9247801214195,1730243831.6173956
3018.245460777934,507.6975235578447,1730243831.621389
3051.862484438716,529.7586953352327,1730243831.6243513
3036.328022042277,577.6137802140452,1730243831.6283815
3058.255083352933,605.0840741496175,1730243831.633382
3039.7031354550286,554.971463080819,1730243831.6373832
3015.3844374876544,505.9093840014201,1730243831.6413836
3039.7701906883945,490.6431425384453,1730243831.644393
3050.3872693046656,491.9842472057638,1730243831.6482427
3058.255083352933,520.8403492975651,1730243831.6523657
3070.3250253587994,523.3660964210148,1730243831.656238
3110.9381450340925,571.1094225775507,1730243831.661372
3022.089960824246,592.8353181881092,1730243831.6652544
2959.9968147274035,550.7022798898554,1730243831.669247
3007.0695885502805,496.9016309859313,1730243831.6722553
3069.498010813953,549.9199688339197,1730243831.67633
3050.0296413933806,610.1802718854275,1730243831.6805158
3023.3863620026546,552.2892537461822,1730243831.6843495
3023.9675073584926,497.2369071527609,1730243831.6892774
3101.595115851774,575.2444953017825,1730243831.6934743
3145.00220358398,558.1007073045621,1730243831.6973467
2973.8325445452388,511.2514509262384,1730243831.7005782
2969.3845473986325,498.3097908866157,1730243831.704543
2994.172631999568,434.9649471002754,1730243831.7085202
3009.1706525290792,583.7605099392546,1730243831.712509
3006.130815283157,592.4329867879137,1730243831.717476
3087.066481955824,500.0755786985849,1730243831.721517
3115.9896392809915,530.7645238357215,1730243831.725446
3112.6815811016063,621.2890888797151,1730243831.7285316
3075.3541678612432,585.2133733288496,1730243831.7325003
3044.2181878350007,544.0638117866292,1730243831.736542
2989.5234691528644,524.036648754674,1730243831.7404642
2994.5526116553083,585.4815942623133,1730243831.7455018
3051.4378012940647,541.716878618822,1730243831.7495885
3058.36684207521,439.9046826248983,1730243831.753564
3083.7360720319834,448.1971798178173,1730243831.757476
2919.607212496664,589.0131698862517,1730243831.7606633
2999.537050668842,609.487367807313,1730243831.7644513
3024.50394922542,534.8325413265874,1730243831.768585
3022.626402691174,557.1842857818945,1730243831.772467
2999.626457646664,567.3096260201486,1730243831.7776256
3033.1317225851685,531.9938697807634,1730243831.7805977
3069.6321212806847,536.6430326274673,1730243831.784623
3097.2588774274445,477.8355929655544,1730243831.788607
3064.446516567053,497.1922036638503,1730243831.7926712
3094.911944259637,613.6224405315448,1730243831.796654
2989.501117408409,564.1803817964055,1730243831.8006952
2953.5148088353644,479.914305199898,1730243831.805549
2995.7149023669845,538.9005588174533,1730243831.808641
3106.6689618431287,539.4146489399253,1730243831.8126314
3026.493254481942,479.2884563551493,1730243831.816663
2989.948152297515,484.4070058354147,1730243831.820578
3025.7332951704616,552.3339572350928,1730243831.8246891
3069.3862520916764,581.7712046827322,1730243831.828672
3030.5389202283527,586.9791611408187,1730243831.8336828
3102.37742690771,548.780029866699,1730243831.836684
3040.597205233241,510.8044160371323,1730243831.840696
3025.174501559079,501.50609034372457,1730243831.8447847
2984.159050483591,598.4456060463913,1730243831.848698
2935.923985949038,514.4477503833474,1730243831.8546994
3015.0044578319144,466.1009271265182,1730243831.857674
3157.273311289944,470.0571858951075,1730243831.8618622
3089.7710430349166,390.6190861009462,1730243831.864634
2967.73051830894,524.7742563216992,1730243831.8678572
2921.2388898419013,588.3873210415031,1730243831.8726172
2937.488608060909,513.7995497941434,1730243831.8768797
3032.5505772293304,587.8285274301204,1730243831.8808212
3084.56308657683,541.1133815185286,1730243831.8848765
3024.1910248030454,523.4555033988361,1730243831.8878894
2957.471067603954,418.4470079478035,1730243831.8919327
2989.8810970641493,417.3741242139488,1730243831.8962536
3115.85552881426,621.8925859800084,1730243831.9008026
2977.9005620361045,616.1481876549944,1730243831.9052773
2981.186268471035,606.6710480059443,1730243831.9088633
3055.885798440671,565.2085620413496,1730243831.9127493
2970.3903758991214,535.1901692378723,1730243831.915836
2998.6206291461745,444.2409210492279,1730243831.9197867
3055.505818784931,526.1824162223836,1730243831.9237416
3033.1987778185344,607.162786383961,1730243831.9287703
3002.2639634923894,604.4582253048688,1730243831.9328933
2956.465239103465,523.0755237430959,1730243831.9371395
2980.046329503814,452.8686944089764,1730243831.9407797
3004.4767861934647,578.0831668476065,1730243831.9439833
3099.270534428422,562.3475387510704,1730243831.9477746
3039.345507543744,541.8509890855538,1730243831.9523084
2976.2241812019565,522.1591022204283,1730243831.955801
3007.0025333169147,560.134716049995,1730243831.9609
3066.3911183346654,548.6235676555118,1730243831.9648051
3027.78965566035,574.8645156460424,1730243831.9689507
2974.2348759454344,530.7868755801768,1730243831.971969
3048.397964048143,516.8393870400652,1730243831.9759336
2976.402995157599,530.4292476688919,1730243831.979879
2949.223273899945,565.5885416970899,1730243831.984052
3007.628382161663,541.3816024519924,1730243831.9890816
3084.518383087919,495.3593606185151,1730243831.9928834
3001.079321036258,585.3698355400367,1730243831.9968448
2982.862649305183,575.2891987906931,1730243832.000133
3016.792597388339,511.072636970596,1730243832.004202
3037.4232575205874,520.9297562753864,1730243832.0099936
3101.2151361960337,491.850136739032,1730243832.0134587
3035.433952264065,512.8831282714758,1730243832.0175653
2958.990986226915,592.7012077213774,1730243832.021074
2981.566248126775,566.1696870529279,1730243832.023986
3010.958792085504,611.8343009751202,1730243832.0282364
3021.59822244623,549.428230455903,1730243832.0319695
3014.6021264317187,502.9366019888642,1730243832.0361369
3010.869385107683,509.1950904363502,1730243832.0399714
3006.443739705532,572.2717132892267,1730243832.0464852
3041.737144200461,577.9937598697853,1730243832.049076
3034.7633999304057,488.9667617042973,1730243832.0532782
3047.5262460143863,513.330163160582,1730243832.0558925
3066.6816910125845,597.0374461457069,1730243832.059944
2989.7469865974176,615.8352632326202,1730243832.0640256
3006.5107949388976,557.9665968378303,1730243832.0681314
3019.6759724230737,501.2602211547162,1730243832.0721395
3034.7410481859506,534.29609945966,1730243832.0773516
2995.1114052666912,516.9064422734311,1730243832.0809865
2941.1319424071244,518.9180992744087,1730243832.0845516
2952.508980334876,553.4068409689476,1730243832.0883412
2996.6983791230177,618.1598446559722,1730243832.0926328
3064.4912200559643,585.7498151957769,1730243832.0965223
3011.6740479080736,517.6887533293669,1730243832.10007
3012.076379308269,471.4206423068812,1730243832.1060052
3033.1317225851685,543.5050181752465,1730243832.1094987
3031.3212312842884,599.2055653578717,1730243832.1132035
3004.3203239822774,587.5379547522015,1730243832.1161313
3004.2532687489115,523.0978754875512,1730243832.120046
3038.071458109792,484.6081715355125,1730243832.1241512
3091.961513991537,538.520579161713,1730243832.1285412
2978.1240794806577,641.2715484227597,1730243832.1320865
2939.053230172781,535.2348727267829,1730243832.1358032
3031.209472562012,477.5003167987248,1730243832.140139
3058.6797664975843,590.1084053645618,1730243832.1444628
2977.274713191356,595.4057688004696,1730243832.148128
2964.601274085197,495.0687879405961,1730243832.152696
2969.6527683320965,455.7297176992557,1730243832.1561697
3050.4543245380314,555.0608700586403,1730243832.1608026
3042.3182895562995,642.6350048345333,1730243832.1632826
2979.4204806590656,567.3096260201486,1730243832.1677809
3025.3309637702664,507.74222704675526,1730243832.1723208
3102.444482141076,547.975367066308,1730243832.1766036
3044.8663884242046,606.581641028123,1730243832.1801069
2904.899764645072,592.5670972546455,1730243832.184496
2956.0405559588144,521.4438463978585,1730243832.1885931
3002.107501281202,521.5332533756797,1730243832.1912525
3023.3863620026546,536.2407012272718,1730243832.1972485
2976.7829748133395,554.2785590027046,1730243832.2013388
2946.8986924765936,518.3369539185708,1730243832.204787
3006.5554984278083,543.2367972417828,1730243832.2084372
3073.118993415713,597.9315159239193,1730243832.219338
3020.570042201286,574.9986261127742,1730243832.2231762
3031.432990006565,498.1086251865179,1730243832.2264185
2990.64105637563,510.0444567256519,1730243832.2294333
3039.725487199484,561.0287858282072,1730243832.233451
3136.821465113338,532.9326430478862,1730243832.2364652
2996.206640745001,506.2223084237944,1730243832.239323
3005.415559460588,551.1046112900509,1730243832.2428887
2998.97825705746,564.9850445967966,1730243832.246558
3028.437856249554,603.3182863376483,1730243832.2493553
2948.284500632823,553.8985793469643,1730243832.252735
2974.3242829232554,548.1541810219504,1730243832.256319
2992.0939197652247,557.1842857818945,1730243832.2603729
2995.491384922432,556.1114020480397,1730243832.2642922
2972.82671604475,463.23990383623885,1730243832.2677257
3012.7022281530176,527.5905761230679,1730243832.2713068
3043.748801201439,632.3532023850921,1730243832.2758813
3033.176426074079,619.1209696675503,1730243832.2799163
2944.149427908591,539.3699454510147,1730243832.284485
2994.150280255113,507.0269712241854,1730243832.2885685
3018.9383648560483,579.4466232593803,1730243832.2934504
3080.025682452402,536.0171837827187,1730243832.2972972
3129.512444676453,450.94644438582,1730243832.300548
2974.6819108345403,593.3047048216707,1730243832.3034842
2923.027029398326,615.5670422991565,1730243832.3074367
2964.3554048961887,579.6701407039334,1730243832.311442
2952.7324977794287,518.1357882184731,1730243832.3166213
2948.3292041217333,529.3563639350372,1730243832.3209853
2972.2679224333674,485.2116686358057,1730243832.3235056
3004.700303638018,573.2104865563497,1730243832.3280394
3058.143324630657,598.4679577908466,1730243832.3313985
3011.629344419163,582.6205709720339,1730243832.335811
2994.0385215328365,527.2776517006936,1730243832.3394532
3047.9062256701263,554.1444485359727,1730243832.3437524
3001.794576858828,629.1792546724386,1730243832.349554
3011.852861863716,571.3329400221038,1730243832.3670695
2947.993927954904,514.7383230612663,1730243832.369796
3033.4446470075427,582.6652744609445,1730243832.3734732
3114.2462032134777,560.8723236170201,1730243832.376666
3011.919917097082,527.9705557788081,1730243832.379831
2945.3564221091774,533.9608232928305,1730243832.3840384
2955.906445492082,506.4011223794368,1730243832.3868978
3035.2551383084224,609.0403329182069,1730243832.3898573
3004.1638617710905,564.7838788966989,1730243832.3937416
2982.527373138353,573.9480941233747,1730243832.3968973
3051.974243160992,530.4739511578025,1730243832.3997583
3041.424219778088,540.0852012735845,1730243832.40274
2945.758753509373,565.8344108860983,1730243832.4065087
2972.4243846445543,540.6886983738779,1730243832.4097552
2953.87243674665,571.7352714222993,1730243832.4137702
2958.789820526817,562.5710561956234,1730243832.4168072
3054.0082519064254,540.8228088406097,1730243832.4197865
3013.8645188646938,550.9034455899532,1730243832.4235506
2996.251344233912,587.0238646297294,1730243832.426905
3019.02777183387,608.325077095637,1730243832.4298542
2987.981198785448,557.6089689265453,1730243832.434281
2952.1290006791355,479.6237325219789,1730243832.4367464
3024.571004458786,529.0881430015735,1730243832.4396083
3010.4894054519423,580.7877279266987,1730243832.443889
3040.530149999875,566.3261492641151,1730243832.4475543
2953.53716057982,565.3873759969922,1730243832.4516757
2965.4953438634093,557.1395822929838,1730243832.4565742
3027.3873242601544,575.5574197241568,1730243832.4596844
3057.785696719372,536.5089221607354,1730243832.4627438
3011.852861863716,536.3524599495482,1730243832.467053
3031.745914428939,488.7432442597442,1730243832.471674
2964.981253740937,576.7197104358328,1730243832.4758909
2991.982161042948,652.1791997169495,1730243832.4797876
3043.480580267976,577.0326348582071,1730243832.4837265
2993.882059321649,545.9190065764197,1730243832.4878216
2999.179422757557,532.2173872253164,1730243832.4906414
3005.2590972494004,546.7907246101767,1730243832.4958012
3000.49817568042,623.4125046029693,1730243832.4997752
2996.4525099340094,539.3922971954701,1730243832.5038548
2991.244553475923,466.8832381824539,1730243832.5077956
3042.117123856202,576.1832685689054,1730243832.510871
3027.8343591492608,623.9265947254413,1730243832.5173895
2986.3495214402105,566.6837771754,1730243832.5197582
2928.7490759788843,537.8276750835986,1730243832.5248282
2960.913236250072,587.292085563193,1730243832.5278444
3022.69345792454,593.3494083105813,1730243832.5316858
2999.604105902208,517.8675672850094,1730243832.5358791
2953.626567557641,539.2134832398276,1730243832.5387588
3008.9694868289816,562.5487044511682,1730243832.5429225
3085.2336389104894,599.7196554803438,1730243832.546932
3082.2832086423887,536.5983291385567,1730243832.5508168
2988.9423237970263,551.4845909457912,1730243832.5548823
3038.8090656768163,565.3426725080816,1730243832.5598888
2980.8733440486603,590.6224954870338,1730243832.5636632
2980.381605670644,568.069585331629,1730243832.56683
3026.403847504121,513.0172387382077,1730243832.5707126
3065.5194003009083,502.6683810554005,1730243832.5748029
3020.1006555677245,567.5331434647017,1730243832.5789037
2910.822976925728,622.7866557582207,1730243832.5839036
2953.4254018575434,526.9647272783193,1730243832.5878904
3029.667202194596,542.5438931636684,1730243832.591777
2952.1737041680462,610.0461614186956,1730243832.5947351
3011.986972330448,618.1598446559722,1730243832.598802
3016.5914316882413,541.6721751299114,1730243832.602929
3045.55929250232,525.4671603998138,1730243832.6068585
2995.73725411144,554.0103380692409,1730243832.610767
3005.057931549303,592.0753588766288,1730243832.6158547
3016.9937630884365,537.1794744943946,1730243832.6191156
2992.630361632152,551.328128734604,1730243832.6228848
3066.905208457137,554.7702973807213,1730243832.627136
3037.557367987319,555.8655328590313,1730243832.6309347
2969.5857130987306,521.4661981423138,1730243832.6353772
2979.6439981036187,526.8753203004981,1730243832.6389291
2988.852916819205,543.7732391087102,1730243832.6441598
3032.103542340224,587.5156030077461,1730243832.6471672
2996.7207308674733,613.5106818092682,1730243832.6521928
2988.003550529904,572.651692944967,1730243832.6551142
3004.789710615839,578.3960912699808,1730243832.659109
3008.388341473144,574.1939633123832,1730243832.6631207
3030.0024783614253,511.8772997709871,1730243832.6675715
3038.2949755543445,531.5915383805678,1730243832.6721067
2971.865591033172,556.424326470414,1730243832.6756642
2963.1931141845125,563.9121608629418,1730243832.6779854
3003.090978037236,566.8849428754977,1730243832.683195
3101.1257292182127,537.6265093835008,1730243832.6875324
3068.0898509132685,508.9268695028865,1730243832.6910996
2924.569299765742,509.8209392810988,1730243832.6954055
2946.6081197986746,654.1461532290165,1730243832.7001336
2975.3524631682,619.7915220012095,1730243832.7032816
3018.446626478032,560.7605648947435,1730243832.7061143
3024.7051149255176,567.197867297872,1730243832.7111852
2987.668274363074,538.6993931173555,1730243832.7150085
2992.920934310071,545.4719716873136,1730243832.7195363
2988.249419718912,565.879114375009,1730243832.7230892
3018.267812522389,568.9636551098413,1730243832.7275684
2994.6420186331297,553.8538758580537,1730243832.731094
2984.0919952502245,552.1774950239056,1730243832.734507
3018.379571244666,520.9074045309311,1730243832.7390552
3035.299841797333,547.4165734549252,1730243832.7434638
2993.21150698799,611.7672457417543,1730243832.747128
3030.069533594791,499.6955990428447,1730243832.7512193
3098.823499539316,451.6393484639345,1730243832.7552805
2984.7401958394285,612.7507224977878,1730243832.7583249
2974.212524200979,627.3911151160139,1730243832.7628336
3004.700303638018,496.0075612077191,1730243832.7675283
3064.2229991225004,448.9124356403871,1730243832.771283
2991.4904226649314,604.0782456491287,1730243832.775813
2999.224126246468,578.1055185920619,1730243832.7796
2930.6266225131303,441.7375256702335,1730243832.7823112
2970.166858454568,565.9685213528302,1730243832.7867007
3067.84398172426,596.8139287011538,1730243832.7902417
3064.066536911313,556.2902160036822,1730243832.7948575
3017.731370655462,567.7119574203441,1730243832.799203
2955.0570792027806,576.1385650799948,1730243832.8035214
3024.0345625918585,550.8810938454978,1730243832.8073432
3003.113329781691,560.1570677944503,1730243832.810496
3021.6429259351407,557.0725270596179,1730243832.814152
2989.121137752669,534.4525616708472,1730243832.8186696
2992.630361632152,526.6741546004004,1730243832.8222735
2990.5292976533533,629.2686616502598,1730243832.8274016
3002.331018725756,619.0539144341844,1730243832.8312187
2933.9346806925155,524.9307185328863,1730243832.8357625
2936.371020838144,486.6198285364901,1730243832.838432
3009.796501373828,578.9772366258188,1730243832.842444
3000.0958442802244,560.1123643055397,1730243832.846454
2976.000663757404,544.48849493128,1730243832.850554
3026.8955858821378,486.7092355143113,1730243832.8554945
3081.433842353087,608.54859454019,1730243832.8595088
3125.66794463014,584.520469250735,1730243832.8625827
3015.429140976565,512.167872448906,1730243832.8664424
2918.891956674094,552.3563089795481,1730243832.8708577
2910.7335699479067,588.4990797637796,1730243832.8743577
2924.77046546584,610.6273067745336,1730243832.8787353
2982.3932626716214,567.77901265371,1730243832.8834138
3072.269627126412,507.0269712241854,1730243832.8876915
3035.053972608325,549.4058787114476,1730243832.890345
2966.992910741915,550.3893554674811,1730243832.894909
2961.807306028284,526.8976720449534,1730243832.8983011
2988.1600127410907,546.6566141434448,1730243832.9026136
2993.435024432544,550.3446519785705,1730243832.9064524
3100.5445838623746,572.4728789893245,1730243832.9108927
3096.4542146270533,591.7624344542545,1730243832.915354
2977.8782102916493,551.1716665234169,1730243832.9184957
2952.643090801608,547.6624426439337,1730243832.9223597
2945.468180831454,535.0560587711404,1730243832.9267187
2989.9034488086045,601.619553759045,1730243832.930449
2930.6042707686747,582.5088122497574,1730243832.9345555
2994.619666888674,557.1395822929838,1730243832.938552
3032.4164667625987,579.5807337261122,1730243832.9438212
3019.698324167529,577.1890970693943,1730243832.94658
3000.341713469233,522.5614336206238,1730243832.9510183
2986.59539062922,517.9793260072859,1730243832.954937
2975.151297468102,576.3620825245479,1730243832.9590025
3011.1376060411462,582.9558471388635,1730243832.9627128
3061.2502171099445,574.3057220346597,1730243832.9670568
2991.892754065127,508.7927590361547,1730243832.9716263
2962.567265339764,518.1804917073837,1730243832.975062
3003.73917862644,517.1970149513501,1730243832.9789867
2982.236800460434,626.0276587042403,1730243832.9840448
2949.558550066776,594.6458094889891,1730243832.9869137
2998.575925657264,557.2289892708051,1730243832.9895077
3068.2910166133665,593.5729257551344,1730243832.9957483
2990.64105637563,560.1123643055397,1730243832.9985251
2978.571114369764,533.5137884037243,1730243833.003072
2955.6605763030743,540.5322361626907,1730243833.0065064
3033.087019096258,564.8956376189753,1730243833.0115905
2998.844146590727,577.5914284695898,1730243833.0145228
2983.756719083395,513.1513492049395,1730243833.0179255
3032.975260373981,508.4798346137804,1730243833.0225155
3022.6487544356296,648.4464583929132,1730243833.0270865
3026.9402893710485,624.0160017032625,1730243833.030517
2981.0745097487584,497.5498315751352,1730243833.0348368
2915.248622327879,535.2795762156935,1730243833.0379207
2969.9433410100155,573.3893005119921,1730243833.0416546
3021.620574190685,601.3513328255813,1730243833.0461493
2959.9968147274035,576.6526552024669,1730243833.0510163
2966.63528283063,473.3205405855824,1730243833.0551186
2988.6741028635624,571.9811406113078,1730243833.059085
3033.109370840713,590.8460129315869,1730243833.0629442
2985.164878984079,541.0239745407074,1730243833.0657966
2960.8014775277948,506.4011223794368,1730243833.0698712
2979.8451638037163,530.5633581356237,1730243833.0736585
3031.2318243064674,644.289033924226,1730243833.078906
3023.654582936118,555.8208293701207,1730243833.082677
3078.8633917407265,503.6965613003447,1730243833.086903
2960.667367061063,585.8392221735982,1730243833.0906403
2943.3000616192894,613.1307021535281,1730243833.0939183
2979.576942870253,588.4767280193244,1730243833.0981228
2975.2630561903784,546.8801315879979,1730243833.1018467
2982.6838353495405,497.1922036638503,1730243833.1056173
2981.58859987123,517.4875876292691,1730243833.1106684
2979.4651841479763,489.3467413600375,1730243833.1146371
2971.239742188423,593.2823530772154,1730243833.118934
3001.168728014079,499.785006020666,1730243833.1219237
3035.970394130992,535.6148523825232,1730243833.1258469
3038.6749552100846,621.8031790021872,1730243833.131712
2977.051195746803,566.8178876421318,1730243833.1349373
2997.950076812515,540.0852012735845,1730243833.138666
3028.1919870605457,564.6721201744223,1730243833.1438668
2991.1551464981017,590.2201640868383,1730243833.1477406
2928.927889934527,587.6273617300227,1730243833.150873
3005.661428649596,533.3796779369924,1730243833.1539664
3057.7409932304613,531.0550965136405,1730243833.157862
3006.68960889454,581.0559488601624,1730243833.161863
2941.511922062865,559.3971084829699,1730243833.1668866
2942.808323241273,494.8676222404984,1730243833.1709397
3022.7828649023613,553.3844892244923,1730243833.1738307
3004.8120623602945,600.3455043250924,1730243833.1778564
3024.235728291956,592.3882832990031,1730243833.1817224
3068.0674991688134,527.5905761230679,1730243833.1859558
2997.234820989945,542.5438931636684,1730243833.1897247
2962.1425821951134,557.4301549709029,1730243833.1949112
2920.0989508746807,546.0307652986962,1730243833.1988263
2960.3544426386884,573.3222452786262,1730243833.202052
2984.159050483591,515.2077096948278,1730243833.205848
2998.3971117016213,513.6654393274116,1730243833.210102
3028.236690549456,626.8323215046313,1730243833.213775
3003.02392280387,546.7683728657214,1730243833.2180672
2985.567210384275,530.138674990973,1730243833.2219152
3028.16963531609,577.7031871918664,1730243833.226972
3039.233748821467,594.198774599883,1730243833.2299263
2997.056007034302,581.4359285159027,1730243833.2339325
2974.078413734247,555.843181114576,1730243833.2379656
3035.0986760972355,542.6109483970342,1730243833.2419744
3011.40582697461,558.3018730046598,1730243833.2459571
2934.851102215184,565.7673556527324,1730243833.2519536
2909.86185191415,459.0824793675517,1730243833.2549913
2964.377756640644,449.22536006276135,1730243833.2589867
3026.873234137682,589.1696320974389,1730243833.2619612
3001.5263559253644,607.5874695286119,1730243833.2659953
2912.253488570868,515.9900207507635,1730243833.269883
2885.677264413508,543.6167768975231,1730243833.2739196
2930.984250424415,586.9344576519081,1730243833.2779553
2981.879172549149,556.1561055369503,1730243833.283042
3032.5729289737856,573.6128179565452,1730243833.2860205
3013.0598560643025,549.8529136005537,1730243833.2899237
3000.699341380518,550.3670037230258,1730243833.294049
2906.5314419903093,555.6420154144782,1730243833.2979212
2951.1678756675574,481.7918517341437,1730243833.3020568
2986.461280162487,455.05916536559647,1730243833.3059568
2966.6799863195406,552.3339572350928,1730243833.3100536
2983.01911151637,658.772964331265,1730243833.3131282
2953.4924570909093,534.7878378376768,1730243833.3171349
2848.573368617698,395.80469081457744,1730243833.3219235
2847.120505228103,376.1351556939072,1730243833.3261156
2962.522561850853,715.7252092033874,1730243833.3301044
2873.450860196455,548.4224019554141,1730243833.3341196
2840.482037124877,269.8526108089222,1730243833.3381293
3063.105411899736,588.5884867416008,1730243833.3411825
2983.153221983102,639.5057606107904,1730243833.3451817
2790.414129544989,430.8522261204989,1730243833.3500893
2918.5343287628093,558.7265561493107,1730243833.3542097
2958.454544359988,659.2647027092818,1730243833.3581357
2998.955905313004,613.6894957649107,1730243833.3621671
2984.047291761314,545.5837304095901,1730243833.366162
2922.445884042488,572.2493615447714,1730243833.369186
2935.700468504485,585.682759962411,1730243833.373077
2977.028844002348,616.8634434775643,1730243833.3782165
2939.612023784164,535.6595558714338,1730243833.382194
2956.10761119218,420.1233887819516,1730243833.386224
2995.7819576003503,573.1434313229837,1730243833.3902347
3000.3864169581434,605.3522950830812,1730243833.3942504
2935.856930715672,545.8072478541432,1730243833.3981142
2841.3984586475444,487.4691948257917,1730243833.4032538
2947.479837832432,530.1610267354282,1730243833.407257
3007.851899606216,609.6214782740449,1730243833.4111469
2911.605287981664,541.1133815185286,1730243833.4151287
2954.475933846943,454.34390954302665,1730243833.4191792
2895.4673284849323,568.9189516209307,1730243833.42213
2955.481762347432,595.4728240338354,1730243833.425275
3040.239577321956,577.8596494030535,1730243833.42929
2932.0347824138144,606.8275102171315,1730243833.4332843
2883.307979501245,531.4797796582914,1730243833.4383457
2967.886980520127,497.169851919395,1730243833.4423232
3002.4874809369426,557.7430793932772,1730243833.4453516
3023.6992864250287,566.8402393865871,1730243833.4492772
2891.891049372083,610.1132166520616,1730243833.453299
2848.416906406511,559.7323846497994,1730243833.4573228
2945.825808742739,567.197867297872,1730243833.4614816
2922.088256131203,519.5439481191573,1730243833.466672
2912.4546542709654,531.9491662918527,1730243833.4708886
2928.2349858564125,581.5700389826345,1730243833.4733193
2970.0103962433814,559.039480571685,1730243833.477705
2928.6149655121526,584.1181378505395,1730243833.4812844
2916.969706650937,550.0093758117409,1730243833.4854584
2968.602236342697,504.9035555009313,1730243833.4893105
3001.2581349919005,559.1959427828721,1730243833.494421
2959.2368554159234,634.9236529974525,1730243833.4983065
2876.982435820393,541.3145472186264,1730243833.5014238
2896.5849157076977,480.0260639221745,1730243833.5053368
2997.8383180902388,494.7335117737665,1730243833.509557
3010.7352746409506,625.8041412596872,1730243833.5134845
2939.2320441284232,583.8499169170758,1730243833.517459
2896.5849157076977,505.9093840014201,1730243833.5222747
2919.1601776075577,605.844033461098,1730243833.52567
2886.2584097693457,604.9499636828856,1730243833.5297189
2893.969761606427,519.0298579966853,1730243833.5338652
2968.11049796468,539.9957942957633,1730243833.5374968
2938.896767961594,484.7869854911549,1730243833.5414305
2941.266052873857,503.6742095558894,1730243833.5458505
2949.7820675113285,605.9334404389192,1730243833.551047
2938.2932708613007,602.1783473704276,1730243833.553506
2925.508073032865,538.4982274172578,1730243833.5584853
2937.8462359721943,516.1241312174953,1730243833.5625236
2992.8762308211603,520.7062388308333,1730243833.5665104
2957.113439692669,569.0083585987519,1730243833.5705545
2853.870732053606,603.4076933154695,1730243833.5755053
2936.7062970049737,602.8041962151761,1730243833.578518
2926.4915497888983,517.8675672850094,1730243833.5813503
2848.774534317796,426.2030632737951,1730243833.585452
2953.6489193020966,469.78896496164384,1730243833.5893316
2978.4817073919426,669.032415036251,1730243833.5935223
2922.334125320211,582.5088122497574,1730243833.5973172
2901.547002976776,479.06493891059625,1730243833.6015334
2884.917305102027,491.201936149828,1730243833.6063616
3010.1317775406574,548.4000502109587,1730243833.609586
2959.885056005128,644.6690135799663,1730243833.612589
2955.437058858521,556.8490096150648,1730243833.6179886
2900.6529331985635,506.57993633507925,1730243833.6215837
2851.546150630254,500.299096143138,1730243833.6256475
2843.3207086707007,532.5973668810567,1730243833.6296055
2935.5216545488424,620.1267981680392,1730243833.633862
2942.96478545246,506.3117154016156,1730243833.6369228
2898.1048343306584,500.9696484767972,1730243833.640479
2902.5528314772646,516.3029451731378,1730243833.6455824
2955.593521069708,543.8849978309868,1730243833.6497948
2894.997941851371,460.7141567127892,1730243833.653632
2916.522671761832,526.0259540111964,1730243833.657834
2942.2718813743454,564.2697887742268,1730243833.6605775
2943.143599408102,493.7053315288224,1730243833.6644523
2988.182364485546,557.0725270596179,1730243833.6685395
2954.6770995470406,546.0531170431516,1730243833.6726656
2897.031950596804,539.4146489399253,1730243833.677648
2855.636519865575,554.6138351695341,1730243833.68151
2856.910569299528,523.7684278212104,1730243833.6855965
2878.524706187809,499.29326764264914,1730243833.6891477
2910.465349014444,467.1514591159176,1730243833.6928043
2981.275675448856,552.0657363016292,1730243833.6966803
2894.349741262167,565.6332451860005,1730243833.7008307
2877.965912576427,533.4020296814477,1730243833.7056265
2948.038631443814,557.1172305485285,1730243833.7098708
2901.435244254499,547.8412565995761,1730243833.713545
2902.128148332614,521.8908812869646,1730243833.7178907
2941.0648871737585,564.426250985414,1730243833.721635
2976.090070735225,515.587689350568,1730243833.7267327
2997.4136349455875,421.5762521715465,1730243833.7297091
2891.5334214607983,543.1250385195063,1730243833.7348204
2891.1981452939685,608.8168154736537,1730243833.7384613
2934.985212681915,517.9793260072859,1730243833.74204
2919.67426773003,543.7732391087102,1730243833.7449186
2887.867735370128,572.070547589129,1730243833.7487168
2890.147613304569,427.49946445220286,1730243833.752698
2968.892809020616,511.2290991817831,1730243833.7572508
2890.728758660407,642.2103216898826,1730243833.7606723
2890.259372026845,531.2786139581935,1730243833.7658231
2906.7549594348625,508.1669101914061,1730243833.7690322
2985.276637706356,532.4409046698695,1730243833.7727191
3000.431120447054,551.328128734604,1730243833.7770538
2904.922116389527,577.3232075361261,1730243833.7807384
2883.509145201343,535.3689831935147,1730243833.784801
2954.006547213381,504.4565206118251,1730243833.7890162
2935.119323148647,499.5838403205682,1730243833.795225
2836.5481301007426,586.8226989296317,1730243833.7978656
2865.314825214723,507.4516543688362,1730243833.8022249
2859.056336767237,402.9125455513651,1730243833.8050048
2918.95901190746,537.5371024056795,1730243833.8092873
2941.0648871737585,613.7118475093661,1730243833.814826
2883.687959156985,526.6741546004004,1730243833.8188984
2901.345837276678,476.7403574872444,1730243833.8225255
2966.948207253004,579.7818994262099,1730243833.8260548
2975.486573634932,582.7770331832211,1730243833.8288496
2954.833561758228,513.8889567719647,1730243833.8334255
2962.63432057313,490.8666599829984,1730243833.8368025
2894.886183129094,524.617794110512,1730243833.8408875
2944.8423319867056,510.0668084701072,1730243833.8448005
2922.423532298033,580.5418587376903,1730243833.849877
2882.257447511846,555.843181114576,1730243833.8534796
2845.444124393955,542.0968582745622,1730243833.8558493
2938.025049927837,591.9859518988076,1730243833.8609903
2909.1242443471247,534.072582015107,1730243833.8648837
2909.995962380882,478.8190697215879,1730243833.8692706
2973.2961026783114,484.7646337466996,1730243833.87282
2929.553738779276,574.7080534348552,1730243833.8769348
2863.727851358396,578.261980803249,1730243833.8818345
2903.5810117222086,541.9850995522856,1730243833.8851435
2942.696564518996,485.4575378248141,1730243833.8888164
2920.9706689084373,544.6002536535566,1730243833.8930871
2924.7257619769293,590.1084053645618,1730243833.8968687
2940.528445306831,541.068678029618,1730243833.9009552
2886.0348923247925,486.1280901584733,1730243833.9054165
2963.8413147737165,480.3613400890041,1730243833.9078813
2907.604325724164,521.041514997663,1730243833.9121025
2834.603528333131,503.38363687797033,1730243833.9174476
2899.1106628311472,520.6391835974674,1730243833.9209256
2930.5148637908537,543.6614803864337,1730243833.9249415
3006.5107949388976,531.9938697807634,1730243833.9293916
3035.277490052878,510.8938230149535,1730243833.9318988
2881.1622120335355,503.7189130448,1730243833.936046
2868.287607227279,571.3105882776485,1730243833.939921
2948.284500632823,613.8012544871873,1730243833.9450805
2894.975590106916,581.3912250269921,1730243833.9490445
2867.4158891935217,481.9930174342415,1730243833.9531407
2902.910459388549,468.4255085498701,1730243833.9571085
2917.014410139848,538.3194134616153,1730243833.9600153
2927.050343400281,541.7839338521879,1730243833.9641645
2905.078578600714,549.0706025446179,1730243833.96853
2935.119323148647,495.0464361961408,1730243833.973068
2957.20284667049,492.0960059280403,1730243833.978304
2911.851157170672,568.4272132429139,1730243833.981968
2874.2555229968457,525.5789191220903,1730243833.9870627
2961.91906475056,473.5440580301354,1730243833.9909365
2961.4496781169987,555.4632014588358,1730243833.9934704
2926.849177700183,536.3971634384588,1730243833.9960616
2855.502409398843,535.7266111047996,1730243834.000174
2899.6694564425297,557.810134626643,1730243834.0050285
2953.91714023556,523.4555033988361,1730243834.0092497
2899.6247529536195,535.8607215715315,1730243834.012247
2888.2253632814127,473.7675754746885,1730243834.0161316
2929.240814356901,549.942320578375,1730243834.0201128
2937.019221427348,559.8217916276207,1730243834.0243225
2952.1737041680462,539.2134832398276,1730243834.0283668
2929.4196283125434,533.2679192147159,1730243834.033108
2897.635447697097,483.0882529125515,1730243834.0375884
2909.8395001696945,520.7732940641993,1730243834.0411987
2947.3457273657,563.6886434183888,1730243834.0445857
2931.699506246985,498.0862734420626,1730243834.0492916
2886.817203380728,501.9084217439201,1730243834.0544064
2953.0454222018034,510.200918936839,1730243834.058172
2931.900671947082,575.5127162352462,1730243834.0611813
2905.8161861677395,570.2153527993385,1730243834.066682
2870.9474648174605,467.8890666829428,1730243834.070396
2819.247879892336,440.03879309163017,1730243834.0733771
2897.9707238639267,531.5021314027466,1730243834.07634
2950.899654734094,535.9501285493527,1730243834.0802062
2944.216483141957,538.4758756728024,1730243834.084371
2864.778383347796,537.4476954278583,1730243834.0896811
2911.851157170672,550.7022798898554,1730243834.0933115
2969.3845473986325,561.811096884143,1730243834.0964172
2940.1037621621804,495.8958024854425,1730243834.1009033
2880.1116800441364,423.431446961337,1730243834.1046576
2928.6149655121526,571.6011609555675,1730243834.108498
2958.074564704247,585.8168704291428,1730243834.1124897
2923.876395687628,526.0036022667412,1730243834.116402
2918.4896252738986,479.33315984406,1730243834.12122
2862.2973397132564,514.1124742165177,1730243834.1244192
2877.541229431776,572.9646173673412,1730243834.1283534
2878.1670782765245,495.2699536406938,1730243834.1329107
2909.14659609158,547.7965531106655,1730243834.136419
2921.1718346085354,494.2864768846604,1730243834.1424737
2958.9462827380044,476.5838952760572,1730243834.1465518
2964.400108385099,578.3960912699808,1730243834.149563
2930.5148637908537,526.0036022667412,1730243834.153489
2948.083334932725,486.5527733031241,1730243834.156381
2906.95612513496,582.6429227164892,1730243834.1609857
2907.2019943239684,490.12905241597326,1730243834.1645803
2882.145688789569,521.5109016312244,1730243834.1686952
2873.830839852195,523.6119656100233,1730243834.1733005
2903.9162878890384,530.1163232465176,1730243834.1765084
2871.059223539737,533.8714163150092,1730243834.1800628
2877.228305009401,540.6216431405119,1730243834.1846287
2848.796886062251,408.8357578320215,1730243834.188568
2973.765489311873,542.8344658415873,1730243834.192822
2964.8471432742053,571.1541260664613,1730243834.1963758
2904.6091919671526,533.1561604924393,1730243834.2010837
2899.6471046980746,512.1455207044507,1730243834.2044504
2968.624588087152,498.1309769309732,1730243834.207502
3014.1997950315235,564.3368440075927,1730243834.211341
2976.380643413144,551.1046112900509,1730243834.2171504
2858.5198949003097,526.6070993670344,1730243834.220922
2888.985322592893,529.0210877682075,1730243834.2245383
2868.801697349751,530.5857098800791,1730243834.2286017
2966.501172363898,546.2542827432493,1730243834.2325785
2942.383640096621,516.2358899397719,1730243834.235658
2931.073657402236,503.0036572222301,1730243834.2393603
2931.4536370579767,543.7732391087102,1730243834.2445583
2871.3944997065664,592.2318210878159,1730243834.2483912
2857.80463907774,502.51191884421337,1730243834.2528007
2903.5810117222086,512.7937212936546,1730243834.2554018
2930.6266225131303,503.7412647892553,1730243834.259542
2908.319581546734,496.5663548191017,1730243834.2636783
2904.698598944974,474.8181074640879,1730243834.2676516
2927.4526748004764,498.6450670534453,1730243834.2724235
2959.3262623937444,557.5642654376347,1730243834.2765214
2950.7878960118173,618.7633417562654,1730243834.280352
2894.7520726623625,526.4506371558473,1730243834.28355
2903.692770444485,496.8569274970207,1730243834.2878125
2964.9365502520263,501.77431127718825,1730243834.2926965
2969.116326465169,505.26118341221616,1730243834.2974167
2927.050343400281,550.9705008233191,1730243834.3016317
2918.9366601630045,539.2805384731935,1730243834.3054163
2965.025957229848,534.7207826043109,1730243834.3096888
2917.416741540044,538.1405995059729,1730243834.3134851
2875.417813708522,477.2097441208058,1730243834.316851
2891.66753192753,476.0027499202192,1730243834.3195314
2972.759660811384,516.8840905289758,1730243834.3236697
2914.511014760854,567.0190533422295,1730243834.3278625
2850.5179703853096,558.7042044048553,1730243834.3326905
2902.6198867106305,526.3388784335707,1730243834.336668
2929.441980056999,557.296044504171,1730243834.3397727
2940.3496313511887,529.3116604461266,1730243834.3436742
2964.958901996482,541.3368989630817,1730243834.3475928
2912.789930437795,528.10466624554,1730243834.3516872
2922.781160209317,531.7032971028444,1730243834.3555992
2930.693677746496,546.4330966988917,1730243834.3608503
2948.373907610644,547.0142420547297,1730243834.363579
2950.1396954226134,486.9998081922303,1730243834.3677204
2910.822976925728,523.1649307209171,1730243834.3716264
2908.341933291189,518.426360896392,1730243834.3758736
2925.9104044330606,456.9367118998423,1730243834.3797953
2927.922061434038,470.1465928729288,1730243834.3837602
2907.917250146538,520.3709626640037,1730243834.3885474
2883.1068138011474,503.92007874489775,1730243834.3919098
2906.1067588456585,587.135623352006,1730243834.3962755
2931.4536370579767,550.9034455899532,1730243834.399752
2979.375777170155,515.4312271393809,1730243834.4038377
2928.324392834233,569.0307103432071,1730243834.4076877
2965.8753235191493,580.1171755930395,1730243834.4121869
2935.096971404192,523.1202272320065,1730243834.4169693
2882.3915579785776,464.558656759102,1730243834.41968
2971.172686955057,479.86960171098735,1730243834.4238553
2939.902596462083,557.877189860009,1730243834.427987
2866.968854304416,597.5962397570896,1730243834.4317138
2902.128148332614,454.7462409432222,1730243834.4361956
2898.2612965418457,439.882330880443,1730243834.4397612
2939.3214511062447,572.7187481783328,1730243834.4440005
2958.9239309935488,567.8684196315312,1730243834.4489105
2864.1748862475024,472.9182091853869,1730243834.4518645
2884.783194635296,425.2195865177616,1730243834.456761
2922.669401487041,535.9724802938081,1730243834.4598129
2953.0901256907136,527.6352796119785,1730243834.4647243
3028.16963531609,560.6041026835564,1730243834.4700072
2921.3282968197223,530.5410063911685,1730243834.4727335
2874.6578543970413,524.9754220217969,1730243834.4761393
2918.7801979518176,550.6799281454001,1730243834.4797502
3021.419408490588,516.973497506797,1730243834.4839969
2882.4139097230327,513.3525149050373,1730243834.4879324
2861.5597321462315,517.0629044846182,1730243834.4922557
2936.4157243270547,494.6664565404006,1730243834.4958308
2930.6266225131303,544.7343641202884,1730243834.500378
2909.1689478360354,518.2028434518389,1730243834.5044131
2926.603308511175,486.4633663253029,1730243834.5069904
2951.0784686897364,566.5049632197575,1730243834.512601
2904.676247200519,533.1114570035287,1730243834.5164833
2926.3797910666217,431.3216127540604,1730243834.5198412
2975.374814912655,534.4078581819366,1730243834.5241296
2935.0746196597365,560.2017712833609,1730243834.527078
2925.418666055044,493.52651757318,1730243834.531712
2907.917250146538,482.55181104562416,1730243834.5353024
2948.284500632823,476.3380260870488,1730243834.5388637
2934.3593638371667,529.19990172385,1730243834.54418
2892.516898216832,552.8480473575648,1730243834.54791
2919.4954537743874,524.8413115550651,1730243834.55182
2937.667422016552,532.2173872253164,1730243834.556064
2979.174611470057,542.7227071193108,1730243834.5590389
2979.4651841479763,578.2172773143384,1730243834.5630825
2852.775496575296,523.9472417768528,1730243834.5672684
2869.516953172321,473.6781684968673,1730243834.571867
2979.01814925887,507.5187096022021,1730243834.5759752
2981.54389638232,514.0007154942413,1730243834.5797894
2912.3875990376,488.45267158182526,1730243834.5836327
2905.413854767544,569.3436347655816,1730243834.5869951
2941.623680785141,555.0161665697296,1730243834.591414
2961.807306028284,568.9860068542965,1730243834.5949948
2976.268884690868,512.0561137266295,1730243834.6009462
2906.2408693123903,459.4177555343813,1730243834.6041088
2999.469995435476,453.6286537204568,1730243834.608112
2950.0726401892475,578.1055185920619,1730243834.6121373
2893.343912761678,538.2076547393388,1730243834.6151457
2864.3760519476,522.9637650208193,1730243834.6194756
2888.918267359528,502.42251186639214,1730243834.6251547
2956.085259447725,534.7654860932215,1730243834.6284044
2923.6528782430746,522.5614336206238,1730243834.6333055
2956.4875908479203,501.7966630216436,1730243834.637338
2941.109590662669,468.4031568054148,1730243834.639996
2946.474009331943,560.134716049995,1730243834.643126
2911.538232748298,567.6001986980675,1730243834.6469407
2939.2320441284232,520.8403492975651,1730243834.6511412
2956.6664048035627,503.6295060669788,1730243834.6560392
2966.1658961970684,518.4710643853026,1730243834.660109
2960.689718805518,472.2476568517277,1730243834.6631985
2904.3633227781443,530.362192435526,1730243834.6673205
2941.7801429963283,547.0812972880957,1730243834.6711192
2962.030823472837,528.9763842792969,1730243834.675466
2911.4264740260214,583.2687715612378,1730243834.6793716
2961.807306028284,538.0511925281517,1730243834.6833937
2958.6557100600853,470.23599985075,1730243834.6883972
2966.322358408256,520.460369641825,1730243834.6912491
2971.463259632976,583.6263994725227,1730243834.6952448
2902.530479732809,529.6022331240456,1730243834.6992598
2867.862924082628,426.51598769616936,1730243834.7033813
2964.7130328074736,467.62084574947903,1730243834.7071068
2873.0708805407144,561.2746550172157,1730243834.7110813
2867.259426982335,504.5682793341017,1730243834.7165604
2979.7110533369846,538.6770413729002,1730243834.719572
3045.671051224596,531.1221517470065,1730243834.7232912
2966.590579341719,563.5768846961123,1730243834.7270882
2904.4974332448764,563.9568643518525,1730243834.731136
2917.796721195784,507.25048866873846,1730243834.735396
2930.157235879569,491.0454739386408,1730243834.7391992
2916.8355961842058,500.41085486541454,1730243834.7431333
2922.4905875313984,566.0132248417408,1730243834.746465
2948.843294244205,484.2058401353169,1730243834.7507372
3019.094827067236,448.55480772910215,1730243834.75518
2962.2990444063003,523.1202272320065,1730243834.7592711
2908.3866367801,570.036538843696,1730243834.7632763
2914.667476972041,521.9355847758752,1730243834.7675338
3013.7751118868723,465.67624398186734,1730243834.7722878
3025.889757381649,492.6771512838783,1730243834.7751875
2896.964895363438,564.2921405186821,1730243834.778816
2878.368243976622,498.3097908866157,1730243834.7837243
2942.070715674248,483.2894186126493,1730243834.7874086
2913.1699100935352,559.3077015051487,1730243834.7912643
2941.668384274052,576.0715098466289,1730243834.795716
2989.702283108507,504.4341688673698,1730243834.7994535
2915.293325816789,488.47502332628056,1730243834.802858
2875.2389997528794,515.4088753949255,1730243834.8084652
2949.7373640224178,552.4904194462799,1730243834.8114474
2948.597425055197,517.1299597179842,1730243834.815394
2995.7149023669845,487.3350843590599,1730243834.819657
2981.7003585935067,469.4089853059036,1730243834.823267
2913.058151371258,466.5479620156243,1730243834.8278532
2928.503206789876,515.7888550506658,1730243834.8303227
2917.796721195784,502.3331048885709,1730243834.834731
2933.5547010367754,546.3883932099811,1730243834.8392508
2940.215520884457,533.9608232928305,1730243834.8435328
2916.2320990839125,507.6751718133893,1730243834.847325
2926.022163155337,473.61111326350135,1730243834.8506036
2937.1309801496245,529.1551982349393,1730243834.8546176
2971.73148056644,547.4836286882912,1730243834.8586988
2989.679931364052,574.0151493567407,1730243834.8626711
2907.4925670018874,522.2708609427049,1730243834.8676524
2946.4963610763984,466.9279416713645,1730243834.871448
2969.496306120909,514.8947852724535,1730243834.875543
2923.3846573096107,545.7401926207773,1730243834.878924
2901.435244254499,539.1911314953722,1730243834.882627
2919.3389915632,482.6412180234454,1730243834.8864613
2982.4826696494424,487.5138983147023,1730243834.8904953
2964.981253740937,530.943337791364,1730243834.8947875
2890.348779004667,508.9268695028865,1730243834.8999743
2903.67041870003,390.3285134230272,1730243834.9038863
3005.2590972494004,509.35155264753735,1730243834.9064229
2948.999756455393,575.9150476354417,1730243834.9108536
2898.5518692197647,494.9346774738642,1730243834.914506
2952.0619454457697,505.7305700457776,1730243834.9208834
2991.8480505762163,496.2310786522721,1730243834.9235637
2953.7830297688283,577.6361319585004,1730243834.927929
2916.969706650937,585.4368907734026,1730243834.9315236
2937.86858771665,512.3243346600932,1730243834.9348056
2988.4505854190097,478.12616564347337,1730243834.938445
2936.862759216161,519.7898173081658,1730243834.942583
2935.879282460128,512.5031486157357,1730243834.9464257
2963.863666518172,511.4079131374256,1730243834.9508152
2982.728538838451,517.0629044846182,1730243834.9554937
2976.2241812019565,542.7003553748555,1730243834.9598815
2971.798535799806,553.0715648021179,1730243834.9630787
2929.620794012641,478.2379243657499,1730243834.9668052
2937.220387127446,463.977511403264,1730243834.9705708
2989.8140418307835,473.5217062856801,1730243834.9749649
2989.635227875141,499.9414682318531,1730243834.9789157
2929.218462612446,519.4768928857915,1730243834.983914
2917.2379275844014,507.6751718133893,1730243834.98692
2983.175573727557,482.7753284901772,1730243834.9915752
2994.530259910853,599.7867107137097,1730243834.9959087
2985.813079573283,506.781102035177,1730243834.999967
2958.499247848898,444.8667698939765,1730243835.0030556
2902.709293688452,527.5905761230679,1730243835.00659
2958.119268193158,593.617629244045,1730243835.011695
2945.825808742739,568.7624894097435,1730243835.0145478
2912.6781717155186,501.5954973215458,1730243835.0179112
2945.311718620267,508.77040729169937,1730243835.022527
2943.3224133637445,535.167817493417,1730243835.026799
2994.016169788381,522.2261574537943,1730243835.0306084
2992.5856581432413,514.201881194339,1730243835.0349402
2923.474064287432,480.6295610224678,1730243835.0406687
2907.358456535156,536.6653843719225,1730243835.0449147
2947.3457273657,571.8246784001205,1730243835.047655
2955.7723350253505,485.7257587582778,1730243835.0516703
2985.6566173620963,469.4089853059036,1730243835.054685
3021.799388146328,498.1309769309732,1730243835.0589464
2997.726559367962,474.7063487418114,1730243835.062988
2936.1027999046805,533.558491892635,1730243835.0667992
2938.3826778391217,514.3359916610708,1730243835.07071
2937.3992010830884,522.069695242607,1730243835.0737357
2904.8774129006165,501.9307734883754,1730243835.0789485
2944.8646837311608,525.3330499330818,1730243835.0829234
2966.322358408256,511.7655410487105,1730243835.086847
2929.598442268186,482.48475581225824,1730243835.0908785
2987.8470883187165,577.0326348582071,1730243835.0939128
2970.479782876943,556.200809025861,1730243835.0977497
2933.5099975478647,470.8842004399539,1730243835.101757
2959.438021116021,526.9870790227747,1730243835.105728
2983.443794661021,552.3786607240035,1730243835.1109693
2921.596517753186,546.2542827432493,1730243835.1148343
2927.050343400281,466.74912771572207,1730243835.1191876
2999.469995435476,419.0952085370074,1730243835.1216943
2978.9063905365933,550.0987827895622,1730243835.1259215
2966.8364485307275,589.102576864073,1730243835.1296697
2933.979384181426,522.9414132763641,1730243835.13372
2932.2582998583675,451.3040722971049,1730243835.138748
3019.094827067236,475.68982549784494,1730243835.143236
2992.026864531859,520.7062388308333,1730243835.1467788
2919.987192152404,532.7538290922438,1730243835.1500604
2882.503316700854,477.7461859877332,1730243835.154302
2955.3476518807,520.393314408459,1730243835.158396
3019.720675911984,572.1599545669502,1730243835.1622584
2987.087129007236,521.3320876755819,1730243835.1669612
2980.336902181733,459.2389415787389,1730243835.170964
2960.4214978720547,509.91034625892,1730243835.175212
2931.2971748467894,530.7198203468109,1730243835.178316
2948.306852377278,532.3067942031377,1730243835.1818314
2965.271826418856,496.05226469662966,1730243835.1862445
3016.0326380768583,493.2135931508057,1730243835.1924987
3016.5690799437857,541.0463262851628,1730243835.196123
2917.8861281736054,531.457427913836,1730243835.1999068
2886.0795958137032,516.1464829619507,1730243835.2040308
2907.827843168717,424.9066620953873,1730243835.2068508
2904.43037801151,504.8365002675653,1730243835.2100174
2968.512829364876,518.493416129758,1730243835.213822
3028.527263227375,473.2534853522165,1730243835.2183928
2999.291181479833,519.812169052621,1730243835.222942
2945.401125598088,568.5389719651904,1730243835.2270565
2932.1912446250017,562.9510358513637,1730243835.2298305
2939.835541228717,506.0211427236966,1730243835.2341757
2996.184289000546,485.25637212471634,1730243835.2380476
2981.901524293605,512.1008172155401,1730243835.2426028
2916.522671761832,541.9850995522856,1730243835.2459145
2943.367116852656,492.7889100061548,1730243835.2500794
3001.459300691998,485.8375174805543,1730243835.2549002
2916.7461892063843,533.9384715483751,1730243835.2585337
2958.990986226915,527.9258522898975,1730243835.2622042
2951.3466896232,499.8744129984872,1730243835.2662213
2939.902596462083,471.7559184737109,1730243835.2700949
2959.2368554159234,479.33315984406,1730243835.2740197
2922.445884042488,486.7986424921325,1730243835.2785456
2971.440907888521,512.9948869937524,1730243835.2833655
2946.026974442837,504.7917967786547,1730243835.286209
2947.926872721538,534.8995965599534,1730243835.2900715
2992.4515476765096,554.5691316806235,1730243835.294193
2961.069698461258,545.7401926207773,1730243835.2980447
2907.760787935351,494.9793809627749,1730243835.3021636
2944.8646837311608,479.04258716614095,1730243835.3060155
2974.994835256915,530.9209860469086,1730243835.3111577
3005.303800738311,531.524483147202,1730243835.3140256
3005.661428649596,462.3234823135713,1730243835.3182075
2939.835541228717,459.1942380898283,1730243835.321993
2929.2631661013565,514.9394887613641,1730243835.3261833
2994.4855564219424,533.1114570035287,1730243835.3300774
2947.703355276985,526.3165266891154,1730243835.334392
2917.7743694513288,490.6431425384453,1730243835.3380868
2961.0026432278923,512.5478521046463,1730243835.3433564
2982.6167801161746,496.7004652858336,1730243835.3470612
2942.450695329988,486.7092355143113,1730243835.3505766
2925.6421834995967,515.7888550506658,1730243835.3551476
2945.6022912981857,494.0853111845626,1730243835.360103
2939.2320441284232,530.5633581356237,1730243835.364128
2929.039648656804,523.0531719986406,1730243835.367311
2942.182474396524,479.0202354216856,1730243835.3700695
2967.797573542306,536.263052971727,1730243835.374092
2971.530314866342,533.0667535146181,1730243835.3781796
2989.367006941677,500.47791009878046,1730243835.3821971
2964.020128729359,486.4633663253029,1730243835.3860612
2967.998739242404,494.17471816238384,1730243835.390293
2962.902541506593,488.0056366927191,1730243835.3942738
3016.144396799135,517.6440498404563,1730243835.3971283
2993.658541877096,503.18247117787257,1730243835.401182
2922.3564770646667,522.2038057093389,1730243835.4061153
2900.027084353814,529.1775499793947,1730243835.4101832
2928.659669001064,496.1193199299956,1730243835.4141824
2949.670308789052,494.7111600293112,1730243835.4202435
2954.6770995470406,499.2709158981938,1730243835.4231477
2938.1368086501134,501.6178490660011,1730243835.4263449
2927.117398633647,495.5828780630682,1730243835.430198
2913.572241493731,454.366261287482,1730243835.4331777
2958.454544359988,503.8306717670765,1730243835.4382544
2980.850992304205,509.08333171407367,1730243835.4423933
2988.763509841384,561.3640619950369,1730243835.445371
2957.8957507486048,520.7509423197439,1730243835.4492836
2968.2893119203227,481.85890696750965,1730243835.453375
2994.1949837440234,464.3127875700936,1730243835.4573977
2987.7129778519843,486.910401214409,1730243835.4612508
2960.10857344968,538.9452623063639,1730243835.4662635
2965.4282886300434,493.92884897337547,1730243835.470298
2944.931738964526,523.8354830545763,1730243835.4733963
2925.820997455239,507.4069508799256,1730243835.4773958
2944.9764424534374,505.104721201029,1730243835.481246
2951.883131490127,519.00750625223,1730243835.485401
2987.40005342961,503.0036572222301,1730243835.489351
2929.7772562238288,543.0803350305957,1730243835.4943233
2947.5915965547083,530.9656895358193,1730243835.498272
2923.205843353968,455.05916536559647,1730243835.502431
2955.749983280896,426.1360080404292,1730243835.5063355
2967.596407842208,476.6733022538784,1730243835.5103104
2958.8121722712726,524.3495731770483,1730243835.5133684
2981.566248126775,492.654799539423,1730243835.519604
2981.253323704401,491.13488091646207,1730243835.522261
2932.504169047376,537.5147506612243,1730243835.5265336
2968.4234223870544,579.1784023259166,1730243835.52949
2981.476841148954,500.9696484767972,1730243835.533554
2949.558550066776,439.301185524605,1730243835.53753
2971.127983466147,459.8871421679429,1730243835.541528
3011.5846409302526,575.3562540240591,1730243835.5453415
2938.24856737239,550.7022798898554,1730243835.549586
2958.052212959792,473.94638943033095,1730243835.5544903
2939.3885063396106,506.4458258683474,1730243835.5586631
2990.976332542459,456.1991043328172,1730243840.5638716
2983.466146405476,414.3789904569376,1730243840.568004
2998.508870423898,435.2555197781944,1730243840.5718808
3015.049161320825,478.4167383213924,1730243840.5759342
3005.035579804847,466.7938312046327,1730243840.5797546
2991.177498242557,422.1797492718398,1730243840.5848408
3004.700303638018,433.2438627772168,1730243840.5889564
3019.78773114535,481.23305812276107,1730243840.5919738
3010.4223502185764,477.72383424327785,1730243840.5957935
2991.982161042948,431.9251098543537,1730243840.599939
2996.3854547006435,424.2361097617281,1730243840.6038208
3020.7041526680177,469.2301713502612,1730243840.607983
3017.150225299624,478.6179040214901,1730243840.612842
2990.8645738201826,437.53539771263576,1730243840.6159923
2990.5292976533533,418.1117317809739,1730243840.6198125
3010.1094257962022,455.3050345546048,1730243840.6239543
3014.646829920629,476.0474534091298,1730243840.6279123
2991.959809298493,433.2215110327615,1730243840.6319842
2984.047291761314,407.785225842622,1730243840.6359713
3010.3552949852105,449.6276914629569,1730243840.6411402
3011.852861863716,478.975531932775,1730243840.6439052
2984.3155126947777,445.0902873385296,1730243840.6470416
2980.0910329927246,411.8085398445773,1730243840.6520264
3002.375722214666,436.1272378119514,1730243840.6560376
3013.3280769977664,474.9745696752751,1730243840.65989
3001.816928603283,454.94740664332,1730243840.664051
2989.92580055306,416.2118335022728,1730243840.6690972
3010.824681618772,435.65785117838993,1730243840.6720831
3023.7663416583946,474.7063487418114,1730243840.6760724
3007.851899606216,467.77730796066623,1730243840.680051
2987.9588470409926,425.4207522178593,1730243840.684104
3002.331018725756,430.87457786495423,1730243840.6880064
3018.446626478032,474.28166559716055,1730243840.6921136
3004.2085652600013,470.16894461738406,1730243840.695906
2985.477803406454,423.6996678948007,1730243840.6990976
2994.016169788381,418.8940428369097,1730243840.703084
3013.4174839755874,462.1670201023841,1730243840.7079833
3013.93157409806,472.6946917408338,1730243840.711924
2996.273695978367,426.1136562959738,1730243840.7161324
2990.2387249754343,418.3799527144376,1730243840.7199788
3013.685704909052,464.268084081183,1730243840.724063
3010.6682194075847,481.3895203339482,1730243840.727075
2987.9588470409926,443.1009820820072,1730243840.7311337
2982.6838353495405,413.14964451189576,1730243840.7351048
3009.885908351649,445.8278949055547,1730243840.7401357
3020.078303823269,477.5673720320907,1730243840.7441502
2990.015207530881,447.2807582951496,1730243840.7482097
2980.649826604108,417.3964759584041,1730243840.7512052
3005.817890860784,440.35171751400446,1730243840.7550907
3018.111350311202,474.6392935084455,1730243840.7590332
3004.275620493367,453.67335720936745,1730243840.7641969
2988.070605763269,420.39160971541526,1730243840.7682323
3002.576887914764,433.6014906885017,1730243840.7722228
3016.9043561106155,478.2602761102052,1730243840.7762592
2998.017132045881,465.2068573483059,1730243840.7791746
2982.9744080274595,419.51989168165824,1730243840.7832603
3003.1580332706017,420.8609963489767,1730243840.787105
3030.181292317068,469.2301713502612,1730243840.7910967
3020.212414290001,474.1475551304287,1730243840.7963057
3001.5934111587303,425.3536969844934,1730243840.8002772
2996.49721342292,413.9766590567421,1730243840.803132
2988.763509841384,459.2836450676495,1730243840.80722
3011.3611234856994,468.4925637832361,1730243840.8112535
3035.277490052878,420.883348093432,1730243840.8152175
3033.869330152193,409.59571714350193,1730243840.8192384
3010.578812429764,451.818162419577,1730243840.8244028
3076.315292872822,479.0202354216856,1730243840.8282297
3108.367694421732,440.61993844746814,1730243840.832266
2970.6585968325853,414.9377840683203,1730243840.8353248
2939.477913317432,440.0611448360855,1730243840.840376
3049.2249785929894,449.3818222739485,1730243840.8443906
3046.051030880336,420.05633354858566,1730243840.8473945
2960.44384961651,416.7482753692002,1730243840.8523731
2993.278562221356,427.6112231744794,1730243840.8566284
3032.327059784777,442.29631928161615,1730243840.8593948
2955.280596647334,455.170924087873,1730243840.863382
2993.8373558327385,407.0923217645075,1730243840.8673615
3046.140437858157,417.6199934029572,1730243840.8714151
3044.50876051292,482.0824244120627,1730243840.875416
2987.377701685155,475.4886597977471,1730243840.8794105
2953.8053815132835,444.46443849378096,1730243840.8844557
3009.081245551258,446.3419850280267,1730243840.887268
3057.2939583413554,456.623787477468,1730243840.8913596
2950.832599500728,468.7384329722444,1730243840.8952663
2874.9484270749604,429.3546592419934,1730243840.8994627
2914.131035105114,451.6393484639345,1730243840.9033003
2947.636300043619,505.8870322569648,1730243840.908383
2976.984140513437,489.8608314825096,1730243840.9123547
3005.8625943496936,425.979545829242,1730243840.9154837
3026.828530648772,396.6540571038792,1730243840.9195137
3094.174336692612,426.4265807183481,1730243840.9234793
3089.391063379176,443.4586099932921,1730243840.9273672
3020.771207901384,453.0251566201636,1730243840.931363
2942.4283435855323,447.1913513173284,1730243840.9353943
2978.6158178586743,451.1476100859177,1730243840.939453
2986.2377627179344,455.752069443711,1730243840.9425457
2979.1522597256017,484.42935757987,1730243840.9475434
2981.58859987123,521.9802882647858,1730243840.9515896
2926.4915497888983,538.3417652060706,1730243840.9556036
2948.508018077376,468.3584533165042,1730243840.9594352
3071.3532056037434,351.950568193265,1730243840.9634576
3114.626182869218,343.725126233712,1730243840.967641
3039.2561005659227,469.16311611689525,1730243840.972752
3052.6671472391067,563.7333469072994,1730243840.9757545
3004.2085652600013,586.3086088071595,1730243840.9795256
2848.640423851064,521.7344190757775,1730243840.9836118
2915.9191746615384,420.05633354858566,1730243840.9875383
3041.5136267559087,431.1875022873285,1730243840.9916644
3065.966435190014,418.2905457366164,1730243840.9955542
3061.8760659546933,368.8484870014772,1730243840.998664
2931.2748231023343,371.6871585473011,1730243841.0026703
3003.761530370895,512.2796311711826,1730243841.0076983
3040.150170344135,603.9664869268521,1730243841.0115075
3095.582496593296,358.11964966292976,1730243841.0155387
3046.632176236174,292.31611398650574,1730243841.0195236
3021.061780579302,458.14370610042886,1730243841.023713
3033.109370840713,482.48475581225824,1730243841.0266323
2970.2562654323897,497.6392385529565,1730243841.0319495
2963.1707624400574,583.8499169170758,1730243841.035725
2966.657634575085,589.5943152420897,1730243841.0396235
2939.209692383968,533.558491892635,1730243841.043733
3035.724524941984,410.5568421550801,1730243841.046595
3154.6134536997624,345.2450448566729,1730243841.050723
3140.2189302705447,399.7162460942562,1730243841.054628
3097.2588774274445,514.8947852724535,1730243841.0603287
3082.3949673646653,526.5847476225791,1730243841.063583
2980.403957415099,422.2021010162951,1730243841.0675552
2986.170707484568,362.6794055318124,1730243841.071764
3087.5582203338413,509.5527183476351,1730243841.0746024
3039.6360802216627,572.7410999227882,1730243841.0797074
2971.0385764883254,444.2632727936832,1730243841.0842004
3000.11819602468,368.6473213013794,1730243841.0870812
3011.6516961636185,405.14771999689583,1730243841.0907245
3068.916865458115,523.7013725878445,1730243841.0956123
3053.203589106034,594.131719366517,1730243841.0996592
2968.6692915760627,540.4428291848694,1730243841.1029613
3009.3494664847217,458.7024997118115,1730243841.1066492
3182.195506357611,419.18461551482864,1730243841.1108189
3104.8137670533383,466.1009271265182,1730243841.1148665
2979.3981289146104,464.849229437021,1730243841.118857
3003.716826881984,479.7578429887108,1730243841.1240292
3089.65928431264,524.7742563216992,1730243841.1280217
3022.1346643131574,527.6129278675232,1730243841.130859
2959.6838903050293,455.26033106569423,1730243841.1349406
3026.8955858821378,411.0262287886416,1730243841.1389236
3054.6341007511737,479.6237325219789,1730243841.1429737
3078.3493016182547,474.3710725749818,1730243841.1469028
3081.791470264372,443.8609413934877,1730243841.1517909
3088.765214534428,471.6441597514343,1730243841.1559129
3138.721363392039,469.073709139074,1730243841.1588664
2987.3329981962443,506.1776049348837,1730243841.162875
2991.0657395202807,520.2368521972719,1730243841.1679149
3029.2648707944004,506.0434944681519,1730243841.1708312
2976.7829748133395,537.2688814722159,1730243841.174939
3059.685594998073,462.9940346472305,1730243841.179942
3052.8012577058385,411.5626706555689,1730243841.1827705
2995.334922711244,436.1048860674961,1730243841.1859603
3081.232676652989,459.9989008902194,1730243841.191048
3122.225775984022,496.9239827303866,1730243841.1947956
3077.589342306774,427.8794441079431,1730243841.198837
3065.0723654118024,403.6948566073008,1730243841.2028036
2884.76084289084,516.459407384325,1730243841.2080271
2937.823884227739,534.3408029485706,1730243841.21098
2924.0775613877254,386.5734203545357,1730243841.2139752
2966.657634575085,404.9242025523428,1730243841.219015
3071.3085021148327,611.9013562084862,1730243841.223029
3038.585548232263,617.2657748777599,1730243841.227
2985.500155150909,482.88708721245376,1730243841.2298827
3082.529077831397,397.4810716487255,1730243841.2350297
3090.240429668478,492.9900757062526,1730243841.239014
3060.669071754107,519.4768928857915,1730243841.2430325
3105.059636242346,478.0814621545628,1730243841.2470684
2988.271771463368,451.7064036973004,1730243841.250996
2992.2950854653222,423.5432056836135,1730243841.2539332
3172.047814374902,486.3292558585711,1730243841.258099
3015.205623532012,517.5099393737245,1730243841.2630675
2904.00569486686,509.68682881436695,1730243841.2670865
2919.696619474485,479.1990493773281,1730243841.2710583
2983.2873324498337,506.91521250190885,1730243841.27513
3052.7342024724726,533.2455674702605,1730243841.278976
3084.496031343464,449.3371187850379,1730243841.2820728
3164.202352071089,439.52470296915806,1730243841.2860048
3055.9081501851265,554.0326898136962,1730243841.2910078
2989.4564139194986,554.5020764472577,1730243841.2949774
2899.0436075977814,440.0611448360855,1730243841.2991157
2964.82479152975,384.5170598646474,1730243841.303027
3003.2697919928783,525.556567377635,1730243841.3060975
3056.55635077433,492.8112617506101,1730243841.3101344
3058.4786007974867,455.170924087873,1730243841.314133
2974.257227689889,472.5829330185573,1730243841.3191776
2962.5002101063983,463.7763457031663,1730243841.3232255
2969.2280851874457,512.8831282714758,1730243841.3272517
3029.309574283311,510.8044160371323,1730243841.3312464
3056.55635077433,480.0707674110851,1730243841.3342423
2963.081355462236,503.04836071114073,1730243841.3381677
2998.508870423898,537.7382681057774,1730243841.3422704
3015.78676888785,502.42251186639214,1730243841.3461626
3023.9675073584926,473.94638943033095,1730243841.3512013
3042.273586067389,479.6237325219789,1730243841.3553
3127.6348981422066,476.4721365537807,1730243841.3583393
3047.5038942699307,503.2495264112385,1730243841.3622217
2978.1017277362025,453.0251566201636,1730243841.366226
2960.2203321719567,466.4809067822584,1730243841.3701863
3063.351281088744,498.62271530898994,1730243841.374324
3043.9946703904475,520.1697969639059,1730243841.3791397
2948.038631443814,520.1474452194507,1730243841.383392
3009.863556607194,472.4041190629148,1730243841.3861697
3066.525228801397,479.556677288613,1730243841.390247
2987.8023848298058,504.1212444449955,1730243841.394324
2917.304982817768,506.95991599081947,1730243841.3982964
2894.4167964955327,346.42968731280416,1730243841.402197
2970.9268177660488,447.83955190653234,1730243841.406318
3008.50010019542,622.3172691246592,1730243841.4112408
2967.037614230825,494.5323460736688,1730243841.4143765
2999.179422757557,421.1515690268957,1730243841.4183383
3001.079321036258,471.621808006979,1730243841.4224377
3051.817780949805,532.3962011809589,1730243841.4262292
3063.664205511118,509.1280352029843,1730243841.4304097
3022.939327113548,441.1340285699402,1730243841.434426
3019.9665451009923,494.5323460736688,1730243841.439453
2948.508018077376,554.747945636266,1730243841.4426205
2970.0103962433814,528.8646255570204,1730243841.4463916
3005.035579804847,458.1213543559736,1730243841.4504616
3031.79061791785,395.3576559254713,1730243841.454252
2984.0919952502245,497.7062937863224,1730243841.4583795
3032.595280718241,512.9948869937524,1730243841.464389
2978.146431225113,446.8784268949541,1730243841.4673712
2972.8043643002948,487.60330529252354,1730243841.4713335
2982.817945816272,441.8269326480547,1730243841.4743907
3054.812914706816,407.7181706092561,1730243841.4782903
3039.904301155126,498.4662530978028,1730243841.482448
2906.3973315235776,535.748962849255,1730243841.4863117
2979.01814925887,528.7528668347438,1730243841.4914193
2930.470160301943,573.2775417897155,1730243841.494386
2925.932756177516,521.6897155868669,1730243841.497377
3038.2949755543445,420.74923762670016,1730243841.5023825
3070.012100936425,465.3186160705824,1730243841.506507
3008.656562406607,566.0802800751067,1730243841.5104983
2923.921099176538,504.94825898984186,1730243841.5145288
2956.77816352584,418.8940428369097,1730243841.519392
3018.3125160113,469.6325027504567,1730243841.522534
2981.476841148954,501.5954973215458,1730243841.5255585
3019.005420089414,431.4333714763369,1730243841.5305464
3073.9683597050143,389.725016322734,1730243841.534558
3001.347541969722,429.7346388977336,1730243841.5385132
2957.135791437124,545.3155094761264,1730243841.542566
2946.786933754317,558.3018730046598,1730243841.5486777
2957.8957507486048,462.25642708020536,1730243841.551675
2910.510052503354,496.4545960968252,1730243841.555579
3005.8402426052385,516.1241312174953,1730243841.5586455
3064.625330522696,470.4818690397584,1730243841.562616
2962.544913595309,486.3516076030264,1730243841.5666077
2978.012320758381,506.6916950573558,1730243841.5704634
3010.3999984741213,505.9987909792413,1730243841.5745296
3000.855803591705,514.6042125945345,1730243841.57849
3026.9849928599588,473.655816752412,1730243841.581714
3007.0025333169147,420.9951068157085,1730243841.5857067
2981.856820804694,474.7734039751773,1730243841.5906963
3020.8606148792046,505.26118341221616,1730243841.5945375
3068.402775335643,437.9600808572866,1730243841.5986428
2919.5625090077533,521.5332533756797,1730243841.6015315
2883.0621103122367,571.8917336334865,1730243841.6057122
2933.1747213810354,504.5682793341017,1730243841.6096532
2986.9306667960486,428.7288103972448,1730243841.6137807
2986.260114462389,419.0058015591862,1730243841.618736
3030.69538243954,504.009485722719,1730243841.6226437
3061.2502171099445,551.6857566458889,1730243841.6267688
2931.364230080156,522.717895831811,1730243841.6297953
2889.81233713774,396.3858361704155,1730243841.6336815
2954.58769256922,428.28177550813865,1730243841.6376364
3055.6622809961177,528.5740528791014,1730243841.6416793
3023.609879447208,536.7324396052885,1730243841.645608
2925.1057416326694,467.2408660937388,1730243841.6507254
2919.383695052111,461.0717846240741,1730243841.654768
2957.761640281873,522.6731923429004,1730243841.657734
3024.7274666699727,514.6489160834451,1730243841.661625
3011.539937441342,460.53534275714674,1730243841.6658568
2958.432192615532,414.915432323865,1730243841.669656
2991.468070920476,461.8987991689205,1730243841.673823
2998.3524082127105,496.1193199299956,1730243841.6787436
2986.6177423736744,535.5254454047019,1730243841.6827393
3020.055952078814,483.53528780165766,1730243841.6858647
3038.138513343157,482.7753284901772,1730243841.6898875
2967.931684009038,463.5304765141578,1730243841.6939015
2927.877357945128,497.2592588972162,1730243841.697826
2957.426364115044,387.4451383882926,1730243841.7018647
3021.687629424051,476.6062470205125,1730243841.7069132
3053.672975739596,593.908201921964,1730243841.7109594
2977.677044591552,568.6954341763776,1730243841.7139237
2858.9892815338712,441.69282218132287,1730243841.7179132
2906.374979779122,403.3595804404712,1730243841.721799
3023.498120724931,473.1640783743952,1730243841.7259612
2987.78003308535,472.5382295296466,1730243841.7318788
2966.3894136416216,423.2079295167839,1730243841.7349308
2935.320488848745,489.6596657824118,1730243841.7378364
2986.148355740113,491.91719197239786,1730243841.7419007
3113.083912501802,463.59753174752376,1730243841.745824
2948.597425055197,431.1204470539626,1730243841.7499309
3065.2735311119,294.6853988987683,1730243841.7538404
3060.89258919866,596.5010042787795,1730243841.7579975
2902.508127988354,627.7263912828436,1730243841.7628353
2898.708331430952,501.2378694102609,1730243841.7659404
2995.200812244512,438.8094471465882,1730243841.7688327
2995.267867477878,473.0299679076634,1730243841.7738464
2932.079485902725,567.5331434647017,1730243841.7778304
2903.223383810924,530.8092273246322,1730243841.7818382
2999.604105902208,471.7112149848003,1730243841.7858703
2992.563306398786,480.8307267225656,1730243841.790868
3015.1609200431017,488.8773547264761,1730243841.7938764
2999.3135332242887,469.2525230947165,1730243841.7970052
2974.257227689889,433.6014906885017,1730243841.8019097
2955.593521069708,523.299041187649,1730243841.8059213
2994.954943055504,524.3048696881377,1730243841.8098896
2923.1387881206024,340.8641029434327,1730243841.8139732
2991.2669052203782,343.1663326223293,1730243841.8190253
3048.3532605592327,553.3844892244923,1730243841.8219576
2955.526465836342,602.2230508593382,1730243841.8250728
2877.250656753857,528.9987360237523,1730243841.8300047
2909.638334469597,398.0622170045635,1730243841.8340285
3008.0977687952245,459.5295142566579,1730243841.8379076
3035.12102784169,602.8936031929974,1730243841.8420274
2982.2591522048897,528.5964046235567,1730243841.844927
2948.8209424997503,466.5479620156243,1730243841.8491125
2979.331073681244,431.9698133432643,1730243841.8529172
2951.4360966010213,506.4458258683474,1730243841.85808
2967.0599659752806,538.4982274172578,1730243841.8619652
2976.648864346608,474.61694176399016,1730243841.8660643
3009.863556607194,455.9532351438088,1730243841.869936
2966.3894136416216,507.9880962357636,1730243841.8731046
2917.2602793288565,486.5080698142135,1730243841.8770907
2972.4243846445543,460.24477007922775,1730243841.8811524
2965.54004735232,501.5284420881799,1730243841.8851151
2990.8645738201826,522.5614336206238,1730243841.8901217
2978.369948669666,516.2358899397719,1730243841.8941514
3008.343637984233,452.8686944089764,1730243841.8981743
3033.087019096258,483.8705639684873,1730243841.9011817
2931.1630643800577,503.2271746667832,1730243841.905068
2895.4449767404767,501.5731455770905,1730243841.9091034
2943.3000616192894,501.5507938326352,1730243841.913104
2958.3204338932555,478.5284970436689,1730243841.9182656
2959.482724604932,471.3535870735153,1730243841.922032
3009.3271147402666,557.7654311377324,1730243841.9262114
2923.183491609513,529.1551982349393,1730243841.9292004
2882.279799256301,422.4703219497588,1730243841.9330935
2968.78105029834,499.785006020666,1730243841.9370902
2968.199904942501,508.7927590361547,1730243841.9410925
2985.4554516619983,463.23990383623885,1730243841.9452248
2994.574963399764,437.3118802680827,1730243841.9502492
2952.0619454457697,478.4167383213924,1730243841.9542065
2993.4573761769984,605.5758125276343,1730243841.957308
2967.2611316753787,553.4068409689476,1730243841.9611585
2928.145578878591,414.043714290108,1730243841.9653063
2986.953018540504,486.7539390032219,1730243841.9691508
2996.0725302782694,541.6721751299114,1730243841.973325
2952.4642768459653,516.2805934286826,1730243841.978162
2910.800625181273,510.9608782483194,1730243841.9813435
2930.112532390658,471.7559184737109,1730243841.98532
3019.474806722976,464.04456663663,1730243841.989328
2976.045367246314,513.1737009493949,1730243841.993256
2960.734422294429,465.9221131708757,1730243841.9972513
2996.944248312026,449.4712292517697,1730243842.0012512
2961.404974628088,536.2183494828164,1730243842.006374
2935.5216545488424,542.2309687412941,1730243842.0093584
2936.505131304876,492.0065989502191,1730243842.0132697
2940.43903832901,388.272152933139,1730243842.017428
2987.690626107529,433.0650488215744,1730243842.0213313
2994.865536077683,585.8839256625088,1730243842.0253356
2957.3369571372223,552.4680677018247,1730243842.029343
2935.0746196597365,480.1825261333617,1730243842.034355
2979.576942870253,445.7161361832781,1730243842.0372732
3030.851844650727,536.2183494828164,1730243842.041466
2949.15621866658,542.6780036304002,1730243842.0452735
2910.219479825435,487.4691948257917,1730243842.0494156
2946.2504918873897,494.3982356069369,1730243842.053239
2996.564268656286,511.0502852261407,1730243842.057486
3052.845961194749,451.6840519528451,1730243842.062364
2975.665387590574,481.52363080068005,1730243842.0653515
2804.898059952028,498.4439013533475,1730243842.0684824
2927.497378289387,518.426360896392,1730243842.0734093
3042.9664901455035,464.04456663663,1730243842.0774534
2973.117288722669,452.4887147532362,1730243842.0813367
2987.9141435520824,506.8481572685429,1730243842.0854776
2986.170707484568,522.9861167652747,1730243842.0895195
2972.3126259222777,521.6450120979563,1730243842.0927677
2929.039648656804,516.7723318066993,1730243842.0975542
2878.1447265320694,471.040662651141,1730243842.1015542
3003.5156611818866,500.3437996320486,1730243842.105568
2995.983123300448,517.0852562290736,1730243842.1094809
2903.178680322013,492.3418751170487,1730243842.1135602
2944.1941313975017,479.06493891059625,1730243842.11744
2956.308776892278,457.16022934439536,1730243842.120427
2934.784046981817,524.5730906216014,1730243842.12453
2978.6828730920406,518.2251951962943,1730243842.1293993
3022.4922922244423,489.5702588045906,1730243842.1335363
2951.793724512306,472.2476568517277,1730243842.1375248
2985.120175495169,435.9037203673984,1730243842.1417875
3105.752540320461,463.6422352364344,1730243842.144466
2920.76950320834,494.4429390958475,1730243842.148943
2876.8706770981166,526.2494714557495,1730243842.1527524
2978.4817073919426,528.9987360237523,1730243842.1580193
2916.3662095506443,537.5147506612243,1730243842.161566
2964.1765909405462,459.48481076774726,1730243842.165769
2973.5196201228646,417.8658625919656,1730243842.1694684
2929.844311457194,487.1339186589621,1730243842.1725109
2965.7188613079625,534.4525616708472,1730243842.1765327
2963.4613351179764,494.1076629290179,1730243842.180546
2944.641166286608,499.1815089203726,1730243842.184703
2983.1085184941912,500.5673170766017,1730243842.1896007
2984.6060853726967,526.3165266891154,1730243842.1936936
2963.01430022887,474.460479552803,1730243842.1992671
2925.7539422218733,410.8697665774544,1730243842.200605
2964.534218851831,517.3981806514479,1730243842.2045631
2980.2921986928227,531.5468348916572,1730243842.2110715
2976.4253469020546,510.8714712704982,1730243842.212597
2945.1329046646247,489.3467413600375,1730243842.2179773
2962.835486273228,428.237072019228,1730243842.2215896
2944.8423319867056,579.2007540703719,1730243842.2250552
2949.111515177669,572.6069894560563,1730243842.2286203
2895.1991075514684,453.1369153424401,1730243842.233042
2932.124189391636,414.0884177790186,1730243842.2366824
2993.59148664373,492.3865786059593,1730243842.2407904
3073.633083538185,497.460424597314,1730243842.2457669
2969.2280851874457,509.3292009030821,1730243842.2498531
2896.987247107893,466.5926655045349,1730243842.2527082
3042.474751767487,509.1503869474396,1730243842.2568653
2991.982161042948,527.6129278675232,1730243842.2617412
2899.5576977202536,490.2408111382498,1730243842.2672677
2869.3604909611336,471.2865318401494,1730243842.2697375
2943.478875574932,530.6080616245343,1730243842.2738633
2966.568227597264,527.1658929784171,1730243842.277694
2933.107666147669,517.3534771625373,1730243842.281902
2923.2952503317897,450.3429472855267,1730243842.284917
2986.014245273381,449.18065657385074,1730243842.2889323
3045.1346093576685,514.201881194339,1730243842.2929451
2986.193059229024,563.5768846961123,1730243842.2969916
2981.1639167265794,488.0056366927191,1730243842.3011467
2919.316639818745,492.0960059280403,1730243842.3063943
2953.8053815132835,480.0260639221745,1730243842.3089087
2991.3563121982,462.3234823135713,1730243842.3128293
2933.957032436971,519.8568725415316,1730243842.3172278
3033.7128679410066,489.2796861266716,1730243842.3207843
2922.24471834239,485.7257587582778,1730243842.3252337
2877.7423951318738,517.1299597179842,1730243842.3287876
2953.246587901901,519.4768928857915,1730243842.3329592
2990.2163732309787,468.9172469278869,1730243842.3359249
2976.045367246314,501.6178490660011,1730243842.3409674
2919.8307299412168,549.1153060335286,1730243842.3447828
2926.9385846780046,496.61105830801233,1730243842.3493109
2966.054137474792,451.4828862527473,1730243842.352801
3015.6526584211183,504.5012241007357,1730243842.358047
3018.401922989121,494.9793809627749,1730243842.3609004
2970.0103962433814,490.9784187052749,1730243842.3639843
2909.392465280589,516.7276283177887,1730243842.369007
2986.818908073772,531.9715180363081,1730243842.3729942
2985.701320851007,523.4778551432914,1730243842.3768673
2951.793724512306,464.1786771033618,1730243842.381014
2898.462462241944,435.9931273452196,1730243842.384973
2871.9756450624045,454.0309851206524,1730243842.3890436
2972.82671604475,478.3496830880264,1730243842.3919466
3018.625440433674,545.5613786651348,1730243842.397061
2951.056116945281,501.5954973215458,1730243842.400998
2949.1338669221245,490.5760873050794,1730243842.4048529
2931.900671947082,559.262998016238,1730243842.409065
2988.9423237970263,527.1211894895065,1730243842.4129784
2972.513791622376,448.7783251736552,1730243842.4160864
2946.764582009862,436.8871971234319,1730243842.4199996
2966.0317857303367,481.7247965007778,1730243842.4240727
2949.513846577865,511.0949887150513,1730243842.4290712
2954.0959541912025,543.6391286419783,1730243842.4331198
2900.3176570317337,517.9569742628306,1730243842.4369123
2935.923985949038,514.3359916610708,1730243842.4412937
3027.856710893716,533.3126227036265,1730243842.4449878
3016.144396799135,444.39738326041504,1730243842.448153
2879.1729067770134,440.1952553028173,1730243842.4519353
2941.4001633405883,456.109697354996,1730243842.4570856
3045.380478546677,477.6120755210013,1730243842.4609804
2900.3847122651,531.9044628029421,1730243842.4651244
2915.6509537280745,493.1465379174397,1730243842.46908
3039.166693588101,505.9093840014201,1730243842.4730935
3024.1239695696795,512.7937212936546,1730243842.476076
2919.0707706297367,494.4205873513922,1730243842.4799807
2921.4624072864544,457.7413747002333,1730243842.4851773
2885.163174291036,471.7559184737109,1730243842.4892645
2918.087293873703,517.4205323959031,1730243842.4932315
2976.268884690868,499.0921019425514,1730243842.496111
3002.755701870406,466.6597207379008,1730243842.5002108
2954.408878613577,508.09985495804017,1730243842.5041926
2942.24952962989,557.4078032264475,1730243842.5080652
2928.592613767697,536.1959977383611,1730243842.5120757
2933.82292197024,469.5654475170908,1730243842.5172317
3035.5233592418863,442.6092437039904,1730243842.5212033
3002.040446047836,482.3282936010711,1730243842.524208
2945.3564221091774,506.1776049348837,1730243842.5281549
2935.7675237378508,520.1697969639059,1730243842.5321653
2951.4137448565657,476.3380260870488,1730243842.5360396
2929.0620004012585,453.7627641871887,1730243842.540222
2864.2642932253234,478.5955522770348,1730243842.5450962
2947.815113999261,523.5896138655679,1730243842.5493193
2982.817945816272,453.494543253725,1730243842.5522811
3000.6769896360624,467.5984940050237,1730243842.5562875
2900.027084353814,506.19995667933904,1730243842.5603034
2911.158253092558,497.72864553077767,1730243842.564296
3007.293105994833,508.3680758915039,1730243842.568329
2992.071568020769,495.8958024854425,1730243842.5732963
2996.0725302782694,513.1513492049395,1730243842.576306
2963.081355462236,489.2573343822163,1730243842.579329
2919.607212496664,448.9347873848424,1730243842.584408
2997.0336552898475,471.8676771959874,1730243842.5881832
2997.92772506806,516.3700004065038,1730243842.5923977
2912.4546542709654,530.7645238357215,1730243842.5963876
2900.205898309457,469.8113167060992,1730243842.6004295
2939.790837739806,421.6433074049124,1730243842.6042426
2980.1580882260905,555.4408497143805,1730243842.6072395
2972.200867200001,526.3388784335707,1730243842.6122952
2916.120340361636,448.0630693510854,1730243842.6163406
2954.140657680113,440.9328628698424,1730243842.62139
2969.809230543284,514.425398638892,1730243842.6254
2986.818908073772,534.5866721375791,1730243842.6282885
2925.86570094415,468.6266742499679,1730243842.6325123
2893.5897819506863,461.8540956800098,1730243842.6354508
2962.455506617488,491.8724884834873,1730243842.6403823
2979.219314958968,537.6488611279561,1730243842.6442692
2936.907462705072,517.3534771625373,1730243842.648394
3036.372725531188,412.3002782225941,1730243842.652369
3017.6196119331853,459.7753834456663,1730243842.6564443
2979.688701592529,529.1328464904841,1730243842.6604736
2876.6471596535634,544.6226053980118,1730243842.663454
2872.154459018047,476.3827295759594,1730243842.6674411
2968.0434427313144,424.8172551175661,1730243842.6723974
3001.660466392096,546.4107449544365,1730243842.6764576
2952.1737041680462,530.2280819687942,1730243842.680421
2951.0784686897364,493.4147588509034,1730243842.683581
2902.8657558996388,481.009540678208,1730243842.6875584
2953.559512324275,521.265032442216,1730243842.691841
2993.4573761769984,515.3418201615597,1730243842.6970072
2978.1240794806577,427.94649934130905,1730243842.7003736
3003.40390245961,461.1164881129847,1730243842.7044427
2917.997886895882,515.9676690063083,1730243842.7088628
2949.022108199848,479.5343255441577,1730243842.7114651
2924.9716311659377,536.0842390160846,1730243842.715622
2897.099005830169,507.8763375134871,1730243842.7193935
2949.2679773888563,494.6888082848559,1730243842.723628
2956.375832125644,505.9987909792413,1730243842.72844
2952.240759401412,481.9930174342415,1730243842.7326863
2937.801532483284,464.2010288478171,1730243842.7365303
2994.3067424663,488.8550029820208,1730243842.739647
2986.371873184666,479.80254647762143,1730243842.7436368
2926.469198044443,482.9317907013644,1730243842.7474496
2983.868477805672,436.0154790896749,1730243842.7519033
2977.8335068027386,469.5877992615461,1730243842.7567
2900.988209365393,594.0870158776064,1730243842.7606862
2934.5828812817194,520.3262591750931,1730243842.7646558
3029.1978155610345,483.1553081459175,1730243842.768011
2954.5206373358533,486.5751250475794,1730243842.7717755
2931.5206922913426,509.91034625892,1730243842.7759037
2960.2650356608674,516.0570759841295,1730243842.7796383
2915.9191746615384,458.3895752894372,1730243842.7850745
2948.038631443814,474.3487208305265,1730243842.7885876
2949.2903291333114,474.751052230722,1730243842.7930164
2932.8617969586608,522.0473434981518,1730243842.7955909
2946.5634163097643,519.2757271856937,1730243842.7998948
2938.9414714505047,476.0027499202192,1730243842.803537
2977.2300097024454,454.1650955873842,1730243842.8081582
2987.7129778519843,456.4002700329149,1730243842.81159
2926.3797910666217,521.2426806977606,1730243842.8167956
2921.663572986552,513.0842939715736,1730243842.8195596
2953.291291390812,537.0006605387522,1730243842.823754
3002.465129192487,547.6847943883889,1730243842.8275669
2958.432192615532,490.2408111382498,1730243842.8317733
2938.449733072488,440.7987524031106,1730243842.8359363
3033.154074329624,463.75399395871096,1730243842.8402348
3045.112257613213,524.5507388771462,1730243842.844673
2825.7298857843743,476.6285987649678,1730243842.8479304
2856.4188309215106,452.913397897887,1730243842.8516808
2931.1630643800577,573.2775417897155,1730243842.85606
3004.342675726733,543.7732391087102,1730243842.8602128
2984.4272714170543,477.45561330981417,1730243842.8639
2927.1397503781022,438.4741709797586,1730243842.867897
2944.931738964526,490.08434892706265,1730243842.8728268
2956.733460036929,527.0988377450511,1730243842.8759086
2974.994835256915,556.6701956594223,1730243842.8797927
2877.921209087516,454.4780200097585,1730243842.884015
2902.821052410728,458.3448718005266,1730243842.8877056
2976.4924021354204,526.5847476225791,1730243842.891904
3006.823719361272,507.3398956465597,1730243842.8958693
2970.5468381103087,477.9697034322862,1730243842.9011223
2931.2748231023343,451.4828862527473,1730243842.903716
3002.1298530256577,436.8424936345213,1730243842.9082763
2923.5858230097083,538.9229105619086,1730243842.9117887
2905.369151278633,491.0454739386408,1730243842.9158726
2943.2330063859235,383.19830694178427,1730243842.9197557
2979.286370192334,534.1172855040176,1730243842.923897
2976.604160857697,607.3639520840588,1730243842.9287295
2967.7081665644846,520.3709626640037,1730243842.9319532
2950.452619844988,463.7092904698003,1730243842.9353285
2902.1057965881582,475.3992528199259,1730243842.9397795
2928.503206789876,498.1086251865179,1730243842.9439747
2925.306907332767,525.6906778443669,1730243842.94795
2902.508127988354,501.50609034372457,1730243842.9521189
2970.9268177660488,525.2883464441712,1730243842.955954
2988.897620308116,544.1755705089057,1730243842.9588149
2940.930776707027,513.6654393274116,1730243842.9629724
2938.9414714505047,413.8425485900103,1730243842.9683547
2942.473047074443,473.365244074493,1730243842.9720514
3002.1969082590235,565.812059141643,1730243842.9759967
2983.466146405476,473.3875958189483,1730243842.979982
2952.2631111458672,430.56165344258,1730243842.9829905
2920.5012822748763,570.9306086219083,1730243842.9868855
2928.6149655121526,539.3252419621041,1730243842.9910395
3002.666294892585,525.6236226110009,1730243842.9958966
2965.6518060745966,494.59940130703467,1730243843.0003967
2930.2689946018454,484.63052327996775,1730243843.003834
2958.6780618045404,540.554587907146,1730243843.0084617
2983.242628960923,512.9054800159312,1730243843.010862
2930.537215535309,471.8453254515321,1730243843.0153644
2895.5567354627533,479.9813604332639,1730243843.0190864
2964.4671636184653,580.1395273374948,1730243843.0230784
3081.925580731104,515.1630062059172,1730243843.0279603
2986.8636115626828,456.82495317756576,1730243843.0330727
2833.150664943536,435.0543540780967,1730243843.036922
2945.803456998284,542.4544861858471,1730243843.0401156
2958.700413548996,558.391279982481,1730243843.0431094
2981.678006849052,472.6946917408338,1730243843.0471747
2967.73051830894,464.4468980368255,1730243843.0522175
2917.215575839946,524.1260557324953,1730243843.0564835
2923.876395687628,570.0588905881514,1730243843.0605092
2945.468180831454,509.41860788090327,1730243843.0631096
2983.3320359387444,425.84543536251016,1730243843.0671003
2964.7353845519287,486.105738414018,1730243843.0710194
2904.05039835577,566.1473353084726,1730243843.0755484
2914.466311271943,540.7781053516991,1730243843.0791008
2997.1230622676685,501.1931659213503,1730243843.0846453
2969.2280851874457,494.21942165129445,1730243843.0881956
2961.8520095171943,474.2593138527053,1730243843.0910645
2977.945265525015,544.779067609199,1730243843.095058
2934.5158260483536,558.9277218494084,1730243843.0995543
2944.2835383753227,510.782064292677,1730243843.1031103
2986.438928418032,556.6478439149671,1730243843.1075673
3018.1560538001127,508.7927590361547,1730243843.1120284
2985.231934217445,487.2903808701493,1730243843.116642
2937.1086284051694,465.00569164820814,1730243843.119053
2921.887090431105,501.6625525549117,1730243843.1232135
2922.132959620113,536.5983291385567,1730243843.1273532
2952.1290006791355,485.6810552693672,1730243843.1312752
2960.82382927225,445.7608396721888,1730243843.135481
2979.889867292627,530.4739511578025,1730243843.1395352
2988.003550529904,510.5585468481239,1730243843.1440763
2935.365192337655,492.3195233725934,1730243843.1472783
2882.279799256301,495.3146571296045,1730243843.1515567
2936.974517938437,488.0279884371744,1730243843.155356
2970.6809485770405,475.4886597977471,1730243843.1596696
2953.291291390812,516.9064422734311,1730243843.163178
2978.213486458479,511.7655410487105,1730243843.168743
2978.2581899473894,508.233965424772,1730243843.1712365
2974.8607247901828,567.7119574203441,1730243843.1745172
2959.147448438102,521.555605120135,1730243843.179128
2941.444866829499,476.71800574278905,1730243843.1831737
2902.753997177362,501.3049246436268,1730243843.1871595
2943.411820341566,523.5672621211127,1730243843.191568
2954.341823380211,511.0949887150513,1730243843.1963985
2936.5498347937864,472.0241394071746,1730243843.1997204
2903.290439044289,454.65683396540095,1730243843.2023978
2984.9413615395265,511.944355004353,1730243843.207734
2952.508980334876,523.880186543487,1730243843.211234
2961.8967130061046,441.84928439251,1730243843.2153523
2960.510904849876,468.5819707610573,1730243843.2191715
2906.6208489681303,507.0046194797301,1730243843.223185
2962.63432057313,523.3884481654702,1730243843.2274003
2938.539140050309,501.6178490660011,1730243843.2305229
2985.0307685173475,482.4400523233476,1730243843.2354765
2997.570097156775,532.5079599032355,1730243843.2397804
2981.566248126775,553.4291927134029,1730243843.243522
2930.2242911129347,522.8296545540875,1730243843.247476
2907.045532112781,450.0970780965183,1730243843.2514956
2954.58769256922,424.7501998842001,1730243843.2543232
2964.2659979183672,577.6361319585004,1730243843.258336
2918.1990525959795,525.6906778443669,1730243843.262426
2923.5187677763424,468.17963936086176,1730243843.2674105
2988.517640652376,441.0669733365743,1730243843.27148
3001.5263559253644,497.9074594864201,1730243843.2754507
2939.3885063396106,531.7703523362103,1730243843.27931
2925.3963143105884,512.6372590824675,1730243843.2832935
2893.969761606427,458.5460375006244,1730243843.2862852
2947.7704105103508,500.880241498976,1730243843.2903533
2987.601219129708,531.9938697807634,1730243843.295328
2969.764527054373,504.5682793341017,1730243843.2994435
2964.4448118740097,503.7412647892553,1730243843.3033092
2953.0007187128926,528.037611012174,1730243843.3077836
2988.9423237970263,515.4535788838361,1730243843.3107471
2991.088091264736,460.7365084572445,1730243843.3149529
2953.894788491105,484.5634680466018,1730243843.3187315
2923.1164363761472,501.394331621448,1730243843.3234146
2989.2328964749454,545.6731373874113,1730243843.327387
2942.450695329988,528.2611284567271,1730243843.3314953
2894.4838517288986,462.7034619693115,1730243843.3345177
2944.3058901197783,479.33315984406,1730243843.3384912
2980.247495203912,533.6031953815456,1730243843.3434997
2967.886980520127,528.4399424123695,1730243843.3485403
2925.7539422218733,492.6771512838783,1730243843.3515656
2928.570262023242,485.6140000360013,1730243843.355596
2954.855913502683,515.8335585395764,1730243843.3606267
2929.240814356901,465.1174503704847,1730243843.364593
2954.498285591398,413.6413828899125,1730243843.367566
2933.9346806925155,538.364116950526,1730243843.3704326
2998.151242512613,614.0918271651062,1730243843.374537
2970.993872999414,534.4525616708472,1730243843.3784769
2890.996979593871,423.34203998351575,1730243843.3835084
2958.454544359988,492.654799539423,1730243843.3875449
2982.125041738157,572.7187481783328,1730243843.3905802
2919.7860264523065,530.4739511578025,1730243843.3944168
2990.5516493978084,477.5226685431801,1730243843.398593
2988.8305650747498,476.11450864249576,1730243843.4024427
2994.887887822138,494.0182559511967,1730243843.4067235
2962.008471728381,526.8529685560428,1730243843.411414
2912.1640815930464,530.138674990973,1730243843.4156268
2917.506148517865,487.7374157592554,1730243843.4195435
2948.4856663329206,504.881203756476,1730243843.4225535
2988.9423237970263,517.8675672850094,1730243843.4274905
2950.698489033996,485.5692965470906,1730243843.4326177
2911.4041222815663,453.8745229094652,1730243843.4355347
2948.284500632823,490.2184593937945,1730243843.4396777
2974.704262578996,518.7839888076769,1730243843.442596
2964.578922340741,514.7159713168111,1730243843.4467373
2945.825808742739,493.6606280399118,1730243843.4507189
2968.177553198046,476.71800574278905,1730243843.4546423
2978.369948669666,543.907349575442,1730243843.4587417
3016.658486921607,513.7995497941434,1730243843.4647143
2930.067828901748,482.48475581225824,1730243843.4677894
2849.5568453737314,453.06986010907417,1730243843.4705658
2985.9918935289256,549.942320578375,1730243843.474747
3029.108408583213,562.9957393402743,1730243843.478593
2921.1941863529905,495.1134914295067,1730243843.4827228
2890.438185982488,454.65683396540095,1730243843.486571
2965.7635647968727,515.587689350568,1730243843.4907691
3020.324173012277,510.1338637034731,1730243843.4956193
2927.765599222851,526.7412098337662,1730243843.4987948
2916.5450235062867,458.9036654119093,1730243843.5036695
2931.498340546887,468.82783995006565,1730243843.5077684
2969.339843909722,538.7217448618109,1730243843.5106142
2976.4924021354204,531.8374075695763,1730243843.5169072
3013.8645188646938,467.5314387716578,1730243843.5196145
3009.1930042735344,499.9191164873978,1730243843.522827
2970.055099732292,513.8219015385988,1730243843.526846
2949.111515177669,459.5742177455685,1730243843.529833
2969.831582287739,513.9560120053306,1730243843.5348508
2955.4594106029763,545.2484542427604,1730243843.5388472
2962.053175217292,557.005471826252,1730243843.542766
2931.475988802432,524.4613318993249,1730243843.5469103
2921.082427630714,457.2943398111272,1730243843.5508392
2895.8026046517616,422.62678416094593,1730243843.5537708
2999.157071013102,560.2017712833609,1730243843.5578375
3003.6497716486183,546.9695385658191,1730243843.5617745
2908.8783751581163,461.7423369577333,1730243843.5668254
2894.4838517288986,486.1727936473839,1730243843.570887
2941.310756362767,517.5769946070903,1730243843.5748844
2992.7421203544286,490.330218116071,1730243843.5787773
2986.7742045848618,476.8521162095209,1730243843.582791
2953.671271046552,493.90649722892016,1730243843.587936
3029.019001605392,519.4098376524255,1730243843.590922
2997.3242279677665,537.3582884500371,1730243843.5947585
2887.375996992111,542.3427274635706,1730243843.5988903
2930.380753324122,460.7588602016998,1730243843.6028335
2994.329094210756,508.1445584469508,1730243843.6062112
2941.221349384946,558.3018730046598,1730243843.6102805
2903.491604744388,511.3855613929703,1730243843.6140127
2930.023125412837,426.0018975736973,1730243843.6182988
2990.730463353451,509.1503869474396,1730243843.62306
3003.02392280387,572.1599545669502,1730243843.627022
2931.2077678689684,504.0541892116296,1730243843.631168
2909.928907147516,431.5227784541581,1730243843.634395
2962.455506617488,484.3399506020488,1730243843.6381276
3024.794521903339,551.8198671126207,1730243843.6419923
2957.5157710928647,536.0395355271739,1730243843.6459076
2923.831692198717,499.8744129984872,1730243843.6500678
2947.2116168989683,481.18835463385045,1730243843.6550646
2982.057986504792,498.6450670534453,1730243843.6590717
2999.626457646664,506.7587502907217,1730243843.6629496
2945.0658494312584,476.0474534091298,1730243843.6660428
3003.3591989707,486.7092355143113,1730243843.672053
3002.040446047836,492.90066872843136,1730243843.6750205
2961.2708641613563,547.2601112437382,1730243843.6789966
2905.078578600714,535.4136866824254,1730243843.6828756
2909.593630980686,509.8656427700094,1730243843.685882
2894.707369173452,523.5449103766573,1730243843.6900315
2928.5479102787867,514.7383230612663,1730243843.693868
2941.0648871737585,487.5586018036129,1730243843.6980276
2970.725652065951,431.947461598809,1730243843.7021062
2992.608009887697,459.7530317012109,1730243843.706156
2973.497268378409,550.5905211675789,1730243843.711001
2987.0647772627804,557.296044504171,1730243843.7144551
3012.478710708465,473.7005202413226,1730243843.7185276
3012.657524664108,491.6489710389342,1730243843.722155
2937.86858771665,549.1153060335286,1730243843.7260509
2986.2824662068447,553.8538758580537,1730243843.7301252
2988.7411580969288,441.62576694795695,1730243843.7342424
2917.662610729052,476.8521162095209,1730243843.739276
2932.8394452142056,545.069640287118,1730243843.742019
2896.070825585225,477.45561330981417,1730243843.7461414
2907.537270490798,511.7431893042552,1730243843.750524
2923.5187677763424,509.97740149228594,1730243843.7542255
2945.244663386901,523.5002068877467,1730243843.7583404
2988.338826696733,486.7762907476772,1730243843.7621713
2956.4875908479203,454.1650955873842,1730243843.7674377
2945.2893668758115,488.7655960041996,1730243843.770065
2975.933608524037,532.1279802474952,1730243843.7731817
3019.3853997451547,570.6623876884446,1730243843.778214
2972.6255503446523,516.9511457623418,1730243843.782838
2943.054192430281,462.0552613801076,1730243843.786176
3000.185251258046,501.3496281325374,1730243843.79063
2968.6916433205183,547.1930560103722,1730243843.7941144
2969.339843909722,492.83361349506544,1730243843.797649
2951.1231721786467,463.6645869808897,1730243843.8017037
2906.352628034667,464.1786771033618,1730243843.8063867
2925.3516108216777,526.2494714557495,1730243843.810387
2947.6139482991634,534.7431343487661,1730243843.8142078
2941.511922062865,470.0348341506522,1730243843.8181672
2954.297119891301,505.5070526012245,1730243843.822262
2975.5312771238423,510.7373608037664,1730243843.8256388
2917.1708723510355,520.1250934749953,1730243843.8297355
2971.664425333074,474.5051830417136,1730243843.8342967
2981.0745097487584,511.81024453762114,1730243843.838736
2939.992003439904,537.8723785725092,1730243843.8429089
2926.6480120000856,519.1192649745066,1730243843.8462825
2978.951094025504,466.2126858487947,1730243843.8505633
3021.2629462794,459.1271828564624,1730243843.8532383
2946.094029676203,537.1571227499393,1730243843.857596
2926.24568059989,542.588596652579,1730243843.8628328
2933.107666147669,477.12033714298457,1730243843.8666432
2946.406954098577,471.6441597514343,1730243843.8703065
2927.5197300338427,519.9686312638082,1730243843.8748703
2926.4244945555324,488.47502332628056,1730243843.8772285
2978.7946318143167,487.5138983147023,1730243843.8814957
2963.573093840253,497.3710176194928,1730243843.8855357
2944.4847040754207,528.8646255570204,1730243843.8895452
2977.54293412482,505.3058869011268,1730243843.8943088
2953.2018844129902,466.4809067822584,1730243843.89854
2930.447808557488,470.45951729530304,1730243843.9025776
2941.3331081072224,509.8879945144647,1730243843.905852
3013.2610217644005,491.201936149828,1730243843.9098308
2965.562399096775,535.7936663381656,1730243843.9134252
2880.625770166608,503.98713397826367,1730243843.9174469
2904.1398053335915,493.88414548446485,1730243843.9228818
2958.052212959792,502.71308454431113,1730243843.9267666
2952.6877942905185,507.0046194797301,1730243843.9293869
2951.994890212404,472.89585744093154,1730243843.933466
2932.012430669359,470.45951729530304,1730243843.9373472
2945.088201175714,542.2756722302047,1730243843.9414797
2933.800570225784,527.814093567621,1730243843.9454548
2931.744209735896,466.4362032933478,1730243843.9509077
2968.82575378725,443.8609413934877,1730243843.954523
2952.7324977794287,529.9151575464199,1730243843.9574778
2958.499247848898,499.0697501980961,1730243843.962399
2935.365192337655,416.0553712910857,1730243843.9665928
2932.951203936482,506.490529357258,1730243843.9694088
2959.125096693647,542.9015210749533,1730243843.9734595
2940.9978319403926,558.3689282380258,1730243843.9773412
2930.112532390658,509.4409596253586,1730243843.981546
2916.097988617181,475.8239359645768,1730243843.985433
2952.084297190225,505.7305700457776,1730243843.9895632
2993.949114555015,541.1133815185286,1730243843.9944773
2924.05520964327,462.8375724360433,1730243843.9975538
2900.116491331636,422.55972892758,1730243844.0018291
2982.460317904988,525.5342156331797,1730243844.0058815
2967.5517043532973,543.5050181752465,1730243844.009829
2951.5478553232974,503.58480257806815,1730243844.0136492
2904.966819878437,447.3925170174261,1730243844.0178893
2934.314660348256,487.6256570369789,1730243844.0227034
2954.341823380211,496.4545960968252,1730243844.0257297
2954.4312303580323,491.6042675500236,1730243844.0296557
2907.5819739797084,441.91633962587593,1730243844.0336237
2932.414762069555,448.0407176066301,1730243844.0375752
2983.1308702386464,553.0715648021179,1730243844.0419328
2972.82671604475,486.686883769856,1730243844.0455775
2992.406844187599,469.20781960580587,1730243844.0507789
3007.851899606216,462.0999648690182,1730243844.053498
2937.578015038731,515.587689350568,1730243844.0579193
2922.781160209317,576.3397307800926,1730243844.0614624
2934.2252533704345,491.9618954613085,1730243844.065789
2931.118360891147,417.50823468068063,1730243844.069553
2977.8782102916493,534.29609945966,1730243844.0737484
2974.570152112264,560.5146957057352,1730243844.0775323
2988.182364485546,480.80837497811024,1730243844.0809417
2900.697636687474,468.6043225055126,1730243844.086118
2874.121412530114,455.1485723434177,1730243844.089893
2912.76757869334,528.3058319456377,1730243844.093645
2980.2251434594564,515.2300614392831,1730243844.0978696
2986.818908073772,467.8890666829428,1730243844.101842
2933.5770527812306,418.60347015899066,1730243844.1048632
2904.475081500421,503.3165816446044,1730243844.1088984
2921.641221242097,555.3737944810146,1730243844.1126204
2907.4478635129767,468.53726727214666,1730243844.1179042
2967.149372953102,483.53528780165766,1730243844.1215076
2977.1406027246244,527.4341139118808,1730243844.1257603
2928.7043724899736,538.2523582282494,1730243844.1300528
2885.900781858061,453.9192263983758,1730243844.1338325
2914.0416281272924,446.7443164282223,1730243844.136557
2947.032802943326,519.0298579966853,1730243844.1409235
2961.4496781169987,462.4128892913925,1730243844.145846
2976.8276783022498,438.85415063549885,1730243844.150031
2926.4244945555324,512.6149073380121,1730243844.1535804
2929.1961108679907,544.555550164646,1730243844.1598637
2984.539030139331,461.6752817243674,1730243844.162716
3020.592393945741,481.1660028893952,1730243844.166175
2899.0659593422365,454.880351409954,1730243844.1697075
2919.4507502854767,466.1232788709735,1730243844.173768
2901.3234855322225,538.364116950526,1730243844.177762
2882.324502745212,498.1309769309732,1730243844.1818547
2932.6159277696524,455.3720897879708,1730243844.1856594
2913.572241493731,479.914305199898,1730243844.189953
2946.0046226983814,554.5467799361683,1730243844.1928184
2963.1260589511467,489.2573343822163,1730243844.1974263
2921.685924731007,440.4411244918257,1730243844.2018447
2947.859817488172,489.45850008231406,1730243844.2064764
2964.914198507571,538.7440966062661,1730243844.2101147
2898.0377790972925,496.6334100524677,1730243844.213338
2940.662555773563,426.784208629633,1730243844.2168915
2990.082262764247,501.3719798769927,1730243844.220786
2960.2203321719567,510.02210498119655,1730243844.2247655
2930.96189867996,505.9093840014201,1730243844.2288744
2853.4013454200444,408.433426431826,1730243844.2339716
2980.895695793116,499.6732472983894,1730243844.2377627
2995.960771555993,547.8189048551208,1730243844.2408547
2933.9123289480603,540.8898640739756,1730243844.2448907
2876.2224765089127,455.32738629906015,1730243844.2490845
2927.7208957339403,436.6413279344235,1730243844.252784
2967.507000864387,519.8568725415316,1730243844.2574084
2965.2941781633112,537.8500268280538,1730243844.2617865
2921.4847590309096,452.71223219778926,1730243844.266058
2888.9629708484376,439.5694064580687,1730243844.2688391
2943.121247663647,522.3826196649813,1730243844.2730691
2979.956922525993,520.3486109195484,1730243844.2770016
2985.9024865511046,492.49833732823583,1730243844.281319
2923.049381142781,422.3809149719376,1730243844.2851224
2918.601383996175,467.5761422605684,1730243844.2899354
2983.913181294582,562.8616288735425,1730243844.2937963
2999.224126246468,500.14263393195085,1730243844.297408
2901.189375065491,447.5936827175239,1730243844.3012908
2899.445938997977,491.40310184992575,1730243844.3050177
2944.372945353144,517.845215540554,1730243844.3108287
2978.3923004141216,492.7665582616995,1730243844.3149812
2982.795594071817,467.978473660764,1730243844.3188567
2923.317602076245,462.4799445247584,1730243844.3231852
2952.307814634778,543.907349575442,1730243844.3259375
2966.4117653860767,510.2679741702049,1730243844.329075
2952.3972216125994,446.9007786394094,1730243844.333564
2887.755976647851,462.9716829027752,1730243844.3370044
2955.6382245586187,501.103758943529,1730243844.341007
2970.144506710113,518.6275265964898,1730243844.346054
2909.280706558312,483.4458808238364,1730243844.3490388
2887.9347906034936,489.1902791488504,1730243844.3528912
2947.859817488172,457.0037671332082,1730243844.357096
2906.598497223675,462.7034619693115,1730243844.3610263
2897.7025029304627,488.6761890263783,1730243844.3651073
2998.195946001524,509.2397939252608,1730243844.368927
2945.803456998284,526.3835819224813,1730243844.3741007
2915.0698083722364,522.3602679205261,1730243844.3771057
2943.3000616192894,476.0027499202192,1730243844.380664
2943.791799997306,415.8765573354432,1730243844.3851812
2966.97055899746,481.81420347859904,1730243844.389104
3003.4933094374314,547.5506839216571,1730243844.3931563
3013.752760142417,495.0017327072302,1730243844.3975537
2921.685924731007,463.1281451139623,1730243844.4019763
2920.6800962305188,477.12033714298457,1730243844.4056857
2920.6130409971524,497.4157211084034,1730243844.408383
2915.092160116692,482.3282936010711,1730243844.413165
2909.995962380882,460.8929706684317,1730243844.4173489
2921.216538097446,460.6023979905127,1730243844.4212725
2974.63720734563,485.4575378248141,1730243844.4251723
2995.1114052666912,517.7111050738222,1730243844.4291968
2985.477803406454,494.2864768846604,1730243844.4332025
2894.997941851371,462.8375724360433,1730243844.4361508
2952.665442546063,483.7588052462108,1730243844.441615
2933.9123289480603,565.4544312303581,1730243844.4451115
2893.1650988060355,481.85890696750965,1730243844.4496408
2939.053230172781,482.9988459347303,1730243844.453085
3001.347541969722,521.9355847758752,1730243844.456225
3044.844036679749,513.5536806051351,1730243844.461203
2967.328186908745,483.8705639684873,1730243844.4664257
2902.798700666273,480.9201337003868,1730243844.4701395
2940.886073218116,504.9035555009313,1730243844.4732616
2966.054137474792,495.56052631861286,1730243844.4780872
2937.265090616356,478.9531801883197,1730243844.4822948
2879.0387963102817,440.8881593809318,1730243844.4871876
2942.137770907613,372.2459521586839,1730243844.4906137
2975.553628868297,561.8558003730536,1730243844.4932933
2941.4001633405883,585.3474837955814,1730243844.4975984
2940.0143551843594,470.7053864843114,1730243844.5017362
2912.275840315323,416.59181315801305,1730243844.5059428
2943.076544174736,480.6742645113784,1730243844.5094333
3012.076379308269,510.3797328924815,1730243844.5122278
2973.877248034149,469.4760405392696,1730243844.51699
2907.8725466576275,504.4788723562804,1730243844.5202937
2950.340861122711,563.3310155071039,1730243844.524788
2959.0356897158254,546.746021121266,1730243844.5292757
2953.8053815132835,484.4964128132359,1730243844.5332644
2920.009543896859,455.8861799104429,1730243844.537514
2960.2426839164123,509.9326980033753,1730243844.5405505
2930.112532390658,498.06392169760727,1730243844.5443149
2987.623570874164,440.7540489142,1730243844.5484076
2992.5856581432413,445.8725983944653,1730243844.552385
2953.5818640687307,512.9501835048418,1730243844.5576663
2942.383640096621,544.0191082977186,1730243844.5613286
2930.9171951910494,507.7869305356659,1730243844.564577
2917.550852006776,430.785170887133,1730243844.5684452
2928.2349858564125,474.8181074640879,1730243844.572622
2940.796666240295,487.2456773812386,1730243844.5771291
2969.853934032194,509.1950904363502,1730243844.5803108
2967.507000864387,461.9658544022864,1730243844.5843797
2966.4341171305323,488.9220582153867,1730243844.5893807
2958.5439513378087,507.76457879121057,1730243844.5924275
2903.9162878890384,512.6149073380121,1730243844.596419
2927.899709689583,462.3681858024819,1730243844.6004236
2974.078413734247,483.53528780165766,1730243844.6045763
2993.3232657102667,533.4243814259031,1730243844.6084597
2919.8307299412168,519.8345207970764,1730243844.6126082
2924.4575410434654,448.8006769181105,1730243844.6175249
2964.042480473814,488.13974715945096,1730243844.6203396
2930.716029490952,526.6741546004004,1730243844.6245797
2939.880244717627,523.813131310121,1730243844.6282663
2919.9424886634934,459.3954037899261,1730243844.632532
2920.6130409971524,456.5790839885574,1730243844.636345
2974.011358500881,451.57229323056856,1730243844.640451
3021.866443379693,465.6091887485014,1730243844.6465316
3003.6497716486183,473.1417266299399,1730243844.6494572
2953.2018844129902,441.4246012478592,1730243844.6533668
2935.812227226761,520.8850527864757,1730243844.6566863
2912.0523228707702,539.0346692841852,1730243844.660303
2887.957142347949,465.8550579375098,1730243844.664458
2924.859872443661,447.95131062880887,1730243844.6684031
2941.556625551775,504.5459275896464,1730243844.6734564
2960.309739149778,491.8054332501213,1730243844.676437
2937.15333189408,487.2903808701493,1730243844.6804993
2961.3602711391773,487.5809535480682,1730243844.6844916
3015.07151306528,494.4205873513922,1730243844.688514
2994.4855564219424,526.0930092445624,1730243844.69281
2938.9414714505047,501.9307734883754,1730243844.6964853
2943.367116852656,474.0804998970628,1730243844.700546
2915.986229894904,506.62463982398987,1730243844.7034671
2924.904575932572,532.8208843256098,1730243844.707524
2949.111515177669,501.7966630216436,1730243844.7125788
2985.187230728535,400.1856327278177,1730243844.7166743
2991.5127744093866,416.882385835932,1730243844.720571
3034.2269580634784,533.0444017701628,1730243844.7247028
2902.910459388549,556.133753792495,1730243844.7286248
2893.1650988060355,509.1503869474396,1730243844.7317455
2935.946337693493,461.5188195131802,1730243844.735422
2937.309794105267,487.0221599366856,1730243844.740628
2953.4477536019986,454.1650955873842,1730243844.7445872
2941.4225150850434,468.6266742499679,1730243844.7487977
2912.789930437795,451.0358513636412,1730243844.752983
2969.853934032194,520.3709626640037,1730243844.7566533
2991.959809298493,551.1046112900509,1730243844.759941
2973.989006756426,473.365244074493,1730243844.7640803
2942.383640096621,447.7724966731664,1730243844.768479
2942.9424337080045,519.4098376524255,1730243844.7729242
2989.5234691528644,550.0317275561962,1730243844.776742
3004.655600149107,498.7344740312665,1730243844.7809267
2934.135846392613,458.6801479673562,1730243844.785562
2952.0619454457697,484.8987442134314,1730243844.7887013
2934.5828812817194,547.6177391550231,1730243844.7935207
2896.920191874527,523.4778551432914,1730243844.7979336
2964.9365502520263,420.883348093432,1730243844.8009217
2992.608009887697,418.9610980702756,1730243844.8059585
2941.86954997415,534.1172855040176,1730243844.8098288
2965.562399096775,524.1707592214059,1730243844.8127573
2910.95708739246,453.8968746539205,1730243844.8169007
2904.5644884782423,449.51593274068034,1730243844.8196244
2972.9608265114816,521.9355847758752,1730243844.825317
2973.0278817448475,494.9346774738642,1730243844.8286843
2935.432247571021,481.0542441671186,1730243844.832621
3007.606030417208,505.7752735346882,1730243844.836563
3004.8791175936603,501.50609034372457,1730243844.840016
2971.753832310895,540.1075530180399,1730243844.8436108
2921.797683453284,515.9453172618529,1730243844.8479035
2882.883296356594,478.3049795991158,1730243844.851952
2961.114401950169,510.200918936839,1730243844.8572288
2977.989969013926,494.1523664179285,1730243844.8607316
2919.8754334301275,465.720947470778,1730243844.8637173
2937.287442360812,453.8298194205546,1730243844.8676476
3003.090978037236,486.8433459810431,1730243844.872161
2970.725652065951,529.490474401769,1730243844.8760462
2944.3505936086885,504.0765409560849,1730243844.8798356
2902.6198867106305,457.3166915555825,1730243844.8849587
2913.86281417165,463.23990383623885,1730243844.8893216
2995.312570966789,466.2797410821606,1730243844.891884
3046.296900069344,528.7081633458332,1730243844.895794
2932.705334747474,498.8015292646324,1730243844.899917
2889.410005737544,511.02793348168535,1730243844.9037564
2934.96286093746,531.2786139581935,1730243844.9081583
2963.684852562529,519.2086719523278,1730243844.9120526
2966.143544452613,489.48085182676937,1730243844.9158304
2979.73340508144,450.4323542633479,1730243844.9187171
2950.8773029896383,501.0143519657078,1730243844.9238591
2900.518822731832,515.9006137729423,1730243844.9277349
2919.1378258631025,476.4050813204148,1730243844.9319265
2924.904575932572,459.2389415787389,1730243844.9358535
2953.246587901901,489.9725902047861,1730243844.940434
2985.477803406454,538.8111518396321,1730243844.9439087
2956.6664048035627,495.6275815519789,1730243844.947982
2946.921044221049,456.84730492202107,1730243844.9517825
2992.965637798982,448.2418833067279,1730243844.9560535
2910.95708739246,512.8384247825652,1730243844.9600656
2934.3593638371667,491.2466396387386,1730243844.9641662
3021.55351895732,469.2525230947165,1730243844.967998
3045.335775057766,524.7072010883332,1730243844.9723125
2967.909332264582,585.8615739180534,1730243844.975032
2895.1097005736474,528.7305150902886,1730243844.9801896
2892.7404156613848,453.4721915092697,1730243844.984295
2921.2388898419013,472.4264708073701,1730243844.9880557
2966.791745041817,517.2864219291713,1730243844.9919903
2977.989969013926,504.7470932897441,1730243844.9961405
2898.3507035196667,475.0863283975516,1730243845.0001333
2936.080448160225,461.2953020686272,1730243845.0029924
3030.494216739442,491.91719197239786,1730243845.0070848
2933.5323492923203,532.038573269674,1730243845.0124865
2884.00088357936,456.0649938660853,1730243845.0161452
2922.602346253675,472.8288022075656,1730243845.0207424
2956.0182042143592,502.8918984999536,1730243845.0242307
2973.139640467124,510.4691398703027,1730243845.027932
2943.903558719582,501.3272763880821,1730243845.0313752
2929.732552734918,455.2826828101496,1730243845.0363328
2926.312735833256,449.3818222739485,1730243845.040014
3009.528280440364,510.8714712704982,1730243845.0439205
2992.2950854653222,522.0026400092412,1730243845.0481496
2904.6091919671526,513.5983840940457,1730243845.0514672
2931.8112649692616,517.5769946070903,1730243845.0551732
2956.4205356145544,531.5021314027466,1730243845.0590625
2966.4117653860767,482.88708721245376,1730243845.062909
2957.426364115044,459.9541974013088,1730243845.06821
2945.15525640908,456.1320490994513,1730243845.0720108
2997.9053733236046,521.0638667421182,1730243845.076219
2949.491494833409,545.3378612205818,1730243845.0791736
2932.124189391636,501.684904299367,1730243845.0830498
2915.025104883326,500.4555583543252,1730243845.0869997
2943.054192430281,517.845215540554,1730243845.0912936
2968.848105531705,483.22236337928337,1730243845.0962355
2911.493529259388,473.7675754746885,1730243845.100341
2925.1280933771245,483.53528780165766,1730243845.1041696
2953.984195468926,504.5012241007357,1730243845.1071892
2960.689718805518,488.8997064709314,1730243845.1109855
2911.158253092558,428.34883074150457,1730243845.11509
2949.670308789052,460.4235840348702,1730243845.11906
2941.221349384946,546.5448554211683,1730243845.1242087
2946.026974442837,520.2145004528165,1730243845.1280696
2939.567320295253,479.4672703107918,1730243845.1322267
2951.0337652008257,460.64710147942327,1730243845.1352112
2987.5788673852526,497.8404042530542,1730243845.1393676
2976.4924021354204,561.9899108397855,1730243845.1432545
2937.555663294276,498.041569953152,1730243845.14738
2942.405991841077,483.0435494236409,1730243845.1513476
2982.057986504792,513.9560120053306,1730243845.1566448
3029.019001605392,538.0735442726069,1730243845.1596556
2917.8190729402395,526.6294511114897,1730243845.163128
2932.638279514108,476.494488298236,1730243845.1674647
2924.05520964327,492.7665582616995,1730243845.1715195
2974.2348759454344,520.5721283641014,1730243845.175374
2981.029806259848,502.78013977767705,1730243845.1792974
2961.941416495016,447.34781352851553,1730243845.1848252
2932.5712242807417,477.4109098209036,1730243845.1874127
2954.3865268691216,514.6712678279005,1730243845.1913967
2900.451767498466,463.7986974476216,1730243845.1952186
2885.0737673132144,460.7588602016998,1730243845.199628
2991.40101568711,481.85890696750965,1730243845.203369
2979.621646359163,496.6781135413783,1730243845.2074056
2919.4507502854767,522.7402475762663,1730243845.2122345
2935.9016342045825,500.6567240544229,1730243845.215431
2930.671326002041,487.1339186589621,1730243845.2195914
2976.1571259685907,535.8160180826209,1730243845.2240813
2967.819925286761,542.6333001414896,1730243845.2272885
2956.845218759205,494.7558635182218,1730243845.2316473
2946.2728436318453,482.9988459347303,1730243845.2352254
2970.569189854764,487.3350843590599,1730243845.2397804
2990.708111608996,529.6916401018668,1730243845.2433245
2992.7421203544286,500.74613103224414,1730243845.2474823
2929.933718435016,499.2262124092832,1730243845.2515085
2960.533256594331,487.849174481532,1730243845.2553055
2967.574056097753,517.3087736736267,1730243845.2600143
2949.15621866658,547.3495182215594,1730243845.2633097
2967.171724697557,481.54598254513536,1730243845.2677
2980.11338473718,481.009540678208,1730243845.2715511
2939.790837739806,507.20578517982784,1730243845.2748308
2910.6218112256306,481.9259622008756,1730243845.279974
2895.087348829192,453.27102580917193,1730243845.283471
2921.5071107753647,437.5130459681805,1730243845.2874925
2978.5487626253084,544.1979222533611,1730243845.2915385
2991.7809953428505,550.9481490788638,1730243845.2953825
2975.73244282394,455.32738629906015,1730243845.2987597
2926.916232933549,418.9834498147309,1730243845.3024514
2991.982161042948,547.5730356661124,1730243845.3078947
2966.4788206194426,590.1084053645618,1730243845.311302
2922.021200897837,518.3593056630261,1730243845.3156433
2962.1649339395685,490.330218116071,1730243845.3194096
2990.1269662531577,506.0881979570625,1730243845.3234887
3035.3221935417887,501.48373859926926,1730243845.328041
2998.084187279247,477.38855807644825,1730243845.3308864
2915.293325816789,499.7403025317553,1730243845.3353963
2981.141564982124,510.9608782483194,1730243845.339533
2968.602236342697,533.1114570035287,1730243845.3433812
2903.2010320664685,507.9657444913083,1730243845.3477
2902.1728518215245,463.0834416250517,1730243845.3509233
2969.339843909722,478.5061452992136,1730243845.354591
2920.8812619306163,491.7607297612107,1730243845.358602
2897.9707238639267,430.0475633201079,1730243845.3649547
2957.113439692669,487.5362500591576,1730243845.36841
2964.601274085197,551.0599078011403,1730243845.372978
2952.3301663792336,504.92590724538655,1730243845.3775072
2953.4254018575434,493.1465379174397,1730243845.3808165
2936.996869682893,465.96681665978633,1730243845.3834727
2981.3650824266774,513.9336602608753,1730243845.3863702
3000.811100102794,558.2571695157492,1730243845.39049
2991.40101568711,527.1882447228724,1730243845.395584
2993.099748265713,476.1592121314064,1730243845.3998885
2960.086221705225,472.5382295296466,1730243845.402398
2973.7431375674178,514.5818608500792,1730243845.4065416
2969.54100960982,549.58469266709,1730243845.4104393
2950.3632128671666,500.3437996320486,1730243845.414499
2900.6529331985635,441.1116768254849,1730243845.418425
2979.666349848074,491.3136948721045,1730243845.4236524
2961.472029861454,570.6847394329,1730243845.427439
2936.43807607151,517.0182009957076,1730243845.4305108
2907.090235601692,452.2651973086831,1730243845.4350824
2931.9453754359934,462.5693515025797,1730243845.438602
2993.5244314103643,483.3788255904705,1730243845.4426303
2976.268884690868,539.5934628955678,1730243845.44654
2949.15621866658,499.33797113155975,1730243845.4516084
2989.299951708312,461.8317439355545,1730243845.4556
3004.275620493367,501.8637182550095,1730243845.458593
2964.757736296384,536.8665500720203,1730243845.4640095
2942.785971496817,476.494488298236,1730243845.4675505
2979.375777170155,510.35738114802615,1730243845.4706745
3008.1648240285904,528.4175906679143,1730243845.474722
2963.1931141845125,517.7781603071882,1730243845.47975
2952.888959990616,469.54309577263547,1730243845.4837508
2987.8470883187165,513.9560120053306,1730243845.4867322
2970.2339136879345,550.232893256294,1730243845.490578
2911.985267637404,503.4730438557916,1730243845.4948704
2919.987192152404,419.5645951705689,1730243845.4986005
2972.44673638901,500.7908345211548,1730243845.502626
2996.83248958975,530.0492680131517,1730243845.5067308
2975.3301114237443,514.6265643389899,1730243845.5116267
2893.902706373061,453.5839502315462,1730243845.5147195
2936.996869682893,474.6616452529008,1730243845.519703
2996.6536756341075,547.3718699660146,1730243845.5237477
3005.683780394051,525.4001051664478,1730243845.5276694
2990.1940214865235,467.77730796066623,1730243845.5336912
2984.8743063061606,441.1116768254849,1730243845.5356202
2989.992855786426,506.7587502907217,1730243845.538746
2939.3214511062447,549.2047130113498,1730243845.542709
2932.2359481139124,543.5720734086125,1730243845.546795
2971.01622474387,471.5771045180684,1730243845.5508273
2997.8383180902388,486.7315872587666,1730243845.5547998
3036.283318553367,531.3009657026489,1730243845.558872
3010.1317775406574,457.5625607445909,1730243850.5655682
3019.005420089414,457.83078167805456,1730243850.5687823
3035.3221935417887,498.7791775201771,1730243850.572657
3026.850882393227,501.5954973215458,1730243850.5765748
3010.7129228964955,454.5450752431244,1730243850.580654
3019.005420089414,452.8686944089764,1730243850.5855503
3038.384382532165,497.0804449415738,1730243850.5896175
3034.338716785755,513.687791071867,1730243850.5937555
3012.523414197375,468.2243428497724,1730243850.596654
3009.908260096104,445.559673972091,1730243850.600628
3036.149208086634,489.52555531568,1730243850.6046858
3039.2561005659227,513.3972183939479,1730243850.608631
3021.955850357515,480.8530784670209,1730243850.612594
3015.2279752764675,448.5324559846469,1730243850.6176236
3036.663298209107,482.2835901121605,1730243850.621732
3042.69826921204,514.0901224720625,1730243850.624755
3021.1958910460344,481.56833428959067,1730243850.6287525
3007.7624926283947,447.0348891061413,1730243850.6327643
3023.587527702752,469.9901306617416,1730243850.6366842
3039.211397077012,513.5313288606798,1730243850.640772
3025.912109126104,496.61105830801233,1730243850.645787
3009.237707762445,452.9581013867976,1730243850.649932
3024.7274666699727,463.4857730252472,1730243850.6528645
3043.41352503461,506.91521250190885,1730243850.6566253
3032.2823562958665,501.8637182550095,1730243850.660907
3011.0258473188696,455.59560723252383,1730243850.6649196
3013.037504319848,449.9629676297865,1730243850.6688464
3038.6749552100846,499.33797113155975,1730243850.6738105
3032.9305568850705,504.61298282301226,1730243850.6767664
3013.037504319848,459.7306799567557,1730243850.6808352
3015.987934587948,448.398345517915,1730243850.6849344
3035.7468766864395,491.06782568309615,1730243850.6889143
3044.2852430683665,516.3252969175932,1730243850.6928627
3024.079266080769,476.9415231873421,1730243850.696869
3019.1395305561464,453.0251566201636,1730243850.7018516
3039.211397077012,488.47502332628056,1730243850.7047455
3043.949966901537,518.6498783409451,1730243850.7086785
3020.659449179107,482.14947964542864,1730243850.712889
3014.758588642906,445.492618738725,1730243850.7167425
3041.021888377892,471.1524213734176,1730243850.72073
3046.498065769442,508.41277938041446,1730243850.724903
3012.322248497277,485.6810552693672,1730243850.7298412
3013.4845392089537,450.8346856635434,1730243850.732869
3044.441705279554,469.2525230947165,1730243850.7358277
3046.296900069344,511.5420236041575,1730243850.74076
3012.0540275638136,496.2087269078168,1730243850.7448523
2996.340751211733,450.3429472855267,1730243850.7488527
3017.016114832892,455.5062002547026,1730243850.7529366
3065.295882856355,494.7335117737665,1730243850.7578082
3097.7059123165504,488.13974715945096,1730243850.7609603
3064.714737500517,449.9182641408759,1730243850.763896
3015.4514927210207,464.2010288478171,1730243850.768952
3020.346524756733,509.5303666031798,1730243850.773007
3055.3493565737435,501.81901476609886,1730243850.7769227
3032.2600045514114,456.6014357330127,1730243850.781001
3009.416521718088,468.3584533165042,1730243850.7838314
3042.69826921204,514.1795294498837,1730243850.7879932
3015.093864809736,527.3894104229702,1730243850.7919245
3008.008361817403,467.5314387716578,1730243850.7960348
3067.240484623967,420.4810166932365,1730243850.800881
3095.940124504581,463.1504968584176,1730243850.8048687
3035.635117964163,532.3514976920483,1730243850.8088622
3007.941306584037,508.9045177584312,1730243850.8118837
2996.228992489456,439.3905925024262,1730243850.8159463
2976.7382713244288,452.1757903308619,1730243850.819994
2985.0307685173475,514.0230672386965,1730243850.824061
2988.4505854190097,498.7344740312665,1730243850.829033
2988.472937163465,463.8210491920769,1730243850.8329918
3050.499028026942,502.44486361084745,1730243850.8370144
3059.7750019758946,537.9617855503304,1730243850.8400722
3071.822592237305,494.3758838624816,1730243850.84403
3008.902431595616,443.9727001157642,1730243850.8481293
3031.365934773199,428.1253132969515,1730243850.8519344
3094.75548204845,480.1825261333617,1730243850.8570528
3049.0685163818025,531.7927040806657,1730243850.861104
3045.6039959912296,498.846232753543,1730243850.86511
3030.136588828157,490.5090320717135,1730243850.8688962
2997.234820989945,519.6333550969786,1730243850.8720891
3076.5164585729194,492.7442065172442,1730243850.8760672
3077.7011010290507,437.8036186460994,1730243850.880102
3046.654527980629,407.27113572015,1730243850.8850102
3057.3163100858105,456.84730492202107,1730243850.8891604
3005.59437341623,551.5069426902464,1730243850.8933744
2925.53042477732,565.1191550635284,1730243850.8961165
2940.237872628912,512.7043143158334,1730243850.9000027
3012.12108279718,491.8724884834873,1730243850.9042022
3020.525338712376,482.9541424458197,1730243850.9081438
3047.07921112528,443.4586099932921,1730243850.9122508
3031.723562684484,475.4439563088365,1730243850.9170582
2978.437003903032,552.3563089795481,1730243850.920214
3030.8071411618166,485.30107561362695,1730243850.9241943
3052.197760605545,406.2653072196612,1730243850.9280927
3078.975150463003,467.0620521380964,1730243850.9321272
3069.229789880489,547.3718699660146,1730243850.9362657
3072.604903293241,571.1764778109167,1730243850.94026
3032.2153010625007,535.2348727267829,1730243850.945288
3087.5805720782964,386.88634477690994,1730243850.9481373
3116.481377659009,419.3410777260158,1730243850.952314
3112.301601445866,528.8199220681098,1730243850.9563637
3279.872629627303,465.2068573483059,1730243850.9602685
3090.262781412933,487.2233256367833,1730243850.9644182
2837.1739789454914,577.0326348582071,1730243850.9681854
2930.023125412837,569.0754138321178,1730243850.9734137
3000.140547769135,542.9909280527745,1730243850.9763255
3005.728483882962,505.8199770235988,1730243850.9796827
2999.626457646664,440.64229019192345,1730243850.9841783
3052.8012577058385,527.1882447228724,1730243850.9883971
3117.8224823263267,532.1726837364058,1730243850.9922712
3125.556185907863,475.5110115422024,1730243850.996456
3064.5135718004194,423.8561301059878,1730243851.0013232
3072.3813858486874,421.46449344927,1730243851.004436
3050.007289648925,582.6876262053999,1730243851.008396
3052.5777402612857,487.5586018036129,1730243851.012384
2955.6605763030743,417.97762131424207,1730243851.0164523
2986.6400941181296,548.3329949775929,1730243851.0204124
3054.790562962361,607.7215799953437,1730243851.0244582
3060.981996176481,544.6896606313778,1730243851.0286984
3055.438763551565,475.1310318864622,1730243851.0313425
3047.5038942699307,506.781102035177,1730243851.0359051
3084.7419005324723,533.1338087479841,1730243851.0403652
3099.806976295349,502.84719501104297,1730243851.0442834
3031.5894522177523,463.1281451139623,1730243851.0483649
3072.56019980433,473.00761616320807,1730243851.052458
3071.442612581565,537.134771005484,1730243851.0564644
3047.1909698475565,549.4729339448136,1730243851.0593536
3055.885798440671,494.55469781812405,1730243851.0633683
3006.823719361272,487.6256570369789,1730243851.068477
3044.2181878350007,523.5449103766573,1730243851.0725012
3096.856546027249,545.0025850537521,1730243851.0763547
3021.1735393015792,528.2611284567271,1730243851.0805583
3006.041408305336,460.0883078680406,1730243851.083348
3103.293848430377,475.8239359645768,1730243851.0875356
3095.180165193101,549.0482508001627,1730243851.0917125
3029.98012661697,583.0452541166848,1730243851.0964472
2947.5915965547083,510.2456224257496,1730243851.100554
3019.988896845448,460.4012322904149,1730243851.104575
3203.58612580134,474.61694176399016,1730243851.1083648
3108.8370810552933,514.0677707276071,1730243851.1117
3019.273641022878,463.6645869808897,1730243851.115632
3025.7109434260065,481.2777616116717,1730243851.119461
3034.852806908227,524.2154627103165,1730243851.123871
3027.5437864713417,559.262998016238,1730243851.1284127
3110.826386311816,473.2534853522165,1730243851.1326406
3023.587527702752,484.4964128132359,1730243851.136541
3072.2919788708664,549.9870240672856,1730243851.1395297
3055.6175775072074,537.2465297277605,1730243851.1436453
2989.1881929860347,438.5859297020352,1730243851.1476047
2982.214448715979,476.11450864249576,1730243851.1526425
3024.213376547501,584.9675041398411,1730243851.1566117
3029.421333005588,565.9238178639196,1730243851.1604977
3052.4883332834643,470.3701103174818,1730243851.1636903
3076.2482376394555,421.1515690268957,1730243851.167594
3110.3569996782544,486.4186628363923,1730243851.1717324
3110.781682822905,497.6392385529565,1730243851.175598
3093.1014529587574,508.1892619358614,1730243851.179679
2987.154184240602,501.8860699994648,1730243851.184552
2936.929814449527,525.5789191220903,1730243851.188624
3023.587527702752,502.1989944218391,1730243851.1917143
3019.9665451009923,461.54117125763554,1730243851.195789
2988.6070476301966,419.6987056373007,1730243851.2004962
3087.3123511448325,525.2883464441712,1730243851.2036493
3036.1045045977244,586.5321262517126,1730243851.2077384
3029.8460161502385,548.0424222996738,1730243851.2126837
3051.996594905448,442.31867102607146,1730243851.2165892
3058.724469986495,405.90767930837626,1730243851.2196715
3014.4233124760763,521.2203289533054,1730243851.2240229
2969.20573344299,544.1085152755398,1730243851.2280293
3012.478710708465,556.9160648484308,1730243851.2316146
3093.906115759148,466.4362032933478,1730243851.2357504
3091.939162247081,495.4040641074257,1730243851.2405972
3151.551264709385,536.1736459939058,1730243851.244686
3096.253048926956,493.83944199555424,1730243851.2477293
2981.990931271426,484.9881511912527,1730243851.2516627
3049.2696820819,507.9657444913083,1730243851.2557285
3078.014025451425,522.3602679205261,1730243851.2596507
2936.482779560421,544.0861635310845,1730243851.263877
2939.3438028507,476.11450864249576,1730243851.2677026
3030.069533594791,527.9258522898975,1730243851.2717507
3048.1297431146795,536.0171837827187,1730243851.2748425
3017.798425888828,523.0084685097299,1730243851.2797751
3010.1988327740232,510.6703055704005,1730243851.2836516
3084.3395691322767,502.9589537333195,1730243851.2878232
3086.731205788995,514.5148056167133,1730243851.291605
3050.923711171593,455.170924087873,1730243851.2957888
3048.8673506817045,444.4197350048704,1730243851.2998333
3004.409730960099,547.0365937991851,1730243851.3028235
3023.922803869582,561.6546346729559,1730243851.307912
3030.427161506076,544.6226053980118,1730243851.3118095
2993.300913965811,475.5110115422024,1730243851.3158152
2973.139640467124,428.7735138861554,1730243851.319856
2983.1085184941912,522.5614336206238,1730243851.3237915
3055.528170529386,493.7947385066436,1730243851.3278587
3093.615543081229,504.1659479339061,1730243851.3308103
3008.835376362249,535.2572244712383,1730243851.3351667
2995.960771555993,561.7887451396878,1730243851.33988
3043.480580267976,513.620735838501,1730243851.3439152
3026.2920887818445,442.98922335973066,1730243851.3477988
3062.3901560771656,450.52176124116914,1730243851.3518295
2985.54485863982,560.8276201281095,1730243851.3558905
3025.7779986593723,539.8169803401208,1730243851.3588223
2973.9666550119705,475.2204388642834,1730243851.362848
3029.108408583213,468.11258412749584,1730243851.367846
3029.1978155610345,546.0531170431516,1730243851.371766
3070.36972884771,570.5506289661681,1730243851.3757887
2997.190117501035,517.0629044846182,1730243851.3799417
2983.220277216468,484.5634680466018,1730243851.3838613
3043.435876779065,538.9229105619086,1730243851.3870327
3054.2988245843444,543.169742008417,1730243851.391003
3028.236690549456,515.7217998172998,1730243851.3959024
3004.722655382473,467.41968004938127,1730243851.3998277
3038.8984726546378,528.8199220681098,1730243851.4040115
3090.9333337465923,565.1862102968944,1730243851.4070113
3120.5046916609635,472.7170434852891,1730243851.4109795
2991.02103603137,438.0718395795631,1730243851.415022
2963.1260589511467,453.27102580917193,1730243851.4189649
3006.600201916719,574.2163150568384,1730243851.4239285
3004.8344141047496,531.7256488472997,1730243851.4280424
2930.96189867996,405.9747345417422,1730243851.432001
2924.122264876636,468.0678806385852,1730243851.434954
3052.063650138813,588.4320245304137,1730243851.4389138
3136.7320581355166,506.4458258683474,1730243851.4429705
3060.691423498562,473.23113360776114,1730243851.4469776
3094.219040181523,508.63629682496753,1730243851.4519286
3044.017022134903,581.7935564271876,1730243851.455986
2972.916123022572,550.1881897673834,1730243851.4599535
3044.531112257375,479.9813604332639,1730243851.4630983
2979.1299079811465,479.1319941439622,1730243851.4680133
2927.3632678226554,570.617684199534,1730243851.4720397
2983.9802365279484,587.649713474478,1730243851.4749196
3008.9694868289816,494.4205873513922,1730243851.4811368
3067.3522433462435,462.2340753357501,1730243851.483981
2975.106593979191,507.9210410023977,1730243851.488145
2990.1940214865235,538.2523582282494,1730243851.4911296
3032.751742929428,509.8209392810988,1730243851.4950387
3084.272513898911,486.1280901584733,1730243851.498981
3039.189045332557,485.5469448026353,1730243851.5031416
2988.6741028635624,530.4515994133473,1730243851.5070348
2956.465239103465,613.0636469201621,1730243851.5122015
2947.122209921147,502.2213461662944,1730243851.5150504
3043.949966901537,488.47502332628056,1730243851.518181
3060.17733337609,550.2775967452046,1730243851.523211
3011.5175856968863,532.329145947593,1730243851.5272071
3020.145359056635,485.1669651468951,1730243851.531364
2983.2649807053785,508.3680758915039,1730243851.5352244
2968.646939831608,543.8849978309868,1730243851.540244
3059.015042664414,569.7012626768665,1730243851.5431
3053.874141439693,526.1600644779282,1730243851.5472217
3095.604848337752,390.10499597847416,1730243851.5510488
3154.300529277388,513.5089771162245,1730243851.555122
3001.9733908144703,620.2162051458604,1730243851.5591345
2949.938529722516,523.5896138655679,1730243851.5632846
2930.8948434465938,491.492508827747,1730243851.5687292
2976.8276783022498,547.3495182215594,1730243851.5715246
2989.367006941677,578.6643122034445,1730243851.5745218
2974.368986412166,470.817145206588,1730243851.5796635
3022.1570160576125,426.2254150182504,1730243851.5833144
3068.469830569009,542.0745065301069,1730243851.5874133
3083.3113888873327,595.9869141563075,1730243851.5915406
2994.217335488479,514.3359916610708,1730243851.5964866
2987.377701685155,476.44978480932537,1730243851.5993574
3046.051030880336,501.7072560438223,1730243851.602317
3030.5165684838976,562.7051666623553,1730243851.6078165
3008.4106932175987,547.2601112437382,1730243851.611788
2985.142527239624,494.0629594401073,1730243851.6153555
2984.539030139331,522.7849510651769,1730243851.6198344
2977.4758788914537,529.8481023130539,1730243851.6234937
2984.6060853726967,571.4446987443804,1730243851.6276507
2999.604105902208,496.94633447484193,1730243851.631178
3005.6167251606853,517.5322911181797,1730243851.6353009
3008.6118589176967,515.0512474836406,1730243851.6397069
3033.4893504964534,501.43903511035865,1730243851.64336
3017.2172805329897,475.0192731641857,1730243851.647584
3005.7061321385067,533.8267128260986,1730243851.6502855
3026.180330059568,546.008413554241,1730243851.6545825
3089.4804703569976,537.8053233391432,1730243851.658288
3023.78869340285,510.200918936839,1730243851.662632
2983.868477805672,493.2806483841716,1730243851.6675265
2989.635227875141,532.038573269674,1730243851.6715424
3004.3203239822774,576.5408964801903,1730243851.6755676
2999.246477990923,545.5837304095901,1730243851.6787636
2991.8704023206715,511.85494802653176,1730243851.6827905
2994.418501188577,542.9685763083191,1730243851.686636
3045.693402969051,544.2426257422717,1730243851.6904645
2991.2222017314675,536.0842390160846,1730243851.695432
2965.607102585686,508.1222067024955,1730243851.6994493
2998.374759957166,505.395293878948,1730243851.7036304
3055.9081501851265,575.423309257425,1730243851.7066348
3019.8994898676265,503.94243048935306,1730243851.7105637
2951.659614045574,503.18247117787257,1730243851.7146163
3048.2191500925005,560.0453090721737,1730243851.7184854
3081.3444353752657,525.0648289996182,1730243851.723472
3034.3834202746657,556.0666985591291,1730243851.727517
2974.97248351246,541.7615821077326,1730243851.7314982
3032.6399842071514,515.0512474836406,1730243851.7345695
3019.02777183387,586.1297948515171,1730243851.7384765
2983.3990911721103,594.0199606442405,1730243851.742382
2972.8714195336606,494.9346774738642,1730243851.7465816
2995.983123300448,434.5849674445352,1730243851.7517738
2971.105631721691,525.1318842329841,1730243851.7555685
3026.627364948674,569.9694836103301,1730243851.7584517
3024.794521903339,568.5166202207351,1730243851.76261
2996.11723376718,507.8986892579424,1730243851.7664416
3057.8304002082828,512.3243346600932,1730243851.77055
3014.9150508540934,560.2017712833609,1730243851.7745745
2986.3048179513003,485.36813084699287,1730243851.7795064
3040.3289842997774,456.82495317756576,1730243851.7840984
3041.200702333534,482.2835901121605,1730243851.7866375
3011.271716507878,610.001457929785,1730243851.79065
2996.251344233912,541.940396063375,1730243851.7945273
3009.6400391626407,486.7539390032219,1730243851.7987084
2954.006547213381,559.5312189497017,1730243851.8026505
3037.914995898604,531.8821110584869,1730243851.8066185
3051.0578216383246,487.1786221478727,1730243851.8116572
2933.688811503507,575.7585854242546,1730243851.814672
2982.661483605085,519.7004103303445,1730243851.8185394
3005.5496699273194,561.6769864174112,1730243851.8227656
2985.8354313177388,596.5233560232349,1730243851.8266876
2984.8072510727943,455.6403107214345,1730243851.8307724
3012.6128211751966,469.9677789172863,1730243851.834564
3103.740883319484,541.3368989630817,1730243851.8398907
2983.1308702386464,583.6040477280674,1730243851.842554
2912.6111164821527,526.9200237894087,1730243851.8468213
3001.705169881007,512.167872448906,1730243851.8507457
3056.466943796509,498.7121222868112,1730243851.8548713
3042.0053651339254,554.3679659805258,1730243851.8586197
2964.7130328074736,535.6372041269784,1730243851.8629892
2960.399146127599,489.1902791488504,1730243851.8666196
2979.1969632145124,539.4817041732913,1730243851.8697958
3033.690516196551,519.4545411413361,1730243851.8745773
3099.0023134949583,526.0259540111964,1730243851.8786905
2951.212579156468,542.7450588637661,1730243851.8829296
2969.339843909722,527.0541342561405,1730243851.8869195
3034.003440618925,574.6633499459446,1730243851.891271
3094.196688437067,531.0550965136405,1730243851.89485
2963.7966112848057,528.7305150902886,1730243851.8978047
2943.5235790638426,551.551646179157,1730243851.9016464
2978.280541691845,580.0501203596735,1730243851.906748
2997.2571727344007,576.227972057816,1730243851.9109228
2976.5371056243307,490.2408111382498,1730243851.9148724
2991.5127744093866,505.7082183013223,1730243851.9188278
3041.3571645447214,583.3805302835143,1730243851.9219103
3038.563196487808,557.4078032264475,1730243851.925738
3002.3086669813,509.6644770699117,1730243851.929958
2952.1737041680462,486.7762907476772,1730243851.9348483
3053.538865272864,525.489512144269,1730243851.9387703
3037.98205113197,601.1278153810282,1730243851.9428525
2952.7324977794287,534.1619889929282,1730243851.9471464
2994.709073866496,495.56052631861286,1730243851.9501944
3063.328929344288,548.0871257885844,1730243851.9538765
3026.917937626593,575.6244749575228,1730243851.9579144
2950.899654734094,552.3339572350928,1730243851.9624128
2929.8666632016498,485.97162794728615,1730243851.9667828
2978.504059136398,528.5293493901908,1730243851.9710715
3078.7516330184503,559.0841840605956,1730243851.974952
2991.8033470873056,542.9685763083191,1730243851.977954
2937.53331154982,545.7625443652325,1730243851.9820693
2996.251344233912,497.460424597314,1730243851.986529
3064.982958433981,533.1785122368947,1730243851.9904127
3001.2581349919005,536.844198327565,1730243851.9956856
3006.756664127906,490.01729369369673,1730243851.9988868
3017.463149721998,519.588651608068,1730243852.0019054
3007.3601612282,543.5720734086125,1730243852.00604
3006.1084635387024,592.1871175989053,1730243852.0098867
2986.885963307138,527.6129278675232,1730243852.0139425
2985.6119138731856,461.9435026578311,1730243852.0178845
3021.508815468409,543.4603146863359,1730243852.0228312
3015.607954932208,600.9490014253856,1730243852.0268886
2971.127983466147,518.1804917073837,1730243852.0300348
2979.4428324035207,471.6888632403449,1730243852.0338595
3049.4261442930874,533.714954103822,1730243852.0379848
3037.244443564945,585.3698355400367,1730243852.041896
2986.2824662068447,532.2173872253164,1730243852.046075
2940.7072592624736,531.7256488472997,1730243852.04993
3015.2726787653783,519.6110033525233,1730243852.0556817
3029.175463816579,506.4458258683474,1730243852.0579364
3001.5263559253644,497.6839420418671,1730243852.0620697
2957.448715859499,555.0161665697296,1730243852.0661068
3028.080228338269,582.2405913162937,1730243852.0701163
2960.6226635721523,623.680725536433,1730243852.0740776
2989.635227875141,550.4787624453023,1730243852.079221
2997.145414012124,473.5887615190461,1730243852.0839713
2996.519565167376,527.1211894895065,1730243852.086726
2992.630361632152,546.5448554211683,1730243852.090148
3021.017077090392,527.9705557788081,1730243852.0940216
3006.376684472166,536.0618872716293,1730243852.098322
3020.12300731218,488.81029949311016,1730243852.1022851
3034.897510397137,538.29706171716,1730243852.1071737
2969.20573344299,572.9869691117965,1730243852.1101265
2968.222256686957,511.944355004353,1730243852.1131508
2972.849067789205,544.8461228425649,1730243852.1192212
2953.559512324275,549.9199688339197,1730243852.122204
3004.029751304359,547.327166477104,1730243852.12691
3055.1258391291904,534.6313756264897,1730243852.1303785
3004.029751304359,521.6673638424115,1730243852.134096
2971.0385764883254,541.3816024519924,1730243852.1382053
3004.2979722378223,557.5195619487241,1730243852.1418953
3011.0705508077804,537.4476954278583,1730243852.1463327
2950.273805889345,490.15140416042857,1730243852.15023
2953.5818640687307,526.0259540111964,1730243852.1541927
2998.4194634460764,555.5749601811124,1730243852.1580992
3012.657524664108,501.5507938326352,1730243852.1633077
2935.2310818709234,516.7276283177887,1730243852.1662605
3034.0928475967467,565.9461696083748,1730243852.1698115
3090.1957261795674,583.4922890057909,1730243852.173478
2996.4301581895543,584.2746000617266,1730243852.178196
2965.942378752515,510.8714712704982,1730243852.1822455
2917.14852060658,490.9337152163643,1730243852.1867087
2988.025902274359,485.3904825914482,1730243852.1906133
3011.182309530057,588.9908181417964,1730243852.1942725
2942.495398818898,533.2232157258053,1730243852.1994832
2988.718806352473,519.8345207970764,1730243852.2023828
3011.763454885895,516.4147038954144,1730243852.206328
3020.368876501188,540.4651809293248,1730243852.210148
2988.964675541481,556.2678642592268,1730243852.2141895
2931.9453754359934,522.3826196649813,1730243852.2181952
3006.4884431944424,546.5448554211683,1730243852.2223265
3017.5302049553643,511.9890584932636,1730243852.225178
3050.923711171593,500.6343723099676,1730243852.2301855
3008.4553967065094,513.330163160582,1730243852.2344072
2984.695492350518,579.5583819816568,1730243852.237543
2990.730463353451,549.1153060335286,1730243852.2413218
2992.1386232541354,522.7849510651769,1730243852.2463107
2965.405936885588,518.716933574311,1730243852.2502255
3028.2813940383667,547.7742013662101,1730243852.254959
3083.3784441206985,585.4592425178579,1730243852.258322
3002.331018725756,525.5789191220903,1730243852.2616336
2970.3456724102107,446.2525780502055,1730243852.2653975
2985.164878984079,540.4651809293248,1730243852.2698495
2990.596352886719,598.9820479133186,1730243852.2734776
2948.8656459886606,499.4050263649257,1730243852.2785437
3036.1045045977244,503.361285133515,1730243852.2824557
3014.3115537538,494.9346774738642,1730243852.286448
3018.5136817113976,511.1396922039619,1730243852.289296
3043.659394223618,496.4322443523699,1730243852.2939749
2984.5837336282416,553.4962479467688,1730243852.2974436
2999.447643691021,590.2425158312936,1730243852.301472
3024.9286323700708,614.0247719317404,1730243852.306415
3005.7731873718726,557.3630997375369,1730243852.310536
3010.3999984741213,495.0464361961408,1730243852.3134496
2977.2076579579902,471.979435918264,1730243852.3172607
3005.7731873718726,483.1329564014621,1730243852.321488
3001.302838480812,567.3096260201486,1730243852.3253682
2915.695657216985,538.6546896284449,1730243852.3294969
3011.8081583748053,432.37214474345984,1730243852.3352792
2993.636190132641,555.7537741367548,1730243852.3386824
3024.906280625615,625.6476790485,1730243852.341373
2988.271771463368,507.6751718133893,1730243852.3454704
2977.7888033138283,468.8054882056104,1730243852.3494484
2994.440852933032,552.0880880460844,1730243852.3534932
3062.3901560771656,588.0967483635841,1730243852.359413
2990.1716697420684,582.3970535274808,1730243852.362568
2982.773242327361,488.13974715945096,1730243852.3664844
2954.274768146845,533.2902709591712,1730243852.369559
2946.719878520951,574.4621842458469,1730243852.3734956
3038.876120910182,486.8433459810431,1730243852.3776467
2994.1055767662024,496.38754086345926,1730243852.3818648
3067.486353812976,511.31850615960434,1730243852.3856392
3061.4737345544977,536.7324396052885,1730243852.389678
2973.0278817448475,507.4740061132915,1730243852.394794
2951.1902274120125,556.0666985591291,1730243852.3976097
2932.3030033472783,546.2989862321599,1730243852.401566
2974.726614323451,588.0743966191288,1730243852.405584
2993.3232657102667,539.7052216178444,1730243852.409453
2979.755756825896,550.7246316343108,1730243852.4135563
2975.374814912655,489.3690931044928,1730243852.418764
3061.0937548987577,490.68784602735593,1730243852.42149
3032.774094673884,607.7662834842544,1730243852.42447
2951.9725384679487,543.907349575442,1730243852.4296162
2969.742175309917,489.48085182676937,1730243852.4334888
3007.561326928297,493.4818140842693,1730243852.4375465
3033.377591774177,590.8013094426763,1730243852.4415512
2976.2018294575014,535.2348727267829,1730243852.4465947
3016.9043561106155,459.4401072788367,1730243852.449448
3000.341713469233,557.4748584598135,1730243852.4528615
3023.609879447208,610.068513163151,1730243852.457559
2988.8305650747498,544.2426257422717,1730243852.4615211
2972.5808468557416,480.0707674110851,1730243852.465687
2980.538067881831,465.43037479285897,1730243852.4696712
3056.51164728542,567.1755155534167,1730243852.4744902
3029.130760327668,591.4942135207908,1730243852.477916
2945.0658494312584,570.7964981551764,1730243852.4806883
2950.653785545085,523.3213929321042,1730243852.4857368
2987.7129778519843,553.6750619024112,1730243852.489624
3005.728483882962,552.4010124684587,1730243852.4936385
2965.852971774694,533.1561604924393,1730243852.497721
2944.1941313975017,500.0979304430402,1730243852.5017476
3070.213266636523,533.3349744480818,1730243852.505623
3068.6709962691066,553.0939165465733,1730243852.5086153
2945.110552920169,540.0404977846739,1730243852.5125718
2985.880134806649,512.2796311711826,1730243852.5177991
3063.5077432999306,550.2105415118386,1730243852.5227747
3025.7779986593723,555.6867189033889,1730243852.5267503
2957.5604745817755,560.3358817500928,1730243852.5297685
2971.5750183552527,528.0823145010846,1730243852.5328088
3006.711960638996,522.6955440873556,1730243852.5366783
3033.869330152193,552.1551432794504,1730243852.540628
2960.6450153166074,505.8870322569648,1730243852.5458348
2980.247495203912,505.95408749033066,1730243852.5496583
2995.223163988968,579.6701407039334,1730243852.5538645
3061.920769443604,561.6546346729559,1730243852.556811
2975.3301114237443,546.5672071656236,1730243852.5607867
2957.3593088816774,507.4293026243809,1730243852.5646567
2964.1542391960907,513.1737009493949,1730243852.5687735
2986.3048179513003,573.7022249343664,1730243852.574998
3064.357109589233,564.1580300519503,1730243852.5777645
2944.10472441968,528.618756368012,1730243852.581709
2991.088091264736,543.6167768975231,1730243852.584714
3101.058673984847,576.8985243914752,1730243852.5887284
2998.464166934987,516.7723318066993,1730243852.592768
2875.864848597628,465.720947470778,1730243852.5968468
2946.4963610763984,573.9480941233747,1730243852.6019323
3026.917937626593,561.7216899063218,1730243852.6061523
3004.3203239822774,581.7265011938216,1730243852.609866
3018.021943333381,480.3613400890041,1730243852.6129236
2973.20669570049,527.3223551896042,1730243852.6178248
2956.755811781384,556.6701956594223,1730243852.620788
3028.639021949652,546.0978205320622,1730243852.6263728
3016.099693310224,513.9336602608753,1730243852.6298516
2931.2748231023343,504.7917967786547,1730243852.6340237
2997.883021579149,552.1551432794504,1730243852.63779
3005.437911205043,586.3756640405255,1730243852.640794
2999.604105902208,515.2077096948278,1730243852.644838
2994.127928510657,541.2921954741711,1730243852.6489806
2956.375832125644,535.7266111047996,1730243852.6529803
3008.1424722841352,549.4952856892688,1730243852.6568935
3002.4204257035767,584.0063791282629,1730243852.661974
2949.5809018112304,500.0755786985849,1730243852.6653333
2954.878265247138,484.4964128132359,1730243852.669
2968.4904776204203,608.4815393068242,1730243852.6728923
2967.3505386532,599.4067310579695,1730243852.6769528
2998.464166934987,519.0969132300512,1730243852.6808512
3020.972373601481,483.8929157129426,1730243852.6848955
3023.3193067692887,502.44486361084745,1730243852.6902058
2937.935642950016,575.2444953017825,1730243852.693163
2928.1679306230462,507.6304683244787,1730243852.697093
2977.9005620361045,500.0308752096743,1730243852.7008896
3033.176426074079,567.264922531238,1730243852.7051184
2998.9335535685486,550.8810938454978,1730243852.7089927
2942.920081963549,523.9248900323976,1730243852.7130332
2990.372835442166,542.5438931636684,1730243852.7181332
2960.957939738982,545.4496199428582,1730243852.7213075
2981.633303360141,570.7741464107212,1730243852.724078
2962.790782784317,532.3067942031377,1730243852.728978
3038.473789509987,474.1922586193393,1730243852.732931
3063.530095044386,515.7888550506658,1730243852.7370305
3010.6905711520403,605.8216817166426,1730243852.7410517
2998.6653326350847,572.3834720115033,1730243852.7449973
3005.952001327515,497.8627559975095,1730243852.7490883
2973.229047444945,534.5866721375791,1730243852.7520037
2943.9259104640378,571.198829555372,1730243852.757259
2924.591651510197,572.3387685225927,1730243852.7611904
2956.308776892278,494.3982356069369,1730243852.765144
2958.074564704247,498.1533286754285,1730243852.7692146
2976.8276783022498,606.2016613723829,1730243852.7741787
2946.764582009862,581.0559488601624,1730243852.7772496
2991.758643598395,489.81612799359897,1730243852.7802367
3035.7468766864395,419.94457482630906,1730243852.78525
3004.029751304359,567.1308120645061,1730243852.7892284
2948.351555866189,600.904297936475,1730243852.793103
2969.0045677428925,566.2367422862939,1730243852.7972548
3041.245405822445,481.0542441671186,1730243852.8013089
3024.571004458786,500.008523465219,1730243852.8042548
3036.7080016980176,576.6973586913775,1730243852.8080628
2938.6508987725856,579.0442918591848,1730243852.813274
2888.091252814681,530.6974686023556,1730243852.817089
2955.593521069708,564.359195752048,1730243852.8212988
2977.028844002348,601.4183880589471,1730243852.8251252
2980.850992304205,518.6722300854004,1730243852.8283
3023.5204724693863,497.8851077419648,1730243852.8323455
3020.927670112571,527.523520889702,1730243852.836311
2965.7635647968727,557.4525067153581,1730243852.8403308
2909.660686214052,520.6391835974674,1730243852.8452363
2974.413689901077,511.3855613929703,1730243852.849299
3054.589397262263,520.4827213862802,1730243852.853634
3031.857673151216,558.7042044048553,1730243852.8565657
2930.872491702138,608.1462631399945,1730243852.8627012
3004.11915828218,514.268936427705,1730243852.8652928
3023.3640102581994,459.8424386790322,1730243852.8683305
3024.1910248030454,483.1106046570068,1730243852.8737648
2970.6362450881297,584.5875244841009,1730243852.8779404
2951.4137448565657,553.9879863247855,1730243852.8817909
2971.217390443968,534.9666517933192,1730243852.8843732
2994.887887822138,559.620625927523,1730243852.8886724
2975.933608524037,586.1521465959725,1730243852.892306
2950.407916356077,558.6371491714895,1730243852.8965244
2942.562454052264,503.92007874489775,1730243852.901283
3000.341713469233,484.7869854911549,1730243852.90532
3085.948894733059,533.8043610816433,1730243852.9083843
3009.662390907096,572.8305069006094,1730243852.9128249
2956.889922248116,524.0142970102188,1730243852.9163113
2962.20963742848,517.8005120516434,1730243852.9205992
2952.1960559125014,560.2017712833609,1730243852.9245627
2970.166858454568,575.9597511243524,1730243852.9299529
2975.665387590574,532.038573269674,1730243852.9333563
3002.710998381496,510.4691398703027,1730243852.9368694
3014.6021264317187,440.5528832141022,1730243852.9408965
3014.043332820336,560.3135300056374,1730243852.9444144
2955.213541413968,551.6634049014336,1730243852.9488864
2929.0620004012585,538.9005588174533,1730243852.953056
2967.7081665644846,585.4815942623133,1730243852.9570663
2988.9423237970263,546.008413554241,1730243852.96214
3002.040446047836,481.7918517341437,1730243852.9643972
2980.046329503814,506.95991599081947,1730243852.968342
3009.304762995811,573.4787074898134,1730243852.972705
3007.695437395029,554.0103380692409,1730243852.9764428
2978.325245180756,463.1504968584176,1730243852.9809594
3032.371763273688,491.1125291720068,1730243852.9844337
3044.039373879358,555.552608436657,1730243852.9899156
2917.14852060658,568.9189516209307,1730243852.9923708
2909.750093191873,528.1717214789059,1730243852.996683
2971.0609282327805,533.0891052590734,1730243853.0004864
3012.188138030546,568.9189516209307,1730243853.004902
3027.476731237976,563.7333469072994,1730243853.0084383
3009.1259490401685,508.41277938041446,1730243853.013733
2952.3972216125994,511.2290991817831,1730243853.0164208
3016.792597388339,529.0210877682075,1730243853.019935
2997.1677657565792,567.2425707867826,1730243853.0245135
2924.859872443661,546.0307652986962,1730243853.028656
2976.000663757404,494.8005670071324,1730243853.0326312
3007.561326928297,475.9803981757639,1730243853.0365677
3036.4174290200986,568.9860068542965,1730243853.0406508
2945.088201175714,540.1075530180399,1730243853.0445645
2934.24760511489,515.3865236504703,1730243853.0480545
3011.0929025522355,456.7131944552892,1730243853.052719
3047.973280903492,589.3707977975366,1730243853.0570493
2936.214558626957,605.5311090387237,1730243853.0607271
2928.7043724899736,463.4857730252472,1730243853.064826
3018.5360334558527,490.15140416042857,1730243853.068813
3036.7527051869283,563.1745532959168,1730243853.0729363
2946.4963610763984,592.0753588766288,1730243853.0755265
2960.533256594331,525.3330499330818,1730243853.0809667
2999.112367524191,509.8432910255541,1730243853.0845375
2985.880134806649,557.3183962486263,1730243853.088915
2999.0229605463696,531.5021314027466,1730243853.0925188
2988.249419718912,539.3028902176488,1730243853.0972784
2954.297119891301,504.6576863119229,1730243853.100607
3025.621536448185,524.0142970102188,1730243853.103725
3049.940234415559,554.3456142360704,1730243853.1079023
2977.8335068027386,534.4078581819366,1730243853.1129355
3017.2172805329897,488.5197268151912,1730243853.1166198
3019.5195102118864,542.588596652579,1730243853.1209152
2956.5546460812866,593.9529054108746,1730243853.123633
2993.882059321649,522.1591022204283,1730243853.12803
2988.6741028635624,477.3438545875376,1730243853.1319065
2936.2369103714123,528.0152592677188,1730243853.1358695
2985.6566173620963,604.7040944938773,1730243853.1408367
2951.212579156468,518.0910847295625,1730243853.144818
2904.43037801151,446.11846758347366,1730243853.1491892
2967.3505386532,511.36320964851495,1730243853.151745
3018.916013111593,530.3845441799813,1730243853.15591
2990.395187186621,534.072582015107,1730243853.1597047
2995.4019779446103,545.1590472649392,1730243853.164105
3024.950984114526,489.6820175268671,1730243853.167768
2987.8470883187165,516.9064422734311,1730243853.1728165
3003.5827164152524,530.9880412802746,1730243853.1767807
2983.175573727557,582.8887919054976,1730243853.1798284
2922.445884042488,553.1162682910285,1730243853.1836424
2975.7771463128506,513.687791071867,1730243853.187816
3072.761365504428,523.522558632202,1730243853.191666
3039.904301155126,541.9850995522856,1730243853.19586
2963.7072043069847,533.2679192147159,1730243853.2007198
2964.645977574108,537.3359367055817,1730243853.2048926
2960.309739149778,605.3075915941706,1730243853.2077236
2985.8354313177388,533.0444017701628,1730243853.211861
2966.2329514304342,441.5140082256804,1730243853.2159326
3006.086111794247,521.3097359311266,1730243853.219905
3008.7012658955177,579.9830651263077,1730243853.2239711
2956.6887565480183,535.0337070266852,1730243853.229275
2955.749983280896,518.6498783409451,1730243853.2327304
2960.8014775277948,508.8598142695206,1730243853.2360034
2986.3942249291213,532.5079599032355,1730243853.2402177
3018.178405544568,557.58661718209,1730243853.244027
3001.280486736356,518.7616370632217,1730243853.2482448
2982.929704538549,520.7062388308333,1730243853.2520523
2971.9326462665376,510.64795382594514,1730243853.2575731
2923.3399538207,430.20402553129503,1730243853.2598157
2990.7751668423616,530.3174889466154,1730243853.263096
3004.8120623602945,580.2736378042266,1730243853.2679832
3027.767303915895,573.7245766788217,1730243853.2719269
3002.3533704702104,573.2328383008049,1730243853.2758815
2960.734422294429,499.29326764264914,1730243853.2803051
2969.853934032194,495.8510989965319,1730243853.2849967
2970.2339136879345,545.8295995985985,1730243853.2880468
2993.725597110462,558.4136317269364,1730243853.291109
3002.062797792292,471.93473242935335,1730243853.2963052
3008.343637984233,484.0493779241298,1730243853.2998924
2994.709073866496,561.5428759506793,1730243853.3039513
2993.3232657102667,574.1716115679278,1730243853.3079147
2974.748966067906,517.6440498404563,1730243853.3122118
2938.7179540059515,507.6751718133893,1730243853.3160572
3010.3999984741213,499.1144536870067,1730243853.3196318
3099.8963832731706,558.7265561493107,1730243853.324044
2952.888959990616,536.6206808830119,1730243853.3282175
2882.1680405340244,536.2854047161824,1730243853.332441
2985.20958247299,536.844198327565,1730243853.3360672
3060.2220368650005,554.2115037693386,1730243853.3410823
3068.3133683578217,524.036648754674,1730243853.344133
2973.698434078507,495.0687879405961,1730243853.347528
2934.1581981370687,488.944409959842,1730243853.3521118
2980.359253926189,533.558491892635,1730243853.3562932
2949.960881466971,501.08140719907374,1730243853.3601923
2960.957939738982,500.589668821057,1730243853.3641033
2985.3660446841773,545.5613786651348,1730243853.3670285
3013.998629331425,511.2738026706937,1730243853.3713448
3020.838263134749,504.9035555009313,1730243853.3750248
2952.017241956859,516.7499800622439,1730243853.3793075
2965.0706607187585,493.83944199555424,1730243853.3840308
3030.6506789506293,534.3408029485706,1730243853.388589
3028.013173104903,558.3465764935704,1730243853.3921027
2966.948207253004,533.0667535146181,1730243853.3952196
2927.6538405005745,474.5498865306242,1730243853.399318
2979.889867292627,500.299096143138,1730243853.4034214
3063.999481677948,543.974404808808,1730243853.4072056
3004.3203239822774,547.3048147326488,1730243853.4125211
2993.949114555015,500.9025932434313,1730243853.416026
3020.570042201286,495.4711193407916,1730243853.4203796
2960.086221705225,567.3766812535144,1730243853.4235833
2930.447808557488,539.6381663844784,1730243853.4273393
2949.491494833409,527.2776517006936,1730243853.4310908
2985.5895621287304,518.4710643853026,1730243853.4352684
3015.3844374876544,525.6459743554562,1730243853.4406393
3038.9878796324588,522.069695242607,1730243853.4443204
2945.803456998284,505.8423287680541,1730243853.4482298
2928.480855045421,481.7024447563225,1730243853.4510732
2919.316639818745,477.1650406318952,1730243853.4551964
2975.7771463128506,564.8732858745201,1730243853.45917
2962.2990444063003,546.6119106545342,1730243853.4630575
2971.3515009106995,501.2825728991715,1730243853.468086
3023.0063823469145,493.3030001286269,1730243853.4722748
3052.197760605545,512.972535249297,1730243853.4761727
3016.099693310224,508.1222067024955,1730243853.4792871
2940.506093562376,543.1920937528722,1730243853.483106
2959.3262623937444,537.6041576390455,1730243853.487301
2984.762547583884,580.0724721041289,1730243853.4911568
2987.824736574261,533.714954103822,1730243853.496111
2960.510904849876,498.39919786443687,1730243853.5002697
3001.6381146476406,546.589558910079,1730243853.5033655
3000.11819602468,560.3805852390034,1730243853.5073452
2937.4439045719987,522.9861167652747,1730243853.5114613
2976.917085280071,497.1251484304844,1730243853.515129
2981.3203789377667,472.7617469741997,1730243853.5195467
3010.1094257962022,482.4400523233476,1730243853.5237176
3003.180385015057,546.2542827432493,1730243853.528635
3003.0015710594143,521.1085702310288,1730243853.5317612
2962.008471728381,514.1571777054284,1730243853.5353053
2985.54485863982,470.9736074177751,1730243853.53967
2981.4544894044984,560.4476404723692,1730243853.5433817
2999.984085557948,593.908201921964,1730243853.547501
2972.536143366831,517.0182009957076,1730243853.551297
2950.340861122711,535.9054250604421,1730243853.5568776
2975.441870146021,533.6255471260008,1730243853.5593054
3006.756664127906,528.9540325348416,1730243853.563996
3003.8285856042608,514.492453872258,1730243853.5673156
2991.8480505762163,562.3028352621598,1730243853.5717733
2973.854896289694,558.4136317269364,1730243853.575316
2981.901524293605,503.7859682781659,1730243853.579792
2973.6760823340514,485.4351860803588,1730243853.584437
2978.325245180756,517.3311254180819,1730243853.5874743
3013.439835720043,492.3865786059593,1730243853.590708
2969.116326465169,540.5992913960566,1730243853.595273
2979.286370192334,497.0804449415738,1730243853.5992863
3065.139420645168,522.8296545540875,1730243853.6036668
2967.7081665644846,609.9120509519638,1730243853.607576
2934.62758477063,543.7955908531655,1730243853.6128097
2938.0474016722924,480.6519127669231,1730243853.615424
2997.570097156775,472.2476568517277,1730243853.6199465
3021.3523532572217,585.0122076287518,1730243853.6236117
2938.7179540059515,554.5020764472577,1730243853.6279123
2955.7052797919846,492.5206890726912,1730243853.631426
2993.4797279214536,481.0989476560292,1730243853.635408
3000.341713469233,558.3018730046598,1730243853.6396468
3047.302728569833,570.327111521615,1730243853.6423216
2982.817945816272,535.2348727267829,1730243853.6467052
2954.6100443136747,519.1863202078724,1730243853.6514978
2967.1940764420124,458.83661017854337,1730243853.655554
3009.908260096104,504.009485722719,1730243853.659433
3002.3086669813,530.2057302243388,1730243853.6634111
2937.0639249162587,552.3339572350928,1730243853.6673667
2952.1290006791355,561.229951528305,1730243853.670606
2956.085259447725,541.4933611742689,1730243853.6745005
3031.5223969843864,509.1280352029843,1730243853.6796498
3019.117178811691,485.52459305818,1730243853.6834617
2942.785971496817,553.0715648021179,1730243853.687628
2962.455506617488,614.9411934544079,1730243853.6915
2932.5488725362866,568.7177859208329,1730243853.6955116
2950.027936700337,477.8579447100097,1730243853.6987982
2996.1619372560904,518.6498783409451,1730243853.7026367
3003.426254204065,530.9209860469086,1730243853.7076194
2993.658541877096,493.9512007178308,1730243853.711622
3032.014135362403,502.15429093292846,1730243853.7155776
2996.7430826119285,523.0978754875512,1730243853.718752
2968.4457741315096,585.682759962411,1730243853.722926
3007.896603095127,534.363154693026,1730243853.7265875
2981.96857952697,502.1319391884732,1730243853.7308855
2973.698434078507,539.0346692841852,1730243853.734514
3012.858690364205,563.1298498070062,1730243853.7399333
2967.909332264582,544.0191082977186,1730243853.7436192
2971.463259632976,510.1115119590178,1730243853.74668
3037.177388331579,485.3457791025376,1730243853.750504
3041.692440711551,533.8714163150092,1730243853.754569
2944.127076164136,533.3796779369924,1730243853.7585576
2915.3603810501554,526.2494714557495,1730243853.7626147
2980.471012648465,468.269046338683,1730243853.7675543
2962.030823472837,587.4708995188355,1730243853.7716255
3000.140547769135,594.8246234446316,1730243853.7744553
2985.20958247299,505.9093840014201,1730243853.778674
2932.5488725362866,476.78506097615497,1730243853.782504
3008.1648240285904,544.3767362090035,1730243853.786884
2996.027826789358,518.7392853187663,1730243853.7907856
2966.5235241083533,545.4049164539476,1730243853.7956614
2980.269846948367,562.5040009622576,1730243853.7995768
2988.383530185644,522.069695242607,1730243853.802853
3003.605068159708,530.29513720216,1730243853.8066988
3006.1978705165234,557.4972102042688,1730243853.8113177
2948.999756455393,483.3788255904705,1730243853.8147953
2997.9053733236046,497.0133897082079,1730243853.8193398
2983.555553383297,556.714899148333,1730243853.8240032
2953.1571809240795,532.5303116476907,1730243853.8278987
2997.4136349455875,482.2612383677052,1730243853.8311682
3045.469885524498,493.90649722892016,1730243853.8347616
2992.8091755877945,578.4631465033468,1730243853.8391185
2987.042425518325,568.3154545206373,1730243853.842726
2949.670308789052,499.0921019425514,1730243853.846924
2952.7548495238843,546.7013176323554,1730243853.8519664
2942.897730219094,570.9529603663636,1730243853.854813
2976.023015501859,543.7508873642549,1730243853.8586924
3020.681800923562,522.7625993207216,1730243853.8628166
2942.115419163158,510.0668084701072,1730243853.8667474
2965.0706607187585,529.6916401018668,1730243853.8707752
2970.569189854764,508.2563171692273,1730243853.8746836
2984.9413615395265,480.4507470668253,1730243853.8798587
2972.133811966635,548.6906228888778,1730243853.882728
2946.8092854987726,557.296044504171,1730243853.8864102
2995.893716322627,532.6644221144226,1730243853.8910048
3007.0025333169147,531.2562622137383,1730243853.8948717
2943.4565238304763,508.97157299179713,1730243853.898918
2972.8043643002948,499.5391368316575,1730243853.9029143
3039.2561005659227,555.4184979699252,1730243853.9077396
2945.758753509373,541.3145472186264,1730243853.911414
2953.8053815132835,486.5080698142135,1730243853.913856
2980.180439970546,492.1407094169509,1730243853.9194517
2981.298027193311,577.2561523027603,1730243853.9230042
2967.618759586664,580.3406930375926,1730243853.9274862
2968.937512509526,490.15140416042857,1730243853.931208
2955.034727458325,504.5012241007357,1730243853.9349787
2977.2970649358112,581.1900593268942,1730243853.939005
3002.2863152368445,564.3144922631374,1730243853.9418912
3008.857728106705,485.9492762028309,1730243853.9463532
2968.266960175867,485.6140000360013,1730243853.9509668
2961.069698461258,539.4817041732913,1730243853.9547975
2966.545875852809,491.35839836101513,1730243853.958959
2977.4535271469986,541.0016227962521,1730243853.9623544
3012.4563589640093,532.9549947923416,1730243853.965821
2945.378773853633,523.5672621211127,1730243853.9701817
2990.5069459088977,559.5759224386123,1730243853.9740667
3000.006437302404,544.5779019091012,1730243853.9803746
2947.859817488172,541.1133815185286,1730243853.982866
3012.188138030546,546.5001519322577,1730243853.986961
2999.5817541577526,582.7770331832211,1730243853.9903393
2988.8305650747498,534.9890035377746,1730243853.99398
2966.7693932973616,464.7821742036551,1730243853.9984956
2957.426364115044,505.7529217902329,1730243854.0020986
3000.721693124973,579.5360302372015,1730243854.0070353
2992.7421203544286,532.7761808366992,1730243854.0110517
2983.220277216468,523.1872824653724,1730243854.0149548
2970.3680241546663,526.4729889003025,1730243854.017984
3040.93248140007,537.5371024056795,1730243854.0222497
2998.173594257068,486.4633663253029,1730243854.0260255
2946.719878520951,525.556567377635,1730243854.030301
2971.6867770775293,540.1522565069505,1730243854.0350847
2947.502189576887,567.4437364868804,1730243854.0393608
2915.874471172628,492.2077646503169,1730243854.0430772
2948.373907610644,493.57122106209056,1730243854.0463164
2981.499192893409,503.8306717670765,1730243854.0499697
3010.2882397518447,580.6759692044221,1730243854.0541089
2986.6177423736744,608.325077095637,1730243854.0580745
3000.967562313981,519.3651341635149,1730243854.0635877
2991.8704023206715,488.45267158182526,1730243854.0670085
2952.7548495238843,512.7713695491993,1730243854.0714724
2990.350483697711,559.77708813871,1730243854.0740893
2952.576035568242,545.293157731671,1730243854.0782895
2952.4195733570546,526.070657500107,1730243854.0822632
3004.6108966601964,530.4292476688919,1730243854.086758
3037.7361819429616,574.842163901587,1730243854.0905886
3049.113219870713,516.1241312174953,1730243854.0952215
2999.492347179931,480.6742645113784,1730243854.0983784
2991.40101568711,546.7907246101767,1730243854.1027644
2990.8422220757275,589.4155012864472,1730243854.106622
2940.3943348400994,552.8256956131096,1730243854.1107843
2903.223383810924,484.138784901951,1730243854.1147964
2983.197925472012,485.3234273580823,1730243854.1184516
3004.49913793792,556.6701956594223,1730243854.1233492
2964.534218851831,591.1142338650506,1730243854.1261666
2952.620739057152,527.1658929784171,1730243854.1305947
2931.051305657781,455.9085316548982,1730243854.1342752
2967.909332264582,503.85302351153183,1730243854.1386068
2962.567265339764,463.7763457031663,1730243854.142152
3021.4641119794983,545.136695520484,1730243854.1468031
3001.8616320921938,560.939378850386,1730243854.1512792
3031.276527795378,553.652710157956,1730243854.1546814
3009.818853118283,587.7614721967545,1730243854.1573577
2960.6450153166074,523.2543376987384,1730243854.1623752
2989.9034488086045,516.7946835511545,1730243854.1661856
3005.1920420160345,551.1493147789615,1730243854.1704955
2962.790782784317,571.0200155997295,1730243854.1742244
2944.77527675334,533.8490645705539,1730243854.179513
3004.052103048814,473.94638943033095,1730243854.1824684
3003.8732890931715,520.1474452194507,1730243854.1868813
2958.3204338932555,554.0773933026068,1730243854.1907077
2949.558550066776,557.8324863710984,1730243854.194517
2961.15910543908,506.95991599081947,1730243854.1986682
2987.109480751691,492.2748198836828,1730243854.2028933
3024.4592457365093,552.6245299130118,1730243854.2066915
2991.5798296427524,494.1523664179285,1730243854.210435
2928.77142772334,447.95131062880887,1730243854.2137823
2980.8062888152945,532.10562850304,1730243854.2186258
2981.856820804694,596.0092659007628,1730243854.2225444
2971.373852655155,587.4261960299249,1730243854.2263727
2970.122154965658,509.7091805588223,1730243854.230696
3030.7400859284508,474.8851626974538,1730243854.2343252
3049.0685163818025,544.5108466757354,1730243854.237676
2986.729501095951,605.7546264832768,1730243854.2413332
2956.6887565480183,547.7294978772995,1730243854.246621
3014.490367709442,492.7665582616995,1730243854.2504053
3022.246423035434,515.9676690063083,1730243854.254606
2981.0745097487584,576.809117413654,1730243854.2583137
3002.576887914764,536.1736459939058,1730243854.2627692
2934.471122559443,489.1902791488504,1730243854.265452
2955.0570792027806,527.300003445149,1730243854.2695444
2982.326207438256,572.8305069006094,1730243854.2743552
2994.6420186331297,525.1095324885288,1730243854.2786252
2975.866553290672,516.3476486620484,1730243854.2823913
2954.274768146845,523.4555033988361,1730243854.2869935
2991.5574778982973,533.4467331703584,1730243854.2898388
2975.665387590574,532.6644221144226,1730243854.2936
2926.24568059989,448.0630693510854,1730243854.297392
2999.224126246468,519.8345207970764,1730243854.3015068
3007.8295478617606,605.4864055498131,1730243854.3070743
3005.8625943496936,538.4088204394366,1730243854.3110545
3010.6458676631296,539.0346692841852,1730243854.315096
2967.149372953102,520.1474452194507,1730243854.3174753
2964.668329318563,545.3155094761264,1730243854.3219075
2998.821794846272,552.0433845571738,1730243854.3253946
3038.786713932361,518.426360896392,1730243854.329599
3011.942268841537,473.00761616320807,1730243854.3344245
3034.8751586526823,563.8004021406654,1730243854.3386004
2960.2426839164123,602.8488997040868,1730243854.3414843
2971.3067974217893,533.6702506149114,1730243854.3455555
2960.510904849876,491.2689913831939,1730243854.3494704
2976.313588179778,501.84136651055417,1730243854.353682
2998.575925657264,552.713936890833,1730243854.3574352
2992.5409546543306,556.7819543816989,1730243854.3628116
2945.758753509373,511.6090788375234,1730243854.3665218
2985.880134806649,509.1950904363502,1730243854.3706272
3012.434007219554,534.9666517933192,1730243854.3736277
2955.593521069708,505.1494246899396,1730243854.3776224
2950.4749715894427,523.7684278212104,1730243854.3816674
2961.6508438170963,511.4749683707915,1730243854.3855984
3063.395984577654,566.9743498533189,1730243854.3896472
3052.309519327822,591.0695303761399,1730243854.3945937
2880.648121911064,531.1668552359171,1730243854.3975687
2908.923078647027,497.28161064167153,1730243854.4020247
3040.6866122110623,522.4496748983473,1730243854.4056451
3059.149153131146,556.9160648484308,1730243854.4096334
2990.059911019792,490.79960474963246,1730243854.413696
2971.01622474387,516.459407384325,1730243854.418722
2994.440852933032,581.5476872381792,1730243854.4227445
2998.0394837903364,555.4632014588358,1730243854.4255793
2959.01333797137,515.4088753949255,1730243854.429724
2966.054137474792,532.5079599032355,1730243854.4335492
3046.051030880336,570.3494632660703,1730243854.438094
3019.40775148961,603.4523968043801,1730243854.4415832
2974.8160213012725,488.5644303041018,1730243854.445764
2935.6781167600298,461.2282468352613,1730243854.4506793
2964.668329318563,577.0326348582071,1730243854.453892
3032.014135362403,591.3153995651484,1730243854.457576
2925.9774596664265,530.1610267354282,1730243854.4617062
2916.81324443975,489.74907276023305,1730243854.4656827
3068.8051067358383,523.0755237430959,1730243854.4697917
3073.118993415713,517.1746632068948,1730243854.4737413
2945.468180831454,508.7927590361547,1730243854.4777892
2924.636354999108,484.3175988575935,1730243854.4808078
2985.477803406454,571.198829555372,1730243854.4857664
3048.755591959428,586.6215332295338,1730243854.4895773
3018.960716600504,552.2892537461822,1730243854.4937732
2899.5576977202536,446.2749297946608,1730243854.4978285
3012.434007219554,502.51191884421337,1730243854.5018291
3039.74783894394,586.5991814850786,1730243854.505725
2944.3058901197783,609.8002922296873,1730243854.5086834
2963.640149073619,507.2281369242832,1730243854.512824
2955.370003625156,498.5780118200793,1730243854.5178125
3005.370855971677,554.0103380692409,1730243854.5217333
3063.910074700126,541.8062855966432,1730243854.5258088
2970.703300321496,533.9831750372857,1730243854.5298476
2924.859872443661,517.9793260072859,1730243854.5337477
3013.1939665310347,556.424326470414,1730243854.536858
2994.262038977389,554.6808904029001,1730243854.5417438
2983.175573727557,520.974459764297,1730243854.5458596
2992.1609749985905,518.3593056630261,1730243854.5496843
2980.4263091595544,493.7947385066436,1730243854.553707
2963.7742595403506,532.262090714227,1730243854.557675
2959.9744629829484,595.7633967117545,1730243854.5618887
2974.3019311788003,515.9676690063083,1730243854.5646837
3049.850827437738,499.0250467091855,1730243854.5687487
3087.8934965006706,522.3602679205261,1730243854.573724
2977.7888033138283,553.5633031801348,1730243854.5777278
2896.249639540868,552.0880880460844,1730243854.581788
2889.47706097091,494.1076629290179,1730243854.5847106
2966.5235241083533,506.3340671460709,1730243854.588832
3004.4544344490096,568.5389719651904,1730243854.5927267
2986.9977220294145,554.457372958347,1730243854.5967236
2998.6206291461745,550.5458176786683,1730243854.6018991
2922.8035119537726,585.4815942623133,1730243854.605821
2939.053230172781,518.6945818298557,1730243854.6098118
2962.4778583619427,531.8150558251209,1730243854.6128066
2971.3962043996103,551.2834252456934,1730243854.616845
2988.49528890792,523.4778551432914,1730243854.620978
2989.009379030392,499.2709158981938,1730243854.6248484
3010.3105914963,502.4001601219368,1730243854.629976
3023.341658513744,554.5020764472577,1730243854.635006
3006.9354780835483,578.7313674368105,1730243854.639028
3006.6449054056297,577.8149459141429,1730243854.6419392
3033.221129562989,451.169961830373,1730243854.6450305
2958.8792275046385,448.8006769181105,1730243854.6488955
2933.1747213810354,596.2551350897712,1730243854.6530333
2997.3242279677665,598.2444403462936,1730243854.6570082
2949.15621866658,532.8655878145204,1730243854.662046
2957.180494926035,513.1513492049395,1730243854.6658852
2966.3670618971664,553.0715648021179,1730243854.6690235
2944.9764424534374,603.5865072711119,1730243854.673017
2931.855968458172,558.5030387047576,1730243854.6770732
2969.339843909722,492.3865786059593,1730243854.681096
2979.4875358924314,494.24177339574976,1730243854.68496
3016.770245643884,571.2658847887379,1730243854.690104
2995.089053522236,525.9141952889199,1730243854.6931329
2965.2047711854902,448.21953156227255,1730243854.6971595
3021.93349861306,498.4215496088922,1730243854.7011652
3029.8460161502385,497.39336936394807,1730243854.7051334
2960.846181016705,553.8762276025091,1730243854.7091944
2963.215465928968,587.9626378968522,1730243854.7135863
2985.701320851007,500.81318626561006,1730243854.718196
2969.8762857766496,565.9685213528302,1730243854.721188
3003.3591989707,568.1142888205396,1730243854.724008
3010.3105914963,506.24466016824965,1730243854.7291546
2940.0367069288145,530.1610267354282,1730243854.7330427
2920.3895235526,584.4310622729138,1730243854.7372065
2946.429305843032,611.4990248082906,1730243854.741074
2954.6100443136747,536.7547913497438,1730243854.74617
2981.141564982124,493.7723867621883,1730243854.7491436
3021.017077090392,538.2300064837941,1730243854.7521274
2982.505021393898,551.1716665234169,1730243854.757198
2977.2076579579902,519.0298579966853,1730243854.761246
3023.878100380671,491.06782568309615,1730243854.7651224
2938.8744162171383,492.1854129058616,1730243854.7691536
2953.1571809240795,542.1192100190175,1730243854.7732277
3011.40582697461,568.4495649873692,1730243854.7772615
2952.7324977794287,534.6984308598555,1730243854.780249
2977.9005620361045,473.4993545412248,1730243854.785312
3016.50202471042,588.9461146528857,1730243854.7894452
3044.5534640018304,585.0792628621176,1730243854.7933693
2955.593521069708,493.6382762954565,1730243854.7973292
2916.992058395393,472.67233999637847,1730243854.8013244
2966.4788206194426,607.7215799953437,1730243854.8052096
2970.435079388032,598.1773851129276,1730243854.80818
2963.3942798846106,491.82778499457663,1730243854.812368
2929.218462612446,519.4098376524255,1730243854.8173437
2981.946227782515,536.3524599495482,1730243854.8213675
3049.8284756932826,560.939378850386,1730243854.8253276
2967.283483419834,570.1706493104278,1730243854.8284163
2977.967617269471,514.0007154942413,1730243854.8322415
3045.492237268953,514.6042125945345,1730243854.83646
2976.4476986465097,531.2115587248277,1730243854.8404412
2956.77816352584,519.7004103303445,1730243854.84526
2964.2659979183672,518.3369539185708,1730243854.849316
2946.5187128208536,565.4097277414475,1730243854.8534856
2988.8305650747498,543.6614803864337,1730243854.856646
2968.937512509526,489.3690931044928,1730243854.8607454
2987.8917918076268,550.9481490788638,1730243854.866357
3012.970449086481,528.2611284567271,1730243854.8694773
3026.761475415406,582.3747017830256,1730243854.873434
2948.5527215662864,543.5050181752465,1730243854.8777282
2944.5741110532417,500.9025932434313,1730243854.8818967
2944.529407564331,504.4565206118251,1730243854.8845007
2969.406899143088,556.9831200817966,1730243854.8885925
2965.316529907767,525.0648289996182,1730243854.8923688
2995.983123300448,449.6500432074122,1730243854.8964863
3001.146376269624,536.4418669273695,1730243854.9003403
2978.4817073919426,598.4903095353019,1730243854.90537
2985.880134806649,597.5962397570896,1730243854.9095335
2950.609082056175,502.6236775664899,1730243854.9126098
2943.0094889413704,446.2972815391161,1730243854.9163394
3004.7450071269286,513.1066457160289,1730243854.9205344
3008.6789141510626,603.8547282045756,1730243854.924608
2967.2611316753787,548.3106432331375,1730243854.9299147
2942.4283435855323,482.7082732568113,1730243854.9334412
2945.5799395537306,508.4574828693251,1730243854.9367225
3048.50972277042,574.8645156460424,1730243854.9406931
2998.218297745979,540.6886983738779,1730243854.9448214
2945.244663386901,506.53523284616864,1730243854.9486427
3001.101672780713,552.0210328127185,1730243854.9527164
3022.849920135727,537.4029919389477,1730243854.9570842
2995.267867477878,547.6400908994783,1730243854.961726
2970.725652065951,506.8481572685429,1730243854.9650917
2966.724689808452,561.4087654839475,1730243854.9686232
2995.759605855895,553.5633031801348,1730243854.972922
2990.1940214865235,535.5254454047019,1730243854.976719
2955.3923553696104,495.0240844516855,1730243854.9809132
2958.6110065711746,468.3584533165042,1730243854.9845731
2968.0434427313144,559.7994398831654,1730243854.9901097
2977.431175402543,559.1512392939615,1730243854.992659
2933.353535336678,515.6770963283892,1730243854.9967947
2943.6576895305743,469.83366845055446,1730243855.0005136
3010.981143829959,528.7528668347438,1730243855.0045905
2996.474861678465,584.6992832063775,1730243855.0085356
2952.5536838237863,521.0191632532076,1730243855.012534
2953.87243674665,506.3340671460709,1730243855.017655
3005.4826146939536,594.5116990222573,1730243855.0207193
3013.372780486677,589.5943152420897,1730243855.02452
2991.9374575540373,506.4011223794368,1730243855.028758
2968.937512509526,479.86960171098735,1730243855.0326445
3007.471919950476,554.9491113363638,1730243855.0370848
3037.5797197317747,577.7031871918664,1730243855.0405612
2983.6896638500293,560.8723236170201,1730243855.044716
2938.24856737239,517.0629044846182,1730243855.047608
2960.4214978720547,522.0026400092412,1730243855.0527723
2991.7139401094846,561.7216899063218,1730243855.0570269
2908.945430391482,524.3272214325931,1730243855.0607836
2920.6800962305188,498.2427356532497,1730243855.0651236
2990.2163732309787,520.6615353419227,1730243855.0690703
3036.8421121647493,534.2737477152048,1730243855.0729012
3029.2648707944004,543.6167768975231,1730243855.0757096
2928.883186445616,595.6739897339332,1730243855.0798786
2909.347761791678,545.9860618097856,1730243855.08485
3003.627419904163,554.6361869139895,1730243855.0892303
3030.5389202283527,520.4380178973696,1730243855.0927627
2894.796776151273,433.5791389440464,1730243855.097289
2950.698489033996,436.5966244455129,1730243855.1006885
3119.7000288605727,605.4417020609025,1730243855.1050928
3041.8712546671936,574.1716115679278,1730243855.1087756
2947.3457273657,566.1920387973832,1730243855.1129332
2864.219589736413,543.2815007306934,1730243855.116768
2952.6877942905185,531.7703523362103,1730243855.1201825
2983.868477805672,587.4932512632909,1730243855.1238644
2962.008471728381,528.7305150902886,1730243855.1289363
2981.298027193311,486.97745644777495,1730243855.1327612
2968.937512509526,538.2747099727047,1730243855.1373184
2998.3300564682554,580.7206726933327,1730243855.1399312
3006.8013676168166,539.6605181289337,1730243855.1441393
2931.8112649692616,516.7052765733333,1730243855.148239
2930.6266225131303,517.1523114624395,1730243855.1523788
2984.9860650284368,559.9335503498972,1730243855.1569643
2927.3856195671106,532.4409046698695,1730243855.1609447
2984.159050483591,457.4508020223144,1730243855.1650789
3031.209472562012,531.4797796582914,1730243855.1679387
2965.607102585686,585.5933529845897,1730243855.1720576
2995.446681433521,561.7440416507771,1730243855.1759045
2968.713995064973,484.6752267688784,1730243855.1803083
2986.3942249291213,428.7511621417001,1730243855.184966
2959.3486141382,542.7003553748555,1730243855.1894088
2952.7548495238843,660.7175660988768,1730243855.1930356
2960.10857344968,554.7702973807213,1730243855.196199
2961.2485124169007,497.8404042530542,1730243855.1998546
2960.77912578334,562.8839806179977,1730243855.2039888
2978.146431225113,590.778957698221,1730243855.2078884
2961.2708641613563,552.1551432794504,1730243855.2134492
2945.758753509373,496.4992995857358,1730243855.2168372
2975.1960009570125,542.1192100190175,1730243855.221382
2999.246477990923,612.9295364534303,1730243855.223848
2991.7139401094846,553.58565492459,1730243855.2280476
2962.857838017683,493.6159245510012,1730243855.2319503
2979.286370192334,479.6907877553449,1730243855.236358
3047.727411714484,542.3874309524812,1730243855.2402403
3049.940234415559,547.8189048551208,1730243855.2450871
2919.5178055188426,517.1523114624395,1730243855.2489233
2989.143489497124,531.6809453583891,1730243855.2526133
3030.628327206174,583.8499169170758,1730243855.2559729
2947.099858176692,572.5622859671457,1730243855.260649
2896.227287796413,524.5060353882355,1730243855.2640648
2891.9134011165384,493.8617937400096,1730243855.2686477
2916.969706650937,469.4760405392696,1730243855.2734768
2981.387434171133,600.8819461920198,1730243855.2759776
3009.416521718088,533.9161198039199,1730243855.280238
3012.9928008309366,526.8976720449534,1730243855.284008
2977.2970649358112,588.2085070858607,1730243855.2882953
3001.146376269624,561.0958410615732,1730243855.292016
2991.5798296427524,501.8860699994648,1730243855.2966917
2994.418501188577,507.0046194797301,1730243855.301225
2973.854896289694,601.8877746925086,1730243855.304104
3000.8334518472498,579.3125127926485,1730243855.3080547
2980.247495203912,508.6586485694229,1730243855.3125167
2930.693677746496,497.2145554083056,1730243855.3159895
3001.459300691998,554.2562072582492,1730243855.3204968
2969.0492712318032,601.6642572479556,1730243855.323961
2946.9657477099595,553.2280270133051,1730243855.3303442
2937.0639249162587,486.7762907476772,1730243855.3330648
2963.1931141845125,536.7994948386544,1730243855.337356
2985.54485863982,577.6361319585004,1730243855.3402584
3007.606030417208,556.2231607703162,1730243855.344093
3007.4272164615654,479.1766976328728,1730243855.3485565
2948.664480288563,494.84527049604304,1730243855.3526094
2900.898802387572,515.2300614392831,1730243855.3564174
2965.5847508412303,592.0530071321734,1730243855.3590868
2962.343747895211,518.4710643853026,1730243855.3632133
2950.452619844988,549.2270647558051,1730243855.3681989
3020.88296662366,565.4767829748134,1730243855.372626
2966.4788206194426,574.4621842458469,1730243855.3762264
2945.021145942348,527.2105964673277,1730243855.380186
2924.0999131321805,530.9880412802746,1730243855.3841147
2934.3593638371667,562.2804835177045,1730243855.387308
2962.857838017683,562.615759684534,1730243855.3910873
2959.2815589048337,496.07461644108497,1730243855.3961506
3012.255193263912,451.4828862527473,1730243855.4001377
3038.786713932361,526.718858089311,1730243855.4041913
2955.2582449028787,627.5475773272011,1730243855.4081218
2925.306907332767,542.7674106082214,1730243855.4121082
2953.179532668535,481.47892731176944,1730243855.4152389
3005.7061321385067,503.137767688962,1730243855.4191513
3009.1930042735344,561.9675590953302,1730243855.4241292
3044.5758157462856,563.3533672515592,1730243855.4284568
2965.8753235191493,540.1075530180399,1730243855.4321227
2923.7869887098063,521.6673638424115,1730243855.4361875
2956.532294336831,547.7742013662101,1730243855.4392457
2961.226160672445,549.5399891781794,1730243855.4432056
2925.9774596664265,548.1765327664057,1730243855.4473429
2954.5206373358533,539.5487594066572,1730243855.452399
3020.681800923562,567.5107917202463,1730243855.456293
2976.961788768982,559.1959427828721,1730243855.4604845
2956.062907703269,506.0434944681519,1730243855.464497
3045.514589013409,479.7801947331661,1730243855.4673605
3005.92964958306,553.2727305022157,1730243855.4714673
2874.6131509081306,578.9772366258188,1730243855.4753785
2881.1175085446253,511.8772997709871,1730243855.479427
2952.620739057152,520.3486109195484,1730243855.484429
3035.009269119414,551.7751636237101,1730243855.4883907
3026.7391236709504,564.9850445967966,1730243855.491272
2903.491604744388,460.58004624605735,1730243855.495362
2910.912383903549,495.0464361961408,1730243855.4992712
2969.20573344299,578.552553481168,1730243855.5034227
2979.1299079811465,591.3824547985142,1730243855.5072412
2974.145468967613,531.1445034914617,1730243855.5123909
2988.6070476301966,501.6402008104564,1730243855.5163178
3015.093864809736,507.3175439021044,1730243855.5194707
2965.696509563507,566.1249835640173,1730243855.52345
2926.4021428110773,562.0346143286961,1730243855.5275
2925.6868869885075,535.9501285493527,1730243855.5314124
2975.598332357208,548.1541810219504,1730243855.5355003
3058.076269397291,554.457372958347,1730243855.5403552
3072.403737593143,541.9180443189198,1730243855.544381
2926.446846299988,531.8821110584869,1730243855.54748
2912.275840315323,565.9238178639196,1730243855.5514617
3028.2813940383667,564.4933062187798,1730243855.5554175
3012.255193263912,527.0317825116853,1730243855.5595448
2865.5159909148206,498.0192182086967,1730243855.5634463
2886.7501481473623,543.7508873642549,1730243855.5673728
2962.075526961747,613.2871643647152,1730243855.5725548
3018.714847411495,564.6050649410564,1730243855.575498
2978.4817073919426,488.72089251528894,1730243860.5903225
2947.859817488172,443.1233338264625,1730243860.5945485
2951.860779745672,423.6549644058901,1730243860.5983248
2977.341768424722,465.944464915331,1730243860.6027012
2978.079375991747,489.14557565993977,1730243860.6054993
2961.963768239471,457.13787759994005,1730243860.6095104
2955.7052797919846,423.4761504502476,1730243860.6133687
2974.413689901077,457.13787759994005,1730243860.6186535
2989.791690086328,492.0065989502191,1730243860.6223152
2962.58961708422,462.92697941386456,1730243860.626517
2948.284500632823,425.2195865177616,1730243860.629344
2969.831582287739,448.8230286625658,1730243860.6334293
2987.3553499406994,487.78211924816605,1730243860.637514
2964.7353845519287,470.12424112847344,1730243860.6415014
2944.8646837311608,424.1019992949962,1730243860.645514
2961.941416495016,437.7589151571888,1730243860.650712
2981.92387603806,487.6703605258895,1730243860.6551669
2966.590579341719,479.6237325219789,1730243860.6576912
2950.564378567264,431.7015924098006,1730243860.6614769
2962.410803128577,431.4333714763369,1730243860.6655765
2983.4214429165654,478.3496830880264,1730243860.6695716
2975.01718700137,482.6635697679007,1730243860.6734908
2951.3913931121106,438.4518192353033,1730243860.6785913
2956.4875908479203,430.56165344258,1730243860.6824422
2986.170707484568,478.4167383213924,1730243860.6856084
2989.702283108507,497.169851919395,1730243860.6894543
2969.5186578653647,453.5392467426356,1730243860.6935985
2963.930721751538,429.0193830751638,1730243860.6974854
2984.203753972501,465.7880027041439,1730243860.7016416
2987.154184240602,493.459462339814,1730243860.705458
2962.2990444063003,458.2107613337948,1730243860.710614
2953.1348291796244,423.29733649460513,1730243860.7136886
2969.5857130987306,451.0805548525518,1730243860.7176404
2983.086166749736,490.68784602735593,1730243860.721629
2970.2339136879345,472.8735056964762,1730243860.7256577
2957.6051780706857,428.01355457467497,1730243860.729655
2974.212524200979,450.074726352063,1730243860.7346983
2988.5399923968307,492.56539256160175,1730243860.7376864
2973.564323611776,474.8851626974538,1730243860.7407465
2949.3573843666777,426.3148219960716,1730243860.7457163
2977.8782102916493,442.65394719290106,1730243860.7496977
2999.246477990923,492.6771512838783,1730243860.7537153
2983.6226086166635,492.2748198836828,1730243860.7577715
2956.308776892278,442.0728018370631,1730243860.762643
2965.4506403744986,435.3896302449263,1730243860.7655773
2987.1988877295125,481.54598254513536,1730243860.7686217
2981.990931271426,488.8550029820208,1730243860.7736604
2963.304872906789,441.6704704368676,1730243860.7777858
2974.458393389988,429.8463976200101,1730243860.7816525
2999.246477990923,476.9415231873421,1730243860.785818
2993.92676281056,497.39336936394807,1730243860.7908072
2967.0599659752806,451.7958106751217,1730243860.7938352
2964.288349662823,425.46545570676994,1730243860.7970035
2986.818908073772,463.59753174752376,1730243860.8018396
2991.5798296427524,492.9900757062526,1730243860.8056412
2968.915160765071,458.7248514562668,1730243860.8096616
2960.2426839164123,424.4149237173705,1730243860.8136928
2983.3320359387444,456.82495317756576,1730243860.8178155
2998.754739612906,496.38754086345926,1730243860.8218064
2978.2358382029342,471.8006219626215,1730243860.824859
2960.980291483437,430.3604877424822,1730243860.828827
2980.1357364816354,447.4372205063368,1730243860.8338833
2994.083225021747,490.4419768383476,1730243860.8376908
2987.4224051740653,485.3457791025376,1730243860.8417933
2969.742175309917,440.172903558362,1730243860.8456688
2982.460317904988,446.3866885169373,1730243860.8496716
3001.5934111587303,492.0513024391297,1730243860.8527884
2995.7819576003503,492.1407094169509,1730243860.8567195
2971.463259632976,442.69865068181167,1730243860.8629034
2980.560419626286,436.7307349122447,1730243860.8657846
3018.8713096226825,486.9998081922303,1730243860.8719234
3004.275620493367,497.95216297533074,1730243860.874932
2958.6780618045404,453.8298194205546,1730243860.8779109
2977.118250980169,433.44502847731457,1730243860.8807535
3029.175463816579,476.1592121314064,1730243860.884902
3033.1987778185344,505.1270729454843,1730243860.8898268
2967.507000864387,467.4643835382919,1730243860.893848
2961.8967130061046,437.2895285236274,1730243860.8978157
3003.5827164152524,469.4760405392696,1730243860.900911
3007.74014088394,503.0260089666854,1730243860.9049196
2981.0745097487584,471.3535870735153,1730243860.9089775
3003.06862629278,431.61218543197936,1730243860.9129632
3048.50972277042,462.1670201023841,1730243860.918008
3008.187175773045,498.95799147581954,1730243860.9219291
2937.622718527641,473.94638943033095,1730243860.9259183
2960.913236250072,428.8405691195213,1730243860.929
3045.0004988909363,445.78319141664406,1730243860.9330091
2986.9306667960486,468.78313646115504,1730243860.936807
2890.460537726944,433.8920633664207,1730243860.9410172
2898.6636279420413,402.0184757731528,1730243860.945014
2995.267867477878,445.6043774610016,1730243860.949879
3105.618429853729,487.2456773812386,1730243860.953974
3068.3804235911875,503.5400990891575,1730243860.9569104
2948.731535521929,457.7413747002333,1730243860.9608822
2979.308721936789,469.6995579838226,1730243860.9650326
3003.426254204065,525.2212912108054,1730243860.9689274
3000.3864169581434,517.2417184402607,1730243860.9729328
2948.508018077376,466.70442422681145,1730243860.9779432
2912.499357759876,440.0611448360855,1730243860.9808967
2964.400108385099,477.9697034322862,1730243860.985078
3008.88007985116,490.9784187052749,1730243860.988956
3013.0598560643025,465.4750782817696,1730243860.993141
2941.3331081072224,444.0397553491301,1730243860.9969423
2981.0074545153925,483.20001163482806,1730243861.001125
3017.887832866649,512.9501835048418,1730243861.006013
2961.941416495016,489.45850008231406,1730243861.0090706
2968.4904776204203,440.35171751400446,1730243861.0139756
2972.3126259222777,458.09900261151824,1730243861.0179949
2967.0599659752806,492.5430408171465,1730243861.0220163
3000.8781553361605,479.64608426643423,1730243861.028057
3026.4485509930314,425.2642900066722,1730243861.0310147
3047.012155891914,428.0806098080409,1730243861.0350013
3014.3115537538,503.09306420005134,1730243861.0381997
2958.9686344824595,526.6741546004004,1730243861.041217
2960.8685327611606,456.4002700329149,1730243861.0451317
2971.4185561440654,445.269101294172,1730243861.0491982
3013.752760142417,478.6179040214901,1730243861.0530844
3044.88874016866,491.7160262723001,1730243861.0571637
2993.92676281056,454.32155779857135,1730243861.062144
2937.7344772499177,460.334177057049,1730243861.0651426
3056.0646123963134,516.1911864508613,1730243861.068046
3134.854511601271,490.9337152163643,1730243861.0731857
2999.872326835672,516.459407384325,1730243861.0771248
2884.1349940460914,503.3165816446044,1730243861.0811234
2975.866553290672,481.21070637830576,1730243861.0851867
2993.144451754624,482.5741627900794,1730243861.0902252
3075.0635951833247,438.8988541244095,1730243861.0932355
2968.892809020616,451.4158310193814,1730243861.09635
2930.9395469355045,543.326204219604,1730243861.1014252
2975.7771463128506,596.8362804456092,1730243861.1054103
3037.333850542766,498.1756804198838,1730243861.1091812
3002.1969082590235,418.91639458136495,1730243861.1134186
2989.009379030392,481.5012790562248,1730243861.1162832
3026.068571337292,502.1989944218391,1730243861.1202664
3090.061615712836,494.3982356069369,1730243861.1245675
3015.049161320825,474.9298661863645,1730243861.1284206
2945.311718620267,489.3690931044928,1730243861.13339
2949.670308789052,545.360212965037,1730243861.1372435
3021.1288358126685,489.07852042657385,1730243861.1414802
3072.850772482249,442.31867102607146,1730243861.1443944
3091.022740724414,452.73458394224457,1730243861.1484053
3062.8595427107266,548.9141403334309,1730243861.152407
3109.6417438556846,509.08333171407367,1730243861.1562304
2955.6382245586187,521.8685295425093,1730243861.1614175
2917.036761884304,532.7314773477885,1730243861.1653895
2955.124134436147,558.6595009159447,1730243861.1696055
2913.4604827714543,535.4136866824254,1730243861.1732614
3018.625440433674,489.2796861266716,1730243861.1766016
3156.558055467374,439.18942680232846,1730243861.1802814
3076.94114171757,489.12322391548446,1730243861.186453
3034.338716785755,562.459297473347,1730243861.189346
3045.872216924693,516.4817591287803,1730243861.193463
3086.7982610223607,454.7015374543116,1730243861.198396
3107.786549065894,455.4838485102473,1730243861.202432
3099.1587757061457,467.6655492383896,1730243861.205294
2920.5236340193314,498.041569953152,1730243861.208477
2975.821849801761,466.0562236376076,1730243861.2124789
3046.721583213995,439.1447233134178,1730243861.2175248
3091.559182591341,514.0901224720625,1730243861.2215064
3083.8031272653493,573.3893005119921,1730243861.2245152
3085.010121465936,481.0318924226633,1730243861.2285323
3121.2199474835334,502.37780837748153,1730243861.2325587
3039.7031354550286,563.6886434183888,1730243861.2363584
2879.977569577404,562.8839806179977,1730243861.24054
2945.982270953926,508.1445584469508,1730243861.24454
3055.438763551565,503.7859682781659,1730243861.2495475
3011.249364763423,543.5944251530677,1730243861.2524033
2945.5575878092754,536.5312739051907,1730243861.257558
3004.8567658492047,500.9696484767972,1730243861.2615705
3074.437746338576,426.6724499073565,1730243861.2665908
3003.2474402484227,504.1659479339061,1730243861.2695816
3028.370801016188,534.9666517933192,1730243861.2744496
3006.600201916719,443.4139065043815,1730243861.278692
3143.459933216564,421.1515690268957,1730243861.2814982
3177.613398744273,454.4780200097585,1730243861.2856169
3022.604050946719,544.1085152755398,1730243861.2885497
2973.050233489303,591.6283239875227,1730243861.2926636
3005.415559460588,475.60041852002365,1730243861.2966733
2961.695547306007,603.6982659933884,1730243861.3007057
2905.4585582564546,646.3453944141144,1730243861.305586
2910.4877007588984,519.7674655637104,1730243861.3087149
3061.786658976872,414.8707288349544,1730243861.312705
3166.973968383547,436.7754384011553,1730243861.3167012
3202.1556141562005,584.3863587840032,1730243861.3207116
3095.3589791487434,556.0890503035844,1730243861.3247025
3070.74970850345,472.89585744093154,1730243861.3286989
3021.821739890783,519.8568725415316,1730243861.3336897
2983.6896638500293,561.4981724617687,1730243861.3367553
3083.825479009805,521.91323303142,1730243861.3407562
3016.390265988144,504.1212444449955,1730243861.34578
2952.4195733570546,503.11541594450665,1730243861.3486514
2983.3767394276547,547.1483525214616,1730243861.3526807
3047.7721152033946,481.6577412674119,1730243861.358744
3195.427739075153,414.9601358127756,1730243861.3617263
3080.94210397507,478.6402557659454,1730243861.3656175
3032.2600045514114,618.6515830339889,1730243861.368724
2996.3854547006435,574.7751086682212,1730243861.3725808
2873.7190811299183,554.5244281917129,1730243861.3767776
2976.335939924233,514.8724335279982,1730243861.3805428
2997.145414012124,502.1319391884732,1730243861.3849027
2968.356367153689,613.6894957649107,1730243861.3888023
2973.698434078507,565.3426725080816,1730243861.3918688
3015.987934587948,480.42839532237,1730243861.3956337
3190.555058783896,442.65394719290106,1730243861.400824
3150.0984013197904,503.2271746667832,1730243861.404838
3024.325135269777,527.3894104229702,1730243861.4086995
2972.0667567332694,550.8810938454978,1730243861.4126372
3065.742917745461,505.3058869011268,1730243861.4167428
3041.155998844624,551.0599078011403,1730243861.4197154
2981.566248126775,556.4466782148693,1730243861.4237325
3060.713775243017,452.33225254204905,1730243861.42879
3095.917772760126,457.6966712113227,1730243861.43285
2996.0054750449035,542.0968582745622,1730243861.43684
2918.2661078293454,639.0587257216843,1730243861.44089
2981.58859987123,566.4155562419363,1730243861.4439523
3021.374705001677,496.8345757525654,1730243861.4477851
3051.303690827333,547.7518496217549,1730243861.451799
3098.04118848338,549.7635066227325,1730243861.4557052
3032.9305568850705,459.37305204547073,1730243861.4609008
3023.4087137471097,472.0688428960852,1730243861.4649143
2986.2377627179344,541.4486576853583,1730243861.4678645
2946.2057883984794,628.2628331497709,1730243861.4718988
2978.3923004141216,540.8228088406097,1730243861.4758024
3076.2258858950004,460.5129910126914,1730243861.4799168
3113.486243901997,548.7576781222436,1730243861.483926
3146.209197784566,572.2717132892267,1730243861.4887557
3100.8351565402936,546.9695385658191,1730243861.4929774
3042.050068622836,500.7237792877888,1730243861.4968233
2878.636464910086,529.781047079688,1730243861.499961
3007.158995528101,531.524483147202,1730243861.50397
2996.787786100839,522.5390818761686,1730243861.5078995
2971.3962043996103,492.1407094169509,1730243861.5119853
3040.6195569776964,522.0026400092412,1730243861.5160065
2974.659559090085,576.2726755467266,1730243861.5210085
3014.646829920629,540.4204774404142,1730243861.5239854
2999.3358849687443,478.6402557659454,1730243861.5280027
3032.304708040322,486.5527733031241,1730243861.5320308
3095.8954210156708,552.8256956131096,1730243861.5360177
3072.8284207377937,514.0454189831519,1730243861.5399432
3022.984030602459,498.8015292646324,1730243861.544028
3009.93061184056,507.1834334353725,1730243861.5490687
3050.2308070934782,528.4175906679143,1730243861.5520868
3070.3250253587994,612.2589841197711,1730243861.556013
2969.675120076552,623.6583737919776,1730243861.5601246
2899.1106628311472,575.9821028688077,1730243861.5640275
3000.252306491412,498.28743914216034,1730243861.5680363
3036.976222631481,518.5157678742132,1730243861.5719385
3000.140547769135,545.6954891318667,1730243861.5770988
2992.5186029098754,475.041624908641,1730243861.5809865
3085.725377288506,473.7899272191438,1730243861.5849686
3110.1558339781564,564.3368440075927,1730243861.5881429
3038.272623809889,502.48956709975806,1730243861.5921235
2968.11049796468,479.6684360108896,1730243861.59805
3142.2305872715224,521.1532737199394,1730243861.6021724
2990.8645738201826,592.9470769103857,1730243861.6051643
2923.5187677763424,575.7585854242546,1730243861.6081204
3005.2590972494004,446.2749297946608,1730243861.6121566
2966.0317857303367,480.718968000289,1730243861.6161897
3024.1239695696795,561.6769864174112,1730243861.620184
3032.8635016517046,557.9218933489196,1730243861.6241992
3022.4922922244423,507.5634130911128,1730243861.6282234
3008.231879261956,569.3883382544922,1730243861.6322126
2957.672233304052,614.9635451988632,1730243861.6353035
3019.720675911984,535.8383698270762,1730243861.639074
3042.3182895562995,449.22536006276135,1730243861.644264
3002.532184425853,495.1134914295067,1730243861.6480677
3003.4486059485207,544.0191082977186,1730243861.6522343
3109.105301988757,573.2775417897155,1730243861.6561227
3056.6234060076963,564.6721201744223,1730243861.6602688
3029.130760327668,517.1076079735288,1730243861.6632931
3046.252196580433,541.8286373410986,1730243861.667292
2981.5215446378643,560.4923439612799,1730243861.672128
2927.765599222851,520.0356864971741,1730243861.6762648
2954.2300646579347,502.9589537333195,1730243861.6801386
3039.949004644037,524.5060353882355,1730243861.68441
3053.784734461872,537.5371024056795,1730243861.687152
3074.460098083031,485.7928139916437,1730243861.6913168
2994.373797699666,497.0133897082079,1730243861.69531
2980.1357364816354,537.4253436834031,1730243861.7003255
3052.5106850279194,543.326204219604,1730243861.704334
2983.801422572306,603.005361915274,1730243861.7084544
2925.3516108216777,551.618701412523,1730243861.711398
2976.1347742241355,549.9646723228303,1730243861.7152653
3027.6331934491627,581.9500186383747,1730243861.7194111
2988.048254018814,571.3776435110144,1730243861.7232213
3042.3853447896654,465.7880027041439,1730243861.729296
3100.8351565402936,450.56646473007976,1730243861.7324018
2962.075526961747,567.5107917202463,1730243861.736419
2999.939382069037,555.3290909921039,1730243861.7392368
3077.924618473604,464.04456663663,1730243861.7434227
2980.4486609040096,524.684849343878,1730243861.7473168
2972.245570688912,593.1482426104835,1730243861.751542
2961.606140328186,561.6546346729559,1730243861.7562375
2969.339843909722,516.1241312174953,1730243861.7605147
3035.724524941984,487.2456773812386,1730243861.7643344
3055.1258391291904,559.8217916276207,1730243861.7675269
3024.50394922542,582.3523500385702,1730243861.7713544
2967.864628775672,530.2057302243388,1730243861.775438
3043.167655845601,494.1076629290179,1730243861.7794385
3106.7360170764946,459.7977351901216,1730243861.783779
2940.081410417725,507.4293026243809,1730243861.7886834
2938.315622605756,594.4669955333467,1730243861.7923489
2966.277654919345,520.1474452194507,1730243861.7958975
2988.785861585839,506.6469915684452,1730243861.799469
3010.6458676631296,587.6944169633886,1730243861.8037171
2973.139640467124,580.7877279266987,1730243861.807496
2964.601274085197,530.2057302243388,1730243861.8118482
3016.4796729659647,480.54015404464656,1730243861.817057
3133.178130767122,548.3553467220481,1730243861.8194025
3134.6756976456286,542.6556518859448,1730243861.8235164
2955.817038514261,512.81607303811,1730243861.8274992
2978.4146521585767,526.5623958781238,1730243861.831401
3042.430048278576,561.7440416507771,1730243861.8355029
2954.654747802585,575.6915301908887,1730243861.8393772
2970.859762532683,524.9307185328863,1730243861.84453
3032.8635016517046,442.5868919595352,1730243861.8473988
3007.7177891394845,545.7625443652325,1730243861.8505766
2994.865536077683,582.6876262053999,1730243861.8554564
2968.848105531705,551.6857566458889,1730243861.8595767
3007.3825129726547,497.8404042530542,1730243861.8634691
2972.133811966635,557.6760241599112,1730243861.8676102
2986.505983651398,617.0869609221174,1730243861.8715923
3031.343583028744,533.2902709591712,1730243861.8757343
3030.404809761621,502.71308454431113,1730243861.8796735
3017.5078532109087,543.3485559640594,1730243861.8838687
3017.887832866649,616.7516847552878,1730243861.8877437
2987.02007377387,577.7031871918664,1730243861.893889
2934.135846392613,460.8035636906104,1730243861.8967211
2999.827623346761,471.7112149848003,1730243861.899598
3139.816598870349,537.7382681057774,1730243861.9037514
3083.624313309707,571.6458644444781,1730243861.906607
2829.9096619975167,484.9881511912527,1730243861.9110727
2923.3399538207,484.8316889800655,1730243861.9157033
3046.431010536076,553.2056752688497,1730243861.919709
2965.7635647968727,602.0218851592405,1730243861.9236667
2898.864793642139,540.9792710517968,1730243861.9277472
3042.0277168783805,525.7353813332775,1730243861.9315772
3024.6157079476966,555.7984776256654,1730243861.9348917
3063.2618741109222,564.6944719188776,1730243861.9386072
3091.492127357976,526.2941749446601,1730243861.9438004
3025.3980190036323,510.0444567256519,1730243861.9476857
3022.7605131579057,529.5351778906796,1730243861.9519188
3003.5380129263417,608.3697805845476,1730243861.955685
3010.2882397518447,564.4709544743246,1730243861.959916
2997.1007105232134,508.41277938041446,1730243861.9633937
3016.949059599526,543.2144454973276,1730243861.9670825
2923.6752299875297,604.9946671717962,1730243861.9718492
2944.507055819876,522.717895831811,1730243861.9757366
2974.368986412166,477.2320958652611,1730243861.9798667
3025.3756672591767,540.48753267378,1730243861.9829364
3023.654582936118,570.2600562882491,1730243861.9872327
3008.857728106705,543.8849978309868,1730243861.9907904
3003.672123393074,494.0853111845626,1730243861.994964
3028.057876593813,530.29513720216,1730243861.9999535
3026.2920887818445,603.3406380821035,1730243862.0042517
3037.5126644984084,604.2123561158605,1730243862.008178
2948.44096284401,530.5186546467131,1730243862.0108736
2922.021200897837,521.1532737199394,1730243862.0147424
3016.345562499233,553.3397857355817,1730243862.01888
3014.110388053702,557.0278235707073,1730243862.0228083
3013.5739461867747,504.5459275896464,1730243862.0278993
3021.911146868604,512.5925555935569,1730243862.0317807
3037.244443564945,597.4174258014472,1730243862.0363011
3041.759495944917,616.7069812663772,1730243862.0398333
2983.01911151637,539.9287390623974,1730243862.0430384
2984.851954561705,498.5109565867134,1730243862.0469024
3034.115199341202,561.9228556064196,1730243862.0510104
3042.8770831676825,571.2658847887379,1730243862.0558016
2947.122209921147,571.9587888668524,1730243862.0599144
2940.8413697292053,560.0453090721737,1730243862.0637772
3019.74302765644,549.361175222537,1730243862.0668013
3006.399036216621,520.8850527864757,1730243862.0713048
2990.059911019792,487.5586018036129,1730243862.0753117
3053.672975739596,544.779067609199,1730243862.0789351
2965.8753235191493,542.9685763083191,1730243862.08306
3028.4825597384647,584.6322279730115,1730243862.087958
2999.224126246468,630.1627314284721,1730243862.091138
2963.975425240448,527.7023348453445,1730243862.094843
3054.187065862068,454.2097990762948,1730243862.0988595
3049.8061239488275,520.4156661529144,1730243862.1030378
2923.1387881206024,640.5115891112791,1730243862.1069815
3033.869330152193,543.2591489862382,1730243862.1108503
3024.7721701588835,492.25246813922746,1730243862.116074
2951.9725384679487,572.4728789893245,1730243862.119012
3021.531167212864,587.9179344079416,1730243862.1228857
3015.8314723767608,533.6255471260008,1730243862.1268206
2966.501172363898,512.0337619821742,1730243862.130933
3000.811100102794,529.5128261462244,1730243862.1353145
3054.477638539987,562.9286841069083,1730243862.1388912
2987.154184240602,552.0657363016292,1730243862.1441102
3029.756609172417,488.45267158182526,1730243862.147934
2957.5828263262306,616.2822981217263,1730243862.1511858
2937.1309801496245,647.8429612926199,1730243862.1552005
2986.751852840406,557.5642654376347,1730243862.1590135
2984.0696435057694,444.73265942724464,1730243862.1631725
3025.822702148283,488.4079680929146,1730243862.167169
2992.920934310071,589.907239664464,1730243862.1719642
3003.0015710594143,571.8023266556653,1730243862.175144
2930.96189867996,537.9394338058751,1730243862.179143
3008.030713561858,549.8752653450091,1730243862.183298
3067.6428160241626,586.9121059074529,1730243862.1872857
3073.946007960559,562.9957393402743,1730243862.191062
3026.381495759665,508.07750321358486,1730243862.1953433
2964.2659979183672,515.3194684171043,1730243862.200828
2933.800570225784,567.3319777646038,1730243862.2032945
2987.0647772627804,548.48945718878,1730243862.20602
3021.419408490588,542.4321344413918,1730243862.211336
2952.7548495238843,527.1435412339617,1730243862.2152395
2990.059911019792,566.3261492641151,1730243862.219221
2984.2931609503225,566.7508324087659,1730243862.223022
2987.981198785448,469.9230754283757,1730243862.227322
3026.135626570657,556.9607683373414,1730243862.2301254
3003.8062338598056,615.0976556655951,1730243862.23442
2967.3952421421104,614.2259376318381,1730243862.2390585
3049.850827437738,520.393314408459,1730243862.2434652
2998.888850079638,516.973497506797,1730243862.2470295
2962.410803128577,559.7323846497994,1730243862.2515197
3007.158995528101,587.0909198630953,1730243862.254105
3045.335775057766,535.0337070266852,1730243862.2582865
3031.6788591955733,468.6043225055126,1730243862.2622492
2962.321396150756,523.1425789764618,1730243862.2662723
2979.7781085703505,593.2152978438495,1730243862.2712884
3010.824681618772,553.1609717799391,1730243862.2752595
2981.230971959945,540.8004570961543,1730243862.279214
2932.1688928805465,535.2572244712383,1730243862.2821667
2937.7344772499177,540.7781053516991,1730243862.2861
3052.756554216928,580.3183412931372,1730243862.290274
3038.2949755543445,528.2611284567271,1730243862.2952988
3038.4067342766207,523.231985954283,1730243862.299248
3041.3124610558107,591.5165652652461,1730243862.3032856
2918.042590384792,595.6739897339332,1730243862.3061192
2976.268884690868,547.2824629881934,1730243862.310308
3061.2055136210342,555.0832218030956,1730243862.314206
3020.0336003343587,567.1531638089614,1730243862.318266
2999.291181479833,582.329998294115,1730243862.3221772
2948.373907610644,566.6614254309446,1730243862.3271966
2956.599349570197,520.393314408459,1730243862.33115
3000.721693124973,513.2854596716713,1730243862.3343377
3070.436784081076,552.5127711907353,1730243862.3383143
3027.119103326691,545.7401926207773,1730243862.3423345
2865.873618826105,617.8022167446873,1730243862.3463256
2881.989226578382,553.1162682910285,1730243862.350418
3043.3911732901543,495.1581949184173,1730243862.3544192
3036.909167398115,505.0153142232078,1730243862.359295
2987.221239473968,516.3029451731378,1730243862.3625448
2986.7742045848618,568.9189516209307,1730243862.3670118
2971.5750183552527,629.5592343281787,1730243862.3709002
3008.008361817403,558.1007073045621,1730243862.3749533
2980.716881837473,530.3845441799813,1730243862.37876
3005.661428649596,551.037556056685,1730243862.3822803
3093.906115759148,592.2094693433606,1730243862.387705
3026.627364948674,597.5962397570896,1730243862.3905113
2971.6197218441635,504.5459275896464,1730243862.3945897
2929.844311457194,520.5944801085568,1730243862.398348
3017.373742744177,586.5097745072574,1730243862.402496
3052.778905961384,569.4106899989474,1730243862.4063249
3024.325135269777,509.1503869474396,1730243862.4115932
2997.2571727344007,542.9015210749533,1730243862.4144547
2945.982270953926,559.5312189497017,1730243862.4176884
2935.923985949038,561.8558003730536,1730243862.4224243
2964.9365502520263,526.137712733473,1730243862.42656
2952.017241956859,468.4255085498701,1730243862.4303532
2978.861687047683,591.7177309653439,1730243862.4345229
3006.779015872361,624.5971470591005,1730243862.4393497
3028.795484160839,620.7526470127877,1730243862.4425097
2965.1377159521244,545.5613786651348,1730243862.4455583
2982.192096971524,506.5128811017133,1730243862.4505596
3004.923821082571,557.0278235707073,1730243862.4545336
2988.964675541481,603.1394723820058,1730243862.4585392
3005.795539116328,524.8860150439757,1730243862.4625173
3073.65543528264,508.7927590361547,1730243862.4665492
3048.2191500925005,576.1162133355396,1730243862.4707005
3027.610841704708,565.7450039082771,1730243862.4734762
2997.1230622676685,539.5487594066572,1730243862.4785547
2943.992965697404,523.7684278212104,1730243862.4825668
2948.2174453994567,514.2242329387943,1730243862.4865687
2909.660686214052,532.0609250141293,1730243862.4905896
3029.1978155610345,570.9753121108189,1730243862.4947984
3021.7546846574173,545.1813990093946,1730243862.498521
2991.959809298493,633.8060657746871,1730243862.5016053
2960.913236250072,609.9344026964192,1730243862.5054915
2959.058041460281,517.0852562290736,1730243862.5105867
2991.1327947536465,508.7927590361547,1730243862.5145211
3027.499082982431,560.0900125610843,1730243862.5184848
2994.284390721845,556.6031404260565,1730243862.522542
2993.7032453660067,577.3008557916709,1730243862.5267687
2992.78682384334,548.5341606776906,1730243862.5297174
3021.4641119794983,520.1027417305401,1730243862.5336895
3043.2570628234225,545.6507856429561,1730243862.5384922
2960.7120705499733,498.9132879869089,1730243862.5426817
2979.73340508144,536.2854047161824,1730243862.5465007
3004.1638617710905,635.6612605644775,1730243862.5495503
2947.926872721538,661.7904498327315,1730243862.5537145
2955.124134436147,577.5914284695898,1730243862.557705
3041.424219778088,478.5732005325795,1730243862.561764
3061.8090107213275,526.7859133226768,1730243862.5657723
2967.372890397655,594.779919955721,1730243862.570748
2989.7693383418728,575.1774400684167,1730243862.5747254
3001.302838480812,522.8296545540875,1730243862.5777235
2979.5545911257973,512.8831282714758,1730243862.5817533
2924.546948021287,593.0141321437517,1730243862.5857644
2976.000663757404,594.5787542556232,1730243862.589606
3024.571004458786,540.4204774404142,1730243862.5948231
3059.372670575699,457.9648921447864,1730243862.5987637
2975.151297468102,503.5400990891575,1730243862.6028204
3014.713885153996,646.0771734806507,1730243862.6056807
3003.090978037236,563.9568643518525,1730243862.6098046
2966.3894136416216,526.2271197112942,1730243862.6136284
2964.534218851831,603.2512311042823,1730243862.6178515
2961.315567650267,571.1094225775507,1730243862.6216376
2993.882059321649,484.5634680466018,1730243862.6268032
3024.526300969875,464.1563253589065,1730243862.6306624
3055.438763551565,524.2378144547719,1730243862.6338155
3055.885798440671,551.7304601347995,1730243862.6377306
2966.791745041817,631.6379465625223,1730243862.641703
2842.7172115704075,607.5874695286119,1730243862.6457071
2975.464221890476,541.3816024519924,1730243862.6496315
3007.2260507614674,546.9024833324532,1730243862.6547976
3015.563251443297,526.070657500107,1730243862.65775
2982.7508905829063,556.0219950702185,1730243862.661865
2915.3156775612447,574.0151493567407,1730243862.6658547
2957.3816606261325,611.1861003859163,1730243862.6698403
3004.2532687489115,586.8450506740869,1730243862.6738806
2982.281503949345,526.8753203004981,1730243862.67792
3042.810027934316,554.2115037693386,1730243862.6828716
3135.7038778905726,562.2357800287939,1730243862.6858883
3002.1298530256577,606.4028270724806,1730243862.6887512
2871.372147962112,554.7702973807213,1730243862.693962
2904.1398053335915,502.5342705886687,1730243862.6978457
3089.8380982682825,596.5904112566008,1730243862.7019548
3078.0363771958805,596.5680595121455,1730243862.7057984
2963.930721751538,523.6119656100233,1730243862.7109785
2912.342895548689,572.3834720115033,1730243862.7138584
2928.480855045421,597.1492048679835,1730243862.7179592
2950.3855646116217,587.5826582411121,1730243862.7217853
3058.724469986495,488.9891134487526,1730243862.7269893
3063.351281088744,517.9346225183752,1730243862.7308378
2948.686832033018,537.5371024056795,1730243862.7359953
2930.783084724317,686.0197408222843,1730243862.7388
2984.7178440949733,639.0810774661395,1730243862.7419963
2943.6353377861187,524.1707592214059,1730243862.746039
2973.4525648894987,540.4204774404142,1730243862.7500248
3097.4153396386314,553.7868206246878,1730243862.7540176
2982.415614416077,525.556567377635,1730243862.758024
2953.91714023556,553.8315241135984,1730243862.762026
3003.605068159708,527.0764860005959,1730243862.7670553
2946.697526776496,550.0540793006516,1730243862.770066
2982.4826696494424,590.7342542093104,1730243862.7729414
3073.610731793729,542.4544861858471,1730243862.777094
2936.6839452605186,523.6790208433891,1730243862.7821016
2923.250546842879,575.7362336797993,1730243862.786121
2944.5741110532417,636.7341442983322,1730243862.7900238
2958.9239309935488,594.9363821669081,1730243862.7942233
2954.922968736049,593.7964431996875,1730243862.7969515
3068.246313124456,614.1365306540168,1730243862.801176
3181.7037679795944,545.0025850537521,1730243862.8059783
2996.474861678465,472.56058127410193,1730243862.8101676
2841.1302377140805,571.8246784001205,1730243862.8140175
2948.396259355099,631.9508709848966,1730243862.8182158
3071.219095137012,606.6710480059443,1730243862.821097
2992.920934310071,530.2727854577048,1730243862.8251815
2898.3730552641223,526.5400441336685,1730243862.8292036
2966.143544452613,597.8197572016427,1730243862.833194
2992.049216276314,572.5399342226904,1730243862.8380177
3035.7915801753497,477.03093016516334,1730243862.8421466
2928.7043724899736,544.1308670199951,1730243862.846171
2912.409950782055,542.6780036304002,1730243862.8490725
3049.336737315266,526.7412098337662,1730243862.8531969
2928.9949451678926,602.2454026037935,1730243862.857164
2954.542989080309,569.7012626768665,1730243862.8612113
3134.5192354344413,575.6244749575228,1730243862.8661878
3036.082152853269,588.6108384860562,1730243862.8702097
2949.670308789052,609.8002922296873,1730243862.874248
2948.195093655001,601.26192584776,1730243862.8772435
2934.694640003996,555.7314223922995,1730243862.881063
2984.7178440949733,575.8479924020759,1730243862.8852851
3011.0258473188696,603.6759142489332,1730243862.8891437
2975.665387590574,513.039590482663,1730243862.894268
3055.9081501851265,523.299041187649,1730243862.898106
3026.582661459764,600.4125595584583,1730243862.9012775
2917.461445028954,650.5028188828014,1730243862.905083
2953.4030501130883,543.6167768975231,1730243862.9092336
2935.432247571021,443.2127408042837,1730243862.913084
3025.286260281356,523.0308202541853,1730243862.9173353
3020.50298696792,626.4746935933464,1730243862.921155
3005.2590972494004,519.879224285987,1730243862.9263868
2997.234820989945,571.5117539777463,1730243862.9293375
3006.6449054056297,622.518434824757,1730243862.933466
2992.987989543437,630.1180279395614,1730243862.9371648
3014.490367709442,600.323152580637,1730243862.9412532
2962.120230450658,520.6615353419227,1730243862.9454224
2964.757736296384,573.5681144676346,1730243862.9514112
2988.428233674554,632.8002372741983,1730243862.95432
2970.770355554862,591.4048065429696,1730243862.9584372
2960.153276938591,521.7567708202328,1730243862.961351
2935.432247571021,502.2213461662944,1730243862.96534
3002.4204257035767,620.5514813126899,1730243862.969426
2976.2018294575014,603.519452037746,1730243862.97332
2948.843294244205,530.7198203468109,1730243862.9772303
3012.813986875294,457.2272845777613,1730243862.9824216
3091.84975526926,536.9559570498416,1730243862.985391
3055.148190873646,604.8158532161538,1730243862.9892411
2984.0696435057694,581.6594459604557,1730243862.9933798
2932.9065004475715,561.1181928060284,1730243862.9973109
2925.0386863993035,621.4455510909023,1730243863.001282
2962.58961708422,635.1918739309161,1730243863.005245
3035.344545286244,562.392242239981,1730243863.0092766
2978.660521347585,507.9657444913083,1730243863.0142767
3074.102470171746,570.3718150105257,1730243863.0173588
3097.035359982892,622.1831586579274,1730243863.021283
2934.2923086038004,599.6526002469778,1730243863.0253165
2882.90564810105,531.7256488472997,1730243863.0292852
2940.729611006929,555.4184979699252,1730243863.0332863
2991.535126153842,656.0460515077176,1730243863.0384424
2971.9773497554484,559.2406462717827,1730243863.041407
2989.612876130685,390.8873070344099,1730243863.0444677
3069.2521416249447,506.6916950573558,1730243863.0495005
2979.7110533369846,750.2810061312922,1730243863.053445
2937.510959805365,693.5969821926335,1730243863.057554
2981.58859987123,568.8295446431094,1730243863.0616095
2913.214613582446,447.8619036509877,1730243863.0643845
3038.630251721174,559.1512392939615,1730243863.0685077
3098.8011477948608,606.8945654504973,1730243863.0723927
3025.4874259814533,582.1511843384725,1730243863.0764627
2929.374924823633,544.6226053980118,1730243863.0815089
2964.8694950186605,558.6147974270341,1730243863.0854912
2964.7353845519287,594.779919955721,1730243863.0895245
2987.1318324961467,567.5554952091569,1730243863.0926328
3013.0598560643025,564.068623074129,1730243863.0964248
3016.5467281993306,557.9889485822855,1730243863.1005352
3045.179312846579,567.9578266093524,1730243863.1054876
2993.032693032348,545.9637100653304,1730243863.1095967
2991.2892569648334,570.7741464107212,1730243863.113482
2946.138733165113,583.0005506277741,1730243863.1176753
2968.021090986859,570.8188498996318,1730243863.1206908
2984.8743063061606,612.2589841197711,1730243863.1246295
2990.976332542459,581.4582802603579,1730243863.1285098
3080.025682452402,526.0259540111964,1730243863.132759
2998.6206291461745,568.2483992872715,1730243863.1376011
2918.824901440728,625.2006441593938,1730243863.1416883
3061.4960862989533,563.3980707404698,1730243863.144667
3035.5457109863414,532.038573269674,1730243863.149765
2894.4614999844434,569.8130213991429,1730243863.1526906
2857.961101288927,631.7050017958882,1730243863.1567094
2976.179477713046,602.6924374928997,1730243863.1606908
2996.9666000564816,573.3669487675368,1730243863.1664855
3023.252251535923,584.1851930839053,1730243863.169606
3020.7041526680177,570.5282772217128,1730243863.173624
2953.7383262799176,503.137767688962,1730243863.177148
2959.058041460281,567.846067887076,1730243863.180632
2943.143599408102,581.100652349073,1730243863.184573
3003.1580332706017,632.3308506406368,1730243863.1886213
2984.539030139331,560.0006055832631,1730243863.1938045
3042.69826921204,439.45764773579214,1730243863.1976345
2990.64105637563,653.9896910178294,1730243863.2008083
2947.01045119887,638.4552286213909,1730243863.204796
2972.089108477725,571.7799749112099,1730243863.2088213
3021.4417602350427,485.0552064246186,1730243863.2128377
3120.2141189830445,534.29609945966,1730243863.2173994
2982.840297560728,662.1704294884718,1730243863.221033
2891.8463458831725,625.0441819482068,1730243863.2259445
2924.278727087823,568.6283789430116,1730243863.2287395
2919.4507502854767,575.7362336797993,1730243863.23269
2977.699396336007,604.7487979827879,1730243863.2368166
3078.461060340532,560.2017712833609,1730243863.240854
2971.4185561440654,546.746021121266,1730243863.244758
2983.9802365279484,533.491436659269,1730243863.2502084
2941.802494740784,595.584582756112,1730243863.2528417
2921.283593330812,587.9849896413076,1730243863.255874
2969.9433410100155,568.7624894097435,1730243863.2609038
2951.4137448565657,574.8645156460424,1730243863.2648304
3054.164714117612,591.7624344542545,1730243863.2688992
3088.94402849007,586.8674024185423,1730243863.27279
2991.1327947536465,533.1338087479841,1730243863.2785952
3003.761530370895,469.2301713502612,1730243863.2807755
3028.3484492717325,576.004454613263,1730243863.284083
3018.9383648560483,651.7545165722986,1730243863.289007
2992.5409546543306,578.0161116142407,1730243863.295642
2977.431175402543,554.5467799361683,1730243863.2988496
2947.8374657437166,606.8275102171315,1730243863.300891
2943.9259104640378,642.5679496011675,1730243863.3048198
2955.168837925057,569.7906696546877,1730243863.308971
2947.6810035325293,436.52956921214695,1730243863.3136027
2964.1765909405462,528.9540325348416,1730243863.3170257
2959.885056005128,693.0605403257061,1730243863.320966
2967.372890397655,596.16572811195,1730243863.3239777
3026.6050132042187,522.4943783872579,1730243863.3285837
3046.1627896026125,512.6596108269227,1730243863.33326
3012.858690364205,576.4067860134585,1730243863.3370976
2919.8754334301275,620.7079435238771,1730243863.3409712
2950.3855646116217,550.3670037230258,1730243863.3453996
3047.8391704367605,521.3767911644925,1730243863.3479617
3045.380478546677,598.713826979855,1730243863.3522604
2972.178515455546,606.3804753280253,1730243863.3559952
2977.7888033138283,556.133753792495,1730243863.36109
2861.6491391240525,581.6370942160004,1730243863.3652098
2901.569354721231,620.193853401405,1730243863.3702648
2946.429305843032,576.9432278803858,1730243863.373047
2984.159050483591,493.1465379174397,1730243863.3762524
2995.871364578172,477.1873923763505,1730243863.3801694
2957.96280598197,530.876282557998,1730243863.384168
3029.756609172417,650.4357636494356,1730243863.3880684
3006.019056560881,575.3115505351485,1730243863.393464
2899.6918081869853,564.1580300519503,1730243863.3973012
2983.197925472012,545.7625443652325,1730243863.402073
3041.2677575669004,578.4184430144362,1730243863.4042325
2975.3524631682,578.4854982478021,1730243863.4082038
2944.954090708982,588.5884867416008,1730243863.4119952
2946.429305843032,574.4621842458469,1730243863.416638
2981.141564982124,593.2600013327601,1730243863.421188
3003.694475137529,554.2785590027046,1730243863.425516
2972.6702538335626,515.9676690063083,1730243863.4297867
2945.2223116424457,589.7507774532769,1730243863.4323542
2946.339898865211,631.5708913291563,1730243863.4362617
3040.2619290664115,602.8936031929974,1730243863.4401288
3006.890774594638,538.0958960170623,1730243863.4442244
2990.395187186621,556.5360851926905,1730243863.4482603
3016.144396799135,555.9549398368525,1730243863.4530504
2981.3650824266774,498.66741879790055,1730243863.45711
2953.179532668535,560.6711579169223,1730243863.4604888
3006.8684228501825,620.774998757243,1730243863.4644597
2971.172686955057,640.3774786445473,1730243863.468646
2971.485611377432,573.165783067439,1730243863.4721224
2898.95420061996,585.4815942623133,1730243863.4774213
3039.0102313769144,606.9839724283186,1730243863.4812312
3006.175518772068,570.4835737328021,1730243863.484156
2954.654747802585,541.8509890855538,1730243863.488186
2950.653785545085,585.97333264033,1730243863.492274
2934.96286093746,568.6060271985564,1730243863.4964263
3034.1599028301125,562.615759684534,1730243863.5002916
3030.427161506076,618.0480859336956,1730243863.5052006
2947.703355276985,644.7584205577875,1730243863.5104487
3005.5049664384087,556.938416592886,1730243863.5143015
3037.557367987319,481.21070637830576,1730243863.5167713
3031.9247283845816,576.1385650799948,1730243863.5204337
2953.6489193020966,643.5067228682904,1730243863.525237
2953.5148088353644,581.1230040935283,1730243863.528341
2985.20958247299,529.5351778906796,1730243863.5321724
2905.4585582564546,590.0637018756512,1730243863.5381415
2935.432247571021,645.3842694025361,1730243863.5403695
2955.817038514261,576.0938615910842,1730243863.544916
2973.0055300003924,522.9190615319087,1730243863.5482736
3013.7080566535064,510.02210498119655,1730243863.552522
3082.819650509316,593.2823530772154,1730243863.556337
3022.268774779889,641.3833071450362,1730243863.5614867
2871.7074241289406,587.292085563193,1730243863.5658517
2980.694530093018,524.0142970102188,1730243863.567424
3000.967562313981,634.8789495085418,1730243863.57232
2996.273695978367,595.361065311559,1730243863.5765903
2929.8666632016498,524.3272214325931,1730243863.5802803
2959.5944833272083,551.328128734604,1730243863.5845134
3015.205623532012,601.9548299258745,1730243863.5893085
2996.7207308674733,576.4067860134585,1730243863.592387
2894.506203473354,544.8684745870203,1730243863.595569
2937.086276660714,576.6303034580116,1730243863.600449
2999.5817541577526,596.6351147455114,1730243863.6046035
2962.2990444063003,513.8889567719647,1730243863.6084409
2960.8014775277948,514.4477503833474,1730243863.612528
2952.1960559125014,598.3114955796594,1730243863.616506
2998.441815190532,607.3639520840588,1730243863.6208525
3060.646720009652,568.0248818427184,1730243863.624296
3029.9130713836043,507.8092822801212,1730243863.627544
2982.4826696494424,590.1754605979277,1730243863.6330736
2938.2932708613007,631.8614640070754,1730243863.6366796
2986.953018540504,593.9529054108746,1730243863.641227
2983.823774316761,564.8062306411541,1730243863.644712
2894.5509069622644,536.6206808830119,1730243863.6490517
2913.818110682739,535.7042593603444,1730243863.6521535
3004.2085652600013,609.5544230406789,1730243863.65541
3025.286260281356,588.744948952788,1730243863.6610792
2985.723672595462,498.39919786443687,1730243863.6648052
2971.6197218441635,535.6372041269784,1730243863.6690185
2894.282686028801,630.2074349173827,1730243863.6714296
2962.20963742848,597.8197572016427,1730243863.6757653
3037.7808854318723,527.1211894895065,1730243863.6794908
2927.4526748004764,511.51967185970216,1730243863.6837394
2907.4702152574323,590.0413501311958,1730243863.6893244
2969.831582287739,629.4474756059022,1730243863.6928704
2940.908424962572,542.3874309524812,1730243863.696463
2957.20284667049,603.3629898265589,1730243863.699793
2981.409785915588,607.0063241727739,1730243863.7036176
3083.490202842975,510.5808985925792,1730243863.7077153
3035.5233592418863,521.8685295425093,1730243863.7121515
2890.6169999381304,601.3736845700365,1730243863.717472
2901.3011337877674,613.5777370426342,1730243863.7209382
2993.993818043926,575.2891987906931,1730243863.7249105
2995.625495389163,571.422346999925,1730243863.7276704
2964.310701407278,557.9218933489196,1730243863.7316644
2939.6567272730745,603.0724171486398,1730243863.7365603
3015.563251443297,594.3552368110701,1730243863.7418015
3034.1599028301125,520.8179975531099,1730243863.744686
2973.5196201228646,526.9870790227747,1730243863.7485256
2957.3146053927667,628.3075366386815,1730243863.7528524
2957.5604745817755,589.9519431533746,1730243863.7557063
3001.5934111587303,531.0327447691852,1730243863.7597468
2954.2300646579347,468.5819707610573,1730243863.7635858
2963.684852562529,604.0782456491287,1730243863.7680235
3032.2823562958665,611.0743416636398,1730243863.7715757
2944.931738964526,551.5069426902464,1730243863.7768655
2977.051195746803,575.2444953017825,1730243863.7808232
2989.657579619596,627.5252255827457,1730243863.7838793
3001.21343150299,590.778957698221,1730243863.787783
2992.4738994209647,538.4758756728024,1730243863.7919054
2976.179477713046,524.9977737662523,1730243863.7959394
3003.046274548325,600.904297936475,1730243863.8004768
2961.695547306007,619.9479842123967,1730243863.804639
2996.1395855116352,594.8469751890868,1730243863.807792
3026.001516103925,540.3981256959588,1730243863.8119247
2934.404067326077,543.5273699197019,1730243863.815705
2892.4498429834657,547.8636083440314,1730243863.8206592
2929.441980056999,601.1278153810282,1730243863.8238852
2983.488498149932,546.0754687876068,1730243863.82797
3013.819815375783,524.7742563216992,1730243863.8331573
2999.917030324582,639.3716501440585,1730243863.8360608
3028.9742981164814,617.3998853444917,1730243863.8394952
3018.5807369447634,507.1610816909172,1730243863.8438296
2925.9104044330606,537.0900675165734,1730243863.8476636
2962.410803128577,656.2472172078153,1730243863.8526354
3005.8402426052385,622.5854900581229,1730243863.855686
2963.2601694178784,585.9509808958746,1730243863.8607783
2990.6187046311743,525.9588987778305,1730243863.8636408
3011.4505304635204,551.7751636237101,1730243863.8674934
2927.3409160782003,566.2814457752045,1730243863.8717384
2994.150280255113,594.4893472778019,1730243863.875717
3039.032583121369,538.8558553285427,1730243863.8796473
2998.218297745979,582.5088122497574,1730243863.8838403
2988.1600127410907,606.648696261489,1730243863.8887596
2961.8967130061046,598.6691234909443,1730243863.8917775
3023.3193067692887,478.9308284438644,1730243863.8946953
2964.891846763116,528.328183690093,1730243863.899877
2916.701485717474,687.8972873565301,1730243863.904394
2925.3516108216777,624.5971470591005,1730243863.908028
3071.040281181369,469.45368879481424,1730243863.9119265
2981.029806259848,574.6633499459446,1730243863.9170046
2932.0347824138144,676.9225808289744,1730243863.9200385
2958.856875760183,623.1889871584162,1730243863.9228046
2957.985157726426,536.911253560931,1730243863.9278207
2957.96280598197,546.7907246101767,1730243863.9318888
3031.656507451118,494.26412514020507,1730243863.936003
3050.7448972159505,578.5302017367127,1730243863.9398234
2907.2690495573343,612.8624812200643,1730243863.9440925
2945.5128843203647,591.4495100318802,1730243863.9469647
3073.029586437892,599.0491031466846,1730243863.9511724
3039.3902110326544,606.425178816936,1730243863.955849
2955.817038514261,554.1891520248834,1730243863.9603138
2903.2680872998344,501.9307734883754,1730243863.964686
2961.695547306007,537.782971594688,1730243863.9681487
2993.92676281056,632.643775063011,1730243863.9710302
2996.541916911831,638.0752489656508,1730243863.9775872
2992.205678487501,553.1162682910285,1730243863.979906
2950.854951245183,570.0812423326066,1730243863.9831908
2937.1980353829904,592.9023734214751,1730243863.9879432
2980.023977759359,577.4349662584027,1730243863.9919572
2976.8276783022498,539.5264076622019,1730243863.9967327
2979.912219037082,557.5419136931794,1730243863.9989192
3016.345562499233,548.0871257885844,1730243864.003181
2971.239742188423,636.9353099984301,1730243864.0073638
2900.2729535428234,583.5146407502461,1730243864.0130396
2970.502134621398,534.2513959707494,1730243864.0174751
3102.37742690771,552.1104397905398,1730243864.0214963
3025.4874259814533,571.9140853779418,1730243864.0249753
2933.2417766144013,564.8956376189753,1730243864.0279975
2922.132959620113,592.4329867879137,1730243864.0311136
2998.844146590727,571.1764778109167,1730243864.0351238
2962.790782784317,590.9577716538635,1730243864.0389884
2948.2174453994567,576.809117413654,1730243864.044269
2968.535181109331,573.0540243451625,1730243864.0480597
2925.4633695439543,582.262943060749,1730243864.0511136
2957.985157726426,614.069475420651,1730243864.0550978
3019.2512892784225,554.3009107471598,1730243864.0591888
3035.612766219708,544.6673088869225,1730243864.0630643
2986.438928418032,490.2631628827051,1730243864.067254
2941.735439507418,594.6905129778997,1730243864.0718582
2945.5799395537306,603.7653212267544,1730243864.0760355
3019.094827067236,522.3379161760707,1730243864.0791943
3014.378608987166,530.4292476688919,1730243864.0833597
3013.663353164596,572.8305069006094,1730243864.087113
3032.483521995965,587.135623352006,1730243864.0912611
2955.168837925057,583.3358267946037,1730243864.0954344
2879.99992132186,589.4378530309026,1730243864.1000752
2929.9784219239264,624.1277604255391,1730243864.1041284
2980.78393707084,573.7692801677323,1730243864.1072483
2949.938529722516,548.48945718878,1730243864.1110103
2952.1290006791355,520.5274248751908,1730243864.115152
3016.9043561106155,589.7954809421875,1730243864.119104
2942.2271778854347,601.5077950367684,1730243864.1236918
2989.635227875141,531.7032971028444,1730243864.1272912
3060.713775243017,521.2203289533054,1730243864.1325116
2956.644053059108,581.1900593268942,1730243864.1355324
2959.438021116021,596.6127630010561,1730243864.139394
2963.483686862432,504.0541892116296,1730243864.1434677
2958.9015792490936,514.8947852724535,1730243864.1471136
3014.982106087459,626.2064726598827,1730243864.1512723
2995.0667017777805,615.7011527658883,1730243864.1562054
2975.9112567795823,574.3951290124809,1730243864.1593747
2978.660521347585,587.3367890521037,1730243864.1621869
2918.109645618158,548.7353263777884,1730243864.1678972
2898.6412761975857,547.5953874105677,1730243864.1712315
2941.802494740784,637.6058623320893,1730243864.175387
2995.267867477878,553.1609717799391,1730243864.1792212
3069.6544730251403,547.2601112437382,1730243864.1833527
3022.984030602459,617.8022167446873,1730243864.187284
2957.672233304052,572.2717132892267,1730243864.1904647
2971.3067974217893,488.8326512375655,1730243864.1945603
2977.7888033138283,505.4623491123139,1730243864.199202
3050.4319727935763,567.1084603200508,1730243864.2035232
3001.079321036258,588.2532105747713,1730243864.2077668
2949.2679773888563,596.2774868342265,1730243864.2117448
2980.023977759359,555.5749601811124,1730243864.2154372
2968.870457276161,554.233855513794,1730243864.218815
2946.719878520951,613.9800684428297,1730243864.222808
2888.2253632814127,539.7722768512102,1730243864.2266436
2972.3126259222777,532.262090714227,1730243864.2314038
3017.6196119331853,548.9811955667967,1730243864.2354455
3033.221129562989,593.9529054108746,1730243864.2394135
2990.976332542459,605.6875712499108,1730243864.2435443
2941.623680785141,553.3844892244923,1730243864.2462828
2993.59148664373,552.6021781685565,1730243864.2505932
2982.460317904988,594.8022717001762,1730243864.2553437
2931.788913224806,609.6438300185001,1730243864.259369
3010.0647223072915,535.458390171336,1730243864.2642348
3075.689444028073,555.6643671589336,1730243864.266507
3009.572983929275,596.6574664899667,1730243864.270655
2918.713142718452,558.1901142823833,1730243864.274562
2941.7801429963283,495.8287472520766,1730243864.2786732
2950.2291024004344,537.7606198502326,1730243864.2823944
3002.040446047836,551.0152043122297,1730243864.287724
2996.1395855116352,543.0132797972298,1730243864.2915468
2954.542989080309,584.0287308727183,1730243864.295464
2932.9065004475715,621.9149377244637,1730243864.298906
2979.956922525993,564.4709544743246,1730243864.302644
2908.4313402690104,624.194815658905,1730243864.3064482
2926.156273622069,602.8488997040868,1730243864.3107083
3024.638059692152,534.9666517933192,1730243864.315418
3032.4164667625987,587.135623352006,1730243864.3202128
2995.893716322627,562.4369457288916,1730243864.3227663
3028.12493182718,537.4253436834031,1730243864.3268464
3019.5865654452523,527.523520889702,1730243864.3304608
2928.1679306230462,574.104556334562,1730243864.334772
2945.468180831454,604.7935014716985,1730243864.3385258
2907.000828623871,559.0841840605956,1730243864.3436124
2980.11338473718,472.5158777851913,1730243864.34757
2995.2902192223337,536.0842390160846,1730243864.3512688
2999.134719268646,627.5922808161117,1730243864.3554995
2997.301876223311,598.0209229017405,1730243864.3595023
2943.076544174736,556.133753792495,1730243864.3625977
2965.1377159521244,603.2735828487376,1730243864.3669405
3007.2260507614674,618.875100478542,1730243864.3707547
2972.9384747670265,604.1900043714052,1730243864.375816
2947.435134343521,517.1746632068948,1730243864.379508
2969.2280851874457,554.8373526140872,1730243864.382614
3004.2532687489115,612.0578184196733,1730243864.387153
3033.0646673518027,578.1055185920619,1730243864.390529
3003.627419904163,548.8247333556096,1730243864.3945446
2962.58961708422,530.6080616245343,1730243864.3996427
2924.4128375545547,566.4602597308469,1730243864.4025333
2957.5604745817755,594.9363821669081,1730243864.4077165
2913.125206604625,534.944300048864,1730243864.410545
2969.116326465169,500.6343723099676,1730243864.4146328
2995.1337570111464,535.1454657489617,1730243864.4185872
2968.82575378725,548.5341606776906,1730243864.4225876
2949.983233211426,626.3629348710698,1730243864.4277437
2973.854896289694,559.1512392939615,1730243864.4305604
3030.114237083702,598.3785508130254,1730243864.4336329
3037.691478454051,623.904242980986,1730243864.4389343
3000.900507080616,587.4932512632909,1730243864.4427536
2989.143489497124,537.782971594688,1730243864.4466295
2987.936495296537,556.4690299593246,1730243864.4505732
2939.790837739806,574.4621842458469,1730243864.454596
2934.8063987262726,534.7654860932215,1730243864.4593856
2967.819925286761,527.8587970565316,1730243864.4618227
2941.5789772962307,547.1483525214616,1730243864.4668624
3033.690516196551,572.9869691117965,1730243864.47061
3033.154074329624,535.1901692378723,1730243864.4747093
2975.955960268493,520.5497766196462,1730243864.4786973
2950.0726401892475,546.8577798435426,1730243864.4829478
2917.304982817768,637.4046966319916,1730243864.4866192
2953.224236157446,629.4921790948129,1730243864.489698
2925.53042477732,577.6584837029558,1730243864.4946856
2965.7859165413283,555.5079049477464,1730243864.4988277
3026.068571337292,584.3863587840032,1730243864.5028095
3000.699341380518,557.5419136931794,1730243864.5070045
2920.5459857637866,577.4349662584027,1730243864.5108364
3010.847033363227,553.4515444578582,1730243864.51381
3035.970394130992,574.0151493567407,1730243864.5179057
2912.253488570868,590.5554402536679,1730243864.5227318
2967.328186908745,519.8345207970764,1730243864.5269265
2976.470050390965,507.5634130911128,1730243864.5307376
2994.239687232934,545.7401926207773,1730243864.5349271
2988.003550529904,635.549501842201,1730243864.5377576
2942.115419163158,610.7837689857208,1730243864.5419087
2994.664370377585,562.5040009622576,1730243864.546044
2998.195946001524,553.0715648021179,1730243864.5498967
2931.2524713578787,591.0248268872293,1730243864.554872
2979.3534254257,555.7984776256654,1730243864.5587995
3000.475823935965,554.7255938918107,1730243864.5630429
2945.8928639761048,578.7760709257211,1730243864.5658205
2948.150390166091,579.4689750038356,1730243864.569898
2968.848105531705,580.3853965265032,1730243864.5740426
2968.199904942501,562.1687247954279,1730243864.5779128
3049.64966173764,544.9578815648415,1730243864.5828347
2974.257227689889,600.323152580637,1730243864.5871096
2962.701375806496,618.4057138449805,1730243864.5908997
2930.2913463463005,521.5332533756797,1730243864.5940125
2947.435134343521,439.3682407579709,1730243864.5978718
2999.3135332242887,587.6050099855673,1730243864.6018856
2983.6896638500293,669.2782842252594,1730243864.60587
2951.3243378787447,616.5952225441006,1730243864.6110198
2981.901524293605,578.1725738254278,1730243864.6150427
3014.5574229428084,536.4865704162801,1730243864.6179087
2997.6818558790515,585.7051117068663,1730243864.622887
2966.344710152711,605.1287776385282,1730243864.6260562
2982.706187093996,539.4146489399253,1730243864.629948
3013.797463631328,546.8577798435426,1730243864.6340504
3003.06862629278,591.2259925873271,1730243864.637988
2963.483686862432,570.8188498996318,1730243864.642975
2979.5545911257973,493.9735524622861,1730243864.6459796
3037.8032371763275,573.8363354010983,1730243864.6500883
2925.373962566133,655.4649061518796,1730243864.654142
2917.6402589845966,598.6914752353997,1730243864.6579635
2973.407861400588,501.684904299367,1730243864.6623814
2985.231934217445,567.488439975791,1730243864.6660998
2940.729611006929,496.1193199299956,1730243864.6709995
3023.878100380671,632.6661268074664,1730243864.6740277
2923.809340454261,636.8682547650641,1730243864.6787057
2931.2748231023343,596.1433763674946,1730243864.682124
2975.978312012948,612.0131149307626,1730243864.6863742
2999.7158646244843,591.5612687541567,1730243864.6900227
3036.529187742375,517.5099393737245,1730243864.6943915
2953.112477435169,508.41277938041446,1730243864.6991355
2903.759825677851,627.0558389491844,1730243864.7022324
2989.009379030392,594.2211263443382,1730243864.7050269
2994.597315144219,519.5439481191573,1730243864.7100804
2946.831637243228,590.6224954870338,1730243864.7141428
2954.96767222496,610.7614172412655,1730243864.7180731
2989.299951708312,578.8878296479976,1730243864.7220812
2971.105631721691,507.6304683244787,1730243864.7271805
2983.1085184941912,535.3019279601489,1730243864.7300663
2996.631323889652,571.7129196778441,1730243864.7331765
2986.260114462389,568.6283789430116,1730243864.7380795
2920.5459857637866,598.2891438352042,1730243864.742144
2973.6537305895963,568.069585331629,1730243864.7460513
3061.65254851014,575.3339022796038,1730243864.7501864
3000.3864169581434,628.7322197833323,1730243864.7543557
2943.076544174736,584.6992832063775,1730243864.758196
2903.402197766566,544.779067609199,1730243864.7613735
2926.7150672334515,482.0377209231521,1730243864.7661004
2990.283428464345,631.2803186512374,1730243864.7702172
3011.0705508077804,625.9158999819637,1730243864.774249
2970.3009689213004,556.133753792495,1730243864.7783296
2997.056007034302,560.7605648947435,1730243864.782169
2949.089163433214,621.6020133020894,1730243864.78515
2937.801532483284,599.1161583800505,1730243864.78926
2945.6022912981857,491.6489710389342,1730243864.7943468
2986.6177423736744,451.0582031080965,1730243864.7981856
2994.329094210756,611.6107835305671,1730243864.802326
3051.527208271886,620.9091092239748,1730243864.8062117
2988.718806352473,620.1715016569498,1730243864.809183
3008.50010019542,566.6390736864894,1730243864.813177
2975.084242234736,568.5389719651904,1730243864.8173516
2968.512829364876,596.9927426567963,1730243864.822204
2922.1776631090243,541.8062855966432,1730243864.8263867
2955.9735007254485,538.9899657952745,1730243864.830397
3029.0637050943023,633.7166587968659,1730243864.834823
2972.8043643002948,614.292992865204,1730243864.8375616
2936.5498347937864,548.1541810219504,1730243864.8418298
2970.6809485770405,567.1755155534167,1730243864.8457685
2966.3670618971664,580.1842308264054,1730243864.84942
2976.3582916686883,608.1462631399945,1730243864.854384
2963.3495763957,598.6020682575785,1730243864.8584487
2954.25241640239,492.9900757062526,1730243864.8614497
3026.4485509930314,507.9657444913083,1730243864.865409
3050.0296413933806,607.162786383961,1730243864.869459
2971.9549980109928,579.5583819816568,1730243864.873562
2949.7373640224178,543.39325945297,1730243864.8774424
2963.684852562529,589.9966466422852,1730243864.8823338
2957.761640281873,602.9830101708186,1730243864.8862977
2981.029806259848,558.4806869603023,1730243864.8892727
2964.3554048961887,564.7838788966989,1730243864.8933976
2947.72570702144,555.9772915813079,1730243864.8975716
2976.000663757404,600.3678560695477,1730243864.9013977
3028.0355248493584,595.2493065892824,1730243864.905347
2990.372835442166,525.6459743554562,1730243864.910404
2960.5556083387864,603.2512311042823,1730243864.9143453
2987.9588470409926,588.8120041861539,1730243864.9174557
2984.248457461412,545.5390269206795,1730243864.921352
2940.5507970512867,534.944300048864,1730243864.9253497
2949.4467913444987,575.2668470462379,1730243864.9293792
2963.7519077958955,591.941248409897,1730243864.9334595
2991.758643598395,594.7575682112656,1730243864.937421
2963.886018262627,579.5583819816568,1730243864.9425187
2953.760678024373,546.2989862321599,1730243864.9455752
2979.956922525993,562.0346143286961,1730243864.949454
2998.732387868451,569.0530620876625,1730243864.9535682
2988.584695885741,609.5320712962236,1730243864.95742
2973.8325445452388,558.391279982481,1730243864.9616313
2993.5467831548194,537.3582884500371,1730243864.9664924
2983.0638150052805,580.6089139710563,1730243864.9708953
2944.8646837311608,593.9752571553299,1730243864.9744847
2974.704262578996,595.5398792672014,1730243864.9789116
2996.0948820227245,551.2387217567828,1730243864.9814613
3002.755701870406,564.426250985414,1730243864.9854732
2965.249474674401,593.1929460993941,1730243864.9894536
2964.578922340741,557.6983759043666,1730243864.9935875
3073.946007960559,504.9706107342972,1730243864.998592
2990.350483697711,506.93756424636416,1730243865.0016756
2944.5741110532417,625.9158999819637,1730243865.005534
2998.374759957166,614.069475420651,1730243865.0097003
2912.0746746152254,553.3397857355817,1730243865.0135236
2937.1086284051694,561.7663933952324,1730243865.0176551
2945.244663386901,619.2550801342821,1730243865.021618
2966.0764892192474,581.167707582439,1730243865.02579
2997.0783587787582,552.6245299130118,1730243865.0285804
2985.567210384275,580.6983209488775,1730243865.032766
2985.164878984079,579.424271514925,1730243865.0375984
2963.863666518172,593.3494083105813,1730243865.0418584
2958.119268193158,547.5730356661124,1730243865.0456188
2937.019221427348,570.8635533885424,1730243865.0497963
3002.8004053593168,595.1151961225505,1730243865.0537703
2926.178625366524,534.2513959707494,1730243865.056739
2935.700468504485,544.4661431868248,1730243865.0609417
2993.7703005993726,543.326204219604,1730243865.065614
3020.7041526680177,524.4166284104143,1730243865.069778
3047.638004736663,627.0781906936396,1730243865.0736454
2970.211561943479,631.6826500514329,1730243865.0778277
2984.7178440949733,554.1891520248834,1730243865.081699
2971.0609282327805,553.8091723691431,1730243865.085076
2933.3311835922223,562.6828149179,1730243865.0887089
2949.7373640224178,589.4825565198132,1730243865.0938027
2960.734422294429,564.8956376189753,1730243865.0977304
2994.865536077683,576.6303034580116,1730243865.101879
2947.032802943326,587.5826582411121,1730243865.1047225
2959.3262623937444,575.2444953017825,1730243865.1087496
2996.6983791230177,561.7216899063218,1730243865.112759
2942.338936607712,555.3737944810146,1730243865.1199217
2936.7510004938845,606.1346061390169,1730243865.1227071
2985.0307685173475,542.007451296741,1730243865.1274426
3077.052900439847,443.5480169711133,1730243865.1297383
3035.3221935417887,567.5331434647017,1730243865.1329112
2998.575925657264,648.8711415375641,1730243865.1368904
2893.723892417418,639.1481326995055,1730243865.1409552
2894.863831384639,577.3902627694921,1730243865.1448357
2921.954145664471,516.1911864508613,1730243865.148774
2984.181402228046,608.6380015180113,1730243865.1539776
3029.5777952167746,605.5981642720895,1730243865.157823
3040.910129655615,535.5925006380678,1730243865.1608715
2974.525448623353,539.2805384731935,1730243865.1647918
2933.375887081133,562.2357800287939,1730243865.168887
2921.887090431105,528.6411081124674,1730243865.1728978
2999.8946785801268,564.6721201744223,1730243865.176952
2985.187230728535,541.6274716410007,1730243865.1818402
2920.43422704151,538.2076547393388,1730243865.1858068
3010.2882397518447,567.0637568311402,1730243865.1888628
2982.3038556938,569.7236144213217,1730243865.192979
2966.97055899746,522.650840598445,1730243865.196812
2957.0016809703925,596.0316176452181,1730243865.200972
2988.428233674554,634.5883768306228,1730243865.2048452
2961.15910543908,556.9160648484308,1730243865.2099931
2955.6605763030743,562.5040009622576,1730243865.2138002
3021.374705001677,557.3183962486263,1730243865.2169297
3034.115199341202,602.5583270261678,1730243865.2209387
3009.416521718088,557.3630997375369,1730243865.2248664
2911.493529259388,593.2152978438495,1730243865.2288923
2926.7374189779066,560.9840823392966,1730243865.2329135
2927.3185643337447,544.9355298203861,1730243865.2379053
2986.729501095951,606.581641028123,1730243865.240944
3002.599239659219,566.2143905418385,1730243865.2449849
2990.082262764247,548.0200705552186,1730243865.2488992
3003.113329781691,581.4582802603579,1730243865.2528896
2989.434062175043,552.132791534995,1730243865.2569125
2962.410803128577,555.8655328590313,1730243865.261044
2937.980346438926,586.8897541629975,1730243865.2660868
2976.8500300467053,586.1074431070618,1730243865.269034
2935.052267915281,630.1403796840167,1730243865.272005
2942.383640096621,562.8839806179977,1730243865.2770293
2993.367969199177,481.9259622008756,1730243865.280944
3061.630196765685,557.1395822929838,1730243865.2850692
2976.693567835518,623.9265947254413,1730243865.2890153
2991.982161042948,572.5175824782351,1730243865.2940748
2983.1085184941912,535.4136866824254,1730243865.2970335
2956.6664048035627,589.1696320974389,1730243865.3001547
2969.2280851874457,606.6710480059443,1730243865.304993
2990.596352886719,558.5924456825788,1730243865.3091474
2955.593521069708,559.7323846497994,1730243865.313026
2962.7460792954066,549.1376577779839,1730243865.317187
3005.1696902715794,588.4320245304137,1730243865.3220077
2992.317437209778,547.4165734549252,1730243865.3251257
2976.11242247968,539.8616838290314,1730243865.3281915
3003.180385015057,544.3096809756375,1730243865.3330383
2939.0979336616915,597.1939083568941,1730243865.3370535
2916.7461892063843,634.4766181083463,1730243865.341071
2943.6353377861187,580.0054168707629,1730243865.345628
2964.333053151733,534.072582015107,1730243865.3481648
2982.6838353495405,535.748962849255,1730243865.3522224
3044.776981446383,533.0220500257075,1730243865.356171
3035.2551383084224,546.3660414655259,1730243865.361104
2935.164026637557,571.6682161889335,1730243865.3652391
2980.381605670644,566.9967015977743,1730243865.3691084
2931.699506246985,584.9228006509305,1730243865.3731055
2965.5176956078644,574.1269080790172,1730243865.3762057
2996.787786100839,547.1930560103722,1730243865.3802345
2952.7101460349736,597.0821496346175,1730243865.3841605
2958.834524015728,591.4495100318802,1730243865.3881495
2982.4826696494424,561.7887451396878,1730243865.3931997
3030.717734183995,545.6507856429561,1730243865.3972645
3007.963658328493,560.4923439612799,1730243865.4011605
3017.9101846111043,587.9626378968522,1730243865.40437
2966.2329514304342,572.2270098003161,1730243865.4081905
2872.8473630961616,501.5954973215458,1730243865.4122849
2980.694530093018,555.843181114576,1730243865.4161575
2977.699396336007,637.0470687207066,1730243865.4223428
2964.578922340741,570.5282772217128,1730243865.42525
2971.373852655155,467.77730796066623,1730243865.429204
2992.5856581432413,508.3904276359592,1730243865.432214
3017.9995915889253,610.1132166520616,1730243865.4363685
3000.6769896360624,605.5087572942683,1730243865.4424584
2966.6129310861747,561.9452073508749,1730243865.4453733
3011.249364763423,576.8538209025646,1730243865.4483829
2981.5215446378643,597.1492048679835,1730243865.4533424
2948.284500632823,555.8878846034867,1730243865.4573314
2964.3554048961887,570.908256877453,1730243865.460386
2953.268939646356,560.2688265167268,1730243865.4642713
2995.558440155797,576.7867656691988,1730243865.4682431
3040.3513360442325,609.3309055961258,1730243865.4722598
2954.1630094245684,549.6964513893666,1730243865.4763882
2915.852119428172,537.5594541501349,1730243865.4813952
2969.6080648431857,576.9208761359306,1730243865.4843383
3007.1366437836464,586.554477996168,1730243865.4882884
2930.2689946018454,587.3814925410143,1730243865.4922931
2933.8676254591496,500.8578897545207,1730243865.4962673
2968.78105029834,550.5905211675789,1730243865.500267
2992.2280302319564,610.2920306077041,1730243865.50433
3015.0044578319144,522.2485091982495,1730243865.5093777
2977.274713191356,509.01627648070775,1730243865.512313
2955.794686769806,548.7576781222436,1730243865.516378
2998.218297745979,619.9926877013073,1730243865.5205183
2945.8928639761048,598.6914752353997,1730243865.525479
2943.5235790638426,576.9879313692965,1730243865.5292976
2959.7732972828508,544.3543844645482,1730243865.5324292
3018.2901642668444,577.3008557916709,1730243865.5373783
2975.4195184015657,587.9179344079416,1730243865.5405169
2942.182474396524,560.7158614058329,1730243865.543502
2980.11338473718,551.328128734604,1730243865.5484104
2993.435024432544,604.972315427341,1730243865.5534785
3016.2785072658667,571.2211812998273,1730243865.5575588
2944.8423319867056,521.041514997663,1730243865.5606034
2963.8189630292613,540.3087187181376,1730243865.5656054
2969.742175309917,596.5010042787795,1730243865.5686188
2984.6507888616075,610.8284724746314,1730243865.5724485
2990.395187186621,530.4515994133473,1730243865.576661
2974.145468967613,532.3962011809589,1730243865.5804667
2954.9453204805045,578.3737395255256,1730243865.5845647
