time_board,marker
1730245885.5388012,4.0
1730245885.5418696,4.0
1730245885.5459175,4.0
1730245885.5497708,4.0
1730245885.555709,4.0
1730245885.5607843,4.0
1730245885.5650268,4.0
1730245885.56788,4.0
1730245885.5710807,4.0
1730245885.574095,4.0
1730245885.5777729,4.0
1730245885.582168,4.0
1730245885.5869615,4.0
1730245885.591156,4.0
1730245885.593861,4.0
1730245885.5978272,4.0
1730245885.6019013,4.0
1730245885.606091,4.0
1730245885.6099305,4.0
1730245885.6140232,4.0
1730245885.6179535,4.0
1730245885.620962,4.0
1730245885.6259904,4.0
1730245885.630976,4.0
1730245885.6348732,4.0
1730245885.638893,4.0
1730245885.6421134,4.0
1730245885.646005,4.0
1730245885.6489227,4.0
1730245885.6540413,4.0
1730245885.6579683,4.0
1730245885.6619914,4.0
1730245885.666005,4.0
1730245885.6700077,4.0
1730245885.6740105,4.0
1730245885.676882,4.0
1730245885.6811764,4.0
1730245885.6859412,4.0
1730245885.6905391,4.0
1730245885.6939564,4.0
1730245885.6985395,4.0
1730245885.7015953,4.0
1730245885.7053325,4.0
1730245885.7110522,4.0
1730245885.7154331,4.0
1730245885.7190197,4.0
1730245885.7245638,4.0
1730245885.726999,4.0
1730245885.7306335,4.0
1730245885.7331426,4.0
1730245885.738237,4.0
1730245885.7421813,4.0
1730245885.7461832,4.0
1730245885.7500615,4.0
1730245885.753045,4.0
1730245885.7572143,4.0
1730245885.7610378,4.0
1730245885.765513,4.0
1730245885.770054,4.0
1730245885.7746243,4.0
1730245885.7791617,4.0
1730245885.7835743,4.0
1730245885.7861614,4.0
1730245885.78919,4.0
1730245885.7932825,4.0
1730245885.7974784,4.0
1730245885.8020728,4.0
1730245885.80641,4.0
1730245885.8092685,4.0
1730245885.8137748,4.0
1730245885.8174355,4.0
1730245885.8217893,4.0
1730245885.8256671,4.0
1730245885.8307135,4.0
1730245885.8346171,4.0
1730245885.837289,4.0
1730245885.841633,4.0
1730245885.8452322,4.0
1730245885.8493333,4.0
1730245885.8533032,4.0
1730245885.858225,4.0
1730245885.862264,4.0
1730245885.8652668,4.0
1730245885.869249,4.0
1730245885.873515,4.0
1730245885.87934,4.0
1730245885.8825588,4.0
1730245885.886223,4.0
1730245885.889355,4.0
1730245885.893218,4.0
1730245885.897416,4.0
1730245885.901386,4.0
1730245885.9056385,4.0
1730245885.9094956,4.0
1730245885.9137857,4.0
1730245885.9176068,4.0
1730245885.920451,4.0
1730245885.9256456,4.0
1730245885.9293976,4.0
1730245885.9336374,4.0
1730245885.937586,4.0
1730245885.9426072,4.0
1730245885.9453452,4.0
1730245885.9483824,4.0
1730245885.9532647,4.0
1730245885.9577792,4.0
1730245885.9612873,4.0
1730245885.965626,4.0
1730245885.968298,4.0
1730245885.97256,4.0
1730245885.9764748,4.0
1730245885.981651,4.0
1730245885.9853165,4.0
1730245885.989396,4.0
1730245885.9933724,4.0
1730245885.9970896,4.0
1730245886.001078,4.0
1730245886.004676,4.0
1730245886.0086143,4.0
1730245886.0136075,4.0
1730245886.01776,4.0
1730245886.021746,4.0
1730245886.0260952,4.0
1730245886.029669,4.0
1730245886.0329738,4.0
1730245886.0376875,4.0
1730245886.0422168,4.0
1730245886.0455613,4.0
1730245886.049621,4.0
1730245886.052534,4.0
1730245886.0565393,4.0
1730245886.0604851,4.0
1730245886.0656457,4.0
1730245886.06949,4.0
1730245886.0738225,4.0
1730245886.076515,4.0
1730245886.0810428,4.0
1730245886.0848427,4.0
1730245886.0885277,4.0
1730245886.0926518,4.0
1730245886.0976143,4.0
1730245886.1015167,4.0
1730245886.1045415,4.0
1730245886.1086917,4.0
1730245886.1126573,4.0
1730245886.1171007,4.0
1730245886.1206987,4.0
1730245886.1266031,4.0
1730245886.1299407,4.0
1730245886.1329768,4.0
1730245886.1365757,4.0
1730245886.1411686,4.0
1730245886.1445887,4.0
1730245886.1487925,4.0
1730245886.152621,4.0
1730245886.1576655,4.0
1730245886.160678,4.0
1730245886.1651824,4.0
1730245886.1686416,4.0
1730245886.172897,4.0
1730245886.176642,4.0
1730245886.1812775,4.0
1730245886.185762,4.0
1730245886.188854,4.0
1730245886.191986,4.0
1730245886.1971068,4.0
1730245886.201399,4.0
1730245886.2069948,4.0
1730245886.2097588,4.0
1730245886.2129097,4.0
1730245886.2156856,4.0
1730245886.2208068,4.0
1730245886.224887,4.0
1730245886.2288227,4.0
1730245886.2327676,4.0
1730245886.2370045,4.0
1730245886.2407756,4.0
1730245886.2437189,4.0
1730245886.2488308,4.0
1730245886.2527287,4.0
1730245886.2569633,4.0
1730245886.260775,4.0
1730245886.2649963,4.0
1730245886.2679837,4.0
1730245886.272099,4.0
1730245886.277866,4.0
1730245886.2820268,4.0
1730245886.28491,4.0
1730245886.289013,4.0
1730245886.2930448,4.0
1730245886.2970943,4.0
1730245886.300014,4.0
1730245886.3040788,4.0
1730245886.3084617,4.0
1730245886.31305,4.0
1730245886.317449,4.0
1730245886.319898,4.0
1730245886.3240445,4.0
1730245886.3279417,4.0
1730245886.3319292,4.0
1730245886.3371103,4.0
1730245886.341234,4.0
1730245886.345092,4.0
1730245886.3478794,4.0
1730245886.352029,4.0
1730245886.3562238,4.0
1730245886.359921,4.0
1730245886.366298,4.0
1730245886.369046,4.0
1730245886.3732722,4.0
1730245886.3761823,4.0
1730245886.3799236,4.0
1730245886.3844435,4.0
1730245886.3885803,4.0
1730245886.392256,4.0
1730245886.3974528,4.0
1730245886.401194,4.0
1730245886.404251,4.0
1730245886.408523,4.0
1730245886.4121387,4.0
1730245886.416643,4.0
1730245886.420122,4.0
1730245886.4253335,4.0
1730245886.4290934,4.0
1730245886.4323184,4.0
1730245886.4360373,4.0
1730245886.440749,4.0
1730245886.4441166,4.0
1730245886.4507363,4.0
1730245886.454322,4.0
1730245886.4576025,4.0
1730245886.461239,4.0
1730245886.4645565,4.0
1730245886.46814,4.0
1730245886.4722438,4.0
1730245886.476284,4.0
1730245886.481321,4.0
1730245886.484406,4.0
1730245886.488288,4.0
1730245886.492475,4.0
1730245886.4967196,4.0
1730245886.5007908,4.0
1730245886.504416,4.0
1730245886.5092907,4.0
1730245886.5122917,4.0
1730245886.516301,4.0
1730245886.520245,4.0
1730245886.5243883,4.0
1730245886.528233,4.0
1730245886.5323665,4.0
1730245886.536322,4.0
1730245886.5407944,4.0
1730245886.5431952,4.0
1730245886.548651,4.0
1730245886.552343,4.0
1730245886.5566256,4.0
1730245886.5602603,4.0
1730245886.563578,4.0
1730245886.567476,4.0
1730245886.5717676,4.0
1730245886.5764303,4.0
1730245886.5807672,4.0
1730245886.5843532,4.0
1730245886.5888495,4.0
1730245886.5916903,4.0
1730245886.5954044,4.0
1730245886.5993788,4.0
1730245886.6047463,4.0
1730245886.6087973,4.0
1730245886.6129737,4.0
1730245886.6166773,4.0
1730245886.6193497,4.0
1730245886.6234255,4.0
1730245886.6272607,4.0
1730245886.6314151,4.0
1730245886.6363528,4.0
1730245886.6405325,4.0
1730245886.6443589,4.0
1730245886.6474164,4.0
1730245886.6512616,4.0
1730245886.6555235,4.0
1730245886.659454,4.0
1730245886.663449,4.0
1730245886.6682987,4.0
1730245886.671502,4.0
1730245886.6754403,4.0
1730245886.679886,4.0
1730245886.6838405,4.0
1730245886.6877902,4.0
1730245886.6926277,4.0
1730245886.696666,4.0
1730245886.6994383,4.0
1730245886.7034352,4.0
1730245886.7077572,4.0
1730245886.7115967,4.0
1730245886.7156277,4.0
1730245886.7195804,4.0
1730245886.7250495,4.0
1730245886.7274249,4.0
1730245886.7316332,4.0
1730245886.7355912,4.0
1730245886.7398343,4.0
1730245886.7434578,4.0
1730245886.7476673,4.0
1730245886.7524889,4.0
1730245886.7557232,4.0
1730245886.7595973,4.0
1730245886.7637153,4.0
1730245886.7676575,4.0
1730245886.771662,4.0
1730245886.7756488,4.0
1730245886.7806528,4.0
1730245886.7835855,4.0
1730245886.7876348,4.0
1730245886.7919655,4.0
1730245886.795508,4.0
1730245886.7996016,4.0
1730245886.8036163,4.0
1730245886.8075824,4.0
1730245886.8105872,4.0
1730245886.815598,4.0
1730245886.8196745,4.0
1730245886.8235695,4.0
1730245886.827506,4.0
1730245886.83174,4.0
1730245886.834622,4.0
1730245886.8388004,4.0
1730245886.8436296,4.0
1730245886.8479571,4.0
1730245886.8516304,4.0
1730245886.8557343,4.0
1730245886.859629,4.0
1730245886.8638053,4.0
1730245886.8667748,4.0
1730245886.870787,4.0
1730245886.8757956,4.0
1730245886.879654,4.0
1730245886.883829,4.0
1730245886.8878236,4.0
1730245886.8918045,4.0
1730245886.894848,4.0
1730245886.8988538,4.0
1730245886.9037428,4.0
1730245886.9078264,4.0
1730245886.9118311,4.0
1730245886.9148176,4.0
1730245886.9187577,4.0
1730245886.922727,4.0
1730245886.9267926,4.0
1730245886.9310849,4.0
1730245886.9358144,4.0
1730245886.9399164,4.0
1730245886.9428773,4.0
1730245886.9468694,4.0
1730245886.950897,4.0
1730245886.9548807,4.0
1730245886.958933,4.0
1730245886.9638896,4.0
1730245886.9677732,4.0
1730245886.9708416,4.0
1730245886.97475,4.0
1730245886.9788558,4.0
1730245886.9827883,4.0
1730245886.986833,4.0
1730245886.9918776,4.0
1730245886.99591,4.0
1730245886.9989152,4.0
1730245887.0030324,4.0
1730245887.0069835,4.0
1730245887.0108557,4.0
1730245887.01487,4.0
1730245887.0189002,4.0
1730245887.023864,4.0
1730245887.0269756,4.0
1730245887.030996,4.0
1730245887.0349424,4.0
1730245887.0390477,4.0
1730245887.0429592,4.0
1730245887.0481155,4.0
1730245887.0511043,4.0
1730245887.054109,4.0
1730245887.0591147,4.0
1730245887.0631456,4.0
1730245887.0671208,4.0
1730245887.0711424,4.0
1730245887.076054,4.0
1730245887.0792615,4.0
1730245887.0832365,4.0
1730245887.087166,4.0
1730245887.0911517,4.0
1730245887.0951807,4.0
1730245887.0990713,4.0
1730245887.1031904,4.0
1730245887.1072176,4.0
1730245887.110062,4.0
1730245887.1150994,4.0
1730245887.119026,4.0
1730245887.123111,4.0
1730245887.1270547,4.0
1730245887.131264,4.0
1730245887.1350944,4.0
1730245887.1382084,4.0
1730245887.1421485,4.0
1730245887.1471756,4.0
1730245887.1512263,4.0
1730245887.155298,4.0
1730245887.158281,4.0
1730245887.162218,4.0
1730245887.1663303,4.0
1730245887.1712584,4.0
1730245887.1752455,4.0
1730245887.1792407,4.0
1730245887.1832626,4.0
1730245887.1863408,4.0
1730245887.1902492,4.0
1730245887.1942172,4.0
1730245887.198365,4.0
1730245887.2032044,4.0
1730245887.2072408,4.0
1730245887.2113423,4.0
1730245887.2142088,4.0
1730245887.2182176,4.0
1730245887.222216,4.0
1730245887.2262127,4.0
1730245887.2304015,4.0
1730245887.2352176,4.0
1730245887.2394245,4.0
1730245887.242442,4.0
1730245887.2468295,4.0
1730245887.250837,4.0
1730245887.254741,4.0
1730245887.2588525,4.0
1730245887.263369,4.0
1730245887.2665284,4.0
1730245887.2704935,4.0
1730245887.2745216,4.0
1730245887.2785263,4.0
1730245887.2824607,4.0
1730245887.286484,4.0
1730245887.291597,4.0
1730245887.294466,4.0
1730245887.298498,4.0
1730245887.302436,4.0
1730245887.3065984,4.0
1730245887.3103983,4.0
1730245887.314541,4.0
1730245887.3193924,4.0
1730245887.3225815,4.0
1730245887.326438,4.0
1730245887.3305488,4.0
1730245887.3343475,4.0
1730245887.3384788,4.0
1730245887.3424273,4.0
1730245887.3465548,4.0
1730245887.3503706,4.0
1730245887.3535545,4.0
1730245887.3585415,4.0
1730245887.362522,4.0
1730245887.3663833,4.0
1730245887.370695,4.0
1730245887.373639,4.0
1730245887.3774655,4.0
1730245887.3816068,4.0
1730245887.386692,4.0
1730245887.3906293,4.0
1730245887.3946457,4.0
1730245887.398657,4.0
1730245887.4015148,4.0
1730245887.4055743,4.0
1730245887.4094963,4.0
1730245887.4136827,4.0
1730245887.4185312,4.0
1730245887.4227335,4.0
1730245887.4265485,4.0
1730245887.429648,4.0
1730245887.4338224,4.0
1730245887.4377315,4.0
1730245887.4418864,4.0
1730245887.4467697,4.0
1730245887.4507928,4.0
1730245887.454792,4.0
1730245887.4578283,4.0
1730245887.461714,4.0
1730245887.4661012,4.0
1730245887.4697769,4.0
1730245887.474766,4.0
1730245887.4789336,4.0
1730245887.4828444,4.0
1730245887.485655,4.0
1730245887.4919035,4.0
1730245887.4947803,4.0
1730245887.4979813,4.0
1730245887.503048,4.0
1730245887.506718,4.0
1730245887.5097508,4.0
1730245887.5138617,4.0
1730245887.5177295,4.0
1730245887.5219083,4.0
1730245887.5260484,4.0
1730245887.5308304,4.0
1730245887.5348718,4.0
1730245887.5379794,4.0
1730245887.5419383,4.0
1730245887.5458946,4.0
1730245887.5499558,4.0
1730245887.5539358,4.0
1730245887.558839,4.0
1730245887.5631332,4.0
1730245887.5663998,4.0
1730245887.570345,4.0
1730245887.573816,4.0
1730245887.5779605,4.0
1730245887.5819905,4.0
1730245887.585965,4.0
1730245887.590974,4.0
1730245887.5938675,4.0
1730245887.5979748,4.0
1730245887.6018195,4.0
1730245887.6060212,4.0
1730245887.6098886,4.0
1730245887.6140108,4.0
1730245887.6189308,4.0
1730245887.6220224,4.0
1730245887.6258311,4.0
1730245887.630483,4.0
1730245887.6340475,4.0
1730245887.637947,4.0
1730245887.6420465,4.0
1730245887.646083,4.0
1730245887.6490712,4.0
1730245887.6540873,4.0
1730245887.6580727,4.0
1730245887.662092,4.0
1730245887.6659396,4.0
1730245887.6710267,4.0
1730245887.6741147,4.0
1730245887.6769412,4.0
1730245887.682132,4.0
1730245887.6861532,4.0
1730245887.6899724,4.0
1730245887.6941173,4.0
1730245887.6981502,4.0
1730245887.70204,4.0
1730245887.7051637,4.0
1730245887.7091155,4.0
1730245887.7141745,4.0
1730245887.718036,4.0
1730245887.722208,4.0
1730245887.7260303,4.0
1730245887.7290783,4.0
1730245887.7330527,4.0
1730245887.7372272,4.0
1730245887.742101,4.0
1730245887.7462306,4.0
1730245887.750159,4.0
1730245887.753301,4.0
1730245887.757249,4.0
1730245887.761248,4.0
1730245887.7652476,4.0
1730245887.769312,4.0
1730245887.7742972,4.0
1730245887.7782924,4.0
1730245887.7813213,4.0
1730245887.7851737,4.0
1730245887.789245,4.0
1730245887.793166,4.0
1730245887.7972572,4.0
1730245887.8021865,4.0
1730245887.8063805,4.0
1730245887.809176,4.0
1730245887.8131828,4.0
1730245887.8172677,4.0
1730245887.8212943,4.0
1730245887.8252964,4.0
1730245887.8303225,4.0
1730245887.8341944,4.0
1730245887.8374753,4.0
1730245887.8414109,4.0
1730245887.8454108,4.0
1730245887.849428,4.0
1730245887.853451,4.0
1730245887.8584445,4.0
1730245887.86146,4.0
1730245887.8653622,4.0
1730245887.8695552,4.0
1730245887.873462,4.0
1730245887.8774135,4.0
1730245887.8813028,4.0
1730245887.8864448,4.0
1730245887.889488,4.0
1730245887.892504,4.0
1730245887.8975053,4.0
1730245887.901306,4.0
1730245887.9054809,4.0
1730245887.9093297,4.0
1730245887.9145164,4.0
1730245887.9174187,4.0
1730245887.9205043,4.0
1730245887.925586,4.0
1730245887.929626,4.0
1730245887.9337296,4.0
1730245887.9376397,4.0
1730245887.9416027,4.0
1730245887.9460604,4.0
1730245887.9489515,4.0
1730245887.9536712,4.0
1730245887.958038,4.0
1730245887.9615953,4.0
1730245887.9656255,4.0
1730245887.9698725,4.0
1730245887.972792,4.0
1730245887.9765005,4.0
1730245887.9809835,4.0
1730245887.985662,4.0
1730245887.989796,4.0
1730245887.9935424,4.0
1730245887.9968617,4.0
1730245888.0006835,4.0
1730245888.0049863,4.0
1730245888.0095253,4.0
1730245888.013733,4.0
1730245888.0175793,4.0
1730245888.0217807,4.0
1730245888.0254064,4.0
1730245893.0306947,4.0
1730245893.035676,4.0
1730245893.0400047,4.0
1730245893.043606,4.0
1730245893.0479603,4.0
1730245893.0516448,4.0
1730245893.0549977,4.0
1730245893.0595992,4.0
1730245893.0635324,4.0
1730245893.0675757,4.0
1730245893.072116,4.0
1730245893.0755386,4.0
1730245893.0799177,4.0
1730245893.0827355,4.0
1730245893.0868096,4.0
1730245893.091601,4.0
1730245893.0960808,4.0
1730245893.0996604,4.0
1730245893.103835,4.0
1730245893.1077628,4.0
1730245893.110766,4.0
1730245893.1150196,4.0
1730245893.1201231,4.0
1730245893.1241474,4.0
1730245893.128018,4.0
1730245893.1320865,4.0
1730245893.134679,4.0
1730245893.1388395,4.0
1730245893.1426833,4.0
1730245893.1480114,4.0
1730245893.1519277,4.0
1730245893.1558464,4.0
1730245893.1588037,4.0
1730245893.1631029,4.0
1730245893.1667676,4.0
1730245893.1710143,4.0
1730245893.1747365,4.0
1730245893.179971,4.0
1730245893.183818,4.0
1730245893.1869173,4.0
1730245893.190889,4.0
1730245893.1952217,4.0
1730245893.1991456,4.0
1730245893.2031024,4.0
1730245893.2079048,4.0
1730245893.2120757,4.0
1730245893.2152262,4.0
1730245893.2190993,4.0
1730245893.2242072,4.0
1730245893.2269182,4.0
1730245893.231231,4.0
1730245893.2348938,4.0
1730245893.2393873,4.0
1730245893.2428832,4.0
1730245893.2469978,4.0
1730245893.2522547,4.0
1730245893.2553568,4.0
1730245893.2589111,4.0
1730245893.26327,4.0
1730245893.2668765,4.0
1730245893.2714503,4.0
1730245893.274898,4.0
1730245893.2804496,4.0
1730245893.2828836,4.0
1730245893.2870216,4.0
1730245893.2910686,4.0
1730245893.2950633,4.0
1730245893.2991395,4.0
1730245893.3035798,4.0
1730245893.3079364,4.0
1730245893.3109574,4.0
1730245893.315232,4.0
1730245893.3190491,4.0
1730245893.3234675,4.0
1730245893.326944,4.0
1730245893.3314404,4.0
1730245893.3350568,4.0
1730245893.3383124,4.0
1730245893.3431509,4.0
1730245893.3469532,4.0
1730245893.3511176,4.0
1730245893.3552933,4.0
1730245893.3590364,4.0
1730245893.3632047,4.0
1730245893.3661537,4.0
1730245893.370282,4.0
1730245893.3750503,4.0
1730245893.379372,4.0
1730245893.3831172,4.0
1730245893.3872085,4.0
1730245893.3910377,4.0
1730245893.3947084,4.0
1730245893.3986263,4.0
1730245893.4035144,4.0
1730245893.4071083,4.0
1730245893.4114308,4.0
1730245893.415452,4.0
1730245893.419696,4.0
1730245893.422604,4.0
1730245893.4262033,4.0
1730245893.4314797,4.0
1730245893.4367993,4.0
1730245893.4406664,4.0
1730245893.443215,4.0
1730245893.44627,4.0
1730245893.4501758,4.0
1730245893.4544835,4.0
1730245893.4591036,4.0
1730245893.4636328,4.0
1730245893.4671822,4.0
1730245893.4703844,4.0
1730245893.4742746,4.0
1730245893.478812,4.0
1730245893.4823809,4.0
1730245893.486277,4.0
1730245893.4912035,4.0
1730245893.4954731,4.0
1730245893.4987442,4.0
1730245893.5028012,4.0
1730245893.506277,4.0
1730245893.5103798,4.0
1730245893.5146575,4.0
1730245893.5196452,4.0
1730245893.523412,4.0
1730245893.526291,4.0
1730245893.5304348,4.0
1730245893.5343912,4.0
1730245893.538397,4.0
1730245893.5423408,4.0
1730245893.547439,4.0
1730245893.550361,4.0
1730245893.554449,4.0
1730245893.5583613,4.0
1730245893.5626245,4.0
1730245893.566301,4.0
1730245893.5705273,4.0
1730245893.575348,4.0
1730245893.578658,4.0
1730245893.581526,4.0
1730245893.5867171,4.0
1730245893.5994592,4.0
1730245893.599522,4.0
1730245893.5995328,4.0
1730245893.6026337,4.0
1730245893.6067884,4.0
1730245893.609474,4.0
1730245893.6148968,4.0
1730245893.623792,4.0
1730245893.623824,4.0
1730245893.6287515,4.0
1730245893.6451404,4.0
1730245893.6451674,4.0
1730245893.6451786,4.0
1730245893.6451895,4.0
1730245893.6470137,4.0
1730245893.6504252,4.0
1730245893.654705,4.0
1730245893.657791,4.0
1730245893.664636,4.0
1730245893.6654005,4.0
1730245893.671396,4.0
1730245893.6743977,4.0
1730245893.6784415,4.0
1730245893.68256,4.0
1730245893.6854892,4.0
1730245893.689509,4.0
1730245893.6936336,4.0
1730245893.6976182,4.0
1730245893.7026043,4.0
1730245893.7064607,4.0
1730245893.7105525,4.0
1730245893.7135456,4.0
1730245893.7176516,4.0
1730245893.7225518,4.0
1730245893.7255378,4.0
1730245893.7309887,4.0
1730245893.7345333,4.0
1730245893.7386584,4.0
1730245893.749308,4.0
1730245893.7493289,4.0
1730245893.7496283,4.0
1730245893.7543352,4.0
1730245893.7585545,4.0
1730245893.762725,4.0
1730245893.7697718,4.0
1730245893.7697928,4.0
1730245893.7774916,4.0
1730245893.7780612,4.0
1730245893.7819183,4.0
1730245893.785709,4.0
1730245893.7906382,4.0
1730245893.7938497,4.0
1730245893.797828,4.0
1730245893.801836,4.0
1730245893.8099124,4.0
1730245893.809927,4.0
1730245893.814294,4.0
1730245893.8198285,4.0
1730245893.8218186,4.0
1730245893.8283222,4.0
1730245893.8296847,4.0
1730245893.833799,4.0
1730245893.8380864,4.0
1730245893.8417008,4.0
1730245893.8469026,4.0
1730245893.8498409,4.0
1730245893.8541796,4.0
1730245893.8578222,4.0
1730245893.8622875,4.0
1730245893.8658204,4.0
1730245893.8701732,4.0
1730245893.8748252,4.0
1730245893.8778288,4.0
1730245893.881405,4.0
1730245893.8865988,4.0
1730245893.890413,4.0
1730245893.8944108,4.0
1730245893.8981464,4.0
1730245893.902567,4.0
1730245893.9052577,4.0
1730245893.9089372,4.0
1730245893.9144363,4.0
1730245893.918079,4.0
1730245893.9224153,4.0
1730245893.9259856,4.0
1730245893.930293,4.0
1730245893.932966,4.0
1730245893.9369392,4.0
1730245893.941926,4.0
1730245893.946254,4.0
1730245893.949936,4.0
1730245893.954252,4.0
1730245893.9580448,4.0
1730245893.9612267,4.0
1730245893.965346,4.0
1730245893.9703083,4.0
1730245893.9741824,4.0
1730245893.9784467,4.0
1730245893.9821749,4.0
1730245893.9853897,4.0
1730245893.9892068,4.0
1730245893.993276,4.0
1730245893.9986584,4.0
1730245894.002627,4.0
1730245894.0067,4.0
1730245894.0107236,4.0
1730245894.0134325,4.0
1730245894.0170517,4.0
1730245894.0213716,4.0
1730245894.0262337,4.0
1730245894.030442,4.0
1730245894.034039,4.0
1730245894.037063,4.0
1730245894.0410552,4.0
1730245894.0452266,4.0
1730245894.049054,4.0
1730245894.053223,4.0
1730245894.0580742,4.0
1730245894.0626204,4.0
1730245894.0653863,4.0
1730245894.069789,4.0
1730245894.073582,4.0
1730245894.0772088,4.0
1730245894.0816257,4.0
1730245894.0865364,4.0
1730245894.0905511,4.0
1730245894.0937767,4.0
1730245894.0971384,4.0
1730245894.1014247,4.0
1730245894.105436,4.0
1730245894.109296,4.0
1730245894.1133485,4.0
1730245894.1182668,4.0
1730245894.1213872,4.0
1730245894.12527,4.0
1730245894.1293845,4.0
1730245894.1331797,4.0
1730245894.1373937,4.0
1730245894.1422184,4.0
1730245894.145419,4.0
1730245894.1488025,4.0
1730245894.1536517,4.0
1730245894.1574416,4.0
1730245894.1614687,4.0
1730245894.165501,4.0
1730245894.1694157,4.0
1730245894.1736565,4.0
1730245894.1763122,4.0
1730245894.1816647,4.0
1730245894.185708,4.0
1730245894.1896906,4.0
1730245894.1940098,4.0
1730245894.1974523,4.0
1730245894.2015424,4.0
1730245894.2046037,4.0
1730245894.209354,4.0
1730245894.2136729,4.0
1730245894.217296,4.0
1730245894.221638,4.0
1730245894.2253387,4.0
1730245894.2286477,4.0
1730245894.2323472,4.0
1730245894.2364118,4.0
1730245894.241288,4.0
1730245894.245546,4.0
1730245894.2494073,4.0
1730245894.2526543,4.0
1730245894.2564125,4.0
1730245894.2607942,4.0
1730245894.264943,4.0
1730245894.2695518,4.0
1730245894.273824,4.0
1730245894.2776532,4.0
1730245894.280944,4.0
1730245894.2846172,4.0
1730245894.288806,4.0
1730245894.2923968,4.0
1730245894.297476,4.0
1730245894.3021152,4.0
1730245894.3055112,4.0
1730245894.3084617,4.0
1730245894.3126533,4.0
1730245894.3164887,4.0
1730245894.3210256,4.0
1730245894.325448,4.0
1730245894.3299673,4.0
1730245894.3334975,4.0
1730245894.3366387,4.0
1730245894.340675,4.0
1730245894.3447387,4.0
1730245894.348815,4.0
1730245894.3540256,4.0
1730245894.357488,4.0
1730245894.361025,4.0
1730245894.3648815,4.0
1730245894.369174,4.0
1730245894.3732357,4.0
1730245894.376688,4.0
1730245894.3821166,4.0
1730245894.385764,4.0
1730245894.3890848,4.0
1730245894.39263,4.0
1730245894.3967488,4.0
1730245894.4006624,4.0
1730245894.4049072,4.0
1730245894.4086246,4.0
1730245894.414028,4.0
1730245894.416679,4.0
1730245894.4209533,4.0
1730245894.4245994,4.0
1730245894.4290807,4.0
1730245894.4326556,4.0
1730245894.436804,4.0
1730245894.442166,4.0
1730245894.4469545,4.0
1730245894.4541385,4.0
1730245894.4541688,4.0
1730245894.4566245,4.0
1730245894.4609413,4.0
1730245894.4650657,4.0
1730245894.469303,4.0
1730245894.4771564,4.0
1730245894.4771905,4.0
1730245894.494994,4.0
1730245894.4950228,4.0
1730245894.4950335,4.0
1730245894.4950445,4.0
1730245894.4957108,4.0
1730245894.499723,4.0
1730245894.5037324,4.0
1730245894.5087132,4.0
1730245894.5128324,4.0
1730245894.5169785,4.0
1730245894.520984,4.0
1730245894.5241404,4.0
1730245894.5279987,4.0
1730245894.531816,4.0
1730245894.5429404,4.0
1730245894.542994,4.0
1730245894.544884,4.0
1730245894.552107,4.0
1730245894.5527885,4.0
1730245894.5576503,4.0
1730245894.5626037,4.0
1730245894.5647633,4.0
1730245894.5687766,4.0
1730245894.5727987,4.0
1730245894.576958,4.0
1730245894.582898,4.0
1730245894.5838425,4.0
1730245894.5880277,4.0
1730245894.5920415,4.0
1730245894.5974376,4.0
1730245894.600871,4.0
1730245894.605327,4.0
1730245894.6091814,4.0
1730245894.611981,4.0
1730245894.6158595,4.0
1730245894.6200385,4.0
1730245894.6238725,4.0
1730245894.6292992,4.0
1730245894.63227,4.0
1730245894.6362576,4.0
1730245894.6403563,4.0
1730245894.64427,4.0
1730245894.648578,4.0
1730245894.6535745,4.0
1730245894.657166,4.0
1730245894.6602428,4.0
1730245894.6645818,4.0
1730245894.6682315,4.0
1730245894.6725948,4.0
1730245894.6762984,4.0
1730245894.6814935,4.0
1730245894.685212,4.0
1730245894.6881945,4.0
1730245894.6920736,4.0
1730245894.6962187,4.0
1730245894.7000716,4.0
1730245894.7042053,4.0
1730245894.7081358,4.0
1730245894.712221,4.0
1730245894.7152233,4.0
1730245894.720274,4.0
1730245894.7240348,4.0
1730245894.7282505,4.0
1730245894.7321732,4.0
1730245894.7372053,4.0
1730245894.7402852,4.0
1730245894.7432797,4.0
1730245894.748218,4.0
1730245894.7522628,4.0
1730245894.7562644,4.0
1730245894.7605553,4.0
1730245894.7645276,4.0
1730245894.7687356,4.0
1730245894.7716796,4.0
1730245894.7762685,4.0
1730245894.7805295,4.0
1730245894.7842607,4.0
1730245894.7889037,4.0
1730245894.7923152,4.0
1730245894.796743,4.0
1730245894.799158,4.0
1730245894.803455,4.0
1730245894.8082368,4.0
1730245894.8126311,4.0
1730245894.8161976,4.0
1730245894.8205788,4.0
1730245894.8243268,4.0
1730245894.8273058,4.0
1730245894.8314097,4.0
1730245894.8366735,4.0
1730245894.8406663,4.0
1730245894.8444357,4.0
1730245894.8487902,4.0
1730245894.8515296,4.0
1730245894.855479,4.0
1730245894.8594325,4.0
1730245894.864827,4.0
1730245894.8690033,4.0
1730245894.8726482,4.0
1730245894.87529,4.0
1730245894.8797083,4.0
1730245894.88329,4.0
1730245894.8875,4.0
1730245894.8923275,4.0
1730245894.8965075,4.0
1730245894.9020698,4.0
1730245894.9055257,4.0
1730245894.9083843,4.0
1730245894.9116812,4.0
1730245894.915573,4.0
1730245894.9206672,4.0
1730245894.924353,4.0
1730245894.928655,4.0
1730245894.9319644,4.0
1730245894.9356077,4.0
1730245894.9396217,4.0
1730245894.944114,4.0
1730245894.947678,4.0
1730245894.9525833,4.0
1730245894.9554768,4.0
1730245894.9597008,4.0
1730245894.9639957,4.0
1730245894.967404,4.0
1730245894.9719384,4.0
1730245894.9754477,4.0
1730245894.981027,4.0
1730245894.983431,4.0
1730245894.9877627,4.0
1730245894.991541,4.0
1730245894.9957912,4.0
1730245894.9995291,4.0
1730245895.004073,4.0
1730245895.0085447,4.0
1730245895.0119417,4.0
1730245895.0155416,4.0
1730245895.0196595,4.0
1730245895.023642,4.0
1730245895.027656,4.0
1730245895.0317545,4.0
1730245895.0367775,4.0
1730245895.039805,4.0
1730245895.044103,4.0
1730245895.0476987,4.0
1730245895.0518007,4.0
1730245895.0557556,4.0
1730245895.0602803,4.0
1730245895.0637107,4.0
1730245895.0676372,4.0
1730245895.0707593,4.0
1730245895.0756843,4.0
1730245895.0797317,4.0
1730245895.0835843,4.0
1730245895.0877702,4.0
1730245895.090624,4.0
1730245895.0951352,4.0
1730245895.0987992,4.0
1730245895.1028433,4.0
1730245895.1076696,4.0
1730245895.1122787,4.0
1730245895.115874,4.0
1730245895.1200185,4.0
1730245895.1232696,4.0
1730245895.1268413,4.0
1730245895.1319168,4.0
1730245895.1357656,4.0
1730245895.1402664,4.0
1730245895.144075,4.0
1730245895.1480353,4.0
1730245895.1508355,4.0
1730245895.1551416,4.0
1730245895.1588445,4.0
1730245895.1643393,4.0
1730245895.1679547,4.0
1730245895.1723075,4.0
1730245895.1747437,4.0
1730245895.1792517,4.0
1730245895.182835,4.0
1730245895.1869287,4.0
1730245895.1917508,4.0
1730245895.1960027,4.0
1730245895.1988685,4.0
1730245895.2031128,4.0
1730245895.207034,4.0
1730245895.2111473,4.0
1730245895.2152622,4.0
1730245895.2204115,4.0
1730245895.2238612,4.0
1730245895.2270155,4.0
1730245895.2314126,4.0
1730245895.2354753,4.0
1730245895.2392387,4.0
1730245895.2431712,4.0
1730245895.2485616,4.0
1730245895.2522676,4.0
1730245895.2556198,4.0
1730245895.2589824,4.0
1730245895.2633622,4.0
1730245895.2668648,4.0
1730245895.2712276,4.0
1730245895.274892,4.0
1730245895.28023,4.0
1730245895.282936,4.0
1730245895.2870383,4.0
1730245895.290978,4.0
1730245895.295501,4.0
1730245895.2989695,4.0
1730245895.3032248,4.0
1730245895.3070264,4.0
1730245895.3106344,4.0
1730245895.3151228,4.0
1730245895.3194811,4.0
1730245895.3230252,4.0
1730245895.326944,4.0
1730245895.3314931,4.0
1730245895.335354,4.0
1730245895.3385382,4.0
1730245895.3436372,4.0
1730245895.3471107,4.0
1730245895.3512447,4.0
1730245895.355452,4.0
1730245895.359053,4.0
1730245895.3635347,4.0
1730245895.3661284,4.0
1730245895.370362,4.0
1730245895.375051,4.0
1730245895.3792503,4.0
1730245895.3830914,4.0
1730245895.3872037,4.0
1730245895.3910353,4.0
1730245895.3942325,4.0
1730245895.399108,4.0
1730245895.4035535,4.0
1730245895.407098,4.0
1730245895.4113796,4.0
1730245895.414634,4.0
1730245895.4183605,4.0
1730245895.4226196,4.0
1730245895.4272072,4.0
1730245895.4315002,4.0
1730245895.4354055,4.0
1730245895.4391232,4.0
1730245895.4421244,4.0
1730245895.446582,4.0
1730245895.4501083,4.0
1730245895.4543047,4.0
1730245895.459277,4.0
1730245895.4635208,4.0
1730245895.4671252,4.0
1730245895.4702969,4.0
1730245895.4742782,4.0
1730245895.478264,4.0
1730245895.4821732,4.0
1730245895.4873366,4.0
1730245895.49117,4.0
1730245895.4955049,4.0
1730245895.4986477,4.0
1730245895.502643,4.0
1730245895.5062644,4.0
1730245895.510579,4.0
1730245895.5153973,4.0
1730245895.51938,4.0
1730245895.5234356,4.0
1730245895.52631,4.0
1730245895.530435,4.0
1730245895.534505,4.0
1730245895.5387857,4.0
1730245895.5423305,4.0
1730245895.547408,4.0
1730245895.550438,4.0
1730245895.5546868,4.0
1730245895.55832,4.0
1730245895.5628846,4.0
1730245895.566274,4.0
1730245895.570639,4.0
1730245895.5754004,4.0
1730245895.5788112,4.0
1730245895.5824437,4.0
1730245895.5867488,4.0
1730245895.590412,4.0
1730245895.5945797,4.0
1730245895.6094208,4.0
1730245895.609446,4.0
1730245895.609456,4.0
1730245895.610876,4.0
1730245895.6148112,4.0
1730245895.6186657,4.0
1730245895.622638,4.0
1730245895.6304598,4.0
1730245895.630497,4.0
1730245895.6437078,4.0
1730245895.6437316,4.0
1730245895.643742,4.0
1730245895.647214,4.0
1730245895.650511,4.0
1730245895.65458,4.0
1730245895.6584814,4.0
1730245895.6615143,4.0
1730245895.6654065,4.0
1730245895.670612,4.0
1730245895.6745417,4.0
1730245895.6786032,4.0
1730245895.6824152,4.0
1730245895.6866095,4.0
1730245895.6904657,4.0
1730245895.6936767,4.0
1730245895.6976335,4.0
1730245895.702652,4.0
1730245895.706574,4.0
1730245895.7106645,4.0
1730245895.7136867,4.0
1730245895.7290146,4.0
1730245895.729044,4.0
1730245895.7290535,4.0
1730245895.7305896,4.0
1730245895.7346992,4.0
1730245895.7387233,4.0
1730245895.7415347,4.0
1730245895.747431,4.0
1730245895.7623196,4.0
1730245895.7623425,4.0
1730245895.7623563,4.0
1730245895.7626095,4.0
1730245895.7665832,4.0
1730245895.7695985,4.0
1730245895.7739108,4.0
1730245895.777726,4.0
1730245895.7817247,4.0
1730245895.7866876,4.0
1730245895.79065,4.0
1730245895.7937996,4.0
1730245895.7977517,4.0
1730245895.802019,4.0
1730245895.8058,4.0
1730245895.8099797,4.0
1730245895.8140972,4.0
1730245895.819147,4.0
1730245895.822111,4.0
1730245895.825836,4.0
1730245895.830299,4.0
1730245895.8337338,4.0
1730245895.838061,4.0
1730245895.8433917,4.0
1730245895.84702,4.0
1730245895.8497407,4.0
1730245895.8541553,4.0
1730245895.8578565,4.0
1730245895.8622644,4.0
1730245895.865906,4.0
1730245895.8702033,4.0
1730245895.8748293,4.0
1730245895.8781688,4.0
1730245895.882141,4.0
1730245895.8859904,4.0
1730245895.8900356,4.0
1730245895.896096,4.0
1730245895.8988369,4.0
1730245895.9022667,4.0
1730245895.905988,4.0
1730245895.9102347,4.0
1730245895.9144309,4.0
1730245895.9184296,4.0
1730245895.922444,4.0
1730245895.926906,4.0
1730245895.9303465,4.0
1730245895.9329555,4.0
1730245895.9386077,4.0
1730245895.9419332,4.0
1730245895.9465256,4.0
1730245895.9499345,4.0
1730245895.9545057,4.0
1730245895.957904,4.0
1730245895.962278,4.0
1730245895.9659386,4.0
1730245895.970645,4.0
1730245895.9733212,4.0
1730245895.9771335,4.0
1730245895.9819596,4.0
1730245895.9863477,4.0
1730245895.9902515,4.0
1730245895.9941711,4.0
1730245895.9982572,4.0
1730245896.001712,4.0
1730245896.0053866,4.0
1730245896.010584,4.0
1730245896.0145817,4.0
1730245896.0186353,4.0
1730245896.0225794,4.0
1730245896.024996,4.0
1730245896.0292268,4.0
1730245896.0329947,4.0
1730245896.0387387,4.0
1730245896.042158,4.0
1730245896.0465972,4.0
1730245896.0500855,4.0
1730245896.0534887,4.0
1730245896.05705,4.0
1730245896.061346,4.0
1730245896.06707,4.0
1730245896.0705037,4.0
1730245896.0741017,4.0
1730245896.0772116,4.0
1730245896.081622,4.0
1730245896.0853844,4.0
1730245896.0894709,4.0
1730245896.0937755,4.0
1730245896.098372,4.0
1730245896.1023493,4.0
1730245896.10533,4.0
1730245896.109279,4.0
1730245896.113284,4.0
1730245896.1172757,4.0
1730245896.1212907,4.0
1730245896.1262765,4.0
1730245896.130334,4.0
1730245896.1331615,4.0
1730245896.1372812,4.0
1730245896.1412454,4.0
1730245896.1456027,4.0
1730245896.1492643,4.0
1730245896.154717,4.0
1730245896.1583085,4.0
1730245896.1616628,4.0
1730245896.1652155,4.0
1730245896.169665,4.0
1730245896.1734788,4.0
1730245896.1773047,4.0
1730245896.1823144,4.0
1730245896.1854613,4.0
1730245896.1889856,4.0
1730245896.193784,4.0
1730245896.1974688,4.0
1730245896.2019734,4.0
1730245896.2055478,4.0
1730245896.210477,4.0
1730245896.2136345,4.0
1730245896.216287,4.0
1730245896.221877,4.0
1730245896.2253988,4.0
1730245896.2294865,4.0
1730245896.23339,4.0
1730245896.2374845,4.0
1730245896.241415,4.0
1730245896.244658,4.0
1730245896.249309,4.0
1730245896.2536235,4.0
1730245896.2573483,4.0
1730245896.2616456,4.0
1730245896.2653508,4.0
1730245896.26969,4.0
1730245896.2728968,4.0
1730245896.2764935,4.0
1730245896.28149,4.0
1730245896.2854676,4.0
1730245896.289718,4.0
1730245896.2936556,4.0
1730245896.2974594,4.0
1730245896.3005655,4.0
1730245896.304647,4.0
1730245896.3101037,4.0
1730245896.313992,4.0
1730245896.317612,4.0
1730245896.3210273,4.0
1730245896.324432,4.0
1730245896.3289971,4.0
1730245896.332451,4.0
1730245896.3380835,4.0
1730245896.3414605,4.0
1730245896.3456874,4.0
1730245896.3485208,4.0
1730245896.3527377,4.0
1730245896.3566585,4.0
1730245896.3607364,4.0
1730245896.3655243,4.0
1730245896.369973,4.0
1730245896.3735216,4.0
1730245896.37671,4.0
1730245896.381081,4.0
1730245896.385157,4.0
1730245896.388628,4.0
1730245896.393728,4.0
1730245896.397617,4.0
1730245896.4020996,4.0
1730245896.40501,4.0
1730245896.40863,4.0
1730245896.4129465,4.0
1730245896.416653,4.0
1730245896.4211805,4.0
1730245896.4256864,4.0
1730245896.4301343,4.0
1730245896.4326832,4.0
1730245896.4368155,4.0
1730245896.4406004,4.0
1730245896.445086,4.0
1730245896.44863,4.0
1730245896.4536295,4.0
1730245896.4566593,4.0
1730245896.4609473,4.0
1730245896.4648385,4.0
1730245896.4691377,4.0
1730245896.4732623,4.0
1730245896.4768682,4.0
1730245896.4816594,4.0
1730245896.4852948,4.0
1730245896.4889064,4.0
1730245896.4934068,4.0
1730245896.496869,4.0
1730245896.501004,4.0
1730245896.5053403,4.0
1730245896.5102923,4.0
1730245896.5132267,4.0
1730245896.5157385,4.0
1730245896.5210967,4.0
1730245896.5248342,4.0
1730245896.5289292,4.0
1730245896.532756,4.0
1730245896.5384903,4.0
1730245896.5408556,4.0
1730245896.5440228,4.0
1730245896.548889,4.0
1730245896.553239,4.0
1730245896.5568333,4.0
1730245896.5612516,4.0
1730245896.5650103,4.0
1730245896.5690165,4.0
1730245896.5724113,4.0
1730245896.5760915,4.0
1730245896.5814276,4.0
1730245896.58523,4.0
1730245896.5889027,4.0
1730245896.5918305,4.0
1730245896.5964885,4.0
1730245896.5999396,4.0
1730245896.6044352,4.0
1730245896.6090093,4.0
1730245896.613338,4.0
1730245896.6168363,4.0
1730245896.6202097,4.0
1730245896.6238856,4.0
1730245896.628235,4.0
1730245896.6329136,4.0
1730245896.636929,4.0
1730245896.6409883,4.0
1730245896.6452796,4.0
1730245896.6482134,4.0
1730245896.6525006,4.0
1730245896.6560369,4.0
1730245896.6604412,4.0
1730245896.6650505,4.0
1730245896.6692767,4.0
1730245896.67197,4.0
1730245896.6761658,4.0
1730245896.6805537,4.0
1730245896.6842234,4.0
1730245896.688264,4.0
1730245896.6936224,4.0
1730245896.6971903,4.0
1730245896.6999984,4.0
1730245896.7043784,4.0
1730245896.7080147,4.0
1730245896.7121642,4.0
1730245896.7160633,4.0
1730245896.721131,4.0
1730245896.7250953,4.0
1730245896.7281835,4.0
1730245896.7320695,4.0
1730245896.736319,4.0
1730245896.740152,4.0
1730245896.7442336,4.0
1730245896.7481573,4.0
1730245896.7532008,4.0
1730245896.7563117,4.0
1730245896.760223,4.0
1730245896.764234,4.0
1730245896.768224,4.0
1730245896.7790794,4.0
1730245896.7791035,4.0
1730245896.7813497,4.0
1730245896.784446,4.0
1730245896.7885833,4.0
1730245896.796965,4.0
1730245896.796978,4.0
1730245896.8001137,4.0
1730245896.8042693,4.0
1730245896.8081348,4.0
1730245896.811211,4.0
1730245896.8161633,4.0
1730245896.8202908,4.0
1730245896.8241577,4.0
1730245896.828197,4.0
1730245896.832194,4.0
1730245896.836233,4.0
1730245896.8393335,4.0
1730245896.845929,4.0
1730245896.8492067,4.0
1730245896.8524609,4.0
1730245896.856688,4.0
1730245896.8612597,4.0
1730245896.8636272,4.0
1730245896.871498,4.0
1730245896.8715076,4.0
1730245896.8762755,4.0
1730245896.880274,4.0
1730245896.8844097,4.0
1730245896.8883193,4.0
1730245896.8913002,4.0
1730245896.8954036,4.0
1730245896.9021354,4.0
1730245896.9043477,4.0
1730245896.9084427,4.0
1730245896.912458,4.0
1730245896.9152844,4.0
1730245896.9193373,4.0
1730245896.92332,4.0
1730245896.9278169,4.0
1730245896.9314172,4.0
1730245896.9363832,4.0
1730245896.9404504,4.0
1730245896.9435475,4.0
1730245896.9504392,4.0
1730245896.953725,4.0
1730245896.955478,4.0
1730245896.9595337,4.0
1730245896.964507,4.0
1730245896.9692783,4.0
1730245896.9714036,4.0
1730245896.978047,4.0
1730245896.9794111,4.0
1730245896.98339,4.0
1730245896.9875612,4.0
1730245896.992592,4.0
1730245896.9965029,4.0
1730245896.99939,4.0
1730245897.0035543,4.0
1730245897.0074437,4.0
1730245897.01164,4.0
1730245897.0154748,4.0
1730245897.0206509,4.0
1730245897.023669,4.0
1730245897.0276449,4.0
1730245897.0315623,4.0
1730245897.0356152,4.0
1730245897.0397203,4.0
1730245897.0436523,4.0
1730245897.0476067,4.0
1730245897.0517416,4.0
1730245897.0557904,4.0
1730245897.0596807,4.0
1730245897.0637295,4.0
1730245897.0678625,4.0
1730245897.0717244,4.0
1730245897.0767868,4.0
1730245897.0797665,4.0
1730245897.0826375,4.0
1730245897.087737,4.0
1730245897.0917337,4.0
1730245897.0957992,4.0
1730245897.0996387,4.0
1730245897.103832,4.0
1730245897.1076512,4.0
1730245897.110731,4.0
1730245897.1156828,4.0
1730245897.1199408,4.0
1730245897.1236963,4.0
1730245897.1277902,4.0
1730245897.131724,4.0
1730245897.1359098,4.0
1730245897.138933,4.0
1730245897.1429195,4.0
1730245897.1478992,4.0
1730245897.1519284,4.0
1730245897.15594,4.0
1730245897.1589303,4.0
1730245897.1629477,4.0
1730245897.1669357,4.0
1730245897.1709812,4.0
1730245897.176,4.0
1730245897.1798885,4.0
1730245897.183938,4.0
1730245897.1869571,4.0
1730245897.19089,4.0
1730245897.1950347,4.0
1730245897.1987648,4.0
1730245897.2039523,4.0
1730245897.207938,4.0
1730245897.2119477,4.0
1730245897.214769,4.0
1730245897.218958,4.0
1730245897.2229707,4.0
1730245897.2270036,4.0
1730245897.2318528,4.0
1730245897.2359967,4.0
1730245897.2398388,4.0
1730245897.2430134,4.0
1730245897.247016,4.0
1730245897.250925,4.0
1730245897.2550492,4.0
1730245897.2591906,4.0
1730245897.2641432,4.0
1730245897.2671058,4.0
1730245897.2710786,4.0
1730245897.2750278,4.0
1730245897.2801154,4.0
1730245897.2841165,4.0
1730245897.287123,4.0
1730245897.292112,4.0
1730245897.2950797,4.0
1730245897.298942,4.0
1730245897.30311,4.0
1730245897.3069608,4.0
1730245897.3111384,4.0
1730245897.3149755,4.0
1730245897.3200283,4.0
1730245897.3230455,4.0
1730245897.3271809,4.0
1730245897.3311944,4.0
1730245897.3350532,4.0
1730245897.3392155,4.0
1730245897.3430953,4.0
1730245897.347021,4.0
1730245897.3510213,4.0
1730245897.3542137,4.0
1730245897.3592055,4.0
1730245897.363247,4.0
1730245897.3672404,4.0
1730245897.371268,4.0
1730245897.37511,4.0
1730245897.3791573,4.0
1730245897.3820648,4.0
1730245897.3871171,4.0
1730245897.391128,4.0
1730245897.3952177,4.0
1730245897.399145,4.0
1730245897.402141,4.0
1730245897.406296,4.0
1730245897.410215,4.0
1730245897.4150832,4.0
1730245897.419144,4.0
1730245897.4232347,4.0
1730245897.4272687,4.0
1730245897.4302692,4.0
1730245897.4342625,4.0
1730245897.4383523,4.0
1730245897.44334,4.0
1730245897.4473965,4.0
1730245897.4513705,4.0
1730245897.4551933,4.0
1730245897.458366,4.0
1730245897.4623404,4.0
1730245897.4663775,4.0
1730245897.470292,4.0
1730245897.4754016,4.0
1730245897.4793968,4.0
1730245897.4833395,4.0
1730245897.4865828,4.0
1730245897.4902847,4.0
1730245897.4943264,4.0
1730245897.49932,4.0
1730245897.50347,4.0
1730245897.5073423,4.0
1730245897.5104916,4.0
1730245897.5144558,4.0
1730245897.5184453,4.0
1730245897.5222652,4.0
1730245897.526467,4.0
1730245897.5313137,4.0
1730245897.5353713,4.0
1730245897.5384305,4.0
1730245897.542339,4.0
1730245897.5463686,4.0
1730245897.5503423,4.0
1730245897.5545633,4.0
1730245897.5595152,4.0
1730245897.5634265,4.0
1730245897.5663788,4.0
1730245897.57051,4.0
1730245897.5747447,4.0
1730245897.578612,4.0
1730245897.5824163,4.0
1730245897.5866096,4.0
1730245897.5915418,4.0
1730245897.594646,4.0
1730245897.598493,4.0
1730245897.6026227,4.0
1730245897.60649,4.0
1730245897.6105523,4.0
1730245897.6145165,4.0
1730245897.6197813,4.0
1730245897.6227715,4.0
1730245897.6267042,4.0
1730245897.6306608,4.0
1730245897.6345468,4.0
1730245897.6387012,4.0
1730245897.642788,4.0
1730245897.6470177,4.0
1730245897.64951,4.0
1730245897.653797,4.0
1730245897.6586432,4.0
1730245897.6627233,4.0
1730245897.6666265,4.0
1730245897.67075,4.0
1730245897.6746593,4.0
1730245897.6776009,4.0
1730245897.6815743,4.0
1730245897.686688,4.0
1730245897.690632,4.0
1730245897.6946614,4.0
1730245897.69861,4.0
1730245897.7017796,4.0
1730245897.705768,4.0
1730245897.7097757,4.0
1730245897.7145886,4.0
1730245897.7187767,4.0
1730245897.723641,4.0
1730245897.7277975,4.0
1730245897.7306569,4.0
1730245897.733776,4.0
1730245897.7378342,4.0
1730245897.7418363,4.0
1730245897.7468102,4.0
1730245897.7509353,4.0
1730245897.7537816,4.0
1730245897.757864,4.0
1730245897.7619228,4.0
1730245897.7659376,4.0
1730245897.7697597,4.0
1730245897.7749245,4.0
1730245897.778964,4.0
1730245897.7817943,4.0
1730245897.7859433,4.0
1730245897.7897768,4.0
1730245897.793972,4.0
1730245897.7978475,4.0
1730245897.802775,4.0
1730245897.8068311,4.0
1730245897.8099551,4.0
1730245897.8139565,4.0
1730245897.8179643,4.0
1730245897.8219647,4.0
1730245897.8258812,4.0
1730245897.8318267,4.0
1730245897.8350046,4.0
1730245897.8379629,4.0
1730245897.8420067,4.0
1730245897.8460152,4.0
1730245897.8500009,4.0
1730245897.853834,4.0
1730245897.858916,4.0
1730245897.8620987,4.0
1730245897.864882,4.0
1730245897.8698723,4.0
1730245897.8738878,4.0
1730245897.877939,4.0
1730245897.8820004,4.0
1730245897.8871355,4.0
1730245897.8899505,4.0
1730245897.893032,4.0
1730245897.897935,4.0
1730245897.9022164,4.0
1730245897.90614,4.0
1730245897.9100895,4.0
1730245897.914996,4.0
1730245897.9180477,4.0
1730245897.9210212,4.0
1730245897.9261403,4.0
1730245897.9301305,4.0
1730245897.9341545,4.0
1730245897.9381535,4.0
1730245897.9421544,4.0
1730245897.94611,4.0
1730245897.9490552,4.0
1730245897.9540884,4.0
1730245897.958187,4.0
1730245897.9623156,4.0
1730245897.966232,4.0
1730245897.9692223,4.0
1730245897.9730663,4.0
1730245897.9772327,4.0
1730245897.982227,4.0
1730245897.9862623,4.0
1730245897.9900804,4.0
1730245897.994276,4.0
1730245897.9971595,4.0
1730245898.004286,4.0
1730245898.0052264,4.0
1730245898.009287,4.0
1730245898.0179746,4.0
1730245898.0181224,4.0
1730245898.0260515,4.0
1730245898.0260692,4.0
1730245898.0291483,4.0
1730245898.0333354,4.0
1730245898.0372388,4.0
1730245903.056218,4.0
1730245903.060051,4.0
1730245903.063986,4.0
1730245903.0682526,4.0
1730245903.072059,4.0
1730245903.0760667,4.0
1730245903.079972,4.0
1730245903.0835853,4.0
1730245903.088032,4.0
1730245903.0923097,4.0
1730245903.096252,4.0
1730245903.1003091,4.0
1730245903.1042917,4.0
1730245903.1073143,4.0
1730245903.111382,4.0
1730245903.1152248,4.0
1730245903.1202369,4.0
1730245903.1247742,4.0
1730245903.128288,4.0
1730245903.1324124,4.0
1730245903.136328,4.0
1730245903.1392276,4.0
1730245903.1435528,4.0
1730245903.1481636,4.0
1730245903.1523972,4.0
1730245903.15626,4.0
1730245903.1602068,4.0
1730245903.1642053,4.0
1730245903.1683607,4.0
1730245903.171522,4.0
1730245903.1765845,4.0
1730245903.1802192,4.0
1730245903.1845412,4.0
1730245903.187605,4.0
1730245903.1915305,4.0
1730245903.195616,4.0
1730245903.1992347,4.0
1730245903.2044673,4.0
1730245903.2085254,4.0
1730245903.2124915,4.0
1730245903.2153823,4.0
1730245903.2197323,4.0
1730245903.2233596,4.0
1730245903.2274897,4.0
1730245903.2312548,4.0
1730245903.236595,4.0
1730245903.240502,4.0
1730245903.2436545,4.0
1730245903.247324,4.0
1730245903.251479,4.0
1730245903.2555723,4.0
1730245903.259804,4.0
1730245903.2642975,4.0
1730245903.268614,4.0
1730245903.2713845,4.0
1730245903.275528,4.0
1730245903.2795873,4.0
1730245903.2836256,4.0
1730245903.2877176,4.0
1730245903.292745,4.0
1730245903.2957504,4.0
1730245903.2994692,4.0
1730245903.304004,4.0
1730245903.308099,4.0
1730245903.3117995,4.0
1730245903.3154416,4.0
1730245903.3205557,4.0
1730245903.3245733,4.0
1730245903.327557,4.0
1730245903.331396,4.0
1730245903.335607,4.0
1730245903.3394077,4.0
1730245903.343566,4.0
1730245903.3484569,4.0
1730245903.3516529,4.0
1730245903.355532,4.0
1730245903.359618,4.0
1730245903.3634832,4.0
1730245903.3679645,4.0
1730245903.3714943,4.0
1730245903.3759358,4.0
1730245903.3805468,4.0
1730245903.3837771,4.0
1730245903.3877428,4.0
1730245903.39204,4.0
1730245903.3959937,4.0
1730245903.3996787,4.0
1730245903.404045,4.0
1730245903.4081209,4.0
1730245903.411141,4.0
1730245903.4146512,4.0
1730245903.4197023,4.0
1730245903.4235904,4.0
1730245903.4280062,4.0
1730245903.4306204,4.0
1730245903.4350517,4.0
1730245903.4385731,4.0
1730245903.4441955,4.0
1730245903.4475894,4.0
1730245903.4519374,4.0
1730245903.4556007,4.0
1730245903.4587724,4.0
1730245903.464765,4.0
1730245903.4680042,4.0
1730245903.4709232,4.0
1730245903.4761975,4.0
1730245903.4796543,4.0
1730245903.484005,4.0
1730245903.487223,4.0
1730245903.491369,4.0
1730245903.4952445,4.0
1730245903.4988666,4.0
1730245903.5041,4.0
1730245903.5080364,4.0
1730245903.512048,4.0
1730245903.5147452,4.0
1730245903.5188687,4.0
1730245903.5227404,4.0
1730245903.5272872,4.0
1730245903.5319817,4.0
1730245903.5363047,4.0
1730245903.5387125,4.0
1730245903.5432944,4.0
1730245903.5467963,4.0
1730245903.5509317,4.0
1730245903.5547936,4.0
1730245903.5589175,4.0
1730245903.56375,4.0
1730245903.5670357,4.0
1730245903.5712705,4.0
1730245903.5750184,4.0
1730245903.579399,4.0
1730245903.5834217,4.0
1730245903.5874276,4.0
1730245903.5920365,4.0
1730245903.5954003,4.0
1730245903.5989788,4.0
1730245903.6033545,4.0
1730245903.607082,4.0
1730245903.611112,4.0
1730245903.614922,4.0
1730245903.6200247,4.0
1730245903.622892,4.0
1730245903.627246,4.0
1730245903.6308632,4.0
1730245903.6351943,4.0
1730245903.6389475,4.0
1730245903.6432889,4.0
1730245903.6480367,4.0
1730245903.6514685,4.0
1730245903.654138,4.0
1730245903.6594014,4.0
1730245903.6631105,4.0
1730245903.667358,4.0
1730245903.6710925,4.0
1730245903.676417,4.0
1730245903.6795516,4.0
1730245903.6833944,4.0
1730245903.687124,4.0
1730245903.6914556,4.0
1730245903.695548,4.0
1730245903.6991696,4.0
1730245903.703172,4.0
1730245903.7059765,4.0
1730245903.7099912,4.0
1730245903.7150748,4.0
1730245903.7196145,4.0
1730245903.723044,4.0
1730245903.727374,4.0
1730245903.730039,4.0
1730245903.734252,4.0
1730245903.738124,4.0
1730245903.7435155,4.0
1730245903.7470782,4.0
1730245903.7513232,4.0
1730245903.7573557,4.0
1730245903.7601967,4.0
1730245903.7631347,4.0
1730245903.766418,4.0
1730245903.7713804,4.0
1730245903.7752936,4.0
1730245903.779302,4.0
1730245903.7822063,4.0
1730245903.7861905,4.0
1730245903.7901328,4.0
1730245903.7941325,4.0
1730245903.7992225,4.0
1730245903.8031988,4.0
1730245903.8073678,4.0
1730245903.8102655,4.0
1730245903.8141716,4.0
1730245903.8182712,4.0
1730245903.822112,4.0
1730245903.8265743,4.0
1730245903.8312733,4.0
1730245903.8355553,4.0
1730245903.8381507,4.0
1730245903.8424673,4.0
1730245903.8462684,4.0
1730245903.8503623,4.0
1730245903.854395,4.0
1730245903.859396,4.0
1730245903.8632145,4.0
1730245903.866574,4.0
1730245903.870318,4.0
1730245903.8744805,4.0
1730245903.878602,4.0
1730245903.8827612,4.0
1730245903.8876348,4.0
1730245903.8904176,4.0
1730245903.8945603,4.0
1730245903.898517,4.0
1730245903.9026349,4.0
1730245903.9063969,4.0
1730245903.9104917,4.0
1730245903.914295,4.0
1730245903.918792,4.0
1730245903.921364,4.0
1730245903.9266453,4.0
1730245903.9303875,4.0
1730245903.9346433,4.0
1730245903.9382975,4.0
1730245903.9426532,4.0
1730245903.9463153,4.0
1730245903.9493985,4.0
1730245903.954533,4.0
1730245903.9585404,4.0
1730245903.9626477,4.0
1730245903.9666054,4.0
1730245903.970698,4.0
1730245903.9746273,4.0
1730245903.977942,4.0
1730245903.9827988,4.0
1730245903.9869776,4.0
1730245903.9906385,4.0
1730245903.9945855,4.0
1730245903.998566,4.0
1730245904.0026395,4.0
1730245904.005465,4.0
1730245904.010498,4.0
1730245904.0144308,4.0
1730245904.0187163,4.0
1730245904.0225077,4.0
1730245904.0256796,4.0
1730245904.0295172,4.0
1730245904.033572,4.0
1730245904.0385032,4.0
1730245904.043044,4.0
1730245904.0465555,4.0
1730245904.050752,4.0
1730245904.0539827,4.0
1730245904.058113,4.0
1730245904.0619287,4.0
1730245904.0658157,4.0
1730245904.0696597,4.0
1730245904.0747051,4.0
1730245904.0787053,4.0
1730245904.081807,4.0
1730245904.0861144,4.0
1730245904.0895815,4.0
1730245904.0941472,4.0
1730245904.0986629,4.0
1730245904.102936,4.0
1730245904.1068692,4.0
1730245904.1097205,4.0
1730245904.1135411,4.0
1730245904.1180494,4.0
1730245904.121683,4.0
1730245904.1258218,4.0
1730245904.1306272,4.0
1730245904.1341157,4.0
1730245904.1378276,4.0
1730245904.1421213,4.0
1730245904.1459067,4.0
1730245904.1498303,4.0
1730245904.1546648,4.0
1730245904.1588275,4.0
1730245904.1618445,4.0
1730245904.1663136,4.0
1730245904.1698503,4.0
1730245904.1744127,4.0
1730245904.1782694,4.0
1730245904.181851,4.0
1730245904.18693,4.0
1730245904.1897764,4.0
1730245904.1943147,4.0
1730245904.1979303,4.0
1730245904.201923,4.0
1730245904.205738,4.0
1730245904.209931,4.0
1730245904.214898,4.0
1730245904.2180946,4.0
1730245904.2218733,4.0
1730245904.2263172,4.0
1730245904.229965,4.0
1730245904.2343411,4.0
1730245904.2378511,4.0
1730245904.243225,4.0
1730245904.246101,4.0
1730245904.2490208,4.0
1730245904.25395,4.0
1730245904.2580223,4.0
1730245904.2620316,4.0
1730245904.2662551,4.0
1730245904.2699125,4.0
1730245904.2729397,4.0
1730245904.2779007,4.0
1730245904.2819407,4.0
1730245904.2860188,4.0
1730245904.2899857,4.0
1730245904.294216,4.0
1730245904.29693,4.0
1730245904.3009858,4.0
1730245904.3049636,4.0
1730245904.3099167,4.0
1730245904.3139818,4.0
1730245904.3180218,4.0
1730245904.3219495,4.0
1730245904.3253908,4.0
1730245904.3291433,4.0
1730245904.3332317,4.0
1730245904.3379433,4.0
1730245904.3422737,4.0
1730245904.3460765,4.0
1730245904.3500564,4.0
1730245904.353142,4.0
1730245904.3571577,4.0
1730245904.3611517,4.0
1730245904.3661091,4.0
1730245904.369955,4.0
1730245904.374408,4.0
1730245904.3775656,4.0
1730245904.3810112,4.0
1730245904.3855317,4.0
1730245904.3890843,4.0
1730245904.3933177,4.0
1730245904.398202,4.0
1730245904.4023168,4.0
1730245904.405049,4.0
1730245904.4097097,4.0
1730245904.4130776,4.0
1730245904.4175496,4.0
1730245904.4211545,4.0
1730245904.4265,4.0
1730245904.4301424,4.0
1730245904.433313,4.0
1730245904.437349,4.0
1730245904.441753,4.0
1730245904.445534,4.0
1730245904.44961,4.0
1730245904.4544766,4.0
1730245904.4583368,4.0
1730245904.4614584,4.0
1730245904.4654396,4.0
1730245904.4692905,4.0
1730245904.473111,4.0
1730245904.4776769,4.0
1730245904.4827943,4.0
1730245904.4854667,4.0
1730245904.4892583,4.0
1730245904.4934015,4.0
1730245904.4983451,4.0
1730245904.5014906,4.0
1730245904.5051625,4.0
1730245904.509714,4.0
1730245904.513352,4.0
1730245904.5177135,4.0
1730245904.5212593,4.0
1730245904.526616,4.0
1730245904.529392,4.0
1730245904.5334787,4.0
1730245904.5374515,4.0
1730245904.5418165,4.0
1730245904.5458276,4.0
1730245904.5493493,4.0
1730245904.5536983,4.0
1730245904.5563006,4.0
1730245904.5616248,4.0
1730245904.5658123,4.0
1730245904.5693831,4.0
1730245904.5735874,4.0
1730245904.577658,4.0
1730245904.5813625,4.0
1730245904.584642,4.0
1730245904.5883732,4.0
1730245904.5936377,4.0
1730245904.597348,4.0
1730245904.6017227,4.0
1730245904.60535,4.0
1730245904.608657,4.0
1730245904.6125145,4.0
1730245904.616606,4.0
1730245904.6214,4.0
1730245904.6258748,4.0
1730245904.629476,4.0
1730245904.6335669,4.0
1730245904.6365964,4.0
1730245904.640547,4.0
1730245904.644596,4.0
1730245904.6495583,4.0
1730245904.6536024,4.0
1730245904.657493,4.0
1730245904.660616,4.0
1730245904.6645796,4.0
1730245904.6685064,4.0
1730245904.6725817,4.0
1730245904.676638,4.0
1730245904.6816063,4.0
1730245904.6856005,4.0
1730245904.6886134,4.0
1730245904.692607,4.0
1730245904.6964707,4.0
1730245904.7006526,4.0
1730245904.704512,4.0
1730245904.7096703,4.0
1730245904.71348,4.0
1730245904.7165408,4.0
1730245904.7206187,4.0
1730245904.7245216,4.0
1730245904.7284892,4.0
1730245904.7325838,4.0
1730245904.737514,4.0
1730245904.7415807,4.0
1730245904.7445607,4.0
1730245904.7485602,4.0
1730245904.7526608,4.0
1730245904.7566106,4.0
1730245904.7606366,4.0
1730245904.7657576,4.0
1730245904.7696345,4.0
1730245904.772655,4.0
1730245904.7769525,4.0
1730245904.7807028,4.0
1730245904.7851987,4.0
1730245904.788692,4.0
1730245904.7938356,4.0
1730245904.7966535,4.0
1730245904.7998643,4.0
1730245904.8047247,4.0
1730245904.8088293,4.0
1730245904.8126912,4.0
1730245904.816816,4.0
1730245904.8208745,4.0
1730245904.8248773,4.0
1730245904.827876,4.0
1730245904.8328545,4.0
1730245904.836694,4.0
1730245904.840841,4.0
1730245904.8452382,4.0
1730245904.8489292,4.0
1730245904.8528004,4.0
1730245904.8559556,4.0
1730245904.8613894,4.0
1730245904.865422,4.0
1730245904.8688304,4.0
1730245904.8728683,4.0
1730245904.8773415,4.0
1730245904.8798287,4.0
1730245904.8841784,4.0
1730245904.8878546,4.0
1730245904.8932009,4.0
1730245904.896871,4.0
1730245904.9008296,4.0
1730245904.9041336,4.0
1730245904.9078655,4.0
1730245904.9121964,4.0
1730245904.916366,4.0
1730245904.9211457,4.0
1730245904.9251423,4.0
1730245904.9290433,4.0
1730245904.9325671,4.0
1730245904.9364517,4.0
1730245904.9399607,4.0
1730245904.9443505,4.0
1730245904.9490256,4.0
1730245904.9530628,4.0
1730245904.9576335,4.0
1730245904.9599173,4.0
1730245904.963922,4.0
1730245904.9680512,4.0
1730245904.9719577,4.0
1730245904.9774475,4.0
1730245904.980932,4.0
1730245904.9855049,4.0
1730245904.988052,4.0
1730245904.992313,4.0
1730245904.995973,4.0
1730245905.000132,4.0
1730245905.004104,4.0
1730245905.009396,4.0
1730245905.0130618,4.0
1730245905.01617,4.0
1730245905.0200706,4.0
1730245905.0245275,4.0
1730245905.0284867,4.0
1730245905.03321,4.0
1730245905.0372157,4.0
1730245905.040188,4.0
1730245905.0444622,4.0
1730245905.0483105,4.0
1730245905.0526402,4.0
1730245905.0561707,4.0
1730245905.0602336,4.0
1730245905.065795,4.0
1730245905.0684936,4.0
1730245905.0720756,4.0
1730245905.0764232,4.0
1730245905.0801091,4.0
1730245905.0845628,4.0
1730245905.0880811,4.0
1730245905.093583,4.0
1730245905.0961175,4.0
1730245905.100282,4.0
1730245905.1042652,4.0
1730245905.1086087,4.0
1730245905.1123583,4.0
1730245905.1163456,4.0
1730245905.1203065,4.0
1730245905.12465,4.0
1730245905.1276307,4.0
1730245905.132751,4.0
1730245905.136423,4.0
1730245905.1403136,4.0
1730245905.1445875,4.0
1730245905.1484663,4.0
1730245905.151531,4.0
1730245905.1553037,4.0
1730245905.160348,4.0
1730245905.1642225,4.0
1730245905.1685796,4.0
1730245905.1722429,4.0
1730245905.175446,4.0
1730245905.1792364,4.0
1730245905.1836927,4.0
1730245905.188352,4.0
1730245905.1924994,4.0
1730245905.196234,4.0
1730245905.2004526,4.0
1730245905.2036734,4.0
1730245905.2079737,4.0
1730245905.2115004,4.0
1730245905.2167037,4.0
1730245905.221341,4.0
1730245905.2244687,4.0
1730245905.2285066,4.0
1730245905.2313893,4.0
1730245905.2356796,4.0
1730245905.2393577,4.0
1730245905.2436423,4.0
1730245905.248844,4.0
1730245905.252636,4.0
1730245905.2553349,4.0
1730245905.259735,4.0
1730245905.2633722,4.0
1730245905.2678092,4.0
1730245905.271354,4.0
1730245905.2776368,4.0
1730245905.280416,4.0
1730245905.284655,4.0
1730245905.2876348,4.0
1730245905.291973,4.0
1730245905.2955694,4.0
1730245905.299759,4.0
1730245905.3044093,4.0
1730245905.3086312,4.0
1730245905.311658,4.0
1730245905.3161244,4.0
1730245905.3198493,4.0
1730245905.3241615,4.0
1730245905.3279,4.0
1730245905.3317268,4.0
1730245905.3367095,4.0
1730245905.3395472,4.0
1730245905.3440557,4.0
1730245905.3474991,4.0
1730245905.3522477,4.0
1730245905.3555489,4.0
1730245905.359645,4.0
1730245905.3647475,4.0
1730245905.3677008,4.0
1730245905.3725824,4.0
1730245905.3760352,4.0
1730245905.379512,4.0
1730245905.3836744,4.0
1730245905.387504,4.0
1730245905.3917012,4.0
1730245905.3946545,4.0
1730245905.3996184,4.0
1730245905.40381,4.0
1730245905.4080338,4.0
1730245905.41181,4.0
1730245905.4157753,4.0
1730245905.419754,4.0
1730245905.422689,4.0
1730245905.4281824,4.0
1730245905.4322665,4.0
1730245905.4362152,4.0
1730245905.4397497,4.0
1730245905.4440067,4.0
1730245905.4477732,4.0
1730245905.4513612,4.0
1730245905.4557076,4.0
1730245905.459818,4.0
1730245905.4637132,4.0
1730245905.468026,4.0
1730245905.4716449,4.0
1730245905.4748852,4.0
1730245905.4789464,4.0
1730245905.483251,4.0
1730245905.4876552,4.0
1730245905.4922671,4.0
1730245905.4957066,4.0
1730245905.4990003,4.0
1730245905.5031393,4.0
1730245905.5074184,4.0
1730245905.5108564,4.0
1730245905.516165,4.0
1730245905.5198936,4.0
1730245905.524347,4.0
1730245905.5267692,4.0
1730245905.5308418,4.0
1730245905.5350993,4.0
1730245905.5388453,4.0
1730245905.5433,4.0
1730245905.547937,4.0
1730245905.5520148,4.0
1730245905.5548785,4.0
1730245905.5590007,4.0
1730245905.562965,4.0
1730245905.5671878,4.0
1730245905.571058,4.0
1730245905.5762017,4.0
1730245905.5798469,4.0
1730245905.5830653,4.0
1730245905.5869436,4.0
1730245905.591185,4.0
1730245905.5954518,4.0
1730245905.599054,4.0
1730245905.6041608,4.0
1730245905.6076007,4.0
1730245905.6112013,4.0
1730245905.615578,4.0
1730245905.6189854,4.0
1730245905.6230817,4.0
1730245905.6273184,4.0
1730245905.6325862,4.0
1730245905.6351087,4.0
1730245905.6390476,4.0
1730245905.6433444,4.0
1730245905.646914,4.0
1730245905.6511376,4.0
1730245905.654975,4.0
1730245905.6596675,4.0
1730245905.662987,4.0
1730245905.667055,4.0
1730245905.6710193,4.0
1730245905.6753974,4.0
1730245905.6790297,4.0
1730245905.6832185,4.0
1730245905.687996,4.0
1730245905.691458,4.0
1730245905.6946006,4.0
1730245905.6992111,4.0
1730245905.7035353,4.0
1730245905.7073772,4.0
1730245905.7113411,4.0
1730245905.71626,4.0
1730245905.7197423,4.0
1730245905.7220533,4.0
1730245905.7274177,4.0
1730245905.7311244,4.0
1730245905.7355976,4.0
1730245905.739258,4.0
1730245905.742286,4.0
1730245905.746148,4.0
1730245905.7502613,4.0
1730245905.75522,4.0
1730245905.7592385,4.0
1730245905.763176,4.0
1730245905.767516,4.0
1730245905.7703142,4.0
1730245905.7743232,4.0
1730245905.778371,4.0
1730245905.7833326,4.0
1730245905.7874186,4.0
1730245905.7917883,4.0
1730245905.7954285,4.0
1730245905.7983625,4.0
1730245905.8023512,4.0
1730245905.806425,4.0
1730245905.8113077,4.0
1730245905.815297,4.0
1730245905.8193228,4.0
1730245905.8223042,4.0
1730245905.8262825,4.0
1730245905.8302784,4.0
1730245905.8343065,4.0
1730245905.838178,4.0
1730245905.843452,4.0
1730245905.8474522,4.0
1730245905.8505027,4.0
1730245905.8542333,4.0
1730245905.8584487,4.0
1730245905.8622968,4.0
1730245905.8665967,4.0
1730245905.8713005,4.0
1730245905.8756132,4.0
1730245905.8783967,4.0
1730245905.8826604,4.0
1730245905.88688,4.0
1730245905.8905523,4.0
1730245905.8947082,4.0
1730245905.8987916,4.0
1730245905.903661,4.0
1730245905.9070673,4.0
1730245905.910329,4.0
1730245905.9144998,4.0
1730245905.9184604,4.0
1730245905.9224415,4.0
1730245905.926551,4.0
1730245905.9320922,4.0
1730245905.9347775,4.0
1730245905.93837,4.0
1730245905.942659,4.0
1730245905.946411,4.0
1730245905.9506168,4.0
1730245905.9545188,4.0
1730245905.9585817,4.0
1730245905.9616668,4.0
1730245905.9666755,4.0
1730245905.970509,4.0
1730245905.97471,4.0
1730245905.9785376,4.0
1730245905.9830482,4.0
1730245905.9866416,4.0
1730245905.989629,4.0
1730245905.9948597,4.0
1730245905.9989452,4.0
1730245906.003064,4.0
1730245906.0071588,4.0
1730245906.0109746,4.0
1730245906.0135918,4.0
1730245906.0178287,4.0
1730245906.0216465,4.0
1730245906.0270774,4.0
1730245906.0305736,4.0
1730245906.03493,4.0
1730245906.0386724,4.0
1730245906.042039,4.0
1730245906.0456347,4.0
1730245906.0497348,4.0
1730245906.054547,4.0
1730245906.0587687,4.0
1730245906.0626996,4.0
1730245906.0658,4.0
1730245906.0698078,4.0
1730245906.0762055,4.0
1730245906.0787857,4.0
1730245906.082826,4.0
1730245906.086976,4.0
1730245906.0909543,4.0
1730245906.094182,4.0
1730245906.0978065,4.0
1730245906.102249,4.0
1730245906.1057973,4.0
1730245906.1098936,4.0
1730245906.1149232,4.0
1730245906.1187997,4.0
1730245906.1217244,4.0
1730245906.1257412,4.0
1730245906.129758,4.0
1730245906.133999,4.0
1730245906.1377156,4.0
1730245906.1419125,4.0
1730245906.146742,4.0
1730245906.1499605,4.0
1730245906.1538851,4.0
1730245906.158136,4.0
1730245906.162151,4.0
1730245906.166058,4.0
1730245906.1708505,4.0
1730245906.1752577,4.0
1730245906.1783495,4.0
1730245906.182377,4.0
1730245906.1863675,4.0
1730245906.1899474,4.0
1730245906.1940236,4.0
1730245906.199026,4.0
1730245906.2021513,4.0
1730245906.20588,4.0
1730245906.2100215,4.0
1730245906.2138286,4.0
1730245906.2182047,4.0
1730245906.2218704,4.0
1730245906.2261794,4.0
1730245906.229843,4.0
1730245906.2341187,4.0
1730245906.2378695,4.0
1730245906.2425938,4.0
1730245906.2459517,4.0
1730245906.250061,4.0
1730245906.2539036,4.0
1730245906.2581534,4.0
1730245906.2608876,4.0
1730245906.2661705,4.0
1730245906.27005,4.0
1730245906.276075,4.0
1730245906.2789783,4.0
1730245906.2832005,4.0
1730245906.2864037,4.0
1730245906.289163,4.0
1730245906.294232,4.0
1730245906.298754,4.0
1730245906.302271,4.0
1730245906.3061895,4.0
1730245906.3089764,4.0
1730245906.3129976,4.0
1730245906.3175256,4.0
1730245906.3210008,4.0
1730245906.326341,4.0
1730245906.3300664,4.0
1730245906.3343763,4.0
1730245906.33728,4.0
1730245906.341476,4.0
1730245906.3452528,4.0
1730245906.3493245,4.0
1730245906.35401,4.0
1730245906.3581824,4.0
1730245906.3621664,4.0
1730245906.3652616,4.0
1730245906.3696344,4.0
1730245906.373695,4.0
1730245906.377622,4.0
1730245906.3821993,4.0
1730245906.3863895,4.0
1730245906.3902037,4.0
1730245906.3936388,4.0
1730245906.397191,4.0
1730245906.4018047,4.0
1730245906.4050868,4.0
1730245906.410241,4.0
1730245906.414225,4.0
1730245906.4172428,4.0
1730245906.42114,4.0
1730245906.4252636,4.0
1730245906.429181,4.0
1730245906.4333436,4.0
1730245906.4372368,4.0
1730245906.4422476,4.0
1730245906.445394,4.0
1730245906.44918,4.0
1730245906.45314,4.0
1730245906.4577277,4.0
1730245906.461158,4.0
1730245906.4651976,4.0
1730245906.470188,4.0
1730245906.473189,4.0
1730245906.4771864,4.0
1730245906.4811976,4.0
1730245906.4851997,4.0
1730245906.4891768,4.0
1730245906.4932108,4.0
1730245906.4982111,4.0
1730245906.501195,4.0
1730245906.5051875,4.0
1730245906.5092037,4.0
1730245906.513219,4.0
1730245906.5172296,4.0
1730245906.5212512,4.0
1730245906.5262964,4.0
1730245906.5292363,4.0
1730245906.5322795,4.0
1730245906.5372753,4.0
1730245906.5415833,4.0
1730245906.5454276,4.0
1730245906.549672,4.0
1730245906.5535357,4.0
1730245906.5566125,4.0
1730245906.5605342,4.0
1730245906.5654826,4.0
1730245906.5696146,4.0
1730245906.573557,4.0
1730245906.5777087,4.0
1730245906.5805695,4.0
1730245906.5846548,4.0
1730245906.5884488,4.0
1730245906.5936096,4.0
1730245906.597541,4.0
1730245906.6016016,4.0
1730245906.6054466,4.0
1730245906.6095967,4.0
1730245906.6124933,4.0
1730245906.616576,4.0
1730245906.621562,4.0
1730245906.625883,4.0
1730245906.6294997,4.0
1730245906.633989,4.0
1730245906.6366265,4.0
1730245906.641081,4.0
1730245906.6446652,4.0
1730245906.6488085,4.0
1730245906.6538277,4.0
1730245906.65787,4.0
1730245906.660777,4.0
1730245906.6648326,4.0
1730245906.6686113,4.0
1730245906.6728373,4.0
1730245906.6767435,4.0
1730245906.6817565,4.0
1730245906.6857924,4.0
1730245906.6886168,4.0
1730245906.6927764,4.0
1730245906.6966033,4.0
1730245906.7007604,4.0
1730245906.7046628,4.0
1730245906.7097857,4.0
1730245906.713747,4.0
1730245906.7169223,4.0
1730245906.7206752,4.0
1730245906.7250614,4.0
1730245906.728746,4.0
1730245906.7328444,4.0
1730245906.7369375,4.0
1730245906.7419124,4.0
1730245906.7450235,4.0
1730245906.7488084,4.0
1730245906.752999,4.0
1730245906.7573028,4.0
1730245906.7613604,4.0
1730245906.765329,4.0
1730245906.7687376,4.0
1730245906.7717197,4.0
1730245906.776804,4.0
1730245906.780784,4.0
1730245906.785149,4.0
1730245906.7889197,4.0
1730245906.7939048,4.0
1730245906.7967618,4.0
1730245906.7999291,4.0
1730245906.8049128,4.0
1730245906.8090014,4.0
1730245906.8128195,4.0
1730245906.8170197,4.0
1730245906.8208072,4.0
1730245906.8250124,4.0
1730245906.8280244,4.0
1730245906.8328905,4.0
1730245906.8368535,4.0
1730245906.8408904,4.0
1730245906.84492,4.0
1730245906.8489232,4.0
1730245906.8529215,4.0
1730245906.8559065,4.0
1730245906.8609138,4.0
1730245906.864915,4.0
1730245906.8689036,4.0
1730245906.872835,4.0
1730245906.8770185,4.0
1730245906.880864,4.0
1730245906.8840213,4.0
1730245906.8879175,4.0
1730245906.892984,4.0
1730245906.896953,4.0
1730245906.9010909,4.0
1730245906.904978,4.0
1730245906.9080937,4.0
1730245906.9120312,4.0
1730245906.9160576,4.0
1730245906.920988,4.0
1730245906.9251215,4.0
1730245906.9289114,4.0
1730245906.9319296,4.0
1730245906.9359124,4.0
1730245906.940029,4.0
1730245906.944087,4.0
1730245906.949204,4.0
1730245906.953113,4.0
1730245906.9571292,4.0
1730245906.9601443,4.0
1730245906.9641702,4.0
1730245906.9680555,4.0
1730245906.972144,4.0
1730245906.976134,4.0
1730245906.9810767,4.0
1730245906.9851491,4.0
1730245906.9879832,4.0
1730245906.9920917,4.0
1730245906.9960513,4.0
1730245907.0000844,4.0
1730245907.005098,4.0
1730245907.0092556,4.0
1730245907.0120175,4.0
1730245907.0161831,4.0
1730245907.020158,4.0
1730245907.0243957,4.0
1730245907.0283256,4.0
1730245907.0324085,4.0
1730245907.0371802,4.0
1730245907.0402915,4.0
1730245907.0443256,4.0
1730245907.0483036,4.0
1730245907.052334,4.0
1730245907.0563364,4.0
1730245907.060325,4.0
1730245907.0652757,4.0
1730245907.0683725,4.0
1730245907.0712354,4.0
1730245907.0763292,4.0
1730245907.0803628,4.0
1730245907.0844743,4.0
1730245907.088264,4.0
1730245907.0933857,4.0
1730245907.096202,4.0
1730245907.0997975,4.0
1730245907.1042175,4.0
1730245907.1083093,4.0
1730245907.112266,4.0
1730245907.1164246,4.0
1730245907.1194096,4.0
1730245907.1234293,4.0
1730245907.127426,4.0
1730245907.1324496,4.0
1730245907.1364567,4.0
1730245907.1403563,4.0
1730245907.144452,4.0
1730245907.1474662,4.0
1730245907.151459,4.0
1730245907.155498,4.0
1730245907.1604793,4.0
1730245907.164502,4.0
1730245907.1684904,4.0
1730245907.1725364,4.0
1730245907.1755304,4.0
1730245907.1793675,4.0
1730245907.183619,4.0
1730245907.1873584,4.0
1730245907.1925497,4.0
1730245907.1964848,4.0
1730245907.2004137,4.0
1730245907.2034743,4.0
1730245907.2075872,4.0
1730245907.2115853,4.0
1730245907.2155976,4.0
1730245907.2203925,4.0
1730245907.2247136,4.0
1730245907.227676,4.0
1730245907.2316012,4.0
1730245907.2356029,4.0
1730245907.2416463,4.0
1730245907.244655,4.0
1730245907.2486427,4.0
1730245907.25264,4.0
1730245907.2556577,4.0
1730245907.2596753,4.0
1730245907.2636888,4.0
1730245907.267724,4.0
1730245907.2715733,4.0
1730245907.276722,4.0
1730245907.28064,4.0
1730245907.2836664,4.0
1730245907.2875423,4.0
1730245907.2917027,4.0
1730245907.295578,4.0
1730245907.2996523,4.0
1730245907.303542,4.0
1730245907.3087156,4.0
1730245907.311858,4.0
1730245907.3157992,4.0
1730245907.3196585,4.0
1730245907.3238316,4.0
1730245907.3278031,4.0
1730245907.331996,4.0
1730245907.3369057,4.0
1730245907.3397832,4.0
1730245907.3438168,4.0
1730245907.3477876,4.0
1730245907.3518004,4.0
1730245907.355877,4.0
1730245907.3608687,4.0
1730245907.363835,4.0
1730245907.366892,4.0
1730245907.371832,4.0
1730245907.3758423,4.0
1730245907.3798156,4.0
1730245907.3838928,4.0
1730245907.3877597,4.0
1730245907.3919497,4.0
1730245907.394807,4.0
1730245907.3990293,4.0
1730245907.403882,4.0
1730245907.4079602,4.0
1730245907.4125285,4.0
1730245907.4159966,4.0
1730245907.4198484,4.0
1730245907.4228292,4.0
1730245907.426964,4.0
1730245907.4319608,4.0
1730245907.43591,4.0
1730245907.440108,4.0
1730245907.44394,4.0
1730245907.4469008,4.0
1730245907.45111,4.0
1730245907.454933,4.0
1730245907.460036,4.0
1730245907.4642272,4.0
1730245907.4679964,4.0
1730245907.471975,4.0
1730245907.4749992,4.0
1730245907.4789083,4.0
1730245907.483028,4.0
1730245907.487885,4.0
1730245907.4920828,4.0
1730245907.4958973,4.0
1730245907.4990368,4.0
1730245907.5030296,4.0
1730245907.5070517,4.0
1730245907.5109675,4.0
1730245907.514959,4.0
1730245907.5200095,4.0
1730245907.5240445,4.0
1730245907.527092,4.0
1730245907.5310652,4.0
1730245907.5349908,4.0
1730245907.5390155,4.0
1730245907.5431373,4.0
1730245907.5481448,4.0
1730245907.5521345,4.0
1730245907.555152,4.0
1730245907.5591383,4.0
1730245907.562985,4.0
1730245907.5671115,4.0
1730245907.5710175,4.0
1730245907.5761917,4.0
1730245907.5800726,4.0
1730245907.5829768,4.0
1730245907.5870574,4.0
1730245907.591105,4.0
1730245907.5950537,4.0
1730245907.599095,4.0
1730245907.6040497,4.0
1730245907.6071184,4.0
1730245907.6100457,4.0
1730245907.615177,4.0
1730245907.6191733,4.0
1730245907.623196,4.0
1730245907.6272736,4.0
1730245907.632229,4.0
1730245907.6350956,4.0
1730245907.6382077,4.0
1730245907.6433032,4.0
1730245907.6473217,4.0
1730245907.651147,4.0
1730245907.6551647,4.0
1730245907.6592815,4.0
1730245907.6633184,4.0
1730245907.6663077,4.0
1730245907.6712253,4.0
1730245907.674882,4.0
1730245907.679212,4.0
1730245907.6833622,4.0
1730245907.687209,4.0
1730245907.6903586,4.0
1730245907.6943607,4.0
1730245907.6985033,4.0
1730245907.7034335,4.0
1730245907.7074232,4.0
1730245907.7114067,4.0
1730245907.7144918,4.0
1730245907.7184472,4.0
1730245907.7224338,4.0
1730245907.7264493,4.0
1730245907.7315571,4.0
1730245907.7354324,4.0
1730245907.7394495,4.0
1730245907.7424436,4.0
1730245907.7464263,4.0
1730245907.7502687,4.0
1730245907.7543583,4.0
1730245907.7595112,4.0
1730245907.7634468,4.0
1730245907.7674837,4.0
1730245907.7703383,4.0
1730245907.774539,4.0
1730245907.7784183,4.0
1730245907.7823973,4.0
1730245907.7873638,4.0
1730245907.791536,4.0
1730245907.7954316,4.0
1730245907.798565,4.0
1730245907.8025613,4.0
1730245907.8065996,4.0
1730245907.8105085,4.0
1730245907.8155384,4.0
1730245907.8194137,4.0
1730245907.822554,4.0
1730245907.826476,4.0
1730245907.830464,4.0
1730245907.834588,4.0
1730245907.8385267,4.0
1730245907.8425956,4.0
1730245907.847562,4.0
1730245907.85064,4.0
1730245907.8545346,4.0
1730245907.8586297,4.0
1730245907.862481,4.0
1730245907.8666573,4.0
1730245907.8704894,4.0
1730245907.8756907,4.0
1730245907.8785243,4.0
1730245907.8816867,4.0
1730245907.8865628,4.0
1730245907.8906755,4.0
1730245907.894618,4.0
1730245907.898548,4.0
1730245907.9035103,4.0
1730245907.9067152,4.0
1730245907.910704,4.0
1730245907.9147103,4.0
1730245907.9186342,4.0
1730245907.9227407,4.0
1730245907.926758,4.0
1730245907.9317589,4.0
1730245907.9347684,4.0
1730245907.937722,4.0
1730245907.9427755,4.0
1730245907.9467757,4.0
1730245907.9507396,4.0
1730245907.954851,4.0
1730245907.9577968,4.0
1730245907.9615984,4.0
1730245907.9657426,4.0
1730245907.9706876,4.0
1730245907.9748454,4.0
1730245907.9787393,4.0
1730245907.982852,4.0
1730245907.9866853,4.0
1730245907.9898682,4.0
1730245907.9938395,4.0
1730245907.9989116,4.0
1730245908.0030556,4.0
1730245908.006926,4.0
1730245908.0109546,4.0
1730245908.013952,4.0
1730245908.017944,4.0
1730245908.022041,4.0
1730245908.026038,4.0
1730245908.0309224,4.0
1730245908.0349426,4.0
1730245908.0388803,4.0
1730245908.0419288,4.0
1730245908.0457935,4.0
1730245908.0500731,4.0
1730245908.0537903,4.0
1730245913.0607023,4.0
1730245913.0647423,4.0
1730245913.0686955,4.0
1730245913.0727787,4.0
1730245913.0768423,4.0
1730245913.0817482,4.0
1730245913.084916,4.0
1730245913.0891285,4.0
1730245913.092795,4.0
1730245913.0968003,4.0
1730245913.1010451,4.0
1730245913.1047912,4.0
1730245913.1089492,4.0
1730245913.1116445,4.0
1730245913.1169305,4.0
1730245913.120896,4.0
1730245913.1251607,4.0
1730245913.128776,4.0
1730245913.132857,4.0
1730245913.1367004,4.0
1730245913.1398733,4.0
1730245913.1446848,4.0
1730245913.1490796,4.0
1730245913.152779,4.0
1730245913.1569743,4.0
1730245913.1607935,4.0
1730245913.1649787,4.0
1730245913.168446,4.0
1730245913.1719725,4.0
1730245913.1769326,4.0
1730245913.180998,4.0
1730245913.1850047,4.0
1730245913.1885445,4.0
1730245913.1918733,4.0
1730245913.1962044,4.0
1730245913.2002766,4.0
1730245913.2040095,4.0
1730245913.2099848,4.0
1730245913.2130053,4.0
1730245913.217253,4.0
1730245913.2198577,4.0
1730245913.2240913,4.0
1730245913.2299156,4.0
1730245913.2330103,4.0
1730245913.2369964,4.0
1730245913.2410977,4.0
1730245913.243868,4.0
1730245913.248036,4.0
1730245913.2518375,4.0
1730245913.256137,4.0
1730245913.2609327,4.0
1730245913.2652252,4.0
1730245913.2689545,4.0
1730245913.2722182,4.0
1730245913.276266,4.0
1730245913.2803671,4.0
1730245913.2846017,4.0
1730245913.288566,4.0
1730245913.2930963,4.0
1730245913.296204,4.0
1730245913.3004673,4.0
1730245913.3040287,4.0
1730245913.3094392,4.0
1730245913.3129869,4.0
1730245913.3163204,4.0
1730245913.3212235,4.0
1730245913.3246808,4.0
1730245913.3280327,4.0
1730245913.3324797,4.0
1730245913.3360493,4.0
1730245913.3402438,4.0
1730245913.3439996,4.0
1730245913.349584,4.0
1730245913.352098,4.0
1730245913.3550212,4.0
1730245913.3602269,4.0
1730245913.3644671,4.0
1730245913.368214,4.0
1730245913.3723865,4.0
1730245913.376429,4.0
1730245913.380184,4.0
1730245913.383171,4.0
1730245913.388563,4.0
1730245913.3926735,4.0
1730245913.3967175,4.0
1730245913.4007218,4.0
1730245913.405402,4.0
1730245913.4084024,4.0
1730245913.4122396,4.0
1730245913.4162908,4.0
1730245913.4200852,4.0
1730245913.4242454,4.0
1730245913.4281409,4.0
1730245913.4313776,4.0
1730245913.4350731,4.0
1730245913.4395466,4.0
1730245913.444131,4.0
1730245913.4484353,4.0
1730245913.4521315,4.0
1730245913.4563978,4.0
1730245913.4593768,4.0
1730245913.4632063,4.0
1730245913.4675076,4.0
1730245913.47146,4.0
1730245913.4765415,4.0
1730245913.4803703,4.0
1730245913.4845052,4.0
1730245913.487252,4.0
1730245913.491443,4.0
1730245913.4952743,4.0
1730245913.5005827,4.0
1730245913.5045176,4.0
1730245913.5086355,4.0
1730245913.5123827,4.0
1730245913.5155056,4.0
1730245913.5192711,4.0
1730245913.52341,4.0
1730245913.5272653,4.0
1730245913.5327568,4.0
1730245913.5374317,4.0
1730245913.5416553,4.0
1730245913.5443854,4.0
1730245913.5476103,4.0
1730245913.5512462,4.0
1730245913.5556211,4.0
1730245913.5602872,4.0
1730245913.564487,4.0
1730245913.56728,4.0
1730245913.5714908,4.0
1730245913.5755055,4.0
1730245913.5797632,4.0
1730245913.5833282,4.0
1730245913.5876603,4.0
1730245913.5928,4.0
1730245913.5954912,4.0
1730245913.5993483,4.0
1730245913.6034117,4.0
1730245913.6075568,4.0
1730245913.6114557,4.0
1730245913.6153631,4.0
1730245913.6205795,4.0
1730245913.62352,4.0
1730245913.627394,4.0
1730245913.6315916,4.0
1730245913.6354392,4.0
1730245913.6395917,4.0
1730245913.643468,4.0
1730245913.6479597,4.0
1730245913.6508124,4.0
1730245913.6546323,4.0
1730245913.659748,4.0
1730245913.663705,4.0
1730245913.6676056,4.0
1730245913.6715827,4.0
1730245913.675661,4.0
1730245913.6785972,4.0
1730245913.683624,4.0
1730245913.688229,4.0
1730245913.6916702,4.0
1730245913.69565,4.0
1730245913.6999795,4.0
1730245913.702536,4.0
1730245913.7069783,4.0
1730245913.7115912,4.0
1730245913.7160957,4.0
1730245913.719552,4.0
1730245913.7237036,4.0
1730245913.7275996,4.0
1730245913.7308948,4.0
1730245913.7348008,4.0
1730245913.7388673,4.0
1730245913.743598,4.0
1730245913.7480345,4.0
1730245913.751713,4.0
1730245913.755828,4.0
1730245913.7598412,4.0
1730245913.7627847,4.0
1730245913.76687,4.0
1730245913.7718236,4.0
1730245913.7763612,4.0
1730245913.7801204,4.0
1730245913.7838123,4.0
1730245913.7867944,4.0
1730245913.7910883,4.0
1730245913.7947507,4.0
1730245913.7988553,4.0
1730245913.8038,4.0
1730245913.8080485,4.0
1730245913.8107393,4.0
1730245913.814953,4.0
1730245913.8187754,4.0
1730245913.8229315,4.0
1730245913.8277223,4.0
1730245913.8319895,4.0
1730245913.8357368,4.0
1730245913.8389828,4.0
1730245913.8429017,4.0
1730245913.847277,4.0
1730245913.8512988,4.0
1730245913.8549852,4.0
1730245913.8591046,4.0
1730245913.8640804,4.0
1730245913.867462,4.0
1730245913.87156,4.0
1730245913.875158,4.0
1730245913.8790147,4.0
1730245913.8830168,4.0
1730245913.8880055,4.0
1730245913.8909955,4.0
1730245913.8937967,4.0
1730245913.8989668,4.0
1730245913.9029176,4.0
1730245913.9069748,4.0
1730245913.910853,4.0
1730245913.9160304,4.0
1730245913.9189603,4.0
1730245913.9220407,4.0
1730245913.9268775,4.0
1730245913.9310462,4.0
1730245913.9348612,4.0
1730245913.9390025,4.0
1730245913.9430203,4.0
1730245913.947396,4.0
1730245913.9506257,4.0
1730245913.954916,4.0
1730245913.9591303,4.0
1730245913.9630609,4.0
1730245913.967188,4.0
1730245913.9730234,4.0
1730245913.9762588,4.0
1730245913.9796777,4.0
1730245913.9831624,4.0
1730245913.986982,4.0
1730245913.9912884,4.0
1730245913.9951217,4.0
1730245913.998536,4.0
1730245914.0020344,4.0
1730245914.006484,4.0
1730245914.0101416,4.0
1730245914.0153277,4.0
1730245914.0190854,4.0
1730245914.023176,4.0
1730245914.0263205,4.0
1730245914.0306673,4.0
1730245914.0348227,4.0
1730245914.0383203,4.0
1730245914.0432563,4.0
1730245914.047302,4.0
1730245914.0512908,4.0
1730245914.0548084,4.0
1730245914.058488,4.0
1730245914.0623305,4.0
1730245914.0664556,4.0
1730245914.071595,4.0
1730245914.0754013,4.0
1730245914.0794554,4.0
1730245914.082822,4.0
1730245914.0861475,4.0
1730245914.090546,4.0
1730245914.094224,4.0
1730245914.0993788,4.0
1730245914.1032329,4.0
1730245914.107346,4.0
1730245914.1102424,4.0
1730245914.1153543,4.0
1730245914.119216,4.0
1730245914.1224873,4.0
1730245914.12719,4.0
1730245914.1315243,4.0
1730245914.1348264,4.0
1730245914.1384947,4.0
1730245914.1427777,4.0
1730245914.1466837,4.0
1730245914.1506376,4.0
1730245914.1546147,4.0
1730245914.1594937,4.0
1730245914.1622884,4.0
1730245914.1664703,4.0
1730245914.170267,4.0
1730245914.1744895,4.0
1730245914.178314,4.0
1730245914.1828375,4.0
1730245914.1876884,4.0
1730245914.1905007,4.0
1730245914.194266,4.0
1730245914.1985924,4.0
1730245914.2022605,4.0
1730245914.2065732,4.0
1730245914.210384,4.0
1730245914.2154727,4.0
1730245914.2184052,4.0
1730245914.2226193,4.0
1730245914.226556,4.0
1730245914.2306857,4.0
1730245914.2345705,4.0
1730245914.238734,4.0
1730245914.2433832,4.0
1730245914.2476735,4.0
1730245914.250672,4.0
1730245914.254682,4.0
1730245914.2586863,4.0
1730245914.2624953,4.0
1730245914.2670188,4.0
1730245914.2706847,4.0
1730245914.2737114,4.0
1730245914.2774017,4.0
1730245914.282819,4.0
1730245914.2864065,4.0
1730245914.2907424,4.0
1730245914.294428,4.0
1730245914.2986424,4.0
1730245914.3015473,4.0
1730245914.3057823,4.0
1730245914.3105276,4.0
1730245914.3147693,4.0
1730245914.318519,4.0
1730245914.322652,4.0
1730245914.3256505,4.0
1730245914.330206,4.0
1730245914.3335388,4.0
1730245914.33906,4.0
1730245914.3426523,4.0
1730245914.3467813,4.0
1730245914.351074,4.0
1730245914.3535812,4.0
1730245914.357704,4.0
1730245914.3615358,4.0
1730245914.367072,4.0
1730245914.3705468,4.0
1730245914.37496,4.0
1730245914.377653,4.0
1730245914.3817077,4.0
1730245914.3855758,4.0
1730245914.3899624,4.0
1730245914.3936205,4.0
1730245914.398851,4.0
1730245914.4025817,4.0
1730245914.405732,4.0
1730245914.4098415,4.0
1730245914.413958,4.0
1730245914.417981,4.0
1730245914.4217036,4.0
1730245914.426598,4.0
1730245914.431008,4.0
1730245914.4338114,4.0
1730245914.4383793,4.0
1730245914.4418464,4.0
1730245914.4463284,4.0
1730245914.4501295,4.0
1730245914.4552398,4.0
1730245914.4590807,4.0
1730245914.4617329,4.0
1730245914.4660397,4.0
1730245914.4697385,4.0
1730245914.4740963,4.0
1730245914.4777043,4.0
1730245914.482881,4.0
1730245914.4857593,4.0
1730245914.4902768,4.0
1730245914.4937408,4.0
1730245914.498113,4.0
1730245914.50178,4.0
1730245914.5061371,4.0
1730245914.5108807,4.0
1730245914.5144491,4.0
1730245914.518042,4.0
1730245914.5219126,4.0
1730245914.5261698,4.0
1730245914.5298977,4.0
1730245914.5358734,4.0
1730245914.5391617,4.0
1730245914.5419335,4.0
1730245914.5448434,4.0
1730245914.5502243,4.0
1730245914.5541337,4.0
1730245914.558148,4.0
1730245914.561876,4.0
1730245914.565987,4.0
1730245914.5699065,4.0
1730245914.5730288,4.0
1730245914.5778463,4.0
1730245914.5825803,4.0
1730245914.5859556,4.0
1730245914.5902102,4.0
1730245914.5930517,4.0
1730245914.5969949,4.0
1730245914.6011653,4.0
1730245914.606189,4.0
1730245914.6099038,4.0
1730245914.6144056,4.0
1730245914.6181931,4.0
1730245914.6215684,4.0
1730245914.625213,4.0
1730245914.629089,4.0
1730245914.6329408,4.0
1730245914.6381156,4.0
1730245914.6419466,4.0
1730245914.646096,4.0
1730245914.649084,4.0
1730245914.6529536,4.0
1730245914.6572227,4.0
1730245914.6610715,4.0
1730245914.666466,4.0
1730245914.670076,4.0
1730245914.6740153,4.0
1730245914.6770644,4.0
1730245914.681394,4.0
1730245914.6850083,4.0
1730245914.689546,4.0
1730245914.694003,4.0
1730245914.6985111,4.0
1730245914.7021608,4.0
1730245914.7054532,4.0
1730245914.709424,4.0
1730245914.7131248,4.0
1730245914.7173998,4.0
1730245914.7212944,4.0
1730245914.726236,4.0
1730245914.7296867,4.0
1730245914.7332664,4.0
1730245914.737362,4.0
1730245914.7415507,4.0
1730245914.7453504,4.0
1730245914.7504,4.0
1730245914.7541492,4.0
1730245914.757332,4.0
1730245914.7611952,4.0
1730245914.7652936,4.0
1730245914.7692192,4.0
1730245914.773327,4.0
1730245914.7771811,4.0
1730245914.782699,4.0
1730245914.7852316,4.0
1730245914.789595,4.0
1730245914.7931569,4.0
1730245914.79753,4.0
1730245914.8013752,4.0
1730245914.805757,4.0
1730245914.809491,4.0
1730245914.8132985,4.0
1730245914.8175704,4.0
1730245914.8214135,4.0
1730245914.8255088,4.0
1730245914.8297892,4.0
1730245914.8334537,4.0
1730245914.837922,4.0
1730245914.8404512,4.0
1730245914.8443532,4.0
1730245914.8495488,4.0
1730245914.8533015,4.0
1730245914.857504,4.0
1730245914.8614247,4.0
1730245914.8654575,4.0
1730245914.868246,4.0
1730245914.8733892,4.0
1730245914.8773797,4.0
1730245914.8814468,4.0
1730245914.8852887,4.0
1730245914.8894908,4.0
1730245914.8924909,4.0
1730245914.8964891,4.0
1730245914.900313,4.0
1730245914.90552,4.0
1730245914.9094207,4.0
1730245914.9134736,4.0
1730245914.917474,4.0
1730245914.9206183,4.0
1730245914.9246151,4.0
1730245914.928507,4.0
1730245914.934392,4.0
1730245914.937616,4.0
1730245914.941482,4.0
1730245914.9451823,4.0
1730245914.9486816,4.0
1730245914.9523962,4.0
1730245914.9565988,4.0
1730245914.9604435,4.0
1730245914.9655654,4.0
1730245914.969566,4.0
1730245914.9727836,4.0
1730245914.9764369,4.0
1730245914.9806058,4.0
1730245914.9847891,4.0
1730245914.9888108,4.0
1730245914.9935222,4.0
1730245914.9976668,4.0
1730245915.0006948,4.0
1730245915.004738,4.0
1730245915.008674,4.0
1730245915.0127604,4.0
1730245915.0169811,4.0
1730245915.0218413,4.0
1730245915.025605,4.0
1730245915.0288315,4.0
1730245915.0327704,4.0
1730245915.0366824,4.0
1730245915.0407925,4.0
1730245915.0446446,4.0
1730245915.0499997,4.0
1730245915.0539007,4.0
1730245915.056792,4.0
1730245915.060572,4.0
1730245915.064757,4.0
1730245915.0686047,4.0
1730245915.0728235,4.0
1730245915.0765889,4.0
1730245915.0810862,4.0
1730245915.0839105,4.0
1730245915.0889263,4.0
1730245915.092844,4.0
1730245915.0968738,4.0
1730245915.1009612,4.0
1730245915.105034,4.0
1730245915.1091952,4.0
1730245915.1118033,4.0
1730245915.1169908,4.0
1730245915.1213183,4.0
1730245915.1248865,4.0
1730245915.12904,4.0
1730245915.1328902,4.0
1730245915.1369233,4.0
1730245915.1400995,4.0
1730245915.144827,4.0
1730245915.1488976,4.0
1730245915.1527169,4.0
1730245915.157304,4.0
1730245915.1607585,4.0
1730245915.1651876,4.0
1730245915.167935,4.0
1730245915.1729343,4.0
1730245915.1768394,4.0
1730245915.1811688,4.0
1730245915.1848063,4.0
1730245915.1884365,4.0
1730245915.1920073,4.0
1730245915.1960468,4.0
1730245915.2003858,4.0
1730245915.2052162,4.0
1730245915.209031,4.0
1730245915.212903,4.0
1730245915.2162251,4.0
1730245915.219964,4.0
1730245915.2244754,4.0
1730245915.2279816,4.0
1730245915.2330291,4.0
1730245915.2371056,4.0
1730245915.2413976,4.0
1730245915.2438495,4.0
1730245915.2485528,4.0
1730245915.2518442,4.0
1730245915.2561443,4.0
1730245915.2608826,4.0
1730245915.2651324,4.0
1730245915.2689998,4.0
1730245915.2721372,4.0
1730245915.276296,4.0
1730245915.280431,4.0
1730245915.2841852,4.0
1730245915.2882922,4.0
1730245915.2929213,4.0
1730245915.2972288,4.0
1730245915.3003972,4.0
1730245915.3041043,4.0
1730245915.3082788,4.0
1730245915.3128152,4.0
1730245915.3173904,4.0
1730245915.3214846,4.0
1730245915.3247013,4.0
1730245915.328124,4.0
1730245915.3322773,4.0
1730245915.336008,4.0
1730245915.3402696,4.0
1730245915.3440468,4.0
1730245915.3494124,4.0
1730245915.3521097,4.0
1730245915.3565862,4.0
1730245915.360016,4.0
1730245915.3643763,4.0
1730245915.368058,4.0
1730245915.3724945,4.0
1730245915.3771172,4.0
1730245915.380414,4.0
1730245915.384396,4.0
1730245915.3883324,4.0
1730245915.3922193,4.0
1730245915.3963492,4.0
1730245915.400633,4.0
1730245915.4053123,4.0
1730245915.4083593,4.0
1730245915.4111576,4.0
1730245915.4165988,4.0
1730245915.4204493,4.0
1730245915.424466,4.0
1730245915.4283628,4.0
1730245915.432758,4.0
1730245915.436155,4.0
1730245915.440617,4.0
1730245915.4441547,4.0
1730245915.448362,4.0
1730245915.4511924,4.0
1730245915.4564848,4.0
1730245915.4612913,4.0
1730245915.46548,4.0
1730245915.4692345,4.0
1730245915.4728594,4.0
1730245915.4752104,4.0
1730245915.4794624,4.0
1730245915.4834275,4.0
1730245915.4886973,4.0
1730245915.492257,4.0
1730245915.4964397,4.0
1730245915.499452,4.0
1730245915.50347,4.0
1730245915.507507,4.0
1730245915.511292,4.0
1730245915.5166943,4.0
1730245915.5208166,4.0
1730245915.5245662,4.0
1730245915.527347,4.0
1730245915.5316072,4.0
1730245915.5353873,4.0
1730245915.5395052,4.0
1730245915.5443845,4.0
1730245915.5489292,4.0
1730245915.552421,4.0
1730245915.5554912,4.0
1730245915.559578,4.0
1730245915.5634434,4.0
1730245915.5676208,4.0
1730245915.5724833,4.0
1730245915.5763876,4.0
1730245915.580619,4.0
1730245915.5834818,4.0
1730245915.5880313,4.0
1730245915.5915873,4.0
1730245915.5960824,4.0
1730245915.6006176,4.0
1730245915.604375,4.0
1730245915.607947,4.0
1730245915.611502,4.0
1730245915.615734,4.0
1730245915.6194916,4.0
1730245915.6234024,4.0
1730245915.6274295,4.0
1730245915.6324942,4.0
1730245915.6354344,4.0
1730245915.6396842,4.0
1730245915.6435208,4.0
1730245915.6476169,4.0
1730245915.6515088,4.0
1730245915.6556375,4.0
1730245915.6605382,4.0
1730245915.6636724,4.0
1730245915.6676133,4.0
1730245915.6716,4.0
1730245915.6755764,4.0
1730245915.6796544,4.0
1730245915.6839335,4.0
1730245915.6886363,4.0
1730245915.691736,4.0
1730245915.696193,4.0
1730245915.700153,4.0
1730245915.70378,4.0
1730245915.7081373,4.0
1730245915.711612,4.0
1730245915.716066,4.0
1730245915.7186887,4.0
1730245915.724037,4.0
1730245915.7276711,4.0
1730245915.7317765,4.0
1730245915.7355678,4.0
1730245915.7399385,4.0
1730245915.7436285,4.0
1730245915.7466376,4.0
1730245915.7516353,4.0
1730245915.7559605,4.0
1730245915.759624,4.0
1730245915.7643628,4.0
1730245915.7677166,4.0
1730245915.771262,4.0
1730245915.774914,4.0
1730245915.7789571,4.0
1730245915.7840843,4.0
1730245915.7880197,4.0
1730245915.791793,4.0
1730245915.7962008,4.0
1730245915.799062,4.0
1730245915.8026931,4.0
1730245915.8072753,4.0
1730245915.812008,4.0
1730245915.816169,4.0
1730245915.81971,4.0
1730245915.8244033,4.0
1730245915.826793,4.0
1730245915.831126,4.0
1730245915.8347745,4.0
1730245915.8390832,4.0
1730245915.8438375,4.0
1730245915.8481748,4.0
1730245915.8510768,4.0
1730245915.8550873,4.0
1730245915.8590994,4.0
1730245915.8628924,4.0
1730245915.8671813,4.0
1730245915.8719077,4.0
1730245915.8758552,4.0
1730245915.8794026,4.0
1730245915.883022,4.0
1730245915.8871992,4.0
1730245915.8913476,4.0
1730245915.8949888,4.0
1730245915.9000356,4.0
1730245915.90404,4.0
1730245915.907043,4.0
1730245915.910896,4.0
1730245915.915037,4.0
1730245915.918887,4.0
1730245915.9229276,4.0
1730245915.9279847,4.0
1730245915.9319975,4.0
1730245915.9348392,4.0
1730245915.9391108,4.0
1730245915.9429948,4.0
1730245915.9471028,4.0
1730245915.9510236,4.0
1730245915.956032,4.0
1730245915.9590678,4.0
1730245915.9621732,4.0
1730245915.967178,4.0
1730245915.971223,4.0
1730245915.975116,4.0
1730245915.979225,4.0
1730245915.9843388,4.0
1730245915.9876995,4.0
1730245915.9902773,4.0
1730245915.9952047,4.0
1730245915.9992027,4.0
1730245916.0030196,4.0
1730245916.007368,4.0
1730245916.0111527,4.0
1730245916.0152495,4.0
1730245916.0180976,4.0
1730245916.0232162,4.0
1730245916.027096,4.0
1730245916.0315557,4.0
1730245916.0351088,4.0
1730245916.0392704,4.0
1730245916.0430975,4.0
1730245916.046402,4.0
1730245916.051093,4.0
1730245916.0553112,4.0
1730245916.0592892,4.0
1730245916.063285,4.0
1730245916.0674057,4.0
1730245916.0713997,4.0
1730245916.074595,4.0
1730245916.0783234,4.0
1730245916.0832937,4.0
1730245916.0877838,4.0
1730245916.0915773,4.0
1730245916.094133,4.0
1730245916.098509,4.0
1730245916.1021276,4.0
1730245916.1063976,4.0
1730245916.11127,4.0
1730245916.1154652,4.0
1730245916.1191716,4.0
1730245916.1228142,4.0
1730245916.126176,4.0
1730245916.130488,4.0
1730245916.1343815,4.0
1730245916.1382873,4.0
1730245916.143166,4.0
1730245916.147554,4.0
1730245916.1505911,4.0
1730245916.1546886,4.0
1730245916.1584487,4.0
1730245916.162924,4.0
1730245916.1674204,4.0
1730245916.1716564,4.0
1730245916.175434,4.0
1730245916.1783056,4.0
1730245916.1827636,4.0
1730245916.1863472,4.0
1730245916.1906133,4.0
1730245916.1957867,4.0
1730245916.1997206,4.0
1730245916.2022529,4.0
1730245916.2064743,4.0
1730245916.210376,4.0
1730245916.214768,4.0
1730245916.2183757,4.0
1730245916.22275,4.0
1730245916.227358,4.0
1730245916.2306807,4.0
1730245916.2343476,4.0
1730245916.2386055,4.0
1730245916.2423894,4.0
1730245916.2466097,4.0
1730245916.2507005,4.0
1730245916.2555616,4.0
1730245916.2586596,4.0
1730245916.2616303,4.0
1730245916.2665982,4.0
1730245916.2706604,4.0
1730245916.27466,4.0
1730245916.2790215,4.0
1730245916.282592,4.0
1730245916.2866964,4.0
1730245916.289682,4.0
1730245916.294482,4.0
1730245916.2986307,4.0
1730245916.3024344,4.0
1730245916.306652,4.0
1730245916.3105173,4.0
1730245916.3135111,4.0
1730245916.3175528,4.0
1730245916.3226547,4.0
1730245916.3265228,4.0
1730245916.330812,4.0
1730245916.334514,4.0
1730245916.3380518,4.0
1730245916.341752,4.0
1730245916.34612,4.0
1730245916.3507376,4.0
1730245916.3550613,4.0
1730245916.358975,4.0
1730245916.3649375,4.0
1730245916.368678,4.0
1730245916.3717754,4.0
1730245916.3751433,4.0
1730245916.3790643,4.0
1730245916.3828423,4.0
1730245916.3872724,4.0
1730245916.390713,4.0
1730245916.3935945,4.0
1730245916.3979728,4.0
1730245916.4015918,4.0
1730245916.4071453,4.0
1730245916.4106066,4.0
1730245916.4148395,4.0
1730245916.4186912,4.0
1730245916.4217117,4.0
1730245916.425969,4.0
1730245916.429911,4.0
1730245916.4340613,4.0
1730245916.4391727,4.0
1730245916.4427028,4.0
1730245916.446009,4.0
1730245916.4501135,4.0
1730245916.4544237,4.0
1730245916.4579792,4.0
1730245916.4619586,4.0
1730245916.466014,4.0
1730245916.471015,4.0
1730245916.4745023,4.0
1730245916.4778123,4.0
1730245916.481848,4.0
1730245916.485772,4.0
1730245916.4902036,4.0
1730245916.494987,4.0
1730245916.4991772,4.0
1730245916.502766,4.0
1730245916.5061152,4.0
1730245916.5098684,4.0
1730245916.5145533,4.0
1730245916.5179827,4.0
1730245916.5222907,4.0
1730245916.5268242,4.0
1730245916.530265,4.0
1730245916.5348475,4.0
1730245916.5382648,4.0
1730245916.541992,4.0
1730245916.546327,4.0
1730245916.5501983,4.0
1730245916.55454,4.0
1730245916.5570903,4.0
1730245916.561989,4.0
1730245916.566033,4.0
1730245916.569935,4.0
1730245916.5741649,4.0
1730245916.5779412,4.0
1730245916.5825374,4.0
1730245916.5848813,4.0
1730245916.5904183,4.0
1730245916.593897,4.0
1730245916.598441,4.0
1730245916.6021812,4.0
1730245916.6062512,4.0
1730245916.6099887,4.0
1730245916.6131198,4.0
1730245916.6172595,4.0
1730245916.622258,4.0
1730245916.6259413,4.0
1730245916.630288,4.0
1730245916.634202,4.0
1730245916.6376867,4.0
1730245916.641255,4.0
1730245916.6461687,4.0
1730245916.6505315,4.0
1730245916.654632,4.0
1730245916.6584575,4.0
1730245916.6610153,4.0
1730245916.66524,4.0
1730245916.6690936,4.0
1730245916.6730168,4.0
1730245916.6781652,4.0
1730245916.682236,4.0
1730245916.686058,4.0
1730245916.6892033,4.0
1730245916.6930714,4.0
1730245916.6971805,4.0
1730245916.7010849,4.0
1730245916.7062857,4.0
1730245916.7100751,4.0
1730245916.714353,4.0
1730245916.7173305,4.0
1730245916.72132,4.0
1730245916.7253225,4.0
1730245916.7294736,4.0
1730245916.7332008,4.0
1730245916.7383869,4.0
1730245916.7423584,4.0
1730245916.745455,4.0
1730245916.750411,4.0
1730245916.7546928,4.0
1730245916.7574403,4.0
1730245916.7621348,4.0
1730245916.7665892,4.0
1730245916.7707393,4.0
1730245916.7731788,4.0
1730245916.7805984,4.0
1730245916.7834067,4.0
1730245916.7864656,4.0
1730245916.789457,4.0
1730245916.7942631,4.0
1730245916.797399,4.0
1730245916.8012416,4.0
1730245916.8054092,4.0
1730245916.8092337,4.0
1730245916.813404,4.0
1730245916.8173747,4.0
1730245916.8214936,4.0
1730245916.825503,4.0
1730245916.829456,4.0
1730245916.833274,4.0
1730245916.8373332,4.0
1730245916.841349,4.0
1730245916.8454556,4.0
1730245916.8504653,4.0
1730245916.8534477,4.0
1730245916.8564427,4.0
1730245916.8613803,4.0
1730245916.86544,4.0
1730245916.8693311,4.0
1730245916.8734756,4.0
1730245916.8773344,4.0
1730245916.88144,4.0
1730245916.8854396,4.0
1730245916.8895493,4.0
1730245916.8933244,4.0
1730245916.8973105,4.0
1730245916.9013624,4.0
1730245916.9045413,4.0
1730245916.9084885,4.0
1730245916.912538,4.0
1730245916.9173536,4.0
1730245916.9215124,4.0
1730245916.925403,4.0
1730245916.9295228,4.0
1730245916.9325323,4.0
1730245916.9363797,4.0
1730245916.9403405,4.0
1730245916.945443,4.0
1730245916.9495246,4.0
1730245916.953545,4.0
1730245916.957513,4.0
1730245916.9604852,4.0
1730245916.9645596,4.0
1730245916.9685633,4.0
1730245916.9725745,4.0
1730245916.9777646,4.0
1730245916.9814916,4.0
1730245916.9856048,4.0
1730245916.988591,4.0
1730245916.9924092,4.0
1730245916.996673,4.0
1730245917.000761,4.0
1730245917.005753,4.0
1730245917.0094936,4.0
1730245917.0126927,4.0
1730245917.0166707,4.0
1730245917.0206697,4.0
1730245917.024622,4.0
1730245917.0286615,4.0
1730245917.0334592,4.0
1730245917.0376165,4.0
1730245917.04058,4.0
1730245917.044587,4.0
1730245917.048672,4.0
1730245917.052643,4.0
1730245917.0566435,4.0
1730245917.0605671,4.0
1730245917.0657432,4.0
1730245917.0685875,4.0
1730245917.0727494,4.0
1730245917.0766058,4.0
1730245917.0808804,4.0
1730245917.0846264,4.0
1730245917.088869,4.0
1730245917.0937903,4.0
1730245917.0967565,4.0
1730245917.10069,4.0
1730245917.1048012,4.0
1730245917.1087728,4.0
1730245917.1128297,4.0
1730245917.116815,4.0
1730245917.1218493,4.0
1730245917.1248388,4.0
1730245917.127846,4.0
1730245917.132857,4.0
1730245917.1368515,4.0
1730245917.1408577,4.0
1730245917.1448824,4.0
1730245917.148892,4.0
1730245917.151776,4.0
1730245917.1569366,4.0
1730245917.1609511,4.0
1730245917.164924,4.0
1730245917.1689746,4.0
1730245917.1729443,4.0
1730245917.1757855,4.0
1730245917.1799967,4.0
1730245917.1838143,4.0
1730245917.188939,4.0
1730245917.1928408,4.0
1730245917.1969657,4.0
1730245917.20078,4.0
1730245917.2049284,4.0
1730245917.207792,4.0
1730245917.211966,4.0
1730245917.215988,4.0
1730245917.221024,4.0
1730245917.2250187,4.0
1730245917.2290547,4.0
1730245917.232044,4.0
1730245917.2360363,4.0
1730245917.2400374,4.0
1730245917.2451692,4.0
1730245917.2491443,4.0
1730245917.2530987,4.0
1730245917.256909,4.0
1730245917.2599208,4.0
1730245917.2641275,4.0
1730245917.2679317,4.0
1730245917.2720728,4.0
1730245917.2769723,4.0
1730245917.2810435,4.0
1730245917.283929,4.0
1730245917.2880197,4.0
1730245917.292118,4.0
1730245917.2961109,4.0
1730245917.3001273,4.0
1730245917.3050213,4.0
1730245917.308943,4.0
1730245917.3132143,4.0
1730245917.3161323,4.0
1730245917.3201764,4.0
1730245917.325962,4.0
1730245917.3291605,4.0
1730245917.333358,4.0
1730245917.337211,4.0
1730245917.3401923,4.0
1730245917.3441567,4.0
1730245917.3481972,4.0
1730245917.3521993,4.0
1730245917.3562334,4.0
1730245917.3612404,4.0
1730245917.3652337,4.0
1730245917.368066,4.0
1730245917.3722155,4.0
1730245917.376104,4.0
1730245917.380227,4.0
1730245917.384086,4.0
1730245917.3883047,4.0
1730245917.3921444,4.0
1730245917.395154,4.0
1730245917.4002764,4.0
1730245917.4043992,4.0
1730245917.4083917,4.0
1730245917.4122868,4.0
1730245917.416304,4.0
1730245917.4203222,4.0
1730245917.4243257,4.0
1730245917.4283967,4.0
1730245917.432318,4.0
1730245917.4362895,4.0
1730245917.440349,4.0
1730245917.44426,4.0
1730245917.4483666,4.0
1730245917.4513247,4.0
1730245917.4564233,4.0
1730245917.460311,4.0
1730245917.4643688,4.0
1730245917.4682672,4.0
1730245917.472314,4.0
1730245917.4752288,4.0
1730245917.479375,4.0
1730245917.483392,4.0
1730245917.488423,4.0
1730245917.4923437,4.0
1730245917.496297,4.0
1730245917.499424,4.0
1730245917.5034592,4.0
1730245917.5073469,4.0
1730245917.512463,4.0
1730245917.5164816,4.0
1730245917.520472,4.0
1730245917.524562,4.0
1730245917.5274622,4.0
1730245917.531462,4.0
1730245917.5355976,4.0
1730245917.5394282,4.0
1730245917.544644,4.0
1730245917.5485976,4.0
1730245917.5526505,4.0
1730245917.5557482,4.0
1730245917.5593765,4.0
1730245917.563465,4.0
1730245917.5674388,4.0
1730245917.5715635,4.0
1730245917.5765345,4.0
1730245917.580597,4.0
1730245917.5835936,4.0
1730245917.5875852,4.0
1730245917.591475,4.0
1730245917.595594,4.0
1730245917.6003988,4.0
1730245917.604534,4.0
1730245917.6075764,4.0
1730245917.6117108,4.0
1730245917.6156292,4.0
1730245917.6196256,4.0
1730245917.6236825,4.0
1730245917.6286323,4.0
1730245917.6327212,4.0
1730245917.6357265,4.0
1730245917.639599,4.0
1730245917.6435692,4.0
1730245917.6475651,4.0
1730245917.651589,4.0
1730245917.655715,4.0
1730245917.6595032,4.0
1730245917.6636472,4.0
1730245917.6675384,4.0
1730245917.671694,4.0
1730245917.6754966,4.0
1730245917.679692,4.0
1730245917.683915,4.0
1730245917.688738,4.0
1730245917.691738,4.0
1730245917.694733,4.0
1730245917.6997695,4.0
1730245917.7037408,4.0
1730245917.7077494,4.0
1730245917.7117574,4.0
1730245917.7157989,4.0
1730245917.7197795,4.0
1730245917.7227623,4.0
1730245917.7278,4.0
1730245917.731802,4.0
1730245917.735804,4.0
1730245917.73982,4.0
1730245917.7427917,4.0
1730245917.7468424,4.0
1730245917.7508054,4.0
1730245917.7557008,4.0
1730245917.759724,4.0
1730245917.7638736,4.0
1730245917.7677836,4.0
1730245917.770893,4.0
1730245917.7748857,4.0
1730245917.7789958,4.0
1730245917.7828012,4.0
1730245917.7879024,4.0
1730245917.791948,4.0
1730245917.7959611,4.0
1730245917.7988703,4.0
1730245917.8029385,4.0
1730245917.806949,4.0
1730245917.8108437,4.0
1730245917.8159745,4.0
1730245917.8199728,4.0
1730245917.8240228,4.0
1730245917.8268075,4.0
1730245917.8309228,4.0
1730245917.8348703,4.0
1730245917.8389475,4.0
1730245917.843864,4.0
1730245917.847983,4.0
1730245917.8508563,4.0
1730245917.8548934,4.0
1730245917.858848,4.0
1730245917.862996,4.0
1730245917.8669455,4.0
1730245917.8720844,4.0
1730245917.8758955,4.0
1730245917.879089,4.0
1730245917.882959,4.0
1730245917.8870869,4.0
1730245917.8910997,4.0
1730245917.8950684,4.0
1730245917.9000516,4.0
1730245917.904163,4.0
1730245917.9070425,4.0
1730245917.9110131,4.0
1730245917.915011,4.0
1730245917.919016,4.0
1730245917.9230604,4.0
1730245917.9270537,4.0
1730245917.9321015,4.0
1730245917.93502,4.0
1730245917.939089,4.0
1730245917.9429986,4.0
1730245917.947068,4.0
1730245917.9510112,4.0
1730245917.9550755,4.0
1730245917.9600997,4.0
1730245917.9630988,4.0
1730245917.9670737,4.0
1730245917.97126,4.0
1730245917.9751866,4.0
1730245917.9793632,4.0
1730245917.98428,4.0
1730245917.987301,4.0
1730245917.9902935,4.0
1730245917.99525,4.0
1730245917.9992511,4.0
1730245918.0032833,4.0
1730245918.0073357,4.0
1730245918.0123224,4.0
1730245918.0153017,4.0
1730245918.0181549,4.0
1730245918.0233514,4.0
1730245918.027278,4.0
1730245918.0313988,4.0
1730245918.0352309,4.0
1730245918.0393865,4.0
1730245918.043208,4.0
1730245918.046357,4.0
1730245918.0503235,4.0
1730245918.055346,4.0
1730245918.059245,4.0
1730245918.063216,4.0
1730245923.0726137,4.0
1730245923.0777435,4.0
1730245923.0817416,4.0
1730245923.085816,4.0
1730245923.0893135,4.0
1730245923.0934873,4.0
1730245923.0974145,4.0
1730245923.1001935,4.0
1730245923.1052997,4.0
1730245923.1092243,4.0
1730245923.1136875,4.0
1730245923.11721,4.0
1730245923.1214025,4.0
1730245923.1252563,4.0
1730245923.1293004,4.0
1730245923.1342647,4.0
1730245923.138441,4.0
1730245923.14228,4.0
1730245923.145638,4.0
1730245923.1493263,4.0
1730245923.153505,4.0
1730245923.1567068,4.0
1730245923.161652,4.0
1730245923.1655731,4.0
1730245923.1693947,4.0
1730245923.1737382,4.0
1730245923.1765616,4.0
1730245923.1805289,4.0
1730245923.1844797,4.0
1730245923.1893651,4.0
1730245923.1934855,4.0
1730245923.1977725,4.0
1730245923.2014503,4.0
1730245923.2049668,4.0
1730245923.2084813,4.0
1730245923.2126627,4.0
1730245923.217353,4.0
1730245923.2216704,4.0
1730245923.2255363,4.0
1730245923.2306273,4.0
1730245923.2345023,4.0
1730245923.2376454,4.0
1730245923.240527,4.0
1730245923.2445931,4.0
1730245923.249496,4.0
1730245923.2536309,4.0
1730245923.2574174,4.0
1730245923.2607348,4.0
1730245923.2646391,4.0
1730245923.2685578,4.0
1730245923.2727504,4.0
1730245923.2776308,4.0
1730245923.2821398,4.0
1730245923.2846515,4.0
1730245923.2889717,4.0
1730245923.2926912,4.0
1730245923.2969043,4.0
1730245923.3005865,4.0
1730245923.3050756,4.0
1730245923.309641,4.0
1730245923.3130302,4.0
1730245923.3166149,4.0
1730245923.3210647,4.0
1730245923.3246148,4.0
1730245923.3286965,4.0
1730245923.3326068,4.0
1730245923.338062,4.0
1730245923.3405695,4.0
1730245923.3449523,4.0
1730245923.3487573,4.0
1730245923.3532343,4.0
1730245923.356934,4.0
1730245923.3608675,4.0
1730245923.365592,4.0
1730245923.368709,4.0
1730245923.3731775,4.0
1730245923.3767667,4.0
1730245923.3807178,4.0
1730245923.3853428,4.0
1730245923.3888447,4.0
1730245923.3926764,4.0
1730245923.396153,4.0
1730245923.3997252,4.0
1730245923.4050536,4.0
1730245923.4086578,4.0
1730245923.4128027,4.0
1730245923.4167418,4.0
1730245923.4210668,4.0
1730245923.4238417,4.0
1730245923.4287765,4.0
1730245923.4327269,4.0
1730245923.4371953,4.0
1730245923.440693,4.0
1730245923.4447672,4.0
1730245923.4497564,4.0
1730245923.4528935,4.0
1730245923.456287,4.0
1730245923.4609382,4.0
1730245923.4652245,4.0
1730245923.4689355,4.0
1730245923.4733436,4.0
1730245923.4767768,4.0
1730245923.479803,4.0
1730245923.4838765,4.0
1730245923.4888756,4.0
1730245923.4928515,4.0
1730245923.49719,4.0
1730245923.500808,4.0
1730245923.50544,4.0
1730245923.507862,4.0
1730245923.512039,4.0
1730245923.516836,4.0
1730245923.5211585,4.0
1730245923.5248568,4.0
1730245923.528963,4.0
1730245923.5328157,4.0
1730245923.5362651,4.0
1730245923.53981,4.0
1730245923.54527,4.0
1730245923.5489132,4.0
1730245923.5528765,4.0
1730245923.5563536,4.0
1730245923.560052,4.0
1730245923.564058,4.0
1730245923.5679889,4.0
1730245923.5732975,4.0
1730245923.5773664,4.0
1730245923.5810597,4.0
1730245923.584036,4.0
1730245923.5880768,4.0
1730245923.5921187,4.0
1730245923.5963497,4.0
1730245923.5999184,4.0
1730245923.605297,4.0
1730245923.608934,4.0
1730245923.6122289,4.0
1730245923.6160307,4.0
1730245923.6199896,4.0
1730245923.6239915,4.0
1730245923.628209,4.0
1730245923.633148,4.0
1730245923.6361375,4.0
1730245923.6401072,4.0
1730245923.6441453,4.0
1730245923.6481528,4.0
1730245923.6526108,4.0
1730245923.6563373,4.0
1730245923.6615307,4.0
1730245923.6646252,4.0
1730245923.6683035,4.0
1730245923.6725893,4.0
1730245923.6761155,4.0
1730245923.680128,4.0
1730245923.6840515,4.0
1730245923.6893988,4.0
1730245923.692518,4.0
1730245923.695104,4.0
1730245923.700071,4.0
1730245923.7042544,4.0
1730245923.7081845,4.0
1730245923.712352,4.0
1730245923.7161736,4.0
1730245923.7202938,4.0
1730245923.7235591,4.0
1730245923.7284808,4.0
1730245923.732123,4.0
1730245923.736187,4.0
1730245923.740301,4.0
1730245923.744317,4.0
1730245923.7472973,4.0
1730245923.751374,4.0
1730245923.7566936,4.0
1730245923.7602277,4.0
1730245923.7647133,4.0
1730245923.7684736,4.0
1730245923.7723784,4.0
1730245923.7764463,4.0
1730245923.7792692,4.0
1730245923.784376,4.0
1730245923.7883391,4.0
1730245923.7922454,4.0
1730245923.7966976,4.0
1730245923.8002572,4.0
1730245923.8034985,4.0
1730245923.8072295,4.0
1730245923.8114486,4.0
1730245923.8163028,4.0
1730245923.820306,4.0
1730245923.824319,4.0
1730245923.8275187,4.0
1730245923.831803,4.0
1730245923.8357763,4.0
1730245923.8397992,4.0
1730245923.8447068,4.0
1730245923.8486085,4.0
1730245923.8524945,4.0
1730245923.8555973,4.0
1730245923.8593223,4.0
1730245923.863566,4.0
1730245923.8673785,4.0
1730245923.8726156,4.0
1730245923.876464,4.0
1730245923.8793983,4.0
1730245923.8833833,4.0
1730245923.8874714,4.0
1730245923.891338,4.0
1730245923.8954663,4.0
1730245923.9004755,4.0
1730245923.904672,4.0
1730245923.9073863,4.0
1730245923.9116018,4.0
1730245923.9153912,4.0
1730245923.919532,4.0
1730245923.9235451,4.0
1730245923.9286172,4.0
1730245923.9324331,4.0
1730245923.9354017,4.0
1730245923.93968,4.0
1730245923.9441364,4.0
1730245923.947923,4.0
1730245923.9516385,4.0
1730245923.9555707,4.0
1730245923.9605188,4.0
1730245923.9635434,4.0
1730245923.967576,4.0
1730245923.971546,4.0
1730245923.975554,4.0
1730245923.9795318,4.0
1730245923.984696,4.0
1730245923.9876325,4.0
1730245923.9904375,4.0
1730245923.9956625,4.0
1730245923.999452,4.0
1730245924.004192,4.0
1730245924.0075445,4.0
1730245924.012969,4.0
1730245924.0155113,4.0
1730245924.0187073,4.0
1730245924.0228815,4.0
1730245924.0278363,4.0
1730245924.0317576,4.0
1730245924.0357776,4.0
1730245924.0398188,4.0
1730245924.0440388,4.0
1730245924.0469167,4.0
1730245924.0506608,4.0
1730245924.0560973,4.0
1730245924.0597732,4.0
1730245924.0641143,4.0
1730245924.067785,4.0
1730245924.0719533,4.0
1730245924.0746524,4.0
1730245924.0788064,4.0
1730245924.0836232,4.0
1730245924.0881004,4.0
1730245924.0916154,4.0
1730245924.0949836,4.0
1730245924.0986571,4.0
1730245924.1027193,4.0
1730245924.1069136,4.0
1730245924.1119633,4.0
1730245924.1156943,4.0
1730245924.1198857,4.0
1730245924.1229255,4.0
1730245924.1273725,4.0
1730245924.1313815,4.0
1730245924.134996,4.0
1730245924.139911,4.0
1730245924.1440125,4.0
1730245924.1479857,4.0
1730245924.1507747,4.0
1730245924.1550572,4.0
1730245924.158788,4.0
1730245924.163016,4.0
1730245924.1668177,4.0
1730245924.1719732,4.0
1730245924.175917,4.0
1730245924.1788433,4.0
1730245924.1827953,4.0
1730245924.1871495,4.0
1730245924.1907933,4.0
1730245924.1950698,4.0
1730245924.198861,4.0
1730245924.204091,4.0
1730245924.2069905,4.0
1730245924.2114155,4.0
1730245924.215156,4.0
1730245924.2190073,4.0
1730245924.223389,4.0
1730245924.228284,4.0
1730245924.2310264,4.0
1730245924.233988,4.0
1730245924.239478,4.0
1730245924.2431512,4.0
1730245924.2470863,4.0
1730245924.2509377,4.0
1730245924.2552316,4.0
1730245924.2589004,4.0
1730245924.2629864,4.0
1730245924.266943,4.0
1730245924.2721505,4.0
1730245924.2750013,4.0
1730245924.27887,4.0
1730245924.283034,4.0
1730245924.2871764,4.0
1730245924.2909863,4.0
1730245924.295093,4.0
1730245924.2989187,4.0
1730245924.302311,4.0
1730245924.3064723,4.0
1730245924.311227,4.0
1730245924.3153284,4.0
1730245924.3193152,4.0
1730245924.3232942,4.0
1730245924.3276267,4.0
1730245924.3301177,4.0
1730245924.3354883,4.0
1730245924.339193,4.0
1730245924.343721,4.0
1730245924.3473191,4.0
1730245924.3511653,4.0
1730245924.35555,4.0
1730245924.3580456,4.0
1730245924.3623102,4.0
1730245924.3673253,4.0
1730245924.371634,4.0
1730245924.3750863,4.0
1730245924.3796468,4.0
1730245924.3831656,4.0
1730245924.3862965,4.0
1730245924.3901324,4.0
1730245924.3953323,4.0
1730245924.399161,4.0
1730245924.4033585,4.0
1730245924.4068224,4.0
1730245924.4101443,4.0
1730245924.4143903,4.0
1730245924.4188013,4.0
1730245924.4232476,4.0
1730245924.427338,4.0
1730245924.4317029,4.0
1730245924.4341831,4.0
1730245924.438316,4.0
1730245924.4422398,4.0
1730245924.44633,4.0
1730245924.4513547,4.0
1730245924.455464,4.0
1730245924.459348,4.0
1730245924.4623845,4.0
1730245924.4662657,4.0
1730245924.4703293,4.0
1730245924.4742413,4.0
1730245924.478609,4.0
1730245924.4831944,4.0
1730245924.4873435,4.0
1730245924.49018,4.0
1730245924.4944403,4.0
1730245924.498416,4.0
1730245924.5025384,4.0
1730245924.5065377,4.0
1730245924.5114934,4.0
1730245924.514562,4.0
1730245924.5187335,4.0
1730245924.5225067,4.0
1730245924.5264847,4.0
1730245924.5303867,4.0
1730245924.5345087,4.0
1730245924.53977,4.0
1730245924.542308,4.0
1730245924.5466356,4.0
1730245924.5504508,4.0
1730245924.554669,4.0
1730245924.558316,4.0
1730245924.5625749,4.0
1730245924.566393,4.0
1730245924.570315,4.0
1730245924.5735884,4.0
1730245924.578711,4.0
1730245924.5823429,4.0
1730245924.5870576,4.0
1730245924.590338,4.0
1730245924.5946274,4.0
1730245924.5984087,4.0
1730245924.6020854,4.0
1730245924.6064963,4.0
1730245924.6105907,4.0
1730245924.6144814,4.0
1730245924.6184144,4.0
1730245924.6244962,4.0
1730245924.6276493,4.0
1730245924.630483,4.0
1730245924.6346505,4.0
1730245924.6385667,4.0
1730245924.6426454,4.0
1730245924.6465847,4.0
1730245924.6505463,4.0
1730245924.6546035,4.0
1730245924.6574852,4.0
1730245924.6627483,4.0
1730245924.6666515,4.0
1730245924.6705418,4.0
1730245924.6745472,4.0
1730245924.6779213,4.0
1730245924.68165,4.0
1730245924.6857307,4.0
1730245924.689718,4.0
1730245924.6946898,4.0
1730245924.6985524,4.0
1730245924.7027807,4.0
1730245924.7060628,4.0
1730245924.7097166,4.0
1730245924.713595,4.0
1730245924.7186873,4.0
1730245924.723097,4.0
1730245924.727106,4.0
1730245924.7312508,4.0
1730245924.733736,4.0
1730245924.7377744,4.0
1730245924.7416298,4.0
1730245924.7461376,4.0
1730245924.7507043,4.0
1730245924.7559185,4.0
1730245924.758769,4.0
1730245924.7628806,4.0
1730245924.7656376,4.0
1730245924.7697537,4.0
1730245924.7736275,4.0
1730245924.7787647,4.0
1730245924.7827132,4.0
1730245924.785885,4.0
1730245924.7897837,4.0
1730245924.7942877,4.0
1730245924.798174,4.0
1730245924.802122,4.0
1730245924.8067608,4.0
1730245924.8111448,4.0
1730245924.8142772,4.0
1730245924.8183787,4.0
1730245924.8219328,4.0
1730245924.8259013,4.0
1730245924.8298929,4.0
1730245924.83378,4.0
1730245924.8388538,4.0
1730245924.8417428,4.0
1730245924.8462985,4.0
1730245924.8497243,4.0
1730245924.853984,4.0
1730245924.857849,4.0
1730245924.8620453,4.0
1730245924.867011,4.0
1730245924.8699665,4.0
1730245924.8738909,4.0
1730245924.8780482,4.0
1730245924.8818552,4.0
1730245924.8860507,4.0
1730245924.8900588,4.0
1730245924.8940735,4.0
1730245924.897381,4.0
1730245924.902337,4.0
1730245924.9060097,4.0
1730245924.91003,4.0
1730245924.914029,4.0
1730245924.9180176,4.0
1730245924.9220104,4.0
1730245924.9248705,4.0
1730245924.9292228,4.0
1730245924.9340432,4.0
1730245924.9380455,4.0
1730245924.9418883,4.0
1730245924.9480827,4.0
1730245924.951217,4.0
1730245924.9544854,4.0
1730245924.957989,4.0
1730245924.9621265,4.0
1730245924.9659154,4.0
1730245924.9699955,4.0
1730245924.973977,4.0
1730245924.9781013,4.0
1730245924.981063,4.0
1730245924.9851575,4.0
1730245924.9909432,4.0
1730245924.994101,4.0
1730245924.998138,4.0
1730245925.0011225,4.0
1730245925.00512,4.0
1730245925.0091274,4.0
1730245925.013131,4.0
1730245925.017115,4.0
1730245925.022138,4.0
1730245925.0261614,4.0
1730245925.0290887,4.0
1730245925.0330071,4.0
1730245925.0371804,4.0
1730245925.0411186,4.0
1730245925.0455625,4.0
1730245925.050063,4.0
1730245925.0542445,4.0
1730245925.057052,4.0
1730245925.0616744,4.0
1730245925.0650623,4.0
1730245925.0694847,4.0
1730245925.073369,4.0
1730245925.078477,4.0
1730245925.0821111,4.0
1730245925.0853477,4.0
1730245925.089822,4.0
1730245925.0938325,4.0
1730245925.0975947,4.0
1730245925.1012237,4.0
1730245925.1063912,4.0
1730245925.109265,4.0
1730245925.1133647,4.0
1730245925.1172075,4.0
1730245925.1214485,4.0
1730245925.1253512,4.0
1730245925.1296923,4.0
1730245925.1344576,4.0
1730245925.1377127,4.0
1730245925.1401727,4.0
1730245925.1452408,4.0
1730245925.149252,4.0
1730245925.1536283,4.0
1730245925.157224,4.0
1730245925.1624076,4.0
1730245925.165262,4.0
1730245925.16879,4.0
1730245925.1734152,4.0
1730245925.1775916,4.0
1730245925.181511,4.0
1730245925.1856236,4.0
1730245925.1896515,4.0
1730245925.1937623,4.0
1730245925.196545,4.0
1730245925.2015946,4.0
1730245925.2057266,4.0
1730245925.2093816,4.0
1730245925.2136104,4.0
1730245925.2176366,4.0
1730245925.221464,4.0
1730245925.2243788,4.0
1730245925.2285256,4.0
1730245925.2333624,4.0
1730245925.2376351,4.0
1730245925.2414277,4.0
1730245925.2455025,4.0
1730245925.2503784,4.0
1730245925.2536235,4.0
1730245925.2573912,4.0
1730245925.2615087,4.0
1730245925.265442,4.0
1730245925.2695796,4.0
1730245925.2726853,4.0
1730245925.2767856,4.0
1730245925.2804327,4.0
1730245925.2846725,4.0
1730245925.28979,4.0
1730245925.2940617,4.0
1730245925.298058,4.0
1730245925.3005164,4.0
1730245925.3050504,4.0
1730245925.3085296,4.0
1730245925.3126004,4.0
1730245925.3174934,4.0
1730245925.3217986,4.0
1730245925.3254333,4.0
1730245925.328765,4.0
1730245925.332565,4.0
1730245925.3365943,4.0
1730245925.3404667,4.0
1730245925.344905,4.0
1730245925.349519,4.0
1730245925.3527105,4.0
1730245925.356697,4.0
1730245925.3607492,4.0
1730245925.364496,4.0
1730245925.368665,4.0
1730245925.3729925,4.0
1730245925.3777514,4.0
1730245925.3805535,4.0
1730245925.3852327,4.0
1730245925.388626,4.0
1730245925.3932643,4.0
1730245925.3965216,4.0
1730245925.4007597,4.0
1730245925.406001,4.0
1730245925.40868,4.0
1730245925.4127476,4.0
1730245925.4167752,4.0
1730245925.4210377,4.0
1730245925.4246144,4.0
1730245925.4286911,4.0
1730245925.433712,4.0
1730245925.437009,4.0
1730245925.4407172,4.0
1730245925.444696,4.0
1730245925.4486742,4.0
1730245925.4528348,4.0
1730245925.4566555,4.0
1730245925.4620156,4.0
1730245925.464998,4.0
1730245925.4688144,4.0
1730245925.4730036,4.0
1730245925.4769075,4.0
1730245925.480869,4.0
1730245925.4852233,4.0
1730245925.4880111,4.0
1730245925.4917033,4.0
1730245925.4972005,4.0
1730245925.5010743,4.0
1730245925.5050204,4.0
1730245925.5088687,4.0
1730245925.512904,4.0
1730245925.5157993,4.0
1730245925.5199437,4.0
1730245925.523795,4.0
1730245925.529533,4.0
1730245925.5328708,4.0
1730245925.5370607,4.0
1730245925.5409071,4.0
1730245925.544098,4.0
1730245925.5481253,4.0
1730245925.5521169,4.0
1730245925.5568812,4.0
1730245925.5610812,4.0
1730245925.5648832,4.0
1730245925.5690804,4.0
1730245925.5719776,4.0
1730245925.5759964,4.0
1730245925.579949,4.0
1730245925.5853302,4.0
1730245925.58907,4.0
1730245925.593577,4.0
1730245925.597304,4.0
1730245925.599899,4.0
1730245925.604006,4.0
1730245925.6079,4.0
1730245925.6130512,4.0
1730245925.6170404,4.0
1730245925.6211925,4.0
1730245925.6239028,4.0
1730245925.628478,4.0
1730245925.6319523,4.0
1730245925.6359754,4.0
1730245925.63988,4.0
1730245925.6453123,4.0
1730245925.6491067,4.0
1730245925.651916,4.0
1730245925.6562154,4.0
1730245925.6600056,4.0
1730245925.664334,4.0
1730245925.668036,4.0
1730245925.673264,4.0
1730245925.6777143,4.0
1730245925.6800227,4.0
1730245925.68472,4.0
1730245925.6885655,4.0
1730245925.6921675,4.0
1730245925.6964922,4.0
1730245925.7017298,4.0
1730245925.7055128,4.0
1730245925.7080505,4.0
1730245925.7123282,4.0
1730245925.716148,4.0
1730245925.7202115,4.0
1730245925.7241795,4.0
1730245925.7297082,4.0
1730245925.732165,4.0
1730245925.7356615,4.0
1730245925.74009,4.0
1730245925.7443638,4.0
1730245925.748113,4.0
1730245925.752293,4.0
1730245925.7564957,4.0
1730245925.760154,4.0
1730245925.763522,4.0
1730245925.768538,4.0
1730245925.7727263,4.0
1730245925.7767856,4.0
1730245925.7803335,4.0
1730245925.784435,4.0
1730245925.7887847,4.0
1730245925.7911887,4.0
1730245925.79566,4.0
1730245925.8002813,4.0
1730245925.8048012,4.0
1730245925.8082788,4.0
1730245925.8124516,4.0
1730245925.81635,4.0
1730245925.819321,4.0
1730245925.8232312,4.0
1730245925.828452,4.0
1730245925.832286,4.0
1730245925.8367736,4.0
1730245925.840256,4.0
1730245925.8436823,4.0
1730245925.8476825,4.0
1730245925.851365,4.0
1730245925.8563836,4.0
1730245925.8603816,4.0
1730245925.86455,4.0
1730245925.8674188,4.0
1730245925.872011,4.0
1730245925.8753734,4.0
1730245925.8794312,4.0
1730245925.8846145,4.0
1730245925.8884327,4.0
1730245925.892497,4.0
1730245925.895626,4.0
1730245925.899316,4.0
1730245925.9036543,4.0
1730245925.9074235,4.0
1730245925.912665,4.0
1730245925.916365,4.0
1730245925.9205308,4.0
1730245925.9233902,4.0
1730245925.9276316,4.0
1730245925.9313872,4.0
1730245925.9355776,4.0
1730245925.93954,4.0
1730245925.9445724,4.0
1730245925.9476016,4.0
1730245925.9515927,4.0
1730245925.955577,4.0
1730245925.9599304,4.0
1730245925.9639878,4.0
1730245925.9681697,4.0
1730245925.9726512,4.0
1730245925.9756691,4.0
1730245925.9795454,4.0
1730245925.983621,4.0
1730245925.9876556,4.0
1730245925.9936433,4.0
1730245925.9966974,4.0
1730245926.000585,4.0
1730245926.0035627,4.0
1730245926.0075696,4.0
1730245926.0115156,4.0
1730245926.0155466,4.0
1730245926.0196,4.0
1730245926.0235493,4.0
1730245926.0286317,4.0
1730245926.0315635,4.0
1730245926.034708,4.0
1730245926.0396004,4.0
1730245926.0436432,4.0
1730245926.0477953,4.0
1730245926.052082,4.0
1730245926.0565624,4.0
1730245926.0597796,4.0
1730245926.063124,4.0
1730245926.0683231,4.0
1730245926.0721776,4.0
1730245926.0759013,4.0
1730245926.0798185,4.0
1730245926.0826497,4.0
1730245926.0869443,4.0
1730245926.090634,4.0
1730245926.0961852,4.0
1730245926.0996797,4.0
1730245926.1042612,4.0
1730245926.1076665,4.0
1730245926.1114075,4.0
1730245926.1147273,4.0
1730245926.1188598,4.0
1730245926.1237328,4.0
1730245926.1280077,4.0
1730245926.1317265,4.0
1730245926.1362207,4.0
1730245926.1387143,4.0
1730245926.143312,4.0
1730245926.1473072,4.0
1730245926.15146,4.0
1730245926.1558871,4.0
1730245926.1599088,4.0
1730245926.1642704,4.0
1730245926.1669955,4.0
1730245926.1710572,4.0
1730245926.174902,4.0
1730245926.1789217,4.0
1730245926.1829035,4.0
1730245926.1883922,4.0
1730245926.1908836,4.0
1730245926.1953497,4.0
1730245926.1989272,4.0
1730245926.2031431,4.0
1730245926.206886,4.0
1730245926.2115486,4.0
1730245926.2159605,4.0
1730245926.2190104,4.0
1730245926.2230303,4.0
1730245926.227043,4.0
1730245926.2311776,4.0
1730245926.235243,4.0
1730245926.2390292,4.0
1730245926.2443137,4.0
1730245926.2474177,4.0
1730245926.2515004,4.0
1730245926.2553852,4.0
1730245926.2590396,4.0
1730245926.2632513,4.0
1730245926.268559,4.0
1730245926.272257,4.0
1730245926.2750776,4.0
1730245926.2794328,4.0
1730245926.2829466,4.0
1730245926.2875423,4.0
1730245926.2909644,4.0
1730245926.2952204,4.0
1730245926.2999392,4.0
1730245926.3034277,4.0
1730245926.3070383,4.0
1730245926.3112292,4.0
1730245926.3149514,4.0
1730245926.319218,4.0
1730245926.3229997,4.0
1730245926.3283796,4.0
1730245926.3313124,4.0
1730245926.3354163,4.0
1730245926.3394177,4.0
1730245926.343596,4.0
1730245926.3474452,4.0
1730245926.3522477,4.0
1730245926.355589,4.0
1730245926.3581777,4.0
1730245926.3636036,4.0
1730245926.367303,4.0
1730245926.371627,4.0
1730245926.3751929,4.0
1730245926.379736,4.0
1730245926.3831038,4.0
1730245926.3866289,4.0
1730245926.390098,4.0
1730245926.3956826,4.0
1730245926.3992307,4.0
1730245926.4045532,4.0
1730245926.4072216,4.0
1730245926.4117565,4.0
1730245926.4151466,4.0
1730245926.4196675,4.0
1730245926.4223714,4.0
1730245926.4268117,4.0
1730245926.4303265,4.0
1730245926.4356372,4.0
1730245926.4392383,4.0
1730245926.443626,4.0
1730245926.4476705,4.0
1730245926.450334,4.0
1730245926.4546273,4.0
1730245926.458256,4.0
1730245926.4624553,4.0
1730245926.4674845,4.0
1730245926.4718027,4.0
1730245926.4753356,4.0
1730245926.478515,4.0
1730245926.4823031,4.0
1730245926.4866564,4.0
1730245926.49026,4.0
1730245926.4956572,4.0
1730245926.499256,4.0
1730245926.5026572,4.0
1730245926.5062573,4.0
1730245926.510336,4.0
1730245926.514531,4.0
1730245926.5186584,4.0
1730245926.5233254,4.0
1730245926.527671,4.0
1730245926.530502,4.0
1730245926.534786,4.0
1730245926.5386007,4.0
1730245926.543042,4.0
1730245926.5469017,4.0
1730245926.5514092,4.0
1730245926.5556436,4.0
1730245926.558349,4.0
1730245926.5625849,4.0
1730245926.5663683,4.0
1730245926.570527,4.0
1730245926.5744348,4.0
1730245926.5794692,4.0
1730245926.5834856,4.0
1730245926.5864673,4.0
1730245926.5904815,4.0
1730245926.5946016,4.0
1730245926.598412,4.0
1730245926.6027513,4.0
1730245926.6074495,4.0
1730245926.6105092,4.0
1730245926.61403,4.0
1730245926.6185913,4.0
1730245926.6227484,4.0
1730245926.6267412,4.0
1730245926.630437,4.0
1730245926.634638,4.0
1730245926.638821,4.0
1730245926.6415207,4.0
1730245926.647062,4.0
1730245926.6507308,4.0
1730245926.6550205,4.0
1730245926.6585789,4.0
1730245926.6627233,4.0
1730245926.6666174,4.0
1730245926.6696768,4.0
1730245926.6746497,4.0
1730245926.678857,4.0
1730245926.6826124,4.0
1730245926.6871045,4.0
1730245926.6905353,4.0
1730245926.6950338,4.0
1730245926.6979363,4.0
1730245926.7030764,4.0
1730245926.706539,4.0
1730245926.7108371,4.0
1730245926.7146738,4.0
1730245926.7187552,4.0
1730245926.7228222,4.0
1730245926.7263112,4.0
1730245926.7297,4.0
1730245926.7346275,4.0
1730245926.7387576,4.0
1730245926.7431948,4.0
1730245926.7461724,4.0
1730245926.7496908,4.0
1730245926.7542229,4.0
1730245926.7576666,4.0
1730245926.7630692,4.0
1730245926.7667725,4.0
1730245926.771392,4.0
1730245926.7737348,4.0
1730245926.7781863,4.0
1730245926.7817008,4.0
1730245926.7862391,4.0
1730245926.789712,4.0
1730245926.7950785,4.0
1730245926.7988253,4.0
1730245926.8019352,4.0
1730245926.8059418,4.0
1730245926.8099349,4.0
1730245926.813944,4.0
1730245926.8181667,4.0
1730245926.8227794,4.0
1730245926.8270783,4.0
1730245926.8298502,4.0
1730245926.8341544,4.0
1730245926.8383043,4.0
1730245926.8419335,4.0
1730245926.846342,4.0
1730245926.8508391,4.0
1730245926.853973,4.0
1730245926.8578153,4.0
1730245926.861997,4.0
1730245926.865828,4.0
1730245926.8700073,4.0
1730245926.8738608,4.0
1730245926.87888,4.0
1730245926.88192,4.0
1730245926.885892,4.0
1730245926.8898249,4.0
1730245926.8939495,4.0
1730245926.8979,4.0
1730245926.9019496,4.0
1730245926.9069512,4.0
1730245926.9100847,4.0
1730245926.912922,4.0
1730245926.9180331,4.0
1730245926.9220755,4.0
1730245926.926108,4.0
1730245926.9319391,4.0
1730245926.9350753,4.0
1730245926.9380672,4.0
1730245926.9419563,4.0
1730245926.9459774,4.0
1730245926.9500034,4.0
1730245926.953916,4.0
1730245926.958075,4.0
1730245926.9621327,4.0
1730245926.9661083,4.0
1730245926.968999,4.0
1730245926.9741757,4.0
1730245926.9781218,4.0
1730245926.9820328,4.0
1730245926.9860437,4.0
1730245926.9891405,4.0
1730245926.9931445,4.0
1730245926.9970634,4.0
1730245927.002132,4.0
1730245927.005977,4.0
1730245927.0102415,4.0
1730245927.0141895,4.0
1730245927.0171947,4.0
1730245927.021192,4.0
1730245927.02509,4.0
1730245927.029055,4.0
1730245927.034142,4.0
1730245927.038175,4.0
1730245927.0422025,4.0
1730245927.045074,4.0
1730245927.0491805,4.0
1730245927.05314,4.0
1730245927.0571404,4.0
1730245927.0623252,4.0
1730245927.066159,4.0
1730245927.070537,4.0
1730245927.0732732,4.0
1730245927.0773616,4.0
1730245927.0811515,4.0
1730245927.0853393,4.0
1730245927.0892715,4.0
1730245927.0943203,4.0
1730245927.0973,4.0
1730245927.1013377,4.0
1730245927.1058328,4.0
1730245927.1094513,4.0
1730245927.113721,4.0
1730245927.1183226,4.0
1730245927.1223652,4.0
1730245927.12541,4.0
1730245927.1294093,4.0
1730245927.1333778,4.0
1730245927.1373916,4.0
1730245927.141427,4.0
1730245927.1454155,4.0
1730245927.1503909,4.0
1730245927.1534414,4.0
1730245927.1572993,4.0
1730245927.1614516,4.0
1730245927.1653547,4.0
1730245927.169479,4.0
1730245927.1733055,4.0
1730245927.1784692,4.0
1730245927.1812923,4.0
1730245927.1854863,4.0
1730245927.189299,4.0
1730245927.1935208,4.0
1730245927.1975007,4.0
1730245927.201537,4.0
1730245927.2063758,4.0
1730245927.2095208,4.0
1730245927.2124906,4.0
1730245927.2173986,4.0
1730245927.2214136,4.0
1730245927.2255907,4.0
1730245927.2295904,4.0
1730245927.2324655,4.0
1730245927.2365508,4.0
1730245927.2404125,4.0
1730245927.2455812,4.0
1730245927.2495055,4.0
1730245927.253584,4.0
1730245927.257547,4.0
1730245927.2606423,4.0
1730245927.2644656,4.0
1730245927.2687085,4.0
1730245927.27347,4.0
1730245927.2776656,4.0
1730245927.281529,4.0
1730245927.285662,4.0
1730245927.2886715,4.0
1730245927.292601,4.0
1730245927.2965896,4.0
1730245927.300582,4.0
1730245927.3056629,4.0
1730245927.3096707,4.0
1730245927.3127356,4.0
1730245927.3167317,4.0
1730245927.3206904,4.0
1730245927.324762,4.0
1730245927.328944,4.0
1730245927.3338916,4.0
1730245927.338132,4.0
1730245927.3406532,4.0
1730245927.3448837,4.0
1730245927.348602,4.0
1730245927.352822,4.0
1730245927.3566363,4.0
1730245927.3617384,4.0
1730245927.3656845,4.0
1730245927.3687985,4.0
1730245927.372642,4.0
1730245927.3771377,4.0
1730245927.3806877,4.0
1730245927.3848157,4.0
1730245927.3888211,4.0
1730245927.3939435,4.0
1730245927.3969505,4.0
1730245927.4008627,4.0
1730245927.4048817,4.0
1730245927.4088356,4.0
1730245927.4147325,4.0
1730245927.4180777,4.0
1730245927.420877,4.0
1730245927.4248395,4.0
1730245927.429002,4.0
1730245927.432812,4.0
1730245927.4368694,4.0
1730245927.4418876,4.0
1730245927.4449265,4.0
1730245927.448846,4.0
1730245927.4518857,4.0
1730245927.4560282,4.0
1730245927.4612224,4.0
1730245927.464796,4.0
1730245927.4689424,4.0
1730245927.4728005,4.0
1730245927.4769711,4.0
1730245927.4799716,4.0
1730245927.4848518,4.0
1730245927.4890063,4.0
1730245927.4929965,4.0
1730245927.4969935,4.0
1730245927.5009415,4.0
1730245927.5050137,4.0
1730245927.5080495,4.0
1730245927.5130243,4.0
1730245927.5169773,4.0
1730245927.521056,4.0
1730245927.5252235,4.0
1730245927.5292144,4.0
1730245927.5332084,4.0
1730245927.535976,4.0
1730245927.5400116,4.0
1730245927.5451145,4.0
1730245927.549006,4.0
1730245927.5533648,4.0
1730245927.5559633,4.0
1730245927.5602024,4.0
1730245927.5641353,4.0
1730245927.5682464,4.0
1730245927.573036,4.0
1730245927.5773706,4.0
1730245927.5810716,4.0
1730245927.5840192,4.0
1730245927.5880468,4.0
1730245927.592121,4.0
1730245927.5961862,4.0
1730245927.6004243,4.0
1730245927.605182,4.0
1730245927.6091993,4.0
1730245927.6122005,4.0
1730245927.6161609,4.0
1730245927.6202023,4.0
1730245927.6240952,4.0
1730245927.629216,4.0
1730245927.6331918,4.0
1730245927.637288,4.0
1730245927.6401856,4.0
1730245927.6445785,4.0
1730245927.6480722,4.0
1730245927.6522343,4.0
1730245927.6560888,4.0
1730245927.66126,4.0
1730245927.6640897,4.0
1730245927.6681802,4.0
1730245927.672098,4.0
1730245927.6762352,4.0
1730245927.680293,4.0
1730245927.684307,4.0
1730245927.689154,4.0
1730245927.692328,4.0
1730245927.6963136,4.0
1730245927.7003212,4.0
1730245927.704262,4.0
1730245927.7083545,4.0
1730245927.7123384,4.0
1730245927.7173595,4.0
1730245927.7202897,4.0
1730245927.7232175,4.0
1730245927.7283928,4.0
1730245927.7323277,4.0
1730245927.736421,4.0
1730245927.7402823,4.0
1730245927.745278,4.0
1730245927.7482588,4.0
1730245927.7512753,4.0
1730245927.7562568,4.0
1730245927.7604656,4.0
1730245927.7643335,4.0
1730245927.7684708,4.0
1730245927.7724133,4.0
1730245927.7764869,4.0
1730245927.7795036,4.0
1730245927.7833457,4.0
1730245927.7885203,4.0
1730245927.792402,4.0
1730245927.7965252,4.0
1730245927.799525,4.0
1730245927.8035266,4.0
1730245927.8074083,4.0
1730245927.8115542,4.0
1730245927.8165476,4.0
1730245927.8205616,4.0
1730245927.8244596,4.0
1730245927.827518,4.0
1730245927.8318193,4.0
1730245927.835496,4.0
1730245927.839404,4.0
1730245927.844548,4.0
1730245927.848588,4.0
1730245927.8525891,4.0
1730245927.8554406,4.0
1730245927.8595965,4.0
1730245927.863713,4.0
1730245927.8677876,4.0
1730245927.8724616,4.0
1730245927.8766124,4.0
1730245927.880661,4.0
1730245927.8841271,4.0
1730245927.887647,4.0
1730245927.8916502,4.0
1730245927.8956783,4.0
1730245927.8997228,4.0
1730245927.9047232,4.0
1730245927.907694,4.0
1730245927.911652,4.0
1730245927.915587,4.0
1730245927.9196768,4.0
1730245927.92354,4.0
1730245927.9287193,4.0
1730245927.9327123,4.0
1730245927.935851,4.0
1730245927.939577,4.0
1730245927.9437325,4.0
1730245927.9475424,4.0
1730245927.9515665,4.0
1730245927.9557695,4.0
1730245927.9607792,4.0
1730245927.9638834,4.0
1730245927.967731,4.0
1730245927.9717774,4.0
1730245927.9767723,4.0
1730245927.9807386,4.0
1730245927.984048,4.0
1730245927.9887736,4.0
1730245927.9918325,4.0
1730245927.9958353,4.0
1730245927.9998722,4.0
1730245928.0038774,4.0
1730245928.0077665,4.0
1730245928.0118265,4.0
1730245928.0167484,4.0
1730245928.0197911,4.0
1730245928.022734,4.0
1730245928.0278616,4.0
1730245928.0318065,4.0
1730245928.035808,4.0
1730245928.0398023,4.0
1730245928.04383,4.0
1730245928.047815,4.0
1730245928.050835,4.0
1730245928.0557642,4.0
1730245928.0599155,4.0
1730245928.063887,4.0
1730245928.0678575,4.0
1730245928.0710015,4.0
1730245928.0750165,4.0
1730245928.0790305,4.0
1730245928.0839815,4.0
1730245933.0899088,4.0
1730245933.094278,4.0
1730245933.0988655,4.0
1730245933.102254,4.0
1730245933.1057117,4.0
1730245933.1102834,4.0
1730245933.1136827,4.0
1730245933.117906,4.0
1730245933.1227734,4.0
1730245933.126975,4.0
1730245933.1297405,4.0
1730245933.1338468,4.0
1730245933.137704,4.0
1730245933.1418738,4.0
1730245933.1458266,4.0
1730245933.1499124,4.0
1730245933.1547985,4.0
1730245933.1579456,4.0
1730245933.1619778,4.0
1730245933.1659288,4.0
1730245933.1700008,4.0
1730245933.1739836,4.0
1730245933.177998,4.0
1730245933.18199,4.0
1730245933.1849923,4.0
1730245933.1899748,4.0
1730245933.1938455,4.0
1730245933.1979077,4.0
1730245933.201986,4.0
1730245933.2058446,4.0
1730245933.2100384,4.0
1730245933.2128844,4.0
1730245933.2180629,4.0
1730245933.221846,4.0
1730245933.2259524,4.0
1730245933.230042,4.0
1730245933.2343037,4.0
1730245933.2378852,4.0
1730245933.24118,4.0
1730245933.2452471,4.0
1730245933.2500503,4.0
1730245933.2542372,4.0
1730245933.2584243,4.0
1730245933.2624297,4.0
1730245933.2659929,4.0
1730245933.2694757,4.0
1730245933.2730737,4.0
1730245933.2781627,4.0
1730245933.2821996,4.0
1730245933.2860208,4.0
1730245933.2901497,4.0
1730245933.2943428,4.0
1730245933.297021,4.0
1730245933.3014903,4.0
1730245933.3061864,4.0
1730245933.310509,4.0
1730245933.3140244,4.0
1730245933.318348,4.0
1730245933.3210351,4.0
1730245933.3255937,4.0
1730245933.3311205,4.0
1730245933.3346086,4.0
1730245933.3382344,4.0
1730245933.3436587,4.0
1730245933.3460336,4.0
1730245933.3504272,4.0
1730245933.3536782,4.0
1730245933.3573663,4.0
1730245933.361339,4.0
1730245933.3662243,4.0
1730245933.370488,4.0
1730245933.373279,4.0
1730245933.377431,4.0
1730245933.3811605,4.0
1730245933.3857722,4.0
1730245933.3902862,4.0
1730245933.3943927,4.0
1730245933.3982244,4.0
1730245933.4014566,4.0
1730245933.4052413,4.0
1730245933.4093492,4.0
1730245933.4132335,4.0
1730245933.417501,4.0
1730245933.422216,4.0
1730245933.425633,4.0
1730245933.4293394,4.0
1730245933.433421,4.0
1730245933.4374733,4.0
1730245933.4416847,4.0
1730245933.4457786,4.0
1730245933.45061,4.0
1730245933.4535167,4.0
1730245933.4576628,4.0
1730245933.4615693,4.0
1730245933.4654016,4.0
1730245933.4696798,4.0
1730245933.473584,4.0
1730245933.4786544,4.0
1730245933.4814174,4.0
1730245933.4848392,4.0
1730245933.4895303,4.0
1730245933.493667,4.0
1730245933.497326,4.0
1730245933.5016525,4.0
1730245933.5064464,4.0
1730245933.5097032,4.0
1730245933.5124898,4.0
1730245933.5176575,4.0
1730245933.5213656,4.0
1730245933.5254853,4.0
1730245933.529378,4.0
1730245933.532793,4.0
1730245933.5365772,4.0
1730245933.5406556,4.0
1730245933.5457115,4.0
1730245933.549672,4.0
1730245933.553907,4.0
1730245933.5574636,4.0
1730245933.5606508,4.0
1730245933.5645416,4.0
1730245933.5686283,4.0
1730245933.5735896,4.0
1730245933.5776029,4.0
1730245933.581534,4.0
1730245933.5855913,4.0
1730245933.5884235,4.0
1730245933.592709,4.0
1730245933.5965333,4.0
1730245933.6006632,4.0
1730245933.605456,4.0
1730245933.6097012,4.0
1730245933.613532,4.0
1730245933.616752,4.0
1730245933.620803,4.0
1730245933.6246746,4.0
1730245933.6289148,4.0
1730245933.6340375,4.0
1730245933.6375096,4.0
1730245933.6418076,4.0
1730245933.644699,4.0
1730245933.6492672,4.0
1730245933.653031,4.0
1730245933.65672,4.0
1730245933.662135,4.0
1730245933.6657372,4.0
1730245933.6691053,4.0
1730245933.672741,4.0
1730245933.6768768,4.0
1730245933.6806507,4.0
1730245933.6848598,4.0
1730245933.6897476,4.0
1730245933.694025,4.0
1730245933.6966813,4.0
1730245933.6998303,4.0
1730245933.7047098,4.0
1730245933.7090216,4.0
1730245933.7126515,4.0
1730245933.7169392,4.0
1730245933.721694,4.0
1730245933.7248263,4.0
1730245933.7288997,4.0
1730245933.7328866,4.0
1730245933.737382,4.0
1730245933.7412424,4.0
1730245933.7448325,4.0
1730245933.749914,4.0
1730245933.7533257,4.0
1730245933.7569363,4.0
1730245933.761279,4.0
1730245933.7648635,4.0
1730245933.7692783,4.0
1730245933.772806,4.0
1730245933.777926,4.0
1730245933.7808144,4.0
1730245933.7854135,4.0
1730245933.7878716,4.0
1730245933.7934065,4.0
1730245933.796867,4.0
1730245933.80127,4.0
1730245933.8040862,4.0
1730245933.8080657,4.0
1730245933.8121598,4.0
1730245933.817175,4.0
1730245933.821002,4.0
1730245933.8250053,4.0
1730245933.8292038,4.0
1730245933.8333125,4.0
1730245933.8360305,4.0
1730245933.8405533,4.0
1730245933.8441594,4.0
1730245933.849569,4.0
1730245933.853383,4.0
1730245933.8571053,4.0
1730245933.8621037,4.0
1730245933.864961,4.0
1730245933.8682775,4.0
1730245933.8730135,4.0
1730245933.8775072,4.0
1730245933.8809867,4.0
1730245933.8853936,4.0
1730245933.8880403,4.0
1730245933.8923917,4.0
1730245933.8959477,4.0
1730245933.9013045,4.0
1730245933.905094,4.0
1730245933.9092643,4.0
1730245933.9122446,4.0
1730245933.9160247,4.0
1730245933.920519,4.0
1730245933.924408,4.0
1730245933.9283245,4.0
1730245933.9331892,4.0
1730245933.9372716,4.0
1730245933.9402692,4.0
1730245933.9441092,4.0
1730245933.94803,4.0
1730245933.9525876,4.0
1730245933.956035,4.0
1730245933.9616334,4.0
1730245933.9654207,4.0
1730245933.9683535,4.0
1730245933.97219,4.0
1730245933.976183,4.0
1730245933.9801297,4.0
1730245933.984536,4.0
1730245933.988106,4.0
1730245933.993642,4.0
1730245933.9960697,4.0
1730245934.000517,4.0
1730245934.004047,4.0
1730245934.0084093,4.0
1730245934.0123432,4.0
1730245934.0161493,4.0
1730245934.0204916,4.0
1730245934.023394,4.0
1730245934.0284624,4.0
1730245934.0327497,4.0
1730245934.0362468,4.0
1730245934.0403233,4.0
1730245934.0443597,4.0
1730245934.0483208,4.0
1730245934.0513515,4.0
1730245934.056272,4.0
1730245934.0603204,4.0
1730245934.0643258,4.0
1730245934.0682504,4.0
1730245934.0722375,4.0
1730245934.0763152,4.0
1730245934.079162,4.0
1730245934.0843604,4.0
1730245934.0881703,4.0
1730245934.0926116,4.0
1730245934.0962727,4.0
1730245934.1004612,4.0
1730245934.1042483,4.0
1730245934.10759,4.0
1730245934.112372,4.0
1730245934.116445,4.0
1730245934.1204448,4.0
1730245934.1246011,4.0
1730245934.128496,4.0
1730245934.1324024,4.0
1730245934.135386,4.0
1730245934.1407812,4.0
1730245934.144699,4.0
1730245934.1484008,4.0
1730245934.152629,4.0
1730245934.1552782,4.0
1730245934.1594937,4.0
1730245934.1633945,4.0
1730245934.1675272,4.0
1730245934.1724014,4.0
1730245934.176446,4.0
1730245934.1803591,4.0
1730245934.1837175,4.0
1730245934.1874576,4.0
1730245934.1915684,4.0
1730245934.195603,4.0
1730245934.2006624,4.0
1730245934.2044425,4.0
1730245934.208918,4.0
1730245934.211892,4.0
1730245934.21557,4.0
1730245934.219542,4.0
1730245934.2241848,4.0
1730245934.228687,4.0
1730245934.2330244,4.0
1730245934.2367196,4.0
1730245934.2394998,4.0
1730245934.2439444,4.0
1730245934.2477543,4.0
1730245934.251855,4.0
1730245934.2566383,4.0
1730245934.260877,4.0
1730245934.2634912,4.0
1730245934.2676024,4.0
1730245934.2715957,4.0
1730245934.2757351,4.0
1730245934.279554,4.0
1730245934.2836027,4.0
1730245934.2885537,4.0
1730245934.2920575,4.0
1730245934.295568,4.0
1730245934.2996004,4.0
1730245934.303768,4.0
1730245934.3081777,4.0
1730245934.312042,4.0
1730245934.3172724,4.0
1730245934.3199675,4.0
1730245934.3227203,4.0
1730245934.328175,4.0
1730245934.3323164,4.0
1730245934.3357644,4.0
1730245934.3398025,4.0
1730245934.344776,4.0
1730245934.3477044,4.0
1730245934.3511105,4.0
