time_board,marker
1730244033.2653227,4.0
1730244033.269454,4.0
1730244033.2732427,4.0
1730244033.277596,4.0
1730244033.2832963,4.0
1730244033.2868218,4.0
1730244033.289187,4.0
1730244033.293384,4.0
1730244033.2972567,4.0
1730244033.3015685,4.0
1730244033.3053052,4.0
1730244033.3097303,4.0
1730244033.3142943,4.0
1730244033.317545,4.0
1730244033.3207784,4.0
1730244033.3254695,4.0
1730244033.3293176,4.0
1730244033.3333194,4.0
1730244033.3376844,4.0
1730244033.3428063,4.0
1730244033.345342,4.0
1730244033.34842,4.0
1730244033.353532,4.0
1730244033.3579235,4.0
1730244033.3615575,4.0
1730244033.3676054,4.0
1730244033.3707693,4.0
1730244033.373458,4.0
1730244033.37739,4.0
1730244033.3813531,4.0
1730244033.3855064,4.0
1730244033.389372,4.0
1730244033.393484,4.0
1730244033.396314,4.0
1730244033.4004686,4.0
1730244033.4044952,4.0
1730244033.4095528,4.0
1730244033.4133651,4.0
1730244033.4177876,4.0
1730244033.421409,4.0
1730244033.424496,4.0
1730244033.428733,4.0
1730244033.4347332,4.0
1730244033.4385245,4.0
1730244033.4417863,4.0
1730244033.445736,4.0
1730244033.4497688,4.0
1730244033.4528687,4.0
1730244033.456483,4.0
1730244033.4607103,4.0
1730244033.4645262,4.0
1730244033.469777,4.0
1730244033.4737172,4.0
1730244033.477056,4.0
1730244033.480517,4.0
1730244033.4848013,4.0
1730244033.488566,4.0
1730244033.4929793,4.0
1730244033.4976256,4.0
1730244033.5017548,4.0
1730244033.5047722,4.0
1730244033.5088184,4.0
1730244033.512688,4.0
1730244033.517197,4.0
1730244033.520785,4.0
1730244033.5259347,4.0
1730244033.5296192,4.0
1730244033.5327096,4.0
1730244033.5369103,4.0
1730244033.5413165,4.0
1730244033.545261,4.0
1730244033.5488677,4.0
1730244033.5537694,4.0
1730244033.5582938,4.0
1730244033.5611012,4.0
1730244033.5646892,4.0
1730244033.5691888,4.0
1730244033.5727105,4.0
1730244033.5772257,4.0
1730244033.5818584,4.0
1730244033.586148,4.0
1730244033.5886672,4.0
1730244033.5928235,4.0
1730244033.5966449,4.0
1730244033.600812,4.0
1730244033.6046903,4.0
1730244033.6090336,4.0
1730244033.6128244,4.0
1730244033.6160803,4.0
1730244033.6209617,4.0
1730244033.6252515,4.0
1730244033.6293273,4.0
1730244033.6328585,4.0
1730244033.6372845,4.0
1730244033.641425,4.0
1730244033.6444688,4.0
1730244033.649933,4.0
1730244033.6529243,4.0
1730244033.6569316,4.0
1730244033.6611333,4.0
1730244033.6649432,4.0
1730244033.668136,4.0
1730244033.6718657,4.0
1730244033.6774,4.0
1730244033.680806,4.0
1730244033.6857884,4.0
1730244033.689809,4.0
1730244033.6929567,4.0
1730244033.6968029,4.0
1730244033.7000043,4.0
1730244033.7044904,4.0
1730244033.709114,4.0
1730244033.7128751,4.0
1730244033.717039,4.0
1730244033.721064,4.0
1730244033.7245605,4.0
1730244033.7282815,4.0
1730244033.733025,4.0
1730244033.7370589,4.0
1730244033.7414982,4.0
1730244033.7450376,4.0
1730244033.749534,4.0
1730244033.753084,4.0
1730244033.7571487,4.0
1730244033.7620306,4.0
1730244033.7649844,4.0
1730244033.768901,4.0
1730244033.7729125,4.0
1730244033.7759712,4.0
1730244033.779869,4.0
1730244033.7839231,4.0
1730244033.7879367,4.0
1730244033.7928648,4.0
1730244033.796888,4.0
1730244033.8008912,4.0
1730244033.8039992,4.0
1730244033.8079677,4.0
1730244033.8119311,4.0
1730244033.81594,4.0
1730244033.820923,4.0
1730244033.8249705,4.0
1730244033.8289385,4.0
1730244033.831942,4.0
1730244033.8359487,4.0
1730244033.8400424,4.0
1730244033.8440204,4.0
1730244033.8479967,4.0
1730244033.852976,4.0
1730244033.8570063,4.0
1730244033.8600109,4.0
1730244033.8640132,4.0
1730244033.868009,4.0
1730244033.872052,4.0
1730244033.8760247,4.0
1730244033.8800552,4.0
1730244033.8841405,4.0
1730244033.887062,4.0
1730244033.8921368,4.0
1730244033.8960829,4.0
1730244033.9001007,4.0
1730244033.9041524,4.0
1730244033.9091103,4.0
1730244033.912132,4.0
1730244033.9151373,4.0
1730244033.9201436,4.0
1730244033.9241643,4.0
1730244033.9281132,4.0
1730244033.9322927,4.0
1730244033.9362535,4.0
1730244033.9402716,4.0
1730244033.9432645,4.0
1730244033.9484887,4.0
1730244033.9528651,4.0
1730244033.9563158,4.0
1730244033.9608393,4.0
1730244033.964239,4.0
1730244033.9687812,4.0
1730244033.9712677,4.0
1730244033.9757245,4.0
1730244033.9803913,4.0
1730244033.9846454,4.0
1730244033.9884162,4.0
1730244033.991506,4.0
1730244033.9954617,4.0
1730244033.999899,4.0
1730244034.0046155,4.0
1730244034.0088184,4.0
1730244034.0124576,4.0
1730244034.0165627,4.0
1730244034.01978,4.0
1730244034.0234818,4.0
1730244034.0275447,4.0
1730244034.0313656,4.0
1730244034.036756,4.0
1730244034.0410771,4.0
1730244034.0446036,4.0
1730244034.0474308,4.0
1730244034.0516016,4.0
1730244034.0554323,4.0
1730244034.0596,4.0
1730244034.0633938,4.0
1730244034.0688283,4.0
1730244034.0724056,4.0
1730244034.0758083,4.0
1730244034.0794852,4.0
1730244034.0836508,4.0
1730244034.0876043,4.0
1730244034.0926185,4.0
1730244034.096604,4.0
1730244034.0995753,4.0
1730244034.1035385,4.0
1730244034.1076417,4.0
1730244034.111513,4.0
1730244034.1155531,4.0
1730244034.119531,4.0
1730244034.1244602,4.0
1730244034.1275244,4.0
1730244034.1315005,4.0
1730244034.13545,4.0
1730244034.1394744,4.0
1730244034.1434624,4.0
1730244034.1475165,4.0
1730244034.152456,4.0
1730244034.1554625,4.0
1730244034.159487,4.0
1730244034.1634986,4.0
1730244034.1676111,4.0
1730244034.1715004,4.0
1730244034.1755254,4.0
1730244034.1805377,4.0
1730244034.183514,4.0
1730244034.1875083,4.0
1730244034.1915543,4.0
1730244034.1955712,4.0
1730244034.1996057,4.0
1730244034.2035637,4.0
1730244034.207573,4.0
1730244034.2105668,4.0
1730244034.2155986,4.0
1730244034.2195706,4.0
1730244034.2245924,4.0
1730244034.228613,4.0
1730244034.2316115,4.0
1730244034.234614,4.0
1730244034.2386208,4.0
1730244034.2426283,4.0
1730244034.2477322,4.0
1730244034.2516532,4.0
1730244034.25566,4.0
1730244034.2596917,4.0
1730244034.2636547,4.0
1730244034.266719,4.0
1730244034.2707229,4.0
1730244034.274907,4.0
1730244034.2796896,4.0
1730244034.283909,4.0
1730244034.2877994,4.0
1730244034.291932,4.0
1730244034.295071,4.0
1730244034.2994492,4.0
1730244034.30383,4.0
1730244034.308336,4.0
1730244034.311875,4.0
1730244034.3163147,4.0
1730244034.3199184,4.0
1730244034.3245354,4.0
1730244034.3271985,4.0
1730244034.3330195,4.0
1730244034.3358595,4.0
1730244034.339934,4.0
1730244034.3430746,4.0
1730244034.3468795,4.0
1730244034.3513207,4.0
1730244034.3550065,4.0
1730244034.3592896,4.0
1730244034.3639505,4.0
1730244034.3679712,4.0
1730244034.371102,4.0
1730244034.3751009,4.0
1730244034.3791442,4.0
1730244034.3831148,4.0
1730244034.3871012,4.0
1730244034.3919692,4.0
1730244034.396021,4.0
1730244034.3992116,4.0
1730244034.403064,4.0
1730244034.4070868,4.0
1730244034.4110785,4.0
1730244034.4151175,4.0
1730244034.4192543,4.0
1730244034.4241724,4.0
1730244034.4271736,4.0
1730244034.4311523,4.0
1730244034.4351518,4.0
1730244034.4390106,4.0
1730244034.4430497,4.0
1730244034.447025,4.0
1730244034.4513383,4.0
1730244034.4542172,4.0
1730244034.4595883,4.0
1730244034.4630387,4.0
1730244034.468668,4.0
1730244034.472149,4.0
1730244034.4754252,4.0
1730244034.479372,4.0
1730244034.4827683,4.0
1730244034.4875486,4.0
1730244034.4913197,4.0
1730244034.4956095,4.0
1730244034.4994392,4.0
1730244034.5032723,4.0
1730244034.5078447,4.0
1730244034.5106397,4.0
1730244034.5151265,4.0
1730244034.5192451,4.0
1730244034.523179,4.0
1730244034.5271256,4.0
1730244034.5311494,4.0
1730244034.535317,4.0
1730244034.5381708,4.0
1730244034.5421307,4.0
1730244034.5472033,4.0
1730244034.5512154,4.0
1730244034.5551715,4.0
1730244034.5591755,4.0
1730244034.5631728,4.0
1730244034.5661936,4.0
1730244034.5712156,4.0
1730244034.5752628,4.0
1730244034.5792131,4.0
1730244034.583204,4.0
1730244034.586284,4.0
1730244034.5903037,4.0
1730244034.5942955,4.0
1730244034.5983264,4.0
1730244034.6022806,4.0
1730244034.6072817,4.0
1730244034.6112597,4.0
1730244034.6142972,4.0
1730244034.6182828,4.0
1730244034.6222868,4.0
1730244034.626253,4.0
1730244034.630267,4.0
1730244034.6352856,4.0
1730244034.6393826,4.0
1730244034.6422648,4.0
1730244034.6463125,4.0
1730244034.6503549,4.0
1730244034.6543064,4.0
1730244034.658356,4.0
1730244034.6633568,4.0
1730244034.6673515,4.0
1730244034.6704347,4.0
1730244034.674383,4.0
1730244034.6783571,4.0
1730244034.6824305,4.0
1730244034.686453,4.0
1730244034.6914687,4.0
1730244034.6956415,4.0
1730244034.698639,4.0
1730244034.7037165,4.0
1730244034.7065337,4.0
1730244034.7108035,4.0
1730244034.7145395,4.0
1730244034.719792,4.0
1730244034.7224832,4.0
1730244034.725788,4.0
1730244034.7305355,4.0
1730244034.7351153,4.0
1730244034.7386343,4.0
1730244034.7429287,4.0
1730244034.7466123,4.0
1730244034.751181,4.0
1730244034.7536106,4.0
1730244034.7589011,4.0
1730244034.7626607,4.0
1730244034.7669156,4.0
1730244034.7707937,4.0
1730244034.775164,4.0
1730244034.778764,4.0
1730244034.7817068,4.0
1730244034.7872045,4.0
1730244034.7912505,4.0
1730244034.795173,4.0
1730244034.7993,4.0
1730244034.8027637,4.0
1730244034.8078327,4.0
1730244034.8112862,4.0
1730244034.814777,4.0
1730244034.8188276,4.0
1730244034.82271,4.0
1730244034.8267913,4.0
1730244034.829716,4.0
1730244034.833883,4.0
1730244034.8377428,4.0
1730244034.8418052,4.0
1730244034.846761,4.0
1730244034.8513064,4.0
1730244034.85481,4.0
1730244034.858008,4.0
1730244034.8618498,4.0
1730244034.8662255,4.0
1730244034.8701973,4.0
1730244034.8749728,4.0
1730244034.8789823,4.0
1730244034.8829002,4.0
1730244034.8863852,4.0
1730244034.88985,4.0
1730244034.8940516,4.0
1730244034.8978827,4.0
1730244034.9029992,4.0
1730244034.9071035,4.0
1730244034.9113605,4.0
1730244034.9138136,4.0
1730244034.9179978,4.0
1730244034.9218297,4.0
1730244034.926437,4.0
1730244034.9298296,4.0
1730244034.935042,4.0
1730244034.9380257,4.0
1730244034.941969,4.0
1730244034.9460552,4.0
1730244034.950124,4.0
1730244034.9539285,4.0
1730244034.9594176,4.0
1730244034.9629364,4.0
1730244034.9663515,4.0
1730244034.9698975,4.0
1730244034.974631,4.0
1730244034.979947,4.0
1730244034.9830484,4.0
1730244034.9859786,4.0
1730244034.9915135,4.0
1730244034.9946184,4.0
1730244034.9980285,4.0
1730244035.002186,4.0
1730244035.0059576,4.0
1730244035.010363,4.0
1730244035.0140076,4.0
1730244035.0191398,4.0
1730244035.0219536,4.0
1730244035.02603,4.0
1730244035.030042,4.0
1730244035.03453,4.0
1730244035.0379603,4.0
1730244035.0420153,4.0
1730244035.046998,4.0
1730244035.05009,4.0
1730244035.0540023,4.0
1730244035.0579753,4.0
1730244035.0619895,4.0
1730244035.065994,4.0
1730244035.0700195,4.0
1730244035.074025,4.0
1730244035.0770352,4.0
1730244035.0821297,4.0
1730244035.0860507,4.0
1730244035.090046,4.0
1730244035.094036,4.0
1730244035.098066,4.0
1730244035.1022055,4.0
1730244035.1050904,4.0
1730244035.1090584,4.0
1730244035.1141157,4.0
1730244035.118103,4.0
1730244035.1221535,4.0
1730244035.126094,4.0
1730244035.1301308,4.0
1730244035.1331334,4.0
1730244035.137107,4.0
1730244035.1421113,4.0
1730244035.146137,4.0
1730244035.15014,4.0
1730244035.1541386,4.0
1730244035.1572073,4.0
1730244035.161163,4.0
1730244035.1651912,4.0
1730244035.1702034,4.0
1730244035.1741805,4.0
1730244035.178282,4.0
1730244035.1813257,4.0
1730244035.1853197,4.0
1730244035.189438,4.0
1730244035.1934774,4.0
1730244035.197615,4.0
1730244035.2015123,4.0
1730244035.205398,4.0
1730244035.2097547,4.0
1730244035.2143908,4.0
1730244035.2184863,4.0
1730244035.2223442,4.0
1730244035.2254884,4.0
1730244035.2294102,4.0
1730244035.23338,4.0
1730244035.2377212,4.0
1730244035.2429893,4.0
1730244035.2463288,4.0
1730244035.249687,4.0
1730244035.2534857,4.0
1730244035.2579184,4.0
1730244035.2615354,4.0
1730244035.265916,4.0
1730244035.269529,4.0
1730244035.2746224,4.0
1730244035.2776215,4.0
1730244035.2816925,4.0
1730244035.286776,4.0
1730244035.2909317,4.0
1730244035.2935677,4.0
1730244035.2975736,4.0
1730244035.3025973,4.0
1730244035.3054085,4.0
1730244035.3100464,4.0
1730244035.313424,4.0
1730244035.3174305,4.0
1730244035.321479,4.0
1730244035.3290887,4.0
1730244035.3304284,4.0
1730244035.333717,4.0
1730244035.3377552,4.0
1730244035.3431988,4.0
1730244035.3456635,4.0
1730244035.3497376,4.0
1730244035.3540535,4.0
1730244035.3598757,4.0
1730244035.36152,4.0
1730244035.365766,4.0
1730244035.369495,4.0
1730244035.3735156,4.0
1730244035.377658,4.0
1730244035.381641,4.0
1730244035.385908,4.0
1730244035.3885236,4.0
1730244035.3932135,4.0
1730244035.3976755,4.0
1730244035.401616,4.0
1730244035.4055834,4.0
1730244035.409612,4.0
1730244035.4135869,4.0
1730244035.4170892,4.0
1730244035.4206712,4.0
1730244035.4260216,4.0
1730244035.4310248,4.0
1730244035.4340155,4.0
1730244035.4386408,4.0
1730244035.4416728,4.0
1730244035.445325,4.0
1730244035.4508514,4.0
1730244035.453687,4.0
1730244035.4580567,4.0
1730244035.4626536,4.0
1730244035.4667404,4.0
1730244035.4704232,4.0
1730244035.47378,4.0
1730244035.4766717,4.0
1730244035.4808123,4.0
1730244035.485752,4.0
1730244035.4898446,4.0
1730244035.4938493,4.0
1730244035.4966788,4.0
1730244035.5008612,4.0
1730244035.504727,4.0
1730244035.5087564,4.0
1730244035.513736,4.0
1730244035.5178103,4.0
1730244035.5207176,4.0
1730244035.524723,4.0
1730244035.5287726,4.0
1730244035.5328195,4.0
1730244035.5368676,4.0
1730244035.541845,4.0
1730244035.545795,4.0
1730244035.548781,4.0
1730244035.5528731,4.0
1730244035.556782,4.0
1730244035.5607789,4.0
1730244035.5647843,4.0
1730244035.5687578,4.0
1730244035.573846,4.0
1730244035.5768075,4.0
1730244035.58082,4.0
1730244035.585886,4.0
1730244035.5899253,4.0
1730244035.592875,4.0
1730244035.5980732,4.0
1730244035.6010356,4.0
1730244035.6039393,4.0
1730244035.6090531,4.0
1730244035.6140409,4.0
1730244035.6170557,4.0
1730244035.6209157,4.0
1730244035.626096,4.0
1730244035.6289237,4.0
1730244035.632118,4.0
1730244035.6371503,4.0
1730244035.641144,4.0
1730244035.6451435,4.0
1730244035.6491134,4.0
1730244035.6541412,4.0
1730244035.6571608,4.0
1730244035.660212,4.0
1730244035.6651535,4.0
1730244035.669122,4.0
1730244035.673164,4.0
1730244035.6771348,4.0
1730244035.6812766,4.0
1730244035.6854284,4.0
1730244035.6880465,4.0
1730244035.692057,4.0
1730244035.6970992,4.0
1730244035.7011423,4.0
1730244035.7050369,4.0
1730244035.709017,4.0
1730244035.713046,4.0
1730244035.7160912,4.0
1730244035.7200956,4.0
1730244035.7250865,4.0
1730244035.7290456,4.0
1730244035.7331576,4.0
1730244035.736082,4.0
1730244035.740124,4.0
1730244035.7441204,4.0
1730244040.7521904,4.0
1730244040.75516,4.0
1730244040.7594128,4.0
1730244040.7632165,4.0
1730244040.7672136,4.0
1730244040.7713008,4.0
1730244040.775293,4.0
1730244040.779348,4.0
1730244040.7832675,4.0
1730244040.7860937,4.0
1730244040.791236,4.0
1730244040.7951624,4.0
1730244040.799275,4.0
1730244040.8031957,4.0
1730244040.807653,4.0
1730244040.8111496,4.0
1730244040.814339,4.0
1730244040.819144,4.0
1730244040.8233557,4.0
1730244040.827284,4.0
1730244040.8314493,4.0
1730244040.8344457,4.0
1730244040.8384707,4.0
1730244040.8424647,4.0
1730244040.8464525,4.0
1730244040.8514278,4.0
1730244040.8554404,4.0
1730244040.859441,4.0
1730244040.862453,4.0
1730244040.8664348,4.0
1730244040.8704076,4.0
1730244040.874449,4.0
1730244040.879454,4.0
1730244040.8834727,4.0
1730244040.887412,4.0
1730244040.8905003,4.0
1730244040.8942857,4.0
1730244040.8984778,4.0
1730244040.9024084,4.0
1730244040.9075685,4.0
1730244040.9113483,4.0
1730244040.915519,4.0
1730244040.9185357,4.0
1730244040.9225569,4.0
1730244040.9274228,4.0
1730244040.9305089,4.0
1730244040.9345376,4.0
1730244040.9385684,4.0
1730244040.9425676,4.0
1730244040.946507,4.0
1730244040.9516144,4.0
1730244040.9555724,4.0
1730244040.9586618,4.0
1730244040.9626403,4.0
1730244040.9666028,4.0
1730244040.9705584,4.0
1730244040.9746528,4.0
1730244040.9795964,4.0
1730244040.9835925,4.0
1730244040.98719,4.0
1730244040.9906569,4.0
1730244040.9944637,4.0
1730244040.9989653,4.0
1730244041.0024872,4.0
1730244041.007512,4.0
1730244041.0106328,4.0
1730244041.0135107,4.0
1730244041.0186932,4.0
1730244041.0226336,4.0
1730244041.0266905,4.0
1730244041.0307257,4.0
1730244041.0356853,4.0
1730244041.0387523,4.0
1730244041.041684,4.0
1730244041.0468552,4.0
1730244041.05077,4.0
1730244041.054738,4.0
1730244041.0587456,4.0
1730244041.0637648,4.0
1730244041.0667996,4.0
1730244041.0696025,4.0
1730244041.074798,4.0
1730244041.0786624,4.0
1730244041.0827131,4.0
1730244041.0867124,4.0
1730244041.090835,4.0
1730244041.0946572,4.0
1730244041.0978534,4.0
1730244041.1026456,4.0
1730244041.1068416,4.0
1730244041.1107447,4.0
1730244041.114807,4.0
1730244041.1189091,4.0
1730244041.12289,4.0
1730244041.1259215,4.0
1730244041.1299405,4.0
1730244041.1349,4.0
1730244041.1387436,4.0
1730244041.1427972,4.0
1730244041.1459792,4.0
1730244041.150061,4.0
1730244041.1538851,4.0
1730244041.1578736,4.0
1730244041.1629555,4.0
1730244041.1669335,4.0
1730244041.1709037,4.0
1730244041.173954,4.0
1730244041.1778088,4.0
1730244041.1820328,4.0
1730244041.1857955,4.0
1730244041.1909533,4.0
1730244041.19481,4.0
1730244041.199011,4.0
1730244041.2020204,4.0
1730244041.2060082,4.0
1730244041.2100573,4.0
1730244041.2140107,4.0
1730244041.2190294,4.0
1730244041.2230637,4.0
1730244041.2271185,4.0
1730244041.2300408,4.0
1730244041.2341146,4.0
1730244041.2381427,4.0
1730244041.2421367,4.0
1730244041.2460723,4.0
1730244041.2510903,4.0
1730244041.2539897,4.0
1730244041.2580965,4.0
1730244041.262006,4.0
1730244041.2661788,4.0
1730244041.270044,4.0
1730244041.2743528,4.0
1730244041.2791276,4.0
1730244041.2821813,4.0
1730244041.286091,4.0
1730244041.2903717,4.0
1730244041.2940297,4.0
1730244041.2981763,4.0
1730244041.3020415,4.0
1730244041.3073332,4.0
1730244041.3110416,4.0
1730244041.3142076,4.0
1730244041.3182209,4.0
1730244041.322245,4.0
1730244041.3262188,4.0
1730244041.330188,4.0
1730244041.335202,4.0
1730244041.3382096,4.0
1730244041.3412137,4.0
1730244041.3462152,4.0
1730244041.3502502,4.0
1730244041.3542557,4.0
1730244041.3582492,4.0
1730244041.3622563,4.0
1730244041.3663776,4.0
1730244041.3690965,4.0
1730244041.3742852,4.0
1730244041.3781092,4.0
1730244041.3822775,4.0
1730244041.386168,4.0
1730244041.3893113,4.0
1730244041.3932948,4.0
1730244041.3973231,4.0
1730244041.4013257,4.0
1730244041.4063308,4.0
1730244041.4105146,4.0
1730244041.4143732,4.0
1730244041.417384,4.0
1730244041.4214551,4.0
1730244041.425338,4.0
1730244041.430447,4.0
1730244041.4343746,4.0
1730244041.438269,4.0
1730244041.442309,4.0
1730244041.4453354,4.0
1730244041.4494472,4.0
1730244041.453366,4.0
1730244041.4574225,4.0
1730244041.4623177,4.0
1730244041.466457,4.0
1730244041.4704323,4.0
1730244041.4734612,4.0
1730244041.4772933,4.0
1730244041.4814496,4.0
1730244041.4855056,4.0
1730244041.49048,4.0
1730244041.4943497,4.0
1730244041.4974716,4.0
1730244041.5013509,4.0
1730244041.50532,4.0
1730244041.5094075,4.0
1730244041.5134268,4.0
1730244041.5185893,4.0
1730244041.5224423,4.0
1730244041.5253391,4.0
1730244041.5295436,4.0
1730244041.5335467,4.0
1730244041.5375614,4.0
1730244041.5415256,4.0
1730244041.545575,4.0
1730244041.5505788,4.0
1730244041.5535157,4.0
1730244041.557608,4.0
1730244041.561453,4.0
1730244041.5654187,4.0
1730244041.5694308,4.0
1730244041.5735223,4.0
1730244041.5784738,4.0
1730244041.581529,4.0
1730244041.585459,4.0
1730244041.5896313,4.0
1730244041.5936332,4.0
1730244041.5976005,4.0
1730244041.6016915,4.0
1730244041.6065123,4.0
1730244041.6095002,4.0
1730244041.613613,4.0
1730244041.617678,4.0
1730244041.621684,4.0
1730244041.625624,4.0
1730244041.62963,4.0
1730244041.6337087,4.0
1730244041.6365612,4.0
1730244041.640731,4.0
1730244041.645649,4.0
1730244041.6497428,4.0
1730244041.653676,4.0
1730244041.6576655,4.0
1730244041.6605954,4.0
1730244041.6646936,4.0
1730244041.6686468,4.0
1730244041.673794,4.0
1730244041.6776223,4.0
1730244041.681828,4.0
1730244041.6856563,4.0
1730244041.688835,4.0
1730244041.6928077,4.0
1730244041.6968417,4.0
1730244041.701944,4.0
1730244041.7057598,4.0
1730244041.709848,4.0
1730244041.7138608,4.0
1730244041.7168455,4.0
1730244041.7208529,4.0
1730244041.7248275,4.0
1730244041.7298677,4.0
1730244041.7339,4.0
1730244041.7379055,4.0
1730244041.7408943,4.0
1730244041.744773,4.0
1730244041.748958,4.0
1730244041.7527423,4.0
1730244041.757903,4.0
1730244041.7619412,4.0
1730244041.7658951,4.0
1730244041.768757,4.0
1730244041.7729373,4.0
1730244041.776929,4.0
1730244041.7810173,4.0
1730244041.784954,4.0
1730244041.78895,4.0
1730244041.793837,4.0
1730244041.7970111,4.0
1730244041.800992,4.0
1730244041.8050525,4.0
1730244041.8091276,4.0
1730244041.813013,4.0
1730244041.8169985,4.0
1730244041.822088,4.0
1730244041.825018,4.0
1730244041.8289657,4.0
1730244041.8330696,4.0
1730244041.836969,4.0
1730244041.841143,4.0
1730244041.8449807,4.0
1730244041.850239,4.0
1730244041.8529837,4.0
1730244041.8571925,4.0
1730244041.8610225,4.0
1730244041.8651931,4.0
1730244041.8690715,4.0
1730244041.8732426,4.0
1730244041.8773403,4.0
1730244041.8802917,4.0
1730244041.8854675,4.0
1730244041.8893385,4.0
1730244041.893657,4.0
1730244041.8975797,4.0
1730244041.9013755,4.0
1730244041.9051547,4.0
1730244041.9082923,4.0
1730244041.913334,4.0
1730244041.9178011,4.0
1730244041.921291,4.0
1730244041.925752,4.0
1730244041.9291017,4.0
1730244041.9334135,4.0
1730244041.93619,4.0
1730244041.9405308,4.0
1730244041.945212,4.0
1730244041.9494767,4.0
1730244041.95322,4.0
1730244041.9577277,4.0
1730244041.9603336,4.0
1730244041.96441,4.0
1730244041.9684267,4.0
1730244041.9733648,4.0
1730244041.9772725,4.0
1730244041.9812129,4.0
1730244041.984312,4.0
1730244041.9888687,4.0
1730244041.9926422,4.0
1730244041.99631,4.0
1730244042.001674,4.0
1730244042.0059972,4.0
1730244042.0096328,4.0
1730244042.0121944,4.0
1730244042.016297,4.0
1730244042.0201938,4.0
1730244042.0243926,4.0
1730244042.0282223,4.0
1730244042.0333855,4.0
1730244042.0373118,4.0
1730244042.0403702,4.0
1730244042.0443523,4.0
1730244042.0485263,4.0
1730244042.0523255,4.0
1730244042.0565171,4.0
1730244042.061387,4.0
1730244042.0658474,4.0
1730244042.068643,4.0
1730244042.072683,4.0
1730244042.0765498,4.0
1730244042.0808988,4.0
1730244042.085611,4.0
1730244042.0896645,4.0
1730244042.092786,4.0
1730244042.0965395,4.0
1730244042.100718,4.0
1730244042.104494,4.0
1730244042.1087615,4.0
1730244042.1125376,4.0
1730244042.1179404,4.0
1730244042.1203756,4.0
1730244042.1246395,4.0
1730244042.128554,4.0
1730244042.1327395,4.0
1730244042.1364138,4.0
1730244042.140989,4.0
1730244042.1454885,4.0
1730244042.1486652,4.0
1730244042.1524172,4.0
1730244042.1566672,4.0
1730244042.1604908,4.0
1730244042.164755,4.0
1730244042.1686895,4.0
1730244042.173765,4.0
1730244042.1766298,4.0
1730244042.1795318,4.0
1730244042.1847718,4.0
1730244042.189195,4.0
1730244042.1927435,4.0
1730244042.196709,4.0
1730244042.1997397,4.0
1730244042.2034402,4.0
1730244042.2076936,4.0
1730244042.2125757,4.0
1730244042.21675,4.0
1730244042.220607,4.0
1730244042.2248957,4.0
1730244042.2275703,4.0
1730244042.231728,4.0
1730244042.235522,4.0
1730244042.2407248,4.0
1730244042.2447217,4.0
1730244042.2487395,4.0
1730244042.2526383,4.0
1730244042.2567778,4.0
1730244042.26021,4.0
1730244042.2639222,4.0
1730244042.2688916,4.0
1730244042.2728682,4.0
1730244042.2766852,4.0
1730244042.2811725,4.0
1730244042.284018,4.0
1730244042.2876823,4.0
1730244042.2919676,4.0
1730244042.295842,4.0
1730244042.3012643,4.0
1730244042.304907,4.0
1730244042.309192,4.0
1730244042.311718,4.0
1730244042.315811,4.0
1730244042.3196688,4.0
1730244042.3242002,4.0
1730244042.3287077,4.0
1730244042.3332164,4.0
1730244042.335678,4.0
1730244042.3399136,4.0
1730244042.343856,4.0
1730244042.3478527,4.0
1730244042.3519485,4.0
1730244042.356859,4.0
1730244042.3607872,4.0
1730244042.3640115,4.0
1730244042.3679743,4.0
1730244042.372422,4.0
1730244042.3759692,4.0
1730244042.3800244,4.0
1730244042.3843262,4.0
1730244042.3891408,4.0
1730244042.3922997,4.0
1730244042.3959012,4.0
1730244042.4000542,4.0
1730244042.4039707,4.0
1730244042.4078734,4.0
1730244042.4118476,4.0
1730244042.4175313,4.0
1730244042.4198627,4.0
1730244042.4241247,4.0
1730244042.427963,4.0
1730244042.4321384,4.0
1730244042.435822,4.0
1730244042.4410732,4.0
1730244042.4448717,4.0
1730244042.4481328,4.0
1730244042.4511547,4.0
1730244042.45608,4.0
1730244042.4600315,4.0
1730244042.4640412,4.0
1730244042.4680223,4.0
1730244042.4720223,4.0
1730244042.475096,4.0
1730244042.480039,4.0
1730244042.484074,4.0
1730244042.4880984,4.0
1730244042.4921334,4.0
1730244042.4959793,4.0
1730244042.5000715,4.0
1730244042.5029433,4.0
1730244042.5070624,4.0
1730244042.512012,4.0
1730244042.5160236,4.0
1730244042.5200367,4.0
1730244042.5242016,4.0
1730244042.5279684,4.0
1730244042.533193,4.0
1730244042.5359905,4.0
1730244042.5402827,4.0
1730244042.544014,4.0
1730244042.5483396,4.0
1730244042.5516644,4.0
1730244042.555364,4.0
1730244042.5594044,4.0
1730244042.5633526,4.0
1730244042.5684376,4.0
1730244042.5725448,4.0
1730244042.5761592,4.0
1730244042.5792892,4.0
1730244042.5836716,4.0
1730244042.5872507,4.0
1730244042.591221,4.0
1730244042.596079,4.0
1730244042.6004727,4.0
1730244042.604247,4.0
1730244042.607268,4.0
1730244042.6112423,4.0
1730244042.6155248,4.0
1730244042.6192284,4.0
1730244042.6244528,4.0
1730244042.628188,4.0
1730244042.63264,4.0
1730244042.635417,4.0
1730244042.639453,4.0
1730244042.6434522,4.0
1730244042.6477957,4.0
1730244042.6521752,4.0
1730244042.6562765,4.0
1730244042.6605344,4.0
1730244042.6639197,4.0
1730244042.6675725,4.0
1730244042.6715183,4.0
1730244042.6755188,4.0
1730244042.6792295,4.0
1730244042.6844523,4.0
1730244042.6875,4.0
1730244042.6917498,4.0
1730244042.6953752,4.0
1730244042.6995387,4.0
1730244042.7033875,4.0
1730244042.707628,4.0
1730244042.712528,4.0
1730244042.7154012,4.0
1730244042.7186208,4.0
1730244042.7237067,4.0
1730244042.7273371,4.0
1730244042.731731,4.0
1730244042.735423,4.0
1730244042.740672,4.0
1730244042.7435508,4.0
1730244042.7474787,4.0
1730244042.751587,4.0
1730244042.7558444,4.0
1730244042.7595415,4.0
1730244042.7636554,4.0
1730244042.7687285,4.0
1730244042.771741,4.0
1730244042.7748497,4.0
1730244042.7795317,4.0
1730244042.7836187,4.0
1730244042.7876177,4.0
1730244042.7917817,4.0
1730244042.7953875,4.0
1730244042.7998853,4.0
1730244042.8024333,4.0
1730244042.8079324,4.0
1730244042.811426,4.0
1730244042.8158777,4.0
1730244042.8194215,4.0
1730244042.8227568,4.0
1730244042.8265746,4.0
1730244042.8307076,4.0
1730244042.8354273,4.0
1730244042.8397124,4.0
1730244042.8436477,4.0
1730244042.847633,4.0
1730244042.8507235,4.0
1730244042.854782,4.0
1730244042.8587544,4.0
1730244042.8639317,4.0
1730244042.8679278,4.0
1730244042.8718548,4.0
1730244042.8758888,4.0
1730244042.878706,4.0
1730244042.8827329,4.0
1730244042.8865335,4.0
1730244042.8907323,4.0
1730244042.895518,4.0
1730244042.9000678,4.0
1730244042.9036317,4.0
1730244042.9068303,4.0
1730244042.910556,4.0
1730244042.9148097,4.0
1730244042.9186437,4.0
1730244042.9237823,4.0
1730244042.9275844,4.0
1730244042.9307835,4.0
1730244042.9347367,4.0
1730244042.939286,4.0
1730244042.9432347,4.0
1730244042.9468374,4.0
1730244042.9511404,4.0
1730244042.955816,4.0
1730244042.9590433,4.0
1730244042.9628272,4.0
1730244042.9670486,4.0
1730244042.9707012,4.0
1730244042.9748542,4.0
1730244042.978634,4.0
1730244042.9841225,4.0
1730244042.9866376,4.0
1730244042.991152,4.0
1730244042.9946563,4.0
1730244042.999084,4.0
1730244043.002641,4.0
1730244043.0071087,4.0
1730244043.0117977,4.0
1730244043.0149062,4.0
1730244043.0186567,4.0
1730244043.02277,4.0
1730244043.026945,4.0
1730244043.030955,4.0
1730244043.0349207,4.0
1730244043.0388284,4.0
1730244043.041919,4.0
1730244043.046882,4.0
1730244043.0508883,4.0
1730244043.054904,4.0
1730244043.0589104,4.0
1730244043.0632136,4.0
1730244043.0670795,4.0
1730244043.069775,4.0
1730244043.0743568,4.0
1730244043.0788617,4.0
1730244043.083155,4.0
1730244043.0868435,4.0
1730244043.0913484,4.0
1730244043.0948148,4.0
1730244043.098046,4.0
1730244043.1019757,4.0
1730244043.1074471,4.0
1730244043.110895,4.0
1730244043.1150036,4.0
1730244043.1189015,4.0
1730244043.1220915,4.0
1730244043.1260242,4.0
1730244043.130338,4.0
1730244043.1352112,4.0
1730244043.1391404,4.0
1730244043.143309,4.0
1730244043.1475906,4.0
1730244043.150169,4.0
1730244043.154122,4.0
1730244043.158335,4.0
1730244043.1631856,4.0
1730244043.1676168,4.0
1730244043.1710107,4.0
1730244043.1744869,4.0
1730244043.1779687,4.0
1730244043.1825645,4.0
1730244043.1860476,4.0
1730244043.1902,4.0
1730244043.1949892,4.0
1730244043.1993015,4.0
1730244043.2020094,4.0
1730244043.2061908,4.0
1730244043.2102568,4.0
1730244043.2141345,4.0
1730244043.2182472,4.0
1730244043.223358,4.0
1730244043.2270596,4.0
1730244043.2303967,4.0
1730244043.234536,4.0
1730244043.2382553,4.0
1730244043.242501,4.0
1730244043.2461057,4.0
1730244043.2515795,4.0
1730244043.255419,4.0
1730244043.2583575,4.0
1730244043.262322,4.0
1730244043.2661293,4.0
1730244043.2702093,4.0
1730244043.2762337,4.0
1730244043.2793603,4.0
1730244043.283667,4.0
1730244043.2861197,4.0
1730244043.290594,4.0
1730244043.2941728,4.0
1730244043.298438,4.0
1730244043.3021672,4.0
1730244043.3074467,4.0
1730244043.3102653,4.0
1730244043.3145404,4.0
1730244043.3184829,4.0
1730244043.3224783,4.0
1730244043.326224,4.0
1730244043.330522,4.0
1730244043.335247,4.0
1730244043.3387368,4.0
1730244043.341283,4.0
1730244043.346342,4.0
1730244043.350718,4.0
1730244043.354514,4.0
1730244043.3585474,4.0
1730244043.363938,4.0
1730244043.366325,4.0
1730244043.3693037,4.0
1730244043.374715,4.0
1730244043.37843,4.0
1730244043.3827484,4.0
1730244043.386366,4.0
1730244043.3896515,4.0
1730244043.393577,4.0
1730244043.3978753,4.0
1730244043.4023716,4.0
1730244043.40651,4.0
1730244043.41039,4.0
1730244043.4147077,4.0
1730244043.4179292,4.0
1730244043.421388,4.0
1730244043.4257543,4.0
1730244043.4296448,4.0
1730244043.43449,4.0
1730244043.4388285,4.0
1730244043.4425943,4.0
1730244043.4453816,4.0
1730244043.44982,4.0
1730244043.4547348,4.0
1730244043.4578216,4.0
1730244043.4614043,4.0
1730244043.465842,4.0
1730244043.4694817,4.0
1730244043.4745204,4.0
1730244043.478592,4.0
1730244043.4825947,4.0
1730244043.485422,4.0
1730244043.4896023,4.0
1730244043.4934258,4.0
1730244043.4975915,4.0
1730244043.5024843,4.0
1730244043.5066082,4.0
1730244043.5104833,4.0
1730244043.5135355,4.0
1730244043.5176327,4.0
1730244043.5216107,4.0
1730244043.525633,4.0
1730244043.5297449,4.0
1730244043.5347404,4.0
1730244043.5387115,4.0
1730244043.541818,4.0
1730244043.545637,4.0
1730244043.5498347,4.0
1730244043.5536344,4.0
1730244043.5577085,4.0
1730244043.5626698,4.0
1730244043.5658555,4.0
1730244043.5696497,4.0
1730244043.5739496,4.0
1730244043.5776296,4.0
1730244043.5821445,4.0
1730244043.58563,4.0
1730244043.5910203,4.0
1730244043.5936055,4.0
1730244043.59823,4.0
1730244043.6017745,4.0
1730244043.6057932,4.0
1730244043.610005,4.0
1730244043.6142404,4.0
1730244043.6186163,4.0
1730244043.6217103,4.0
1730244043.624853,4.0
1730244043.6298325,4.0
1730244043.6338725,4.0
1730244043.637867,4.0
1730244043.6422052,4.0
1730244043.6469655,4.0
1730244043.6503296,4.0
1730244043.6528409,4.0
1730244043.6581705,4.0
1730244043.6618423,4.0
1730244043.6659276,4.0
1730244043.6698513,4.0
1730244043.674834,4.0
1730244043.677806,4.0
1730244043.6829348,4.0
1730244043.6868267,4.0
1730244043.6901076,4.0
1730244043.6948364,4.0
1730244043.6987717,4.0
1730244043.701847,4.0
1730244043.7059968,4.0
1730244043.7091603,4.0
1730244043.7141345,4.0
1730244043.7180817,4.0
1730244043.7222762,4.0
1730244043.7260227,4.0
1730244043.72885,4.0
1730244043.7344668,4.0
1730244043.7385538,4.0
1730244043.7410648,4.0
1730244043.746046,4.0
1730244043.7502887,4.0
1730244043.7539232,4.0
1730244043.7575717,4.0
1730244043.7609572,4.0
1730244043.7650695,4.0
1730244043.769004,4.0
1730244043.7743013,4.0
1730244043.777942,4.0
1730244043.7823188,4.0
1730244043.7849684,4.0
1730244043.789147,4.0
1730244043.7931604,4.0
1730244043.797582,4.0
1730244043.8019412,4.0
1730244043.8061426,4.0
1730244043.8091047,4.0
1730244043.8137488,4.0
1730244043.8175433,4.0
1730244043.8216877,4.0
1730244043.8251555,4.0
1730244043.8292067,4.0
1730244043.8346553,4.0
1730244043.8370583,4.0
1730244043.8421595,4.0
1730244043.8460946,4.0
1730244043.850348,4.0
1730244043.8551705,4.0
1730244043.8581698,4.0
1730244043.8621285,4.0
1730244043.8656895,4.0
1730244043.869088,4.0
1730244043.8733995,4.0
1730244043.877135,4.0
1730244043.8814137,4.0
1730244043.8851612,4.0
1730244043.890453,4.0
1730244043.8933315,4.0
1730244043.8975508,4.0
1730244043.901366,4.0
1730244043.905246,4.0
1730244043.909552,4.0
1730244043.9133697,4.0
1730244043.9183056,4.0
1730244043.9212189,4.0
1730244043.9263184,4.0
1730244043.9303927,4.0
1730244043.934692,4.0
1730244043.93861,4.0
1730244043.943406,4.0
1730244043.9463124,4.0
1730244043.949608,4.0
1730244043.953451,4.0
1730244043.9574492,4.0
1730244043.9611952,4.0
1730244043.9658108,4.0
1730244043.9692512,4.0
1730244043.973682,4.0
1730244043.9764173,4.0
1730244043.9804623,4.0
1730244043.9852664,4.0
1730244043.9894764,4.0
1730244043.993406,4.0
1730244043.9977589,4.0
1730244044.0015924,4.0
1730244044.0055568,4.0
1730244044.0085244,4.0
1730244044.0126052,4.0
1730244044.0180287,4.0
1730244044.021814,4.0
1730244044.027434,4.0
1730244044.0307107,4.0
1730244044.0335956,4.0
1730244044.03636,4.0
1730244044.041742,4.0
1730244044.0455005,4.0
1730244044.0498571,4.0
1730244044.0523765,4.0
1730244044.0564995,4.0
1730244044.060358,4.0
1730244044.0643868,4.0
1730244044.0683548,4.0
1730244044.0735097,4.0
1730244044.077352,4.0
1730244044.080619,4.0
1730244044.0845745,4.0
1730244044.0884314,4.0
1730244044.095524,4.0
1730244044.0986257,4.0
1730244044.1024325,4.0
1730244044.1066315,4.0
1730244044.1104765,4.0
1730244044.1136985,4.0
1730244044.1166308,4.0
1730244044.1205268,4.0
1730244044.1246755,4.0
1730244044.1299255,4.0
1730244044.1341035,4.0
1730244044.1364317,4.0
1730244044.1407206,4.0
1730244044.144477,4.0
1730244044.1487365,4.0
1730244044.1524634,4.0
1730244044.1576748,4.0
1730244044.1617591,4.0
1730244044.1647515,4.0
1730244044.1685123,4.0
1730244044.1725626,4.0
1730244044.1764224,4.0
1730244044.1825764,4.0
1730244044.1855109,4.0
1730244044.1885922,4.0
1730244044.1926117,4.0
1730244044.1968591,4.0
1730244044.200798,4.0
1730244044.2048745,4.0
1730244044.2087195,4.0
1730244044.212881,4.0
1730244044.2169397,4.0
1730244044.2196848,4.0
1730244044.2249465,4.0
1730244044.2286851,4.0
1730244044.2328217,4.0
1730244044.2366395,4.0
1730244044.2412438,4.0
1730244044.2457955,4.0
1730244044.2489667,4.0
1730244044.2536926,4.0
1730244044.2566895,4.0
1730244044.2618,4.0
1730244044.265879,4.0
1730244044.268709,4.0
1730244044.27305,4.0
1730244044.2758985,4.0
1730244044.280434,4.0
1730244044.2848215,4.0
1730244044.2889888,4.0
1730244044.2929952,4.0
1730244044.2958915,4.0
1730244044.3002574,4.0
1730244044.3038375,4.0
1730244044.307992,4.0
1730244044.3134444,4.0
1730244044.3168209,4.0
1730244044.3210316,4.0
1730244044.3243055,4.0
1730244044.3277617,4.0
1730244044.3321774,4.0
1730244044.3385036,4.0
1730244044.3410327,4.0
1730244044.344959,4.0
1730244044.3501012,4.0
1730244044.354012,4.0
1730244044.357061,4.0
1730244044.3598762,4.0
1730244044.3641334,4.0
1730244044.368901,4.0
1730244044.3730192,4.0
1730244044.3768115,4.0
1730244044.3801856,4.0
1730244044.38438,4.0
1730244044.3884015,4.0
1730244044.3925257,4.0
1730244044.3959346,4.0
1730244044.4012282,4.0
1730244044.4049006,4.0
1730244044.4094028,4.0
1730244044.4120126,4.0
1730244044.4161303,4.0
1730244044.422454,4.0
1730244044.4250352,4.0
1730244044.4291928,4.0
1730244044.4325202,4.0
1730244044.4360003,4.0
1730244044.4402976,4.0
1730244044.443988,4.0
1730244044.4483783,4.0
1730244044.45206,4.0
1730244044.4571838,4.0
1730244044.4599388,4.0
1730244044.4642148,4.0
1730244044.468208,4.0
1730244044.472224,4.0
1730244044.4761765,4.0
1730244044.480234,4.0
1730244044.4841852,4.0
1730244044.48819,4.0
1730244044.4911964,4.0
1730244044.4960518,4.0
1730244044.5002072,4.0
1730244044.504172,4.0
1730244044.5081267,4.0
1730244044.5121968,4.0
1730244044.516111,4.0
1730244044.5190215,4.0
1730244044.524165,4.0
1730244044.5291877,4.0
1730244044.5321748,4.0
1730244044.5360963,4.0
1730244044.540214,4.0
1730244044.5430665,4.0
1730244044.5472484,4.0
1730244044.552074,4.0
1730244044.5562153,4.0
1730244044.5601757,4.0
1730244044.5647428,4.0
1730244044.5674694,4.0
1730244044.5716703,4.0
1730244044.575846,4.0
1730244044.5807357,4.0
1730244044.5844424,4.0
1730244044.588487,4.0
1730244044.5927231,4.0
1730244044.5953813,4.0
1730244044.5995572,4.0
1730244044.6032908,4.0
1730244044.6075816,4.0
1730244044.6124964,4.0
1730244044.6163692,4.0
1730244044.6202009,4.0
1730244044.623498,4.0
1730244044.6277924,4.0
1730244044.6314068,4.0
1730244044.6352985,4.0
1730244044.640591,4.0
1730244044.6442816,4.0
1730244044.647774,4.0
1730244044.6514628,4.0
1730244044.6554737,4.0
1730244044.6595268,4.0
1730244044.6635687,4.0
1730244044.6676311,4.0
1730244044.6726491,4.0
1730244044.675556,4.0
1730244044.679911,4.0
1730244044.683819,4.0
1730244044.687631,4.0
1730244044.6914968,4.0
1730244044.6964967,4.0
1730244044.7006147,4.0
1730244044.7036316,4.0
1730244044.7080047,4.0
1730244044.7113452,4.0
1730244044.715493,4.0
1730244044.719396,4.0
1730244044.7246432,4.0
1730244044.7284892,4.0
1730244044.7327285,4.0
1730244044.7354507,4.0
1730244044.739702,4.0
1730244044.7434676,4.0
1730244044.747712,4.0
1730244044.7514627,4.0
1730244044.7564676,4.0
1730244044.759596,4.0
1730244044.763662,4.0
1730244044.767895,4.0
1730244044.771647,4.0
1730244044.7755785,4.0
1730244044.7798724,4.0
1730244044.7836795,4.0
1730244044.7864375,4.0
1730244044.7917807,4.0
1730244044.795585,4.0
1730244044.7996366,4.0
1730244044.8035767,4.0
1730244044.807979,4.0
1730244044.8128076,4.0
1730244044.8156366,4.0
1730244044.8207786,4.0
1730244044.8240817,4.0
1730244044.8285725,4.0
1730244044.833743,4.0
1730244044.8366055,4.0
1730244044.8397713,4.0
1730244044.842723,4.0
1730244044.8480966,4.0
1730244044.8515542,4.0
1730244044.8559308,4.0
1730244044.8597865,4.0
1730244044.8641164,4.0
1730244044.8668787,4.0
1730244044.8707595,4.0
1730244044.874885,4.0
1730244044.8797607,4.0
1730244044.8840635,4.0
1730244044.8879087,4.0
1730244044.8911138,4.0
1730244044.8946886,4.0
1730244044.89914,4.0
1730244044.9026403,4.0
1730244044.907966,4.0
1730244044.9118588,4.0
1730244044.9158554,4.0
1730244044.9187326,4.0
1730244044.9231076,4.0
1730244044.926667,4.0
1730244044.9312232,4.0
1730244044.934697,4.0
1730244044.9401271,4.0
1730244044.9438064,4.0
1730244044.9470332,4.0
1730244044.9510036,4.0
1730244044.955011,4.0
1730244044.9591565,4.0
1730244044.963282,4.0
1730244044.968082,4.0
1730244044.9722376,4.0
1730244044.9749086,4.0
1730244044.9790258,4.0
1730244044.9832835,4.0
1730244044.9869895,4.0
1730244044.992979,4.0
1730244044.9959576,4.0
1730244045.001048,4.0
1730244045.004869,4.0
1730244045.008988,4.0
1730244045.011896,4.0
1730244045.0149615,4.0
1730244045.0188208,4.0
1730244045.0241563,4.0
1730244045.0268755,4.0
1730244045.0311935,4.0
1730244045.034818,4.0
1730244045.0391784,4.0
1730244045.0429826,4.0
1730244045.047521,4.0
1730244045.0519168,4.0
1730244045.054956,4.0
1730244045.0594316,4.0
1730244045.0633843,4.0
1730244045.0675976,4.0
1730244045.071603,4.0
1730244045.075065,4.0
1730244045.0792446,4.0
1730244045.0831509,4.0
1730244045.0859623,4.0
1730244045.0911713,4.0
1730244045.0950696,4.0
1730244045.099118,4.0
1730244045.1030557,4.0
1730244045.1074796,4.0
1730244045.11102,4.0
1730244045.1144097,4.0
1730244045.119069,4.0
1730244045.1232097,4.0
1730244045.1270587,4.0
1730244045.131569,4.0
1730244045.135032,4.0
1730244045.1392918,4.0
1730244045.1423151,4.0
1730244045.1483653,4.0
1730244045.151378,4.0
1730244045.1553335,4.0
1730244045.1593573,4.0
1730244045.162166,4.0
1730244045.166234,4.0
1730244045.1702075,4.0
1730244045.1744204,4.0
1730244045.1797256,4.0
1730244045.1835866,4.0
1730244045.187262,4.0
1730244045.1904938,4.0
1730244045.194074,4.0
1730244045.1982975,4.0
1730244045.2021708,4.0
1730244045.2074847,4.0
1730244045.2111316,4.0
1730244045.2156987,4.0
1730244045.2181349,4.0
1730244045.2224774,4.0
1730244045.2261183,4.0
1730244045.2302957,4.0
1730244045.235189,4.0
1730244045.239385,4.0
1730244045.2431676,4.0
1730244045.2462878,4.0
1730244045.2504525,4.0
1730244045.2548523,4.0
1730244045.25872,4.0
1730244045.262417,4.0
1730244045.2677653,4.0
1730244045.2702472,4.0
1730244045.274551,4.0
1730244045.2782807,4.0
1730244045.2825253,4.0
1730244045.286346,4.0
1730244045.290701,4.0
1730244045.2953713,4.0
1730244045.2985342,4.0
1730244045.30239,4.0
1730244045.30636,4.0
1730244045.3104367,4.0
1730244045.3147798,4.0
1730244045.3183773,4.0
1730244045.323961,4.0
1730244045.326352,4.0
1730244045.3305745,4.0
1730244045.3345623,4.0
1730244045.338611,4.0
1730244045.3426013,4.0
1730244045.3464105,4.0
1730244045.3514445,4.0
1730244045.3545835,4.0
1730244045.3576477,4.0
1730244045.3626852,4.0
1730244045.3665133,4.0
1730244045.3706284,4.0
1730244045.3746092,4.0
1730244045.3784182,4.0
1730244045.3817947,4.0
1730244045.3864217,4.0
1730244045.3907547,4.0
1730244045.39457,4.0
1730244045.398723,4.0
1730244045.4025483,4.0
1730244045.4055123,4.0
1730244045.409614,4.0
1730244045.4137633,4.0
1730244045.418524,4.0
1730244045.422744,4.0
1730244045.426483,4.0
1730244045.4310193,4.0
1730244045.4340303,4.0
1730244045.439751,4.0
1730244045.442642,4.0
1730244045.4466405,4.0
1730244045.4508638,4.0
1730244045.4547467,4.0
1730244045.4586225,4.0
1730244045.4616451,4.0
1730244045.4677906,4.0
1730244045.4708166,4.0
1730244045.4748037,4.0
1730244045.4788184,4.0
1730244045.4827757,4.0
1730244045.485536,4.0
1730244045.4898157,4.0
1730244045.4935913,4.0
1730244045.4977572,4.0
1730244045.501551,4.0
1730244045.5067124,4.0
1730244045.5106056,4.0
1730244045.5137403,4.0
1730244045.5176604,4.0
1730244045.521714,4.0
1730244045.5256517,4.0
1730244045.5296364,4.0
1730244045.5345757,4.0
1730244045.5386684,4.0
1730244045.541736,4.0
1730244045.5458033,4.0
1730244045.5498428,4.0
1730244045.554217,4.0
1730244045.5580292,4.0
1730244045.5632353,4.0
1730244045.5667536,4.0
1730244045.5697846,4.0
1730244045.5737667,4.0
1730244045.5776956,4.0
1730244045.581823,4.0
1730244045.5856557,4.0
1730244045.5908153,4.0
1730244045.594771,4.0
1730244045.5977328,4.0
1730244045.6016817,4.0
1730244045.60589,4.0
1730244045.60965,4.0
1730244045.613798,4.0
1730244045.6187496,4.0
1730244045.6219046,4.0
1730244045.6246865,4.0
1730244045.6298952,4.0
1730244045.6339068,4.0
1730244045.6377635,4.0
1730244045.6437323,4.0
1730244045.6469228,4.0
1730244045.6499262,4.0
1730244045.6529334,4.0
1730244045.6567888,4.0
1730244045.661913,4.0
1730244045.6658757,4.0
1730244045.669943,4.0
1730244045.6739323,4.0
1730244045.6779015,4.0
1730244045.6808803,4.0
1730244045.68482,4.0
1730244045.6900804,4.0
1730244045.6938,4.0
1730244045.6980755,4.0
1730244045.7018888,4.0
1730244045.7058997,4.0
1730244045.7088711,4.0
1730244045.713101,4.0
1730244045.7179403,4.0
1730244045.7220812,4.0
1730244045.7260227,4.0
1730244045.7290516,4.0
1730244045.732999,4.0
1730244045.7370672,4.0
1730244045.741072,4.0
1730244045.7463653,4.0
1730244045.7501965,4.0
1730244045.7542713,4.0
1730244045.7572453,4.0
1730244050.7757213,4.0
1730244050.7799213,4.0
1730244050.7849176,4.0
1730244050.78792,4.0
1730244050.791756,4.0
1730244050.7959108,4.0
1730244050.7996993,4.0
1730244050.8039424,4.0
1730244050.8078952,4.0
1730244050.813017,4.0
1730244050.815921,4.0
1730244050.819966,4.0
1730244050.8237848,4.0
1730244050.8279097,4.0
1730244050.8319223,4.0
1730244050.835937,4.0
1730244050.8399315,4.0
1730244050.8427958,4.0
1730244050.8469677,4.0
1730244050.851968,4.0
1730244050.8559663,4.0
1730244050.8599985,4.0
1730244050.8639965,4.0
1730244050.8668344,4.0
1730244050.87102,4.0
1730244050.8748431,4.0
1730244050.8800209,4.0
1730244050.883956,4.0
1730244050.888038,4.0
1730244050.8918767,4.0
1730244050.8960738,4.0
1730244050.8990383,4.0
1730244050.90306,4.0
1730244050.9078882,4.0
1730244050.912074,4.0
1730244050.915995,4.0
1730244050.9200263,4.0
1730244050.924153,4.0
1730244050.9271314,4.0
1730244050.931128,4.0
1730244050.9361284,4.0
1730244050.9401455,4.0
1730244050.9441495,4.0
1730244050.9481285,4.0
1730244050.9509838,4.0
1730244050.955198,4.0
1730244050.9589856,4.0
1730244050.9631672,4.0
1730244050.9681537,4.0
1730244050.9722457,4.0
1730244050.975046,4.0
1730244050.9791756,4.0
1730244050.9830196,4.0
1730244050.987229,4.0
1730244050.9911091,4.0
1730244050.9962144,4.0
1730244051.0000603,4.0
1730244051.0032244,4.0
1730244051.007229,4.0
1730244051.0111768,4.0
1730244051.015248,4.0
1730244051.0192337,4.0
1730244051.023252,4.0
1730244051.028343,4.0
1730244051.0312264,4.0
1730244051.0355685,4.0
1730244051.039294,4.0
1730244051.0433233,4.0
1730244051.047324,4.0
1730244051.0523276,4.0
1730244051.0563154,4.0
1730244051.0593133,4.0
1730244051.063322,4.0
1730244051.067182,4.0
1730244051.0712855,4.0
1730244051.0752015,4.0
1730244051.079362,4.0
1730244051.083241,4.0
1730244051.086347,4.0
1730244051.0911908,4.0
1730244051.095373,4.0
1730244051.0994716,4.0
1730244051.1033597,4.0
1730244051.1073909,4.0
1730244051.111506,4.0
1730244051.1145012,4.0
1730244051.1184764,4.0
1730244051.123521,4.0
1730244051.127447,4.0
1730244051.131343,4.0
1730244051.1353796,4.0
1730244051.1394734,4.0
1730244051.1426077,4.0
1730244051.1473773,4.0
1730244051.1513443,4.0
1730244051.1555023,4.0
1730244051.159505,4.0
1730244051.1654806,4.0
1730244051.1683047,4.0
1730244051.1715326,4.0
1730244051.175347,4.0
1730244051.179526,4.0
1730244051.183322,4.0
1730244051.1875277,4.0
1730244051.1913488,4.0
1730244051.1954029,4.0
1730244051.1984477,4.0
1730244051.2025533,4.0
1730244051.2064648,4.0
1730244051.2115018,4.0
1730244051.2155552,4.0
1730244051.2185707,4.0
1730244051.2224288,4.0
1730244051.22657,4.0
1730244051.230441,4.0
1730244051.235561,4.0
1730244051.2395835,4.0
1730244051.243496,4.0
1730244051.2466178,4.0
1730244051.2505715,4.0
1730244051.2547383,4.0
1730244051.2584665,4.0
1730244051.262618,4.0
1730244051.2676125,4.0
1730244051.27151,4.0
1730244051.274554,4.0
1730244051.2786715,4.0
1730244051.2826858,4.0
1730244051.2866786,4.0
1730244051.2906508,4.0
1730244051.2959025,4.0
1730244051.2995584,4.0
1730244051.3025768,4.0
1730244051.3067484,4.0
1730244051.3108633,4.0
1730244051.31476,4.0
1730244051.3187876,4.0
1730244051.3237667,4.0
1730244051.3268025,4.0
1730244051.330758,4.0
1730244051.3347492,4.0
1730244051.338761,4.0
1730244051.342774,4.0
1730244051.3467553,4.0
1730244051.3524415,4.0
1730244051.3548217,4.0
1730244051.3586855,4.0
1730244051.3627727,4.0
1730244051.3667047,4.0
1730244051.370826,4.0
1730244051.374648,4.0
1730244051.378868,4.0
1730244051.3826692,4.0
1730244051.385874,4.0
1730244051.3908484,4.0
1730244051.3949094,4.0
1730244051.3989892,4.0
1730244051.4028764,4.0
1730244051.406896,4.0
1730244051.410925,4.0
1730244051.413969,4.0
1730244051.4187293,4.0
1730244051.422923,4.0
1730244051.4269316,4.0
1730244051.430928,4.0
1730244051.4349475,4.0
1730244051.4389665,4.0
1730244051.441828,4.0
1730244051.4460497,4.0
1730244051.4509618,4.0
1730244051.4548955,4.0
1730244051.4590786,4.0
1730244051.4620068,4.0
1730244051.4659622,4.0
1730244051.4700167,4.0
1730244051.4740171,4.0
1730244051.479008,4.0
1730244051.48288,4.0
1730244051.4870477,4.0
1730244051.4900725,4.0
1730244051.494037,4.0
1730244051.498073,4.0
1730244051.5021024,4.0
1730244051.5069675,4.0
1730244051.511143,4.0
1730244051.51512,4.0
1730244051.518024,4.0
1730244051.5221307,4.0
1730244051.5260353,4.0
1730244051.5301132,4.0
1730244051.5349798,4.0
1730244051.5390885,4.0
1730244051.5430288,4.0
1730244051.5460603,4.0
1730244051.5499685,4.0
1730244051.5541272,4.0
1730244051.5579543,4.0
1730244051.56217,4.0
1730244051.5670445,4.0
1730244051.570171,4.0
1730244051.5741515,4.0
1730244051.5782766,4.0
1730244051.5823894,4.0
1730244051.586212,4.0
1730244051.591045,4.0
1730244051.595302,4.0
1730244051.5982552,4.0
1730244051.602343,4.0
1730244051.6072743,4.0
1730244051.6111956,4.0
1730244051.614164,4.0
1730244051.6181867,4.0
1730244051.6231737,4.0
1730244051.6262455,4.0
1730244051.630242,4.0
1730244051.634159,4.0
1730244051.6382957,4.0
1730244051.64241,4.0
1730244051.646302,4.0
1730244051.6513214,4.0
1730244051.6541994,4.0
1730244051.6581526,4.0
1730244051.6624987,4.0
1730244051.66615,4.0
1730244051.6702569,4.0
1730244051.6752813,4.0
1730244051.678579,4.0
1730244051.6817925,4.0
1730244051.6855288,4.0
1730244051.690872,4.0
1730244051.6948082,4.0
1730244051.6985352,4.0
1730244051.70305,4.0
1730244051.7067623,4.0
1730244051.7093852,4.0
1730244051.7135055,4.0
1730244051.7186112,4.0
1730244051.7225113,4.0
1730244051.7264416,4.0
1730244051.730697,4.0
1730244051.7343752,4.0
1730244051.7375553,4.0
1730244051.7413745,4.0
1730244051.746642,4.0
1730244051.7493892,4.0
1730244051.7535045,4.0
1730244051.7584453,4.0
1730244051.762444,4.0
1730244051.7664013,4.0
1730244051.7706213,4.0
1730244051.77348,4.0
1730244051.7781096,4.0
1730244051.7817218,4.0
1730244051.785782,4.0
1730244051.7907283,4.0
1730244051.7945893,4.0
1730244051.7987516,4.0
1730244051.801481,4.0
1730244051.805729,4.0
1730244051.8094025,4.0
1730244051.8135,4.0
1730244051.8186812,4.0
1730244051.8228312,4.0
1730244051.8265605,4.0
1730244051.8294177,4.0
1730244051.8334863,4.0
1730244051.8376296,4.0
1730244051.8414755,4.0
1730244051.846672,4.0
1730244051.8505487,4.0
1730244051.8536675,4.0
1730244051.8576,4.0
1730244051.8616433,4.0
1730244051.8657029,4.0
1730244051.869701,4.0
1730244051.874518,4.0
1730244051.8787105,4.0
1730244051.8817885,4.0
1730244051.8855302,4.0
1730244051.8896785,4.0
1730244051.893708,4.0
1730244051.897745,4.0
1730244051.9017177,4.0
1730244051.9067855,4.0
1730244051.9097168,4.0
1730244051.9137237,4.0
1730244051.9176683,4.0
1730244051.921764,4.0
1730244051.9255955,4.0
1730244051.9297392,4.0
1730244051.9347374,4.0
1730244051.9377403,4.0
1730244051.9416113,4.0
1730244051.9459765,4.0
1730244051.9496267,4.0
1730244051.9537933,4.0
1730244051.9576032,4.0
1730244051.9628313,4.0
1730244051.9659128,4.0
1730244051.9698749,4.0
1730244051.9739823,4.0
1730244051.977898,4.0
1730244051.981995,4.0
1730244051.9863143,4.0
1730244051.9909914,4.0
1730244051.993972,4.0
1730244051.9972565,4.0
1730244052.0019588,4.0
1730244052.0061991,4.0
1730244052.009832,4.0
1730244052.0141034,4.0
1730244052.0179627,4.0
1730244052.021041,4.0
1730244052.0258296,4.0
1730244052.0303335,4.0
1730244052.0337331,4.0
1730244052.037924,4.0
1730244052.0417936,4.0
1730244052.046129,4.0
1730244052.0489335,4.0
1730244052.052992,4.0
1730244052.057819,4.0
1730244052.0620384,4.0
1730244052.0679476,4.0
1730244052.0712092,4.0
1730244052.0741808,4.0
1730244052.0769632,4.0
1730244052.0811336,4.0
1730244052.085043,4.0
1730244052.090413,4.0
1730244052.0945885,4.0
1730244052.0971117,4.0
1730244052.1008873,4.0
1730244052.1051283,4.0
1730244052.1089532,4.0
1730244052.114142,4.0
1730244052.1180456,4.0
1730244052.1219983,4.0
1730244052.1250124,4.0
1730244052.1301577,4.0
1730244052.1329768,4.0
1730244052.1371195,4.0
1730244052.1410332,4.0
1730244052.1462908,4.0
1730244052.1500568,4.0
1730244052.1530364,4.0
1730244052.157344,4.0
1730244052.1612337,4.0
1730244052.165232,4.0
1730244052.1697097,4.0
1730244052.174261,4.0
1730244052.17851,4.0
1730244052.181586,4.0
1730244052.1853385,4.0
1730244052.1895263,4.0
1730244052.1931584,4.0
1730244052.1972327,4.0
1730244052.202835,4.0
1730244052.2057023,4.0
1730244052.2090323,4.0
1730244052.2132168,4.0
1730244052.217118,4.0
1730244052.2216573,4.0
1730244052.22515,4.0
1730244052.2305336,4.0
1730244052.233122,4.0
1730244052.236344,4.0
1730244052.2411373,4.0
1730244052.24534,4.0
1730244052.2492657,4.0
1730244052.2531776,4.0
1730244052.2582057,4.0
1730244052.261358,4.0
1730244052.2646725,4.0
1730244052.2696805,4.0
1730244052.2733424,4.0
1730244052.2774558,4.0
1730244052.2815444,4.0
1730244052.2853513,4.0
1730244052.2893682,4.0
1730244052.2922404,4.0
1730244052.2973711,4.0
1730244052.3012612,4.0
1730244052.3053715,4.0
1730244052.3094156,4.0
1730244052.3133929,4.0
1730244052.317326,4.0
1730244052.32049,4.0
1730244052.324284,4.0
1730244052.3295171,4.0
1730244052.333331,4.0
1730244052.3375635,4.0
1730244052.3405497,4.0
1730244052.3445284,4.0
1730244052.3485389,4.0
1730244052.3525095,4.0
1730244052.357614,4.0
1730244052.3616376,4.0
1730244052.365692,4.0
1730244052.3686366,4.0
1730244052.3727973,4.0
1730244052.3763971,4.0
1730244052.3806157,4.0
1730244052.3858185,4.0
1730244052.3896675,4.0
1730244052.3935213,4.0
1730244052.3969157,4.0
1730244052.4003496,4.0
1730244052.4049373,4.0
1730244052.4083908,4.0
1730244052.4125729,4.0
1730244052.417456,4.0
1730244052.4216263,4.0
1730244052.4244108,4.0
1730244052.4285812,4.0
1730244052.4325671,4.0
1730244052.4367774,4.0
1730244052.44073,4.0
1730244052.4457667,4.0
1730244052.4487612,4.0
1730244052.4528615,4.0
1730244052.4567692,4.0
1730244052.460562,4.0
1730244052.4646857,4.0
1730244052.4691844,4.0
1730244052.4736533,4.0
1730244052.4767833,4.0
1730244052.4807875,4.0
1730244052.4846475,4.0
1730244052.4887233,4.0
1730244052.4924932,4.0
1730244052.4970293,4.0
1730244052.501824,4.0
1730244052.505067,4.0
1730244052.508644,4.0
1730244052.5127003,4.0
1730244052.5166142,4.0
1730244052.5208223,4.0
1730244052.524604,4.0
1730244052.5297606,4.0
1730244052.532572,4.0
1730244052.5357437,4.0
1730244052.5407965,4.0
1730244052.5451305,4.0
1730244052.548734,4.0
1730244052.5529356,4.0
1730244052.5576513,4.0
1730244052.561225,4.0
1730244052.5641792,4.0
1730244052.5693429,4.0
1730244052.5728052,4.0
1730244052.5767858,4.0
1730244052.5808327,4.0
1730244052.584774,4.0
1730244052.5878184,4.0
1730244052.5916023,4.0
1730244052.5967755,4.0
1730244052.6007829,4.0
1730244052.6048665,4.0
1730244052.608752,4.0
1730244052.6118567,4.0
1730244052.6157217,4.0
1730244052.619828,4.0
1730244052.6236703,4.0
1730244052.6288269,4.0
1730244052.6326988,4.0
1730244052.6370766,4.0
1730244052.639786,4.0
1730244052.6444511,4.0
1730244052.6477904,4.0
1730244052.6519032,4.0
1730244052.6573713,4.0
1730244052.6610389,4.0
1730244052.665062,4.0
1730244052.6678824,4.0
1730244052.6718748,4.0
1730244052.6759107,4.0
1730244052.6804397,4.0
1730244052.6850836,4.0
1730244052.6892624,4.0
1730244052.6918335,4.0
1730244052.6961963,4.0
1730244052.6999223,4.0
1730244052.7039044,4.0
1730244052.7079248,4.0
1730244052.7130673,4.0
1730244052.716974,4.0
1730244052.7199547,4.0
1730244052.7240987,4.0
1730244052.728268,4.0
1730244052.7319963,4.0
1730244052.7359245,4.0
1730244052.740307,4.0
1730244052.7451854,4.0
1730244052.7481449,4.0
1730244052.751971,4.0
1730244052.756302,4.0
1730244052.7606556,4.0
1730244052.7641327,4.0
1730244052.7691116,4.0
1730244052.7731855,4.0
1730244052.7759852,4.0
1730244052.7803,4.0
1730244052.783976,4.0
1730244052.7885256,4.0
1730244052.7919996,4.0
1730244052.7963629,4.0
1730244052.8010745,4.0
1730244052.804315,4.0
1730244052.8080935,4.0
1730244052.8123147,4.0
1730244052.816043,4.0
1730244052.8202572,4.0
1730244052.8241484,4.0
1730244052.82932,4.0
1730244052.832332,4.0
1730244052.8364816,4.0
1730244052.8403933,4.0
1730244052.844643,4.0
1730244052.8480525,4.0
1730244052.8523157,4.0
1730244052.8564017,4.0
1730244052.8591735,4.0
1730244052.8632703,4.0
1730244052.8683765,4.0
1730244052.8724017,4.0
1730244052.8762343,4.0
1730244052.8801014,4.0
1730244052.8832293,4.0
1730244052.8874128,4.0
1730244052.8911629,4.0
1730244052.896152,4.0
1730244052.900224,4.0
1730244052.9044557,4.0
1730244052.9082403,4.0
1730244052.9115388,4.0
1730244052.915377,4.0
1730244052.919582,4.0
1730244052.9242215,4.0
1730244052.928269,4.0
1730244052.9322696,4.0
1730244052.9354792,4.0
1730244052.939423,4.0
1730244052.9455705,4.0
1730244052.9489007,4.0
1730244052.9526124,4.0
1730244052.9565256,4.0
1730244052.9602752,4.0
1730244052.9634187,4.0
1730244052.967466,4.0
1730244052.9715176,4.0
1730244052.9753847,4.0
1730244052.9795232,4.0
1730244052.984429,4.0
1730244052.9885058,4.0
1730244052.9913497,4.0
1730244052.9955828,4.0
1730244052.9993951,4.0
1730244053.00352,4.0
1730244053.007373,4.0
1730244053.012854,4.0
1730244053.0163672,4.0
1730244053.019786,4.0
1730244053.0233338,4.0
1730244053.0276856,4.0
1730244053.0315876,4.0
1730244053.035916,4.0
1730244053.0406623,4.0
1730244053.0450222,4.0
1730244053.0477092,4.0
1730244053.0520568,4.0
1730244053.0555062,4.0
1730244053.059443,4.0
1730244053.0636003,4.0
1730244053.069142,4.0
1730244053.071426,4.0
1730244053.0754569,4.0
1730244053.0800128,4.0
1730244053.0835268,4.0
1730244053.087582,4.0
1730244053.0915282,4.0
1730244053.096768,4.0
1730244053.0995383,4.0
1730244053.102568,4.0
1730244053.1074853,4.0
1730244053.1115985,4.0
1730244053.115555,4.0
1730244053.119768,4.0
1730244053.1235712,4.0
1730244053.1279187,4.0
1730244053.131044,4.0
1730244053.13591,4.0
1730244053.1400623,4.0
1730244053.14379,4.0
1730244053.1480312,4.0
1730244053.152068,4.0
1730244053.1560748,4.0
1730244053.158584,4.0
1730244053.1640463,4.0
1730244053.1676953,4.0
1730244053.1717584,4.0
1730244053.1757667,4.0
1730244053.1787531,4.0
1730244053.1826208,4.0
1730244053.1868143,4.0
1730244053.190584,4.0
1730244053.195783,4.0
1730244053.199645,4.0
1730244053.203699,4.0
1730244053.2072258,4.0
1730244053.211154,4.0
1730244053.21517,4.0
1730244053.219396,4.0
1730244053.22378,4.0
1730244053.2281525,4.0
1730244053.2317123,4.0
1730244053.2348344,4.0
1730244053.2388537,4.0
1730244053.242809,4.0
1730244053.246991,4.0
1730244053.2519696,4.0
1730244053.256282,4.0
1730244053.2599678,4.0
1730244053.2629237,4.0
1730244053.2666907,4.0
1730244053.2711596,4.0
1730244053.2747383,4.0
1730244053.280254,4.0
1730244053.2838764,4.0
1730244053.2870207,4.0
1730244053.2907474,4.0
1730244053.295149,4.0
1730244053.298921,4.0
1730244053.3029516,4.0
1730244053.3078213,4.0
1730244053.3118863,4.0
1730244053.3152845,4.0
1730244053.3189657,4.0
1730244053.3230064,4.0
1730244053.3269525,4.0
1730244053.3309495,4.0
1730244053.334958,4.0
1730244053.339966,4.0
1730244053.3428717,4.0
1730244053.347004,4.0
1730244053.3509498,4.0
1730244053.3552604,4.0
1730244053.3589628,4.0
1730244053.3630407,4.0
1730244053.36802,4.0
1730244053.3713129,4.0
1730244053.374961,4.0
1730244053.379145,4.0
1730244053.3829012,4.0
1730244053.3873107,4.0
1730244053.3909037,4.0
1730244053.3961685,4.0
1730244053.3989973,4.0
1730244053.4031134,4.0
1730244053.407128,4.0
1730244053.4114072,4.0
1730244053.415262,4.0
1730244053.4192524,4.0
1730244053.4231577,4.0
1730244053.4260693,4.0
1730244053.431216,4.0
1730244053.4356537,4.0
1730244053.4393363,4.0
1730244053.4430482,4.0
1730244053.4471617,4.0
1730244053.4501076,4.0
1730244053.454284,4.0
1730244053.4580417,4.0
1730244053.463161,4.0
1730244053.4670136,4.0
1730244053.4715164,4.0
1730244053.4750493,4.0
1730244053.4782548,4.0
1730244053.4821055,4.0
1730244053.486278,4.0
1730244053.4911015,4.0
1730244053.4952648,4.0
1730244053.4990766,4.0
1730244053.5032692,4.0
1730244053.5063815,4.0
1730244053.5102055,4.0
1730244053.5143876,4.0
1730244053.5194008,4.0
1730244053.5232823,4.0
1730244053.52737,4.0
1730244053.5303965,4.0
1730244053.5343196,4.0
1730244053.5385706,4.0
1730244053.5423477,4.0
1730244053.54652,4.0
1730244053.5512908,4.0
1730244053.5554008,4.0
1730244053.5581477,4.0
1730244053.5623956,4.0
1730244053.5662467,4.0
1730244053.5706928,4.0
1730244053.5741982,4.0
1730244053.5793643,4.0
1730244053.5832028,4.0
1730244053.5861945,4.0
1730244053.590495,4.0
1730244053.5954108,4.0
1730244053.6002505,4.0
1730244053.603397,4.0
1730244053.6072304,4.0
1730244053.611462,4.0
1730244053.6143968,4.0
1730244053.6184452,4.0
1730244053.6224592,4.0
1730244053.6264863,4.0
1730244053.6304364,4.0
1730244053.6345153,4.0
1730244053.639482,4.0
1730244053.6423445,4.0
1730244053.6464932,4.0
1730244053.6504126,4.0
1730244053.6544693,4.0
1730244053.6583664,4.0
1730244053.6635404,4.0
1730244053.6665308,4.0
1730244053.6696243,4.0
1730244053.6744275,4.0
1730244053.6785736,4.0
1730244053.6823602,4.0
1730244053.686711,4.0
1730244053.6905656,4.0
1730244053.6946414,4.0
1730244053.697736,4.0
1730244053.702927,4.0
1730244053.7069557,4.0
1730244053.7106175,4.0
1730244053.7151625,4.0
1730244053.718933,4.0
1730244053.7225776,4.0
1730244053.7255723,4.0
1730244053.729729,4.0
1730244053.7346869,4.0
1730244053.7387836,4.0
1730244053.7425692,4.0
1730244053.7467,4.0
1730244053.7495232,4.0
1730244053.7537656,4.0
1730244053.757527,4.0
1730244053.7628622,4.0
1730244053.7665231,4.0
1730244053.7711964,4.0
1730244053.7736676,4.0
1730244053.777774,4.0
1730244053.7817917,4.0
1730244053.7857049,4.0
1730244053.790095,4.0
1730244053.794802,4.0
1730244053.7987742,4.0
1730244053.8018615,4.0
1730244053.8057168,4.0
1730244053.8102765,4.0
1730244053.8136115,4.0
1730244053.8176663,4.0
1730244053.8228526,4.0
1730244053.8272903,4.0
1730244053.8307605,4.0
1730244053.8337383,4.0
1730244053.838171,4.0
1730244053.841709,4.0
1730244053.8460827,4.0
1730244053.8506582,4.0
1730244053.8551831,4.0
1730244053.857743,4.0
1730244053.8619616,4.0
1730244053.8656812,4.0
1730244053.8699803,4.0
1730244053.873707,4.0
1730244053.8789792,4.0
1730244053.881647,4.0
1730244053.8859446,4.0
1730244053.8900998,4.0
1730244053.8944328,4.0
1730244053.8978927,4.0
1730244053.9018743,4.0
1730244053.907123,4.0
1730244053.9100437,4.0
1730244053.9144504,4.0
1730244053.9180129,4.0
1730244053.9218223,4.0
1730244053.9258995,4.0
1730244053.930289,4.0
1730244053.9354851,4.0
1730244053.938042,4.0
1730244053.941791,4.0
1730244053.946148,4.0
1730244053.9498315,4.0
1730244053.95452,4.0
1730244053.957823,4.0
1730244053.9629955,4.0
1730244053.9658575,4.0
1730244053.9692657,4.0
1730244053.9738274,4.0
1730244053.9780924,4.0
1730244053.981871,4.0
1730244053.9861753,4.0
1730244053.990152,4.0
1730244053.9945896,4.0
1730244053.9972165,4.0
1730244054.0020795,4.0
1730244054.0061626,4.0
1730244054.010614,4.0
1730244054.014636,4.0
1730244054.0171988,4.0
1730244054.0211225,4.0
1730244054.025066,4.0
1730244054.0291224,4.0
1730244054.0340345,4.0
1730244054.0383656,4.0
1730244054.0419817,4.0
1730244054.0462608,4.0
1730244054.0489757,4.0
1730244054.0531263,4.0
1730244054.057152,4.0
1730244054.0623045,4.0
1730244054.0660863,4.0
1730244054.0702431,4.0
1730244054.0731478,4.0
1730244054.0775344,4.0
1730244054.0811715,4.0
1730244054.085216,4.0
1730244054.0903244,4.0
1730244054.0946205,4.0
1730244054.0983706,4.0
1730244054.1014657,4.0
1730244054.1053195,4.0
1730244054.1091344,4.0
1730244054.113228,4.0
1730244054.117134,4.0
1730244054.1225567,4.0
1730244054.1252408,4.0
1730244054.1297204,4.0
1730244054.1331327,4.0
1730244054.1373098,4.0
1730244054.1411743,4.0
1730244054.145426,4.0
1730244054.1501276,4.0
1730244054.15323,4.0
1730244054.1571653,4.0
1730244054.1614113,4.0
1730244054.1651986,4.0
1730244054.1693406,4.0
1730244054.173221,4.0
1730244054.1783252,4.0
1730244054.181152,4.0
1730244054.185182,4.0
1730244054.1893053,4.0
1730244054.193178,4.0
1730244054.1971588,4.0
1730244054.2012415,4.0
1730244054.2063751,4.0
1730244054.2098737,4.0
1730244054.213312,4.0
1730244054.217327,4.0
1730244054.2215147,4.0
1730244054.2253287,4.0
1730244054.2294953,4.0
1730244054.2345097,4.0
1730244054.2374687,4.0
1730244054.24034,4.0
1730244054.2455976,4.0
1730244054.249415,4.0
1730244054.253518,4.0
1730244054.2574,4.0
1730244054.261818,4.0
1730244054.265066,4.0
1730244054.2688844,4.0
1730244054.273534,4.0
1730244054.2775996,4.0
1730244054.2816014,4.0
1730244054.2857528,4.0
1730244054.289578,4.0
1730244054.2924674,4.0
1730244054.2966888,4.0
1730244054.3020232,4.0
1730244054.3055792,4.0
1730244054.30964,4.0
1730244054.3135445,4.0
1730244054.31748,4.0
1730244054.3206832,4.0
1730244054.3244524,4.0
1730244054.3296845,4.0
1730244054.333424,4.0
1730244054.3379576,4.0
1730244054.341514,4.0
1730244054.3445876,4.0
1730244054.348664,4.0
1730244054.3524852,4.0
1730244054.3574667,4.0
1730244054.361544,4.0
1730244054.3654113,4.0
1730244054.3686993,4.0
1730244054.372861,4.0
1730244054.3765032,4.0
1730244054.380616,4.0
1730244054.3857098,4.0
1730244054.3894663,4.0
1730244054.3937075,4.0
1730244054.3969944,4.0
1730244054.4006488,4.0
1730244054.4047537,4.0
1730244054.4085293,4.0
1730244054.413678,4.0
1730244054.417693,4.0
1730244054.4217274,4.0
1730244054.4245691,4.0
1730244054.429099,4.0
1730244054.4325457,4.0
1730244054.4368384,4.0
1730244054.4406018,4.0
1730244054.4457357,4.0
1730244054.4496455,4.0
1730244054.4527235,4.0
1730244054.4568613,4.0
1730244054.4612112,4.0
1730244054.4650483,4.0
1730244054.4692612,4.0
1730244054.473627,4.0
1730244054.477895,4.0
1730244054.4812162,4.0
1730244054.484836,4.0
1730244054.4899657,4.0
1730244054.4927845,4.0
1730244054.4969676,4.0
1730244054.500805,4.0
1730244054.5050209,4.0
1730244054.5087166,4.0
1730244054.512836,4.0
1730244054.5183835,4.0
1730244054.5209432,4.0
1730244054.5246615,4.0
1730244054.5290935,4.0
1730244054.532689,4.0
1730244054.5368805,4.0
1730244054.5407205,4.0
1730244054.5449705,4.0
1730244054.548326,4.0
1730244054.5529208,4.0
1730244054.5568123,4.0
1730244054.5611606,4.0
1730244054.5650358,4.0
1730244054.569198,4.0
1730244054.5728972,4.0
1730244054.5760145,4.0
1730244054.58119,4.0
1730244054.5854828,4.0
1730244054.5892427,4.0
1730244054.592946,4.0
1730244054.5970168,4.0
1730244054.6009564,4.0
1730244054.603995,4.0
1730244054.6077876,4.0
1730244054.61302,4.0
1730244054.6169388,4.0
1730244054.6209557,4.0
1730244054.6249323,4.0
1730244054.6290734,4.0
1730244054.631826,4.0
1730244054.6359937,4.0
1730244054.6408472,4.0
1730244054.6453893,4.0
1730244054.6487937,4.0
1730244054.6529064,4.0
1730244054.6568513,4.0
1730244054.660477,4.0
1730244054.6642947,4.0
1730244054.669062,4.0
1730244054.6729214,4.0
1730244054.6770675,4.0
1730244054.680353,4.0
1730244054.6840048,4.0
1730244054.6880991,4.0
1730244054.692119,4.0
1730244054.6975043,4.0
1730244054.7017431,4.0
1730244054.7053528,4.0
1730244054.707978,4.0
1730244054.7121944,4.0
1730244054.715973,4.0
1730244054.7204852,4.0
1730244054.7240431,4.0
1730244054.7292607,4.0
1730244054.7330494,4.0
1730244054.7363112,4.0
1730244054.7400856,4.0
1730244054.7445748,4.0
1730244054.7481978,4.0
1730244054.752313,4.0
1730244054.7570033,4.0
1730244054.7612865,4.0
1730244054.7647493,4.0
1730244054.7685573,4.0
1730244054.7722285,4.0
1730244054.776776,4.0
1730244054.7805307,4.0
1730244054.7854006,4.0
1730244054.7893171,4.0
1730244054.792156,4.0
1730244054.796425,4.0
1730244054.8001108,4.0
1730244054.804119,4.0
1730244054.8082156,4.0
1730244054.8133297,4.0
1730244054.8161645,4.0
1730244054.8194497,4.0
1730244054.824211,4.0
1730244054.8284996,4.0
1730244054.832241,4.0
1730244054.8361545,4.0
1730244054.8401847,4.0
1730244054.8447292,4.0
1730244054.8475585,4.0
1730244054.8522503,4.0
1730244054.8564334,4.0
1730244054.8606036,4.0
1730244054.8649476,4.0
1730244054.8683045,4.0
1730244054.872784,4.0
1730244054.8754196,4.0
1730244054.8804393,4.0
1730244054.8843226,4.0
1730244054.8885553,4.0
1730244054.8924472,4.0
1730244054.8955505,4.0
1730244054.899393,4.0
1730244054.9034133,4.0
1730244054.9073968,4.0
1730244054.9125547,4.0
1730244054.9163644,4.0
1730244054.920608,4.0
1730244054.9233675,4.0
1730244054.927595,4.0
1730244054.9315517,4.0
1730244054.9356844,4.0
1730244054.9403243,4.0
1730244054.944546,4.0
1730244054.9484756,4.0
1730244054.9515915,4.0
1730244054.9556515,4.0
1730244054.959606,4.0
1730244054.9633665,4.0
1730244054.9686697,4.0
1730244054.97249,4.0
1730244054.976899,4.0
1730244054.9794016,4.0
1730244054.9836445,4.0
1730244054.9876006,4.0
1730244054.991464,4.0
1730244054.996626,4.0
1730244055.000538,4.0
1730244055.004707,4.0
1730244055.0075364,4.0
1730244055.0114317,4.0
1730244055.0154228,4.0
1730244055.01971,4.0
1730244055.024469,4.0
1730244055.0290308,4.0
1730244055.0316975,4.0
1730244055.0357313,4.0
1730244055.0397744,4.0
1730244055.0434873,4.0
1730244055.048144,4.0
1730244055.051676,4.0
1730244055.0568163,4.0
1730244055.0595267,4.0
1730244055.0634987,4.0
1730244055.0677133,4.0
1730244055.071682,4.0
1730244055.075618,4.0
1730244055.079739,4.0
1730244055.0848143,4.0
1730244055.088122,4.0
1730244055.0915756,4.0
1730244055.095733,4.0
1730244055.0995774,4.0
1730244055.1041477,4.0
1730244055.1076984,4.0
1730244055.11282,4.0
1730244055.1156144,4.0
1730244055.1188705,4.0
1730244055.1236255,4.0
1730244055.127904,4.0
1730244055.1321387,4.0
1730244055.1356423,4.0
1730244055.1398726,4.0
1730244055.1439145,4.0
1730244055.1479034,4.0
1730244055.1518333,4.0
1730244055.1561573,4.0
1730244055.1602411,4.0
1730244055.1643877,4.0
1730244055.1684031,4.0
1730244055.1709285,4.0
1730244055.1746857,4.0
1730244055.1802676,4.0
1730244055.1837797,4.0
1730244055.187999,4.0
1730244055.1917124,4.0
1730244055.1962328,4.0
1730244055.1987216,4.0
1730244055.202943,4.0
1730244055.207756,4.0
1730244055.212051,4.0
1730244055.2158072,4.0
1730244055.220117,4.0
1730244055.2229688,4.0
1730244055.227298,4.0
1730244055.2313142,4.0
1730244055.23609,4.0
1730244055.2399535,4.0
1730244055.244508,4.0
1730244055.2480202,4.0
1730244055.2509787,4.0
1730244055.2552805,4.0
1730244055.2589347,4.0
1730244055.263018,4.0
1730244055.2680857,4.0
1730244055.2719934,4.0
1730244055.2750156,4.0
1730244055.2790835,4.0
1730244055.2828412,4.0
1730244055.2871175,4.0
1730244055.292053,4.0
1730244055.2961044,4.0
1730244055.2999473,4.0
1730244055.3029263,4.0
1730244055.3068936,4.0
1730244055.3110816,4.0
1730244055.3148713,4.0
1730244055.3191488,4.0
1730244055.3239613,4.0
1730244055.3282287,4.0
1730244055.3314867,4.0
1730244055.3351707,4.0
1730244055.3395338,4.0
1730244055.3429897,4.0
1730244055.3472223,4.0
1730244055.3516667,4.0
1730244055.3564465,4.0
1730244055.3591964,4.0
1730244055.3631513,4.0
1730244055.3670423,4.0
1730244055.3712833,4.0
1730244055.3751757,4.0
1730244055.380156,4.0
1730244055.3829503,4.0
1730244055.3861296,4.0
1730244055.3910224,4.0
1730244055.3951888,4.0
1730244055.3990583,4.0
1730244055.4031248,4.0
1730244055.4071083,4.0
1730244055.4115005,4.0
1730244055.414798,4.0
1730244055.4194613,4.0
1730244055.4231868,4.0
1730244055.4275484,4.0
1730244055.4312992,4.0
1730244055.4352925,4.0
1730244055.4395225,4.0
1730244055.4420958,4.0
1730244055.4464142,4.0
1730244055.4514475,4.0
1730244055.455577,4.0
1730244055.4594548,4.0
1730244055.4631803,4.0
1730244055.467203,4.0
1730244055.4704823,4.0
1730244055.474198,4.0
1730244055.4795885,4.0
1730244055.4831889,4.0
1730244055.487641,4.0
1730244055.491232,4.0
1730244055.4954474,4.0
1730244055.4982054,4.0
1730244055.5023775,4.0
1730244055.507209,4.0
1730244055.5115304,4.0
1730244055.5153804,4.0
1730244055.5184932,4.0
1730244055.522437,4.0
1730244055.5267282,4.0
1730244055.5306523,4.0
1730244055.5354035,4.0
1730244055.539816,4.0
1730244055.5435252,4.0
1730244055.5467436,4.0
1730244055.5502937,4.0
1730244055.55431,4.0
1730244055.558457,4.0
1730244055.5628288,4.0
1730244055.5675654,4.0
1730244055.571686,4.0
1730244055.5743563,4.0
1730244055.578552,4.0
1730244055.5824208,4.0
1730244055.5863984,4.0
1730244055.5913863,4.0
1730244055.5953577,4.0
1730244055.5993695,4.0
1730244055.6023088,4.0
1730244055.6065211,4.0
1730244055.6104362,4.0
1730244055.6145463,4.0
1730244055.6184025,4.0
1730244055.623336,4.0
1730244055.6273265,4.0
1730244055.630458,4.0
1730244055.635486,4.0
1730244055.638416,4.0
1730244055.6424963,4.0
1730244055.6465137,4.0
1730244055.6505158,4.0
1730244055.6544452,4.0
1730244055.6573822,4.0
1730244055.662537,4.0
1730244055.666551,4.0
1730244055.6705732,4.0
1730244055.6745403,4.0
1730244055.6794276,4.0
1730244055.682414,4.0
1730244055.685599,4.0
1730244055.690425,4.0
1730244055.694498,4.0
1730244055.698454,4.0
1730244055.702641,4.0
1730244055.7064812,4.0
1730244055.7106397,4.0
1730244055.7136576,4.0
1730244055.7185707,4.0
1730244055.722602,4.0
1730244055.7265131,4.0
1730244055.7307656,4.0
1730244055.7346964,4.0
1730244055.738776,4.0
1730244055.7415788,4.0
1730244055.7465987,4.0
1730244055.750625,4.0
1730244055.7548308,4.0
1730244055.7587008,4.0
1730244055.761813,4.0
1730244055.765651,4.0
1730244055.7699032,4.0
1730244055.7747908,4.0
1730244055.778941,4.0
1730244060.7894452,4.0
1730244060.792732,4.0
1730244060.7967672,4.0
1730244060.8005166,4.0
1730244060.8044791,4.0
1730244060.808542,4.0
1730244060.812482,4.0
1730244060.8176367,4.0
1730244060.8206332,4.0
1730244060.8244803,4.0
1730244060.8286424,4.0
1730244060.8326287,4.0
1730244060.8367448,4.0
1730244060.8407173,4.0
1730244060.845582,4.0
1730244060.8486404,4.0
1730244060.852677,4.0
1730244060.8567057,4.0
1730244060.860684,4.0
1730244060.8645868,4.0
1730244060.8687763,4.0
1730244060.873747,4.0
1730244060.8767192,4.0
1730244060.881667,4.0
1730244060.8847532,4.0
1730244060.88858,4.0
1730244060.8927472,4.0
1730244060.8966484,4.0
1730244060.9017272,4.0
1730244060.9048195,4.0
1730244060.907771,4.0
1730244060.9128988,4.0
1730244060.9168403,4.0
1730244060.9208305,4.0
1730244060.924811,4.0
1730244060.9279392,4.0
1730244060.9318304,4.0
1730244060.9358196,4.0
1730244060.9407504,4.0
1730244060.9449017,4.0
1730244060.9488428,4.0
1730244060.9528897,4.0
1730244060.955789,4.0
1730244060.9599085,4.0
1730244060.96374,4.0
1730244060.968905,4.0
1730244060.972848,4.0
1730244060.976926,4.0
1730244060.980782,4.0
1730244060.9838958,4.0
1730244060.987926,4.0
1730244060.991954,4.0
1730244060.9959147,4.0
1730244061.0009532,4.0
1730244061.0048473,4.0
1730244061.0079668,4.0
1730244061.011968,4.0
1730244061.015788,4.0
1730244061.0199833,4.0
1730244061.0239627,4.0
1730244061.0289488,4.0
1730244061.03301,4.0
1730244061.0361607,4.0
1730244061.0400567,4.0
1730244061.0440805,4.0
1730244061.0479047,4.0
1730244061.0524635,4.0
1730244061.057116,4.0
1730244061.061102,4.0
1730244061.0639572,4.0
1730244061.0680876,4.0
1730244061.0719368,4.0
1730244061.0760813,4.0
1730244061.0798965,4.0
1730244061.085202,4.0
1730244061.088938,4.0
1730244061.0921516,4.0
1730244061.0961232,4.0
1730244061.10015,4.0
1730244061.1041403,4.0
1730244061.108153,4.0
1730244061.1131067,4.0
1730244061.117162,4.0
1730244061.120154,4.0
1730244061.12415,4.0
1730244061.1281636,4.0
1730244061.1322129,4.0
1730244061.138085,4.0
1730244061.1421845,4.0
1730244061.1450236,4.0
1730244061.1481793,4.0
1730244061.1520464,4.0
1730244061.1562607,4.0
1730244061.160146,4.0
1730244061.16415,4.0
1730244061.16811,4.0
1730244061.1720972,4.0
1730244061.1751497,4.0
1730244061.1800644,4.0
1730244061.1842663,4.0
1730244061.1881704,4.0
1730244061.192252,4.0
1730244061.1962829,4.0
1730244061.2001402,4.0
1730244061.2051487,4.0
1730244061.208337,4.0
1730244061.2122924,4.0
1730244061.2163093,4.0
1730244061.2203617,4.0
1730244061.224344,4.0
1730244061.2273233,4.0
1730244061.231295,4.0
1730244061.2352931,4.0
1730244061.240296,4.0
1730244061.244285,4.0
1730244061.248463,4.0
1730244061.2513764,4.0
1730244061.2552688,4.0
1730244061.259423,4.0
1730244061.2633016,4.0
1730244061.2685957,4.0
1730244061.2724826,4.0
1730244061.276522,4.0
1730244061.2795255,4.0
1730244061.283528,4.0
1730244061.2874174,4.0
1730244061.291654,4.0
1730244061.2975926,4.0
1730244061.300428,4.0
1730244061.3044682,4.0
1730244061.3074443,4.0
1730244061.311494,4.0
1730244061.31548,4.0
1730244061.319446,4.0
1730244061.3246875,4.0
1730244061.3285327,4.0
1730244061.332553,4.0
1730244061.3355212,4.0
1730244061.339363,4.0
1730244061.343506,4.0
1730244061.3474245,4.0
1730244061.351406,4.0
1730244061.3564537,4.0
1730244061.3605618,4.0
1730244061.3633585,4.0
1730244061.367554,4.0
1730244061.3713987,4.0
1730244061.3755631,4.0
1730244061.379469,4.0
1730244061.384586,4.0
1730244061.387571,4.0
1730244061.3915944,4.0
1730244061.3956196,4.0
1730244061.3996296,4.0
1730244061.403592,4.0
1730244061.4076176,4.0
1730244061.4116452,4.0
1730244061.4155712,4.0
1730244061.4186518,4.0
1730244061.4236436,4.0
1730244061.427663,4.0
1730244061.431608,4.0
1730244061.4356816,4.0
1730244061.440693,4.0
1730244061.4436936,4.0
1730244061.4466164,4.0
1730244061.451592,4.0
1730244061.4555392,4.0
1730244061.459652,4.0
1730244061.4635992,4.0
1730244061.4677415,4.0
1730244061.4715717,4.0
1730244061.4747431,4.0
1730244061.479751,4.0
1730244061.4837568,4.0
1730244061.4877005,4.0
1730244061.4917665,4.0
1730244061.4947915,4.0
1730244061.4987607,4.0
1730244061.502727,4.0
1730244061.50684,4.0
1730244061.5117407,4.0
1730244061.515816,4.0
1730244061.5198407,4.0
1730244061.5227327,4.0
1730244061.526815,4.0
1730244061.530674,4.0
1730244061.5346649,4.0
1730244061.539847,4.0
1730244061.5448277,4.0
1730244061.5488155,4.0
1730244061.551864,4.0
1730244061.5546863,4.0
1730244061.5588465,4.0
1730244061.5629508,4.0
1730244061.5677865,4.0
1730244061.5717068,4.0
1730244061.5760622,4.0
1730244061.5790677,4.0
1730244061.5829108,4.0
1730244061.5868526,4.0
1730244061.59076,4.0
1730244061.5959172,4.0
1730244061.5999436,4.0
1730244061.6039352,4.0
1730244061.6078248,4.0
1730244061.6109736,4.0
1730244061.616912,4.0
1730244061.6198635,4.0
1730244061.6239884,4.0
1730244061.627852,4.0
1730244061.630894,4.0
1730244061.634985,4.0
1730244061.6388416,4.0
1730244061.64301,4.0
1730244061.6468072,4.0
1730244061.651011,4.0
1730244061.6559782,4.0
1730244061.6588204,4.0
1730244061.6629176,4.0
1730244061.6670043,4.0
1730244061.6710403,4.0
1730244061.675045,4.0
1730244061.6790428,4.0
1730244061.684369,4.0
1730244061.6869793,4.0
1730244061.6910703,4.0
1730244061.6951983,4.0
1730244061.6991267,4.0
1730244061.7034273,4.0
1730244061.7071047,4.0
1730244061.7122345,4.0
1730244061.715466,4.0
1730244061.718265,4.0
1730244061.7230327,4.0
1730244061.7274752,4.0
1730244061.7310464,4.0
1730244061.7356024,4.0
1730244061.74011,4.0
1730244061.743492,4.0
1730244061.7470722,4.0
1730244061.7515633,4.0
1730244061.7550764,4.0
1730244061.7613473,4.0
1730244061.7641196,4.0
1730244061.7675023,4.0
1730244061.7705932,4.0
1730244061.774822,4.0
1730244061.7795684,4.0
1730244061.783458,4.0
1730244061.7875223,4.0
1730244061.7914577,4.0
1730244061.794524,4.0
1730244061.7983427,4.0
1730244061.8025286,4.0
1730244061.8062215,4.0
1730244061.8117268,4.0
1730244061.815303,4.0
1730244061.8196456,4.0
1730244061.822212,4.0
1730244061.8265104,4.0
1730244061.8302677,4.0
1730244061.8343415,4.0
1730244061.839219,4.0
1730244061.8434644,4.0
1730244061.8463342,4.0
1730244061.8509183,4.0
1730244061.8544245,4.0
1730244061.85843,4.0
1730244061.86262,4.0
1730244061.867496,4.0
1730244061.871348,4.0
1730244061.874529,4.0
1730244061.878353,4.0
1730244061.8825035,4.0
1730244061.8867767,4.0
1730244061.890454,4.0
1730244061.8947728,4.0
1730244061.8999376,4.0
1730244061.9028068,4.0
1730244061.9063828,4.0
1730244061.9106493,4.0
1730244061.9143548,4.0
1730244061.9185295,4.0
1730244061.9234135,4.0
1730244061.927973,4.0
1730244061.9303465,4.0
1730244061.934774,4.0
1730244061.9383264,4.0
1730244061.9425535,4.0
1730244061.9463644,4.0
1730244061.9517703,4.0
1730244061.9553971,4.0
1730244061.9585335,4.0
1730244061.962719,4.0
1730244061.9666529,4.0
1730244061.970676,4.0
1730244061.97492,4.0
1730244061.9795978,4.0
1730244061.9826927,4.0
1730244061.9867797,4.0
1730244061.990696,4.0
1730244061.9946513,4.0
1730244061.998461,4.0
1730244062.0027866,4.0
1730244062.006447,4.0
1730244062.0108633,4.0
1730244062.013468,4.0
1730244062.0186672,4.0
1730244062.022591,4.0
1730244062.0268805,4.0
1730244062.0305102,4.0
1730244062.034803,4.0
1730244062.0384767,4.0
1730244062.0418096,4.0
1730244062.046487,4.0
1730244062.0507982,4.0
1730244062.0546403,4.0
1730244062.0586913,4.0
1730244062.0627215,4.0
1730244062.0667176,4.0
1730244062.069862,4.0
1730244062.0736637,4.0
1730244062.078758,4.0
1730244062.0827737,4.0
1730244062.0867572,4.0
1730244062.090705,4.0
1730244062.0937605,4.0
1730244062.0976534,4.0
1730244062.101772,4.0
1730244062.106776,4.0
1730244062.1107607,4.0
1730244062.1147256,4.0
1730244062.1177876,4.0
1730244062.121662,4.0
1730244062.1257272,4.0
1730244062.1296232,4.0
1730244062.134827,4.0
1730244062.13859,4.0
1730244062.142767,4.0
1730244062.1458,4.0
1730244062.1498497,4.0
1730244062.153854,4.0
1730244062.157821,4.0
1730244062.1618347,4.0
1730244062.1667583,4.0
1730244062.170719,4.0
1730244062.173984,4.0
1730244062.1777864,4.0
1730244062.1818492,4.0
1730244062.186007,4.0
1730244062.1912432,4.0
1730244062.1959496,4.0
1730244062.1990547,4.0
1730244062.2028863,4.0
1730244062.2057843,4.0
1730244062.2102537,4.0
1730244062.2137709,4.0
1730244062.217962,4.0
1730244062.222875,4.0
1730244062.2263207,4.0
1730244062.229854,4.0
1730244062.234118,4.0
1730244062.2378442,4.0
1730244062.2420218,4.0
1730244062.2460415,4.0
1730244062.2503364,4.0
1730244062.2543435,4.0
1730244062.257995,4.0
1730244062.262422,4.0
1730244062.2665656,4.0
1730244062.2700572,4.0
1730244062.2739592,4.0
1730244062.2792149,4.0
1730244062.2821324,4.0
1730244062.2854407,4.0
1730244062.2899797,4.0
1730244062.2942512,4.0
1730244062.2978776,4.0
1730244062.3024333,4.0
1730244062.3071651,4.0
1730244062.3102856,4.0
1730244062.3139615,4.0
1730244062.3181071,4.0
1730244062.3220265,4.0
1730244062.3262582,4.0
1730244062.3299477,4.0
1730244062.3355026,4.0
1730244062.3379471,4.0
1730244062.3415234,4.0
1730244062.3463302,4.0
1730244062.3501384,4.0
1730244062.3542812,4.0
1730244062.3581567,4.0
1730244062.3621745,4.0
1730244062.3650503,4.0
1730244062.3693912,4.0
1730244062.3732152,4.0
1730244062.3780248,4.0
1730244062.382297,4.0
1730244062.3863494,4.0
1730244062.3890104,4.0
1730244062.3935263,4.0
1730244062.3970764,4.0
1730244062.40256,4.0
1730244062.406041,4.0
1730244062.4101915,4.0
1730244062.4140828,4.0
1730244062.4177034,4.0
1730244062.4211855,4.0
1730244062.4256516,4.0
1730244062.429488,4.0
1730244062.4346116,4.0
1730244062.4380765,4.0
1730244062.4422102,4.0
1730244062.4456198,4.0
1730244062.4498155,4.0
1730244062.453623,4.0
1730244062.4571867,4.0
1730244062.462329,4.0
1730244062.4665487,4.0
1730244062.4693332,4.0
1730244062.4733372,4.0
1730244062.477498,4.0
1730244062.4813368,4.0
1730244062.485538,4.0
1730244062.490332,4.0
1730244062.4944024,4.0
1730244062.4983883,4.0
1730244062.501524,4.0
1730244062.505307,4.0
1730244062.5098295,4.0
1730244062.5132325,4.0
1730244062.5175335,4.0
1730244062.5223095,4.0
1730244062.5256388,4.0
1730244062.5292945,4.0
1730244062.5333648,4.0
1730244062.5374303,4.0
1730244062.5415385,4.0
1730244062.5462403,4.0
1730244062.551597,4.0
1730244062.5546534,4.0
1730244062.5585206,4.0
1730244062.561786,4.0
1730244062.5655508,4.0
1730244062.569339,4.0
1730244062.5735228,4.0
1730244062.5785227,4.0
1730244062.5813904,4.0
1730244062.5847733,4.0
1730244062.5894077,4.0
1730244062.5937705,4.0
1730244062.597425,4.0
1730244062.6013556,4.0
1730244062.6053236,4.0
1730244062.6084497,4.0
1730244062.6125448,4.0
1730244062.6173477,4.0
1730244062.6213531,4.0
1730244062.6255212,4.0
1730244062.6294484,4.0
1730244062.6348758,4.0
1730244062.6376083,4.0
1730244062.6417809,4.0
1730244062.6458654,4.0
1730244062.6495688,4.0
1730244062.6537404,4.0
1730244062.6575732,4.0
1730244062.6617827,4.0
1730244062.664435,4.0
1730244062.6686015,4.0
1730244062.6735675,4.0
1730244062.6775396,4.0
1730244062.6815753,4.0
1730244062.6855872,4.0
1730244062.689598,4.0
1730244062.692604,4.0
1730244062.6965053,4.0
1730244062.7016025,4.0
1730244062.7055352,4.0
1730244062.7096088,4.0
1730244062.7126105,4.0
1730244062.7166767,4.0
1730244062.7208374,4.0
1730244062.7248492,4.0
1730244062.7295237,4.0
1730244062.7337663,4.0
1730244062.7376628,4.0
1730244062.7411687,4.0
1730244062.7445228,4.0
1730244062.7489352,4.0
1730244062.7531147,4.0
1730244062.7566886,4.0
1730244062.7621288,4.0
1730244062.766326,4.0
1730244062.7688172,4.0
1730244062.772686,4.0
1730244062.7765708,4.0
1730244062.780591,4.0
1730244062.7845907,4.0
1730244062.7895656,4.0
1730244062.7935605,4.0
1730244062.796583,4.0
1730244062.8005755,4.0
1730244062.804588,4.0
1730244062.8085916,4.0
1730244062.8126397,4.0
1730244062.81762,4.0
1730244062.8216193,4.0
1730244062.8246346,4.0
1730244062.8286307,4.0
1730244062.832637,4.0
1730244062.836875,4.0
1730244062.840794,4.0
1730244062.8456876,4.0
1730244062.8487053,4.0
1730244062.8527248,4.0
1730244062.856844,4.0
1730244062.8608754,4.0
1730244062.8651664,4.0
1730244062.869105,4.0
1730244062.8740127,4.0
1730244062.8768983,4.0
1730244062.8797944,4.0
1730244062.885011,4.0
1730244062.8887825,4.0
1730244062.8933156,4.0
1730244062.8968644,4.0
1730244062.9024043,4.0
1730244062.904806,4.0
1730244062.9080083,4.0
1730244062.9128015,4.0
1730244062.9170132,4.0
1730244062.9211144,4.0
1730244062.9250536,4.0
1730244062.929875,4.0
1730244062.9333055,4.0
1730244062.9359777,4.0
1730244062.9414415,4.0
1730244062.945325,4.0
1730244062.9491365,4.0
1730244062.9534793,4.0
1730244062.9571526,4.0
1730244062.961265,4.0
1730244062.963924,4.0
1730244062.9691775,4.0
1730244062.9731016,4.0
1730244062.976983,4.0
1730244062.9809527,4.0
1730244062.984538,4.0
1730244062.9878912,4.0
1730244062.9921467,4.0
1730244062.995967,4.0
1730244063.001212,4.0
1730244063.0050128,4.0
1730244063.0095973,4.0
1730244063.0129323,4.0
1730244063.0164852,4.0
1730244063.0203767,4.0
1730244063.02476,4.0
1730244063.0293384,4.0
1730244063.0334587,4.0
1730244063.0373476,4.0
1730244063.0402162,4.0
1730244063.0446064,4.0
1730244063.0480108,4.0
1730244063.052519,4.0
1730244063.057168,4.0
1730244063.061413,4.0
1730244063.0653007,4.0
1730244063.068189,4.0
1730244063.0721817,4.0
1730244063.076439,4.0
1730244063.0801113,4.0
1730244063.0856657,4.0
1730244063.089085,4.0
1730244063.0926554,4.0
1730244063.0962012,4.0
1730244063.1003847,4.0
1730244063.104432,4.0
1730244063.108286,4.0
1730244063.1131473,4.0
1730244063.117809,4.0
1730244063.1203277,4.0
1730244063.1246424,4.0
1730244063.1281867,4.0
1730244063.132499,4.0
1730244063.1367466,4.0
1730244063.1403952,4.0
1730244063.144856,4.0
1730244063.1482823,4.0
1730244063.15247,4.0
1730244063.1576064,4.0
1730244063.1607103,4.0
1730244063.1632702,4.0
1730244063.1683528,4.0
1730244063.1722383,4.0
1730244063.1768925,4.0
1730244063.18021,4.0
1730244063.1857526,4.0
1730244063.1882875,4.0
1730244063.192695,4.0
1730244063.196241,4.0
1730244063.2005424,4.0
1730244063.2042708,4.0
1730244063.208418,4.0
1730244063.2125323,4.0
1730244063.216529,4.0
1730244063.219938,4.0
1730244063.2247777,4.0
1730244063.2283645,4.0
1730244063.2326725,4.0
1730244063.236795,4.0
1730244063.2409248,4.0
1730244063.2449443,4.0
1730244063.2473829,4.0
1730244063.2527692,4.0
1730244063.2564647,4.0
1730244063.2605908,4.0
1730244063.2643692,4.0
1730244063.2679553,4.0
1730244063.2713685,4.0
1730244063.2756162,4.0
1730244063.2805045,4.0
1730244063.284988,4.0
1730244063.2884462,4.0
1730244063.2926247,4.0
1730244063.295686,4.0
1730244063.2998023,4.0
1730244063.3039596,4.0
1730244063.307538,4.0
1730244063.3127158,4.0
1730244063.3166249,4.0
1730244063.3206174,4.0
1730244063.3236809,4.0
1730244063.327634,4.0
1730244063.3315468,4.0
1730244063.3357525,4.0
1730244063.3404968,4.0
1730244063.345064,4.0
1730244063.3487432,4.0
1730244063.3520367,4.0
1730244063.355467,4.0
1730244063.3597891,4.0
1730244063.3635657,4.0
1730244063.3687012,4.0
1730244063.3726535,4.0
1730244063.3767729,4.0
1730244063.3795245,4.0
1730244063.3837702,4.0
1730244063.3875237,4.0
1730244063.3917108,4.0
1730244063.3965816,4.0
1730244063.4007862,4.0
1730244063.4040077,4.0
1730244063.4077284,4.0
1730244063.412132,4.0
1730244063.416294,4.0
1730244063.419812,4.0
1730244063.4239783,4.0
1730244063.4288368,4.0
1730244063.4318645,4.0
1730244063.4358096,4.0
1730244063.439622,4.0
1730244063.4440572,4.0
1730244063.4476748,4.0
1730244063.4518864,4.0
1730244063.4567757,4.0
1730244063.4602313,4.0
1730244063.4636168,4.0
1730244063.467785,4.0
1730244063.4716752,4.0
1730244063.4762328,4.0
1730244063.4796853,4.0
1730244063.4852574,4.0
1730244063.4876895,4.0
1730244063.492061,4.0
1730244063.495962,4.0
1730244063.4998572,4.0
1730244063.5039985,4.0
1730244063.5079048,4.0
1730244063.5123105,4.0
1730244063.51502,4.0
1730244063.520295,4.0
1730244063.5244725,4.0
1730244063.5279236,4.0
1730244063.5318103,4.0
1730244063.5361116,4.0
1730244063.539863,4.0
1730244063.5432563,4.0
1730244063.5467925,4.0
1730244063.5520833,4.0
1730244063.555874,4.0
1730244063.5599728,4.0
1730244063.5638807,4.0
1730244063.5669885,4.0
1730244063.5709455,4.0
1730244063.5751157,4.0
1730244063.5798795,4.0
1730244063.5841725,4.0
1730244063.5878518,4.0
1730244063.592148,4.0
1730244063.5950117,4.0
1730244063.5995364,4.0
1730244063.6048625,4.0
1730244063.608078,4.0
1730244063.6124065,4.0
1730244063.6164498,4.0
1730244063.6192446,4.0
1730244063.6229427,4.0
1730244063.626989,4.0
1730244063.6309712,4.0
1730244063.6351075,4.0
1730244063.640077,4.0
1730244063.6441295,4.0
1730244063.646927,4.0
1730244063.6511157,4.0
1730244063.6549556,4.0
1730244063.6589956,4.0
1730244063.66305,4.0
1730244063.6681645,4.0
1730244063.6719923,4.0
1730244063.6749852,4.0
1730244063.6790712,4.0
1730244063.6831472,4.0
1730244063.6870792,4.0
1730244063.691156,4.0
1730244063.6951065,4.0
1730244063.700144,4.0
1730244063.7031806,4.0
1730244063.7072208,4.0
1730244063.711164,4.0
1730244063.7151291,4.0
1730244063.7191677,4.0
1730244063.723171,4.0
1730244063.7282135,4.0
1730244063.7313256,4.0
1730244063.7355697,4.0
1730244063.739153,4.0
1730244063.7434287,4.0
1730244063.7472537,4.0
1730244063.7516878,4.0
1730244063.7551737,4.0
1730244063.7581525,4.0
1730244063.763193,4.0
1730244063.7678685,4.0
1730244063.77116,4.0
1730244063.7754076,4.0
1730244063.7793128,4.0
1730244063.7833607,4.0
1730244063.7867844,4.0
1730244063.7908869,4.0
1730244063.795374,4.0
1730244063.7998471,4.0
1730244063.8037758,4.0
1730244063.8075852,4.0
1730244063.811926,4.0
1730244063.8141856,4.0
1730244063.818354,4.0
1730244063.8232777,4.0
1730244063.827778,4.0
1730244063.8313751,4.0
1730244063.8356135,4.0
1730244063.8382869,4.0
1730244063.8422587,4.0
1730244063.8473797,4.0
1730244063.851738,4.0
1730244063.8552828,4.0
1730244063.8595731,4.0
1730244063.8624215,4.0
1730244063.866719,4.0
1730244063.8706155,4.0
1730244063.87454,4.0
1730244063.8793423,4.0
1730244063.883598,4.0
1730244063.887524,4.0
1730244063.8907232,4.0
1730244063.894739,4.0
1730244063.89858,4.0
1730244063.9027257,4.0
1730244063.9074018,4.0
1730244063.91183,4.0
1730244063.9159248,4.0
1730244063.9185295,4.0
1730244063.9223568,4.0
1730244063.9265964,4.0
1730244063.930388,4.0
1730244063.9355507,4.0
1730244063.939364,4.0
1730244063.943746,4.0
1730244063.9464748,4.0
1730244063.9507773,4.0
1730244063.9544277,4.0
1730244063.9585855,4.0
1730244063.9624715,4.0
1730244063.967939,4.0
1730244063.9714873,4.0
1730244063.974603,4.0
1730244063.9785714,4.0
1730244063.982932,4.0
1730244063.9866357,4.0
1730244063.99117,4.0
1730244063.9957087,4.0
1730244063.9986331,4.0
1730244064.002628,4.0
1730244064.006626,4.0
1730244064.0108712,4.0
1730244064.0145967,4.0
1730244064.0187972,4.0
1730244064.0242488,4.0
1730244064.0268888,4.0
1730244064.0305123,4.0
1730244064.0347872,4.0
1730244064.0385706,4.0
1730244064.043114,4.0
1730244064.0465577,4.0
1730244064.0512393,4.0
1730244064.054669,4.0
1730244064.057782,4.0
1730244064.0625727,4.0
1730244064.0670533,4.0
1730244064.0707278,4.0
1730244064.074782,4.0
1730244064.0799408,4.0
1730244064.0830655,4.0
1730244064.0860195,4.0
1730244064.090969,4.0
1730244064.0951176,4.0
1730244064.098948,4.0
1730244064.10315,4.0
1730244064.1057804,4.0
1730244064.1099,4.0
1730244064.1136866,4.0
1730244064.118925,4.0
1730244064.1228013,4.0
1730244064.1267967,4.0
1730244064.1307774,4.0
1730244064.1350484,4.0
1730244064.1386957,4.0
1730244064.14214,4.0
1730244064.1467009,4.0
1730244064.1513915,4.0
1730244064.1547318,4.0
1730244064.1591694,4.0
1730244064.1622777,4.0
1730244064.1662412,4.0
1730244064.1702712,4.0
1730244064.1744175,4.0
1730244064.1788852,4.0
1730244064.182884,4.0
1730244064.1868007,4.0
1730244064.1898856,4.0
1730244064.1937978,4.0
1730244064.1978004,4.0
1730244064.2017572,4.0
1730244064.206771,4.0
1730244064.2108393,4.0
1730244064.2148604,4.0
1730244064.2179067,4.0
1730244064.2218204,4.0
1730244064.226174,4.0
1730244064.2298558,4.0
1730244064.235389,4.0
1730244064.23886,4.0
1730244064.2422397,4.0
1730244064.2457871,4.0
1730244064.2499988,4.0
1730244064.2540092,4.0
1730244064.2580545,4.0
1730244064.2629647,4.0
1730244064.2669835,4.0
1730244064.2700474,4.0
1730244064.2745173,4.0
1730244064.2780595,4.0
1730244064.2826006,4.0
1730244064.2864902,4.0
1730244064.2913277,4.0
1730244064.2953703,4.0
1730244064.298051,4.0
1730244064.3021116,4.0
1730244064.30607,4.0
1730244064.3103528,4.0
1730244064.3141916,4.0
1730244064.31918,4.0
1730244064.3230956,4.0
1730244064.3265135,4.0
1730244064.330029,4.0
1730244064.3343787,4.0
1730244064.3380077,4.0
1730244064.3425004,4.0
1730244064.346976,4.0
1730244064.3503113,4.0
1730244064.3532045,4.0
1730244064.358138,4.0
1730244064.362291,4.0
1730244064.366443,4.0
1730244064.370352,4.0
1730244064.3755388,4.0
1730244064.3782055,4.0
1730244064.3810434,4.0
1730244064.3867404,4.0
1730244064.3907647,4.0
1730244064.3946283,4.0
1730244064.398229,4.0
1730244064.4025338,4.0
1730244064.4062195,4.0
1730244064.409804,4.0
1730244064.4131663,4.0
1730244064.4182236,4.0
1730244064.422078,4.0
1730244064.426646,4.0
1730244064.4300697,4.0
1730244064.4345868,4.0
1730244064.437372,4.0
1730244064.442504,4.0
1730244064.4461365,4.0
1730244064.4504344,4.0
1730244064.454146,4.0
1730244064.4582036,4.0
1730244064.4621823,4.0
1730244064.4658484,4.0
1730244064.469898,4.0
1730244064.4743888,4.0
1730244064.4782505,4.0
1730244064.4828331,4.0
1730244064.4853904,4.0
1730244064.4894187,4.0
1730244064.493564,4.0
1730244064.49722,4.0
1730244064.5026314,4.0
1730244064.5062878,4.0
1730244064.5102923,4.0
1730244064.513301,4.0
1730244064.5179093,4.0
1730244064.521236,4.0
1730244064.5258243,4.0
1730244064.529245,4.0
1730244064.5347,4.0
1730244064.5382504,4.0
1730244064.541491,4.0
1730244064.5455627,4.0
1730244064.549899,4.0
1730244064.553674,4.0
1730244064.5578449,4.0
1730244064.5623434,4.0
1730244064.5666113,4.0
1730244064.569666,4.0
1730244064.5736976,4.0
1730244064.577419,4.0
1730244064.5815125,4.0
1730244064.5857918,4.0
1730244064.590737,4.0
1730244064.593838,4.0
1730244064.5973945,4.0
1730244064.6017811,4.0
1730244064.6054287,4.0
1730244064.6097076,4.0
1730244064.6134174,4.0
1730244064.61853,4.0
1730244064.6214292,4.0
1730244064.624802,4.0
1730244064.6294224,4.0
1730244064.6338277,4.0
1730244064.6374078,4.0
1730244064.6417778,4.0
1730244064.64652,4.0
1730244064.6497931,4.0
1730244064.652644,4.0
1730244064.6575215,4.0
1730244064.6616309,4.0
1730244064.6656308,4.0
1730244064.669679,4.0
1730244064.6736193,4.0
1730244064.6775289,4.0
1730244064.6805875,4.0
1730244064.6855772,4.0
1730244064.6896615,4.0
1730244064.6936698,4.0
1730244064.6976051,4.0
1730244064.7015676,4.0
1730244064.705565,4.0
1730244064.708684,4.0
1730244064.712506,4.0
1730244064.717549,4.0
1730244064.721481,4.0
1730244064.725669,4.0
1730244064.7294955,4.0
1730244064.732659,4.0
1730244064.736639,4.0
1730244064.7417758,4.0
1730244064.745572,4.0
1730244064.749705,4.0
1730244064.753854,4.0
1730244064.7567437,4.0
1730244064.7607565,4.0
1730244064.7652483,4.0
1730244064.7699392,4.0
1730244064.773693,4.0
1730244064.7779071,4.0
1730244064.782364,4.0
1730244064.784887,4.0
1730244064.7886128,4.0
1730244064.7930672,4.0
1730244064.7966883,4.0
1730244064.801992,4.0
1730244064.8057845,4.0
1730244064.810155,4.0
1730244064.8127284,4.0
1730244064.8169868,4.0
1730244064.8206704,4.0
1730244064.824907,4.0
1730244064.8297188,4.0
1730244064.8340957,4.0
1730244064.8369043,4.0
1730244064.841124,4.0
1730244064.845186,4.0
1730244064.8494575,4.0
1730244064.8527524,4.0
1730244064.8579338,4.0
1730244064.8620093,4.0
1730244064.8654509,4.0
1730244064.8690364,4.0
1730244064.8729196,4.0
1730244064.8768723,4.0
1730244064.8809078,4.0
1730244064.8852751,4.0
1730244064.8904805,4.0
1730244064.8930883,4.0
1730244064.896909,4.0
1730244064.9014971,4.0
1730244064.9048574,4.0
1730244064.9092317,4.0
1730244064.9129336,4.0
1730244064.9180307,4.0
1730244064.920888,4.0
1730244064.9252217,4.0
1730244064.928867,4.0
1730244064.933229,4.0
1730244064.9369612,4.0
1730244064.941122,4.0
1730244064.945892,4.0
1730244064.9496124,4.0
1730244064.9521637,4.0
1730244064.9572318,4.0
1730244064.961182,4.0
1730244064.9651568,4.0
1730244064.9691744,4.0
1730244064.974356,4.0
1730244064.9770672,4.0
1730244064.9810271,4.0
1730244064.9852536,4.0
1730244064.9891512,4.0
1730244064.9931695,4.0
1730244064.997018,4.0
1730244065.0010016,4.0
1730244065.0039835,4.0
1730244065.008134,4.0
1730244065.013003,4.0
1730244065.017162,4.0
1730244065.020972,4.0
1730244065.0251703,4.0
1730244065.028082,4.0
1730244065.0321815,4.0
1730244065.0370617,4.0
1730244065.0412557,4.0
1730244065.0452003,4.0
1730244065.049749,4.0
1730244065.0534945,4.0
1730244065.0562625,4.0
1730244065.0620966,4.0
1730244065.0656295,4.0
1730244065.0697873,4.0
1730244065.0733657,4.0
1730244065.07728,4.0
1730244065.0801244,4.0
1730244065.0844944,4.0
1730244065.0882185,4.0
1730244065.092572,4.0
1730244065.09725,4.0
1730244065.1015177,4.0
1730244065.1051457,4.0
1730244065.1081705,4.0
1730244065.1121368,4.0
1730244065.1164396,4.0
1730244065.1204765,4.0
1730244065.1244802,4.0
1730244065.1291983,4.0
1730244065.133455,4.0
1730244065.1366856,4.0
1730244065.1409674,4.0
1730244065.144532,4.0
1730244065.1483438,4.0
1730244065.152458,4.0
1730244065.1582808,4.0
1730244065.161235,4.0
1730244065.1657712,4.0
1730244065.168378,4.0
1730244065.172485,4.0
1730244065.1766117,4.0
1730244065.1803212,4.0
1730244065.1857371,4.0
1730244065.189348,4.0
1730244065.1926997,4.0
1730244065.1963131,4.0
1730244065.2004964,4.0
1730244065.2043917,4.0
1730244065.208308,4.0
1730244065.2123818,4.0
1730244065.2166436,4.0
1730244065.21993,4.0
1730244065.2245228,4.0
1730244065.2285416,4.0
1730244065.2326324,4.0
1730244065.236555,4.0
1730244065.2409008,4.0
1730244065.2445407,4.0
1730244065.2475002,4.0
1730244065.2536027,4.0
1730244065.2567365,4.0
1730244065.2606475,4.0
1730244065.2645357,4.0
1730244065.268524,4.0
1730244065.2724066,4.0
1730244065.2755427,4.0
1730244065.280392,4.0
1730244065.2845771,4.0
1730244065.2884347,4.0
1730244065.292699,4.0
1730244065.296464,4.0
1730244065.3005726,4.0
1730244065.303765,4.0
1730244065.3085892,4.0
1730244065.3124385,4.0
1730244065.316755,4.0
1730244065.3205197,4.0
1730244065.3239176,4.0
1730244065.3277488,4.0
1730244065.3321457,4.0
1730244065.3357587,4.0
1730244065.3407316,4.0
1730244065.34518,4.0
1730244065.3487997,4.0
1730244065.3517013,4.0
1730244065.3557088,4.0
1730244065.3597484,4.0
1730244065.3634956,4.0
1730244065.368554,4.0
1730244065.3725774,4.0
1730244065.3767188,4.0
1730244065.379608,4.0
1730244065.3837535,4.0
1730244065.3875637,4.0
1730244065.3918347,4.0
1730244065.3967252,4.0
1730244065.4007478,4.0
1730244065.404678,4.0
1730244065.4077628,4.0
1730244065.4117608,4.0
1730244065.4156876,4.0
1730244065.4200847,4.0
1730244065.4246387,4.0
1730244065.42858,4.0
1730244065.4319313,4.0
1730244065.4360814,4.0
1730244065.4398909,4.0
1730244065.4439356,4.0
1730244065.4478395,4.0
1730244065.452766,4.0
1730244065.4566283,4.0
1730244065.4600596,4.0
1730244065.4638708,4.0
1730244065.467858,4.0
1730244065.471714,4.0
1730244065.476742,4.0
1730244065.479682,4.0
1730244065.484069,4.0
1730244065.4876924,4.0
1730244065.4919903,4.0
1730244065.4967124,4.0
1730244065.5000465,4.0
1730244065.5033612,4.0
1730244065.5078075,4.0
1730244065.5119426,4.0
1730244065.5159523,4.0
1730244065.5200047,4.0
1730244065.5251164,4.0
1730244065.5279024,4.0
1730244065.5308876,4.0
1730244065.53627,4.0
1730244065.5403352,4.0
1730244065.5442812,4.0
1730244065.5478282,4.0
1730244065.552052,4.0
1730244065.555824,4.0
1730244065.5602276,4.0
1730244065.5638535,4.0
1730244065.5680094,4.0
1730244065.5718777,4.0
1730244065.5761693,4.0
1730244065.579846,4.0
1730244065.5843794,4.0
1730244065.586933,4.0
1730244065.5920296,4.0
1730244065.595884,4.0
1730244065.600078,4.0
1730244065.6038842,4.0
1730244065.6070352,4.0
1730244065.61094,4.0
1730244065.6149905,4.0
1730244065.6200287,4.0
1730244065.623978,4.0
1730244065.6279716,4.0
1730244065.631915,4.0
1730244065.6349156,4.0
1730244065.639002,4.0
1730244065.6431391,4.0
1730244065.646943,4.0
1730244065.6519392,4.0
1730244065.6560984,4.0
1730244065.660133,4.0
1730244065.6629848,4.0
1730244065.6671133,4.0
1730244065.6710916,4.0
1730244065.6750896,4.0
1730244065.6800113,4.0
1730244065.6840065,4.0
1730244065.688022,4.0
1730244065.691059,4.0
1730244065.6951523,4.0
1730244065.6990423,4.0
1730244065.703078,4.0
1730244065.708033,4.0
1730244065.7120073,4.0
1730244065.715064,4.0
1730244065.7191434,4.0
1730244065.7230487,4.0
1730244065.7270863,4.0
1730244065.731068,4.0
1730244065.736015,4.0
1730244065.7400568,4.0
1730244065.7430644,4.0
1730244065.7470837,4.0
1730244065.751165,4.0
1730244065.7551196,4.0
1730244065.7591531,4.0
1730244065.7631536,4.0
1730244065.7682388,4.0
1730244065.7710807,4.0
1730244065.7752123,4.0
1730244065.779153,4.0
1730244065.7833614,4.0
1730244065.78717,4.0
1730244070.793174,4.0
1730244070.7973423,4.0
1730244070.803192,4.0
1730244070.8063238,4.0
1730244070.8105855,4.0
1730244070.814287,4.0
1730244070.817372,4.0
1730244070.8213096,4.0
1730244070.8255248,4.0
1730244070.829317,4.0
1730244070.8334746,4.0
1730244070.8382924,4.0
1730244070.842422,4.0
1730244070.8453524,4.0
1730244070.84944,4.0
1730244070.853366,4.0
1730244070.8576071,4.0
1730244070.8615277,4.0
1730244070.8665318,4.0
1730244070.8703485,4.0
1730244070.873522,4.0
1730244070.877417,4.0
1730244070.8815424,4.0
1730244070.8853476,4.0
1730244070.8895164,4.0
1730244070.8944316,4.0
1730244070.8975053,4.0
1730244070.901497,4.0
1730244070.9055493,4.0
1730244070.9094026,4.0
1730244070.9135664,4.0
1730244070.9175656,4.0
1730244070.9225554,4.0
1730244070.9257145,4.0
1730244070.9296114,4.0
1730244070.9334617,4.0
1730244070.937529,4.0
1730244070.9415717,4.0
1730244070.9456103,4.0
1730244070.95061,4.0
1730244070.9535406,4.0
1730244070.9575672,4.0
1730244070.961404,4.0
1730244070.9656012,4.0
1730244070.9694743,4.0
1730244070.97371,4.0
1730244070.9785411,4.0
1730244070.9816196,4.0
1730244070.9854195,4.0
1730244070.9896436,4.0
1730244070.9935968,4.0
1730244070.997625,4.0
1730244071.0016336,4.0
1730244071.0066583,4.0
1730244071.0096464,4.0
1730244071.0126495,4.0
1730244071.0176568,4.0
1730244071.0216815,4.0
1730244071.0256696,4.0
1730244071.0296917,4.0
1730244071.0337136,4.0
1730244071.0366185,4.0
1730244071.0406475,4.0
1730244071.045692,4.0
1730244071.049729,4.0
1730244071.0548117,4.0
1730244071.0578308,4.0
1730244071.0627315,4.0
1730244071.065719,4.0
1730244071.0695872,4.0
1730244071.0727484,4.0
1730244071.076776,4.0
1730244071.0807807,4.0
1730244071.0847616,4.0
1730244071.0898695,4.0
1730244071.09365,4.0
1730244071.097674,4.0
1730244071.100782,4.0
1730244071.1048317,4.0
1730244071.1088312,4.0
1730244071.1128736,4.0
1730244071.117834,4.0
1730244071.1218908,4.0
1730244071.1257906,4.0
1730244071.1288545,4.0
1730244071.132724,4.0
1730244071.1367047,4.0
1730244071.1408713,4.0
1730244071.1496472,4.0
1730244071.1503496,4.0
1730244071.1555145,4.0
1730244071.156916,4.0
1730244071.16355,4.0
1730244071.1647522,4.0
1730244071.168724,4.0
1730244071.1728024,4.0
1730244071.177832,4.0
1730244071.183694,4.0
1730244071.1863935,4.0
1730244071.1889548,4.0
1730244071.1929564,4.0
1730244071.196983,4.0
1730244071.2018611,4.0
1730244071.2058463,4.0
1730244071.2130537,4.0
1730244071.2138605,4.0
1730244071.2167974,4.0
1730244071.2208936,4.0
1730244071.2268603,4.0
1730244071.2361224,4.0
1730244071.236145,4.0
1730244071.237896,4.0
1730244071.241884,4.0
1730244071.2448738,4.0
1730244071.253018,4.0
1730244071.2530365,4.0
1730244071.2603471,4.0
1730244071.2619383,4.0
1730244071.2648969,4.0
1730244071.2690194,4.0
1730244071.2729,4.0
1730244071.276909,4.0
1730244071.2810185,4.0
1730244071.2849517,4.0
1730244071.289998,4.0
1730244071.2929397,4.0
1730244071.2993257,4.0
1730244071.3010256,4.0
1730244071.305078,4.0
1730244071.3090503,4.0
1730244071.317155,4.0
1730244071.317182,4.0
1730244071.3220208,4.0
1730244071.324015,4.0
1730244071.3291466,4.0
1730244071.333033,4.0
1730244071.3371613,4.0
1730244071.3411555,4.0
1730244071.3440635,4.0
1730244071.3481295,4.0
1730244071.3524444,4.0
1730244071.356111,4.0
1730244071.361091,4.0
1730244071.365177,4.0
1730244071.369097,4.0
1730244071.3732903,4.0
1730244071.3763084,4.0
1730244071.3802433,4.0
1730244071.3843083,4.0
1730244071.3893187,4.0
1730244071.3933043,4.0
1730244071.397215,4.0
1730244071.4002748,4.0
1730244071.4043589,4.0
1730244071.4085138,4.0
1730244071.4123197,4.0
1730244071.4174523,4.0
1730244071.4215977,4.0
1730244071.4244187,4.0
1730244071.4282956,4.0
1730244071.432362,4.0
1730244071.4363136,4.0
1730244071.4405782,4.0
1730244071.444376,4.0
1730244071.4495597,4.0
1730244071.4523473,4.0
1730244071.4563425,4.0
1730244071.4603183,4.0
1730244071.4645195,4.0
1730244071.468387,4.0
1730244071.4724364,4.0
1730244071.4773476,4.0
1730244071.4805305,4.0
1730244071.4845047,4.0
1730244071.4885316,4.0
1730244071.4924524,4.0
1730244071.4965577,4.0
1730244071.5005486,4.0
1730244071.5055482,4.0
1730244071.5084565,4.0
1730244071.512519,4.0
1730244071.5165362,4.0
1730244071.5205011,4.0
1730244071.5245287,4.0
1730244071.5285397,4.0
1730244071.5335495,4.0
1730244071.5363855,4.0
1730244071.540609,4.0
1730244071.5444033,4.0
1730244071.5485773,4.0
1730244071.5524487,4.0
1730244071.5566585,4.0
1730244071.560433,4.0
1730244071.5636168,4.0
1730244071.5684135,4.0
1730244071.572602,4.0
1730244071.5766213,4.0
1730244071.5806236,4.0
1730244071.584646,4.0
1730244071.5886557,4.0
1730244071.5915773,4.0
1730244071.5956323,4.0
1730244071.6006544,4.0
1730244071.6046667,4.0
1730244071.6086605,4.0
1730244071.6126463,4.0
1730244071.6156974,4.0
1730244071.6195242,4.0
1730244071.6236951,4.0
1730244071.6286895,4.0
1730244071.6326497,4.0
1730244071.6366136,4.0
1730244071.640597,4.0
1730244071.643538,4.0
1730244071.647755,4.0
1730244071.6517975,4.0
1730244071.6567333,4.0
1730244071.660614,4.0
1730244071.6647637,4.0
1730244071.6677642,4.0
1730244071.671754,4.0
1730244071.6758008,4.0
1730244071.6796265,4.0
1730244071.6837456,4.0
1730244071.6887996,4.0
1730244071.692798,4.0
1730244071.6958137,4.0
1730244071.699813,4.0
1730244071.7038205,4.0
1730244071.7078102,4.0
1730244071.7118337,4.0
1730244071.7169127,4.0
1730244071.7207315,4.0
1730244071.7238407,4.0
1730244071.7277112,4.0
1730244071.7318568,4.0
1730244071.7357912,4.0
1730244071.7400548,4.0
1730244071.7447567,4.0
1730244071.748868,4.0
1730244071.7517197,4.0
1730244071.7559123,4.0
1730244071.7599852,4.0
1730244071.763906,4.0
1730244071.767904,4.0
1730244071.7727773,4.0
1730244071.775908,4.0
1730244071.779936,4.0
1730244071.7839425,4.0
1730244071.7879598,4.0
1730244071.7919796,4.0
1730244071.7959807,4.0
1730244071.8009088,4.0
1730244071.8039236,4.0
1730244071.8069136,4.0
1730244071.8120048,4.0
1730244071.816028,4.0
1730244071.8198116,4.0
1730244071.8240256,4.0
1730244071.829026,4.0
1730244071.831915,4.0
1730244071.8349693,4.0
1730244071.8400192,4.0
1730244071.8438845,4.0
1730244071.8480675,4.0
1730244071.851924,4.0
1730244071.8564062,4.0
1730244071.8599193,4.0
1730244071.8651934,4.0
1730244071.868152,4.0
1730244071.8721807,4.0
1730244071.876068,4.0
1730244071.8802085,4.0
1730244071.8843226,4.0
1730244071.888172,4.0
1730244071.8913455,4.0
1730244071.8961987,4.0
1730244071.9001913,4.0
1730244071.9041417,4.0
1730244071.9082274,4.0
1730244071.91103,4.0
1730244071.9152253,4.0
1730244071.9190185,4.0
1730244071.923032,4.0
1730244071.9280727,4.0
1730244071.932125,4.0
1730244071.9362593,4.0
1730244071.9403908,4.0
1730244071.945191,4.0
1730244071.948279,4.0
1730244071.951444,4.0
1730244071.9562917,4.0
1730244071.9602115,4.0
1730244071.965592,4.0
1730244071.9692578,4.0
1730244071.9722753,4.0
1730244071.9754248,4.0
1730244071.9794755,4.0
1730244071.9836369,4.0
1730244071.9882317,4.0
1730244071.9924965,4.0
1730244071.995258,4.0
1730244071.999478,4.0
1730244072.0031905,4.0
1730244072.007874,4.0
1730244072.0113528,4.0
1730244072.016486,4.0
1730244072.0193348,4.0
1730244072.0237668,4.0
1730244072.0273013,4.0
1730244072.0314395,4.0
1730244072.0352788,4.0
1730244072.039748,4.0
1730244072.0443015,4.0
1730244072.047539,4.0
1730244072.0515852,4.0
1730244072.05558,4.0
1730244072.059644,4.0
1730244072.0638938,4.0
1730244072.067865,4.0
1730244072.0725129,4.0
1730244072.0757568,4.0
1730244072.0796523,4.0
1730244072.0839252,4.0
1730244072.0875163,4.0
1730244072.0915277,4.0
1730244072.0954242,4.0
1730244072.0998538,4.0
1730244072.1036327,4.0
1730244072.1067429,4.0
1730244072.1113777,4.0
1730244072.1159115,4.0
1730244072.1194105,4.0
1730244072.123681,4.0
1730244072.1294124,4.0
1730244072.132599,4.0
1730244072.135404,4.0
1730244072.1395352,4.0
1730244072.1435225,4.0
1730244072.1475124,4.0
1730244072.1517303,4.0
1730244072.1551375,4.0
1730244072.1585834,4.0
1730244072.1626215,4.0
1730244072.1675029,4.0
1730244072.1719348,4.0
1730244072.1757264,4.0
1730244072.1795623,4.0
1730244072.1827097,4.0
1730244072.186522,4.0
1730244072.1907463,4.0
1730244072.1955445,4.0
1730244072.1999283,4.0
1730244072.203684,4.0
1730244072.207922,4.0
1730244072.210531,4.0
1730244072.2147906,4.0
1730244072.2185018,4.0
1730244072.2227232,4.0
1730244072.2275732,4.0
1730244072.2317393,4.0
1730244072.2355864,4.0
1730244072.2397392,4.0
1730244072.2427337,4.0
1730244072.2466652,4.0
1730244072.251579,4.0
1730244072.255778,4.0
1730244072.2597716,4.0
1730244072.2632952,4.0
1730244072.2669792,4.0
1730244072.2707503,4.0
1730244072.274768,4.0
1730244072.2786682,4.0
1730244072.2838297,4.0
1730244072.2878408,4.0
1730244072.2907188,4.0
1730244072.2947347,4.0
1730244072.2988293,4.0
1730244072.302858,4.0
1730244072.3070595,4.0
1730244072.3117604,4.0
1730244072.315844,4.0
1730244072.3187044,4.0
1730244072.3228655,4.0
1730244072.327701,4.0
1730244072.3318744,4.0
1730244072.3348196,4.0
1730244072.3387997,4.0
1730244072.346676,4.0
1730244072.3466969,4.0
1730244072.3507383,4.0
1730244072.3599076,4.0
1730244072.359939,4.0
1730244072.371014,4.0
1730244072.3710306,4.0
1730244072.3710368,4.0
1730244072.3737996,4.0
1730244072.3787427,4.0
1730244072.382844,4.0
1730244072.3867548,4.0
1730244072.390791,4.0
1730244072.3948517,4.0
1730244072.3988154,4.0
1730244072.401742,4.0
1730244072.4058025,4.0
1730244072.4119864,4.0
1730244072.4148977,4.0
1730244072.4188347,4.0
1730244072.424844,4.0
1730244072.4318264,4.0
1730244072.4318411,4.0
1730244072.434832,4.0
1730244072.4388328,4.0
1730244072.442875,4.0
1730244072.446926,4.0
1730244072.451691,4.0
1730244072.4543796,4.0
1730244072.4579291,4.0
1730244072.4620128,4.0
1730244072.470536,4.0
1730244072.4710684,4.0
1730244072.4788277,4.0
1730244072.478902,4.0
1730244072.4818976,4.0
1730244072.4885485,4.0
1730244072.49011,4.0
1730244072.4939692,4.0
1730244072.5008717,4.0
1730244072.5030124,4.0
1730244072.5071945,4.0
1730244072.510576,4.0
1730244072.5140347,4.0
1730244072.5181592,4.0
1730244072.5229285,4.0
1730244072.5329826,4.0
1730244072.5329993,4.0
1730244072.5341165,4.0
1730244072.538169,4.0
1730244072.5421944,4.0
1730244072.5497046,4.0
1730244072.5502188,4.0
1730244072.555688,4.0
1730244072.5593443,4.0
1730244072.5623038,4.0
1730244072.5662634,4.0
1730244072.570355,4.0
1730244072.5745864,4.0
1730244072.5781608,4.0
1730244072.5824063,4.0
1730244072.5874848,4.0
1730244072.5903316,4.0
1730244072.5942388,4.0
1730244072.5983944,4.0
1730244072.6022165,4.0
1730244072.6064167,4.0
1730244072.6111977,4.0
1730244072.6144898,4.0
1730244072.618161,4.0
1730244072.622653,4.0
1730244072.6265411,4.0
1730244072.6305456,4.0
1730244072.6345868,4.0
1730244072.6394846,4.0
1730244072.6430335,4.0
1730244072.6468167,4.0
1730244072.6505222,4.0
1730244072.654534,4.0
1730244072.6584072,4.0
1730244072.662486,4.0
1730244072.6664543,4.0
1730244072.6703136,4.0
1730244072.6734307,4.0
1730244072.677474,4.0
1730244072.6826365,4.0
1730244072.6864424,4.0
1730244072.690688,4.0
1730244072.6968064,4.0
1730244072.6997664,4.0
1730244072.7024364,4.0
1730244072.7066233,4.0
1730244072.7103646,4.0
1730244072.7147138,4.0
1730244072.718573,4.0
1730244072.7229123,4.0
1730244072.7265985,4.0
1730244072.7296293,4.0
1730244072.7345598,4.0
1730244072.738549,4.0
1730244072.7427204,4.0
1730244072.7466152,4.0
1730244072.7497675,4.0
1730244072.753409,4.0
1730244072.757542,4.0
1730244072.7613816,4.0
1730244072.766606,4.0
1730244072.7705548,4.0
1730244072.7746172,4.0
1730244072.777433,4.0
1730244072.7816136,4.0
1730244072.7855098,4.0
1730244072.7896168,4.0
1730244072.7944815,4.0
1730244072.798632,4.0
1730244072.8025143,4.0
1730244072.8056388,4.0
1730244072.809584,4.0
1730244072.8136628,4.0
1730244072.8176093,4.0
1730244072.8216,4.0
1730244072.8264952,4.0
1730244072.830788,4.0
1730244072.8339336,4.0
1730244072.8376667,4.0
1730244072.8417115,4.0
1730244072.8458552,4.0
1730244072.8498344,4.0
1730244072.8552537,4.0
1730244072.858811,4.0
1730244072.8616493,4.0
1730244072.8658636,4.0
1730244072.8696797,4.0
1730244072.87415,4.0
1730244072.8776543,4.0
1730244072.88285,4.0
1730244072.885616,4.0
1730244072.8897502,4.0
1730244072.8936346,4.0
1730244072.89789,4.0
1730244072.9016306,4.0
1730244072.9059815,4.0
1730244072.9108524,4.0
1730244072.914122,4.0
1730244072.9178329,4.0
1730244072.9218867,4.0
1730244072.9262276,4.0
1730244072.9298437,4.0
1730244072.9338408,4.0
1730244072.938854,4.0
1730244072.9418252,4.0
1730244072.9457824,4.0
1730244072.949828,4.0
1730244072.9539392,4.0
1730244072.9577975,4.0
1730244072.961778,4.0
1730244072.9668636,4.0
1730244072.9698052,4.0
1730244072.9741633,4.0
1730244072.9777343,4.0
1730244072.9821954,4.0
1730244072.9857905,4.0
1730244072.9901202,4.0
1730244072.9937608,4.0
1730244072.9968665,4.0
1730244073.0012455,4.0
1730244073.0061653,4.0
1730244073.0098245,4.0
1730244073.013981,4.0
1730244073.0178535,4.0
1730244073.02196,4.0
1730244073.0251486,4.0
1730244073.0290737,4.0
1730244073.0343904,4.0
1730244073.0380452,4.0
1730244073.0421453,4.0
1730244073.0465631,4.0
1730244073.050192,4.0
1730244073.0529275,4.0
1730244073.0574927,4.0
1730244073.0608714,4.0
1730244073.0661993,4.0
1730244073.070053,4.0
1730244073.0741372,4.0
1730244073.0769067,4.0
1730244073.081139,4.0
1730244073.0870185,4.0
1730244073.0901735,4.0
1730244073.0939186,4.0
1730244073.0981152,4.0
1730244073.1011484,4.0
1730244073.10517,4.0
1730244073.1095808,4.0
1730244073.1134129,4.0
1730244073.1170635,4.0
1730244073.1222012,4.0
1730244073.1261504,4.0
1730244073.1289885,4.0
1730244073.1332402,4.0
1730244073.137185,4.0
1730244073.1411896,4.0
1730244073.1450355,4.0
1730244073.1496308,4.0
1730244073.154288,4.0
1730244073.1570776,4.0
1730244073.1610875,4.0
1730244073.1653967,4.0
1730244073.169125,4.0
1730244073.175554,4.0
1730244073.1780837,4.0
1730244073.1825612,4.0
1730244073.1850724,4.0
1730244073.1892524,4.0
1730244073.193072,4.0
1730244073.1973567,4.0
1730244073.2013953,4.0
1730244073.205308,4.0
1730244073.2095485,4.0
1730244073.21216,4.0
1730244073.2173777,4.0
1730244073.2215605,4.0
1730244073.2255292,4.0
1730244073.2292256,4.0
1730244073.2333694,4.0
1730244073.237418,4.0
1730244073.240378,4.0
1730244073.2441487,4.0
1730244073.249612,4.0
1730244073.2531595,4.0
1730244073.257341,4.0
1730244073.2611792,4.0
1730244073.2655723,4.0
1730244073.26814,4.0
1730244073.2736623,4.0
1730244073.2773063,4.0
1730244073.2816465,4.0
1730244073.285288,4.0
1730244073.2894762,4.0
1730244073.292519,4.0
1730244073.2967005,4.0
1730244073.300439,4.0
1730244073.3055165,4.0
1730244073.3095095,4.0
1730244073.3135085,4.0
1730244073.3175392,4.0
1730244073.321689,4.0
1730244073.3257866,4.0
1730244073.3283908,4.0
1730244073.3332574,4.0
1730244073.337587,4.0
1730244073.3414805,4.0
1730244073.3444598,4.0
1730244073.348558,4.0
1730244073.3524,4.0
1730244073.3566084,4.0
1730244073.361366,4.0
1730244073.3654947,4.0
1730244073.3693662,4.0
1730244073.3728764,4.0
1730244073.3763444,4.0
1730244073.380601,4.0
1730244073.3845809,4.0
1730244073.3896215,4.0
1730244073.393339,4.0
1730244073.3973968,4.0
1730244073.4008603,4.0
1730244073.4049928,4.0
1730244073.4084537,4.0
1730244073.4127047,4.0
1730244073.416526,4.0
1730244073.4216764,4.0
1730244073.425973,4.0
1730244073.4284742,4.0
1730244073.4327283,4.0
1730244073.4365497,4.0
1730244073.4406693,4.0
1730244073.4455044,4.0
1730244073.4499283,4.0
1730244073.452548,4.0
1730244073.4567213,4.0
1730244073.4615133,4.0
1730244073.46579,4.0
1730244073.468538,4.0
1730244073.4727376,4.0
1730244073.4774215,4.0
1730244073.4817624,4.0
1730244073.484724,4.0
1730244073.489658,4.0
1730244073.493542,4.0
1730244073.498552,4.0
1730244073.5025527,4.0
1730244073.5057228,4.0
1730244073.5086064,4.0
1730244073.512907,4.0
1730244073.5166924,4.0
1730244073.5209267,4.0
1730244073.524763,4.0
1730244073.528659,4.0
1730244073.5444467,4.0
1730244073.5445406,4.0
1730244073.5445535,4.0
1730244073.544565,4.0
1730244073.5488873,4.0
1730244073.552628,4.0
1730244073.5621665,4.0
1730244073.5621967,4.0
1730244073.5753136,4.0
1730244073.5753405,4.0
1730244073.575352,4.0
1730244073.5797088,4.0
1730244073.5805976,4.0
1730244073.5866604,4.0
1730244073.5896246,4.0
1730244073.5926237,4.0
1730244073.5957084,4.0
1730244073.6007707,4.0
1730244073.604912,4.0
1730244073.6086464,4.0
1730244073.6165955,4.0
1730244073.6166232,4.0
1730244073.6197264,4.0
1730244073.628543,4.0
1730244073.62866,4.0
1730244073.6366746,4.0
1730244073.636691,4.0
1730244073.640702,4.0
1730244073.6464088,4.0
1730244073.6476738,4.0
1730244073.6538744,4.0
1730244073.6617072,4.0
1730244073.6617296,4.0
1730244073.6659715,4.0
1730244073.6700077,4.0
1730244073.6735055,4.0
1730244073.67582,4.0
1730244073.6807325,4.0
1730244073.6837616,4.0
1730244073.688742,4.0
1730244073.692747,4.0
1730244073.6957743,4.0
1730244073.7024505,4.0
1730244073.7052724,4.0
1730244073.707991,4.0
1730244073.7120235,4.0
1730244073.717448,4.0
1730244073.7229187,4.0
1730244073.7261937,4.0
1730244073.730396,4.0
1730244073.7328444,4.0
1730244073.73592,4.0
1730244073.7400403,4.0
1730244073.7460573,4.0
1730244073.7493844,4.0
1730244073.7530365,4.0
1730244073.7562096,4.0
1730244073.759966,4.0
1730244073.764335,4.0
1730244073.7679484,4.0
1730244073.7721229,4.0
1730244073.776916,4.0
1730244073.7800748,4.0
1730244073.784147,4.0
1730244073.7880783,4.0
1730244073.7921495,4.0
1730244073.7961347,4.0
1730244073.8001215,4.0
1730244073.804152,4.0
1730244073.8100636,4.0
1730244073.8132043,4.0
1730244073.8171816,4.0
1730244073.820214,4.0
1730244073.8232152,4.0
1730244073.8280537,4.0
1730244073.8322096,4.0
1730244073.8361018,4.0
1730244073.8402412,4.0
1730244073.8452222,4.0
1730244073.848089,4.0
1730244073.851256,4.0
1730244073.856424,4.0
1730244073.8601823,4.0
1730244073.8646655,4.0
1730244073.8681192,4.0
1730244073.8724513,4.0
1730244073.876289,4.0
1730244073.879707,4.0
1730244073.8845785,4.0
1730244073.8881586,4.0
1730244073.8926268,4.0
1730244073.8964348,4.0
1730244073.899461,4.0
1730244073.9033248,4.0
1730244073.907411,4.0
1730244073.91283,4.0
1730244073.9165647,4.0
1730244073.9205675,4.0
1730244073.924446,4.0
1730244073.9272203,4.0
1730244073.9315853,4.0
1730244073.9352992,4.0
1730244073.9395025,4.0
1730244073.94421,4.0
1730244073.9483662,4.0
1730244073.952343,4.0
1730244073.9556,4.0
1730244073.959551,4.0
1730244073.9635408,4.0
1730244073.9674177,4.0
1730244073.9724553,4.0
1730244073.9763036,4.0
1730244073.9805095,4.0
1730244073.983544,4.0
1730244073.9879715,4.0
1730244073.9916396,4.0
1730244073.995867,4.0
1730244074.0007408,4.0
1730244074.0046916,4.0
1730244074.0073977,4.0
1730244074.011347,4.0
1730244074.0157306,4.0
1730244074.0195515,4.0
1730244074.023734,4.0
1730244074.0284567,4.0
1730244074.0326257,4.0
1730244074.0353866,4.0
1730244074.0397403,4.0
1730244074.0434031,4.0
1730244074.047913,4.0
1730244074.0513952,4.0
1730244074.0568645,4.0
1730244074.0603976,4.0
1730244074.0637093,4.0
1730244074.0676243,4.0
1730244074.07179,4.0
1730244074.0756528,4.0
1730244074.0796635,4.0
1730244074.0836291,4.0
1730244074.088626,4.0
1730244074.0920131,4.0
1730244074.0958211,4.0
1730244074.0999248,4.0
1730244074.1041703,4.0
1730244074.1076477,4.0
1730244074.1115437,4.0
1730244074.1166549,4.0
1730244074.1194978,4.0
1730244074.1237855,4.0
1730244074.127497,4.0
1730244074.1317968,4.0
1730244074.1355827,4.0
1730244074.1399336,4.0
1730244074.1435502,4.0
1730244074.1468785,4.0
1730244074.151575,4.0
1730244074.1557512,4.0
1730244074.1596076,4.0
1730244074.1637533,4.0
1730244074.167726,4.0
1730244074.1717443,4.0
1730244074.175048,4.0
1730244074.1788597,4.0
1730244074.18392,4.0
1730244074.1878505,4.0
1730244074.1917903,4.0
1730244074.1962073,4.0
1730244074.1997771,4.0
1730244074.2027247,4.0
1730244074.2067976,4.0
1730244074.2117977,4.0
1730244074.2157938,4.0
1730244074.2196243,4.0
1730244074.2237823,4.0
1730244074.2276368,4.0
1730244074.230631,4.0
1730244074.2346096,4.0
1730244074.23981,4.0
1730244074.243755,4.0
1730244074.2478125,4.0
1730244074.2508528,4.0
1730244074.2549324,4.0
1730244074.2588131,4.0
1730244074.2630184,4.0
1730244074.2677476,4.0
1730244074.2721083,4.0
1730244074.2760234,4.0
1730244074.278994,4.0
1730244074.283004,4.0
1730244074.2869153,4.0
1730244074.291181,4.0
1730244074.2950125,4.0
1730244074.299996,4.0
1730244074.3044393,4.0
1730244074.3069415,4.0
1730244074.3108125,4.0
1730244074.3153265,4.0
1730244074.318794,4.0
1730244074.323354,4.0
1730244074.3277702,4.0
1730244074.3321853,4.0
1730244074.334902,4.0
1730244074.339104,4.0
1730244074.3428135,4.0
1730244074.3470223,4.0
1730244074.3511405,4.0
1730244074.3562467,4.0
1730244074.3598697,4.0
1730244074.363088,4.0
1730244074.3670216,4.0
1730244074.3712776,4.0
1730244074.3751223,4.0
1730244074.3795283,4.0
1730244074.3840623,4.0
1730244074.3870225,4.0
1730244074.3911548,4.0
1730244074.3952389,4.0
1730244074.399218,4.0
1730244074.4030845,4.0
1730244074.4070215,4.0
1730244074.4110389,4.0
1730244074.415176,4.0
1730244074.4179428,4.0
1730244074.4230027,4.0
1730244074.42695,4.0
1730244074.4313743,4.0
1730244074.4350114,4.0
1730244074.4403503,4.0
1730244074.442973,4.0
1730244074.4481883,4.0
1730244074.4510477,4.0
1730244074.455233,4.0
1730244074.459122,4.0
1730244074.463235,4.0
1730244074.4675324,4.0
1730244074.471442,4.0
1730244074.4744043,4.0
1730244074.4796472,4.0
1730244074.483461,4.0
1730244074.4873383,4.0
1730244074.491242,4.0
1730244074.4940546,4.0
1730244074.49814,4.0
1730244074.5021226,4.0
1730244074.5062716,4.0
1730244074.5111303,4.0
1730244074.5153413,4.0
1730244074.5190823,4.0
1730244074.52239,4.0
1730244074.5261111,4.0
1730244074.5302775,4.0
1730244074.534332,4.0
1730244074.539526,4.0
1730244074.543151,4.0
1730244074.547423,4.0
1730244074.5503888,4.0
1730244074.5543463,4.0
1730244074.5582252,4.0
1730244074.5622473,4.0
1730244074.5675635,4.0
1730244074.5717585,4.0
1730244074.5756435,4.0
1730244074.5782633,4.0
1730244074.5824714,4.0
1730244074.5861883,4.0
1730244074.5905468,4.0
1730244074.5959153,4.0
1730244074.600046,4.0
1730244074.6023383,4.0
1730244074.606469,4.0
1730244074.6102653,4.0
1730244074.61482,4.0
1730244074.6182444,4.0
1730244074.622446,4.0
1730244074.62732,4.0
1730244074.6305456,4.0
1730244074.634387,4.0
1730244074.638445,4.0
1730244074.6425653,4.0
1730244074.646468,4.0
1730244074.6505628,4.0
1730244074.6558137,4.0
1730244074.6585937,4.0
1730244074.6628242,4.0
1730244074.6665976,4.0
1730244074.6709216,4.0
1730244074.6744435,4.0
1730244074.6784625,4.0
1730244074.683565,4.0
1730244074.686609,4.0
1730244074.690658,4.0
1730244074.6944587,4.0
1730244074.6985407,4.0
1730244074.7023532,4.0
1730244074.7167687,4.0
1730244074.716812,4.0
1730244074.7168264,4.0
1730244074.7188375,4.0
1730244074.722564,4.0
1730244074.7264743,4.0
1730244074.730756,4.0
1730244074.734424,4.0
1730244074.739745,4.0
1730244074.741482,4.0
1730244074.7556987,4.0
1730244074.7557263,4.0
1730244074.7557385,4.0
1730244074.7584536,4.0
1730244074.762568,4.0
1730244074.7656107,4.0
1730244074.769882,4.0
1730244074.7734191,4.0
1730244074.778437,4.0
1730244074.7825265,4.0
1730244074.7864568,4.0
1730244074.790481,4.0
1730244074.7945716,4.0
1730244074.8001893,4.0
1730244074.8024771,4.0
1730244074.8065104,4.0
1730244074.8118913,4.0
1730244074.820208,4.0
1730244074.8202252,4.0
1730244074.8214984,4.0
1730244074.825645,4.0
1730244074.8296845,4.0
1730244074.8368936,4.0
1730244074.8395212,4.0
1730244074.8425112,4.0
1730244074.8487604,4.0
1730244074.8557189,4.0
1730244074.8557358,4.0
1730244074.8576095,4.0
1730244074.86263,4.0
1730244074.866614,4.0
1730244074.870644,4.0
1730244074.8737342,4.0
1730244074.8777027,4.0
1730244074.8816829,4.0
1730244074.885738,4.0
1730244074.889825,4.0
1730244074.8949037,4.0
1730244074.8987453,4.0
1730244074.901724,4.0
1730244074.905866,4.0
1730244074.9097087,4.0
1730244074.9140728,4.0
1730244074.917884,4.0
1730244074.9219596,4.0
1730244074.9267943,4.0
1730244074.9297953,4.0
1730244074.933908,4.0
1730244074.9378934,4.0
1730244074.942355,4.0
1730244074.9461703,4.0
1730244074.9500844,4.0
1730244074.954384,4.0
1730244074.9568636,4.0
1730244074.9624915,4.0
1730244074.9663694,4.0
1730244074.9700134,4.0
1730244074.974017,4.0
1730244074.977929,4.0
1730244074.982268,4.0
1730244074.9859395,4.0
1730244074.9900637,4.0
1730244074.9938235,4.0
1730244074.997996,4.0
1730244075.0018928,4.0
1730244075.0060265,4.0
1730244075.0089817,4.0
1730244075.012998,4.0
1730244075.0178866,4.0
1730244075.0221536,4.0
1730244075.026059,4.0
1730244075.030122,4.0
1730244075.0342517,4.0
1730244075.0380528,4.0
1730244075.04125,4.0
1730244075.046194,4.0
1730244075.0502644,4.0
1730244075.054226,4.0
1730244075.058097,4.0
1730244075.0626316,4.0
1730244075.0662904,4.0
1730244075.0690513,4.0
1730244075.0745103,4.0
1730244075.078122,4.0
1730244075.0821736,4.0
1730244075.0860188,4.0
1730244075.0892217,4.0
1730244075.0930438,4.0
1730244075.0971785,4.0
1730244075.1010287,4.0
1730244075.106228,4.0
1730244075.109994,4.0
1730244075.1143205,4.0
1730244075.117185,4.0
1730244075.121345,4.0
1730244075.125516,4.0
1730244075.1295688,4.0
1730244075.1341853,4.0
1730244075.138217,4.0
1730244075.1422849,4.0
1730244075.1457033,4.0
1730244075.1497624,4.0
1730244075.1531963,4.0
1730244075.1573749,4.0
1730244075.162779,4.0
1730244075.1667583,4.0
1730244075.170621,4.0
1730244075.1734016,4.0
1730244075.1771395,4.0
1730244075.1815753,4.0
1730244075.1851633,4.0
1730244075.1893506,4.0
1730244075.194254,4.0
1730244075.1983037,4.0
1730244075.2011464,4.0
1730244075.2055652,4.0
1730244075.2093084,4.0
1730244075.2134197,4.0
1730244075.2175498,4.0
1730244075.2224264,4.0
1730244075.225272,4.0
1730244075.2294505,4.0
1730244075.2337425,4.0
1730244075.2378287,4.0
1730244075.241295,4.0
1730244075.245937,4.0
1730244075.2505472,4.0
1730244075.2534847,4.0
1730244075.2575128,4.0
1730244075.2612956,4.0
1730244075.2655363,4.0
1730244075.2692554,4.0
1730244075.2734947,4.0
1730244075.2783372,4.0
1730244075.2814915,4.0
1730244075.2852812,4.0
1730244075.2898393,4.0
1730244075.2933097,4.0
1730244075.2980094,4.0
1730244075.3013933,4.0
1730244075.30469,4.0
1730244075.308401,4.0
1730244075.3129115,4.0
1730244075.3175204,4.0
1730244075.321536,4.0
1730244075.325488,4.0
1730244075.3298223,4.0
1730244075.333886,4.0
1730244075.3366914,4.0
1730244075.3405068,4.0
1730244075.3456547,4.0
1730244075.349707,4.0
1730244075.3536825,4.0
1730244075.3574388,4.0
1730244075.3604162,4.0
1730244075.36465,4.0
1730244075.3683937,4.0
1730244075.3737824,4.0
1730244075.3775651,4.0
1730244075.381616,4.0
1730244075.385492,4.0
1730244075.38859,4.0
1730244075.3924932,4.0
1730244075.3967571,4.0
1730244075.4006956,4.0
1730244075.4057274,4.0
1730244075.4096332,4.0
1730244075.4137468,4.0
1730244075.4165728,4.0
1730244075.4209151,4.0
1730244075.4247346,4.0
1730244075.4287765,4.0
1730244075.433772,4.0
1730244075.437599,4.0
1730244075.4408407,4.0
1730244075.4447534,4.0
1730244075.4485755,4.0
1730244075.452607,4.0
1730244075.4568572,4.0
1730244075.4622543,4.0
1730244075.465898,4.0
1730244075.4686158,4.0
1730244075.4727304,4.0
1730244075.4765532,4.0
1730244075.4807873,4.0
1730244075.4846303,4.0
1730244075.4889176,4.0
1730244075.49374,4.0
1730244075.4968483,4.0
1730244075.5008354,4.0
1730244075.5048215,4.0
1730244075.5087245,4.0
1730244075.5129132,4.0
1730244075.5176682,4.0
1730244075.5218177,4.0
1730244075.5248053,4.0
1730244075.528823,4.0
1730244075.5328257,4.0
1730244075.5368547,4.0
1730244075.5411887,4.0
1730244075.5449755,4.0
1730244075.5488472,4.0
1730244075.5517285,4.0
1730244075.5568366,4.0
1730244075.5608249,4.0
1730244075.5652435,4.0
1730244075.5687835,4.0
1730244075.5733633,4.0
1730244075.5767405,4.0
1730244075.5800483,4.0
1730244075.584098,4.0
1730244075.5890696,4.0
1730244075.5928247,4.0
1730244075.5969372,4.0
1730244075.600834,4.0
1730244075.60501,4.0
1730244075.6078537,4.0
1730244075.6118536,4.0
1730244075.61688,4.0
1730244075.6209755,4.0
1730244075.6249971,4.0
1730244075.6289952,4.0
1730244075.631882,4.0
1730244075.6358657,4.0
1730244075.6409993,4.0
1730244075.6450467,4.0
1730244075.6489463,4.0
1730244075.6529076,4.0
1730244075.656907,4.0
1730244075.6598957,4.0
1730244075.6640208,4.0
1730244075.66793,4.0
1730244075.672917,4.0
1730244075.6769311,4.0
1730244075.681085,4.0
1730244075.6838896,4.0
1730244075.6880443,4.0
1730244075.692072,4.0
1730244075.6960337,4.0
1730244075.700904,4.0
1730244075.7050183,4.0
1730244075.7089355,4.0
1730244075.712082,4.0
1730244075.71607,4.0
1730244075.720048,4.0
1730244075.7240286,4.0
1730244075.7290995,4.0
1730244075.7330284,4.0
1730244075.7370777,4.0
1730244075.7400534,4.0
1730244075.7442212,4.0
1730244075.7480328,4.0
1730244075.7519572,4.0
1730244075.7561705,4.0
1730244075.7611873,4.0
1730244075.7652223,4.0
1730244075.7680552,4.0
1730244075.7720847,4.0
1730244075.776028,4.0
1730244075.7801,4.0
1730244075.7840755,4.0
1730244075.789276,4.0
1730244075.792122,4.0
1730244075.7962449,4.0
1730244075.8002424,4.0
1730244075.804182,4.0
1730244075.808056,4.0
1730244075.812202,4.0
1730244075.8171475,4.0
1730244075.8202107,4.0
1730244075.824094,4.0
1730244080.878066,4.0
1730244080.8821642,4.0
1730244080.8860073,4.0
1730244080.8901348,4.0
1730244080.8950996,4.0
1730244080.899073,4.0
1730244080.9032338,4.0
1730244080.90635,4.0
1730244080.910051,4.0
1730244080.915244,4.0
1730244080.91924,4.0
1730244080.922227,4.0
1730244080.927251,4.0
1730244080.931216,4.0
1730244080.9342318,4.0
1730244080.938278,4.0
1730244080.9420931,4.0
1730244080.9462812,4.0
1730244080.9501307,4.0
1730244080.9553034,4.0
1730244080.9581764,4.0
1730244080.962304,4.0
1730244080.9661343,4.0
1730244080.9704256,4.0
1730244080.9741569,4.0
1730244080.9783475,4.0
1730244080.9832125,4.0
1730244080.9873931,4.0
1730244080.9903786,4.0
1730244080.994387,4.0
1730244080.9984028,4.0
1730244081.0025234,4.0
1730244081.008331,4.0
1730244081.0114734,4.0
1730244081.0144975,4.0
1730244081.0174527,4.0
1730244081.0224743,4.0
1730244081.0265346,4.0
1730244081.030514,4.0
1730244081.0344653,4.0
1730244081.0385056,4.0
1730244081.0424323,4.0
1730244081.0454683,4.0
1730244081.0504904,4.0
1730244081.054462,4.0
1730244081.0583453,4.0
1730244081.0625217,4.0
1730244081.0664067,4.0
1730244081.0695632,4.0
1730244081.0735612,4.0
1730244081.0774572,4.0
1730244081.0824108,4.0
1730244081.0874488,4.0
1730244081.0914135,4.0
1730244081.094532,4.0
1730244081.097555,4.0
1730244081.1014411,4.0
1730244081.105595,4.0
1730244081.110467,4.0
1730244081.114581,4.0
1730244081.1186028,4.0
1730244081.1215627,4.0
1730244081.1256175,4.0
1730244081.1296203,4.0
1730244081.1335185,4.0
1730244081.1386485,4.0
1730244081.142648,4.0
1730244081.1466837,4.0
1730244081.1495202,4.0
1730244081.1536622,4.0
1730244081.1574893,4.0
1730244081.1615348,4.0
1730244081.1665084,4.0
1730244081.1705165,4.0
1730244081.17449,4.0
1730244081.1777077,4.0
1730244081.1817052,4.0
1730244081.1855185,4.0
1730244081.1896348,4.0
1730244081.1947105,4.0
1730244081.1987169,4.0
1730244081.201698,4.0
1730244081.2056856,4.0
1730244081.209638,4.0
1730244081.2135537,4.0
1730244081.2177408,4.0
1730244081.2217307,4.0
1730244081.2266517,4.0
1730244081.2307422,4.0
1730244081.2337537,4.0
1730244081.237807,4.0
1730244081.2439847,4.0
1730244081.2469969,4.0
1730244081.2496605,4.0
1730244081.2548077,4.0
1730244081.2577248,4.0
1730244081.261809,4.0
1730244081.2656894,4.0
1730244081.2698708,4.0
1730244081.2738109,4.0
1730244081.2778294,4.0
1730244081.2826662,4.0
1730244081.285796,4.0
1730244081.2887528,4.0
1730244081.29391,4.0
1730244081.2978835,4.0
1730244081.3019066,4.0
1730244081.305786,4.0
1730244081.310888,4.0
1730244081.313877,4.0
1730244081.3178766,4.0
1730244081.3218825,4.0
1730244081.3261273,4.0
1730244081.329805,4.0
1730244081.333954,4.0
1730244081.337129,4.0
1730244081.340793,4.0
1730244081.3450117,4.0
1730244081.3498664,4.0
1730244081.35387,4.0
1730244081.3579693,4.0
1730244081.3618948,4.0
1730244081.3648825,4.0
1730244081.3690186,4.0
1730244081.373184,4.0
1730244081.3783264,4.0
1730244081.382048,4.0
1730244081.3860164,4.0
1730244081.3900704,4.0
1730244081.392913,4.0
1730244081.3970494,4.0
1730244081.4010704,4.0
1730244081.4050689,4.0
1730244081.41015,4.0
1730244081.4139948,4.0
1730244081.4181287,4.0
1730244081.4211168,4.0
1730244081.4249415,4.0
1730244081.4291472,4.0
1730244081.4341123,4.0
1730244081.438082,4.0
1730244081.4419973,4.0
1730244081.4450786,4.0
1730244081.4489193,4.0
1730244081.4541,4.0
1730244081.45794,4.0
1730244081.4611485,4.0
1730244081.4659803,4.0
1730244081.4701424,4.0
1730244081.4731572,4.0
1730244081.4771671,4.0
1730244081.48115,4.0
1730244081.485185,4.0
1730244081.4891877,4.0
1730244081.4952052,4.0
1730244081.498198,4.0
1730244081.5022182,4.0
1730244081.5051992,4.0
1730244081.509204,4.0
1730244081.5132122,4.0
1730244081.5173304,4.0
1730244081.521272,4.0
1730244081.526266,4.0
1730244081.5292358,4.0
1730244081.5332923,4.0
1730244081.5372005,4.0
1730244081.5410752,4.0
1730244081.5452788,4.0
1730244081.5501115,4.0
1730244081.5531588,4.0
1730244081.5563228,4.0
1730244081.5613132,4.0
1730244081.5653408,4.0
1730244081.5694337,4.0
1730244081.5733907,4.0
1730244081.5783532,4.0
1730244081.5813255,4.0
1730244081.584358,4.0
1730244081.5883584,4.0
1730244081.5933857,4.0
1730244081.597381,4.0
1730244081.6013608,4.0
1730244081.6052682,4.0
1730244081.6082797,4.0
1730244081.6124148,4.0
1730244081.6162703,4.0
1730244081.6213715,4.0
1730244081.6253817,4.0
1730244081.6294105,4.0
1730244081.6333537,4.0
1730244081.637354,4.0
1730244081.6423647,4.0
1730244081.6453898,4.0
1730244081.6503496,4.0
1730244081.6544209,4.0
1730244081.658378,4.0
1730244081.6618214,4.0
1730244081.6645746,4.0
1730244081.6686144,4.0
1730244081.672546,4.0
1730244081.677509,4.0
1730244081.6818378,4.0
1730244081.6855245,4.0
1730244081.6887724,4.0
1730244081.6924863,4.0
1730244081.6965892,4.0
1730244081.7004232,4.0
1730244081.7054095,4.0
1730244081.7094684,4.0
1730244081.7134714,4.0
1730244081.716396,4.0
1730244081.720559,4.0
1730244081.72438,4.0
1730244081.728473,4.0
1730244081.7334476,4.0
1730244081.7375808,4.0
1730244081.7414324,4.0
1730244081.7445867,4.0
1730244081.7486272,4.0
1730244081.7526274,4.0
1730244081.7565737,4.0
1730244081.7606108,4.0
1730244081.7654264,4.0
1730244081.76964,4.0
1730244081.7726855,4.0
1730244081.77676,4.0
1730244081.7806668,4.0
1730244081.7847471,4.0
1730244081.7887523,4.0
1730244081.7937393,4.0
1730244081.796777,4.0
1730244081.8006997,4.0
1730244081.8047347,4.0
1730244081.808637,4.0
1730244081.8127103,4.0
1730244081.816599,4.0
1730244081.821803,4.0
1730244081.824598,4.0
1730244081.8287804,4.0
1730244081.8326416,4.0
1730244081.8368397,4.0
1730244081.8406217,4.0
1730244081.8448,4.0
1730244081.8496864,4.0
1730244081.8528495,4.0
1730244081.8557105,4.0
1730244081.8608105,4.0
1730244081.8647597,4.0
1730244081.868786,4.0
1730244081.872784,4.0
1730244081.8768227,4.0
1730244081.8807795,4.0
1730244081.8838644,4.0
1730244081.8888645,4.0
1730244081.8927991,4.0
1730244081.8968563,4.0
1730244081.9008937,4.0
1730244081.9037707,4.0
1730244081.9077587,4.0
1730244081.9121444,4.0
1730244081.9167368,4.0
1730244081.9209948,4.0
1730244081.9247694,4.0
1730244081.928928,4.0
1730244081.932054,4.0
1730244081.9359524,4.0
1730244081.9402032,4.0
1730244081.9449184,4.0
1730244081.9488225,4.0
1730244081.9531095,4.0
1730244081.9571729,4.0
1730244081.9613435,4.0
1730244081.9650135,4.0
1730244081.9681,4.0
1730244081.9738948,4.0
1730244081.97759,4.0
1730244081.981248,4.0
1730244081.9850812,4.0
1730244081.9881392,4.0
1730244081.991899,4.0
1730244081.9960744,4.0
1730244081.999895,4.0
1730244082.0049996,4.0
1730244082.0100627,4.0
1730244082.0140843,4.0
1730244082.0170548,4.0
1730244082.020219,4.0
1730244082.023888,4.0
1730244082.0282524,4.0
1730244082.0330367,4.0
1730244082.0371668,4.0
1730244082.040284,4.0
1730244082.0444324,4.0
1730244082.0483017,4.0
1730244082.0521507,4.0
1730244082.0560164,4.0
1730244082.0612457,4.0
1730244082.064978,4.0
1730244082.0686269,4.0
1730244082.0726137,4.0
1730244082.0761943,4.0
1730244082.0802033,4.0
1730244082.084154,4.0
1730244082.0883048,4.0
1730244082.093696,4.0
1730244082.0960505,4.0
1730244082.10007,4.0
1730244082.1045167,4.0
1730244082.1080606,4.0
1730244082.112398,4.0
1730244082.1170764,4.0
1730244082.12052,4.0
1730244082.1240988,4.0
1730244082.1282852,4.0
1730244082.1331265,4.0
1730244082.1362467,4.0
1730244082.1402278,4.0
1730244082.1443417,4.0
1730244082.1485922,4.0
1730244082.1524403,4.0
1730244082.156246,4.0
1730244082.161311,4.0
1730244082.1644807,4.0
1730244082.1673152,4.0
1730244082.1726422,4.0
1730244082.1762705,4.0
1730244082.1805203,4.0
1730244082.1842043,4.0
1730244082.1894922,4.0
1730244082.1923013,4.0
1730244082.1954925,4.0
1730244082.200237,4.0
1730244082.2045207,4.0
1730244082.2081935,4.0
1730244082.212452,4.0
1730244082.2162387,4.0
1730244082.2193496,4.0
1730244082.223359,4.0
1730244082.22838,4.0
1730244082.2321873,4.0
1730244082.2363234,4.0
1730244082.240306,4.0
1730244082.2436824,4.0
1730244082.2476578,4.0
1730244082.2519207,4.0
1730244082.2564297,4.0
1730244082.2603786,4.0
1730244082.2645257,4.0
1730244082.2689247,4.0
1730244082.271604,4.0
1730244082.27536,4.0
1730244082.2795303,4.0
1730244082.2833574,4.0
1730244082.288515,4.0
1730244082.2925088,4.0
1730244082.296528,4.0
1730244082.2994084,4.0
1730244082.3037827,4.0
1730244082.3073893,4.0
1730244082.311624,4.0
1730244082.3163972,4.0
1730244082.3205965,4.0
1730244082.3235269,4.0
1730244082.3276262,4.0
1730244082.331724,4.0
1730244082.3358924,4.0
1730244082.3395271,4.0
1730244082.3446665,4.0
1730244082.348544,4.0
1730244082.351951,4.0
1730244082.3566363,4.0
1730244082.360145,4.0
1730244082.363464,4.0
1730244082.3677015,4.0
1730244082.372914,4.0
1730244082.376655,4.0
1730244082.3797483,4.0
1730244082.3835025,4.0
1730244082.3881729,4.0
1730244082.3914645,4.0
1730244082.395836,4.0
1730244082.4005852,4.0
1730244082.4047115,4.0
1730244082.4075334,4.0
1730244082.411786,4.0
1730244082.4156115,4.0
1730244082.419856,4.0
1730244082.4236405,4.0
1730244082.4287913,4.0
1730244082.4317768,4.0
1730244082.435052,4.0
1730244082.4405625,4.0
1730244082.4437523,4.0
1730244082.447722,4.0
1730244082.451819,4.0
1730244082.4576592,4.0
1730244082.4607425,4.0
1730244082.4650035,4.0
1730244082.4678416,4.0
1730244082.472181,4.0
1730244082.4756513,4.0
1730244082.4800615,4.0
1730244082.483696,4.0
1730244082.4881868,4.0
1730244082.4905849,4.0
1730244082.4959168,4.0
1730244082.4997222,4.0
1730244082.5041597,4.0
1730244082.507636,4.0
1730244082.5122085,4.0
1730244082.5156517,4.0
1730244082.518792,4.0
1730244082.5238,4.0
1730244082.5278127,4.0
1730244082.5318873,4.0
1730244082.5359347,4.0
1730244082.540023,4.0
1730244082.543954,4.0
1730244082.547187,4.0
1730244082.5507722,4.0
1730244082.5558898,4.0
1730244082.5602465,4.0
1730244082.5642924,4.0
1730244082.5667195,4.0
1730244082.570914,4.0
1730244082.5747564,4.0
1730244082.5791447,4.0
1730244082.5838332,4.0
1730244082.588045,4.0
1730244082.5917788,4.0
1730244082.594862,4.0
1730244082.598776,4.0
1730244082.603184,4.0
1730244082.6069987,4.0
1730244082.6121497,4.0
1730244082.6158192,4.0
1730244082.6202583,4.0
1730244082.623056,4.0
1730244082.6272018,4.0
1730244082.6310802,4.0
1730244082.6354628,4.0
1730244082.639124,4.0
1730244082.644039,4.0
1730244082.6480243,4.0
1730244082.6510186,4.0
1730244082.6550517,4.0
1730244082.658976,4.0
1730244082.6630225,4.0
1730244082.666999,4.0
1730244082.672074,4.0
1730244082.674942,4.0
1730244082.6789205,4.0
1730244082.68292,4.0
1730244082.6870816,4.0
1730244082.69088,4.0
1730244082.6950629,4.0
1730244082.6999176,4.0
1730244082.7031105,4.0
1730244082.706955,4.0
1730244082.711118,4.0
1730244082.7151551,4.0
1730244082.719136,4.0
1730244082.7231307,4.0
1730244082.728142,4.0
1730244082.7311757,4.0
1730244082.7341745,4.0
1730244082.7391577,4.0
1730244082.743196,4.0
1730244082.7472107,4.0
1730244082.751181,4.0
1730244082.7561848,4.0
1730244082.759588,4.0
1730244082.762286,4.0
1730244082.7674007,4.0
1730244082.7712324,4.0
1730244082.7763238,4.0
1730244082.7802556,4.0
1730244082.783102,4.0
1730244082.787286,4.0
1730244082.790186,4.0
1730244082.7954123,4.0
1730244082.799095,4.0
1730244082.8031497,4.0
1730244082.8071258,4.0
1730244082.810393,4.0
1730244082.814261,4.0
1730244082.8183048,4.0
1730244082.823362,4.0
1730244082.8273337,4.0
1730244082.831329,4.0
1730244082.8353915,4.0
1730244082.8383071,4.0
1730244082.8423443,4.0
1730244082.8462565,4.0
1730244082.851362,4.0
1730244082.855368,4.0
1730244082.8593805,4.0
1730244082.8633633,4.0
1730244082.8661933,4.0
1730244082.8702347,4.0
1730244082.8741956,4.0
1730244082.8784213,4.0
1730244082.882208,4.0
1730244082.8874345,4.0
1730244082.8912692,4.0
1730244082.894384,4.0
1730244082.8983798,4.0
1730244082.9024637,4.0
1730244082.9064672,4.0
1730244082.9114592,4.0
1730244082.915305,4.0
1730244082.9184911,4.0
1730244082.9224708,4.0
1730244082.9264448,4.0
1730244082.93045,4.0
1730244082.9344945,4.0
1730244082.939506,4.0
1730244082.9435737,4.0
1730244082.9465628,4.0
1730244082.950512,4.0
1730244082.9545083,4.0
1730244082.9584117,4.0
1730244082.9626555,4.0
1730244082.9664235,4.0
1730244082.9714768,4.0
1730244082.9744868,4.0
1730244082.9784412,4.0
1730244082.9823823,4.0
1730244082.9865637,4.0
1730244082.9904091,4.0
1730244082.99452,4.0
1730244082.999468,4.0
1730244083.0024562,4.0
1730244083.0065458,4.0
1730244083.0116017,4.0
1730244083.0154843,4.0
1730244083.0196097,4.0
1730244083.0226417,4.0
1730244083.0276475,4.0
1730244083.0315964,4.0
1730244083.0346732,4.0
1730244083.038706,4.0
1730244083.0426488,4.0
1730244083.046724,4.0
1730244083.05065,4.0
1730244083.0537107,4.0
1730244083.0575476,4.0
1730244083.0638187,4.0
1730244083.066578,4.0
1730244083.070748,4.0
1730244083.075654,4.0
1730244083.0799215,4.0
1730244083.082564,4.0
1730244083.0859149,4.0
1730244083.0899146,4.0
1730244083.0947447,4.0
1730244083.098672,4.0
1730244083.1027796,4.0
1730244083.106809,4.0
1730244083.110098,4.0
1730244083.1141176,4.0
1730244083.118351,4.0
1730244083.1231892,4.0
1730244083.1266327,4.0
1730244083.13082,4.0
1730244083.1348567,4.0
1730244083.1381233,4.0
1730244083.1417203,4.0
1730244083.1458786,4.0
1730244083.1496823,4.0
1730244083.154925,4.0
1730244083.158786,4.0
1730244083.1621687,4.0
1730244083.165722,4.0
1730244083.1701112,4.0
1730244083.1738482,4.0
1730244083.178163,4.0
1730244083.1827824,4.0
1730244083.1875424,4.0
1730244083.1897352,4.0
1730244083.1940577,4.0
1730244083.1981463,4.0
1730244083.2021203,4.0
1730244083.2059543,4.0
1730244083.2108395,4.0
1730244083.2149572,4.0
1730244083.2184625,4.0
1730244083.2223103,4.0
1730244083.2259912,4.0
1730244083.2300296,4.0
1730244083.2340784,4.0
1730244083.2390492,4.0
1730244083.2430072,4.0
1730244083.246003,4.0
1730244083.2498543,4.0
1730244083.2539628,4.0
1730244083.2578948,4.0
1730244083.2621713,4.0
1730244083.2658236,4.0
1730244083.270156,4.0
1730244083.273154,4.0
1730244083.2780623,4.0
1730244083.2818666,4.0
1730244083.285941,4.0
1730244083.2901518,4.0
1730244083.2955403,4.0
1730244083.298156,4.0
1730244083.3016412,4.0
1730244083.306092,4.0
1730244083.3101077,4.0
1730244083.314185,4.0
1730244083.3180876,4.0
1730244083.3221984,4.0
1730244083.3261223,4.0
1730244083.329257,4.0
1730244083.3342056,4.0
1730244083.339218,4.0
1730244083.3420856,4.0
1730244083.34621,4.0
1730244083.3500867,4.0
1730244083.3544147,4.0
1730244083.3570192,4.0
1730244083.3613577,4.0
1730244083.3660333,4.0
1730244083.3703604,4.0
1730244083.3740463,4.0
1730244083.378346,4.0
1730244083.3820844,4.0
1730244083.3857398,4.0
1730244083.3893504,4.0
1730244083.3942862,4.0
1730244083.398383,4.0
1730244083.4024997,4.0
1730244083.405455,4.0
1730244083.4098165,4.0
1730244083.413577,4.0
1730244083.417292,4.0
1730244083.4225209,4.0
1730244083.4262052,4.0
1730244083.430462,4.0
1730244083.4332256,4.0
1730244083.437596,4.0
1730244083.4411678,4.0
1730244083.4458008,4.0
1730244083.449175,4.0
1730244083.4545517,4.0
1730244083.458206,4.0
1730244083.4616468,4.0
1730244083.4651558,4.0
1730244083.4695356,4.0
1730244083.4734423,4.0
1730244083.4783905,4.0
1730244083.482212,4.0
1730244083.4862273,4.0
1730244083.4895792,4.0
1730244083.493562,4.0
1730244083.497373,4.0
1730244083.501922,4.0
1730244083.5055635,4.0
1730244083.510542,4.0
1730244083.5133183,4.0
1730244083.5174344,4.0
1730244083.5217268,4.0
1730244083.5253105,4.0
1730244083.5293825,4.0
1730244083.5334013,4.0
1730244083.537869,4.0
1730244083.5413604,4.0
1730244083.544634,4.0
1730244083.5493753,4.0
1730244083.5537777,4.0
1730244083.557416,4.0
1730244083.561537,4.0
1730244083.5654414,4.0
1730244083.5696576,4.0
1730244083.5727563,4.0
1730244083.577848,4.0
1730244083.5815969,4.0
1730244083.5858045,4.0
1730244083.5899389,4.0
1730244083.5936303,4.0
1730244083.5978088,4.0
1730244083.6005733,4.0
1730244083.6054204,4.0
1730244083.609936,4.0
1730244083.613731,4.0
1730244083.6181214,4.0
1730244083.6214993,4.0
1730244083.6254451,4.0
1730244083.6286592,4.0
1730244083.6335015,4.0
1730244083.6379364,4.0
1730244083.6414988,4.0
1730244083.6458237,4.0
1730244083.6484656,4.0
1730244083.6526597,4.0
1730244083.6565478,4.0
1730244083.6627424,4.0
1730244083.666536,4.0
1730244083.6697507,4.0
1730244083.673496,4.0
1730244083.676655,4.0
1730244083.680724,4.0
1730244083.6846237,4.0
1730244083.6897588,4.0
1730244083.6937788,4.0
1730244083.6975756,4.0
1730244083.7018323,4.0
1730244083.704743,4.0
1730244083.708737,4.0
1730244083.7127907,4.0
1730244083.718213,4.0
1730244083.7220633,4.0
1730244083.725715,4.0
1730244083.7297552,4.0
1730244083.732647,4.0
1730244083.7366471,4.0
1730244083.74069,4.0
1730244083.7457263,4.0
1730244083.7496476,4.0
1730244083.7541757,4.0
1730244083.7567005,4.0
1730244083.7607346,4.0
1730244083.76469,4.0
1730244083.768782,4.0
1730244083.7729735,4.0
1730244083.7778103,4.0
1730244083.7816703,4.0
1730244083.7851307,4.0
1730244083.7888625,4.0
1730244083.7928567,4.0
1730244083.79709,4.0
1730244083.80139,4.0
1730244083.8058636,4.0
1730244083.810209,4.0
1730244083.8129878,4.0
1730244083.8167307,4.0
1730244083.8210528,4.0
1730244083.8259044,4.0
1730244083.8303275,4.0
1730244083.832784,4.0
1730244083.8379812,4.0
1730244083.8408415,4.0
1730244083.844987,4.0
1730244083.8487704,4.0
1730244083.853085,4.0
1730244083.8567567,4.0
1730244083.86111,4.0
1730244083.865772,4.0
1730244083.8689733,4.0
1730244083.872976,4.0
1730244083.8769815,4.0
1730244083.8809848,4.0
1730244083.8849676,4.0
1730244083.888966,4.0
1730244083.8929715,4.0
1730244083.8979793,4.0
1730244083.900947,4.0
1730244083.904875,4.0
1730244083.9089515,4.0
1730244083.9129145,4.0
1730244083.9171035,4.0
1730244083.920287,4.0
1730244083.9238362,4.0
1730244083.9280968,4.0
1730244083.9329424,4.0
1730244083.9370725,4.0
1730244083.9408896,4.0
1730244083.9450524,4.0
1730244083.9489214,4.0
1730244083.9522576,4.0
1730244083.9570286,4.0
1730244083.9611616,4.0
1730244083.9649284,4.0
1730244083.9692276,4.0
1730244083.9730864,4.0
1730244083.978423,4.0
1730244083.9812803,4.0
1730244083.984583,4.0
1730244083.9890597,4.0
1730244083.994197,4.0
1730244083.997223,4.0
1730244084.0016067,4.0
1730244084.0043764,4.0
1730244084.0080154,4.0
1730244084.012238,4.0
1730244084.0160017,4.0
1730244084.0212655,4.0
1730244084.0251143,4.0
1730244084.0282996,4.0
1730244084.0320482,4.0
1730244084.0361316,4.0
1730244084.0400617,4.0
1730244084.0445273,4.0
1730244084.0491157,4.0
1730244084.05627,4.0
1730244084.0592568,4.0
1730244084.0626316,4.0
1730244084.0651307,4.0
1730244084.0693424,4.0
1730244084.072266,4.0
1730244084.0776167,4.0
1730244084.081302,4.0
1730244084.0842712,4.0
1730244084.0883515,4.0
1730244084.0928695,4.0
1730244084.096318,4.0
1730244084.100265,4.0
1730244084.105332,4.0
1730244084.109347,4.0
1730244084.1123552,4.0
1730244084.116196,4.0
1730244084.1203544,4.0
1730244084.1241786,4.0
1730244084.1283846,4.0
1730244084.1333036,4.0
1730244084.1363,4.0
1730244084.1402557,4.0
1730244084.1443508,4.0
1730244084.1481752,4.0
1730244084.152427,4.0
1730244084.1563127,4.0
1730244084.1603832,4.0
1730244084.164405,4.0
1730244084.1673975,4.0
1730244084.1724212,4.0
1730244084.176344,4.0
1730244084.1802642,4.0
1730244084.1844592,4.0
1730244084.1886356,4.0
1730244084.1925013,4.0
1730244084.195986,4.0
1730244084.199352,4.0
1730244084.2045496,4.0
1730244084.2084177,4.0
1730244084.2126749,4.0
1730244084.2164097,4.0
1730244084.220772,4.0
1730244084.2233338,4.0
1730244084.2275312,4.0
1730244084.2323775,4.0
1730244084.2365456,4.0
1730244084.2403646,4.0
1730244084.2433271,4.0
1730244084.2472937,4.0
1730244084.2513,4.0
1730244084.2553804,4.0
1730244084.2604203,4.0
1730244084.2644134,4.0
1730244084.2684152,4.0
1730244084.2714524,4.0
1730244084.2754974,4.0
1730244084.2795165,4.0
1730244084.2838967,4.0
1730244084.288061,4.0
1730244084.2928398,4.0
1730244084.297878,4.0
1730244084.3018773,4.0
1730244084.3047245,4.0
1730244084.3074837,4.0
1730244084.3117504,4.0
1730244084.3165607,4.0
1730244084.320845,4.0
1730244084.3245416,4.0
1730244084.327762,4.0
1730244084.3315444,4.0
1730244084.3359125,4.0
1730244084.3397508,4.0
1730244084.3448188,4.0
1730244084.348632,4.0
1730244084.3531072,4.0
1730244084.355742,4.0
1730244084.3596368,4.0
1730244084.363701,4.0
1730244084.368256,4.0
1730244084.3721497,4.0
1730244084.3771005,4.0
1730244084.3799684,4.0
1730244084.3837569,4.0
1730244084.3878355,4.0
1730244084.391669,4.0
1730244084.3958778,4.0
1730244084.399696,4.0
1730244084.404863,4.0
1730244084.4076502,4.0
1730244084.410928,4.0
1730244084.4156773,4.0
1730244084.4201603,4.0
1730244084.423796,4.0
1730244084.4282646,4.0
1730244084.4327152,4.0
1730244084.435917,4.0
1730244084.4388309,4.0
1730244084.4439645,4.0
1730244084.4478593,4.0
1730244084.45206,4.0
1730244084.4558804,4.0
1730244084.4598808,4.0
1730244084.4642632,4.0
1730244084.4670048,4.0
1730244084.4722435,4.0
1730244084.475921,4.0
1730244084.4803028,4.0
1730244084.4844773,4.0
1730244084.4879313,4.0
1730244084.490774,4.0
1730244084.494902,4.0
1730244084.4998293,4.0
1730244084.5041573,4.0
1730244084.5078137,4.0
1730244084.5120573,4.0
1730244084.514916,4.0
1730244084.5191295,4.0
1730244084.5230644,4.0
1730244084.5280025,4.0
1730244084.5319405,4.0
1730244084.5360572,4.0
1730244084.5398583,4.0
1730244084.5434358,4.0
1730244084.5475247,4.0
1730244084.5514376,4.0
1730244084.5549452,4.0
1730244084.5601065,4.0
1730244084.5640588,4.0
1730244084.5703127,4.0
1730244084.5729806,4.0
1730244084.5760636,4.0
1730244084.5790875,4.0
1730244084.5829644,4.0
1730244084.5881548,4.0
1730244084.592178,4.0
1730244084.596076,4.0
1730244084.5990229,4.0
1730244084.6033697,4.0
1730244084.6070032,4.0
1730244084.611379,4.0
1730244084.615939,4.0
1730244084.6204565,4.0
1730244084.6239994,4.0
1730244084.6273632,4.0
1730244084.6311555,4.0
1730244084.6351905,4.0
1730244084.6391551,4.0
