Fp1,C3,time_board
-22342.53553659148,-311.8291868959888,1730329463.0120535
-22360.64044960028,-287.6669511398019,1730329463.015986
-22324.45297532713,-239.2754243940621,1730329463.0190015
-22298.90493141472,-253.84876177892232,1730329463.0228045
-22335.85236499934,-307.9176316163101,1730329463.0274515
-22364.70846709114,-299.1557477898297,1730329463.0310707
-22330.44324284116,-243.6116628183917,1730329463.0365393
-22287.55024523142,-238.3142993824839,1730329463.0401447
-22310.974873420582,-289.2092215072181,1730329463.0440316
-22347.38586513828,-293.277238998084,1730329463.0469296
-22327.716330017607,-242.89640699582185,1730329463.051025
-22294.725155201573,-238.85074124941127,1730329463.0549643
-22316.5181060455,-291.66791339730185,1730329463.05906
-22362.6297548568,-313.5502712190475,1730329463.064056
-22353.24202218557,-268.5115061416037,1730329463.068087
-22310.37137632029,-240.77299127256768,1730329463.0719366
-22309.834934453364,-278.68154986876846,1730329463.07525
-22350.53746110648,-310.93511711777654,1730329463.0789113
-22354.85134778635,-276.93811380125453,1730329463.0831065
-22318.12743164628,-244.5951395744252,1730329463.0874949
-22314.55115253344,-272.11013699890816,1730329463.0921085
-22359.52286237751,-310.01869559510897,1730329463.095883
-22368.03887701498,-289.38803546286056,1730329463.099157
-22317.47923105708,-241.7564680286012,1730329463.1030395
-22300.20133259313,-261.0013200046206,1730329463.107136
-22343.67547555869,-315.91955613131,1730329463.1111348
-22368.73178109309,-299.9604105902208,1730329463.1152055
-22331.22555389709,-245.8691890083777,1730329463.1192107
-22316.875733956786,-266.36573867389427,1730329463.1242175
-22368.64237411528,-332.1469226058629,1730329463.12719
-22379.728839365107,-311.5609659625252,1730329463.131072
-22328.096309673347,-233.66513653578,1730329463.135082
-22279.21304454959,-233.2628051355845,1730329463.1391451
-22314.34998683333,-302.2849920135727,1730329463.1432347
-22359.2769931885,-323.98853587967585,1730329463.1480365
-22361.489815889578,-293.1878320202628,1730329463.1522253
-22355.81247279793,-290.8408988524555,1730329463.1550992
-22369.603499126853,-327.9447946482652,1730329463.1592572
-22379.482970176097,-316.54540497605865,1730329463.163041
-22371.6822113612,-242.80700001800065,1730329463.1672328
-22328.02925443998,-241.4211918617716,1730329463.1710632
-22324.69884451614,-279.59797139143603,1730329463.1752703
-22302.23534133856,-264.8681717953887,1730329463.1800528
-22283.37046901828,-224.59032828692537,1730329463.1832526
-22285.96327137509,-225.57380504295887,1730329463.1872146
-22323.69301601565,-303.71550365871235,1730329463.1912751
-22427.740386455105,-367.4850305897034,1730329463.1951368
-22377.96305155314,-318.8699863994105,1730329463.1993268
-22281.627032950764,-254.0275757345648,1730329463.2033253
-22259.230585006542,-265.24815145112893,1730329463.2083564
-22308.3150158304,-293.79132912055604,1730329463.2111447
-22358.80760655494,-275.93228530076567,1730329463.2141716
-22355.164272208724,-273.20537247721825,1730329463.2193398
-22390.65884240375,-357.9855391961979,1730329463.2233884
-22438.379816815832,-399.9397635388093,1730329463.2272046
-22428.835621933416,-330.58230049399145,1730329463.2313116
-22351.4762343736,-234.71566852517947,1730329463.2352357
-22223.17722120013,-210.82165370245625,1730329463.2381363
-22251.74275061402,-262.2753694385731,1730329463.2421708
-22320.474364814087,-296.63000066638006,1730329463.2472384
-22329.973856207595,-266.1422212293412,1730329463.2512963
-22323.38009159328,-254.9663490016877,1730329463.25528
-22374.789103840485,-362.0759084315191,1730329463.2593017
-22427.986255644115,-413.48492067872536,1730329463.2632322
-22369.04470551547,-275.88758181185506,1730329463.26678
-22282.431695751155,-204.2055373436853,1730329463.2703788
-22236.387102173223,-240.57182557246992,1730329463.2754793
-22243.584363887832,-322.66978295681275,1730329463.2792647
-22402.326453009424,-310.1081025729302,1730329463.2833157
-22445.53237504153,-280.4249859362824,1730329463.2872574
-22396.85027561787,-359.79603049707777,1730329463.2903306
-22425.30404630948,-376.2692661606391,1730329463.294376
-22383.349821966865,-262.47653513867084,1730329463.298455
-22247.4512156786,-185.20655455667432,1730329463.303471
-22219.4444798761,-229.4853603226376,1730329463.3072343
-22263.991506575527,-305.6377536818688,1730329463.3113225
-22375.258490474047,-345.2673966011282,1730329463.315424
-22390.27886274801,-266.2092764627071,1730329463.318422
-22346.44709187116,-319.0040968661424,1730329463.3224287
-22388.133095280304,-408.0981502649964,1730329463.3264952
-22345.68713255968,-330.4481900272596,1730329463.3303692
-22241.86327956477,-249.2219506766737,1730329463.3354611
-22284.17513181867,-252.5523606005145,1730329463.339419
-22336.500565588543,-268.82443056397807,1730329463.342513
-22288.26550105399,-295.80298612153365,1730329463.3463085
-22234.44250040561,-303.2014135362403,1730329463.3504877
-22277.00022184852,-251.05479372200887,1730329463.3543491
-22305.521047773487,-243.4328488627492,1730329463.3585038
-22317.009844423515,-321.7980649230558,1730329463.3633184
-22266.047867065416,-300.9885908351649,1730329463.3675675
-22331.33731261937,-251.6359390778469,1730329463.3704467
-22321.45784157012,-315.9866113646759,1730329463.3744133
-22270.92054735668,-364.1993241547733,1730329463.378446
-22433.10480512438,-401.6384961174126,1730329463.3824832
-22370.542272393977,-354.27514961661694,1730329463.3864293
-22264.05856180889,-291.8914308418549,1730329463.391668
-22306.862152440804,-305.50364321513695,1730329463.395624
-22241.103320253293,-250.16072394379665,1730329463.3987184
-22203.753555268475,-252.7758780450676,1730329463.4024563
-22320.74258574755,-340.2829575875947,1730329463.4066136
-22335.80766151043,-371.5083445916586,1730329463.4105651
-22414.08347059292,-328.88356791538814,1730329463.414578
-22286.25384405301,-206.3289530669395,1730329463.4185617
-22293.60756797881,-277.5416109015478,1730329463.423612
-22346.558850593432,-347.10023964646336,1730329463.4264815
-22325.19058289416,-417.8882143364208,1730329463.4305503
-22345.46361511512,-422.4479702053035,1730329463.4346073
-22274.16155030269,-323.1168178459189,1730329463.4386258
-22343.94369649216,-367.64149280089055,1730329463.4426742
-22377.247795730567,-414.6025079014907,1730329463.4475708
-22240.477471408543,-343.65807100034607,1730329463.451668
-22243.271439465458,-296.92057334429904,1730329463.454656
-22305.40928905121,-290.01388430760915,1730329463.4586675
-22361.445112400663,-331.83399818348863,1730329463.462489
-22392.111705793348,-245.04217446353127,1730329463.4666212
-22307.867980941293,-233.10634292439727,1730329463.4705184
-22277.335498015345,-368.3791003679157,1730329463.474784
-22285.918567886183,-437.624804690457,1730329463.478767
-22249.149948257204,-412.657906133879,1730329463.481774
-22249.485224424032,-267.4609741522043,1730329463.4866216
-22281.85055039532,-243.7904767740341,1730329463.490872
-22145.9295923626,-330.7387627051786,1730329463.494838
-22365.87075780281,-390.6414378454015,1730329463.4987624
-22456.86470948037,-334.2703383291171,1730329463.50383
-22304.38110880627,-342.22755935520644,1730329463.506749
-22241.416244675667,-347.43551581329297,1730329463.509837
-22298.45789652561,-302.5308612025811,1730329463.5149632
-22358.00294375455,-253.87111352337763,1730329463.518763
-22261.1081315408,-211.8498339474004,1730329463.5228248
-22316.361643834312,-354.5210188056253,1730329463.526965
-22479.395267891323,-356.8456002289773,1730329463.5318632
-22411.24479904709,-291.95848607522083,1730329463.5347674
-22299.262559326,-244.2151599186849,1730329463.5376923
-22382.880435333307,-352.4423065712818,1730329463.543091
-22403.42168848773,-349.11189664744103,1730329463.5467672
-22294.099306356824,-337.51134127513666,1730329463.5510683
-22303.55409426142,-341.0205651546199,1730329463.5549016
-22371.81632182793,-253.60289258991392,1730329463.5589926
-22355.56660360892,-291.04206455255326,1730329463.5627756
-22403.175819298725,-333.2868615730836,1730329463.5659835
-22396.939682595694,-314.1537683193408,1730329463.5699356
-22314.014710666503,-282.503698170626,1730329463.5749156
-22284.55511147441,-297.0770355554862,1730329463.5787983
-22436.77049121505,-314.3102305305279,1730329463.5829475
-22377.15838875275,-321.4180852673156,1730329463.585932
-22283.281062040456,-309.1022740724414,1730329463.5899217
-22258.06829429487,-290.5726779189918,1730329463.5938623
-22258.78355011744,-296.67470415529067,1730329463.597946
-22416.67627294973,-261.761279316101,1730329463.602959
-22388.982461569605,-271.5066398986149,1730329463.6069863
-22384.847388845374,-338.6065767534467,1730329463.6109047
-22405.81332514445,-333.7785999511004,1730329463.613914
-22391.73172613761,-293.9924948206538,1730329463.6179793
-22370.72108634962,-306.2636025266174,1730329463.6218925
-22360.9310222782,-349.0001379251645,1730329463.6259737
-22415.044595604493,-331.6104807389356,1730329463.6309867
-22399.71129890815,-326.2684138141172,1730329463.6349936
-22337.819318511407,-292.986666320165,1730329463.6389985
-22415.11165083785,-345.73678323468965,1730329463.6420884
-22370.788141582983,-344.1498093783628,1730329463.645812
-22291.14887608873,-294.1936605207516,1730329463.6500423
-22257.64361115022,-270.858439309411,1730329463.653944
-22366.85423455885,-306.24125078216207,1730329463.6580703
-22432.098976623893,-344.75330647865616,1730329463.6628451
-22406.21565654465,-331.29755631656127,1730329463.6671016
-22405.76862165554,-328.57064349301385,1730329463.6700563
-22398.4372494742,-340.57353026551374,1730329463.6741006
-22288.75723943201,-332.41514353932666,1730329463.6780312
-22322.35191134833,-321.06045735603067,1730329463.6818848
-22442.85016570689,-284.7388726161567,1730329463.685925
-22330.778519007985,-275.3287882004724,1730329463.6910405
-22355.410141397733,-295.0653785545085,1730329463.6952293
-22378.58890039789,-351.45882981524824,1730329463.698161
-22346.46944361561,-284.2694859825952,1730329463.702137
-22365.513129891533,-294.3501227319387,1730329463.706172
-22320.78728923646,-379.5326208511139,1730329463.7101738
-22357.600612354352,-286.147032516841,1730329463.714074
-22360.95337402265,-234.7827237585454,1730329463.7191863
-22354.33725766388,-275.3958434338383,1730329463.7220316
-22369.82701657141,-331.9010534168545,1730329463.7261848
-22397.02908957352,-332.1022191169523,1730329463.7299683
-22401.05240357547,-299.0886925564638,1730329463.7341433
-22311.868943198795,-263.214142705696,1730329463.7380085
-22324.45297532713,-307.984686849676,1730329463.7421873
-22402.035880331503,-354.3869083388935,1730329463.7470076
-22396.984386084605,-307.13532056037434,1730329463.7502313
-22357.265336187524,-274.6805876112685,1730329463.75324
-22323.067167170902,-341.0652686435305,1730329463.758218
-22419.85022066238,-417.7764556141443,1730329463.7620697
-22326.308170116925,-271.5513433875255,1730329463.7662532
-22336.34410337736,-216.18607237172992,1730329463.770084
-22342.6249435693,-305.9506781042431,1730329463.775021
-22385.13796152329,-358.05259442956384,1730329463.7781017
-22383.171008011224,-312.00800085163127,1730329463.781192
-22340.3227138904,-252.37354664487205,1730329463.786134
-22375.57141489642,-303.64844842534643,1730329463.7902565
-22463.14554967232,-398.7104175937674,1730329463.794213
-22315.914608945204,-330.7164109607233,1730329463.798256
-22253.77675935945,-255.1898664462408,1730329463.8035026
-22412.809421158963,-271.14901198733,1730329463.806692
-22429.170898100245,-322.4239137678044,1730329463.8095915
-22341.77557728,-344.5297890341031,1730329463.8142204
-22316.56280953441,-222.55631954149243,1730329463.8183043
-22390.8376563594,-242.6058343179029,1730329463.8222847
-22363.6802868462,-303.5143379586146,1730329463.8262897
-22383.01454580004,-327.40835278133784,1730329463.8302753
-22322.575428792887,-287.9351720732656,1730329463.8333523
-22362.85327230135,-279.26269522460643,1730329463.8371434
-22390.2341592591,-293.858384353922,1730329463.8422892
-22314.37233857779,-320.68047770029045,1730329463.8461263
-22364.90963279124,-286.52701217258124,1730329463.8502717
-22400.404202986265,-255.68160482425748,1730329463.8541503
-22381.584034154897,-309.30343977253915,1730329463.8573744
-22370.87754856081,-346.04970765706395,1730329463.861261
-22386.300252234967,-288.7845383625673,1730329463.8653717
-22319.20031538013,-212.45333104769364,1730329463.8703494
-22286.00797486401,-225.797322487512,1730329463.874333
-22374.90086256276,-334.31504181802774,1730329463.8783755
-22360.72985657809,-326.8942626588658,1730329463.8823724
-22348.1234727053,-283.1742505042852,1730329463.8863907
-22353.71140881913,-245.71272679719053,1730329463.8893952
-22411.71418568065,-338.9642046647316,1730329463.8934364
-22409.81428740195,-314.46669274171506,1730329463.8974173
-22395.15154303927,-239.8789214943554,1730329463.902285
-22302.101230871827,-278.4803841686707,1730329463.9066668
-22317.613341523807,-272.3113026990059,1730329463.9103978
-22381.31581322144,-289.5892011629583,1730329463.913292
-22395.37506048382,-270.3219974424836,1730329463.9174063
-22354.44901638616,-289.34333197394994,1730329463.9214296
-22326.956370706128,-350.7212222482231,1730329463.9255638
-22311.958350176617,-321.95452713424294,1730329463.930472
-22355.63365884229,-232.9722324576655,1730329463.934774
-22383.19335975568,-234.96153771418784,1730329463.9384992
-22388.28955749149,-299.7815966345783,1730329463.9415488
-22447.02994192004,-393.4130541578596,1730329463.9454596
-22355.94658326466,-308.65523918333525,1730329463.9496365
-22246.668904622664,-201.5903832424144,1730329463.9536693
-22332.678417286686,-297.3676082334052,1730329463.9590714
-22372.106894505847,-346.8320187129997,1730329463.9623857
-22381.76284811054,-272.8030410770227,1730329463.965984
-22400.35949949736,-250.4289448772604,1730329463.9699852
-22350.17983319519,-263.6164741058915,1730329463.9735816
-22401.41003148676,-368.1555829233626,1730329463.9776297
-22441.576116272943,-380.6502080738793,1730329463.9815702
-22371.168121238723,-250.45129662171564,1730329463.9865875
-22329.929152718683,-222.1539881412969,1730329463.990471
-22325.5705625499,-286.61641915040246,1730329463.9935572
-22450.09213091041,-318.0429718545642,1730329463.997534
-22329.21389689611,-198.34938029639488,1730329464.001531
-22261.510462940987,-206.57482225594788,1730329464.0054915
-22305.5657512624,-299.0439890675532,1730329464.0095727
-22392.06700230444,-322.62507946790214,1730329464.0135725
-22400.94064485319,-265.89635204033283,1730329464.0184045
-22355.61130709783,-275.46289866720423,1730329464.0214777
-22354.672533830708,-330.55994874953615,1730329464.0256062
-22436.144642370306,-314.2655270416173,1730329464.029481
-22403.645205932287,-279.32975045797235,1730329464.0336468
-22345.88829825977,-246.3385756419392,1730329464.0374177
-22306.191600107148,-250.25013092161788,1730329464.0416138
-22381.80755159945,-309.57166070600283,1730329464.046608
-22430.646113234296,-327.83303592598867,1730329464.0496557
-22371.548100894463,-291.6008581639359,1730329464.053635
-22341.84263251336,-288.0469307955421,1730329464.0576577
-22331.71729227511,-317.17125382080724,1730329464.061676
-22375.97374629661,-273.4512416662266,1730329464.0657003
-22351.65504832924,-211.38044731383889,1730329464.0696704
-22346.4247401267,-235.67679353675769,1730329464.074711
-22423.650017219785,-340.6852889877903,1730329464.0777173
-22450.06977916596,-343.4792570447036,1730329464.0816352
-22362.83092055689,-229.75358125610128,1730329464.0857143
-22326.263466628014,-261.82833454946694,1730329464.0896864
-22388.37896446931,-310.57748920649163,1730329464.0937257
-22445.33120934143,-334.5832627514914,1730329464.0986266
-22416.229238060623,-259.77197405957867,1730329464.101648
-22378.47714167561,-274.7476428446344,1730329464.1045184
-22288.198445820624,-286.54936391703654,1730329464.1087072
-22348.61521108332,-267.28216019656185,1730329464.1137269
-22428.96973240015,-287.0858057839639,1730329464.1177807
-22403.13111580981,-275.50760215611484,1730329464.1217847
-22396.85027561787,-280.9614278032098,1730329464.1257768
-22360.685153089187,-285.1635557608075,1730329464.129594
-22356.93006002069,-242.24820640661795,1730329464.132714
-22314.88642870026,-215.6272787603472,1730329464.1367316
-22316.42869906768,-257.6485583363245,1730329464.1417215
-22387.037859801992,-330.4928935161702,1730329464.145568
-22448.169880887257,-328.14596034836296,1730329464.1498132
-22402.05823207596,-253.535837356548,1730329464.1536293
-22305.811620451408,-235.29681388101744,1730329464.1578646
-22380.555853909955,-292.04789305304206,1730329464.1609733
-22408.897865879284,-282.0119597926092,1730329464.1648743
-22353.5772983524,-244.0810494519532,1730329464.1688368
-22376.197263741167,-265.33755842895016,1730329464.1738656
-22424.544086998,-332.370440050416,1730329464.1776752
-22399.33131925241,-307.20237579374026,1730329464.181902
-22346.156519193235,-249.64663382132457,1730329464.184867
-22353.75611230804,-280.6708551252908,1730329464.1889312
-22357.89118503228,-321.1275125893966,1730329464.192922
-22377.493664919577,-314.75726541963405,1730329464.1969202
-22353.644353585765,-280.9837795476651,1730329464.2019093
-22317.74745199054,-321.4404370117709,1730329464.2057288
-22338.69103654516,-315.71839043121224,1730329464.208848
-22341.95439123564,-240.70593603920176,1730329464.212732
-22406.506229222567,-226.9149097102773,1730329464.2168546
-22355.99128675357,-225.216177131674,1730329464.2207289
-22402.102935564868,-296.3617797329163,1730329464.2248576
-22446.113520397368,-327.6542219703462,1730329464.2298791
-22385.76381036804,-288.2257447511845,1730329464.2339516
-22303.822315194884,-274.7252911001791,1730329464.2368977
-22289.584253976853,-282.48134642617066,1730329464.240912
-22370.542272393977,-251.1889041887408,1730329464.2449174
-22426.19811608769,-293.858384353922,1730329464.2490191
-22385.51794117903,-268.24328520814004,1730329464.253004
-22320.94375144765,-269.9420177867434,1730329464.2579665
-22361.04278100047,-307.5153002161145,1730329464.261876
-22431.227258590134,-327.49775975915907,1730329464.2650273
-22349.509280861534,-249.8030960325117,1730329464.2690191
-22328.74451026256,-236.0120697035873,1730329464.2730412
-22419.62670321783,-314.13141657488546,1730329464.2770364
-22446.00176167509,-307.9176316163101,1730329464.280918
-22334.51126033202,-222.53396779703712,1730329464.286003
-22269.22181477807,-236.30264238150627,1730329464.290022
-22375.593766640875,-322.8933004013658,1730329464.2929816
-22403.51109546556,-319.85346315544405,1730329464.2970474
-22317.74745199054,-254.20638969020723,1730329464.301046
-22331.13614691927,-272.6018753769249,1730329464.3051136
-22435.42938654773,-324.2344050686842,1730329464.3090794
-22431.96486615716,-286.7728813615896,1730329464.3129478
-22381.561682410444,-233.4863225801376,1730329464.3179505
-22352.258545429533,-262.7000525832239,1730329464.3208773
-22356.460673387133,-303.00024783614253,1730329464.3251204
-22311.93599843216,-320.3899050223714,1730329464.3288949
-22461.35741011589,-291.4890994416594,1730329464.3332045
-22366.89893804776,-255.0557559795089,1730329464.3370042
-22374.364420695834,-319.8758148998993,1730329464.3422508
-22346.312981404422,-235.96736621467667,1730329464.3452945
-22314.014710666503,-237.2414156486292,1730329464.348586
-22358.315868176924,-232.77106675756767,1730329464.3532
-22401.275921020024,-304.36370424791625,1730329464.357264
-22400.113630308348,-351.52588504861416,1730329464.361416
-22383.05924928895,-250.0489652215201,1730329464.3656232
-22365.75899908054,-205.2784210775401,1730329464.370201
-22348.101120960848,-248.86432276538883,1730329464.3737752
-22351.543289606965,-278.65919812431315,1730329464.376324
-22384.10978127835,-297.1440907888521,1730329464.381186
-22386.479066190608,-254.4522588792156,1730329464.385805
-22344.971876737105,-255.9498257577212,1730329464.389222
-22385.13796152329,-288.8739453403885,1730329464.3933475
-22429.796746945,-321.1722160783072,1730329464.3973596
-22347.74349304956,-306.5094717156257,1730329464.401229
-22314.953483933627,-262.5882938609474,1730329464.4041193
-22411.51301998056,-275.6193608783914,1730329464.4097068
-22429.997912645093,-355.1468676503739,1730329464.4130876
-22349.822205283905,-232.50284582410407,1730329464.4177709
-22271.345230501323,-160.68669088920248,1730329464.4210968
-22351.252716929044,-262.2753694385731,1730329464.4256954
-22418.41970901724,-334.29269007357243,1730329464.4292283
-22420.274903807032,-259.5484566150256,1730329464.432381
-22326.55403930593,-214.8449677044115,1730329464.436786
-22273.446294480123,-262.4094799053049,1730329464.4412806
-22403.153467554268,-334.98559415168694,1730329464.4452956
-22476.377782389856,-297.30055300003926,1730329464.4493604
-22378.27597597552,-265.471668895682,1730329464.4526014
-22366.988345025584,-248.99843323212068,1730329464.4564917
-22376.510188163546,-306.2188990377068,1730329464.4604597
-22312.718309488097,-261.3812996603608,1730329464.4642954
-22353.219670441114,-260.7330990711569,1730329464.469315
-22322.28485611497,-236.7496772706124,1730329464.4733691
-22353.28672567448,-262.56594211649207,1730329464.477393
-22434.0435783915,-296.697055899746,1730329464.4802165
-22388.021336558028,-258.00618624760943,1730329464.4844491
-22340.255658657035,-259.74962231512336,1730329464.4882164
-22392.91636859374,-337.77956220860034,1730329464.4923904
-22435.80936620348,-339.79121920957795,1730329464.4972656
-22408.115554823347,-221.5281392965483,1730329464.5014422
-22339.920382490207,-223.8303689754449,1730329464.505375
-22292.13235284476,-254.65342457931337,1730329464.5084372
-22414.932836882217,-320.23344281118426,1730329464.5121863
-22423.51590675305,-271.37252943188304,1730329464.5164568
-22317.233361868068,-212.2968688365065,1730329464.5202336
-22310.594893764843,-249.15489544330785,1730329464.525435
-22422.018339874547,-337.77956220860034,1730329464.5292573
-22420.90075265178,-273.7194625996903,1730329464.5333996
-22393.855141860862,-211.49220603611545,1730329464.5363865
-22376.510188163546,-269.8749625533775,1730329464.540423
-22419.11261309536,-332.5045505171479,1730329464.5444546
-22356.63948734277,-274.4570701667154,1730329464.548467
-22339.0710162009,-223.89742420881083,1730329464.5524514
-22330.398539352245,-235.02859294755376,1730329464.5574305
-22400.71712740864,-304.8777943703884,1730329464.5614493
-22389.943586581183,-280.29087546955054,1730329464.565056
-22283.83985565184,-211.31339208047297,1730329464.5686183
-22327.69397827316,-224.7914939870232,1730329464.5724623
-22396.38088898431,-298.3510849894387,1730329464.5768275
-22401.499438464576,-307.2694310271062,1730329464.5804956
-22355.14192046427,-320.3899050223714,1730329464.5857148
-22369.22351947112,-298.99928557864257,1730329464.5884988
-22409.3896042573,-251.3453663999279,1730329464.592667
-22414.396395015287,-270.9925497761428,1730329464.5963795
-22410.4401362467,-273.9653317886987,1730329464.6006556
-22365.58018512489,-261.537761871548,1730329464.6044605
-22337.03700745547,-278.7486051021344,1730329464.609151
-22419.58199972892,-314.533747975081,1730329464.6135063
-22394.637452916795,-265.4269654067714,1730329464.6170592
-22337.774615022496,-211.9839444141322,1730329464.6204257
-22322.44131832616,-285.8117563500114,1730329464.6250343
-22420.49842125159,-357.1585246513516,1730329464.6286108
-22403.44404023219,-296.58529717746944,1730329464.6331089
-22375.77258059652,-183.79839465599,1730329464.6366389
-22393.51986569403,-237.7555057711012,1730329464.6415308
-22401.63354893131,-327.40835278133784,1730329464.645085
-22390.25651100356,-307.8505763829441,1730329464.6477418
-22377.918348064228,-247.1655901867855,1730329464.6532853
-22359.85813854434,-246.24916866411792,1730329464.657208
-22386.56847316843,-304.9895530926649,1730329464.6606736
-22388.84835110287,-287.9798755621762,1730329464.6652312
-22352.90674601874,-245.24334016362909,1730329464.6691232
-22346.6259058268,-268.3773956748719,1730329464.6725624
-22366.2283857141,-297.7475878891454,1730329464.6760387
-22411.535371725007,-275.5299539005701,1730329464.6805954
-22424.924066653737,-260.1743054597742,1730329464.6851144
-22330.15267016324,-216.99073517212096,1730329464.6886024
-22264.25972750899,-238.5825203159476,1730329464.6928425
-22393.676327905217,-295.9818000771761,1730329464.6966207
-22439.34094182741,-290.72914013017896,1730329464.6998086
-22393.13988603829,-253.62524433436923,1730329464.7035737
-22391.441153459687,-283.06249178200864,1730329464.7091246
-22406.394470500287,-322.8485969124552,1730329464.7126307
-22354.96310650863,-282.7942708485449,1730329464.7167597
-22371.838673572383,-222.4445608192159,1730329464.7206144
-22364.61906011332,-254.2957966680285,1730329464.7250388
-22384.08742953389,-311.5609659625252,1730329464.7280736
-22418.889095650804,-300.9662390907096,1730329464.733262
-22361.51216763403,-259.5931601039362,1730329464.7368574
-22360.372228666813,-254.7428315571346,1730329464.740994
-22359.41110365523,-289.8127186075114,1730329464.7438552
-22402.907598365266,-286.7952331060449,1730329464.7478156
-22397.3867174848,-271.9313230432657,1730329464.752761
-22381.539330665983,-280.9167243142992,1730329464.7568266
-22389.407144714256,-322.2003963232513,1730329464.7608616
-22405.634511188808,-305.2577740261286,1730329464.7637622
-22407.847333889884,-280.1567650028187,1730329464.7676375
-22274.72034391408,-275.6193608783914,1730329464.7716067
-22351.05155122895,-294.5959919209471,1730329464.7759216
-22461.804445005,-277.8545353239221,1730329464.7808228
-22383.506284178053,-235.22975864765152,1730329464.784884
-22316.7192717456,-206.3289530669395,1730329464.789118
-22405.43334548871,-280.5590964030142,1730329464.791824
-22468.375857874857,-318.7358759326787,1730329464.7956448
-22466.87829099635,-309.4599019837263,1730329464.7999015
-22358.76290306603,-285.56588716100305,1730329464.8036673
-22355.58895535337,-269.15970673080767,1730329464.808995
-22391.463505204145,-287.57754416198065,1730329464.8128784
-22409.277845535024,-261.6048171049139,1730329464.817314
-22309.723175731084,-227.02666843255383,1730329464.8199718
-22327.69397827316,-261.0236717490759,1730329464.824032
-22401.05240357547,-298.93223034527665,1730329464.828304
-22431.62958999033,-281.2743522255841,1730329464.8319702
-22399.174857041224,-261.4260031492714,1730329464.83628
-22319.11090840232,-261.3365961714502,1730329464.8413095
-22424.76760444255,-304.40840773682686,1730329464.845078
-22454.83070073494,-297.7699396336007,1730329464.84841
-22347.363513393822,-265.7398898291457,1730329464.8519409
-22301.90006517173,-265.62813110686915,1730329464.8560696
-22355.58895535337,-297.56877393350294,1730329464.8599336
-22484.87144528287,-310.1081025729302,1730329464.8638537
-22480.646965580818,-301.03329432407554,1730329464.8692737
-22384.51211267854,-289.7903668630561,1730329464.8731527
-22330.33148411888,-295.5794686769806,1730329464.8760393
-22344.41308312572,-305.3695327484051,1730329464.879825
-22472.801503277005,-262.9906252611429,1730329464.884086
-22352.05737972944,-258.5873316034474,1730329464.8878624
-22336.679379544184,-308.92346011679894,1730329464.8920493
-22441.844337206407,-312.34327701846087,1730329464.896824
-22446.20292737519,-283.06249178200864,1730329464.9000978
-22362.94267927917,-273.2947794550395,1730329464.903833
-22373.3809439398,-302.7990821360448,1730329464.9084048
-22441.844337206407,-306.6435821823576,1730329464.911869
-22373.47035091762,-272.2218957211847,1730329464.9163191
-22350.73862680657,-258.1850002032519,1730329464.9199672
-22355.030161742,-301.41327397981576,1730329464.9251506
-22398.996043085583,-320.0099253666312,1730329464.928367
-22452.10378791139,-320.7698846781117,1730329464.9320676
-22393.363403482843,-245.6680233082799,1730329464.936285
-22314.104117644325,-235.4979795811152,1730329464.9399269
-22392.223464515624,-310.24221303966203,1730329464.9439414
-22464.75487527309,-312.6562014408352,1730329464.948099
-22427.31570331045,-257.2238751916737,1730329464.9530575
-22367.547138636965,-243.0081657180984,1730329464.9559813
-22373.85033057336,-308.47642522769274,1730329464.9592152
-22376.01844978553,-300.7874251350672,1730329464.964337
-22412.407089758766,-253.69229956773515,1730329464.968212
-22409.81428740195,-300.6086111794247,1730329464.9720452
-22361.311001933933,-333.1751028508071,1730329464.9762487
-22390.68119414821,-276.15580274531874,1730329464.980048
-22407.31089202296,-246.8750175088665,1730329464.9844751
-22335.025350454493,-261.7389275716457,1730329464.9869032
-22359.81343505543,-281.050834781031,1730329464.9921937
-22399.934816352703,-308.09644557195253,1730329464.9959636
-22422.51007825257,-289.63390465186893,1730329465.0001447
-22368.552967137453,-253.75935480110107,1730329465.0039644
-22352.3256006629,-290.5503261745365,1730329465.0071485
-22440.05619764998,-366.1662776668403,1730329465.011145
-22414.128174081823,-311.5609659625252,1730329465.0151248
-22391.77642962652,-228.9265667112549,1730329465.019988
-22381.80755159945,-266.63395960735795,1730329465.0242069
-22430.802575445483,-349.15660013635164,1730329465.0282016
-22446.113520397368,-334.98559415168694,1730329465.0320072
-22381.651089388262,-267.90800904131044,1730329465.035196
-22333.058396942422,-228.97127020016555,1730329465.0392032
-22393.22929301612,-313.05853284103074,1730329465.043231
-22446.76172098657,-322.06628585651947,1730329465.047755
-22365.08844674688,-262.8788665388664,1730329465.052319
-22352.124434962803,-259.03436649255354,1730329465.0565927
-22380.86877833233,-313.1926433077626,1730329465.0602665
-22387.931929580205,-306.15184380434084,1730329465.064118
-22383.41687720024,-256.374508902372,1730329465.067632
-22339.65216155674,-264.2646746950954,1730329465.07111
-22428.701511466686,-329.1517888488518,1730329465.07677
-22480.87048302537,-319.9875736221759,1730329465.0802872
-22441.285543595022,-286.8175848505002,1730329465.0843403
-22322.106042159325,-262.6553490943133,1730329465.08812
-22339.69686504565,-280.80496559202265,1730329465.0912783
-22418.01737761705,-317.4394747542709,1730329465.095182
-22403.98048209912,-259.1461252148301,1730329465.0994563
-22379.930005065205,-235.36386911438336,1730329465.1034913
-22330.197373652147,-262.81181130550044,1730329465.1085274
-22397.140848295792,-312.9244223742989,1730329465.112118
-22421.57130498544,-298.99928557864257,1730329465.116696
-22340.590934823864,-263.9964537616317,1730329465.1196785
-22323.313036359912,-293.3442942314499,1730329465.123858
-22396.71616515114,-326.42487602530434,1730329465.1275268
-22443.028979662537,-288.71748312920136,1730329465.1313844
-22403.86872337684,-262.83416304995575,1730329465.1354272
-22344.65895231473,-291.8690790973996,1730329465.1404734
-22398.392545985287,-347.6366815133907,1730329465.1434495
-22459.39045660382,-298.8651751119108,1730329465.1473074
-22330.66676028571,-232.055810934998,1730329465.1513846
-22321.74841424804,-241.26472965058443,1730329465.1553211
-22430.57905800093,-338.338355819983,1730329465.1598296
-22434.91529642526,-318.3111927880279,1730329465.1649752
-22393.29634824948,-229.8206364894672,1730329465.1688738
-22355.074865230905,-214.2861740930288,1730329465.1713305
-22377.15838875275,-303.1343583028744,1730329465.1758492
-22420.85604916287,-349.20130362526226,1730329465.1793656
-22408.182610056712,-300.27333501259506,1730329465.1835527
-22348.883432016784,-233.12869466885263,1730329465.1873827
-22370.408161927244,-272.44541316573776,1730329465.1914704
-22456.88706122483,-342.0263936551087,1730329465.1962936
-22440.63734300582,-321.64160271186864,1730329465.199748
-22378.72301086461,-259.66021533730213,1730329465.2033155
-22354.85134778635,-267.30451194101715,1730329465.207605
-22387.21667375764,-318.5347102325809,1730329465.2115111
-22407.2885402785,-312.8350153964777,1730329465.2155197
-22361.243946700568,-248.7078605542017,1730329465.2195709
-22342.490833102565,-260.7778025600675,1730329465.224584
-22407.10972632286,-341.177027365807,1730329465.2275865
-22444.97358143015,-299.6921896567571,1730329465.2315776
-22410.61895020234,-235.29681388101744,1730329465.2359643
-22319.714405502607,-256.3968606468273,1730329465.24008
-22354.158443708235,-314.2878787860726,1730329465.243594
-22412.965883370147,-318.7358759326787,1730329465.2474892
-22412.608255458865,-287.6893028842572,1730329465.2515607
-22353.59965009685,-282.3472359594388,1730329465.2544177
-22348.14582444976,-290.32680872998344,1730329465.2599528
-22426.19811608769,-303.8496141254442,1730329465.2635448
-22438.26805809356,-279.1732882467852,1730329465.2676263
-22385.07090628993,-266.36573867389427,1730329465.2713864
-22353.353780907844,-306.7106374157235,1730329465.276127
-22386.300252234967,-349.6706902588237,1730329465.279446
-22431.853107434883,-293.79132912055604,1730329465.2831304
-22366.206033969647,-218.8682817063668,1730329465.28746
-22343.8766412588,-284.91768657179915,1730329465.291623
-22381.1817027547,-354.3198531055276,1730329465.2954645
-22479.73054405815,-330.0011551381535,1730329465.3000877
-22373.403295684257,-224.43386607573825,1730329465.3034627
-22359.142882721768,-281.3190557144947,1730329465.3077457
-22449.44393032121,-367.1721061673291,1730329465.3108609
-22464.44195085072,-362.8135159985442,1730329465.315158
-22290.075992354872,-240.72828778365707,1730329465.3196633
-22340.970914479603,-269.11500324189706,1730329465.3240888
-22421.794822429994,-339.5453500205696,1730329465.3277404
-22443.073683151448,-330.9399284052764,1730329465.3315704
-22380.0864672764,-250.0936687104308,1730329465.3360083
-22274.653288680707,-234.89448248082192,1730329465.3386185
-22380.44409518768,-326.9166144033211,1730329465.3427052
-22473.53911084403,-364.0875654324967,1730329465.3477163
-22409.03197634601,-275.88758181185506,1730329465.3517008
-22349.643391328264,-230.7370580121348,1730329465.35567
-22346.402388382245,-300.0274658235867,1730329465.359949
-22437.79867146,-337.3101755750389,1730329465.362563
-22450.82973847744,-302.8437856249554,1730329465.366981
-22340.14389993476,-261.3142444269949,1730329465.3705864
-22287.036155108948,-294.9759715766873,1730329465.3761148
-22392.491685449088,-325.1955300802625,1730329465.379546
-22416.72097643864,-291.5561546750253,1730329465.3837848
-22379.77354285401,-237.7108022821906,1730329465.3867147
-22358.405275154742,-279.06152952450867,1730329465.3908792
-22398.95133959667,-343.3674983224271,1730329465.394922
-22390.16710402573,-319.8758148998993,1730329465.3988185
-22367.10010374786,-280.26852372509524,1730329465.4032593
-22401.499438464576,-296.11591054390794,1730329465.4081306
-22448.72867449864,-350.0059664256533,1730329465.4116137
-22439.00566566058,-323.5862044794804,1730329465.414834
-22448.10282565389,-317.6853439432793,1730329465.4188304
-22362.227423456603,-298.8204716230001,1730329465.4233518
-22323.268332871,-283.44247143774885,1730329465.4270682
-22413.81524965945,-287.018750550598,1730329465.4309382
-22410.283674035512,-263.2588461946066,1730329465.43625
-22332.790176008963,-268.7573753306121,1730329465.440121
-22356.013638498025,-335.07500112950817,1730329465.4432795
-22362.13801647878,-338.3607075644383,1730329465.446652
-22437.77631971554,-260.30841592650603,1730329465.4512815
-22413.70349093717,-253.535837356548,1730329465.4546304
-22402.505266965065,-324.77084693561164,1730329465.458927
-22420.833697418417,-334.04682088456406,1730329465.463797
-22408.76375541255,-297.1440907888521,1730329465.4682136
-22433.90946792477,-311.7844834070782,1730329465.4707215
-22370.27405146052,-304.7436839036565,1730329465.475026
-22354.44901638616,-313.9302508747877,1730329465.4786794
-22430.35554055638,-306.3977129933492,1730329465.4832757
-22389.72006913663,-325.9107859028323,1730329465.4868667
-22392.08935404889,-337.8242656975109,1730329465.492022
-22360.88631878928,-312.857367140933,1730329465.4950545
-22394.19041802769,-265.1140409843971,1730329465.4981155
-22384.02037430053,-252.8876367673441,1730329465.5030737
-22357.48885363208,-287.21991625069575,1730329465.5073144
-22391.642319159782,-344.37332682291594,1730329465.5108795
-22390.05534530346,-316.7018671872458,1730329465.515417
-22393.206941271656,-270.277293953573,1730329465.520069
-22413.167049070245,-328.727105704201,1730329465.5230775
-22385.853217345863,-321.5521957340474,1730329465.5262048
-22377.247795730567,-298.30638150052806,1730329465.5310433
-22401.76765939804,-283.5095266711148,1730329465.5348604
-22393.11753429384,-284.7835761050673,1730329465.539044
-22364.93198453569,-326.5142830031256,1730329465.543151
-22377.02427828601,-298.1499192893409,1730329465.5479803
-22318.99914968004,-252.440601878238,1730329465.5513847
-22318.015672924004,-232.36873535737223,1730329465.554901
-22429.30500856698,-330.24702432716185,1730329465.5590563
-22479.73054405815,-331.0069836386423,1730329465.5628092
-22433.23891559111,-299.89335535685484,1730329465.5669827
-22387.32843247992,-281.47551792568186,1730329465.5708456
-22374.47617941811,-293.2325355091734,1730329465.5751443
-22412.45179324768,-347.36846057992705,1730329465.5789104
-22427.941552155204,-324.5920329799692,1730329465.582136
-22373.068019517425,-265.5387241290479,1730329465.586384
-22395.19624652818,-286.5940674059472,1730329465.5909498
-22458.630497292343,-345.2673966011282,1730329465.5949984
-22478.59060509093,-326.3131173030278,1730329465.5990975
-22380.600557398862,-283.9565615602209,1730329465.6031723
-22284.0633730964,-262.78945956104513,1730329465.6071584
-22373.447999173164,-313.05853284103074,1730329465.610298
-22381.941662066183,-308.8787566278883,1730329465.6152914
-22355.81247279793,-267.01393926309817,1730329465.6192887
-22336.85819349983,-289.0974627849416,1730329465.62367
-22390.010641814548,-320.5687189780139,1730329465.627561
-22455.14362515732,-328.3471260484607,1730329465.6310916
-22469.87342475336,-299.22280302319564,1730329465.635609
-22432.031921390524,-314.9137276308212,1730329465.637961
-22331.22555389709,-299.1557477898297,1730329465.6420093
-22393.676327905217,-310.8680618844106,1730329465.6470351
-22435.54114527001,-313.68438168577933,1730329465.651136
-22391.463505204145,-285.20825924971814,1730329465.655138
-22381.24875798807,-292.78550062006724,1730329465.6582355
-22398.77252564103,-324.9049574023435,1730329465.662002
-22379.930005065205,-303.5143379586146,1730329465.6662753
-22305.58810300685,-267.01393926309817,1730329465.671058
-22362.003906012047,-320.0099253666312,1730329465.675658
-22473.04737246601,-341.4005448103601,1730329465.679034
-22461.64798279381,-305.9283263597878,1730329465.6836374
-22400.82888613092,-292.7184453867013,1730329465.6863234
-22338.601629567343,-319.22761431069546,1730329465.690436
-22390.81530461494,-332.72806796170096,1730329465.694744
-22461.58092756044,-308.96816360570955,1730329465.698727
-22437.59750575989,-274.18884923325174,1730329465.7023792
-22403.19817104318,-328.39182953737134,1730329465.7073233
-22397.16320004025,-359.01371944114203,1730329465.7111912
-22407.53440946751,-342.853408199955,1730329465.714292
-22409.501362979576,-271.5960468764361,1730329465.7183013
-22336.098234188343,-247.2326454201514,1730329465.7222517
-22384.10978127835,-321.73100968968987,1730329465.7262373
-22435.272924336547,-354.5433705500806,1730329465.7301805
-22385.205016756656,-299.3792652343828,1730329465.7351503
-22341.39559762425,-284.15772726031867,1730329465.738325
-22437.038712148515,-339.45594304274834,1730329465.7423663
-22491.26404419709,-354.3198531055276,1730329465.7460947
-22438.491575538108,-332.99628889516464,1730329465.7503192
-22396.3361854954,-293.50075644263705,1730329465.7541008
-22424.879363164822,-319.3170212885167,1730329465.758356
-22419.4925927511,-324.9049574023435,1730329465.7631476
-22411.44596474719,-269.986721275654,1730329465.7662747
-22366.13897873628,-235.7438487701236,1730329465.7701497
-22348.481100616587,-302.10617805793026,1730329465.77431
-22379.728839365107,-333.73389646218976,1730329465.7781532
-22405.67921467772,-290.97500931918734,1730329465.7822688
-22341.95439123564,-248.23847392064025,1730329465.7860837
-22351.40917914023,-271.5960468764361,1730329465.7912936
-22402.08058382041,-311.29274502906145,1730329465.7943387
-22414.798726415484,-317.86415789892175,1730329465.7983372
-22414.642264204296,-292.1820035197739,1730329465.8023484
-22365.42372291371,-299.26750651210625,1730329465.8063858
-22397.25260701807,-330.0458586270641,1730329465.8103712
-22432.72482546864,-350.6765187593125,1730329465.814442
-22417.21271481666,-296.56294543301414,1730329465.8194437
-22358.74055132157,-288.49396568464823,1730329465.82245
-22374.74440035157,-320.8592916559329,1730329465.8265305
-22431.62958999033,-336.2372918411841,1730329465.8303907
-22428.00860738857,-284.62711389388016,1730329465.8349316
-22372.106894505847,-275.0605672670087,1730329465.8383589
-22408.897865879284,-330.62700398290207,1730329465.8426852
-22446.605258775387,-337.8689691864216,1730329465.847599
-22403.71226116565,-276.8040033345227,1730329465.8509932
-22376.353725952355,-259.43669789274907,1730329465.853309
-22366.04957175846,-335.07500112950817,1730329465.858864
-22448.68397100973,-363.1487921653738,1730329465.862414
-22416.47510724964,-310.95746886223185,1730329465.8667903
-22365.13315023579,-273.0712620104864,1730329465.8703563
-22415.02224386004,-330.89522491636575,1730329465.8749394
-22420.990159629604,-357.69496651827893,1730329465.8776357
-22441.68787499522,-330.7164109607233,1730329465.8815372
-22379.259452731545,-264.10821248390823,1730329465.886588
-22340.412120868223,-281.18494524776287,1730329465.8905952
-22376.309022463443,-328.6600504708351,1730329465.894667
-22431.428424290232,-320.7698846781117,1730329465.8988967
-22380.28763297649,-221.5728427854589,1730329465.9031332
-22367.390676425777,-246.69620355322405,1730329465.9056797
-22396.604406428865,-323.29563180156134,1730329465.9097433
-22452.483767567133,-333.1527511063518,1730329465.9151382
-22374.453827673653,-270.1878869757518,1730329465.9190676
-22331.002036452537,-253.31231991199493,1730329465.922717
-22397.81140062945,-301.502680957637,1730329465.9270804
-22426.600447487886,-328.4812365151926,1730329465.9305592
-22417.32447353893,-323.8991289018546,1730329465.9337263
-22387.99898481357,-268.1985817192294,1730329465.9374828
-22363.836749057384,-279.1732882467852,1730329465.943035
-22424.47703176464,-332.079867372497,1730329465.9465058
-22442.224316862143,-299.87100361239953,1730329465.9506378
-22379.550025409462,-272.1548404878188,1730329465.9544868
-22361.66862984522,-285.923515072288,1730329465.95778
-22367.94947003716,-303.8049106365336,1730329465.9614356
-22386.18849351269,-297.63582916686886,1730329465.965729
-22382.120476021824,-289.29862848503933,1730329465.9697752
-22386.07673479041,-272.13248874336347,1730329467.0000193
-22383.95331906716,-236.4144011037828,1730329467.004072
-22358.114702476825,-279.4191574357936,1730329467.0092916
-22443.140738384813,-341.26643434362825,1730329467.0120523
-22429.61793298936,-293.0313698090756,1730329467.0152495
-22340.68034180169,-232.6369562908359,1730329467.020088
-22391.441153459687,-276.4016719343271,1730329467.0247197
-22465.648945051307,-348.7095652472455,1730329467.0280733
-22432.523659768543,-293.3889977203605,1730329467.032261
-22364.57435662441,-222.8021887305008,1730329467.0362265
-22375.52671140751,-279.8661923248997,1730329467.040386
-22356.773597809508,-332.5045505171479,1730329467.0433614
-22466.475959596155,-308.2976112720503,1730329467.048288
-22426.66750272125,-249.1325436988525,1730329467.0524468
-22356.460673387133,-243.7234215406682,1730329467.0568008
-22398.72782215212,-317.88650964337705,1730329467.0603695
-22451.567346044463,-322.1333410898854,1730329467.0644505
-22396.537351195497,-249.7136890546905,1730329467.0684395
-22377.13603700829,-259.3025874260172,1730329467.0711992
-22424.63349397582,-348.2178268692287,1730329467.0756085
-22390.65884240375,-310.8457101399553,1730329467.0802898
-22378.99123179808,-209.569956012959,1730329467.084414
-22381.785199855,-206.3066013224842,1730329467.088288
-22424.81230793146,-293.7242738871901,1730329467.0924318
-22442.403130817787,-316.7689224206117,1730329467.0951974
-22446.02411341955,-293.7242738871901,1730329467.0998328
-22425.48286026512,-268.3997474193272,1730329467.1041915
-22394.749211639075,-280.6708551252908,1730329467.108496
-22391.552912181964,-293.9924948206538,1730329467.1122131
-22367.90476654825,-254.04992747902008,1730329467.116926
-22354.73958906408,-225.61850853186948,1730329467.119573
-22367.86006305934,-259.3025874260172,1730329467.123888
-22405.567455955443,-327.9224429038099,1730329467.1274028
-22447.655790764784,-301.6367914243688,1730329467.1314
-22392.24581626008,-259.03436649255354,1730329467.136309
-22345.9777052376,-241.44354360622688,1730329467.140454
-22366.317792691923,-276.6475411233355,1730329467.1445353
-22403.62285418783,-300.4968524571481,1730329467.1480343
-22517.661454398807,-333.1974545952624,1730329467.1514676
-22406.52858096702,-265.02463400657587,1730329467.1555784
-22353.622001841308,-241.66706105077995,1730329467.1595757
-22430.10967136737,-289.32098022949464,1730329467.1647716
-22421.236028818614,-271.73015734316795,1730329467.1687171
-22393.43045871621,-272.7806893325674,1730329467.17248
-22403.62285418783,-309.59401245045814,1730329467.1753004
-22409.076679834925,-302.68732341376824,1730329467.1794052
-22445.86765120836,-245.2209884191737,1730329467.1835847
-22398.28078726301,-234.26863363607333,1730329467.1873531
-22394.324528494424,-290.1032912854304,1730329467.1925976
-22425.81813643195,-320.5463672335586,1730329467.1964478
-22431.853107434883,-283.6659888823019,1730329467.2006314
-22390.547083681475,-252.8652850228888,1730329467.2034009
-22375.593766640875,-278.1451080018411,1730329467.2080448
-22425.30404630948,-325.597861480458,1730329467.2113433
-22428.388587044312,-293.9477913317432,1730329467.215669
-22389.67536564772,-235.22975864765152,1730329467.2204688
-22364.484949646587,-276.5357824010589,1730329467.2245862
-22403.645205932287,-320.2781463000949,1730329467.228374
-22426.332226554423,-292.07024479749737,1730329467.2315643
-22402.34880475388,-262.49888688312615,1730329467.2356875
-22403.30992976545,-242.0246889620649,1730329467.240167
-22424.27586606453,-287.17521276178513,1730329467.2439072
-22451.187366388724,-309.99634385065366,1730329467.248063
-22416.81038341646,-244.10340119640844,1730329467.2528036
-22380.66761263223,-262.90121828332167,1730329467.255765
-22384.623871400818,-290.99736106364264,1730329467.2599988
-22360.439283900178,-258.8779042813664,1730329467.2637255
-22390.390621470287,-240.5271220835593,1730329467.267802
-22398.14667679628,-241.7564680286012,1730329467.271456
-22357.01946699852,-273.7418143441456,1730329467.2759771
-22403.734612910102,-296.048855310542,1730329467.2807662
-22468.800541019507,-278.92741905777683,1730329467.283769
-22402.751136154075,-270.5902183759473,1730329467.287461
-22392.3352232379,-299.91570710131015,1730329467.2915864
-22439.564459271965,-305.0789600704861,1730329467.2955832
-22424.27586606453,-255.90512226881057,1730329467.2999988
-22421.61600847436,-242.89640699582185,1730329467.3035877
-22436.25640109257,-307.5823554494805,1730329467.308777
-22421.34778754089,-316.94773637625417,1730329467.3114867
-22434.91529642526,-278.5250876575813,1730329467.3149176
-22412.27297929204,-237.66609879328,1730329467.3195589
-22386.322603979424,-258.5649798589921,1730329467.3238232
-22389.78712437,-289.2092215072181,1730329467.327814
-22421.72776719663,-268.6456166083356,1730329467.3316855
-22405.43334548871,-223.47274106416,1730329467.335854
-22397.3867174848,-243.7681250295788,1730329467.3388405
-22416.81038341646,-301.3015152575392,1730329467.342863
-22446.56055528648,-292.8525558534332,1730329467.348256
-22416.050424104986,-250.49600011062623,1730329467.351592
-22418.777336928528,-277.5863143904584,1730329467.3557937
-22433.082453379924,-340.2159023542288,1730329467.3600092
-22411.31185428045,-278.1451080018411,1730329467.3638911
-22408.96492111265,-246.2268169196626,1730329467.3667164
-22416.43040376072,-259.68256708175744,1730329467.370705
-22392.67049940473,-264.44348865073783,1730329467.3762531
-22396.38088898431,-257.5815031029586,1730329467.3795793
-22414.15052582628,-246.62914831985813,1730329467.3839056
-22417.793860172496,-240.2589011500956,1730329467.387597
-22424.43232827572,-283.2413057376511,1730329467.390878
-22440.61499126136,-292.0925965419527,1730329467.3946457
-22440.01149416107,-250.07131696597543,1730329467.3989348
-22392.06700230444,-220.2317381181405,1730329467.403679
-22358.06999898792,-263.43766015024903,1730329467.4081953
-22395.933854095205,-319.9875736221759,1730329467.4116988
-22458.85401473689,-293.4113494648158,1730329467.4162457
-22401.96882509813,-214.71085723767965,1730329467.4189332
-22462.40794210529,-284.7388726161567,1730329467.423345
-22501.52349490208,-324.32381204650545,1730329467.427279
-22423.873534664337,-273.58535213295846,1730329467.4314864
-22389.78712437,-220.4552555626936,1730329467.435975
-22396.71616515114,-242.7846482735453,1730329467.4400153
-22455.88123272434,-300.8768321128884,1730329467.4437976
-22474.142607944323,-303.69315191425704,1730329467.4479048
-22425.102880609385,-243.29873839601737,1730329467.4511542
-22380.17587425421,-235.43092434774928,1730329467.454834
-22422.26420906356,-306.9118031158213,1730329467.4590569
-22462.81027350548,-312.1868148072737,1730329467.4641588
-22450.58386928843,-258.76614555908986,1730329467.468015
-22410.887171135804,-252.39589838932736,1730329467.4707837
-22387.261377246545,-278.5474394020366,1730329467.475236
-22459.457511837187,-307.3141345160168,1730329467.4788723
-22431.58488650142,-251.05479372200887,1730329467.4830704
-22373.403295684257,-213.3474008259059,1730329467.4867778
-22409.21079030166,-255.2345699351513,1730329467.491858
-22454.76364550157,-283.9118580713103,1730329467.4958746
-22448.77337798755,-276.8710585678886,1730329467.4990292
-22443.207793618178,-232.70401152420183,1730329467.5027895
-22408.76375541255,-252.70882281170165,1730329467.507064
-22447.40992157577,-327.6989254592568,1730329467.5109525
-22461.15624441579,-297.92640184478785,1730329467.5153055
-22419.00085437308,-205.63604898882497,1730329467.519824
-22389.161275525246,-226.9372614547326,1730329467.5238128
-22431.8978109238,-288.29279998455047,1730329467.527224
-22458.608145547885,-294.2830674985728,1730329467.5314329
-22436.30110458149,-234.26863363607333,1730329467.5353005
-22388.04368830248,-225.216177131674,1730329467.5391784
-22404.87455187733,-292.696093642246,1730329467.5436325
-22482.16688420378,-312.4773874851928,1730329467.5472815
-22449.578040787943,-251.278311166562,1730329467.5519776
-22373.00096428406,-236.50380808160403,1730329467.5550077
-22381.785199855,-309.23638453917323,1730329467.55899
-22485.22907319416,-327.855387670444,1730329467.5629358
-22481.98807024814,-243.6787180517576,1730329467.5671067
-22420.16314508476,-231.0276306900538,1730329467.5708656
-22391.10587729286,-260.88956128234406,1730329467.57589
-22437.30693308197,-269.5620381310032,1730329467.578895
-22442.35842732888,-248.6855088097464,1730329467.5819285
-22400.046575074983,-225.0597149204868,1730329467.586927
-22401.41003148676,-257.8050205475117,1730329467.5910828
-22464.44195085072,-309.7504746616453,1730329467.594905
-22469.292279397523,-270.03142476456463,1730329467.5990908
-22427.449813777188,-236.83908424843364,1730329467.6042247
-22406.26036003356,-287.7116546287125,1730329467.6071005
-22405.50040072208,-309.28108802808384,1730329467.6101322
-22489.07357324047,-285.7670528611008,1730329467.615104
-22466.699477040707,-243.56695932948105,1730329467.6190276
-22413.12234558133,-242.2705581510733,1730329467.6231165
-22417.838563661404,-279.1956399912405,1730329467.6270998
-22452.796691989504,-280.5814481474696,1730329467.6321278
-22412.965883370147,-214.30852583748413,1730329467.635058
-22391.597615670875,-219.0023921730986,1730329467.638163
-22447.655790764784,-294.5289366875812,1730329467.6420455
-22460.3515816154,-307.9399833607654,1730329467.646937
-22390.457676703656,-227.07137192146445,1730329467.6509013
-22354.672533830708,-208.58647925692551,1730329467.6550312
-22398.90663610776,-277.96629404619864,1730329467.6590178
-22447.38756983132,-291.2208785081957,1730329467.6630168
-22441.73257848413,-255.16751470178545,1730329467.6659348
-22417.43623226121,-250.49600011062623,1730329467.669976
-22426.511040510064,-279.3968056913383,1730329467.6749933
-22458.96577345917,-301.8156053800113,1730329467.6791642
-22485.474942383164,-293.9924948206538,1730329467.683099
-22404.85220013287,-250.54070359953687,1730329467.687048
-22391.70937439315,-245.48920935263743,1730329467.6911163
-22456.372971102355,-278.03334927956456,1730329467.694244
-22434.401206302788,-246.07035470847543,1730329467.6982896
-22399.0854500634,-221.08110440744213,1730329467.7030537
-22416.028072360525,-271.2831224540618,1730329467.707692
-22475.7072300562,-331.16344584982943,1730329467.7110856
-22473.941442244228,-293.83603260946666,1730329467.7142918
-22436.435215048223,-219.18120612874105,1730329467.718737
-22427.22629633264,-255.2345699351513,1730329467.7236574
-22436.144642370306,-316.92538463179886,1730329467.7274773
-22452.483767567133,-304.7436839036565,1730329467.7302487
-22448.68397100973,-253.84876177892232,1730329467.734678
-22368.530615393,-234.02276444706496,1730329467.7383733
-22420.230200318125,-298.88752685636604,1730329467.7426243
-22499.98122453466,-330.7611144496339,1730329467.747876
-22439.05036914949,-260.598988604425,1730329467.7513266
-22391.32939473741,-224.25505212009577,1730329467.7554233
-22422.46537476365,-282.9507330597321,1730329467.758437
-22479.775247547062,-317.2383090541732,1730329467.76218
-22467.88411949684,-270.5455148870367,1730329467.766697
-22420.699586951683,-228.88186322234432,1730329467.7701707
-22413.21175255916,-275.6417126228467,1730329467.7754483
-22448.57221228745,-320.16638757781834,1730329467.7794192
-22445.934706441727,-250.71951755517927,1730329467.7824109
-22404.136944310303,-218.84592996191145,1730329467.786468
-22414.038767104004,-286.2587912391176,1730329467.7905335
-22354.158443708235,-296.5405936885588,1730329467.7942383
-22453.80252049,-280.9614278032098,1730329467.7984602
-22466.16303517378,-244.8410087634336,1730329467.8033533
-22408.897865879284,-256.75448855811226,1730329467.807694
-22436.614029003864,-288.98570406266504,1730329467.8103726
-22465.04544795101,-276.4016719343271,1730329467.8143172
-22439.63151450533,-233.03928769103143,1730329467.818458
-22405.76862165554,-242.76229652909,1730329467.8223786
-22419.827868917928,-291.39969246383816,1730329467.8263907
-22461.11154092688,-287.28697148406167,1730329467.8304446
-22432.925991168737,-235.20740690319624,1730329467.8354225
-22398.90663610776,-231.9664039571767,1730329467.838511
-22425.885191665315,-299.759244890123,1730329467.8423088
-22475.103732955904,-305.0789600704861,1730329467.8464067
-22472.91326199928,-272.5571718880143,1730329467.85031
-22380.7346678656,-237.84491274892247,1730329467.8545585
-22391.86583660434,-286.28114298357286,1730329467.858493
-22447.476976809143,-298.1946227782515,1730329467.863658
-22462.54205257202,-260.08489848195296,1730329467.866592
-22421.191325329703,-226.601985287903,1730329467.8703375
-22399.2866157635,-240.43771510573808,1730329467.8746026
-22448.527508798543,-289.05275929603096,1730329467.8783402
-22461.62563104935,-273.406538177316,1730329467.882513
-22417.950322383684,-243.8351802629448,1730329467.8875985
-22411.267150791544,-265.24815145112893,1730329467.8905523
-22453.489596067622,-301.2344600241733,1730329467.893499
-22462.20677640519,-271.8195643209892,1730329467.8984592
-22432.00956964607,-229.53006381154825,1730329467.9024556
-22416.028072360525,-274.27825621107297,1730329467.9065373
-22440.74910172809,-321.7980649230558,1730329467.910584
-22453.75781700109,-299.1557477898297,1730329467.9145155
-22442.67135175125,-242.4493721067157,1730329467.9185543
-22381.1369992658,-226.53493005453709,1730329467.921589
-22414.82107815994,-284.5153551716036,1730329467.926564
-22461.737389771628,-307.11296881591903,1730329467.9305933
-22433.68595048022,-252.30649141150613,1730329467.9346776
-22379.728839365107,-243.3881453738386,1730329467.9387424
-22396.827923873418,-315.2043003087402,1730329467.9424646
-22470.07459045346,-325.39669578036023,1730329467.9467132
-22457.69172402522,-243.7904767740341,1730329467.9496226
-22427.67333122174,-225.52910155404825,1730329467.9534652
-22401.23121753112,-286.4823086836706,1730329467.9587092
-22441.754930228584,-312.6785531852905,1730329467.9626155
-22479.909358013792,-271.14901198733,1730329467.9666529
-22420.63253171832,-244.77395353006764,1730329467.9705813
-22356.773597809508,-258.9449595147323,1730329467.9746132
-22434.6470754918,-300.8321286239778,1730329467.9775107
-22509.54777116153,-295.8923930993549,1730329467.982714
-22441.30789533948,-232.07816267945324,1730329467.9866
-22385.272071990024,-245.2656919080844,1730329467.9906075
-22418.15148808378,-298.4628437117152,1730329467.9945157
-22471.952136987704,-292.6066866644248,1730329467.9986703
-22423.40414803078,-247.65732856480224,1730329468.0016303
-22397.587883184897,-275.2840847115618,1730329468.0058208
-22492.582797119954,-323.5415009905697,1730329468.0097637
-22475.17078818927,-295.3112477435169,1730329468.0147564
-22419.71611019565,-238.6719272937688,1730329468.0186963
-22403.779316399017,-252.46295362269328,1730329468.0226111
-22455.92593621325,-325.888434158377,1730329468.0268111
-22454.69659026821,-300.5862594349694,1730329468.0297048
-22385.316775478936,-235.4532760922046,1730329468.0338054
-22395.19624652818,-250.40659313280503,1730329468.0377364
-22493.07453549797,-300.72036990170125,1730329468.042719
-22506.329119959966,-318.8699863994105,1730329468.046697
-22480.02111673607,-263.3035496835172,1730329468.0506525
-22389.25068250307,-236.95084297071017,1730329468.053719
-22383.0816010334,-296.87586985538843,1730329468.0577035
-22450.58386928843,-312.9467741187542,1730329468.0616517
-22453.35548560089,-255.01105249059827,1730329468.0659337
-22405.03101408852,-224.9032527092997,1730329468.0695689
-22432.747177213096,-254.27344492357315,1730329468.0748062
-22499.757707090102,-309.8845851283771,1730329468.0787425
-22498.79658207853,-284.89533482734385,1730329468.081836
-22423.31474105296,-233.35221211340573,1730329468.0857732
-22394.726859894618,-262.342424671939,1730329468.08996
-22430.802575445483,-312.857367140933,1730329468.0939088
-22462.74321827212,-292.7407971311566,1730329468.0980444
-22424.029996875524,-235.8109040034895,1730329468.102699
-22396.24677851758,-245.891540752833,1730329468.1069372
-22464.374895617355,-304.4754629701928,1730329468.1099713
-22510.88887582885,-303.71550365871235,1730329468.1139493
-22448.05812216498,-250.54070359953687,1730329468.117927
-22385.741458623583,-233.9110057247884,1730329468.1219373
-22441.352598828387,-285.61059064991366,1730329468.1259315
-22511.760593862607,-296.8535181109331,1730329468.1309354
-22489.610015107395,-239.2530726496068,1730329468.1339412
-22436.59167725941,-227.2054823881963,1730329468.1379418
-22443.0960348959,-279.7767853470785,1730329468.1417615
-22480.959890003192,-303.73785540316766,1730329468.1459684
-22479.3058609135,-259.07906998146416,1730329468.14999
-22438.245706349106,-230.53589231203705,1730329468.1538503
-22441.084377894924,-267.30451194101715,1730329468.1590786
-22488.91711102928,-302.4638059692152,1730329468.1619537
-22490.97347151917,-264.6893578397462,1730329468.1650124
-22437.329284826432,-226.9372614547326,1730329468.169814
-22423.76177594206,-260.598988604425,1730329468.1738777
-22475.26019516709,-315.40546600883795,1730329468.177795
-22487.419544150776,-282.72721561517903,1730329468.1820102
-22441.30789533948,-231.3629068568834,1730329468.186783
-22413.30115953698,-243.9692907296766,1730329468.1900349
-22449.354523343387,-293.0090180646203,1730329468.193042
-22465.04544795101,-270.76903233158976,1730329468.1978483
-22429.77439520054,-220.07527590695327,1730329468.2020476
-22404.67338617723,-234.02276444706496,1730329468.2060187
-22439.989142416616,-289.4997941851371,1730329468.2098916
-22478.50119811311,-284.3365412159611,1730329468.2140195
-22448.43810182072,-233.70984002469064,1730329468.2179933
-22402.57232219843,-232.3240318684616,1730329468.2209733
-22412.07181359193,-285.23061099417345,1730329468.2260425
-22461.53622407153,-289.32098022949464,1730329468.230176
-22491.375802919367,-249.82544777696705,1730329468.2341723
-22425.52756375404,-226.2890608655287,1730329468.2381315
-22412.831772903417,-277.31809345699475,1730329468.243114
-22478.83647427994,-308.94581186125424,1730329468.245999
-22483.105657470904,-237.0178982040761,1730329468.2490964
-22433.931819669226,-198.88582216332225,1730329468.2538967
-22424.409976531268,-262.0071485051094,1730329468.2581124
-22449.086302409924,-316.09837008695246,1730329468.2619133
-22483.15036095981,-288.15868951781863,1730329468.2660534
-22426.891020165804,-205.3678280553613,1730329468.269086
-22434.82588944744,-256.6203780913804,1730329468.2731743
-22474.634346322346,-312.3879805073715,1730329468.277053
-22461.53622407153,-261.7165758271904,1730329468.2821455
-22428.813270188963,-184.7148161786576,1730329468.2859592
-22403.086412320903,-219.18120612874105,1730329468.2901652
-22434.0435783915,-276.0216922785869,1730329468.2941556
-22464.419599106262,-269.71850034219034,1730329468.2970903
-22409.41195600176,-231.4299620902493,1730329468.3011675
-22344.61424882582,-267.0809944964641,1730329468.3051891
-22444.258325607578,-302.66497166931293,1730329468.3092167
-22505.2115327372,-253.46878212318208,1730329468.3142133
-22448.88513670983,-210.4193223022607,1730329468.3181963
-22411.13304032481,-215.73903748262376,1730329468.3221624
-22426.30987480997,-270.74668058713445,1730329468.3251884
-22460.95507871569,-284.5153551716036,1730329468.329132
-22440.30206683899,-228.07720042195328,1730329468.333175
-22393.09518254938,-206.6865809782244,1730329468.3370802
-22394.01160407205,-251.16655244428543,1730329468.3421936
-22437.61985750436,-283.889506326855,1730329468.3461049
-22436.614029003864,-238.13548542684143,1730329468.3502233
-22398.34784249638,-205.5019385220932,1730329468.3530047
-22398.392545985287,-248.3949361318274,1730329468.3571851
-22441.464357550663,-287.17521276178513,1730329468.361046
-22458.228165892146,-253.535837356548,1730329468.3653016
-22418.285598550512,-210.32991532443947,1730329468.370064
-22400.96299659765,-235.4532760922046,1730329468.374249
-22441.73257848413,-283.6883406267572,1730329468.377156
-22463.45847409469,-260.1296019708636,1730329468.381287
-22426.980427143622,-207.6253542453473,1730329468.3852963
-22401.253569275566,-222.8021887305008,1730329468.389306
-22427.60627598837,-269.9643695311987,1730329468.3932655
-22461.06683743797,-262.56594211649207,1730329468.3982885
-22437.172822615245,-213.45915954818244,1730329468.4021063
-22410.037804846503,-221.41638057427176,1730329468.4051883
-22434.982351658626,-268.69032009724623,1730329468.409238
-22465.648945051307,-268.1091747414082,1730329468.413528
-22446.225279119644,-217.2366043611293,1730329468.4173515
-22399.15250529677,-199.46696751916025,1730329468.42145
-22419.269075306544,-258.0732414809753,1730329468.4255493
-22459.837491492926,-273.60770387741377,1730329468.4303975
-22447.67814250924,-219.0247439175539,1730329468.4333532
-22404.695737921684,-193.7672726830569,1730329468.4362018
-22410.82011590244,-241.33178488395035,1730329468.4413643
-22459.61397404837,-276.24520972314,1730329468.4451923
-22455.188328646225,-226.02083993206503,1730329468.4494095
-22405.72391816663,-183.66428418925813,1730329468.4532187
-22396.313833750944,-219.5835375289365,1730329468.4583836
-22443.96775292966,-266.05281425152,1730329468.461218
-22454.338962356924,-231.3405551124281,1730329468.46536
-22408.29436877899,-179.28334227601795,1730329468.4692204
-22390.703545892666,-207.2900780785177,1730329468.473412
-22433.10480512438,-260.1519537153189,1730329468.4773064
-22452.416712333765,-229.93239521174377,1730329468.481431
-22417.50328749457,-175.17062129624145,1730329468.486236
-22387.909577835748,-190.1909935702078,1730329468.4894474
-22421.43719451871,-246.8303140199559,1730329468.49253
-22458.518738570063,-241.4658953506822,1730329468.4976804
-22430.95903765667,-185.74299642360168,1730329468.501505
-22397.05144131797,-187.93346738022177,1730329468.50553
-22422.62183697484,-243.0305174625537,1730329468.5095758
-22462.29618338301,-249.4007646323162,1730329468.5135202
-22440.83850870592,-190.2356970591184,1730329468.516747
-22405.254531533068,-180.088005076409,1730329468.5204132
-22422.15245034128,-235.8556074924001,1730329468.5254877
-22459.368104859364,-253.93816875674355,1730329468.5294209
-22451.209718133177,-204.92079316625515,1730329468.5335512
-22407.75792691206,-177.38344399731685,1730329468.5375862
-22407.690871678697,-220.07527590695327,1730329468.541528
-22455.165976901768,-258.4532211367156,1730329468.544378
-22460.46334033768,-219.47177880666004,1730329468.5488095
-22411.848296147386,-175.6847114187135,1730329468.5534987
-22403.86872337684,-210.8887089358221,1730329468.5577424
-22447.4993285536,-256.7321368136569,1730329468.561469
-22460.128064170847,-224.9926596871209,1730329468.565616
-22419.62670321783,-177.36109225286154,1730329468.569414
-22400.29244426399,-202.8867844208222,1730329468.5726218
-22431.696645223696,-251.3453663999279,1730329468.576635
-22453.668410023263,-229.4853603226376,1730329468.581684
-22428.52269751104,-183.84309814490047,1730329468.5856817
-22401.63354893131,-196.76240644006808,1730329468.5897272
-22420.29725555149,-238.4484098492157,1730329468.5937765
-22448.05812216498,-229.61947078936944,1730329468.5976293
-22421.70541545217,-175.3717869963392,1730329468.600633
-22388.26720574704,-172.8236881284342,1730329468.6045492
-22414.46345024865,-232.279328379551,1730329468.6085963
-22454.2495553791,-243.3881453738386,1730329468.613623
-22436.65873249277,-186.61471445735867,1730329468.6177337
-22403.37698499882,-172.37665323932808,1730329468.6205618
-22417.883267150315,-223.31627885297289,1730329468.6246016
-22465.69364854022,-249.7583925436011,1730329468.6285388
-22465.470131095663,-205.6136972443697,1730329468.632689
-22421.68306370772,-172.55546719497053,1730329468.6365044
-22422.53242999702,-215.4484648047048,1730329468.6417124
-22465.53718632903,-250.49600011062623,1730329468.6457462
-22480.579910347453,-216.3648863273724,1730329468.6487546
-22441.41965406176,-175.77411839653473,1730329468.652537
-22432.903639424283,-211.6933717362132,1730329468.6567516
-22474.07555271096,-255.1451629573301,1730329468.660556
-22487.35248891741,-224.9032527092997,1730329468.6647923
-22447.722845998152,-177.2269817861297,1730329468.6695552
-22426.35457829888,-198.6623047187692,1730329468.6737823
-22465.6042415624,-252.41825013378264,1730329468.6767974
-22499.869465812382,-245.55626458600327,1730329468.6807852
-22467.1018084409,-189.49808949209327,1730329468.684824
-22431.40607254578,-188.40285401378324,1730329468.6888103
-22460.083360681936,-246.5620930864922,1730329468.692816
-22496.1590762328,-248.1267151983637,1730329468.6968305
-22475.95309924521,-198.23762157411835,1730329468.7018237
-22432.925991168737,-186.88293539082235,1730329468.7048695
-22453.467244323165,-242.829351762456,1730329468.7088182
-22499.84711406793,-263.2811979390619,1730329468.7128568
-22487.12897147286,-210.57578451344784,1730329468.716862
-22442.91722094026,-188.87224064734468,1730329468.7206745
-22447.745197742606,-236.7273255261571,1730329468.7248476
-22495.35441343241,-267.61743636339145,1730329468.7298944
-22488.3583174179,-216.85662470538912,1730329468.7328973
-22430.53435451202,-170.9237898497331,1730329468.7368417
-22428.947380655693,-215.04613340450925,1730329468.7408967
-22471.661564309787,-255.4133838907938,1730329468.7447126
-22477.22714867916,-216.409589816283,1730329468.7489133
-22430.78022370103,-168.01806307054318,1730329468.7527392
-22421.28073230752,-202.2609355760736,1730329468.7569463
-22469.15816893079,-255.34632865742788,1730329468.7599506
-22492.00165176412,-231.988755701632,1730329468.7649634
-22452.68493326723,-182.2561242885738,1730329468.768927
-22424.18645908671,-197.90234540728872,1730329468.7729464
-22461.89385198281,-252.95469200071005,1730329468.7767837
-22494.84032330993,-246.7409070421347,1730329468.78088
-22466.11833168487,-196.27066806205133,1730329468.7849908
-22429.57322950044,-195.8236331729452,1730329468.787992
-22450.85209022189,-242.65053780681347,1730329468.7929285
-22490.14645697433,-251.8594565224,1730329468.7968752
-22468.10763694139,-200.6516099752915,1730329468.8009164
-22424.58879048691,-184.7818714120235,1730329468.8048007
-22439.83268020543,-237.88961623783308,1730329468.8089054
-22480.73637255864,-257.4026891473161,1730329468.812828
-22473.98614573313,-210.03934264652048,1730329468.8160107
-22430.869630678848,-181.6973306771911,1730329468.8200371
-22437.21752610416,-228.34542135541696,1730329468.824865
-22484.73733481613,-263.79528806153394,1730329468.8287978
-22485.0055557496,-221.41638057427176,1730329468.8330717
-22437.329284826432,-183.75369116707927,1730329468.8369558
-22427.00277888808,-217.7506944836014,1730329468.8398447
-22472.577985832453,-260.82250604897814,1730329468.843861
-22489.855884296405,-232.56990105747,1730329468.8480356
-22439.989142416616,-182.2114207996632,1730329468.8529222
-22417.793860172496,-206.6642292337691,1730329468.856886
-22462.63145954984,-261.89538978283286,1730329468.8608837
-22493.45451515371,-250.76422104409,1730329468.865121
-22453.467244323165,-193.1861273272189,1730329468.8689227
-22416.16218282726,-190.9733046261436,1730329468.8720882
-22444.10186339639,-239.409534860794,1730329468.876038
-22477.22714867916,-237.084953437442,1730329468.8799925
-22446.4487965642,-179.1268800648308,1730329468.8849876
-22404.56162745496,-170.8567346163672,1730329468.8891163
-22430.66846497876,-229.150084155808,1730329468.8920662
-22473.092075954926,-242.0470407065202,1730329468.8960164
-22458.76460775908,-193.2531825605849,1730329468.8999748
-22418.57617122843,-182.2114207996632,1730329468.9041352
-22433.44008129121,-234.60390980290293,1730329468.9081447
-22478.68001206875,-257.536799614048,1730329468.9131205
-22474.701401555707,-212.7215519811573,1730329468.9170036
-22428.209773088667,-182.18906905520788,1730329468.9200408
-22432.948342913194,-228.8371597334337,1730329468.924197
-22479.171750446767,-267.32686368547246,1730329468.927988
-22482.09982897041,-226.2890608655287,1730329468.9322045
-22432.277790579534,-182.5019934775821,1730329468.9360943
-22416.095127593893,-214.66615374876903,1730329468.941219
-22458.67520078125,-260.2637124375954,1730329468.945073
-22471.393343376323,-229.57476730045883,1730329468.9483612
-22433.954171413683,-185.31831327895085,1730329468.9523644
-22419.939627640204,-213.1462351258081,1730329468.956378
-22462.96673571667,-268.4668026526931,1730329468.960402
-22490.36997441888,-249.66898556577988,1730329468.9647455
-22447.76754948706,-185.40772025677208,1730329468.96918
-22410.90952288026,-193.1414238383084,1730329468.9734108
-22442.693703495708,-252.1723809447743,1730329468.9764628
-22482.569215603973,-255.6369013353469,1730329468.9802296
-22449.77920648804,-193.1861273272189,1730329468.9845972
-22412.47414499213,-188.4252057582385,1730329468.9884727
-22437.59750575989,-247.74673554262347,1730329468.992676
-22477.271852168065,-263.214142705696,1730329468.9972188
-22458.138758914323,-207.4241885452496,1730329469.000647
-22416.184534571712,-189.2298685586296,1730329469.0033205
-22428.45564227768,-243.63401456284697,1730329469.0086772
-22459.9492502152,-257.6485583363245,1730329469.012158
-22454.4507210792,-210.4193223022607,1730329469.016356
-22413.457621748166,-182.18906905520788,1730329469.0201776
-22405.52275246653,-221.41638057427176,1730329469.025406
-22447.119348897857,-260.33076767096134,1730329469.0281682
-22458.608145547885,-225.28323236503988,1730329469.031386
-22417.50328749457,-184.75951966756816,1730329469.036228
-22404.42751698822,-217.1248456388528,1730329469.0404449
-22450.58386928843,-270.5455148870367,1730329469.0441897
-22589.499961078163,-466.1679823598841,1730329474.062336
-22616.1879439578,-430.96398484277546,1730329474.066256
-22531.206611538724,-427.2982987521051,1730329474.0702925
-22478.43414287974,-476.8074127206103,1730329474.075306
-22512.02881479607,-482.9541424458197,1730329474.0792608
-22502.59637863593,-453.65100546491215,1730329474.0832396
-22408.987272857103,-375.3528446379715,1730329474.0872982
-22499.08715475645,-466.8608864379986,1730329474.0913205
-22501.098811757423,-483.9376192018533,1730329474.094278
-22453.310782111977,-425.2195865177616,1730329474.098271
-22449.175709387742,-409.7521793546891,1730329474.1032228
-22458.71990427016,-434.8084848890883,1730329474.10725
-22480.244634180624,-477.4109098209036,1730329474.1113932
-22538.89561163135,-446.1631710723843,1730329474.115291
-22511.24650374013,-389.1662227113513,1730329474.118118
-22470.119293942367,-418.8269876035437,1730329474.1223469
-22514.97924506417,-495.3817123629704,1730329474.1261947
-22561.381466553383,-523.6119656100233,1730329474.1304052
-22518.35435847692,-436.6189761899682,1730329474.1351817
-22408.495534479087,-384.2488389311837,1730329474.139854
-22444.437139563222,-473.9910929192416,1730329474.1432033
-22523.87523935738,-515.5653376061127,1730329474.1465237
-22499.69065185674,-446.0514123501077,1730329474.1505165
-22416.56451422745,-421.6433074049124,1730329474.154626
-22423.22533407513,-449.18065657385074,1730329474.158687
-22554.340667049964,-490.330218116071,1730329474.1632516
-22546.38344602388,-464.8939329259316,1730329474.1675005
-22438.11159588237,-406.15354849738463,1730329474.1709285
-22450.695628010708,-434.78613314463297,1730329474.1749823
-22483.26211968209,-474.751052230722,1730329474.1782527
-22488.40302090681,-459.0824793675517,1730329474.1824064
-22478.188273690736,-410.7580078551779,1730329474.1864216
-22507.625521138376,-432.5733104435576,1730329474.1914797
-22559.77214095261,-469.8113167060992,1730329474.195464
-22615.3385776685,-477.7461859877332,1730329474.1984644
-22446.269982608555,-404.2983537075942,1730329474.2023864
-22439.944438927705,-419.51989168165824,1730329474.2068715
-22480.87048302537,-467.6655492383896,1730329474.2103903
-22490.03469825205,-452.5334182421468,1730329474.214522
-22493.566273875986,-424.5266824396471,1730329474.2195249
-22479.328212657954,-431.0310400761414,1730329474.223508
-22453.310782111977,-454.5003717542138,1730329474.2263093
-22483.7091545712,-450.6782234523563,1730329474.2305388
-22487.196026706224,-417.0388480471192,1730329474.2343795
-22425.77343294304,-393.6812750913233,1730329474.2388663
-22456.84235773592,-438.0047843461972,1730329474.2422948
-22525.26104751361,-505.976439234786,1730329474.2464352
-22492.471038397674,-409.4169031878595,1730329474.251354
-22444.280677352035,-381.9689609967424,1730329474.2546563
-22467.1018084409,-453.2486740647166,1730329474.2585356
-22495.175599476766,-493.50416582872464,1730329474.26304
-22462.09501768292,-455.5062002547026,1730329474.2668333
-22444.92887794124,-385.7464058096893,1730329474.2704165
-22407.37794725632,-400.3867984279154,1730329474.2747424
-22504.1610007478,-500.50026184323576,1730329474.2797134
-22466.67712529625,-458.9930723897305,1730329474.2829676
-22456.417674591263,-387.93687676630935,1730329474.2867067
-22511.69353862924,-450.4100025188926,1730329474.2907493
-22535.565201707508,-507.362247391015,1730329474.2945423
-22469.24757590861,-455.05916536559647,1730329474.299018
-22534.13469006237,-424.3702202284599,1730329474.302482
-22411.06598509145,-412.7026096227896,1730329474.3070006
-22429.77439520054,-435.0096505891861,1730329474.3095765
-22498.997747778627,-452.8239909200658,1730329474.3150094
-22437.30693308197,-385.65699883186807,1730329474.3184433
-22403.287578021,-394.3518274249825,1730329474.3231685
-22499.578893134465,-479.37786333297055,1730329474.3266275
-22535.565201707508,-518.8733957854981,1730329474.3310635
-22469.739314286628,-468.2913980831383,1730329474.3344471
-22430.46729927865,-434.6743744223565,1730329474.338072
-22427.22629633264,-436.0154790896749,1730329474.3417127
-22456.3506193579,-432.8638831214766,1730329474.346908
-22514.107527030414,-405.9970862861975,1730329474.3506775
-22476.914224256783,-381.6336848299128,1730329474.3551884
-22471.25923290959,-456.4002700329149,1730329474.3588953
-22510.531247917563,-531.7927040806657,1730329474.362995
-22513.72754737468,-489.8384797380543,1730329474.3658428
-22388.91540633624,-395.80469081457744,1730329474.3698485
-22398.392545985287,-417.3294207250382,1730329474.3747487
-22479.954061502704,-439.1447233134178,1730329474.379238
-22477.383610890345,-416.7706271136555,1730329474.3832574
-22437.59750575989,-379.95730399576473,1730329474.3872516
-22422.845354419394,-408.70164736528966,1730329474.3900466
-22426.600447487886,-486.0833866695627,1730329474.3935766
-22463.97256421716,-491.2689913831939,1730329474.397838
-22485.765515061084,-425.9571940847867,1730329474.4027874
-22470.119293942367,-428.88527260843193,1730329474.407136
-22506.77615484907,-482.82003197908784,1730329474.410609
-22526.959780092217,-459.1271828564624,1730329474.4149337
-22452.282601867035,-427.2759470076498,1730329474.4185877
-22436.144642370306,-429.53347319763583,1730329474.4219725
-22462.87732873885,-425.4431039623146,1730329474.425665
-22477.294203912523,-448.0854210955407,1730329474.4312952
-22471.750971287605,-406.0864932640187,1730329474.43461
-22469.381686375345,-406.980563042231,1730329474.4391537
-22487.15132321732,-501.9978287217413,1730329474.441877
-22389.183627269704,-472.3817673184595,1730329474.446201
-22479.88700626934,-415.1165980239628,1730329474.4502206
-22494.817971565484,-403.7619118406668,1730329474.453843
-22449.44393032121,-459.86479042348753,1730329474.4589293
-22467.235918907634,-454.7685926876775,1730329474.4632475
-22498.751878589617,-453.5392467426356,1730329474.4671004
-22436.278752837035,-420.1010370374962,1730329474.4700277
-22464.598413061907,-428.28177550813865,1730329474.473676
-22531.005445838626,-500.3214478875933,1730329474.4780068
-22466.6547735518,-487.5362500591576,1730329474.482196
-22432.523659768543,-388.0486354885859,1730329474.4859188
-22392.692851149182,-397.3916646709043,1730329474.4911823
-22463.79375026152,-475.28749409764936,1730329474.4949305
-22493.25334945361,-458.2554648227054,1730329474.4980476
-22455.14362515732,-409.5733653990466,1730329474.5017552
-22394.592749427888,-442.56454021507983,1730329474.506028
-22455.277735624044,-495.2923053851492,1730329474.5098147
-22489.699422085218,-479.80254647762143,1730329474.5139563
-22473.427352121755,-406.3770659419377,1730329474.518908
-22452.70728501169,-402.979600784731,1730329474.523402
-22497.2096082222,-501.6625525549117,1730329474.525838
-22437.61985750436,-498.4215496088922,1730329474.530115
-22368.396504926262,-377.9009435058765,1730329474.533885
-22416.609217716363,-376.1575074383625,1730329474.5384111
-22450.85209022189,-460.6918049683339,1730329474.542128
-22473.31559339948,-481.4565755673141,1730329474.5468514
-22461.290354882523,-439.815275647077,1730329474.550326
-22370.05053401596,-405.8406240750104,1730329474.5528736
-22415.15635432677,-422.2021010162951,1730329474.55827
-22533.93352436227,-479.80254647762143,1730329474.5624182
-22497.96956753368,-462.5693515025797,1730329474.5660927
-22497.90251230032,-425.8677871069655,1730329474.5704107
-22449.287468110026,-441.3798977589486,1730329474.5754015
-22504.18335249226,-489.9725902047861,1730329474.5781665
-22491.59932036392,-451.4158310193814,1730329474.5822835
-22464.01726770607,-405.7735688416444,1730329474.586036
-22444.39243607431,-421.9338800828314,1730329474.5901368
-22451.34382859991,-465.8774096819651,1730329474.5939436
-22472.26506141008,-452.4663630087809,1730329474.5983205
-22470.83454976494,-413.3731619564488,1730329474.6029415
-22443.34190408491,-401.9514205397869,1730329474.6062863
-22423.51590675305,-440.9328628698424,1730329474.6091423
-22430.020264389543,-437.2448250347168,1730329474.6140957
-22420.09608985139,-389.7920715560999,1730329474.6179335
-22450.56151754397,-415.5189294241583,1730329474.6223388
-22458.74225601462,-471.3088835846047,1730329474.625923
-22530.759576649616,-486.8209942365878,1730329474.6315773
-22465.403075862298,-406.3323624530271,1730329474.6339889
-22395.844447117383,-373.29648414808327,1730329474.637686
-22432.903639424283,-452.2651973086831,1730329474.6420784
-22457.937593214225,-479.3555115885152,1730329474.6463113
-22448.929840198736,-419.3634294704711,1730329474.650394
-22475.7072300562,-400.11857749445176,1730329474.654205
-22509.05603278352,-449.9182641408759,1730329474.6590269
-22503.378689691865,-482.2612383677052,1730329474.6622863
-22490.63819535234,-444.1962175603173,1730329474.6652963
-22457.89288972532,-372.7376905367006,1730329474.670674
-22396.91733085124,-406.3323624530271,1730329474.6739764
-22446.87347970885,-446.4090402613927,1730329474.6787567
-22517.50499218762,-450.7005751968116,1730329474.6823046
-22392.111705793348,-363.1264404209185,1730329474.6862016
-22353.174966952203,-379.73378655121167,1730329474.6892936
-22462.2514798941,-453.9639298872864,1730329474.6930404
-22478.568253346475,-439.301185524605,1730329474.6982763
-22480.49050336963,-391.7366733237116,1730329474.702011
-22466.6547735518,-412.2779264781388,1730329474.70664
-22436.47991853713,-490.7101977718112,1730329474.7100625
-22517.907323587817,-473.1193748854846,1730329474.7145605
-22497.34371868893,-393.2342402022172,1730329474.7172823
-22428.25447657758,-386.9534000102759,1730329474.721351
-22401.94647335368,-431.7686476431665,1730329474.7253492
-22458.228165892146,-441.91633962587593,1730329474.7303684
-22440.9502674282,-407.82992933153264,1730329474.73407
-22422.57713348593,-387.4451383882926,1730329474.7386603
-22453.467244323165,-427.2535952631945,1730329474.7415693
-22470.231052664647,-460.5129910126914,1730329474.7457027
-22478.4564946242,-425.82308361805485,1730329474.7495391
-22472.577985832453,-394.0836064915188,1730329474.753127
-22459.569270559463,-432.75212439920006,1730329474.7581716
-22486.88310228385,-510.98322999277474,1730329474.7623308
-22449.44393032121,-465.63154049295673,1730329474.76636
-22366.07192350292,-342.629890755402,1730329474.76925
-22457.82583449195,-400.8338333170216,1730329474.7731264
-22458.67520078125,-482.2388866232498,1730329474.777233
-22453.891927467816,-447.72779318425575,1730329474.7816916
-22438.4468720492,-434.42850523334806,1730329474.7865217
-22371.32458344991,-388.562725611058,1730329474.7906337
-22433.10480512438,-420.7939411156108,1730329474.793188
-22569.673963746307,-454.99211013223055,1730329474.7976892
-22526.80331788103,-428.9746795862532,1730329474.8012362
-22435.42938654773,-377.6327225724128,1730329474.8057344
-22409.657825190763,-410.5791938995354,1730329474.8092449
-22420.990159629604,-451.7064036973004,1730329474.8134084
-22423.11357535285,-419.6987056373007,1730329474.81828
-22427.00277888808,-365.02633869961966,1730329474.8215046
-22464.777227017552,-437.043659334619,1730329474.8254943
-22471.460398609688,-424.0349440616303,1730329474.829517
-22488.224206951167,-395.89409779239867,1730329474.8333964
-22463.14554967232,-399.24685946069474,1730329474.83784
-22377.493664919577,-414.334286968027,1730329474.8419836
-22436.614029003864,-450.0300228631524,1730329474.8467298
-22504.60803563691,-439.3905925024262,1730329474.849768
-22475.483712611644,-412.5014439226919,1730329474.8534193
-22388.87070284733,-425.7783801291442,1730329474.8578017
-22455.277735624044,-461.8987991689205,1730329474.8620243
-22486.525474372564,-440.463476236281,1730329474.8655157
-22392.96107208265,-387.8698215329434,1730329474.8695292
-22416.028072360525,-390.9543622677758,1730329474.874699
-22501.83641932445,-475.041624908641,1730329474.877314
-22520.74599513364,-476.8744679539762,1730329474.8819387
-22464.039619450527,-411.4732636777477,1730329474.8854196
-22378.52184516452,-388.4956703776921,1730329474.8897588
-22496.06966925498,-435.0096505891861,1730329474.8932831
-22540.348475020943,-462.7034619693115,1730329474.8988807
-22422.77829918603,-399.8056530720774,1730329474.9013665
-22414.86578164885,-431.1427987984179,1730329474.905093
-22460.239822893123,-481.7247965007778,1730329474.9093678
-22482.92684351526,-432.819179632566,1730329474.9135127
-22458.36227635888,-369.7649085241448,1730329474.9173672
-22446.985238431127,-389.1885744558066,1730329474.9216335
-22456.551785058,-462.1446683579288,1730329474.9255843
-22434.66942723625,-462.2787788246607,1730329474.9295862
-22460.619802548863,-399.7833013276221,1730329474.932609
-22434.6470754918,-376.2916179050944,1730329474.937696
-22424.18645908671,-434.0038220886972,1730329474.9419613
-22463.480825839142,-479.2437528662387,1730329474.94592
-22525.4175097248,-457.18258108885067,1730329474.9499705
-22453.69076176772,-380.22552492922847,1730329474.95357
-22367.43537991469,-402.5549176400802,1730329474.957587
-22408.048499589982,-454.27685430966073,1730329474.9604287
-22467.83941600793,-438.6976884243117,1730329474.965168
-22427.986255644115,-369.83196375751066,1730329474.9696972
-22459.278697881546,-400.0068187721752,1730329474.9735732
-22523.048224812537,-469.073709139074,1730329474.9775617
-22523.83053586847,-487.0221599366856,1730329474.9819846
-22489.07357324047,-423.5432056836135,1730329474.9854724
-22390.010641814548,-383.3547691529714,1730329474.988956
-22390.457676703656,-442.3857262594374,1730329474.992492
-22445.97940993064,-467.9561219163087,1730329474.9976926
-22448.81808147646,-382.9077342638653,1730329475.001511
-22411.04363334699,-358.67844327431243,1730329475.0057473
-22429.081491122422,-427.18654002982856,1730329475.0095992
-22467.1018084409,-466.0562236376076,1730329475.0135372
-22465.49248284012,-423.3196882390605,1730329475.0169475
-22421.884229407817,-396.207022214773,1730329475.0211835
-22436.3458080704,-441.6034152035016,1730329475.0255306
-22476.914224256783,-467.4643835382919,1730329475.0299582
-22493.320404686976,-449.0912495960295,1730329475.0336893
-22501.590550135443,-428.1923685303174,1730329475.037216
-22415.58103747142,-418.8940428369097,1730329475.0406215
-22475.461360867183,-493.0794826840738,1730329475.0448787
-22508.3631287054,-463.9551596588087,1730329475.0491052
-22476.60129983441,-374.63758881540167,1730329475.05369
-22437.843374948905,-401.12440599494056,1730329475.057717
-22421.593656729896,-446.3866885169373,1730329475.0617535
-22466.431256107244,-444.5761972160575,1730329475.0647464
-22446.4487965642,-397.8163478155551,1730329475.0686293
-22390.72589763712,-427.9017958523984,1730329475.0725932
-22431.026092890035,-467.8890666829428,1730329475.0765765
-22433.797709202496,-418.60347015899066,1730329475.0807168
-22456.618840291365,-395.87174604794336,1730329475.0857503
-22452.886098967327,-401.77260658414446,1730329475.089753
-22455.9035844688,-466.6597207379008,1730329475.0925877
-22443.073683151448,-457.0708223665741,1730329475.0967405
-22459.189290903723,-380.85137377397706,1730329475.100552
-22454.361314101378,-380.4043388848709,1730329475.1052885
-22419.44788926219,-446.9007786394094,1730329475.1088188
-22489.92293952977,-488.43031983737,1730329475.113742
-22528.926733604283,-456.46732526628085,1730329475.1176548
-22464.620764806365,-378.99617898418654,1730329475.1212456
-22408.607293201363,-389.9038302783764,1730329475.1248229
-22461.469168838164,-463.1728486028729,1730329475.129079
-22491.82283780847,-459.1271828564624,1730329475.1333067
-22418.06208110596,-384.31589416454966,1730329475.1371872
-22410.4401362467,-394.7318070807227,1730329475.1421218
-22444.5488982855,-456.82495317756576,1730329475.144972
-22475.059029467,-439.9270343693536,1730329475.1493113
-22484.469113882675,-407.6064118869796,1730329475.152872
-22442.6490000068,-406.9582112977757,1730329475.1569023
-22483.865616782383,-467.08440388255167,1730329475.1607704
-22501.478791413163,-464.04456663663,1730329475.165035
-22461.759741516085,-394.3071239360719,1730329475.168785
-22440.45852905018,-417.26236549167226,1730329475.1739562
-22383.10395277786,-438.0494878351078,1730329475.1767735
-22488.78300056255,-463.5528282586132,1730329475.1812356
-22478.12121845737,-421.08451379352977,1730329475.184876
-22459.59162230392,-413.6637346343678,1730329475.1889527
-22434.20004060269,-429.5558249420912,1730329475.1928189
-22432.546011513,-421.5762521715465,1730329475.198032
-22424.924066653737,-376.8280597720218,1730329475.2008069
-22446.47114830865,-392.8319088020216,1730329475.2039628
-22483.105657470904,-451.0805548525518,1730329475.208783
-22508.09490777193,-477.5003167987248,1730329475.2134073
-22471.70626779869,-411.9873538002198,1730329475.2169597
-22401.901769864773,-348.7542687361561,1730329475.22092
-22445.934706441727,-358.6113880409465,1730329475.224954
-22486.4584191392,-436.6860314233341,1730329475.228927
-22449.62274427685,-424.7054963952895,1730329475.2319217
-22447.45462506469,-390.35086516748254,1730329475.236972
-22488.73829707364,-462.4128892913925,1730329475.2412205
-22471.43804686523,-476.4050813204148,1730329475.245271
-22465.49248284012,-419.27402249264986,1730329475.2490594
-22473.69557305521,-383.4218243863373,1730329475.2539794
-22428.00860738857,-390.44027214530377,1730329475.2570956
-22443.855994207384,-443.7938861601217,1730329475.2599037
-22497.32136694448,-439.010612846686,1730329475.2655847
-22448.795729732006,-407.3381909535159,1730329475.2689152
-22413.077642092427,-414.5801561570354,1730329475.2733476
-22477.04833472352,-457.6743194668674,1730329475.2768848
-22543.209498311226,-472.9852644187528,1730329475.2813091
-22453.75781700109,-408.1875572428176,1730329475.2848885
-22403.86872337684,-374.86110625995474,1730329475.2884393
-22460.01630544857,-447.34781352851553,1730329475.292912
-22533.55354470653,-509.3292009030821,1730329475.2972925
-22492.918073286783,-464.73747071474446,1730329475.3008926
-22380.019412043028,-357.1808763958069,1730329475.3056765
-22417.41388051676,-402.17493798434,1730329475.3081777
-22474.96962248917,-482.14947964542864,1730329475.312264
-22492.78396282005,-461.13883985744,1730329475.3163202
-22426.35457829888,-373.63176031491287,1730329475.3206944
-22367.4800834036,-383.8912110198988,1730329475.3253536
-22500.428259423767,-469.2748748391718,1730329475.3291943
-22524.94812309124,-440.1282000694514,1730329475.333347
-22463.838453750428,-399.1798042273288,1730329475.3360524
-22438.983313916127,-426.6724499073565,1730329475.340436
-22444.258325607578,-468.87254343897627,1730329475.3442588
-22468.331154385945,-457.5849124890462,1730329475.3485675
-22425.86283992086,-391.02141750114174,1730329475.3530433
-22463.34671537241,-429.980508086742,1730329475.3572564
-22506.619692637887,-489.2573343822163,1730329475.3613129
-22477.69653531272,-430.3157842535716,1730329475.3639798
-22427.941552155204,-393.86008904696575,1730329475.36807
-22372.442170672675,-392.3625221684602,1730329475.372247
-22417.50328749457,-417.6646968918678,1730329475.3760192
-22507.40200369382,-457.5178572556802,1730329475.381308
-22475.103732955904,-427.2088917742839,1730329475.3850567
-22393.40810697176,-406.108845008474,1730329475.388348
-22427.80744168848,-440.7540489142,1730329475.3920395
-22510.59830315093,-466.7267759712668,1730329475.3963263
-22496.53905588854,-436.6636796788788,1730329475.4004338
-22504.563332148,-433.8697116219654,1730329475.40435
-22466.475959596155,-447.01253736168593,1730329475.4091244
-22454.2495553791,-474.3934243194371,1730329475.413269
-22487.24073019513,-463.4410695363366,1730329475.4166124
-22405.992139100093,-383.1312517084184,1730329475.420671
-22416.899790394284,-401.0573507615746,1730329475.4241045
-22469.58285207544,-471.6665114958896,1730329475.4287407
-22483.485637126643,-465.40802304840366,1730329475.4323623
-22435.138813869813,-408.5228334096472,1730329475.4368615
-22418.039729361502,-425.6219179179571,1730329475.441382
-22504.27275947008,-507.6751718133893,1730329475.4443731
-22500.78588733505,-440.5975867030128,1730329475.4484446
-22524.054053313022,-418.4693596922588,1730329475.4523146
-22472.3544683879,-433.8026563885995,1730329475.4562356
-22466.230090407145,-475.62277026447896,1730329475.4602249
-22472.130950943345,-457.786078189144,1730329475.4647129
-22439.855031949883,-381.0301877296195,1730329475.4693916
-22420.16314508476,-378.303274906072,1730329475.472483
-22460.440988593225,-437.5130459681805,1730329475.4762447
-22504.00453853661,-465.02804339266345,1730329475.4807005
-22494.616805865386,-441.35754601449327,1730329475.484268
-22470.54397708701,-443.8385896490324,1730329475.488692
-22430.75787195657,-457.2496363222166,1730329475.4923837
-22473.561462588485,-469.9230754283757,1730329475.4978445
-22465.82775900695,-449.4712292517697,1730329475.5003195
-22452.19319488921,-400.11857749445176,1730329475.5046792
-22433.86476443586,-431.075743565052,1730329475.5085356
-22467.325325885457,-488.363264604004,1730329475.5125024
-22519.24842825513,-458.3225200560713,1730329475.5168843
-22459.90454672629,-390.8426035454993,1730329475.5208085
-22404.44986873268,-380.918429007343,1730329475.5250933
-22442.67135175125,-428.7511621417001,1730329475.52743
-22470.74514278712,-427.16418828537326,1730329475.5323143
-22465.49248284012,-397.5034233931808,1730329475.5369804
-22442.76075872908,-413.48492067872536,1730329475.540822
-22461.469168838164,-439.18942680232846,1730329475.5442955
-22474.09790445541,-470.5489242731242,1730329475.5487597
-22404.583979199408,-400.5879641280132,1730329475.5524075
-22444.59360177441,-407.0476182755969,1730329475.5555177
-22524.612846924407,-507.4293026243809,1730329475.5592968
-22499.958872790205,-488.5420785596465,1730329475.5650504
-22470.432218364745,-372.1788969253179,1730329475.5684783
-22443.0960348959,-386.6181238434463,1730329475.572598
-22408.875514134827,-440.28466228063854,1730329475.576308
-22509.14543976133,-447.0795925950519,1730329475.580958
-22503.803372836515,-412.2779264781388,1730329475.583531
-22416.20688631617,-384.2711906756391,1730329475.5878854
-22437.73161622663,-419.6540021483901,1730329475.5924027
-22510.441840939744,-454.8579996654987,1730329475.5964825
-22489.25238719612,-433.75795289968886,1730329475.600384
-22458.138758914323,-391.0661209900524,1730329475.6050615
-22459.189290903723,-410.93682181082033,1730329475.6087196
-22518.063785799004,-509.6644770699117,1730329475.6120713
-22515.180410764267,-470.6383312509455,1730329475.6159303
-22426.66750272125,-360.6230450419242,1730329475.6206226
-22425.30404630948,-386.4393098878038,1730329475.625093
-22474.54493934452,-468.0678806385852,1730329475.629124
-22520.27660850008,-475.8462877090321,1730329475.631836
-22446.091168652914,-404.8571473189768,1730329475.635496
-22412.51884848104,-417.91056608087615,1730329475.6399183
-22493.096887242424,-491.5819158055682,1730329475.6435342
-22522.22121026769,-439.882330880443,1730329475.647706
-22469.44874160871,-382.50540286366976,1730329475.6527517
-22422.51007825257,-398.4869001492143,1730329475.6569817
-22445.062988407968,-448.4654007512809,1730329475.659462
-22561.13559736438,-489.48085182676937,1730329475.6636152
-22476.1542649453,-410.4450834328036,1730329475.6674614
-22374.92321430721,-367.1721061673291,1730329475.671964
-22384.75798186755,-438.4071157463927,1730329475.6755354
-22457.84818623641,-444.2185693047726,1730329475.6809597
-22515.850963097928,-418.1340835254292,1730329475.6845613
-22432.56836325745,-395.6929320923009,1730329475.687781
-22447.67814250924,-438.0271360906525,1730329475.691834
-22542.31542853301,-482.1271279009733,1730329475.6958055
-22520.41071896681,-440.68699368083406,1730329475.7000134
-22434.62472374734,-378.5714958395357,1730329475.7035885
-22430.78022370103,-423.67731615034535,1730329475.7087033
-22482.34569815942,-491.2242878942833,1730329475.7127583
-22479.35056440241,-423.5208539391582,1730329475.7158127
-22465.380724117844,-350.9447396927762,1730329475.7201931
-22443.453662807187,-396.1176152369518,1730329475.7237191
-22472.3544683879,-454.94740664332,1730329475.7278404
-22502.88695131385,-446.94548212832,1730329475.7320042
-22486.816047050484,-410.2886212216165,1730329475.735778
-22417.749156683585,-404.0971880074964,1730329475.7411196
-22402.39350824279,-427.6335749189347,1730329475.7435384
-22486.99486100613,-449.0688978515742,1730329475.7481964
-22481.429276636754,-396.0058565146752,1730329475.751571
-22466.90064274081,-391.1555279678736,1730329475.755838
-22472.801503277005,-474.95221793081976,1730329475.7595856
-22502.775192591573,-520.0133347527188,1730329475.7649145
-22505.88208507086,-447.1019443395072,1730329475.7675748
-22425.169935842747,-338.7183354757232,1730329475.770845
-22410.37308101333,-374.6152370709464,1730329475.775672
-22455.992991446616,-422.9397085833202,1730329475.7800815
-22505.4126984373,-421.39743821590406,1730329475.7835932
-22476.28837541204,-410.2439177327058,1730329475.7879453
-22381.785199855,-401.6608478618679,1730329475.7918787
-22466.49831134061,-437.7365634127335,1730329475.7959332
-22524.12110854639,-433.2438627772168,1730329475.7989244
-22436.52462202604,-393.4130541578596,1730329475.8038468
-22362.652106601254,-385.9028680208765,1730329475.807896
-22472.242709665625,-446.2525780502055,1730329475.812192
-22546.6740187018,-426.18071152933976,1730329475.816005
-22500.540018146043,-400.9008885503875,1730329475.8201115
-22433.574191757943,-415.0942462795074,1730329475.8239143
-22409.903694379773,-432.528606954647,1730329475.826746
-22446.985238431127,-425.6219179179571,1730329475.8311884
-22503.1104687584,-387.7357110662116,1730329475.8360844
-22474.92491900026,-375.6434173158905,1730329475.8402212
-22462.2514798941,-425.3760487289487,1730329475.8438685
-22477.62948007935,-450.18648507433954,1730329475.848061
-22473.91909049977,-413.5519759120913,1730329475.8517697
-22526.825669625483,-441.5363599701357,1730329475.85511
-22475.84134052293,-459.4177555343813,1730329475.85878
-22447.52168029805,-425.1525312843957,1730329475.8639448
-22484.64792783832,-408.142853753907,1730329475.8678346
-22434.66942723625,-405.594754886002,1730329475.8723028
-22440.39147381681,-452.7792874311552,1730329475.8752055
-22488.73829707364,-475.1086801420069,1730329475.879321
-22466.0065729626,-406.6005833864908,1730329475.8833628
-22407.556761211963,-366.5462573225805,1730329475.8880365
-22409.702528679674,-411.6297258889349,1730329475.891991
-22509.59247465044,-470.2136481062946,1730329475.896041
-22529.753748149127,-426.6277464184459,1730329475.900089
-22500.919997801782,-416.0106678021751,1730329475.9034407
-22454.048389679003,-424.4372754618258,1730329475.90705
-22434.021226647048,-460.3788805459596,1730329475.9111652
-22443.16309012927,-434.9649471002754,1730329475.915376
-22427.11453761036,-377.74448129468936,1730329475.9202845
-22487.24073019513,-392.1613564683624,1730329475.9240165
-22503.669262369785,-457.719022955778,1730329475.9284053
-22537.84507964195,-463.8881044254428,1730329475.9313283
-22421.3924910298,-371.240123658195,1730329475.934875
-22355.544251864463,-350.0059664256533,1730329475.9390905
-22415.044595604493,-421.7997696160996,1730329475.9428427
-22491.755782575103,-439.5023512247028,1730329475.9482129
-22470.29810789801,-398.4869001492143,1730329475.951948
-22427.31570331045,-395.2458972031948,1730329475.956415
-22463.07849443895,-446.7219646837669,1730329475.9589272
-22476.84716902341,-438.4518192353033,1730329475.962958
-22521.26008525611,-411.8532433334879,1730329475.966914
-22431.67429347924,-355.61625428393535,1730329475.971059
-22432.81423244646,-425.8901388514208,1730329475.9751432
-22486.346660416923,-475.28749409764936,1730329475.9801257
-22509.480715928166,-418.0670282920633,1730329475.9839487
-22469.381686375345,-381.7454435521893,1730329475.9871347
-22459.54691881501,-424.3925719729152,1730329475.9911768
-22496.337890188443,-466.3914998044372,1730329475.995154
-22501.70230885772,-435.12140931146257,1730329475.999105
-22437.552802270988,-374.9281614933207,1730329476.003023
-22437.50809878208,-376.6045423274687,1730329476.008283
-22463.03379095004,-444.8667698939765,1730329476.013141
-22466.16303517378,-445.0008803607083,1730329476.0161989
-22496.69551809973,-418.4917114367141,1730329476.019141
-22456.283564124533,-385.2323156872173,1730329476.0241897
-22462.54205257202,-434.5626157000799,1730329476.02695
-22498.77423033407,-456.5567322441021,1730329476.0311
-22501.568198390985,-411.1156357664628,1730329476.0351386
-22469.78401777554,-429.4217144753593,1730329476.0391366
-22427.785089944016,-420.1904440153175,1730329476.0429764
-22462.139721171825,-418.6705253923566,1730329476.04815
-22443.40895931828,-380.06906271804127,1730329476.052187
-22446.91818319776,-381.0301877296195,1730329476.0552015
-22480.28933766953,-422.1350457829292,1730329476.059028
-22514.107527030414,-469.073709139074,1730329476.063044
-22479.462323124688,-437.6024529460017,1730329476.0670135
-22399.30896750796,-360.28776887509457,1730329476.071087
-22426.53339225452,-395.9388012813093,1730329476.0751386
-22455.43419783523,-445.9173018833759,1730329476.0792515
-22498.528361145065,-403.4266356738372,1730329476.08222
-22439.8997354388,-373.9223329928319,1730329476.087243
-22477.02598297906,-433.3109180105827,1730329476.0912192
-22540.1696610653,-488.0056366927191,1730329476.0954163
-22511.04533804004,-454.67918570985626,1730329476.099646
-22439.96679067216,-360.6230450419242,1730329476.1046486
-22409.00962460156,-375.3081411490609,1730329476.1073492
-22452.97550594515,-439.9046826248983,1730329476.110442
-22512.945236318737,-446.9007786394094,1730329476.115631
-22494.54975063202,-389.2779814336278,1730329476.1197317
-22457.69172402522,-406.9582112977757,1730329476.123306
-22479.238805680136,-457.0708223665741,1730329476.127267
-22516.521515431585,-473.94638943033095,1730329476.1323855
-22490.30291918551,-414.2225282457505,1730329476.1351583
-22441.464357550663,-375.755176038167,1730329476.138289
-22473.628517821853,-451.5946449750239,1730329476.1432245
-22493.11923898688,-456.9814153887529,1730329476.147657
-22488.805352307005,-406.82410083104384,1730329476.1511755
-22475.39430563382,-405.9300310528316,1730329476.1557035
-22508.18431474976,-475.4439563088365,1730329476.1591768
-22491.800486064018,-432.8638831214766,1730329476.1633673
-22448.81808147646,-363.84169624348834,1730329476.1665833
-22449.06395066547,-383.17595519732896,1730329476.1707397
-22469.515796842075,-422.3138597385717,1730329476.1751907
-22464.3525438729,-466.1903341043394,1730329476.179819
-22472.510930599088,-443.1456855709178,1730329476.1833973
-22469.22522416416,-388.0486354885859,1730329476.1865053
-22469.69461079772,-401.8620135619657,1730329476.1907728
-22489.09592498493,-433.5120837106805,1730329476.1945307
-22486.21254995019,-410.8027113440885,1730329476.199936
-22488.961814518192,-400.5879641280132,1730329476.203405
-22464.777227017552,-400.722074594745,1730329476.2074804
-22463.950212472704,-430.7181156537671,1730329476.2118533
-22482.41275339279,-428.4605894637811,1730329476.214707
-22467.280622396545,-382.3936441413932,1730329476.218243
-22445.64413376381,-383.1312517084184,1730329476.222487
-22460.86567173788,-448.7783251736552,1730329476.2262945
-22480.1552272028,-447.7501449287111,1730329476.2316198
-22487.777172062066,-395.87174604794336,1730329476.2353258
-22461.849148493904,-392.87661229093226,1730329476.2399192
-22446.046465164003,-415.5859846575242,1730329476.2422955
-22466.72182878516,-456.5790839885574,1730329476.2467537
-22531.7207016612,-437.4236389903592,1730329476.2502856
-22491.308747686,-407.9416880538092,1730329476.2545073
-22454.271907123555,-428.0806098080409,1730329476.2593615
-22519.58370442196,-452.98045313125294,1730329476.2634752
-22538.493280231152,-416.6141649024684,1730329476.267326
-22460.128064170847,-390.8649552899546,1730329476.2704668
-22451.67910476674,-420.41396145987056,1730329476.2744737
-22548.1715855803,-513.1066457160289,1730329476.27886
-22505.770326348586,-421.5762521715465,1730329476.282968
-22481.004593492104,-363.5287718211141,1730329476.2878006
-22463.547881072507,-396.8328710595216,1730329476.291571
-22450.405055332787,-428.237072019228,1730329476.2955844
-22500.74118384614,-430.7404673982224,1730329476.2986476
-22486.95015751721,-385.9475715097871,1730329476.302784
-22442.55959302897,-406.399417686393,1730329476.306855
-22477.517721357075,-450.0300228631524,1730329476.310566
-22507.02202403808,-450.9911478747306,1730329476.3149586
-22485.05025923852,-387.9592285107647,1730329476.3201134
-22515.40392820882,-387.7357110662116,1730329476.322647
-22515.672149142283,-435.1661128003732,1730329476.3264425
-22529.03849232656,-445.6714326943675,1730329476.3310676
-22565.091856132967,-420.2351475042281,1730329476.33441
-22511.671186884785,-412.6802578783343,1730329476.3389316
-22468.286450897034,-430.4498947203034,1730329476.3424108
-22481.13870395884,-437.4683424792698,1730329476.3480392
-22493.67803259826,-393.7036268357786,1730329476.350468
-22453.71311351217,-369.6307980574129,1730329476.3551302
-22454.4507210792,-399.4480251607925,1730329476.3584545
-22513.481678185664,-445.7161361832781,1730329476.362648
-22552.999562382647,-428.1476650414068,1730329476.3667564
-22507.42435543828,-373.7211672927341,1730329476.3707745
-22438.938610427216,-383.2653621751502,1730329476.37554
-22492.18046571976,-433.7132494107783,1730329476.3787644
-22519.069614299493,-433.5791389440464,1730329476.3824492
-22505.27858797057,-411.2497462331946,1730329476.3871987
-22466.85593925189,-412.3449817115047,1730329476.3905346
-22505.904436815315,-418.5364149256248,1730329476.3945608
-22559.61567874142,-423.8114266170772,1730329476.3990605
-22459.01047694808,-372.9165044923431,1730329476.4035249
-22430.57905800093,-354.25279787216164,1730329476.4068136
-22506.08325077096,-430.33813599802687,1730329476.4095263
-22566.2764985891,-462.4352410358478,1730329476.4148653
-22530.334893504965,-407.49465316470304,1730329476.418544
-22488.626538351364,-389.9932372561976,1730329476.4231083
-22443.028979662537,-402.04082751760814,1730329476.4265394
-22525.216344024702,-440.68699368083406,1730329476.4318116
-22555.681771717285,-422.0232870606527,1730329476.4345222
-22442.85016570689,-377.38685338340446,1730329476.4379954
-22444.70536049669,-400.6103158724685,1730329476.4427145
-22479.283509169043,-437.3565837569933,1730329476.44674
-22483.083305726446,-403.7619118406668,1730329476.4506092
-22495.44382041024,-367.6191410564352,1730329476.4547544
-22491.42050640828,-421.4868451937253,1730329476.4585772
-22485.0055557496,-444.77736291615525,1730329476.4618137
-22526.69155915875,-401.12440599494056,1730329476.465824
-22536.23575404117,-380.22552492922847,1730329476.4708338
-22497.74605008913,-415.9436125688091,1730329476.4748569
-22502.417564680287,-457.5849124890462,1730329476.478816
-22555.391199039364,-463.8434009365322,1730329476.4827948
-22485.83257029445,-393.07777799103,1730329476.4858303
-22442.336075584422,-383.8018040420776,1730329476.489885
-22475.818988778472,-433.2885662661274,1730329476.4938805
-22511.805297351515,-474.7957557196326,1730329476.4989486
-22437.70926448217,-375.3975481268821,1730329476.5028934
-22428.45564227768,-343.1216291334187,1730329476.507318
-22495.48852389914,-424.12435103945154,1730329476.5109315
-22477.83064577945,-448.6442147069234,1730329476.515124
-22467.7053055412,-413.9096038233762,1730329476.5176616
-22499.98122453466,-380.8960772628877,1730329476.5219731
-22512.98993980765,-410.8474148329991,1730329476.5257924
-22544.327085533987,-449.0688978515742,1730329476.5310242
-22553.33483854948,-435.0543540780967,1730329476.5347917
-22489.14062847384,-412.948478811798,1730329476.539271
-22479.3058609135,-429.2429005197168,1730329476.5418448
-22505.569160648487,-465.2292090927612,1730329476.54623
-22500.00357627912,-399.96211528326455,1730329476.5501385
-22462.69851478321,-355.25862637265044,1730329476.553974
-22458.29522112551,-394.0612547470635,1730329476.55877
-22504.09394551444,-449.3594705294932,1730329476.5633097
-22535.65460868533,-445.6267292054569,1730329476.5660071
-22465.090151439927,-388.2498011886837,1730329476.5699062
-22427.4945172661,-378.99617898418654,1730329476.573943
-22479.86465452488,-467.33027307156,1730329476.578408
-22489.36414591839,-431.366316242971,1730329476.5821483
-22473.6061660774,-350.5871117814913,1730329476.5870495
-22470.8569015094,-367.99912071217545,1730329476.5913453
-22513.72754737468,-420.0339818041304,1730329476.5939188
-22513.43697469676,-428.1253132969515,1730329476.598236
-22503.78102109206,-409.8415863325103,1730329476.601932
-22499.73535534565,-432.4839034657364,1730329476.6059113
-22462.2514798941,-421.1962725158063,1730329476.609914
-22483.73150631565,-387.4674901327479,1730329476.6154127
-22452.796691989504,-336.32669881900534,1730329476.619058
-22445.01828491906,-347.12259139091867,1730329476.6223576
-22432.925991168737,-411.6967811223008,1730329476.62586
-22478.12121845737,-431.4333714763369,1730329476.6303258
-22525.395157980343,-389.3003331780831,1730329476.6338568
-22473.80733177749,-370.5248678356252,1730329476.6382864
-22463.547881072507,-434.9425953558201,1730329476.642824
-22492.20281746421,-458.14370610042886,1730329476.6474996
-22524.635198668864,-408.2769642206388,1730329476.650061
-22484.893797027325,-350.9670914372315,1730329476.6540856
-22519.762518377607,-415.76479861316665,1730329476.65819
-22535.02875984058,-442.8551128929988,1730329476.6623538
-22530.714873160705,-437.624804690457,1730329476.6661043
-22473.405000377297,-352.35289959346056,1730329476.6701777
-22437.038712148515,-352.91169320484323,1730329476.6751766
-22514.55456191952,-450.2088368187949,1730329476.6784065
-22540.594344209952,-452.9581013867976,1730329476.6822484
-22497.92486404477,-391.1778797123289,1730329476.6864097
-22504.719794359185,-398.7327693382227,1730329476.6905284
-22527.74209114815,-448.2418833067279,1730329476.6943
-22552.41841702681,-444.5761972160575,1730329476.6981704
-22520.41071896681,-406.8017490865885,1730329476.7021253
-22462.00561070509,-405.57240314154666,1730329476.7053025
-22471.750971287605,-425.5772144290465,1730329476.7100587
-22531.988922594657,-454.8356479210434,1730329476.7140555
-22569.51750153512,-410.1768624993399,1730329476.71796
-22478.12121845737,-351.7270507487119,1730329476.722467
-22454.428369334742,-396.788167570611,1730329476.726072
-22527.451518470232,-433.5344354551358,1730329476.730288
-22534.894649373848,-421.8668248494655,1730329476.7331352
-22475.55076784501,-378.2362196727061,1730329476.738659
-22435.25057259209,-362.4558880872593,1730329476.742015
-22486.324308672465,-409.014571787664,1730329476.7460897
-22517.08030904297,-403.27017346265,1730329476.7500367
-22500.562369890496,-388.40626339987085,1730329476.7543678
-22466.0065729626,-404.54422289660255,1730329476.7583122
-22503.892779814338,-430.33813599802687,1730329476.7617617
-22518.421413710286,-416.5024061801918,1730329476.7656677
-22473.941442244228,-355.34803335047167,1730329476.770412
-22442.939572684714,-373.0059114701643,1730329476.774232
-22479.3058609135,-435.6131476894793,1730329476.7781382
-22516.45446019822,-448.4206972623703,1730329476.7821982
-22493.2086459647,-393.658923346868,1730329476.7867332
-22473.673221310764,-379.756138295667,1730329476.7897067
-22506.619692637887,-446.0290606056524,1730329476.7930937
-22531.40777723882,-406.57823164203546,1730329476.7982616
-22491.97930001966,-367.06034744505257,1730329476.8024137
-22449.06395066547,-359.34899560797163,1730329476.8065853
-22464.374895617355,-384.7852807981111,1730329476.8102436
-22540.50493723213,-411.2944497221053,1730329476.814636
-22532.860640628416,-370.6813300468123,1730329476.817238
-22479.88700626934,-360.243065386184,1730329476.8216908
-22473.583814332946,-414.4460456903036,1730329476.8261197
-22498.528361145065,-425.5995661735018,1730329476.8306973
-22506.55263740452,-393.1001297354853,1730329476.834216
-22470.700439298205,-358.49962931867,1730329476.837478
-22458.16111065878,-386.0369784876083,1730329476.8413684
-22514.666320641794,-441.0893250810296,1730329476.845731
-22524.03170156857,-420.6374789044236,1730329476.8498116
-22478.344735901923,-371.0166062136419,1730329476.8549316
-22453.02020943406,-382.9747894972312,1730329476.8583744
-22487.1066197284,-421.5762521715465,1730329476.8624263
-22494.728564587665,-408.2546124761835,1730329476.865461
-22467.95117473021,-361.5618183090471,1730329476.869842
-22475.23784342264,-376.2022109272732,1730329476.873388
-22496.1590762328,-410.4897869217142,1730329476.8779955
-22533.285323773067,-410.2439177327058,1730329476.881677
-22484.044430738024,-373.6988155482788,1730329476.8869195
-22436.614029003864,-357.8961322183767,1730329476.8905315
-22457.40115134729,-406.7123421087673,1730329476.8932605
-22532.45830922822,-411.2497462331946,1730329476.8977354
-22524.27757075758,-367.8873619898989,1730329476.9012609
-22479.529378358053,-371.8883242473989,1730329476.9055047
-22468.688782297228,-404.49951940769193,1730329476.9093697
-22528.725567904185,-435.6802029228453,1730329476.9150224
-22520.1648497778,-385.9475715097871,1730329476.9183824
-22495.823800065973,-354.4092600833488,1730329476.9218333
-22494.39328842084,-420.8386446045214,1730329476.9253523
-22464.10667468389,-416.3906474579153,1730329476.9299524
-22454.182500145736,-361.4053560978599,1730329476.933299
-22471.01336372058,-356.1079926619521,1730329476.9380703
-22493.45451515371,-385.99227499869767,1730329476.9423363
-22528.52440220409,-411.5179671666583,1730329476.9455633
-22523.02587306808,-410.400379943893,1730329476.9498043
-22440.57028777245,-376.7610045386559,1730329476.9535031
-22457.982296703136,-379.42086212883737,1730329476.9578078
-22502.93165480276,-424.884310350932,1730329476.961758
-22524.43403296877,-405.2594787191724,1730329476.965664
-22481.96571850368,-367.3956236118822,1730329476.9706538
-22463.86080549488,-371.7318620362117,1730329476.973542
-22489.475904640665,-413.5519759120913,1730329476.9780433
-22547.79160592456,-439.79292390262174,1730329476.982031
-22499.176561734268,-376.5598388385581,1730329476.9855828
-22458.049351936505,-371.9106759918542,1730329476.9898849
-22491.465209897186,-407.5170049091584,1730329476.9934156
-22529.39612023784,-406.6676386198567,1730329476.999094
-22526.333931247467,-399.4033216718819,1730329477.001403
-22412.988235114604,-348.50839954714775,1730329477.0057223
-22392.37992672681,-360.7795072531113,1730329477.0093987
-22512.78877410755,-398.8892315494098,1730329477.013671
-22520.09779454444,-373.5423533370917,1730329477.0174105
-22485.16201796079,-344.1498093783628,1730329477.0218852
-22497.74605008913,-401.1467577393959,1730329477.0265584
-22513.63814039685,-431.3439644985157,1730329477.0299006
-22525.17164053579,-398.7998245715886,1730329477.0330126
-22470.8569015094,-358.11964966292976,1730329477.0377305
-22466.87829099635,-401.3702751839489,1730329477.0416465
-22508.854867083417,-443.5480169711133,1730329477.0457945
-22531.675998172286,-401.10205425048525,1730329477.0497096
-22510.821820595484,-355.68330951730127,1730329477.0535843
-22478.858826024392,-369.6978532907788,1730329477.0571475
-22492.046355253024,-421.08451379352977,1730329477.060846
-22506.753803104617,-406.6676386198567,1730329477.066147
-22484.670279582773,-337.8913209308769,1730329477.069707
-22451.5002908111,-353.69400426077897,1730329477.0735435
-22464.79957876201,-434.1602842998844,1730329477.0776556
-22553.200728082746,-446.6772611948563,1730329477.081637
-22519.896628844337,-371.6424550583905,1730329477.084496
-22470.94630848721,-348.9777861807092,1730329477.0886185
-22485.58670110544,-403.0243042736416,1730329477.092554
-22544.46119600072,-438.2953570241162,1730329477.097689
-22567.595251511964,-441.9386913703312,1730329477.1017015
-22491.308747686,-392.92131577984287,1730329477.1057105
-22452.19319488921,-372.51417309214753,1730329477.1085632
-22476.82481727896,-396.9893332707088,1730329477.1127949
-22494.817971565484,-384.9417430092983,1730329477.1166296
-22515.64979739783,-365.9427602222872,1730329477.121193
-22488.3583174179,-395.89409779239867,1730329477.1256373
-22490.41467790779,-445.0232321051636,1730329477.1301084
-22496.00261402161,-400.8114815725663,1730329477.133648
-22438.4468720492,-349.2236553697176,1730329477.136891
-22469.22522416416,-380.85137377397706,1730329477.1407983
-22508.11725951639,-435.12140931146257,1730329477.145316
-22540.75080642114,-425.3760487289487,1730329477.1492653
-22505.54680890403,-365.8757049889213,1730329477.1537888
-22468.06293345248,-356.8456002289773,1730329477.1581624
-22506.798506593528,-430.5840051870353,1730329477.161935
-22546.74107393516,-425.2195865177616,1730329477.1653967
-22526.35628299192,-379.33145515101614,1730329477.1688375
-22495.06384075449,-369.3178736350386,1730329477.172863
-22524.27757075758,-417.59764165850186,1730329477.1767735
-22501.769364091084,-411.5850224000242,1730329477.1823132
-22462.229128149644,-350.0730216590192,1730329477.186015
-22432.50130802409,-352.28584436009464,1730329477.1888864
-22491.755782575103,-425.6666214068677,1730329477.192777
-22539.94614362075,-456.2438078217278,1730329477.1972344
-22473.96379398868,-374.950513237776,1730329477.200752
-22453.82487223445,-363.4170130988375,1730329477.2049592
-22475.84134052293,-421.0398103046192,1730329477.2087672
-22509.570122905985,-438.4741709797586,1730329477.213964
-22518.13084103237,-367.4626788452481,1730329477.2168126
-22507.26789322709,-351.0341466705974,1730329477.2208402
-22483.955023760205,-401.2361647172171,1730329477.2248998
-22498.506009400608,-436.0825343230408,1730329477.2290869
-22539.409701753822,-422.3362114830269,1730329477.233013
-22508.050204283027,-385.58994359850215,1730329477.2371612
-22455.70241876869,-388.5180221221474,1730329477.2417672
-22485.676108083266,-453.5168949981803,1730329477.2454216
-22536.41456799681,-427.49946445220286,1730329477.2492669
-22516.43210845377,-361.3159491200387,1730329477.2529528
-22485.54199761653,-362.6347020429018,1730329477.2573345
-22501.63525362435,-414.9377840683203,1730329477.2612972
-22544.617658211908,-441.7151739257782,1730329477.2654235
-22549.51269024762,-399.336266438516,1730329477.2702773
-22434.20004060269,-367.015643956142,1730329477.2732923
-22502.12699200237,-435.5460924561134,1730329477.276936
-22538.6720941868,-449.6053397185016,1730329477.2813134
-22503.13282050286,-368.982597468209,1730329477.2848225
-22478.188273690736,-373.4305946148151,1730329477.2890537
-22476.82481727896,-399.7162460942562,1730329477.294072
-22533.151213306333,-404.23129847422825,1730329477.2970428
-22564.1754346103,-412.657906133879,1730329477.2997828
-22458.384628103333,-375.6434173158905,1730329477.305002
-22435.094110380905,-370.3237021355274,1730329477.308839
-22508.966625805693,-420.5480719266024,1730329477.3132546
-22534.715835418207,-395.87174604794336,1730329477.3169065
-22490.280567441056,-356.3315101065052,1730329477.3213356
-22433.68595048022,-380.8066702850665,1730329477.324917
-22498.908340800805,-431.7909993876218,1730329477.3286824
-22561.202652597745,-415.5636329130689,1730329477.3321245
-22504.049242025525,-362.3888328538934,1730329477.3373415
-22436.45756679268,-362.8582194874549,1730329477.341302
-22470.63338406484,-422.76089462767777,1730329477.3453033
-22509.14543976133,-412.6355543894237,1730329477.3496032
-22503.40104143632,-368.8484870014772,1730329477.353381
-22496.673166355275,-392.20605995727306,1730329477.3562517
-22516.45446019822,-444.48679023823627,1730329477.3600998
-22516.78973636505,-433.2885662661274,1730329477.3652933
-22484.78203830505,-373.9893882261978,1730329477.3697035
-22485.78786680554,-369.3402253794939,1730329477.373103
-22495.39911692132,-407.8075775870773,1730329477.3772104
-22531.60894293892,-404.94655429679807,1730329477.3806148
-22524.12110854639,-394.754158825178,1730329477.3839643
-22464.777227017552,-364.2887311325945,1730329477.3886294
-22465.82775900695,-376.2692661606391,1730329477.3929837
-22522.78000387908,-389.1885744558066,1730329477.3976443
-22561.98496365368,-387.0428069880971,1730329477.4009783
-22506.798506593528,-356.1973996397733,1730329477.405295
-22495.44382041024,-420.1457405264069,1730329477.4091084
-22506.2620647266,-443.6821274378452,1730329477.4120953
-22516.3650532204,-398.24103096020593,1730329477.4161277
-22491.867541297383,-362.5229433206253,1730329477.4206595
-22426.10870910987,-343.85923670044383,1730329477.425035
-22440.01149416107,-379.62202782893513,1730329477.429398
-22492.582797119954,-385.54524010959153,1730329477.432132
-22459.01047694808,-337.7348587196897,1730329477.4367657
-22483.59739584892,-357.2926351180834,1730329477.4406424
-22494.21447446519,-408.6792956208344,1730329477.4444065
-22555.50295776164,-395.7823390701221,1730329477.4496348
-22541.667227943806,-351.2800158596058,1730329477.4532058
-22486.771343561573,-352.93404494929854,1730329477.4573605
-22478.568253346475,-392.85426054647695,1730329477.460246
-22532.12303306139,-424.7725516286554,1730329477.4643457
-22528.59145743745,-396.1176152369518,1730329477.4682083
-22459.39045660382,-353.7387077496896,1730329477.472343
-22496.516704144087,-400.3867984279154,1730329477.4761949
-22531.206611538724,-419.92222308185376,1730329477.4814072
-22554.22890832769,-395.55882162556907,1730329477.4852805
-22470.94630848721,-363.2381991431951,1730329477.4886837
-22394.39158372779,-365.4286700998152,1730329477.492123
-22524.232867268667,-420.2574992486834,1730329477.4966836
-22568.13169337889,-397.90575479337633,1730329477.5002537
-22470.365163131377,-361.2935973755834,1730329477.5044909
-22448.21458437617,-389.8591267894658,1730329477.5092132
-22537.64391394185,-427.7453336412112,1730329477.5133724
-22543.32125703349,-401.9737722842422,1730329477.516451
-22513.772250863585,-333.6221377399132,1730329477.520508
-22533.33002726197,-393.9718477692423,1730329477.5245187
-22537.107472074924,-472.89585744093154,1730329477.528856
-22540.817861654505,-431.1204470539626,1730329477.5325463
-22506.84321008244,-344.4850855451925,1730329477.5377772
-22457.44585483621,-345.9603006792427,1730329477.5406847
-22500.62942512386,-426.2030632737951,1730329477.5433135
-22568.64578350136,-439.8376273915324,1730329477.5487883
-22506.35147170442,-354.5210188056253,1730329477.552505
-22433.48478478012,-329.9340999047876,1730329477.556504
-22451.388532088826,-401.5714408840467,1730329477.560421
-22506.574989148976,-420.0339818041304,1730329477.5655055
-22511.82764909597,-370.6366265579017,1730329477.568454
-22484.87144528287,-347.07788790200806,1730329477.5717237
-22495.600282621417,-406.8688043199545,1730329477.5763316
-22528.07736731498,-443.592720460024,1730329477.5808115
-22545.08704484547,-400.8561850614769,1730329477.584345
-22496.02496576607,-361.4277078423152,1730329477.588895
-22480.84813128092,-393.2342402022172,1730329477.5933237
-22573.00437367015,-447.4372205063368,1730329477.5967395
-22597.45718210425,-411.65207763339015,1730329477.5997088
-22473.650869566307,-316.54540497605865,1730329477.6050496
-22436.39051155931,-357.11382116244096,1730329477.6083283
-22484.44676213822,-417.4858829362253,1730329477.6125712
-22529.373768493388,-400.2303362167283,1730329477.6165214
-22518.667282899296,-366.4121468558487,1730329477.6220376
-22484.87144528287,-395.335304181016,1730329477.6247828
-22489.677070340764,-431.4333714763369,1730329477.6281123
-22537.84507964195,-400.9232402948428,1730329477.6327407
-22492.44868665322,-362.9252747208208,1730329477.6368408
-22431.78605220152,-362.2547223871616,1730329477.6409278
-22458.49638682561,-415.13894976841806,1730329477.6450815
-22524.970474835693,-422.55972892758,1730329477.649062
-22532.212440039213,-372.2012486697733,1730329477.6526148
-22489.4088494073,-354.6551292723572,1730329477.6555672
-22476.28837541204,-398.28573444911655,1730329477.6605806
-22530.98309409417,-425.8901388514208,1730329477.6645508
-22527.9656085927,-394.21771695825066,1730329477.668486
-22485.69845982772,-359.9524927082649,1730329477.6727335
-22493.096887242424,-376.6715975608346,1730329477.6754785
-22538.60503895343,-421.73271438273366,1730329477.6796043
-22509.14543976133,-365.339263121994,1730329477.6834347
-22472.1533026878,-348.240178613684,1730329477.6876605
-22461.02213394906,-392.6977983352898,1730329477.6924384
-22488.73829707364,-411.65207763339015,1730329477.6966865
-22503.713965858697,-381.76779529664464,1730329477.700502
-22460.30687812649,-337.8242656975109,1730329477.703528
-22462.2514798941,-362.0088531981532,1730329477.707827
-22560.71091421973,-452.5334182421468,1730329477.711702
-22576.26772836062,-418.93874632582026,1730329477.715621
-22430.26613357856,-332.0128121391311,1730329477.7207236
-22392.692851149182,-336.34905056346065,1730329477.7246664
-22499.08715475645,-426.1360080404292,1730329477.728516
-22545.73524543468,-414.5578044125801,1730329477.7317476
-22500.62942512386,-339.9700331652204,1730329477.735737
-22477.16009344579,-354.02928042760857,1730329477.7397387
-22516.141535775845,-416.0106678021751,1730329477.743734
-22562.87903343189,-434.6743744223565,1730329477.7487495
-22514.55456191952,-380.4713941182368,1730329477.75284
-22460.84331999341,-351.659995515346,1730329477.756774
-22493.588625620443,-395.6482286033903,1730329477.7595336
-22575.28425160459,-431.9698133432643,1730329477.763602
-22539.78968140956,-388.0039319996753,1730329477.76764
-22448.01341867607,-319.9652218777206,1730329477.7717898
-22477.49536961262,-378.8397167729994,1730329477.776634
-22512.766422363096,-428.7064586527895,1730329477.7807071
-22514.241637497144,-384.53941160910273,1730329477.7835968
-22490.10175348541,-336.6396232413797,1730329477.787649
-22477.741238801627,-361.919446220332,1730329477.791612
-22541.93544887727,-416.7035718802896,1730329477.7958393
-22562.2755363316,-395.4247111588372,1730329477.7997005
-22498.97539603417,-352.35289959346056,1730329477.8037322
-22459.837491492926,-378.39268188389326,1730329477.8086884
-22509.368957205887,-420.9056998378873,1730329477.811818
-22553.17837633829,-398.68806584931207,1730329477.8158631
-22534.112338317915,-369.5413910795917,1730329477.8198757
-22476.28837541204,-360.7795072531113,1730329477.8236752
-22540.66139944332,-412.1661677558623,1730329477.8276937
-22520.857753855915,-413.0155340451639,1730329477.8318267
-22453.243726878613,-331.54342550556964,1730329477.8368552
-22456.19415714672,-333.6221377399132,1730329477.8399017
-22518.957855577213,-405.3935891859042,1730329477.843799
-22524.724605646683,-406.5335281531249,1730329477.8478491
-22531.65364642783,-358.09729791847445,1730329477.851854
-22488.98416626265,-348.3966408248712,1730329477.8557844
-22516.767384620594,-421.9338800828314,1730329477.8597152
-22550.250297814644,-445.80554316109937,1730329477.8649228
-22517.16971602079,-349.3354140919941,1730329477.867868
-22495.712041343697,-333.1080476174412,1730329477.8717875
-22510.710061873207,-402.6666763623567,1730329477.8757532
-22572.333821336488,-436.7977901456106,1730329477.879792
-22526.244524269645,-372.3800626254157,1730329477.8837333
-22453.243726878613,-315.8525008979441,1730329477.8878398
-22476.40013413431,-378.01270222815305,1730329477.8928936
-22520.38836722236,-419.92222308185376,1730329477.895882
-22542.248373299644,-411.31680146656055,1730329477.8989005
-22525.30575100252,-350.11772514792983,1730329477.9038432
-22482.278642926056,-342.1381523773852,1730329477.9077744
-22523.048224812537,-406.89115606440976,1730329477.911878
-22574.68075450429,-423.4761504502476,1730329477.9160428
-22523.49525970164,-359.9301409638096,1730329477.919979
-22492.00165176412,-365.1380974218962,1730329477.9228904
-22544.28238204508,-435.300223267105,1730329477.9267874
-22568.9810596682,-432.2156825322727,1730329477.9318855
-22465.336020628933,-338.2042453532512,1730329477.9360096
-22437.932781926727,-296.98762857766496,1730329477.9398253
-22496.673166355275,-406.2653072196612,1730329477.943844
-22506.37382344888,-406.57823164203546,1730329477.946991
-22523.785832379563,-361.9641497092426,1730329477.9509304
-22516.87914334287,-367.1721061673291,1730329477.9548316
-22521.97534107868,-385.4781848762256,1730329477.9600835
-22533.017102839603,-389.74736806718926,1730329477.9639275
-22525.75278589163,-350.4082978258488,1730329477.9681752
-22478.12121845737,-318.15473057684073,1730329477.97208
-22495.73439308815,-372.13419343640726,1730329477.9748456
-22532.12303306139,-427.2312435187392,1730329477.9791317
-22540.259068043124,-385.7687575541446,1730329477.9828532
-22514.17458226378,-343.0769256445081,1730329477.9869246
-22497.947215789227,-383.7571005531669,1730329477.9919016
-22495.26500645459,-384.3605976534603,1730329477.9960575
-22516.02977705357,-373.85527775946593,1730329477.9999228
-22488.626538351364,-328.54829174855854,1730329478.0030005
-22479.194102191224,-345.42385881231536,1730329478.007121
-22497.79075357804,-399.4480251607925,1730329478.0111277
-22521.863582356404,-411.9650020557645,1730329478.0150716
-22461.290354882523,-364.0205101991308,1730329478.0201333
-22449.10865415438,-355.3256816060164,1730329478.0240705
-22588.00239419966,-429.33230749753807,1730329478.028232
-22594.23853090269,-452.1534385864066,1730329478.0311203
-22532.212440039213,-339.5453500205696,1730329478.035087
-22527.22800102568,-321.2616230561284,1730329478.0392056
-22551.569050737507,-416.90473758038735,1730329478.0431652
-22492.314576186487,-411.4285601888371,1730329478.0480168
-22481.58573884794,-357.5832077960024,1730329478.0521626
-22448.9521919432,-342.5181320331254,1730329478.055201
-22474.433180622244,-353.62694902741305,1730329478.0590143
-22557.089931617968,-413.6637346343678,1730329478.0632217
-22557.13463510688,-391.4908041347032,1730329478.0670457
-22485.25142493861,-324.3908672798714,1730329478.0710104
-22432.702473724185,-354.789239739089,1730329478.0750256
-22514.84513459744,-406.4217694308483,1730329478.0801177
-22562.208481098234,-386.4616616322591,1730329478.0830264
-22504.92096005928,-344.6415477563796,1730329478.0872145
-22469.269927653066,-356.3091583620499,1730329478.091122
-22486.97250926167,-410.1768624993399,1730329478.0951204
-22545.981114623683,-397.23520245971713,1730329478.0991397
-22507.89374207184,-329.1517888488518,1730329478.103186
-22475.84134052293,-340.6852889877903,1730329478.108099
-22487.24073019513,-395.46941464774784,1730329478.1111646
-22526.93742834776,-382.0583679745636,1730329478.1151428
-22517.661454398807,-350.5200565481253,1730329478.119644
-22492.918073286783,-364.4004898548711,1730329478.1231503
-22500.62942512386,-424.0349440616303,1730329478.1271644
-22520.343663733445,-435.0543540780967,1730329478.1312082
-22498.4613059117,-375.0622719600525,1730329478.136201
-22480.87048302537,-324.25675681313953,1730329478.1391757
-22504.45157342572,-382.17012669684016,1730329478.143201
-22524.098756801934,-411.7414846112114,1730329478.14721
-22506.239712982144,-377.72212955023406,1730329478.151298
-22468.509968341587,-356.9573589512538,1730329478.1552377
-22499.869465812382,-403.8960223073986,1730329478.1602125
-22563.393123554364,-441.044621592119,1730329478.1632009
-22581.788609241084,-396.8999262928875,1730329478.1661327
-22512.07351828498,-335.499684274159,1730329478.1712074
-22498.93069254526,-367.1050509339632,1730329478.175194
-22504.29511121453,-412.09911252249634,1730329478.1792834
-22491.12993373036,-380.5384493516028,1730329478.1832435
-22520.321311988988,-345.5579692790472,1730329478.1872752
-22507.670224627283,-362.1876671537957,1730329478.1911929
-22513.14640201884,-413.8425485900103,1730329478.1942933
-22560.42034154181,-399.8056530720774,1730329478.1982875
-22530.08902431596,-349.8495042144661,1730329478.2032173
-22478.4564946242,-371.3518823804715,1730329478.2073584
-22506.88791357135,-435.32257501156033,1730329478.2113664
-22520.09779454444,-405.3265339525383,1730329478.215449
-22493.745087831627,-331.6998877167568,1730329478.2194936
-22488.00068950661,-328.7047539597457,1730329478.2224853
-22497.90251230032,-398.4421966603037,1730329478.2273235
-22513.302864230023,-404.4771676632366,1730329478.2313402
-22490.235863952144,-358.1643531518404,1730329478.2343214
-22464.30784038399,-351.19060888178456,1730329478.238513
-22473.69557305521,-412.7026096227896,1730329478.2433352
-22522.08709980096,-446.9678338727753,1730329478.2473936
-22595.534932081096,-360.28776887509457,1730329478.251402
-22528.434995226264,-317.88650964337705,1730329478.2553992
-22472.84620676592,-370.9271992358207,1730329478.259432
-22507.178486249268,-415.3848189574264,1730329478.2625213
-22575.351306837954,-403.80661532957737,1730329478.2664611
-22514.77807936408,-349.8495042144661,1730329478.2714992
-22496.58375937745,-377.72212955023406,1730329478.2753582
-22521.08127130047,-410.8921183219097,1730329478.2794309
-22545.73524543468,-386.66282733235687,1730329478.2833836
-22516.901495087328,-359.2372368856951,1730329478.2865393
-22455.277735624044,-375.2857894046056,1730329478.2904732
-22491.107581985903,-431.9921650877196,1730329478.294618
-22551.546698993054,-428.25942376368334,1730329478.2984288
-22522.869410856893,-314.01965785260893,1730329478.3034472
-22499.958872790205,-337.0196028971199,1730329478.3074265
-22484.1561894603,-408.8357578320215,1730329478.311566
-22512.02881479607,-404.94655429679807,1730329478.3145103
-22559.81684444152,-356.21975138422863,1730329478.3184574
-22521.03656781156,-352.8446379714773,1730329478.3224094
-22484.64792783832,-416.1224265244516,1730329478.3265402
-22542.38248376637,-440.70934542528937,1730329478.3316472
-22553.580707738485,-381.3654638964491,1730329478.335652
-22510.17362000628,-341.9593384217428,1730329478.3387833
-22507.960797305204,-385.7017023207787,1730329478.3426185
-22547.344571035454,-429.8240458755548,1730329478.3465884
-22554.608887983428,-402.8231385735439,1730329478.350561
-22493.968605276183,-370.0554812020637,1730329478.354624
-22466.319497384968,-381.7007400632787,1730329478.3594978
-22525.395157980343,-427.6335749189347,1730329478.36352
-22541.2201930547,-394.3071239360719,1730329478.366483
-22508.40783219431,-342.1828558662958,1730329478.3706322
-22474.96962248917,-365.62983579991294,1730329478.3744886
-22525.998655080635,-418.335249225527,1730329478.3786268
-22578.055867917046,-416.1447782689069,1730329478.382686
-22510.531247917563,-382.19247844129546,1730329478.386623
-22404.315758265944,-396.0282082591305,1730329478.3915873
-22538.403873253334,-432.9756418437531,1730329478.394668
-22634.67283662234,-406.89115606440976,1730329478.3987155
-22568.13169337889,-359.6172165414353,1730329478.4026694
-22521.193030022747,-371.0613097025525,1730329478.406662
-22535.274629029587,-430.6510604204012,1730329478.410651
-22576.245376616167,-440.9328628698424,1730329478.4146738
-22574.83721671548,-388.3392081665049,1730329478.4196455
-22529.17260279329,-374.3470161374827,1730329478.4226196
-22539.968495365203,-431.4333714763369,1730329478.426736
-22583.06265867504,-450.8123339190881,1730329478.4307668
-22586.16955115432,-402.2196414732506,1730329478.4348035
-22536.79454765255,-368.0885276899967,1730329478.4386032
-22533.59824819544,-410.3109729660717,1730329478.4430656
-22577.586481283484,-446.0290606056524,1730329478.4478755
-22579.75460049565,-408.6345921319237,1730329478.450852
-22541.84604189945,-371.9106759918542,1730329478.4539657
-22534.02293134009,-405.7288653527338,1730329478.4587348
-22572.579690525497,-448.84538040702114,1730329478.4628725
-22588.069449433024,-419.139912025918,1730329478.4667895
-22546.919887890803,-373.1400219368961,1730329478.4709797
-22521.03656781156,-396.1623187258624,1730329478.4739635
-22544.48354774517,-436.2837000231386,1730329478.47798
-22564.3766003104,-411.31680146656055,1730329478.4820025
-22519.98603582216,-349.5589315365472,1730329478.4869275
-22474.36612538888,-350.83298097049965,1730329478.4909475
-22493.365108175887,-393.7706820691445,1730329478.494976
-22531.45248072773,-384.11472846445184,1730329478.4989796
-22506.35147170442,-328.6824022152904,1730329478.5028396
-22453.98133444564,-313.79614040805586,1730329478.5058732
-22460.686857782228,-359.01371944114203,1730329478.509763
-22495.68968959924,-369.5190393351364,1730329478.5139005
-22482.479808626154,-318.4005997658491,1730329478.5188987
-22435.51879352556,-295.75828263262304,1730329478.5229986
-22435.094110380905,-341.4899517881813,1730329478.5269673
-22474.567291088973,-365.8757049889213,1730329478.530959
-22475.818988778472,-320.70282944474576,1730329478.5338137
-22431.67429347924,-284.15772726031867,1730329478.537982
-22423.67236896424,-317.2383090541732,1730329478.5429556
-22465.44777935121,-354.9904054391868,1730329478.5470116
-22476.44483762322,-318.17708232129604,1730329478.5509589
-22439.16212787177,-278.502735913126,1730329478.555052
-22426.46633702116,-310.7339514176788,1730329478.55787
-22464.665468295272,-356.2868066175946,1730329478.5619996
-22488.134799973348,-329.9788033936982,1730329478.5661004
-22456.462378080178,-282.3695877038941,1730329478.5701134
-22428.43329053322,-299.22280302319564,1730329478.5748668
-22464.68782003973,-354.3869083388935,1730329478.5790503
-22498.617768122884,-344.99917566766453,1730329478.5828483
-22468.64407880832,-288.18104126227394,1730329478.5872707
-22440.167956372257,-295.9594483327208,1730329478.5900033
-22472.242709665625,-356.2644548731393,1730329478.5942185
-22510.151268261823,-358.05259442956384,1730329478.5981376
-22488.961814518192,-300.8768321128884,1730329478.6032145
-22444.414787818765,-289.4997941851371,1730329478.607254
-22464.86663399537,-348.2178268692287,1730329478.6101575
-22515.44863169773,-371.4412893582928,1730329478.6141317
-22508.050204283027,-321.68630620077926,1730329478.6179917
-22475.43900912273,-305.6377536818688,1730329478.6222768
-22468.73348578614,-348.10606814695217,1730329478.6261308
-22504.563332148,-368.6026178124688,1730329478.631176
-22512.27468398508,-326.2237103252066,1730329478.6350417
-22464.08432293944,-281.5872766479584,1730329478.6383483
-22447.43227332023,-310.8233583955,1730329478.6421056
-22493.92390178727,-358.9466642077761,1730329478.646283
-22508.139611260845,-325.2402335691731,1730329478.6500468
-22470.722791042663,-280.9167243142992,1730329478.654178
-22455.121273412857,-312.5444427185587,1730329478.6590264
-22487.64306159533,-357.6055595404577,1730329478.6633663
-22516.65562589832,-335.8126086965333,1730329478.6660233
-22486.10079122792,-285.7670528611008,1730329478.6702328
-22457.15528215829,-300.7874251350672,1730329478.674203
-22492.314576186487,-357.11382116244096,1730329478.6780932
-22526.11041380291,-350.3412425924829,1730329478.682168
-22494.28152969856,-294.0595500540197,1730329478.68622
-22450.695628010708,-289.9468290742432,1730329478.691042
-22472.84620676592,-346.42968731280416,1730329478.6941996
-22518.89080034385,-358.81255374104427,1730329478.6982012
-22502.059936769,-301.4803292131817,1730329478.7027364
-22460.999782204603,-285.23061099417345,1730329478.7067745
-22473.628517821853,-340.2829575875947,1730329478.7101412
-22512.319387473988,-358.6113880409465,1730329478.7153192
-22504.563332148,-304.2519455256397,1730329478.71833
-22466.990049718625,-280.5814481474696,1730329478.7213128
-22461.133892671336,-315.09254158646365,1730329478.7262857
-22502.88695131385,-347.5919780244801,1730329478.7303276
-22510.710061873207,-308.4987769721481,1730329478.7343311
-22467.1018084409,-267.25980845210654,1730329478.73835
-22458.0046484476,-304.7883873925672,1730329478.7421951
-22501.2105704797,-349.15660013635164,1730329478.746447
-22517.4155852098,-318.1100270879301,1730329478.749332
-22480.624613836364,-271.75250908762325,1730329478.7543733
-22452.841395478416,-290.72914013017896,1730329478.758201
-22490.14645697433,-343.1663326223293,1730329478.762406
-22518.063785799004,-327.6989254592568,1730329478.766165
-22490.012346507592,-279.2403434801511,1730329478.770398
-22464.531357828542,-292.8972593423438,1730329478.7742722
-22482.21158769269,-334.6056144959467,1730329478.777383
-22510.30773047301,-328.36947779291603,1730329478.7814038
-22480.602262091907,-269.5173346420926,1730329478.7864532
-22446.15822388628,-262.90121828332167,1730329478.790416
-22464.01726770607,-313.2373467966732,1730329478.7944665
-22507.33494846045,-325.01671612462,1730329478.7984276
-22495.600282621417,-273.2947794550395,1730329478.802444
-22446.672314008752,-250.11602045488604,1730329478.805451
-22459.92689847075,-302.888489113866,1730329478.8093734
-22509.14543976133,-333.4433237842708,1730329478.8144844
-22507.916093816293,-286.52701217258124,1730329478.8184996
-22461.2009479047,-253.1782094452631,1730329478.822496
-22456.82000599146,-295.0206750655979,1730329478.8264408
-22509.83834383945,-338.5395215200808,1730329478.8294735
-22521.50595444512,-300.22863152368444,1730329478.8332868
-22475.21549167818,-252.39589838932736,1730329478.837474
-22459.055180437,-278.5697911464919,1730329478.8425305
-22497.34371868893,-325.8660824139217,1730329478.8462791
-22522.37767247888,-306.2636025266174,1730329478.8503685
-22483.68680282674,-256.2851019245508,1730329478.8535144
-22461.11154092688,-276.8934103123439,1730329478.8575175
-22488.29126218453,-325.15082659135186,1730329478.861611
-22508.3631287054,-306.19654729325146,1730329478.865624
-22479.574081846964,-253.93816875674355,1730329478.8704474
-22453.131968156336,-263.79528806153394,1730329478.874344
-22483.105657470904,-321.8651201564217,1730329478.8785777
-22518.4661171992,-323.563852735025,1730329478.8815324
-22493.588625620443,-265.0693374954865,1730329478.8854604
-22455.657715279784,-258.43086939226026,1730329478.8894844
-22476.73541030114,-319.27231779960607,1730329478.8933778
-22518.019082310093,-334.67266972931264,1730329478.8985436
-22505.43505018176,-278.65919812431315,1730329478.9025111
-22464.576061317453,-255.16751470178545,1730329478.9064188
-22466.6547735518,-301.65914316882413,1730329478.9095953
-22517.97437882118,-341.55700702154724,1730329478.9137888
-22520.50012594464,-300.5415559460588,1730329478.9177072
-22470.58868057593,-256.083936224453,1730329478.9220157
-22462.229128149644,-290.2597534966175,1730329478.9255147
-22501.50114315762,-330.0458586270641,1730329478.930966
-22508.78781185005,-293.43370120927113,1730329478.9347053
-22470.96866023167,-250.0936687104308,1730329478.9374733
-22451.58969778892,-276.24520972314,1730329478.9414892
-22495.33206168796,-331.49872201665903,1730329478.945712
-22520.99186432265,-314.46669274171506,1730329478.9494736
-22483.82091329347,-263.3259014279725,1730329478.9536717
-22459.90454672629,-282.4589946817153,1730329478.9585173
-22499.02009952308,-344.1498093783628,1730329478.9617126
-22530.424300482788,-334.65031798485734,1730329478.9657826
-22499.42243092328,-269.472631153182,1730329478.969731
-22458.6528490368,-262.6777008387686,1730329478.9737031
-22485.58670110544,-323.1615213348295,1730329478.9777162
-22526.35628299192,-336.6396232413797,1730329478.9816575
-22510.039509539547,-283.9565615602209,1730329478.986612
-22463.324363627955,-266.3880904183496,1730329478.989758
-22471.460398609688,-316.2995357870502,1730329478.992802
-22514.84513459744,-339.0536116425528,1730329478.9975948
-22513.54873341903,-295.53476518807,1730329479.0016663
-22467.34767762991,-266.63395960735795,1730329479.0056872
-22463.234956650133,-305.57069844850287,1730329479.009838
-22500.987053035147,-336.1478848633629,1730329479.0151684
-22506.329119959966,-296.51824194410347,1730329479.0176437
-22459.457511837187,-252.99939548962064,1730329479.0217328
-22453.35548560089,-290.43856745226,1730329479.0258925
-22508.27372172758,-344.6191960119243,1730329479.0298572
-22523.02587306808,-309.68341942827936,1730329479.0337543
-22476.48954111213,-255.279273424062,1730329479.0377936
-22454.49542456811,-280.0897097694528,1730329479.042796
-22495.04148901004,-333.95741390674283,1730329479.04572
-22526.28922775856,-320.61342246692453,1730329479.0487611
-22494.88502679885,-268.6456166083356,1730329479.0538545
-22458.406979847787,-272.1995439767294,1730329479.0576472
-22487.955986017703,-325.6872684582792,1730329479.0619292
-22512.22998049617,-317.6853439432793,1730329479.0658164
-22487.33013717296,-264.1752677172741,1730329479.0687845
-22794.286643777687,-300.22863152368444,1730329484.0845144
-22618.154897469867,-253.1782094452631,1730329484.0885522
-22631.297723209587,-258.922607770277,1730329484.0915575
-22665.58529920403,-283.9342098157656,1730329484.0956397
-22672.11200858498,-279.28504696906174,1730329484.0996127
-22691.356860561,-255.0781077239642,1730329484.103744
-22645.021694305146,-296.2947244995504,1730329484.1079092
-22674.43659000833,-390.3061616785719,1730329484.1127915
-22758.81442532712,-300.049817568042,1730329484.1167643
-22731.88057325847,-217.16954912776345,1730329484.119767
-22674.72716268625,-207.44654028970484,1730329484.1236336
-22720.30236963062,-306.24125078216207,1730329484.1278918
-22722.60459930952,-366.7697747671336,1730329484.131648
-22696.006023407703,-252.1053257114084,1730329484.1358936
-22646.027522805634,-216.119017138364,1730329484.1406276
-22652.174252530844,-277.5416109015478,1730329484.144904
-22706.846619468524,-275.6193608783914,1730329484.1479192
-22743.101148975034,-266.23162820716243,1730329484.151904
-22649.581450174028,-249.3784128878609,1730329484.1556537
-22641.82539484804,-257.5591513585033,1730329484.1599095
-22684.941909902325,-318.82528291049994,1730329484.163955
-22721.308198131108,-309.7728264061006,1730329484.168958
-22675.08479059753,-244.6621948077911,1730329484.1718457
-22690.619252993973,-294.5289366875812,1730329484.175794
-22694.553160018106,-323.4967975016591,1730329484.1798143
-22723.141041176445,-272.6018753769249,1730329484.183832
-22665.160616059376,-212.8109589589785,1730329484.1878664
-22575.23954811568,-249.3560611434056,1730329484.1917608
-22627.274409207632,-288.9186488292991,1730329484.19677
-22787.692879163373,-311.1586345623296,1730329484.1998248
-22738.474337872787,-250.697165810724,1730329484.203774
-22681.92442440086,-241.1529709283079,1730329484.2078817
-22700.07404089857,-328.0342016260864,1730329484.2118337
-22727.41022436741,-318.4453032547597,1730329484.2157795
-22693.12264837297,-258.74379381463456,1730329484.2198176
-22636.371569200943,-268.1985817192294,1730329484.2248192
-22683.757267446195,-282.6825121262684,1730329484.2279477
-22740.865974529504,-323.2062248237401,1730329484.2308533
-22708.03126192465,-267.0586427520088,1730329484.235847
-22659.90795611238,-227.67486902175773,1730329484.239816
-22640.43958669181,-263.0576804945088,1730329484.2439032
-22611.114097966445,-314.1984718082514,1730329484.2477708
-22760.64726837245,-297.99345707815377,1730329484.2527857
-22749.136119977968,-221.2375666186293,1730329484.2557757
-22618.266656192143,-258.5649798589921,1730329484.2588265
-22705.527866545664,-322.7368381901787,1730329484.2638228
-22726.73967203375,-302.10617805793026,1730329484.2685442
-22695.1566571184,-249.1325436988525,1730329484.271856
-22690.753363460703,-311.27039328460614,1730329484.2758727
-22695.33547107404,-336.43845754128193,1730329484.2808695
-22692.42974429485,-268.1091747414082,1730329484.2839525
-22651.615458919463,-222.06458116347568,1730329484.2868783
-22554.58653623897,-271.663102109802,1730329484.2919676
-22604.14035369639,-308.4987769721481,1730329484.2959282
-22735.76977679369,-271.2607707096065,1730329484.2998788
-22758.479149160285,-260.2637124375954,1730329484.3039138
-22686.03714538064,-298.64165766735766,1730329484.3078752
-22671.82143590706,-301.9273641022878,1730329484.3108933
-22691.558026261097,-284.2247824936846,1730329484.3159218
-22715.295578872632,-255.4580873797044,1730329484.3199503
-22661.561985202075,-241.04121220603136,1730329484.3229191
-22698.665880997884,-302.03912282456434,1730329484.3269155
-22719.140078918947,-329.1741405933072,1730329484.3308887
-22700.14109613193,-284.9847418051651,1730329484.335969
-22649.804967618584,-250.2277791771625,1730329484.3399355
-22650.274354252146,-297.54642218904763,1730329484.3439732
-22737.915544261403,-347.41316406883766,1730329484.3470056
-22731.858221514016,-302.1285298023856,1730329484.3510745
-22672.71550568527,-254.116982712386,1730329484.3556037
-22660.131473556936,-261.0236717490759,1730329484.359635
-22743.45877688632,-340.97586166570926,1730329484.3643224
-22735.03216922667,-320.72518118920107,1730329484.3682609
-22687.1547326034,-258.8108490480005,1730329484.3723097
-22655.370551987955,-269.69614859773503,1730329484.3753965
-22737.35675065002,-326.49193125867026,1730329484.3793683
-22781.00970757124,-317.081846842986,1730329484.3831472
-22679.555139488595,-257.1344682138525,1730329484.387405
-22567.03645790058,-270.76903233158976,1730329484.3927183
-22659.237403778723,-327.274242314606,1730329484.3966308
-22777.478131947297,-347.41316406883766,1730329484.4001808
-22750.141948478456,-300.72036990170125,1730329484.4032943
-22695.53663677414,-246.96442448668773,1730329484.407118
-22665.987630604224,-333.1751028508071,1730329484.4116666
-22724.8174220106,-328.97297489320937,1730329484.4151046
-22701.63866301044,-283.5765819044807,1730329484.4196074
-22610.085917721502,-270.8137358205004,1730329484.4241405
-22672.33552602953,-279.2179917356958,1730329484.4282937
-22721.911695231403,-291.4667476972041,1730329484.4311109
-22703.96324443379,-301.1674047908074,1730329484.43511
-22658.79036888961,-233.03928769103143,1730329484.4392292
-22687.601767492502,-280.8943725698439,1730329484.4431293
-22714.44621258333,-327.274242314606,1730329484.447158
-22718.62598879648,-306.48711997117044,1730329484.452139
-22701.0575176546,-290.32680872998344,1730329484.456126
-22645.044046049603,-287.0858057839639,1730329484.4591112
-22724.795070266136,-335.20911159624,1730329484.46311
-22751.281887445675,-322.33450678998315,1730329484.4671197
-22697.458886797296,-267.8409538079445,1730329484.471141
-22673.16254057438,-283.46482318220416,1730329484.4751368
-22683.48904651273,-309.95164036174305,1730329484.48016
-22704.32087234508,-320.434608511282,1730329484.4831853
-22735.1662796934,-275.3064364560171,1730329484.4871504
-22685.724220958266,-244.1704564297744,1730329484.491177
-22679.465732510776,-294.3501227319387,1730329484.4951649
-22747.75031182174,-346.5861495239913,1730329484.4992068
-22760.200233483345,-322.96035563473174,1730329484.503183
-22579.19580688427,-243.1646279292856,1730329484.5082092
-22638.20441224628,-327.3412975479719,1730329484.511194
-22695.33547107404,-294.9312680877767,1730329484.5152044
-22759.97671603879,-278.30157021302824,1730329484.5192332
-22706.82426772407,-280.78261384756735,1730329484.523275
-22715.988482950743,-329.0623818710306,1730329484.527226
-22715.809668995105,-366.2109811557509,1730329484.531223
-22716.72609051777,-323.5191492461144,1730329484.5362473
-22737.244991927742,-266.25397995161774,1730329484.5392325
-22670.346220773008,-282.9954365486427,1730329484.5422504
-22714.22269513878,-314.8466723974553,1730329484.5472698
-22778.61807091452,-279.7544336026232,1730329484.5513291
-22696.833037952547,-231.0276306900538,1730329484.5552747
-22654.275316509644,-263.2588461946066,1730329484.5592952
-22705.125535145467,-327.9894981371758,1730329484.5642812
-22723.27515164317,-320.14403583336303,1730329484.5673308
-22707.58422703555,-265.98575901815406,1730329484.570321
-22697.28007284165,-308.8787566278883,1730329484.5753417
-22713.37332884948,-341.9593384217428,1730329484.5793395
-22716.390814350943,-320.0099253666312,1730329484.583326
-22718.78245100766,-279.1509365023299,1730329484.5873144
-22641.6465808924,-243.63401456284697,1730329484.591369
-22661.15965380188,-315.07018984200835,1730329484.5953605
-22738.7202070618,-319.47348349970383,1730329484.5983565
-22717.35193936252,-277.5863143904584,1730329484.60337
-22744.44225364235,-297.8369948669666,1730329484.607418
-22740.374236151485,-327.9000911593546,1730329484.6114912
-22705.21494212329,-318.5347102325809,1730329484.615447
-22730.49476510224,-281.9449045592433,1730329484.6185176
-22730.1147854465,-297.8146431225113,1730329484.6224852
-22692.13917161693,-299.98276233467607,1730329484.626531
-22737.87084077249,-316.7465706761564,1730329484.6307373
-22739.07783497308,-292.2267070086845,1730329484.636056
-22666.59112770452,-250.20542743270727,1730329484.6395018
-22690.97688090526,-315.4948729866592,1730329484.6440468
-22759.909660805424,-355.97388219522026,1730329484.6471372
-22717.955436462813,-295.3335994879722,1730329484.6511464
-22672.44728475181,-286.504660428126,1730329484.6548069
-22714.15563990541,-305.9283263597878,1730329484.6587095
-22735.255686671226,-315.8525008979441,1730329484.664353
-22792.18557979889,-313.12558807439666,1730329484.6678965
-22702.152753132912,-261.6048171049139,1730329484.6720326
-22651.97308683075,-245.13158144135247,1730329484.6746104
-22719.58711380805,-304.2295937811844,1730329484.678664
-22723.901000487924,-328.4141812818267,1730329484.6827247
-22711.853410226515,-261.6495205938245,1730329484.6871748
-22686.618290736475,-260.10725022640827,1730329484.6905663
-22711.71929975978,-321.082809100486,1730329484.696005
-22716.144945161934,-300.1392245458632,1730329484.699716
-22671.977898118246,-243.052869207009,1730329484.703128
-22676.53765398713,-248.90902625429945,1730329484.7065723
-22685.612462235986,-327.855387670444,1730329484.7106588
-22845.360379858063,-400.8114815725663,1730329484.7145455
-22774.08066679009,-302.06147456901965,1730329484.7195747
-22602.79924902907,-225.0597149204868,1730329484.7235825
-22631.56594414305,-269.7632038311009,1730329484.7266152
-22721.755233020216,-299.31221000101687,1730329484.73056
-22763.50829166273,-280.5367446585589,1730329484.7345755
-22734.49572735974,-264.2423229506401,1730329484.7385924
-22756.62395437049,-296.7417593886566,1730329484.7425947
-22712.859238727004,-335.63379474089083,1730329484.7466128
-22726.113823189,-288.0469307955421,1730329484.7516148
-22768.73859986527,-271.01490152059813,1730329484.7546237
-22682.97495639026,-275.6864161117573,1730329484.7585957
-22645.871060594447,-320.4122567668267,1730329484.7626328
-22770.70555337734,-328.436533026282,1730329484.7666674
-22791.917358865423,-284.8059278495226,1730329484.7706635
-22715.58615155055,-283.9342098157656,1730329484.7747178
-22662.925441613846,-327.76598069262275,1730329484.7797
-22729.39952962393,-291.5561546750253,1730329484.782699
-22746.63272459897,-280.3355789584612,1730329484.786718
-22669.83213065054,-247.27734890906203,1730329484.790721
-22705.14788688992,-298.082864055975,1730329484.7947123
-22773.96890806781,-336.75138196365623,1730329484.7987237
-22723.856296999016,-283.42011969329354,1730329484.8027189
-22683.10906685699,-259.3025874260172,1730329484.8077288
-22694.709622229293,-326.6260417254021,1730329484.8107035
-22732.97580873678,-337.13136161939644,1730329484.8137033
-22774.550053423653,-305.72716065969,1730329484.8187494
-22705.192590378832,-276.7816515900674,1730329484.822734
-22638.04795003509,-263.43766015024903,1730329484.8267434
-22785.03302157319,-345.982652423698,1730329484.8307304
-22793.95136761085,-314.3325822749832,1730329484.83577
-22699.001157164712,-234.96153771418784,1730329484.8388212
-22649.223822262746,-243.5446075850257,1730329484.8417556
-22709.4617735698,-315.11489333091896,1730329484.8467882
-22723.65513129892,-310.7786549065894,1730329484.8508008
-22721.57641906457,-278.4356806797601,1730329484.8548048
-22725.845602255537,-327.6542219703462,1730329484.8587878
-22792.94553911037,-347.4802193022036,1730329484.8627934
-22752.06419850161,-304.00607633663134,1730329484.8658743
-22673.564871974573,-244.5951395744252,1730329484.8697891
-22685.0536686246,-271.2607707096065,1730329484.8748932
-22676.180026075846,-328.0342016260864,1730329484.878908
-22766.01168704172,-332.2363295836841,1730329484.8829446
-22757.67448635989,-293.0537215535309,1730329484.8869984
-22702.197456621823,-274.59118063344727,1730329484.8898656
-22686.081848869544,-335.9467191632652,1730329484.8942692
-22671.75438067369,-329.6882307157792,1730329484.8980346
-22739.21194543981,-278.68154986876846,1730329484.9034064
-22747.45973914382,-265.98575901815406,1730329484.9069636
-22729.913619746403,-292.5396314310588,1730329484.9112828
-22729.51128834621,-339.6571087428461,1730329484.9149363
-22797.03590834569,-346.38498382389355,1730329484.9191256
-22738.854317528527,-316.7689224206117,1730329484.9224548
-22715.07206142808,-309.8398816394665,1730329484.926191
-22692.80972395059,-285.23061099417345,1730329484.9307663
-22693.4579245398,-283.77774760457845,1730329484.9352648
-22695.424878051865,-239.7448110276236,1730329484.9393916
-22679.577491233053,-274.9041050558216,1730329484.9432251
-22773.566576667617,-362.9029229763655,1730329484.9465072
-22779.065105803624,-335.07500112950817,1730329484.9502597
-22732.90875350341,-286.4599569392153,1730329484.954012
-22658.67861016734,-266.03046250706467,1730329484.9591408
-22718.268360885188,-338.6959837312679,1730329484.9632492
-22705.48316305676,-334.71737321822326,1730329484.96709
-22694.93313967385,-256.7321368136569,1730329484.9700992
-22695.648395496417,-233.9110057247884,1730329484.9740374
-22754.54524213615,-309.1693293058073,1730329484.977981
-22770.61614639952,-339.3888878093824,1730329484.9820256
-22744.06227398661,-302.307343758028,1730329484.986126
-22718.894209729937,-279.97795104717625,1730329484.9899998
-22680.404505777897,-311.94094561826535,1730329484.995026
-22732.97580873678,-355.8174199840331,1730329484.9980166
-22733.0652157146,-298.3957884783493,1730329485.002081
-22733.66871281489,-282.72721561517903,1730329485.0060902
-22774.773570868205,-344.6191960119243,1730329485.0100627
-22686.32771805856,-343.6804227448014,1730329485.014012
-22722.7163580318,-280.8943725698439,1730329485.0190532
-22716.033186439658,-237.5766918154588,1730329485.0230815
-22639.72433086924,-254.18403794575192,1730329485.02607
-22705.2596456122,-332.5269022616032,1730329485.0300765
-22821.4887167798,-333.39862029536016,1730329485.0340736
-22762.591870140062,-250.11602045488604,1730329485.0380485
-22706.265474112686,-287.3763784618829,1730329485.0420957
-22699.44819205382,-340.08179188749693,1730329485.0461023
-22723.744538276736,-306.12949205988554,1730329485.0511153
-22719.3635963635,-258.2073519477072,1730329485.054092
-22676.38119177594,-274.2335527221624,1730329485.0580795
-22729.0642534571,-366.70271953376766,1730329485.06211
-22808.100021851067,-411.0932840220075,1730329485.066144
-22690.41808729388,-279.97795104717625,1730329485.0701332
-22690.060459382592,-198.23762157411835,1730329485.0741448
-22685.0536686246,-288.69513138474605,1730329485.0791583
-22759.10499800504,-345.35680357894944,1730329485.0821488
-22761.02724802819,-302.5085094581258,1730329485.086136
-22691.714488472284,-272.93715154375457,1730329485.0901716
-22682.12559010096,-297.63582916686886,1730329485.094143
-22723.45396559882,-316.54540497605865,1730329485.0981848
-22729.44423311284,-269.69614859773503,1730329485.1021657
-22704.611445022994,-257.2909304250396,1730329485.106183
-22711.249913126223,-315.2713555421061,1730329485.1091728
-22747.86207054401,-349.11189664744103,1730329485.1131892
-22729.041901712644,-306.017733337609,1730329485.1182373
-22679.48808425523,-284.5600586605142,1730329485.122331
-22693.18970360633,-301.212108279718,1730329485.126272
-22711.40637533741,-337.1984168527624,1730329485.1303377
-22685.768924447173,-305.7495124041453,1730329485.1343555
-22698.665880997884,-263.9070467838105,1730329485.1381123
-22728.72897729028,-276.4240236787824,1730329485.1425128
-22767.77747485369,-341.6240622549132,1730329485.1465368
-22764.31295446312,-302.9108408583213,1730329485.15051
-22693.033241395147,-251.278311166562,1730329485.1544738
-22673.9001481414,-285.0070935496204,1730329485.1584291
-22718.40247135192,-327.14013184787416,1730329485.1624727
-22773.45481794534,-322.5803759789915,1730329485.1654537
-22749.53845137816,-277.5192591570925,1730329485.1695096
-22700.543427532128,-259.1461252148301,1730329485.1745603
-22692.45209603931,-303.2684687696062,1730329485.1784835
-22757.96505903781,-337.1984168527624,1730329485.1825235
-22788.966928597325,-311.96329736272065,1730329485.1865342
-22712.881590471457,-302.1732332912962,1730329485.1903903
-22757.78624508217,-338.047783142064,1730329485.1940477
-22769.811483599125,-346.09441114597456,1730329485.197972
-22737.289695416654,-278.36862544639416,1730329485.2020144
-22676.649412709405,-252.73117455615696,1730329485.2064147
-22689.38990704893,-303.2908205140615,1730329485.210413
-22739.25664892872,-364.4228415993264,1730329485.2133913
-22745.55984086512,-342.89811168886564,1730329485.2174203
-22711.696948015328,-241.73411628414587,1730329485.2213595
-22680.002174377703,-235.0732964364644,1730329485.225404
-22725.73384353326,-311.0915793289637,1730329485.23041
-22730.3159511466,-336.32669881900534,1730329485.234504
-22735.27803841568,-300.5415559460588,1730329485.2384157
-22704.611445022994,-294.2607157541175,1730329485.2414088
-22735.45685237132,-339.41123955383773,1730329485.2454329
-22773.052486545144,-332.3257365615054,1730329485.2494297
-22703.44915431132,-250.6524623218134,1730329485.2534046
-22688.33937505953,-257.67091008077983,1730329485.2574468
-22726.180878422365,-324.48027425769266,1730329485.262456
-22792.56555945463,-364.1993241547733,1730329485.266472
-22764.424713185395,-340.7970477100668,1730329485.269476
-22692.0050611502,-290.4832709411706,1730329485.2734745
-22708.34418634704,-285.27531448308406,1730329485.2774873
-22689.412258793385,-319.9875736221759,1730329485.2814794
-22727.298465645134,-293.54545993154767,1730329485.285499
-22718.246009140734,-262.9906252611429,1730329485.2905128
-22754.16526248041,-325.48610275818146,1730329485.2944949
-22792.90083562145,-379.3091034065608,1730329485.297657
-22738.74255880625,-328.14596034836296,1730329485.3015213
-22674.19072081932,-260.5319333710591,1730329485.3055327
-22719.005968452213,-288.49396568464823,1730329485.3095393
-22759.686143360872,-329.1741405933072,1730329485.313538
-22698.285901342144,-315.1819485642849,1730329485.317685
-22706.37723283497,-280.5590964030142,1730329485.3226192
-22709.841753225537,-260.82250604897814,1730329485.3255668
-22720.011796952705,-317.5735852210028,1730329485.3295724
-22753.159433979923,-343.3004430890612,1730329485.33359
-22694.12847687345,-261.4260031492714,1730329485.337742
-22667.664011438374,-251.5688838444809,1730329485.3416393
-22741.64828558544,-325.1955300802625,1730329485.3466103
-22821.44401329089,-362.1206119204297,1730329485.3496144
-22734.003988981724,-311.58331770698044,1730329485.3526907
-22572.84791145896,-231.83229349044484,1730329485.357802
-22684.38311629094,-287.24226799515105,1730329485.361698
-22773.343059223065,-326.6483934698574,1730329485.365755
-22760.89313756146,-290.39386396334936,1730329485.3697505
-22728.952494734825,-275.954637045221,1730329485.3737798
-22697.503590286207,-316.14307357586307,1730329485.37783
-22731.142965691444,-337.7348587196897,1730329485.3806765
-22762.211890484323,-301.99441933565373,1730329485.386078
-22698.12943913096,-270.45610790921546,1730329485.389779
-22684.87485466896,-291.64556165284654,1730329485.3942835
-22735.099224460035,-339.5677017650249,1730329485.3979216
-22785.36829774002,-351.6152920264354,1730329485.4021056
-22728.371349378987,-303.76020714762296,1730329485.405835
-22668.178101560843,-279.95559930272094,1730329485.4088633
-22723.945703976835,-286.7728813615896,1730329485.4140415
-22751.10307349004,-314.46669274171506,1730329485.4182017
-22725.10799468851,-287.3540267174276,1730329485.4222853
-22678.459904010288,-283.12954701537456,1730329485.426309
-22734.205154681826,-337.7348587196897,1730329485.4305222
-22783.736620394782,-365.3169113775386,1730329485.4344225
-22765.11761726352,-307.15767230482965,1730329485.4371133
-22658.83507237853,-240.7506395281124,1730329485.4410307
-22678.281090054643,-299.1557477898297,1730329485.4463248
-22718.9612649633,-330.8281696829998,1730329485.4498868
-22687.82528493706,-279.5532679025254,1730329485.4538655
-22718.178953907365,-277.4298521792713,1730329485.4568696
-22716.05553818411,-294.9089163433214,1730329485.4609108
-22769.587966154573,-321.5745474785027,1730329485.4648235
-22760.624916628,-310.35397176193857,1730329485.468804
-22685.83597968053,-280.1120615139081,1730329485.4738927
-22687.82528493706,-330.22467258270655,1730329485.477797
-22724.54920107713,-339.79121920957795,1730329485.4818509
-22763.84356782956,-268.1315264858635,1730329485.4848232
-22722.82811675407,-236.83908424843364,1730329485.4888406
-22709.35001484752,-308.8117013945224,1730329485.4928534
-22723.69983478783,-388.6074290999686,1730329485.4968514
-22723.945703976835,-325.08377135798594,1730329485.5018432
-22664.04302883661,-242.4270203622604,1730329485.5058408
-22697.28007284165,-294.41717796530463,1730329485.50988
-22736.663846571904,-341.1323238768964,1730329485.512889
-22730.60652382452,-325.8437306694664,1730329485.5168772
-22749.046713000145,-301.1227013018968,1730329485.5209048
-22728.79603252364,-324.86025391343287,1730329485.524966
-22731.031206969168,-330.694059216268,1730329485.5299115
-22760.736675350272,-329.95645164924287,1730329485.5339043
-22704.611445022994,-266.1422212293412,1730329485.537913
-22663.595993947507,-278.4803841686707,1730329485.5409672
-22694.77667746266,-316.88068114288825,1730329485.5449288
-22738.40728263942,-318.26648929911727,1730329485.548973
-22741.82709954108,-267.61743636339145,1730329485.5529351
-22712.948645704822,-252.5076571116039,1730329485.556974
-22736.619143083,-328.0342016260864,1730329485.561941
-22757.36156193752,-363.0817369320079,1730329485.5659907
-22739.72603556228,-322.62507946790214,1730329485.568971
-22668.736895172227,-272.1771922322741,1730329485.5729616
-22702.085697899547,-320.3899050223714,1730329485.5769813
-22764.40236144094,-354.27514961661694,1730329485.5810013
-22777.32166973611,-316.9030328873436,1730329485.585002
-22679.890415655427,-273.25007596612886,1730329485.5900462
-22643.94881057129,-318.9593933772318,1730329485.5940306
-22708.54535204713,-359.34899560797163,1730329485.5970829
-22761.720152106303,-315.69603868675694,1730329485.6010556
-22673.9001481414,-217.7283427391461,1730329485.6049976
-22713.619198038483,-256.24039843564015,1730329485.6090548
-22759.127349749488,-352.7775827381114,1730329485.613052
-22778.863940103525,-343.54631227806954,1730329485.6180923
-22763.30712596263,-293.3442942314499,1730329485.6211612
-22634.829298833527,-249.6913373102352,1730329485.6251843
-22721.86699174249,-318.1100270879301,1730329485.629193
-22770.1244080215,-334.8738354294104,1730329485.633212
-22760.870785817,-289.72331162969016,1730329485.6373005
-22704.902017700915,-279.7767853470785,1730329485.641896
-22727.79020402315,-355.9962339396756,1730329485.646786
-22807.049489861667,-404.0524845185858,1730329485.6491573
-22694.68727048484,-321.68630620077926,1730329485.6537397
-22656.28697351062,-261.1130787268972,1730329485.6572688
-22690.19456984932,-285.58823890545835,1730329485.6618268
-22723.610427810007,-350.6318152704019,1730329485.6651998
-22716.793145751137,-311.33744851797206,1730329485.669964
-22709.52882880316,-224.5456247980148,1730329485.6743712
-22726.270285400187,-304.2072420367291,1730329485.6773987
-22727.074948200578,-342.7416494776785,1730329485.680405
-22732.193497680844,-280.2238202361846,1730329485.6856587
-22698.33060483105,-245.98094773065424,1730329485.6892183
-22667.82047364956,-291.7796721195784,1730329485.6939611
-22755.01462876972,-347.5025710466589,1730329485.6973932
-22747.906774032926,-299.24515476765094,1730329485.7013357
-22703.136229888943,-260.2190089486848,1730329485.70428
-22726.02441621118,-306.4200647378045,1730329485.7082636
-22767.03986728667,-366.2556846446615,1730329485.713308
-22729.86891625749,-338.09248663097463,1730329485.7172675
-22673.18489231884,-264.44348865073783,1730329485.7212331
-22678.21403482128,-272.4901166546484,1730329485.7252345
-22724.146869676933,-326.6483934698574,1730329485.72924
-22741.000084996234,-326.3578207919384,1730329485.7322457
-22707.38306133545,-259.32493917047253,1730329485.736349
-22680.471561011265,-239.8789214943554,1730329485.7412765
-22713.59684629403,-295.2888959990616,1730329485.7452517
-22725.0632911996,-292.76314887561193,1730329485.7493336
-22735.65801807141,-270.9478462872322,1730329485.7532763
-22688.607595992995,-272.1548404878188,1730329485.757284
-22694.44140129583,-330.9399284052764,1730329485.7603383
-22793.21376004384,-413.3061067230829,1730329485.7642877
-22744.554012364628,-327.3189458035166,1730329485.7683065
-22680.2033400778,-195.22013607265188,1730329485.7734802
-22668.423970749853,-248.23847392064025,1730329485.7773485
-22730.137137190955,-317.5735852210028,1730329485.781355
-22772.694858633866,-296.697055899746,1730329485.7843451
-22729.35482613502,-252.440601878238,1730329485.788341
-22710.71347125929,-293.2325355091734,1730329485.7924368
-22749.18082346688,-370.12253643542965,1730329485.7963424
-22772.091361533567,-345.2450448566729,1730329485.801352
-22756.53454739267,-265.69518634023507,1730329485.805401
-22682.1032383565,-274.6358841223579,1730329485.8093672
-22692.317985572576,-317.7523991766452,1730329485.8123744
-22752.287715946164,-321.2169195672178,1730329485.81642
-22715.809668995105,-271.1713637317853,1730329485.8203733
-22675.53182548664,-254.94399725723235,1730329485.8244324
-22712.456907326807,-319.2946695440614,1730329485.829396
-22753.2711927022,-345.982652423698,1730329485.8334384
-22745.31397167611,-298.1722710337962,1730329485.8364763
-22691.37921230545,-261.47070663818204,1730329485.8404489
-22693.92731117336,-314.5784514639916,1730329485.844432
-22731.1653174359,-317.52888173209215,1730329485.848441
-22774.550053423653,-281.72138711469023,1730329485.8524823
-22748.35380892203,-267.0362910075535,1730329485.8564646
-22749.851375800536,-330.8058179385445,1730329485.8614483
-22741.31300941861,-341.66876574382377,1730329485.8644624
-22746.230393198777,-306.9565066047319,1730329485.868618
-22654.43177872083,-256.3298054134614,1730329485.8724573
-22636.59508664549,-266.4327939072602,1730329485.876542
-22722.7163580318,-342.339318077483,1730329485.8804777
-22772.94072782287,-313.39380900786034,1730329485.8846283
-22674.1013138415,-246.24916866411792,1730329485.8896377
-22623.116984738943,-289.2092215072181,1730329485.8929162
-22756.288678203666,-334.5385592625808,1730329485.897071
-22764.40236144094,-347.01083266864214,1730329485.901244
-22728.036073212155,-293.50075644263705,1730329485.9051995
-22716.50257307322,-271.10430849841936,1730329485.9087396
-22729.243067412743,-309.8175298950112,1730329485.9132776
-22775.377067968497,-319.27231779960607,1730329485.918067
-22728.103128445524,-282.6601603818131,1730329485.920894
-22697.59299726403,-308.565832205514,1730329485.924966
-22667.48519748273,-366.2333329002062,1730329485.9287827
-22717.57545680708,-325.3743440359049,1730329485.9327404
-22784.407172728443,-299.4910239566593,1730329485.937097
-22728.617218568,-299.5133757011146,1730329485.9422534
-22718.894209729937,-332.21397783922885,1730329485.945217
-22708.746517747222,-328.3471260484607,1730329485.947935
-22745.2692681872,-281.6990353702349,1730329485.9518263
-22747.48209088828,-290.8185471080002,1730329485.956638
-22750.81250081212,-340.0594401430416,1730329485.9607077
-22760.46845441681,-364.69106253279006,1730329485.964744
-22714.26739862769,-296.3841314773716,1730329485.9686286
-22658.857424122984,-238.22489240466268,1730329485.9726293
-22690.32868031605,-306.5541752045364,1730329485.975698
-22753.31589619111,-363.0370334430973,1730329485.979728
-22767.442198686866,-320.2110910667289,1730329485.9847004
-22727.67844530088,-307.7611694051229,1730329485.9887152
-22711.27226487068,-346.11676289042987,1730329485.9927144
-22705.751383990217,-335.5443877630696,1730329485.9967203
-22774.46064644583,-295.3783029768828,1730329485.9997292
-22693.748497217715,-238.9848517161431,1730329486.0037043
-22658.9468311008,-277.921590557288,1730329486.0077777
-22696.54246527463,-364.9369317217984,1730329486.0127687
-22721.19643940883,-342.853408199955,1730329486.0167065
-22706.04195666813,-274.27825621107297,1730329486.0207224
-22707.695985757822,-274.1217939998858,1730329486.0247462
-22737.4685093723,-322.4015620233491,1730329486.0287373
-22731.902925002923,-323.8767771573993,1730329486.0317566
-22698.956453675804,-269.78555557555626,1730329486.0357287
-22658.76801714516,-265.3822619178608,1730329486.04077
-22687.19943609232,-358.2314083852063,1730329486.044748
-22739.346055906542,-379.8455452734882,1730329486.0487552
-22731.031206969168,-296.2947244995504,1730329486.052746
-22723.67748304337,-284.2918377270505,1730329486.0567992
-22715.02735793917,-336.5725680080138,1730329486.059786
-22755.88634680347,-366.5239055781252,1730329486.0637867
-22759.39557068295,-326.693096958768,1730329486.0688157
-22681.11976160047,-268.8020788195228,1730329486.0728116
-22700.0069856652,-303.44728272524867,1730329486.076802
-22766.391666697466,-381.76779529664464,1730329486.079841
-22768.15745450944,-349.6706902588237,1730329486.0838344
-22731.433538369365,-290.8185471080002,1730329486.0878189
-22668.24515679421,-290.1032912854304,1730329486.0918648
-22705.2596456122,-342.7863529665891,1730329486.0958407
-22751.371294423498,-355.8397717284884,1730329486.1008515
-22718.670692285385,-309.7728264061006,1730329486.1048918
-22695.3578228185,-282.9954365486427,1730329486.1078875
-22757.272154959697,-347.6143297689354,1730329486.1118636
-22763.418884684907,-356.9126554623432,1730329486.115944
-22688.11585761498,-290.5503261745365,1730329486.1199503
-22611.829353789017,-271.9313230432657,1730329486.123968
-22668.513377727675,-348.5531030360584,1730329486.1289947
-22807.161248583943,-366.2333329002062,1730329486.1330085
-22829.13301338351,-348.53075129160305,1730329486.1360562
-22753.427654913387,-341.5123035326366,1730329486.1399672
-22659.304459012088,-305.213070537218,1730329486.1445923
-22686.372421547465,-316.38894276487144,1730329486.1479952
-22732.12644244748,-309.57166070600283,1730329486.1521776
-22698.3082530866,-297.1664425333074,1730329486.157107
-22668.669839938862,-309.59401245045814,1730329486.161236
-22783.580158183595,-347.2790536021058,1730329486.164025
-22804.948425882867,-339.6794604873014,1730329486.1681707
-22691.982709405747,-267.66213985230206,1730329486.172089
-22634.58342964452,-298.59695417844705,1730329486.1762128
-22642.47359543724,-354.3869083388935,1730329486.180298
-22789.637480930985,-343.9262919338097,1730329486.1851568
-22794.44310598888,-301.2344600241733,1730329486.1881073
-22732.998160481235,-306.9341548602766,1730329486.1911876
-22738.49668961724,-374.0564434595637,1730329486.1961403
-22706.77956423516,-337.3548790639495,1730329486.2003007
-22719.40829985241,-277.34044520145005,1730329486.2043197
-22723.27515164317,-302.06147456901965,1730329486.2082255
-22705.058479912102,-334.11387611793,1730329486.2131057
-22710.40054683692,-333.1303993618965,1730329486.2160747
-22696.49776178572,-278.8603638244109,1730329486.21918
-22705.55021829012,-258.2967589255284,1730329486.224147
-22735.88153551597,-319.7640561776228,1730329486.2281306
-22736.90971576092,-362.6794055318124,1730329486.2321265
-22740.530698362672,-319.4287800107932,1730329486.2360904
-22687.84763668152,-307.15767230482965,1730329486.241142
-22740.396587895943,-319.16055907732954,1730329486.2440972
-22759.909660805424,-345.06623090103045,1730329486.2471063
-22768.380971953982,-321.68630620077926,1730329486.2511396
-22742.58705885256,-303.00024783614253,1730329486.2561252
-22673.520168485666,-320.65812595583515,1730329486.2601457
-22701.839828710537,-336.661974985835,1730329486.264132
-22766.279907975186,-315.74074217566755,1730329486.268186
-22679.84571216652,-280.00030279163155,1730329486.272148
-22666.90405212689,-269.472631153182,1730329486.2751625
-22760.624916628,-322.62507946790214,1730329486.2791655
-22771.264346988723,-329.0623818710306,1730329486.2842357
-22753.785282824672,-281.0284830365757,1730329486.2881975
-22675.28595629764,-280.4920411696483,1730329486.2921767
-22650.386112974425,-315.5842799644804,1730329486.29619
-22752.26536420171,-347.6143297689354,1730329486.3001857
-22692.11681987248,-273.9653317886987,1730329486.303198
-22684.15959884639,-278.70390161322376,1730329486.3072343
-22761.295468961653,-345.8261902125109,1730329486.3122108
-22772.89602433396,-328.7047539597457,1730329486.3162296
-22744.71047457581,-263.0576804945088,1730329486.3202417
-22684.763095946684,-241.04121220603136,1730329486.3232405
-22683.57845349055,-304.07313156999726,1730329486.3272574
-22766.950460308846,-386.0593302320636,1730329486.3314145
-22742.944686763847,-332.99628889516464,1730329486.3353136
-22675.95650863129,-236.30264238150627,1730329486.3403327
-22739.904849517927,-271.2160672206959,1730329486.3442447
-22722.470488842784,-353.69400426077897,1730329486.3483036
-22748.085587988568,-322.4909690011703,1730329486.3512647
-22716.88255272896,-255.32397691297257,1730329486.3552842
-22677.498778998703,-275.5746573894808,1730329486.3592925
-22771.621974900005,-335.7008499742568,1730329486.3633003
-22766.65988763093,-345.5803210235025,1730329486.3683052
-22676.314136542576,-293.4113494648158,1730329486.3723154
-22700.0069856652,-318.1100270879301,1730329486.376346
-22681.11976160047,-324.0779428574971,1730329486.3793273
-22740.50834661822,-288.53866917355884,1730329486.3833609
-22751.79597756815,-260.35311941541664,1730329486.3873944
-22678.370497032465,-263.57177061698087,1730329486.391435
-22725.622084810984,-346.40733556834886,1730329486.3954513
-22755.618125870005,-345.9155971903321,1730329486.400478
-22735.97094249379,-280.179116747274,1730329486.404889
-22692.608558250497,-262.0965554829306,1730329486.4081843
-22682.416162778874,-312.857367140933,1730329486.4117513
-22746.297448432146,-332.4598470282373,1730329486.4155848
-22758.07681776009,-301.212108279718,1730329486.4198112
-22688.09350587052,-254.7204798126793,1730329486.4234667
-22710.646416025927,-318.9817451216871,1730329486.428613
-22713.999177694222,-349.6706902588237,1730329486.4314864
-22780.65207965995,-298.30638150052806,1730329486.4356985
-22719.5647620636,-212.78860721452324,1730329486.4395115
-22691.20039834981,-255.65925307980217,1730329486.4439003
-22736.552087849628,-317.7747509211005,1730329486.4475193
-22737.73673030576,-301.05564606853085,1730329486.451579
-22748.644381599952,-271.3278259429724,1730329486.4565248
-22708.165372391388,-299.58043093448055,1730329486.4597943
-22665.92057537086,-318.82528291049994,1730329486.4638598
-22770.660849888427,-290.39386396334936,1730329486.4677663
-22696.22954085225,-261.0907269824418,1730329486.4719224
-22664.646525936907,-276.6251893788802,1730329486.47608
-22719.855334741515,-318.7805794215893,1730329486.4798477
-22780.205044770843,-336.0361261410864,1730329486.4848416
-22783.1778267834,-311.3821520068827,1730329486.4878013
-22720.92821847537,-326.5142830031256,1730329486.4922006
-22657.985706089225,-281.2072969922182,1730329486.4961653
-22710.5123055592,-307.2247275381956,1730329486.4999576
-22729.19836392383,-260.1519537153189,1730329486.5040865
-22739.144890206444,-272.6689306102909,1730329486.5079167
-22739.860146029016,-323.4297422682932,1730329486.51301
-22744.621067598,-340.90880643234334,1730329486.5157304
-22766.16814925291,-299.6698379123018,1730329486.5187707
-22749.873727545,-280.04500628054217,1730329486.5236042
-22717.9107329739,-295.80298612153365,1730329486.5281706
-22736.17210819389,-311.2256897956956,1730329486.5316737
-22768.44802718735,-295.82533786598896,1730329486.5363145
-22742.944686763847,-303.33552400297214,1730329486.540712
-22673.38605801893,-295.6465239103465,1730329486.544147
-22685.88068316945,-314.06436134151954,1730329486.5469725
-22738.943724506345,-339.47829478720365,1730329486.55214
-22751.97479152379,-248.0820117094531,1730329486.555828
-22718.760099263203,-217.4824735501377,1730329486.5599446
-22738.92137276189,-302.73202690267885,1730329486.563692
-22800.880408392004,-330.89522491636575,1730329486.5681105
-22694.68727048484,-263.77293631707863,1730329486.5708733
-22600.653481561363,-208.5641275124702,1730329486.57522
-22708.14302064693,-294.0371983095644,1730329486.5798297
-22770.99612605525,-321.7757131786005,1730329486.5839205
-22758.121521249,-278.4803841686707,1730329486.5878427
-22714.42386083888,-265.4493171512267,1730329486.5919275
-22726.650265055927,-334.67266972931264,1730329486.5949533
-22774.34888772356,-353.8057629830555,1730329486.598801
-22786.9776233408,-308.90110837234363,1730329486.6029963
-22682.483218012243,-262.2753694385731,1730329486.6069386
-22680.225691822256,-266.34338692943896,1730329486.612038
-22703.203285122312,-318.1100270879301,1730329486.6159592
-22708.32183460257,-298.55225068953644,1730329486.620412
-22755.10403574753,-254.9663490016877,1730329486.6228302
-22733.31108490361,-269.2491137086289,1730329486.6269908
-22744.03992224216,-330.96228014973167,1730329486.630782
-22775.01944005721,-330.58230049399145,1730329486.635022
-22748.30910543312,-281.2967039700394,1730329486.6398234
-22724.146869676933,-288.8515935959332,1730329486.644298
-22719.318892874588,-316.4783497426927,1730329486.6477966
-22713.73095676076,-299.3792652343828,1730329486.6513653
-22691.58037800555,-273.60770387741377,1730329486.6551025
-22712.702776515816,-303.44728272524867,1730329486.658926
-22721.19643940883,-335.4773325297037,1730329486.6633043
-22791.96206235433,-310.26456478411734,1730329486.6683388
-22778.685126147884,-273.3394829439501,1730329486.6719997
-22717.195477151334,-248.7525640431123,1730329486.67617
-22735.52390760469,-312.6562014408352,1730329486.6790292
-22781.76966688272,-323.563852735025,1730329486.6831858
-22754.1205589915,-268.24328520814004,1730329486.6870158
-22672.91667138537,-236.6826220372465,1730329486.691101
-22690.73101171625,-317.9982683656536,1730329486.6962917
-22736.105052960524,-343.6804227448014,1730329486.7004223
-22756.10986424802,-294.0148465651091,1730329486.7034135
-22715.563799806096,-267.1704014742853,1730329486.7068572
-22687.17708434785,-281.81079409251146,1730329486.711331
-22729.51128834621,-320.9263468892988,1730329486.7148724
-22748.97965776678,-310.4433787397598,1730329486.719049
-22693.39086930643,-282.77191910408965,1730329486.7239628
-22698.04003215313,-308.3870182498715,1730329486.727966
-22745.939820520856,-361.53946656459175,1730329486.7309232
-22807.630635217505,-299.6251344233912,1730329486.735288
-22708.97003519178,-218.13067413934164,1730329486.7388663
-22685.612462235986,-289.34333197394994,1730329486.743484
-22711.87576197097,-317.59593696545807,1730329486.7471209
-22812.302149808664,-302.39675073584925,1730329486.7513905
-22769.00682079873,-286.86228833941084,1730329486.7558808
-22642.47359543724,-270.76903233158976,1730329486.7591546
-22697.97297691977,-350.6765187593125,1730329486.7631447
-22781.2779285047,-358.09729791847445,1730329486.7670412
-22704.99142467873,-274.6135323779026,1730329486.7712722
-22694.3072908291,-275.7534713451232,1730329486.7751937
-22724.280980143667,-357.38204209590464,1730329486.7790213
-22726.9631894783,-354.58807403899124,1730329486.7839954
-22724.63860805495,-273.7194625996903,1730329486.7869458
-22694.150828617912,-253.4911338676374,1730329486.791068
-22739.54722160664,-332.8845301728881,1730329486.7950325
-22782.08259130509,-341.24408259917294,1730329486.79907
-22768.582137654084,-293.16548027580745,1730329486.8030443
-22700.25285485421,-278.1898114907517,1730329486.8071852
-22740.93302976287,-310.1528060618408,1730329486.8113904
-22809.150553840467,-344.0827541449969,1730329486.81414
-22771.487864433275,-304.7883873925672,1730329486.81899
-22674.68245919733,-252.15002920031893,1730329486.8230147
-22684.494875013217,-285.0965005274416,1730329486.8273664
-22759.26146021622,-356.0409374285862,1730329486.8310373
-22768.47037893181,-336.952547663754,1730329486.8351364
-22705.81843922358,-297.25584951112864,1730329486.8390968
-22703.44915431132,-331.5657772500249,1730329486.8422508
-22686.774752947666,-333.1080476174412,1730329486.847136
-22755.68518110337,-293.47840469818175,1730329486.85107
-22778.483960447786,-272.2889509545506,1730329486.8554409
-22723.67748304337,-282.43664293726005,1730329486.8597248
-22749.02436125569,-345.2450448566729,1730329486.863515
-22741.76004430772,-322.4462655122597,1730329486.8673468
-22751.59481186805,-281.43081443677124,1730329486.8703325
-22707.047785168623,-290.1032912854304,1730329486.8744426
-22749.4713961448,-347.8825507023991,1730329486.8796632
-22785.86003611804,-375.3751963824268,1730329486.883459
-22729.801861024127,-287.4657854397041,1730329486.8873396
-22698.285901342144,-269.36087243090543,1730329486.8919098
-22706.667805512883,-302.1285298023856,1730329486.8958118
-22775.55588192414,-342.3840215663936,1730329486.8981397
-22806.870675906022,-309.8175298950112,1730329486.9027069
-22721.889343486942,-275.4405469227489,1730329486.907241
-22669.787427161627,-302.8437856249554,1730329486.911441
-22718.15660216291,-354.92335020582084,1730329486.915203
-22780.36150698203,-343.0769256445081,1730329486.9183536
-22717.48604982925,-266.5222008850814,1730329486.9222198
-22709.28295961416,-292.7184453867013,1730329486.926864
-22771.443160944364,-337.3101755750389,1730329486.930335
-22793.01259434373,-329.2635475711284,1730329486.9357336
-22744.41990189789,-275.19467773374055,1730329486.939212
-22710.71347125929,-304.58722169246937,1730329486.943708
-22705.706680501306,-343.56866402252484,1730329486.9468317
-22768.760951609725,-324.144998090863,1730329486.9506445
-22770.79496035516,-271.2831224540618,1730329486.9546988
-22715.83202073956,-267.66213985230206,1730329486.958455
-22720.101203930524,-337.08665813048583,1730329486.9627044
-22723.87864874347,-348.2178268692287,1730329486.9676783
-22734.49572735974,-274.52412540008135,1730329486.9717574
-22683.53375000164,-229.95474695619907,1730329486.9745712
-22681.499741256208,-307.8505763829441,1730329486.9784436
-22816.504277766264,-342.6969459887679,1730329486.9825168
-22755.1710909809,-282.213125492707,1730329486.9865627
-22706.48899155724,-281.4531661812265,1730329486.9903514
-22703.44915431132,-312.25387004063964,1730329486.9958785
-22749.69491358935,-339.9029779318545,1730329486.999575
-22736.26151517171,-309.32579151699446,1730329487.002944
-22695.022546651668,-270.9254945427769,1730329487.0065024
-22696.743630974728,-293.16548027580745,1730329487.0108562
-22782.931957594392,-381.9689609967424,1730329487.014341
-22799.807524658147,-364.2440276436839,1730329487.0185509
-22688.182912848344,-269.8302590644669,1730329487.0233824
-22691.736840216738,-266.5222008850814,1730329487.0274572
-22770.83966384407,-344.0380506560863,1730329487.0303855
-22798.71228917984,-349.20130362526226,1730329487.034921
-22736.77560529418,-282.9954365486427,1730329487.0386312
-22692.92148267287,-293.6795703982795,1730329487.0425997
-22717.754270762714,-366.3450916224828,1730329487.0467176
-22763.35182945154,-370.8601440024548,1730329487.0519297
-22697.28007284165,-264.6670060952909,1730329487.054354
-22723.856296999016,-268.24328520814004,1730329487.0585735
-22757.83094857108,-316.2771840425949,1730329487.0628843
-22768.26921323171,-349.9389111922874,1730329487.0670173
-22761.139006750465,-290.147994774341,1730329487.0704105
-22720.25766614171,-288.404558706827,1730329487.0751808
-22684.092543613024,-330.91757666082106,1730329487.0802193
-22727.611390067505,-347.8378472134885,1730329487.0827656
-22767.732771364783,-265.1587444733077,1730329487.0864627
-22719.76592776369,-258.69909032572394,1730329487.0905356
-22664.646525936907,-300.72036990170125,1730329487.09611
-22722.246971398232,-354.8786467169102,1730329487.0984497
-22794.21958854432,-313.2373467966732,1730329487.10245
-22694.35199431801,-232.70401152420183,1730329487.106444
-22666.166444559865,-276.9157620567992,1730329487.1106632
-22739.234297184263,-340.2382540986841,1730329487.1145425
-22746.45391064333,-297.99345707815377,1730329487.1184373
-22725.4656225998,-255.8604187799,1730329487.122583
-22702.599788022017,-288.73983487365666,1730329487.1258197
-22740.910678018416,-350.9223879483209,1730329487.1302211
-22753.09237874656,-323.7650184351228,1730329487.1347313
-22741.4694716298,-291.5561546750253,1730329487.138525
-22699.96228217629,-285.63294239436897,1730329487.142795
-22710.758174748204,-335.9020156743545,1730329487.1466851
-22730.7182825468,-339.0536116425528,1730329487.1507251
-22676.560005731582,-285.1412040163522,1730329487.1537745
-22646.362798972463,-273.94298004424337,1730329487.1587162
-22776.0252685577,-324.6590882133351,1730329487.1627653
-22740.843622785047,-328.2800708150948,1730329487.1666763
-22714.13328816096,-287.21991625069575,1730329487.1706638
-22741.69298907435,-280.827317336478,1730329487.1747413
-22718.111898674,-331.7669429501227,1730329487.1787255
-22748.532622877672,-338.42776279780423,1730329487.1817565
-22727.186706922854,-260.86720953788875,1730329487.1857653
-22729.757157535216,-258.1402967143413,1730329487.1907575
-22751.21483221231,-330.3140795605278,1730329487.1951387
-22734.78630003766,-367.5073823341587,1730329487.1986434
-22743.101148975034,-306.24125078216207,1730329487.2031915
-22721.911695231403,-261.7165758271904,1730329487.206781
-22707.38306133545,-307.20237579374026,1730329487.2098663
-22747.795015310647,-321.32867828949435,1730329487.2136817
-22728.281942401165,-302.9331926027766,1730329487.21882
-22666.926403871348,-254.0275757345648,1730329487.2226267
-22687.17708434785,-296.8311663664778,1730329487.227256
-22769.20798649884,-356.37621359541583,1730329487.2301776
-22795.80656240065,-332.97393715070933,1730329487.2338629
-22757.11569274851,-269.6290933643691,1730329487.2383597
-22709.752346247715,-290.8185471080002,1730329487.2422576
-22714.37915734997,-312.6114979519246,1730329487.2459474
-22706.98072993525,-312.27622178509495,1730329487.2511065
-22753.472358402298,-300.51920420160343,1730329487.2550886
-22705.125535145467,-277.96629404619864,1730329487.258012
-22690.01575589368,-338.80774245354445,1730329487.2620404
-22743.101148975034,-305.4142362373157,1730329487.2661068
-22752.667695601904,-236.88378773734425,1730329487.2703557
-22687.28884307013,-245.019822719076,1730329487.2739885
-22719.29654113013,-320.4793120001927,1730329487.278752
-22803.40615551545,-358.49962931867,1730329487.2833972
-22798.108792079543,-317.59593696545807,1730329487.2863345
-22741.916506518904,-274.7252911001791,1730329487.289804
-22720.011796952705,-324.25675681313953,1730329487.2942448
-22789.2798530197,-381.9689609967424,1730329487.2978473
-22790.397440242465,-273.60770387741377,1730329487.3022497
-22741.53652686316,-248.3949361318274,1730329487.3067667
-22691.96035766129,-304.7436839036565,1730329487.31083
-22740.26247742921,-344.0827541449969,1730329487.3138137
-22782.70844014984,-325.597861480458,1730329487.3180478
-22738.183765194863,-286.9740470616874,1730329487.321967
-22716.390814350943,-311.33744851797206,1730329487.3261015
-22717.4636980848,-340.55117852105843,1730329487.3302596
-22740.64245708495,-290.63973315235773,1730329487.335282
-22742.31883791909,-274.4123666778048,1730329487.3388271
-22702.13040138845,-274.0100352776093,1730329487.3422418
-22731.21002092481,-331.16344584982943,1730329487.3462844
-22774.05831504564,-357.6055595404577,1730329487.3504164
-22724.72801503277,-298.32873324498337,1730329487.3541076
-22714.289750372143,-273.4288899217713,1730329487.358056
-22767.01751554221,-330.0905621159747,1730329487.3633544
-22808.36824278453,-330.0682103715194,1730329487.3662047
-22749.35963742252,-293.1878320202628,1730329487.369044
-22711.652244526416,-280.00030279163155,1730329487.3740125
-22726.337340633552,-303.8272623809889,1730329487.3780117
-22734.58513433756,-327.855387670444,1730329487.384323
-22763.84356782956,-288.3598552179164,1730329487.3872871
-22763.88827131847,-297.3899599778605,1730329487.3900657
-22714.3121021166,-329.62117548241326,1730329487.3943417
-22767.95628880933,-341.8475796994662,1730329487.3969147
-22767.531605664684,-305.3918844928604,1730329487.4023082
-22706.511343301696,-260.71074732670155,1730329487.4059644
-22694.575511762563,-285.52118367209243,1730329487.4102445
-22733.869878515,-326.6036899809468,1730329487.4139671
-22800.925111880915,-326.9613178922317,1730329487.418111
-22766.03403878618,-307.78352114957823,1730329487.4219544
-22727.96901797879,-342.853408199955,1730329487.4255898
-22710.5123055592,-345.2226931122176,1730329487.4303997
-22776.06997204661,-334.65031798485734,1730329487.4341743
-22691.848598939014,-265.67283459577976,1730329487.4380977
-22672.89431964092,-274.21120097770705,1730329487.4421515
-22731.7688145362,-341.8028762105556,1730329487.4462185
-22807.5859317286,-367.37327186742687,1730329487.450199
-22798.28760603519,-305.6154019374135,1730329487.453272
-22709.0594421696,-256.0168809910871,1730329487.457209
-22723.1633929209,-316.43364625378206,1730329487.4622543
-22760.06612301661,-356.9350072067985,1730329487.4661574
-22784.34011749508,-332.41514353932666,1730329487.47017
-22713.999177694222,-288.0245790510868,1730329487.474276
-22735.322741904587,-331.7445912056674,1730329487.4782107
-22806.490696250286,-379.465565617748,1730329487.4810476
-22794.688975177884,-328.2353673261842,1730329487.4863596
-22720.34707311953,-280.4249859362824,1730329487.4901505
-22704.38792757844,-316.8136259095224,1730329487.4945304
-22695.469581540776,-329.1741405933072,1730329487.498156
-22756.0204572702,-327.16248359232947,1730329487.501505
-22730.91944824689,-299.2898582565616,1730329487.5050638
-22722.87282024298,-304.1401868033632,1730329487.50932
-22697.10125888601,-350.3635943369382,1730329487.5132408
-22753.047675257647,-354.1857426387957,1730329487.5182376
-22783.08841980558,-284.5377069160589,1730329487.522142
-22723.58807606556,-299.0663408120085,1730329487.526286
-22712.30044511562,-357.8961322183767,1730329487.5292532
-22760.110826505523,-348.7766204806114,1730329487.5333138
-22788.40813498594,-307.3811897493827,1730329487.5373158
-22743.68229433088,-296.89822159984374,1730329487.541329
-22754.25466945823,-349.2683588586282,1730329487.5463731
-22769.11857952101,-390.5743826120356,1730329487.5502777
-22756.31102994812,-319.18291082178484,1730329487.5542903
-22721.934046975857,-269.8749625533775,1730329487.5571475
-22741.089491974057,-320.2110910667289,1730329487.561692
-22795.068954833623,-355.079812417008,1730329487.5652778
-22755.84164331456,-296.18296577727386,1730329487.5694623
-22666.34525851551,-289.2092215072181,1730329487.574677
-22774.50534993474,-368.0214724566308,1730329487.5781949
-22818.53828651169,-358.76785025213366,1730329487.5821674
-22752.98062002428,-334.62796624040203,1730329487.585471
-22696.810686208093,-281.6766836257796,1730329487.5892174
-22697.10125888601,-293.54545993154767,1730329487.5936463
-22734.42867212637,-373.4082428703598,1730329487.5972004
-22754.344076436053,-343.8368849559885,1730329487.602453
-22777.835759858583,-314.8690241419106,1730329487.6062372
-22768.336268465075,-349.5589315365472,1730329487.6094303
-22735.948590749336,-355.25862637265044,1730329487.6133618
-22733.802823281625,-352.57641703801363,1730329487.6173952
-22703.516209544687,-291.53380293057,1730329487.621522
-22631.85651682097,-270.07612825347525,1730329487.6258872
-22691.222750094268,-359.2819403746057,1730329487.6302152
-22769.94559406586,-355.5044955616588,1730329487.6345773
-22774.21477725682,-292.07024479749737,1730329487.6375952
-22734.473375615285,-270.12083174238586,1730329487.6417148
-22703.940892689337,-338.78539070908914,1730329487.6457844
-22752.46652990181,-377.5433155945916,1730329487.6500466
-22828.08248139411,-342.1828558662958,1730329487.653472
-22723.56572432109,-303.8272623809889,1730329487.6574457
-22718.49187832974,-323.29563180156134,1730329487.6623352
-22755.394608425453,-355.7503647506672,1730329487.6654246
-22790.26332977573,-305.5930501929582,1730329487.6696124
-22760.71432360581,-292.4949279421482,1730329487.6734407
-22754.63464911397,-350.8553327149549,1730329487.6775792
-22784.11660005052,-388.562725611058,1730329487.6813705
-22739.45781462882,-328.7718091931116,1730329487.6859012
-22671.03912485112,-265.24815145112893,1730329487.6905048
-22659.90795611238,-304.02842808108664,1730329487.6936667
-22734.763948293203,-360.7795072531113,1730329487.697382
-22794.085478077588,-362.21001889825095,1730329487.7018185
-22762.681277117885,-292.78550062006724,1730329487.705361
-22723.47631734328,-290.8185471080002,1730329487.7096484
-22723.431613854365,-360.9136177198432,1730329487.713457
-22831.256429106765,-375.91163824935416,1730329487.717651
-22847.88612698152,-341.1099721324411,1730329487.7208867
-22716.54727656213,-327.2295388256954,1730329487.725408
-22702.53273278865,-369.563742824047,1730329487.7300084
-22750.119596734,-338.047783142064,1730329487.7339888
-22728.617218568,-252.6194158338804,1730329487.7380784
-22759.909660805424,-259.01201474809824,1730329487.7419178
-22722.3140266316,-334.96324240723163,1730329487.745934
-22735.68036981588,-351.078850159508,1730329487.7485447
-22732.17114593639,-310.8457101399553,1730329487.752986
-22699.135267631445,-287.19756450624044,1730329487.7576463
-22716.23435213976,-334.38209705139366,1730329487.7620463
-22770.102056277046,-386.9534000102759,1730329487.7657516
-22786.642347173973,-345.177989623307,1730329487.7698386
-22748.30910543312,-297.0770355554862,1730329487.7725327
-22761.608393384027,-324.9273091467988,1730329487.7766893
-22725.48797434425,-357.02441418461973,1730329487.780496
-22738.83196578407,-323.6756114573016,1730329487.78573
-22773.29835573416,-309.70577117273467,1730329487.789545
-22739.815442540104,-332.63866098387973,1730329487.7941115
-22757.00393402624,-384.6958738202899,1730329487.79749
-22800.94746362537,-375.1516789378737,1730329487.8011613
-22763.01655328472,-322.4015620233491,1730329487.8048887
-22764.2235474853,-349.6483385143684,1730329487.8085933
-22791.447972231865,-412.2108712447729,1730329487.8129952
-22716.100241673023,-334.65031798485734,1730329487.8178964
-22724.05746269911,-286.23643949466225,1730329487.8218105
-22733.422843625885,-371.79891726957766,1730329487.8258317
-22695.201360607312,-381.09724296298543,1730329487.8287003
-22751.147776978945,-299.98276233467607,1730329487.8329246
-22765.60935564153,-300.0051140791314,1730329487.836864
-22749.11376823351,-282.0343115370645,1730329487.840754
-22759.97671603879,-347.43551581329297,1730329487.845678
-22799.27108279122,-388.9427052667982,1730329487.8501372
-22794.80073390016,-363.4170130988375,1730329487.8527606
-22725.64443655544,-307.984686849676,1730329487.8567605
-22750.097244989545,-329.0847336154859,1730329487.8606071
-22815.431394032406,-432.9979935882084,1730329487.8647149
-22767.08457077558,-348.10606814695217,1730329487.8687909
-22731.612352325006,-222.53396779703712,1730329487.8736644
-22706.846619468524,-288.71748312920136,1730329487.8777492
-22743.83875654206,-351.0341466705974,1730329487.880616
-22774.23712900128,-331.85634992794394,1730329487.8848116
-22746.342151921053,-307.3811897493827,1730329487.8885903
-22709.17120089188,-296.42883496628224,1730329487.8926623
-22722.51519233169,-349.49187630318124,1730329487.8966663
-22760.2225852278,-337.6007482529579,1730329487.9016707
-22725.77854702217,-283.39776794883824,1730329487.9059148
-22711.853410226515,-306.12949205988554,1730329487.9087725
-22765.296431219154,-399.1798042273288,1730329487.9128776
-22792.56555945463,-372.2012486697733,1730329487.9168825
-22780.18269302639,-278.05570102401987,1730329487.920872
-22723.431613854365,-288.6280761513801,1730329487.9249904
-22753.36059968002,-362.9476264652761,1730329487.928865
-22817.19718184437,-391.0661209900524,1730329487.9339304
-22784.74244889527,-360.6230450419242,1730329487.936954
-22687.86998842597,-265.91870378478814,1730329487.9409328
-22728.080776701063,-309.61636419491344,1730329487.944934
-22720.03414869716,-359.6619200303459,1730329487.948956
-22726.896134244937,-311.0468758400531,1730329487.9529176
-22720.63764579745,-295.0206750655979,1730329487.9579186
-22739.61427684001,-313.08088458548605,1730329487.961894
-22793.146704810468,-385.0982052204854,1730329487.9648664
-22793.57138795512,-370.8601440024548,1730329487.96899
-22773.00778305624,-316.4783497426927,1730329487.9728088
-22726.5161545892,-313.5949747079581,1730329487.9769
-22761.45193117284,-369.5190393351364,1730329487.9807472
-22801.84153340358,-339.6347569983908,1730329487.985926
-22736.26151517171,-296.7417593886566,1730329487.9887493
-22743.101148975034,-309.37049500590507,1730329487.9919367
-22753.785282824672,-373.29648414808327,1730329487.9967136
-22796.812390901137,-381.7007400632787,1730329488.0009265
-22751.59481186805,-310.26456478411734,1730329488.004855
-22740.73186406277,-345.4909140456813,1730329488.0090497
-22755.416960169907,-377.9679987392424,1730329488.0138304
-22773.633631900982,-345.9155971903321,1730329488.0170653
-22774.438294701373,-316.8136259095224,1730329488.0197804
-22745.69395133185,-324.03323936858646,1730329488.0251043
-22790.017460586725,-403.3595804404712,1730329488.0288332
-22816.504277766264,-414.4236939458482,1730329488.0328095
-22729.55599183512,-307.2470792826509,1730329488.0368347
-22666.00998234868,-291.6008581639359,1730329488.0411987
-22691.13334311645,-349.87185595892146,1730329488.0448327
-22814.09028936509,-396.1176152369518,1730329488.0478575
-22782.753143638747,-332.7727714506116,1730329488.051865
-22752.91356479092,-313.6173264524134,1730329488.056862
-22704.54438978963,-334.8291319404998,1730329488.060877
-22759.529681149685,-410.7356561107226,1730329488.0652254
-22791.157399553944,-352.68817576029016,1730329488.0688877
-22780.98735582678,-258.8108490480005,1730329488.072882
-22736.865012272003,-311.5386142180698,1730329488.075911
-22805.79779217217,-393.368350668949,1730329488.080891
-22835.90559195347,-366.72507127822297,1730329488.0849116
-22735.702721560327,-300.0051140791314,1730329488.088952
-22700.655186254407,-307.87292812739946,1730329488.0930362
-22741.11184371851,-372.29065564759446,1730329488.096109
-22812.27979806421,-386.32755116552727,1730329488.0999656
-22794.9795478558,-332.66101272833504,1730329488.1039352
-22727.96901797879,-314.533747975081,1730329488.1079552
-22776.919338335912,-389.6132576004574,1730329488.113228
-22806.71421369484,-393.12248147994063,1730329488.117051
-22745.157509464923,-328.9953266376647,1730329488.1211624
-22740.64245708495,-292.38316921987166,1730329488.124185
-22776.204082513344,-354.4092600833488,1730329488.1281977
-22804.50139099376,-382.5724580970357,1730329488.1321893
-22785.971794840312,-353.4257833273153,1730329488.1361997
-22763.038905029167,-340.7970477100668,1730329488.1411953
-22754.209965969323,-403.73956009621145,1730329488.1452067
-22790.35273675356,-427.6112231744794,1730329488.1492925
-22849.160176415466,-394.19536521379536,1730329488.152238
-22753.56176538012,-347.6366815133907,1730329488.1561515
-22659.93030785684,-298.4851954561705,1730329488.1602564
-22741.201250696333,-331.20814933874004,1730329488.1640596
-22803.786135171194,-329.01767838212,1730329488.168254
-22749.69491358935,-294.10425354293034,1730329488.1732557
-22723.20809640981,-310.5104339731257,1730329488.1770363
-22748.73378857777,-378.68325456181225,1730329488.1800802
-22771.08553303308,-380.6949115627899,1730329488.1842933
-22767.88923357597,-327.6318702258909,1730329488.1881711
-22756.35573343703,-318.3782480213938,1730329488.192289
-22773.85714934554,-380.7396150517005,1730329488.1961732
-22783.826027372605,-377.9456469947871,1730329488.2012813
-22766.346963208554,-328.07890511499704,1730329488.2051792
-22736.84266052755,-328.7047539597457,1730329488.2080772
-22748.756140322228,-379.2196964287396,1730329488.2122695
-22772.337230722576,-395.2906006921054,1730329488.216369
-22805.46251600534,-362.9252747208208,1730329488.220307
-22761.720152106303,-342.6745942443126,1730329488.2242522
-22726.71732028929,-378.39268188389326,1730329488.229281
-22750.74544557875,-403.78426358512206,1730329488.2333372
-22801.30509153665,-350.8553327149549,1730329488.2363262
-22763.485939918275,-314.2878787860726,1730329488.2404475
-22740.93302976287,-358.72314676322304,1730329488.2443962
-22787.93874835238,-401.9961240286975,1730329488.2483735
-22797.14766706797,-371.79891726957766,1730329488.2523344
-22753.40530316893,-328.63769872637977,1730329488.2573912
-22738.63080008397,-361.3830043534046,1730329488.2603977
-22779.534492437186,-411.65207763339015,1730329488.2632544
-22805.95425438336,-391.915487279354,1730329488.2682571
-22765.22937598579,-337.75721046414503,1730329488.2722943
-22739.83779428456,-354.789239739089,1730329488.2764037
-22777.634594158484,-411.4285601888371,1730329488.28024
-22807.809449173143,-396.8999262928875,1730329488.2844474
-22776.98639356928,-344.1498093783628,1730329488.2882557
-22730.20419242432,-336.75138196365623,1730329488.2915137
-22753.82998631358,-392.3848739129155,1730329488.2964687
-22791.93971060988,-400.6997228502897,1730329488.3005056
-22771.152588266443,-345.35680357894944,1730329488.304482
-22726.82907901157,-326.9389661477764,1730329488.3084457
-22741.40241639643,-379.95730399576473,1730329488.31331
-22792.096172821068,-404.7677403411556,1730329488.316312
-22788.98928034178,-361.53946656459175,1730329488.319502
-22744.2187361978,-333.1974545952624,1730329488.323331
-22736.97677099428,-370.9048474913654,1730329488.328329
-22784.675393661902,-407.5170049091584,1730329488.3324058
-22797.95232986836,-367.1497544228738,1730329488.3363883
-22752.555936879628,-329.21884408221774,1730329488.3415215
-22736.39562563844,-365.7639462666448,1730329488.344454
-22783.490751205773,-412.47909217823656,1730329488.3473983
-22800.388670013985,-384.4723563757368,1730329488.3524415
-22755.7745880812,-332.41514353932666,1730329488.356383
-22743.77170130869,-363.1040886764632,1730329488.3605952
-22780.2273965153,-409.6851241213232,1730329488.3644147
-22782.14964653845,-390.3955686563932,1730329488.367606
-22744.82223329809,-333.75624820664507,1730329488.37164
-22760.110826505523,-351.078850159508,1730329488.3754883
-22792.722021665817,-406.6452868754014,1730329488.379472
-22810.871638163524,-394.4188826583484,1730329488.38441
-22780.495617448763,-335.7679052076227,1730329488.3884351
-22746.27509668769,-332.97393715070933,1730329488.3924973
-22767.241032986767,-391.98254251271993,1730329488.3963828
-22802.869713648524,-411.0932840220075,1730329488.3996203
-22781.434390715887,-354.3198531055276,1730329488.403473
-22748.51027113322,-332.8174749395222,1730329488.407545
-22767.84453008706,-385.2546674316725,1730329488.412496
-22812.54801899768,-415.3624672129711,1730329488.4165964
-22793.258463532744,-354.4092600833488,1730329488.4206462
-22744.44225364235,-318.4453032547597,1730329488.423783
-22746.968000765803,-363.4617165877481,1730329488.4276695
-22794.308995522144,-401.2585164616724,1730329488.4316845
-22795.136010066988,-365.04869044407496,1730329488.435501
-22726.42674761137,-326.71544870322333,1730329488.4405792
-22688.04880238161,-344.41803031182656,1730329488.4445698
-22785.16713203992,-386.4840133767144,1730329488.4485474
-22827.389577316,-367.64149280089055,1730329488.4515145
-22778.685126147884,-320.3899050223714,1730329488.4555233
-22751.79597756815,-325.307288802539,1730329488.4595368
-22785.0777250621,-382.6842168193122,1730329488.463488
-22819.27589407872,-381.5442778520916,1730329488.468616
-22782.574329683102,-335.74555346316737,1730329488.4726584
-22727.901962745425,-343.6804227448014,1730329488.4756992
-22754.67935260288,-389.9708855117423,1730329488.4797044
-22806.624806717016,-386.7522343101781,1730329488.483709
-22784.630690172995,-336.8631406859328,1730329488.4877496
-22743.36936990849,-330.22467258270655,1730329488.4917593
-22757.56272763761,-382.6171615859463,1730329488.4957528
-22796.4324112454,-396.9669815262535,1730329488.5007904
-22782.931957594392,-343.27809134460585,1730329488.5036397
-22740.30718091812,-321.68630620077926,1730329488.5076177
-22745.31397167611,-368.73672827920063,1730329488.5117064
-22791.827951887604,-391.915487279354,1730329488.515658
-22786.731754151795,-341.66876574382377,1730329488.5196784
-22742.564707108108,-312.27622178509495,1730329488.5237975
-22736.97677099428,-349.6036350254578,1730329488.5287771
-22775.779399368694,-381.1419464518961,1730329488.5318043
-22789.97275709781,-345.982652423698,1730329488.535841
-22743.21290769731,-293.83603260946666,1730329488.539839
-22724.50449758822,-324.05559111304177,1730329488.543722
-22760.80373058364,-368.40145211237103,1730329488.5477498
-22784.07189656161,-344.4627338007372,1730329488.5518773
-22752.198308968345,-303.69315191425704,1730329488.5567496
-22723.141041176445,-320.4569602557374,1730329488.5598035
-22740.70951231832,-342.8310564554997,1730329488.5630045
-22777.32166973611,-339.2324255981953,1730329488.567892
-22751.75127407924,-291.1985267637404,1730329488.571725
-22718.380119607464,-293.0090180646203,1730329488.5759108
-22746.54331762115,-348.84367571397735,1730329488.5797527
-22785.457704717843,-354.96805369473145,1730329488.584833
-22764.98350679678,-300.4968524571481,1730329488.5880642
-22724.2139249103,-288.3151517290058,1730329488.5912237
-22745.49278563175,-346.36263207943824,1730329488.5960455
-22789.995108842268,-367.4403271007928,1730329488.600033
-22771.42080919991,-308.8787566278883,1730329488.604029
-22732.88640175896,-284.40359644932704,1730329488.6080503
-22736.57443959409,-328.59299523746915,1730329488.6120365
-22785.9270913514,-365.272207888628,1730329488.6149015
-22785.725925651303,-323.5191492461144,1730329488.6192217
-22742.83292804157,-288.8068901070226,1730329488.6242125
-22731.813518025105,-324.7037917022457,1730329488.6281335
-22775.39941971296,-366.59096081149113,1730329488.6318564
-22793.61609144403,-337.0643063860305,1730329488.6360035
-22742.184727452368,-279.4415091802489,1730329488.6398432
-22722.02345395368,-304.1178350589079,1730329488.6429875
-22760.71432360581,-353.5598937940471,1730329488.6468277
-22785.86003611804,-333.08569587298587,1730329488.651964
-22753.785282824672,-283.889506326855,1730329488.6559012
-22722.7163580318,-297.8146431225113,1730329488.6601024
-22758.389742182462,-357.337338606994,1730329488.664002
-22794.06312633313,-352.3976030823712,1730329488.6670735
-22756.17691948139,-284.2694859825952,1730329488.6709485
-22714.245046883232,-282.2801807260729,1730329488.6749964
-22742.944686763847,-344.2615681006393,1730329488.679828
-22784.94361459537,-355.68330951730127,1730329488.684328
-22764.111788763024,-298.99928557864257,1730329488.6881392
-22715.11676491699,-277.0945760124417,1730329488.6920753
-22730.69593080234,-335.2538150851506,1730329488.696035
-22771.331402222087,-353.1575623938516,1730329488.6990955
-22754.45583515833,-292.1596517753186,1730329488.7031293
-22705.885494456947,-261.9400932717435,1730329488.707131
-22715.899075972924,-314.8690241419106,1730329488.7121336
-22763.95532655184,-353.02345192711977,1730329488.7161562
-22773.097190034056,-317.48417824318153,1730329488.719138
-22733.31108490361,-283.8448028379444,1730329488.7231548
-22719.430651596864,-315.11489333091896,1730329488.7271707
-22753.986448524767,-352.12938214890744,1730329488.730993
-22775.68999239087,-330.3140795605278,1730329488.735181
-22738.7202070618,-288.15868951781863,1730329488.740214
-22715.54144806164,-308.3870182498715,1730329488.7442343
-22751.058370001123,-356.1973996397733,1730329488.746971
-22780.115637793024,-344.0380506560863,1730329488.7511897
-22752.51123339072,-295.9370965882655,1730329488.7550895
-22716.0108346952,-295.80298612153365,1730329488.7592268
-22743.41407339741,-346.6308530129019,1730329488.763013
-22780.875597104503,-350.9447396927762,1730329488.7682438
-22754.768759580704,-296.92057334429904,1730329488.7721672
-22715.899075972924,-290.1032912854304,1730329488.7752376
-22739.83779428456,-349.6036350254578,1730329488.7792382
-22775.667640646418,-357.38204209590464,1730329488.7831855
-22760.46845441681,-301.8156053800113,1730329488.7872732
-22717.68721552935,-281.050834781031,1730329488.7910824
-22722.42578535388,-330.6717074718127,1730329488.7960606
-22769.252689987745,-362.2994258760722,1730329488.8002515
-22770.660849888427,-318.0429718545642,1730329488.803238
-22728.32664589008,-284.85063133843323,1730329488.8071496
-22721.934046975857,-322.98270737918705,1730329488.8112736
-22767.06221903112,-363.9311032213096,1730329488.815232
-22770.61614639952,-322.2450998121619,1730329488.8192546
-22720.905866730915,-272.7359858436568,1730329488.8231578
-22707.226599124268,-304.1848902922738,1730329488.8283117
-22753.89704154695,-357.76202175164485,1730329488.8312435
-22771.644326644466,-328.54829174855854,1730329488.835332
-22727.097299945035,-267.8409538079445,1730329488.8391352
-22703.53856128914,-291.9361343307655,1730329488.84335
-22744.91164027592,-353.1352106493963,1730329488.847154
-22778.99805057026,-347.1896466242846,1730329488.8523276
-22743.97286700879,-288.8515935959332,1730329488.8552203
-22708.165372391388,-292.2267070086845,1730329488.8583524
-22736.79795703864,-349.40246932536,1730329488.8632035
-22782.686088405386,-360.8912659753879,1730329488.867324
-22754.90287004744,-299.60278267893585,1730329488.8712516
-22710.06527067009,-284.91768657179915,1730329488.8753564
-22725.443270855343,-338.338355819983,1730329488.8794675
-22773.141893522967,-360.5112863196477,1730329488.88325
-22759.328515449582,-307.7164659162123,1730329488.8861933
-22714.69208177234,-283.3307127154723,1730329488.8914022
-22723.31985513209,-331.0963906164635,1730329488.8954468
-22769.65502138793,-361.7406322646895,1730329488.899445
-22773.678335389894,-320.7698846781117,1730329488.9032784
-22727.58903832305,-285.6552941388243,1730329488.907748
-22724.12451793248,-326.08959985847474,1730329488.911867
-22764.827044585592,-364.5569520660582,1730329488.914248
-22780.517969193217,-335.7008499742568,1730329488.9194803
-22746.25274494323,-298.99928557864257,1730329488.9232223
-22726.762023778203,-322.1333410898854,1730329488.9275336
-22767.66571613141,-369.5413910795917,1730329488.931301
-22779.042754059166,-339.12066687591874,1730329488.93545
-22738.854317528527,-289.276276740584,1730329488.9393246
-22714.736785261248,-311.5609659625252,1730329488.9424467
-22752.80180606864,-369.7872602686001,1730329488.9462748
-22785.39064948448,-361.15948690885153,1730329488.9514947
-22748.040884499656,-300.69801815724594,1730329488.955335
-22713.865067227493,-303.11200655841907,1730329488.959524
-22736.35092214953,-358.09729791847445,1730329488.963392
-22775.533530179684,-364.0205101991308,1730329488.9673276
-22753.45000665784,-305.7495124041453,1730329488.9705367
-22717.709567273807,-295.9818000771761,1730329488.9745796
-22729.37717787948,-346.45203905725947,1730329488.9795544
-22773.097190034056,-370.79308876908885,1730329488.9835017
-22768.403323698443,-324.9720126357094,1730329488.987609
-22722.20226790932,-295.17713727678506,1730329488.9914804
-22726.560858078108,-342.27226284411705,1730329488.9945924
-22774.684163890382,-377.2303911722173,1730329488.9987316
-22778.685126147884,-334.42680054030427,1730329489.0026536
-22733.69106455935,-297.1664425333074,1730329489.0066388
-22730.941799991346,-342.6745942443126,1730329489.012068
-22762.07778001759,-379.35380689547145,1730329489.0162067
-22773.94655632336,-349.2907106030835,1730329489.0188138
-22736.90971576092,-304.7883873925672,1730329489.022444
-22717.28488412916,-328.97297489320937,1730329489.0271456
-22749.426692655885,-376.5598388385581,1730329489.030445
-22777.589890669573,-365.62983579991294,1730329489.0350492
-22742.296486174644,-311.2256897956956,1730329489.039524
-22710.087622414547,-319.47348349970383,1730329489.043738
-22747.48209088828,-379.8902487623988,1730329489.046604
-22778.193387769865,-368.73672827920063,1730329489.0510054
-22750.03018975618,-308.67759092779056,1730329489.0547864
-22714.44621258333,-308.43172173878213,1730329489.0592804
-22739.368407651,-364.7804695106113,1730329489.0630288
-22782.88725410548,-379.8678970179435,1730329489.0678003
-22766.61518414201,-327.5871667369803,1730329489.0715575
-22728.058424956613,-311.89624212935473,1730329489.0748518
-22738.89902101744,-360.2207136417286,1730329489.0791304
-22784.74244889527,-383.466527875248,1730329489.0827162
-22783.982489583792,-340.17119886531816,1730329489.0866864
-22731.366483136,-302.5755646914917,1730329489.090718
-22723.49866908773,-337.2654720861283,1730329489.096145
-22766.682239375383,-374.1011469484743,1730329489.0987875
-22778.14868428096,-340.99821341016457,1730329489.1032236
-22725.398567366432,-292.7407971311566,1730329489.106632
-22854.256374151275,-317.6406404543687,1730329494.1212456
-22833.111623896555,-303.2908205140615,1730329494.1255229
-22856.53625208572,-368.8931904903878,1730329494.12933
-22927.59244770914,-409.8415863325103,1730329494.1347933
-22902.29027298573,-354.4092600833488,1730329494.1373527
-22780.696783148866,-268.01976776358697,1730329494.141935
-22782.931957594392,-325.5531579915474,1730329494.1452265
-22864.962859745367,-401.303219950583,1730329494.1494176
-22889.57213039066,-367.1944579117844,1730329494.1533177
-22854.85987125157,-320.18873932227365,1730329494.158712
-22831.122318640035,-354.3198531055276,1730329494.161538
-22909.44283121143,-433.8920633664207,1730329494.1644056
-22813.352681798064,-350.9000362038656,1730329494.1694407
-22796.25359728976,-268.1985817192294,1730329494.1740527
-22847.930830470425,-311.69507642925697,1730329494.1777737
-22851.440054349907,-376.7833562831112,1730329494.181497
-22898.3563659616,-385.0535017315748,1730329494.1865263
-22855.530423585227,-328.3471260484607,1730329494.1894271
-22760.80373058364,-304.36370424791625,1730329494.1928115
-22870.90842377048,-383.8912110198988,1730329494.197334
-22846.701484525383,-395.7376355812115,1730329494.2014575
-22831.79287097369,-341.89228318837684,1730329494.2053535
-22797.684108934893,-322.06628585651947,1730329494.2094731
-22820.929923168413,-374.7716992821335,1730329494.2133188
-22881.637261109023,-393.3012954355831,1730329494.2175012
-22869.76848480326,-313.1926433077626,1730329494.220312
-22822.963931913848,-272.89244805484395,1730329494.224534
-22796.99120485678,-354.5433705500806,1730329494.2293231
-22778.483960447786,-371.6424550583905,1730329494.2334995
-22882.19605472041,-355.97388219522026,1730329494.2374167
-22882.24075820932,-341.28878608808355,1730329494.2416985
-22813.39738528697,-332.8621784284328,1730329494.2453728
-22822.047510391178,-403.5383943961137,1730329494.2486448
-22892.92489205896,-415.9212608243538,1730329494.252949
-22859.66549630946,-323.4073905238379,1730329494.2577434
-22787.84934137456,-327.14013184787416,1730329494.261576
-22775.242957501767,-339.9923849096757,1730329494.2660844
-22902.133810774543,-351.3917745818823,1730329494.2689931
-22893.930720559445,-332.72806796170096,1730329494.27254
-22824.282684836708,-311.8291868959888,1730329494.27698
-22846.097987425088,-352.5093618046477,1730329494.2816083
-22867.53331035773,-359.08077467450795,1730329494.2860355
-22850.27776363823,-325.15082659135186,1730329494.2885487
-22788.25167277476,-315.74074217566755,1730329494.2928956
-22859.50903409827,-400.74442633920034,1730329494.297596
-22944.19979383943,-466.4362032933478,1730329494.3017387
-22846.18739440291,-323.96618413522054,1730329494.3055904
-22815.52080101023,-265.91870378478814,1730329494.3097346
-22847.48379558132,-348.597806524969,1730329494.3136888
-22900.748002618315,-412.3449817115047,1730329494.3168273
-22839.973609444336,-369.9437224797872,1730329494.320636
-22746.208041454323,-333.8009516955557,1730329494.3248596
-22809.016443373734,-346.2508733571617,1730329494.3295152
-22855.77629277424,-349.44717281427063,1730329494.3338232
-22883.358345432087,-339.724163976212,1730329494.3366027
-22871.936604015424,-298.7534163896342,1730329494.3411615
-22848.646086293,-332.0575156280417,1730329494.344903
-22904.994834064822,-405.6394583749126,1730329494.349377
-22899.22808399536,-389.1885744558066,1730329494.3529816
-22824.729719725816,-305.12366355939673,1730329494.357812
-22767.330439964582,-261.85068629392225,1730329494.3615377
-22830.49646979529,-347.4578675577483,1730329494.3646157
-22842.499356567783,-392.92131577984287,1730329494.3688293
-22821.60047550208,-355.079812417008,1730329494.372634
-22846.00858044727,-341.467600043726,1730329494.3767772
-22826.920190682435,-354.92335020582084,1730329494.3806214
-22823.165097613943,-355.92917870630964,1730329494.385768
-22939.371817037085,-348.48604780269244,1730329494.3897936
-22829.40123431697,-303.5590414475252,1730329494.3928075
-22816.481926021806,-330.85052142745513,1730329494.396669
-22892.12022925857,-383.8688592754434,1730329494.4007907
-22841.71704551185,-332.3480883059607,1730329494.4046073
-22834.206859374863,-314.9360793752765,1730329494.408821
-22860.64897306549,-353.96222519424265,1730329494.413746
-22860.112531198567,-352.531713549103,1730329494.4178529
-22840.84532747809,-320.4793120001927,1730329494.4206748
-22773.521873178703,-299.4463204677487,1730329494.42492
-22796.83474264559,-341.0876203879858,1730329494.4286938
-22866.10279871259,-387.7804145551222,1730329494.4328144
-22908.23583701084,-349.8942077033768,1730329494.4366832
-22853.89874624,-300.3850937348716,1730329494.440941
-22769.9232423214,-312.1868148072737,1730329494.4457464
-22888.655708867995,-448.6442147069234,1730329494.4488766
-22907.96761607737,-402.6666763623567,1730329494.4529786
-22808.14472533998,-258.1626484587966,1730329494.4569204
-22843.214612390355,-285.6776458832796,1730329494.461305
-22914.38256673605,-389.74736806718926,1730329494.4653
-22830.407062817463,-352.7775827381114,1730329494.4697332
-22775.354716224043,-292.8525558534332,1730329494.4733725
-22837.78313848772,-319.7864079220781,1730329494.4759965
-22818.40417604496,-330.62700398290207,1730329494.4809887
-22849.160176415466,-325.2625853136284,1730329494.4853
-22887.51576990077,-340.5288267766031,1730329494.4888184
-22825.0873476371,-328.8388644264775,1730329494.4931629
-22812.0339288752,-301.36857049090514,1730329494.4969175
-22892.142581003023,-354.67748101681246,1730329494.5011258
-22877.703354084893,-349.78244898110023,1730329494.5038772
-22848.400217103987,-321.39573352286027,1730329494.5093777
-22825.48967903729,-313.3491055189497,1730329494.5128584
-22835.90559195347,-355.4150885838376,1730329494.517091
-22852.64704855049,-345.468562301226,1730329494.5209668
-22901.06092704069,-307.5600037050252,1730329494.5250962
-22841.71704551185,-375.19638242678434,1730329494.5288105
-22862.19124343291,-407.785225842622,1730329494.5325756
-22852.356475872573,-353.91752170533204,1730329494.5368652
-22782.03788781618,-286.4152534503047,1730329494.5411744
-22823.27685633622,-302.01677108010904,1730329494.544891
-22846.299153125183,-355.5491990505694,1730329494.5489657
-22852.51293808376,-365.5180770776364,1730329494.5531642
-22884.699450099404,-318.9817451216871,1730329494.5571532
-22892.63431938104,-334.96324240723163,1730329494.5600345
-22809.485830007296,-365.38396661090457,1730329494.5639727
-22821.153440612965,-361.338300864494,1730329494.5693593
-22954.88392768907,-357.3149868625387,1730329494.5730176
-22877.01045000678,-322.69213470126806,1730329494.5772216
-22784.854207617547,-355.97388219522026,1730329494.581005
-22776.964041824824,-360.9583212087538,1730329494.585291
-22823.679187736416,-289.9468290742432,1730329494.5879793
-22862.19124343291,-295.9147448438102,1730329494.5922408
-22860.604269576583,-370.41310911334864,1730329494.597002
-22875.42347615045,-397.1681472263512,1730329494.6013143
-22877.502188384795,-342.2946145885724,1730329494.6049356
-22824.863830192546,-299.31221000101687,1730329494.608123
-22855.86569975206,-338.047783142064,1730329494.6119392
-22855.01633346276,-376.6492458163793,1730329494.6159933
-22836.8890687095,-337.0419546415752,1730329494.6200793
-22858.54790908669,-323.7426666906675,1730329494.6253035
-22841.13590015601,-339.6571087428461,1730329494.6289587
-22847.081464181123,-399.7385978387115,1730329494.6333137
-22875.42347615045,-401.1914612283065,1730329494.6362011
-22832.262257607254,-321.082809100486,1730329494.6402836
-22770.05735278813,-287.9798755621762,1730329494.6442645
-22827.90366743847,-364.71341427724536,1730329494.648106
-22898.44577293942,-397.34696118199366,1730329494.653138
-22813.79971668717,-318.758227677134,1730329494.6574187
-22804.41198401594,-326.5589864920362,1730329494.661192
-22856.08921719661,-365.71924277773417,1730329494.6641977
-22846.90265022548,-352.59876878246894,1730329494.668324
-22875.356420917087,-336.1031813744523,1730329494.672191
-22838.476042565828,-325.6202132249133,1730329494.6761792
-22832.66458900745,-370.7260335357229,1730329494.6810737
-22874.3505924166,-412.9708305562533,1730329494.685641
-22908.794630622226,-362.6347020429018,1730329494.6892655
-22877.79276106272,-310.0633990840196,1730329494.6926832
-22832.70929249636,-345.69207974577904,1730329494.6960652
-22844.8462897356,-417.1059032804851,1730329494.7006
-22877.03280175124,-397.7269408377339,1730329494.7040713
-22817.37599580002,-326.0448963695641,1730329494.708403
-22802.40032701496,-299.8263001234889,1730329494.7130835
-22877.368077918065,-337.22076859721767,1730329494.716751
-22891.13675250253,-386.5063651211697,1730329494.7201884
-22828.194240116387,-306.48711997117044,1730329494.7246149
-22744.285791431164,-312.5220909741034,1730329494.728184
-22854.18931891791,-398.68806584931207,1730329494.7327428
-22955.822700956192,-418.6928771368119,1730329494.736432
-22869.947298758903,-345.06623090103045,1730329494.7416103
-22789.79394314217,-290.75149187463427,1730329494.744494
-22850.121301427043,-329.86704467142164,1730329494.7483473
-22886.95697628939,-388.272152933139,1730329494.75283
-22861.56539458816,-328.727105704201,1730329494.7564876
-22816.52662951072,-273.3841864328607,1730329494.760707
-22797.84057114608,-333.01864063961995,1730329494.764192
-22891.360269947087,-403.40428392938185,1730329494.7693262
-22889.12509550156,-340.10414363195224,1730329494.7723112
-22797.862922890537,-280.73791035865673,1730329494.7763772
-22799.69576593587,-353.62694902741305,1730329494.780262
-22851.551813072183,-393.1001297354853,1730329494.7841864
-22863.532348100227,-363.3499578654716,1730329494.7881498
-22874.462351138875,-328.12360860390766,1730329494.7922337
-22844.063978679656,-332.70571621724565,1730329494.797753
-22875.71404882837,-345.2450448566729,1730329494.800595
-22894.19894149291,-335.8573121854439,1730329494.8032236
-22844.399254846485,-298.99928557864257,1730329494.8083808
-22825.84730694858,-335.1867598517847,1730329494.812322
-22852.13295842802,-430.6510604204012,1730329494.816604
-22845.18156590242,-369.9437224797872,1730329494.8203447
-22833.133975641013,-270.2325904646624,1730329494.8255727
-22847.8414234926,-308.09644557195253,1730329494.8283627
-22887.11343850058,-391.02141750114174,1730329494.8315628
-22913.39908998002,-377.38685338340446,1730329494.8364036
-22900.72565087386,-333.5774342510026,1730329494.840719
-22858.05617070868,-357.78437349610016,1730329494.8446517
-22809.03879511819,-372.3577108809604,1730329494.8485303
-22814.917303909937,-348.4413443137818,1730329494.8528376
-22908.77227887777,-339.12066687591874,1730329494.855513
-22868.98617374732,-339.6794604873014,1730329494.859494
-22840.778272244726,-346.36263207943824,1730329494.8644466
-22892.746078103315,-367.5073823341587,1730329494.8685005
-22876.317545928665,-328.3471260484607,1730329494.8723953
-22825.31086508165,-338.11483837542994,1730329494.876696
-22827.434280804908,-374.1234986929296,1730329494.8793528
-22819.90174292347,-363.4840683322034,1730329494.883701
-22885.794685577715,-362.142963664885,1730329494.8875124
-22901.083278785143,-334.1362278623853,1730329494.8927517
-22827.166059871444,-303.42493098079336,1730329494.8965333
-22868.42738013594,-346.04970765706395,1730329494.9010942
-22917.020072581778,-349.5589315365472,1730329494.9044197
-22834.1398041415,-303.8943176143548,1730329494.9085617
-22827.769556971736,-350.0506699145639,1730329494.9113915
-22864.202900433887,-368.110879434452,1730329494.9155524
-22881.838426809125,-326.15665509184066,1730329494.920468
-22860.671324809948,-285.0294452940757,1730329494.9244645
-22836.62084777604,-322.02158236760886,1730329494.9284725
-22854.122263684545,-373.7435190371894,1730329494.9324036
-22862.124188199545,-360.8465624864773,1730329494.9353905
-22851.730627027828,-294.2383640096622,1730329494.9393811
-22821.66753073544,-289.05275929603096,1730329494.9434144
-22841.98526644532,-353.8951699608768,1730329494.9474275
-22869.23204293633,-356.73384150670074,1730329494.9524064
-22876.27284243976,-328.4141812818267,1730329494.956437
-22833.133975641013,-340.7970477100668,1730329494.9594424
-22845.02510369124,-335.96907090772044,1730329494.9634292
-22857.385618375018,-307.3364862604721,1730329494.9674375
-22845.405083346974,-299.26750651210625,1730329494.9714508
-22856.111568941065,-307.984686849676,1730329494.9754632
-22854.07756019564,-341.7805244661003,1730329494.9804504
-22854.23402240682,-375.91163824935416,1730329494.9844432
-22879.22327270785,-352.97874843820915,1730329494.9874678
-22873.34476391611,-282.5707534039919,1730329494.9914763
-22877.0998569846,-307.7611694051229,1730329494.9954646
-22888.789819334725,-341.0652686435305,1730329494.999509
-22873.18830170492,-326.11195160293005,1730329495.003486
-22848.109644426066,-303.8049106365336,1730329495.0075276
-22893.90836881499,-347.2119983687399,1730329495.012479
-22859.15140618699,-369.49668759068106,1730329495.0155113
-22847.48379558132,-338.45011454225954,1730329495.0195
-22793.21376004384,-250.697165810724,1730329495.0235443
-22811.85511491956,-268.01976776358697,1730329495.0275526
-22851.015371205256,-346.6085012684466,1730329495.0315533
-22877.703354084893,-375.6657690603458,1730329495.0355468
-22884.20771172139,-337.9360244197875,1730329495.0405705
-22825.355568570565,-322.37921027889377,1730329495.0435517
-22847.081464181123,-341.98169016619806,1730329495.0475864
-22874.797627305703,-371.3295306360162,1730329495.0515783
-22816.012539388244,-316.14307357586307,1730329495.0557468
-22780.0262308152,-271.6183986208914,1730329495.0597205
-22858.77142653125,-332.8845301728881,1730329495.0637064
-22879.98323201933,-372.64828355887937,1730329495.068694
-22836.71025475386,-339.9923849096757,1730329495.0715792
-22837.246696620787,-299.91570710131015,1730329495.0755975
-22882.33016518714,-327.38600103688253,1730329495.0796196
-22884.095952999112,-367.93206547880953,1730329495.0836177
-22909.44283121143,-352.8893414603879,1730329495.087718
-22841.560583300663,-297.97110533369846,1730329495.091744
-22823.56742901414,-310.0410473395643,1730329495.09574
-22898.1552002615,-391.1331762234183,1730329495.0987437
-22897.931682816947,-365.339263121994,1730329495.1027462
-22862.05713296618,-317.081846842986,1730329495.1078403
-22785.56946344012,-326.9166144033211,1730329495.1117592
-22831.3905395735,-369.49668759068106,1730329495.11588
-22926.698377930927,-377.65507431686814,1730329495.1197932
-22850.367170616053,-304.1625385478185,1730329495.1238923
-22765.67641087489,-280.1120615139081,1730329495.126897
-22863.62175507805,-351.50353330415885,1730329495.130886
-22917.48945921534,-375.9786934827201,1730329495.1358852
-22876.71987732886,-319.048800355053,1730329495.1398304
-22855.463368351862,-300.049817568042,1730329495.1437953
-22816.2360568328,-316.94773637625417,1730329495.147886
-22845.58389730262,-350.49770480367005,1730329495.150906
-22866.035743479224,-318.3335445324832,1730329495.1547277
-22839.638333277504,-293.12077678689684,1730329495.1588368
-22821.220495846334,-337.4889895306813,1730329495.1638737
-22892.142581003023,-389.725016322734,1730329495.167927
-22885.079429755144,-329.1741405933072,1730329495.1718302
-22825.60143775957,-277.4745556681819,1730329495.1759157
-22843.46048157936,-340.2382540986841,1730329495.1788096
-22868.606194091582,-401.6608478618679,1730329495.1828413
-22834.3409698416,-345.42385881231536,1730329495.1868193
-22878.03863025172,-306.82239613800004,1730329495.1911073
-22831.3905395735,-303.2237652806956,1730329495.1959803
-22820.14761211248,-364.4898968326923,1730329495.2000773
-22861.23011842133,-379.2643999176502,1730329495.203866
-22892.56726414768,-269.7632038311009,1730329495.2081115
-22834.296266352685,-283.39776794883824,1730329495.21109
-22864.73934230081,-368.73672827920063,1730329495.21503
-22878.26214769628,-344.5074372896478,1730329495.2199528
-22835.61501927555,-265.33755842895016,1730329495.22413
-22827.50133603828,-284.09067202695275,1730329495.2279031
-22858.54790908669,-379.5549725955692,1730329495.2310057
-22878.552720374195,-389.68031283382334,1730329495.2350743
-22845.293324624698,-308.0293903385866,1730329495.238986
-22866.1475022015,-276.51343065660365,1730329495.2429245
-22869.0979324696,-331.1410941053741,1730329495.2470465
-22905.39716546502,-378.34797839498265,1730329495.2520704
-22921.51277321729,-345.71443149023435,1730329495.2560892
-22857.542080586205,-293.88073609837727,1730329495.2591145
-22831.65876050696,-336.2149400967288,1730329495.2629542
-22874.77527556125,-360.4442310862817,1730329495.2671144
-22888.36513619008,-325.5308062470921,1730329495.2709918
-22903.631377653048,-318.6464689548575,1730329495.2751093
-22835.14563264199,-314.5560997195363,1730329495.2800713
-22855.61983056305,-341.8252279550109,1730329495.2841513
-22819.1864871009,-314.1984718082514,1730329495.2870677
-22794.666623433423,-261.537761871548,1730329495.2911625
-22830.205897117365,-285.4094249498159,1730329495.295015
-22857.631487564027,-346.4743908017148,1730329495.299117
-22942.85868917212,-327.6765737148015,1730329495.303002
-22875.22231045036,-264.8011165620228,1730329495.307206
-22868.539138858217,-278.1227562573858,1730329495.3120008
-22873.612984849573,-366.38979511139337,1730329495.3152144
-22889.795647835213,-402.1972897287953,1730329495.3191743
-22875.065848239166,-340.0594401430416,1730329495.323277
-22815.1855248434,-276.66989286779085,1730329495.3272853
-22843.929868212923,-294.3054192430281,1730329495.3312244
-22880.989060519823,-321.082809100486,1730329495.3352892
-22857.564432330662,-291.4443959527488,1730329495.340256
-22827.769556971736,-261.13543047135244,1730329495.3432596
-22858.83848176461,-329.598823737958,1730329495.347105
-22876.27284243976,-363.8640479879437,1730329495.3512268
-22921.736290661847,-340.8641029434327,1730329495.355082
-22842.789929245704,-279.1732882467852,1730329495.3592758
-22846.38856010301,-311.5162624736145,1730329495.3642535
-22913.063813813187,-358.45492582975936,1730329495.3672512
-22914.8072498807,-331.49872201665903,1730329495.3701892
-22898.08814502813,-295.9594483327208,1730329495.3753002
-22860.783083532227,-301.4803292131817,1730329495.379158
-22856.960935230367,-339.2547773426506,1730329495.3833127
-22836.8443652206,-323.5191492461144,1730329495.387118
-22879.178569218944,-303.98372459217603,1730329495.3913631
-22887.739287345325,-302.77673039158947,1730329495.395096
-22870.48374062583,-332.3033848170501,1730329495.398172
-22865.499301612297,-332.5269022616032,1730329495.403124
-22825.0873476371,-266.1198694848859,1730329495.4073312
-22836.75495824277,-278.793308591045,1730329495.4111395
-22890.555607146696,-344.28391984509466,1730329495.4153793
-22922.47389822888,-357.337338606994,1730329495.4193337
-22896.501171171807,-293.8136808650113,1730329495.423366
-22816.12429811052,-270.9478462872322,1730329495.426382
-22855.68688579641,-323.29563180156134,1730329495.431394
-22919.746985405327,-339.3441843204718,1730329495.435441
-22916.885962115048,-314.8690241419106,1730329495.4392924
-22835.503260553272,-282.6154568929025,1730329495.4434383
-22857.87735675304,-332.5716057505138,1730329495.447399
-22888.745115845813,-349.5142280476365,1730329495.451399
-22882.687793098423,-286.9740470616874,1730329495.4543428
-22832.59753377408,-265.94105552924344,1730329495.4584315
-22817.59951324457,-340.10414363195224,1730329495.4633443
-22857.34091488611,-358.79020199658896,1730329495.4674847
-22917.824735382168,-289.8797738408773,1730329495.471447
-22864.582880089627,-262.05185199402,1730329495.4744625
-22846.589725803107,-302.68732341376824,1730329495.4782984
-22905.933607331943,-369.7872602686001,1730329495.4824789
-22883.76067683228,-333.68919297327915,1730329495.4862795
-22846.74618801429,-298.7534163896342,1730329495.4915235
-22845.69565602489,-322.64743121235745,1730329495.4952488
-22889.1027437571,-366.2780363891168,1730329495.4995475
-22886.755810589293,-317.9982683656536,1730329495.5025911
-22813.88912366499,-241.8011715175118,1730329495.5065808
-22798.64523394647,-254.2957966680285,1730329495.5105162
-22853.18349041742,-337.2878238305836,1730329495.5145218
-22897.14937176101,-363.3723096099269,1730329495.5193665
-22883.22423496536,-290.8856023413661,1730329495.5234983
-22832.955161685368,-252.1723809447743,1730329495.5275252
-22853.85404275108,-319.83111141098874,1730329495.5304697
-22877.703354084893,-341.6240622549132,1730329495.5345545
-22901.86558984108,-355.7503647506672,1730329495.538433
-22831.43524306241,-298.23932626716214,1730329495.542338
-22862.61592657756,-299.3345617454722,1730329495.5464497
-22874.19413020541,-277.02752077907576,1730329495.5515544
-22891.38262169154,-284.7388726161567,1730329495.5555496
-22804.83666716059,-260.7778025600675,1730329495.5585546
-22773.052486545144,-274.54647714453665,1730329495.562396
-22867.510958613275,-322.04393411206416,1730329495.5665622
-22899.071621784165,-319.3170212885167,1730329495.570412
-22893.461333925883,-269.0032445196205,1730329495.574637
-22880.452618652896,-282.1684220037964,1730329495.5795493
-22893.573092648163,-333.2868615730836,1730329495.582712
-22906.26888349877,-321.5521957340474,1730329495.5864663
-22859.643144565005,-273.92062829978806,1730329495.5906336
-22867.488606868817,-265.0469857510312,1730329495.5944295
-22918.27177027128,-346.04970765706395,1730329495.5987797
-22916.505982459305,-338.78539070908914,1730329495.6027248
-22886.33112744464,-296.2500210106398,1730329495.6077256
-22869.43320863643,-312.6785531852905,1730329495.6107187
-22845.18156590242,-338.5842250089914,1730329495.6147246
-22861.274821910243,-321.4404370117709,1730329495.618908
-22879.49149364132,-305.6154019374135,1730329495.6227076
-22873.411819149474,-286.7952331060449,1730329495.6267254
-22842.23113563432,-303.38022749188275,1730329495.6307516
-22886.19701697791,-348.03901291358625,1730329495.6358128
-22926.09488083063,-318.0429718545642,1730329495.6388671
-22890.28738621324,-280.31322721400585,1730329495.642761
-22824.953237170368,-306.0624368265196,1730329495.6466105
-22810.871638163524,-328.59299523746915,1730329495.6507285
-22906.045366054223,-297.0323320665756,1730329495.654611
-22880.51967388626,-281.38611094786063,1730329495.6588924
-22773.387762711976,-286.0799772834751,1730329495.6636918
-22859.53138584273,-290.43856745226,1730329495.6666682
-22938.94713389244,-309.2140327947179,1730329495.6697686
-22907.408822466,-290.32680872998344,1730329495.6747622
-22831.50229829577,-285.23061099417345,1730329495.6788113
-22893.349575203607,-343.5016087891589,1730329495.6828277
-22920.35048250562,-337.1984168527624,1730329495.6866956
-22878.57507211865,-254.83223853495585,1730329495.690864
-22840.62181003354,-273.7418143441456,1730329495.69478
-22875.602290106093,-319.6746491998016,1730329495.6978655
-22929.179421565463,-337.0419546415752,1730329495.7026513
-22917.936494104444,-309.66106768382406,1730329495.706993
-22901.597368907616,-306.12949205988554,1730329495.7108052
-22830.76469072875,-333.37626855090485,1730329495.7149878
-22867.82388303565,-339.5677017650249,1730329495.7179408
-22881.637261109023,-312.27622178509495,1730329495.721924
-22842.05232167868,-279.2179917356958,1730329495.7258463
-22862.83944402212,-318.80293116604463,1730329495.7298126
-22884.520636143763,-371.6201033139352,1730329495.734933
-22856.82682476364,-293.74662563164543,1730329495.7390237
-22796.05243158966,-243.8351802629448,1730329495.7429671
-22896.031784538245,-314.6455066973575,1730329495.7457292
-22930.475822743872,-346.02735591260864,1730329495.7499232
-22900.032746795743,-313.1926433077626,1730329495.7537534
-22897.283482227744,-277.02752077907576,1730329495.757975
-22867.15333070199,-306.6882856712682,1730329495.762766
-22918.76350864929,-395.8270425590328,1730329495.766953
-22927.480688986863,-349.2683588586282,1730329495.770802
-22885.19118847742,-268.310340441506,1730329495.773965
-22785.70357390685,-262.2083142052072,1730329495.7778192
-22903.564322419683,-332.19162609477354,1730329495.7819655
-22936.86842165809,-330.984631894187,1730329495.7859037
-22883.693621598915,-269.9420177867434,1730329495.7909043
-22862.772388788748,-287.7563581176231,1730329495.7949011
-22858.92788874244,-349.8495042144661,1730329495.798986
-22876.317545928665,-364.1546206658626,1730329495.8020065
-22863.8452725226,-301.0779978129861,1730329495.806012
-22866.214557434865,-318.9146898883212,1730329495.810014
-22821.51106852425,-326.5142830031256,1730329495.8140588
-22894.645976382017,-323.854425412944,1730329495.8189664
-22945.25032582883,-326.80485568104456,1730329495.822863
-22808.904684651458,-244.52808434105927,1730329495.826991
-22818.203010344867,-280.2238202361846,1730329495.8300552
-22950.145357864545,-356.39856533987114,1730329495.8338675
-22907.58763642164,-320.18873932227365,1730329495.8378408
-22852.75880727277,-284.64946563833547,1730329495.8419597
-22854.591650318107,-303.08965481396376,1730329495.8459988
-22929.358235521107,-357.0020624401644,1730329495.8511033
-22943.104558361123,-344.0827541449969,1730329495.854058
-22873.59063310512,-315.8972043868547,1730329495.8581302
-22811.8327631751,-293.0760732979862,1730329495.861894
-22878.150388974,-364.8251729995219,1730329495.866174
-22912.840296368635,-351.4141263263376,1730329495.869985
-22861.58774633261,-251.54653210002567,1730329495.8741753
-22880.43026690844,-265.62813110686915,1730329495.8789856
-22905.86655209858,-351.3917745818823,1730329495.8821623
-22891.0026420358,-328.2577190706395,1730329495.8859763
-22868.87441502505,-295.5571169325253,1730329495.890216
-22804.0320043602,-290.6173814079024,1730329495.8942168
-22870.349630159097,-353.8281147275108,1730329495.898105
-22928.687683187447,-386.1934406987954,1730329495.9021437
-22910.24749401182,-296.2276692661845,1730329495.9071908
-22879.692659341414,-270.41140442030485,1730329495.9101744
-22886.93462454493,-330.0905621159747,1730329495.9141655
-22946.50202351833,-377.5880190835022,1730329495.91827
-22915.47780221436,-332.19162609477354,1730329495.922187
-22824.79677495918,-259.39199440383845,1730329495.926227
-22836.15146114248,-289.63390465186893,1730329495.9301395
-22895.89767407151,-334.29269007357243,1730329495.9352252
-22891.51673215828,-312.5444427185587,1730329495.9380908
-22866.81805453516,-279.35210220242766,1730329495.942198
-22861.453635865884,-291.71261688621246,1730329495.9461613
-22873.59063310512,-330.9399284052764,1730329495.9502788
-22890.17562749096,-328.6824022152904,1730329495.9541593
-22849.562507815663,-288.6057244069248,1730329495.9582052
-22858.92788874244,-286.19173600575164,1730329495.9620824
-22914.82960162516,-352.0399751710862,1730329495.965279
-22937.51662224729,-374.659940559857,1730329495.969182
-22890.17562749096,-283.1742505042852,1730329495.9742987
-22879.156217474487,-316.7018671872458,1730329495.9781756
-22914.91900860298,-359.9301409638096,1730329495.982362
-22943.328075805675,-348.50839954714775,1730329495.9861329
-22905.77714512076,-299.64748616784647,1730329495.990394
-22852.33412412812,-276.17815448977404,1730329495.993396
-22832.0387401627,-315.69603868675694,1730329495.997312
-22840.86767922255,-334.8961871738657,1730329496.0023196
-22891.06969726917,-279.888544069355,1730329496.006392
-22918.74115690484,-274.50177365562604,1730329496.0104108
-22862.63827832201,-315.1819485642849,1730329496.0142543
-22940.66821821549,-359.9077892193543,1730329496.0183425
-22933.60506696761,-329.1517888488518,1730329496.021371
-22815.47609752132,-269.7632038311009,1730329496.0253284
-22876.541063373217,-333.30921331753893,1730329496.0302129
-22940.020017626288,-369.6755015463235,1730329496.034303
-22928.21829655389,-331.3422598054719,1730329496.038221
-22846.410911847463,-248.14906694281905,1730329496.042282
-22880.631432608538,-265.3822619178608,1730329496.04528
-22894.645976382017,-340.14884712086285,1730329496.0492723
-22889.661537368484,-347.5919780244801,1730329496.0532217
-22894.46716242637,-284.64946563833547,1730329496.0589342
-22849.271935137745,-269.986721275654,1730329496.0623715
-22876.92104302896,-336.2819953300948,1730329496.066852
-22936.95782863592,-360.86891423093255,1730329496.0702682
-22883.045421009712,-271.03725326505344,1730329496.0734951
-22851.66357179446,-250.6748140662687,1730329496.0775533
-22913.51084870229,-333.532730762092,1730329496.0816407
-22931.124023333075,-356.1973996397733,1730329496.085828
-22861.67715331044,-303.8943176143548,1730329496.0905373
-22833.111623896555,-267.4162706632937,1730329496.0944765
-22874.70822032788,-313.9078991303324,1730329496.0984545
-22930.475822743872,-327.6542219703462,1730329496.1015985
-22970.86542497461,-318.82528291049994,1730329496.1055052
-22879.46914189686,-286.23643949466225,1730329496.109516
-22797.59470195708,-295.11008204341914,1730329496.1135433
-22886.554644889195,-330.0905621159747,1730329496.1187685
-22932.93451463396,-328.8165126820222,1730329496.1226158
-22888.611005379084,-271.73015734316795,1730329496.126017
-22824.32738832562,-286.86228833941084,1730329496.129411
-22854.90457474048,-342.853408199955,1730329496.1339724
-22893.90836881499,-310.64454443985755,1730329496.1373906
-22861.78891203272,-263.3929566613384,1730329496.1417236
-22849.026065948736,-301.32386700199453,1730329496.1465847
-22906.26888349877,-344.0380506560863,1730329496.151086
-22939.68474145946,-334.4715040292149,1730329496.1535504
-22878.82094130766,-282.5707534039919,1730329496.157663
-22867.309792913176,-279.1956399912405,1730329496.1614945
-22915.05311906971,-338.6736319868126,1730329496.1660016
-22929.00060760982,-368.73672827920063,1730329496.1694293
-22930.92285763298,-299.6698379123018,1730329496.1741076
-22875.82580755065,-270.8360875649557,1730329496.1787364
-22862.90649925548,-340.014736654131,1730329496.1821332
-22895.49534267132,-332.9292336617987,1730329496.1857665
-22881.52550238675,-285.4541284387265,1730329496.1896029
-22851.842385750104,-275.48525041165954,1730329496.194094
-22856.871528252548,-322.7368381901787,1730329496.1976192
-22862.05713296618,-349.6036350254578,1730329496.2026913
-22859.91136549847,-290.6173814079024,1730329496.2054863
-22876.42930465094,-243.18697967374084,1730329496.208812
-22901.798534607715,-309.0799223279861,1730329496.2137103
-22943.372779294587,-344.39567856737125,1730329496.2177024
-22933.78388092326,-316.03131485358654,1730329496.221604
-22805.50721949425,-246.98677623114304,1730329496.2256942
-22818.582990000607,-290.8856023413661,1730329496.230714
-22907.162953276988,-370.8601440024548,1730329496.233683
-22925.06670058569,-322.8262451679999,1730329496.2364824
-22882.844255309614,-277.7651283461009,1730329496.240677
-22862.07948471064,-289.5444976740477,1730329496.2455387
-22911.14156379003,-354.8562949724549,1730329496.2497747
-22928.59827620963,-366.434498600304,1730329496.2536905
-22849.00371420428,-280.827317336478,1730329496.2579763
-22848.0425891927,-263.214142705696,1730329496.2615235
-22864.53817660072,-334.09152437347467,1730329496.2649467
-22936.287276302253,-342.7863529665891,1730329496.2696047
-22938.991837381345,-306.0847885709749,1730329496.2738063
-22829.647103505984,-277.1839829902629,1730329496.2775784
-22847.66260953696,-338.80774245354445,1730329496.2823093
-22934.63324721256,-336.1478848633629,1730329496.285976
-22978.062686689223,-301.212108279718,1730329496.2897675
-22900.18920900693,-290.8185471080002,1730329496.2931857
-22888.96863329037,-319.2052625662401,1730329496.2967749
-22929.02295935428,-357.44909732927056,1730329496.3021169
-22931.839279155647,-342.0263936551087,1730329496.3056865
-22832.776347729727,-245.13158144135247,1730329496.3096387
-22788.542245452674,-284.5600586605142,1730329496.3136945
-22887.560473389683,-366.05451894456377,1730329496.317789
-22903.832543353143,-340.7299924767009,1730329496.3206131
-22855.709237540872,-261.24718919362897,1730329496.3252857
-22907.25236025481,-284.2918377270505,1730329496.3297932
-22900.032746795743,-344.68625124529024,1730329496.3342645
-22901.932645074445,-348.2178268692287,1730329496.3377151
-22843.840461235104,-263.14708747233004,1730329496.3409226
-22895.24947348231,-264.44348865073783,1730329496.3446465
-22920.0599098277,-329.21884408221774,1730329496.3488872
-22927.54774422023,-313.8631956414218,1730329496.3526676
-22910.35925273409,-273.4512416662266,1730329496.3579435
-22843.90751646847,-297.7475878891454,1730329496.3617482
-22896.121191516067,-343.4122018113377,1730329496.3659873
-22939.170651336983,-352.15173389336275,1730329496.3688152
-22932.4651280004,-306.308306015528,1730329496.372991
-22881.9501855314,-285.7447011166455,1730329496.3769908
-22855.1951474184,-323.69796320175686,1730329496.3809707
-22938.343636792142,-365.1157456774409,1730329496.3849723
-22928.754738420816,-312.6338496963799,1730329496.38975
-22852.557641572672,-240.92945348375483,1730329496.3939598
-22852.8482142506,-290.30445698552813,1730329496.3971264
-22928.53122097626,-343.88158844489914,1730329496.4008467
-22913.354386491108,-319.4287800107932,1730329496.4049242
-22838.18546988791,-268.26563695259534,1730329496.4088423
-22891.2038077359,-306.57652694899167,1730329496.4140103
-22975.514587821315,-369.40728061285984,1730329496.417986
-22919.29995051622,-308.2976112720503,1730329496.4219396
-22864.649935323,-287.9351720732656,1730329496.4249852
-22913.62260742457,-299.8263001234889,1730329496.428797
-22920.52929646126,-338.9642046647316,1730329496.4329655
-22907.073546299165,-319.1158555884189,1730329496.4368627
-22883.33599368763,-263.728232828168,1730329496.4409657
-22831.54700178469,-297.63582916686886,1730329496.4458575
-22897.283482227744,-385.65699883186807,1730329496.44899
-22963.0199626708,-336.1478848633629,1730329496.4528403
-22915.72367140337,-245.10922969689724,1730329496.4570172
-22869.299098169697,-254.5640176014921,1730329496.4608147
-22907.76645037728,-341.4452482992707,1730329496.4650664
-22924.709072674403,-335.07500112950817,1730329496.4689476
-22885.749982088804,-277.31809345699475,1730329496.4740734
-22866.19220569041,-266.96923577418755,1730329496.4770794
-22857.385618375018,-323.5191492461144,1730329496.4810803
-22924.619665696584,-359.8630857304437,1730329496.48516
-22976.229843643887,-304.1848902922738,1730329496.488952
-22900.30096772921,-257.1121164693972,1730329496.4930575
-22871.601327848595,-322.468617256715,1730329496.497058
-22889.34861294611,-347.2119983687399,1730329496.5020723
-22871.646031337503,-297.25584951112864,1730329496.5052257
-22834.363321586054,-264.10821248390823,1730329496.5080917
-22873.47887438284,-298.373436733894,1730329496.5130017
-22871.444865637408,-324.2344050686842,1730329496.5172882
-22915.656616170003,-323.6756114573016,1730329496.5210392
-22967.62442202859,-297.4793669556817,1730329496.5257008
-22908.36994747757,-316.59010846496926,1730329496.530204
-22873.411819149474,-342.1158006329299,1730329496.5332632
-22881.14552273101,-338.42776279780423,1730329496.536014
-22917.44475572643,-262.49888688312615,1730329496.5412943
-22892.746078103315,-250.6301105773581,1730329496.5450585
-22885.43705766643,-326.179006836296,1730329496.5491276
-22929.849973899123,-366.5239055781252,1730329496.5530453
-22886.308775700185,-282.1237185148857,1730329496.5576713
-22811.877466664013,-261.9624450161988,1730329496.5610623
-22887.448714667407,-351.2800158596058,1730329496.5641189
-22959.577794024684,-343.7921814670779,1730329496.569084
-22951.70997997641,-296.0041518216314,1730329496.57378
-22872.361287160074,-265.762241573601,1730329496.5773368
-22889.639185624023,-336.371402307916,1730329496.5817597
-22950.234764842364,-396.0058565146752,1730329496.58562
-22939.93061064847,-310.2198612952067,1730329496.588137
-22862.101836455087,-251.72534605566813,1730329496.5925713
-22862.61592657756,-311.0915793289637,1730329496.5961175
-22881.637261109023,-330.0458586270641,1730329496.6017976
-22916.215409781387,-324.81555042452226,1730329496.6051612
-22893.081354270143,-299.26750651210625,1730329496.6092288
-22813.19621958688,-284.96239006070977,1730329496.6120725
-22879.267976196763,-311.0468758400531,1730329496.61661
-22988.29978564976,-329.5094167601368,1730329496.6202564
-22971.200701141443,-291.5114511861147,1730329496.6244383
-22925.379625008063,-317.4618264987262,1730329496.6291273
-22919.76933714978,-362.4782398317146,1730329496.6334276
-22893.81896183717,-320.792236422567,1730329496.6372063
-22936.73431119136,-292.8972593423438,1730329496.6404903
-22933.023921611777,-305.5930501929582,1730329496.6441157
-22924.887886630047,-389.4791471337256,1730329496.6483448
-22986.19872167096,-404.8347955745216,1730329496.6525445
-22934.163860579,-291.37734071938286,1730329496.6577272
-22853.63052530653,-237.0178982040761,1730329496.6612787
-22870.9978307483,-313.147939818852,1730329496.6657472
-22925.71490117489,-319.56289047752506,1730329496.669189
-22929.9617326214,-281.76609060360084,1730329496.6722753
-22912.01328182379,-298.26167801161745,1730329496.6766472
-22863.97938298933,-337.1984168527624,1730329496.6804051
-22919.478764471864,-361.53946656459175,1730329496.6855085
-22993.1277624521,-351.2353123706952,1730329496.6894288
-22909.33107248916,-294.84186110995546,1730329496.6925185
-22899.22808399536,-341.4452482992707,1730329496.696345
-22922.317436017685,-386.66282733235687,1730329496.7009313
-22919.54581970523,-337.8242656975109,1730329496.7042053
-22890.890883313525,-266.0751659959753,1730329496.7084863
-22932.10750008911,-310.5104339731257,1730329496.7134311
-22966.618593528103,-371.6871585473011,1730329496.7174978
-22964.673991760494,-317.50652998763684,1730329496.720267
-22916.975369092863,-263.6611775948021,1730329496.724591
-22886.33112744464,-290.70678838572366,1730329496.7284312
-22852.73645552832,-343.9709954227204,1730329496.7325535
-22954.90627943352,-338.0030796531534,1730329496.7362838
-22912.59442717963,-283.42011969329354,1730329496.7404623
-22874.015316249766,-280.9390760587545,1730329496.745294
-22980.923709979503,-382.6618650748569,1730329496.7486613
-22992.01017522933,-402.689028106812,1730329496.7525167
-22893.416630436976,-293.12077678689684,1730329496.7570827
-22833.64806576348,-261.6495205938245,1730329496.76073
-22904.97248232037,-350.9447396927762,1730329496.7646456
-22971.80419824173,-388.9427052667982,1730329496.7685316
-22994.826495030706,-335.32087031851654,1730329496.7724676
-22906.67121489897,-279.1732882467852,1730329496.7769065
-22851.216536905355,-330.11291386043,1730329496.7804573
-22933.7615291788,-388.0039319996753,1730329496.78557
-22962.90820394852,-338.9418529202763,1730329496.7883244
-22926.385453508552,-291.42204420829347,1730329496.79252
-22874.417647649963,-324.6367364688798,1730329496.796557
-22871.891900526512,-363.305254376561,1730329496.8008816
-22944.55742175072,-335.1197046184188,1730329496.804558
-22988.679765305493,-304.85544262593305,1730329496.808627
-22936.22022106889,-338.6736319868126,1730329496.813481
-22933.06862510069,-352.4423065712818,1730329496.8168926
-22933.42625301197,-326.9389661477764,1730329496.8195372
-22885.81703732217,-274.3229596999836,1730329496.8245597
-22870.72960981484,-298.5075472006258,1730329496.8283927
-22890.66736586897,-355.25862637265044,1730329496.8325446
-23001.487314878384,-377.65507431686814,1730329496.8363872
-22982.60009081365,-332.8621784284328,1730329496.8417764
-22909.845162611626,-292.6737418977907,1730329496.844461
-22903.49726718632,-332.0575156280417,1730329496.8475907
-22970.64190753006,-380.9631324962536,1730329496.852457
-22946.09969211813,-315.40546600883795,1730329496.8569963
-22875.78110406173,-260.7778025600675,1730329496.860766
-22893.86366532608,-339.07596338700813,1730329496.865034
-22941.428177526974,-379.2420481731949,1730329496.868584
-22948.580735752672,-323.36268703492726,1730329496.8727703
-22879.04445875221,-284.62711389388016,1730329496.8757598
-22846.299153125183,-302.1285298023856,1730329496.880656
-22915.32134000317,-337.22076859721767,1730329496.884864
-22960.516567291805,-329.21884408221774,1730329496.8886323
-22904.07841254216,-305.3248292594945,1730329496.8930411
-22897.9540345614,-330.1352656048853,1730329496.896633
-22951.39705555404,-363.014681698642,1730329496.900844
-22954.25807884432,-341.9593384217428,1730329496.9035118
-22921.9598081064,-292.6290384088801,1730329496.909124
-22904.927778831458,-305.79421589305593,1730329496.9124975
-22932.35336927812,-365.6074840554576,1730329496.917203
-22975.179311654487,-355.97388219522026,1730329496.9205472
-22912.750889390816,-325.3743440359049,1730329496.9241028
-22909.71105214489,-346.2061698682511,1730329496.927534
-22923.90440987401,-350.9447396927762,1730329496.932227
-22950.01124739781,-339.76886746512264,1730329496.9366703
-22985.90814899304,-323.1838730792848,1730329496.9412696
-22906.045366054223,-332.1469226058629,1730329496.9445608
-22896.14354326052,-367.7979550120777,1730329496.949268
-22945.89852641804,-344.9321204342986,1730329496.951872
-22925.826659897168,-264.4211369062825,1730329496.9557545
-22863.465292866866,-265.2034479622183,1730329496.9596431
-22928.01713085379,-352.68817576029016,1730329496.9637663
-22967.80323598424,-386.5063651211697,1730329496.9688954
-22946.613782240605,-340.90880643234334,1730329496.9733737
-22945.563250251205,-326.693096958768,1730329496.9769728
-22880.229101208344,-302.68732341376824,1730329496.979797
-22893.751906603804,-348.3742890804159,1730329496.9840732
-22945.563250251205,-355.28097811710575,1730329496.9877803
-22913.935531846942,-305.3695327484051,1730329496.9919176
-22875.02114475025,-301.6367914243688,1730329496.9968038
-22921.80334589521,-353.58224553850243,1730329497.001402
-22945.49619501784,-379.5996760844798,1730329497.0048387
-22975.715753521414,-353.64930077186835,1730329497.0079813
-22902.87141834157,-315.2266520531955,1730329497.011796
-22907.788802121737,-326.2460620696619,1730329497.015951
-22944.423311283987,-325.6872684582792,1730329497.0196683
-22903.58667416414,-289.8127186075114,1730329497.0251715
-22890.57795889115,-307.8952798718548,1730329497.0287004
-22946.25615432932,-357.5608560515471,1730329497.0322309
-22999.475657877407,-377.1186324499408,1730329497.0357428
-22959.60014576913,-348.48604780269244,1730329497.0400865
-22881.167874475464,-320.7698846781117,1730329497.0440154
-22928.307703531707,-360.06425143054145,1730329497.048149
-22939.394168781542,-361.27124563112807,1730329497.052168
-22966.797407483748,-309.4599019837263,1730329497.0573208
-22934.052101856723,-286.5940674059472,1730329497.0600116
-22907.833505610648,-345.2673966011282,1730329497.0638523
-22912.2591510128,-401.45968216177016,1730329497.068096
-22902.73730787484,-366.65801604485705,1730329497.0718005
-22937.40486352502,-308.3646665054162,1730329497.076071
-22910.001624822813,-303.8943176143548,1730329497.0799215
-22901.954996818906,-343.88158844489914,1730329497.085416
-22988.478599605394,-332.9068819173434,1730329497.0880144
-22964.875157460592,-279.37445394688297,1730329497.092252
-22929.805270410216,-316.83597765397764,1730329497.0959675
-22948.0666456302,-383.3771208974267,1730329497.1000247
-22953.319305577195,-370.5248678356252,1730329497.1038177
-22924.10557557411,-322.60272772344683,1730329497.1080947
-22897.39524095002,-319.0264486105977,1730329497.113006
-22906.62651141006,-366.7697747671336,1730329497.116136
-22944.0656833727,-381.2537051741726,1730329497.1198866
-22970.418390085502,-356.1079926619521,1730329497.1242917
-22910.225142267365,-295.1994890212404,1730329497.1278365
-22882.39722042051,-309.99634385065366,1730329497.132312
-22922.697415673425,-346.65320475735723,1730329497.1369023
-22912.192095779432,-321.4627887562262,1730329497.1401176
-22844.95804845787,-292.9196110867991,1730329497.1431203
-22894.556569404194,-339.5900535094802,1730329497.1482587
-22998.29101542128,-383.4218243863373,1730329497.15208
-22983.49416059186,-334.8514836849551,1730329497.1562304
-22902.62554915256,-301.8379571244666,1730329497.1601176
-22890.53325540224,-336.9301959192987,1730329497.1638944
-22948.692494474948,-374.4140713708486,1730329497.1682887
-22963.332887093173,-346.67555650181254,1730329497.1708736
-22969.34550635165,-315.8525008979441,1730329497.1754313
-22926.899543631025,-319.2946695440614,1730329497.179979
-22936.041407113244,-382.81832728604405,1730329497.1843853
-22951.084131131665,-363.1934956542845,1730329497.1879845
-22878.28449944073,-317.4171230098156,1730329497.1922765
-22896.38941244953,-346.02735591260864,1730329497.195981
-22977.30272737774,-392.25076344618367,1730329497.199352
-22973.70409652044,-349.6706902588237,1730329497.2030272
-22895.2047699934,-302.2402885246621,1730329497.2082565
-22934.38737802355,-322.178044578796,1730329497.2119796
-22963.80227372673,-364.6687107883348,1730329497.2162628
-22960.20364286943,-363.7299375212118,1730329497.2199671
-22938.20952632541,-322.31215504552785,1730329497.2241104
-22868.94147025841,-302.39675073584925,1730329497.2271173
-22931.25813379981,-353.8057629830555,1730329497.232103
-23001.017928244823,-383.2430104306949,1730329497.2359076
-22966.730352250383,-344.9097686898433,1730329497.240114
-22872.651859837995,-327.14013184787416,1730329497.2439103
-22910.33690098964,-377.7668330391447,1730329497.24715
-22971.379515097084,-390.2838099341166,1730329497.2511556
-22970.01605868532,-343.23338785569524,1730329497.255108
-22969.479616818386,-312.1644630628184,1730329497.2591026
-22927.860668642603,-325.6649167138239,1730329497.2642975
-22944.512718261805,-370.45781260225925,1730329497.268154
-22975.49223607686,-357.71731826273424,1730329497.2723112
-22963.69051500446,-334.5162075181255,1730329497.275607
-22933.470956500885,-372.7600422811559,1730329497.2790337
-22950.480634031373,-384.852336031477,1730329497.283691
-22967.2220906284,-341.91463493283214,1730329497.287054
-22920.73046216136,-297.1217390443968,1730329497.292451
-22921.177497050467,-334.4938557736702,1730329497.296198
-22920.305779016708,-369.9884259686978,1730329497.3003907
-22934.72265419038,-377.0068737276642,1730329497.303066
-22934.85676465712,-360.28776887509457,1730329497.3077044
-22910.515714945283,-323.27328005710604,1730329497.3110657
-22936.10846234661,-352.68817576029016,1730329497.3153603
-23001.196742200464,-386.93104826582055,1730329497.319105
-23006.5835126142,-339.9029779318545,1730329497.324607
-22916.841258626137,-297.63582916686886,1730329497.328186
-22894.44481068192,-340.6852889877903,1730329497.331772
-22991.8760647626,-386.88634477690994,1730329497.3354373
-23001.576721856203,-368.3343968790051,1730329497.3392787
-22937.136642591555,-340.64058549887966,1730329497.3437088
-22932.576886722672,-366.3450916224828,1730329497.347255
-22968.362029595617,-393.88244079142106,1730329497.3522844
-22986.10931469313,-370.48016434671456,1730329497.356767
-22931.191078566444,-312.70090492974583,1730329497.3593347
-22886.66640361147,-337.7125069752344,1730329497.363366
-22947.217279340897,-393.6812750913233,1730329497.3675177
-22985.05878270373,-375.5540103380693,1730329497.3713264
-22953.475767788383,-325.82137892501106,1730329497.3756256
-22911.856819612603,-356.3538618509605,1730329497.3802972
-22939.50592750382,-426.8065603740884,1730329497.3837168
-23005.51062888034,-395.0670832475523,1730329497.3873448
-22951.44175904295,-313.2373467966732,1730329497.3918328
-22893.573092648163,-309.37049500590507,1730329497.3952265
-22922.183325550955,-363.9758067102202,1730329497.3994515
-22989.797352528258,-379.1302894509184,1730329497.4034023
-22926.11723257509,-338.6959837312679,1730329497.4084487
-22876.0493249952,-309.4151984948157,1730329497.4112504
-22973.03354418678,-406.4217694308483,1730329497.415615
-23038.79237637429,-425.17488302885096,1730329497.4193616
-23020.26278022084,-331.16344584982943,1730329497.4237988
-22922.786822651247,-282.5707534039919,1730329497.4273703
-22928.77709016527,-345.2003413677623,1730329497.4319353
-22978.19679715596,-397.1457954818959,1730329497.436284
-22968.63025052908,-364.0205101991308,1730329497.4394257
-22932.845107656136,-331.3199080610166,1730329497.4436712
-22936.711959446904,-368.5579143235582,1730329497.447605
-22981.370744868607,-433.7132494107783,1730329497.4515586
-22998.98391949939,-404.432464174326,1730329497.455398
-22929.358235521107,-325.41904752481554,1730329497.4595363
-22892.12022925857,-344.4850855451925,1730329497.4634142
-22917.40005223752,-387.6686558328457,1730329497.467806
-22970.75366625233,-391.44610064579257,1730329497.4703462
-22980.901358235045,-341.0652686435305,1730329497.4754877
-22932.64394195604,-351.50353330415885,1730329497.4793196
-23017.289998208285,-449.493580996225,1730329497.4833994
-23018.47464066441,-431.5898336875241,1730329497.4875312
-22921.87040112858,-351.9058647043544,1730329497.4928524
-22893.595444392617,-353.8504664719661,1730329497.4954908
-22969.50196856284,-405.0359612746193,1730329497.4987607
-23030.857507092656,-408.0087432871752,1730329497.503481
-22967.579718539684,-343.9262919338097,1730329497.5077145
-22894.087182770632,-333.01864063961995,1730329497.5115323
-22906.045366054223,-378.303274906072,1730329497.5156405
-22971.53597730827,-404.141891496407,1730329497.5193708
-22966.64094527256,-359.6172165414353,1730329497.5226605
-22885.43705766643,-343.8145332115332,1730329497.5266876
-22885.19118847742,-382.2148301857508,1730329497.5307624
-22985.21524491492,-415.6753916353454,1730329497.5356083
-22984.74585828136,-378.0350539726084,1730329497.5396187
-22974.173483154,-351.4141263263376,1730329497.54365
-22938.477747258872,-373.3411876369939,1730329497.546445
-22982.778904769293,-428.304127252594,1730329497.550783
-23007.79050681478,-401.5490891395914,1730329497.5546834
-22918.40588073801,-320.9039951448435,1730329497.5596576
-22897.551703161207,-323.63090796839094,1730329497.5635903
-22983.382401869585,-407.0029147866863,1730329497.568078
-22977.30272737774,-375.464603360248,1730329497.5716944
-22918.74115690484,-322.35685853443846,1730329497.5750556
-22843.304019368177,-344.19451286727343,1730329497.578484
-22933.69447394544,-413.7084381232784,1730329497.5831327
-23037.473623451428,-428.6394034194236,1730329497.5867152
-23007.477582392406,-339.6124052539355,1730329497.5921564
-22947.217279340897,-331.52107376111434,1730329497.595534
-22968.429084828986,-431.366316242971,1730329497.5996194
-23011.36678592763,-464.4468980368255,1730329497.6026545
-22992.256044418344,-384.628818586924,1730329497.6066377
-22880.631432608538,-302.39675073584925,1730329497.6106
-22903.02788055276,-357.6726147738236,1730329497.6153226
-22964.316363849208,-405.3265339525383,1730329497.6195226
-22944.669180473,-332.437495283782,1730329497.6240904
-22910.11338354509,-327.2518905701507,1730329497.6270716
-22938.030712369768,-392.85426054647695,1730329497.6305687
-22983.15888442504,-401.6608478618679,1730329497.635279
-22980.40961985703,-370.6142748134464,1730329497.638846
-22977.816817500214,-365.04869044407496,1730329497.6431568
-22934.25326755682,-384.87468777593233,1730329497.648322
-22951.26294508731,-415.0271910461415,1730329497.6519203
-23007.79050681478,-403.6054496294796,1730329497.6548457
-22991.92076825151,-328.7718091931116,1730329497.6592233
-22929.9617326214,-345.2003413677623,1730329497.662783
-22973.100599420144,-432.7297726547448,1730329497.6672015
-23000.436782888984,-426.6053946739906,1730329497.6706405
-22938.276581558774,-364.2663793881392,1730329497.674791
-22854.36813287355,-332.21397783922885,1730329497.6796608
-22933.91799138999,-384.4500046312815,1730329497.682774
-22999.0286229883,-378.34797839498265,1730329497.6867547
-22954.25807884432,-335.99142265217574,1730329497.6906648
-22905.687738142937,-322.62507946790214,1730329497.6946812
-22959.846014958148,-406.91350780886506,1730329497.6988711
-23019.65928312055,-447.6607379508898,1730329497.7027583
-22967.24444237285,-360.3324723640052,1730329497.7078795
-22913.7120144024,-320.5910707224692,1730329497.7108688
-22910.023976567267,-382.7959755415888,1730329497.7149432
-22974.776980254293,-410.400379943893,1730329497.7188096
-22994.93825375298,-378.05740571706366,1730329497.722937
-22965.277488860786,-356.4879723176924,1730329497.7269263
-22950.30182007573,-386.0369784876083,1730329497.7309723
-22950.905317176024,-422.6714876498565,1730329497.735772
-22998.29101542128,-393.4354059023149,1730329497.7388997
-22984.38823037008,-355.1021641614633,1730329497.7419927
-22975.849863988147,-404.3430571965048,1730329497.7469923
-22960.69538124745,-420.2127957597728,1730329497.750857
-22947.97723865238,-380.4043388848709,1730329497.7548072
-22953.78869221076,-355.4374403282929,1730329497.7586882
-22928.486517487352,-359.9748444527202,1730329497.762711
-22944.982104895367,-408.72399910974497,1730329497.765753
-22996.59228284267,-416.7929788581108,1730329497.7697277
-22972.36299185312,-364.0205101991308,1730329497.7747772
-22911.81211612369,-338.5842250089914,1730329497.7787604
-22938.410692025507,-414.334286968027,1730329497.7827847
-23014.02664351781,-437.334232012538,1730329497.7867675
-22918.51763946028,-349.80480072555554,1730329497.790832
-22915.030767325257,-364.1546206658626,1730329497.7937984
-22976.67687853299,-396.6093536149685,1730329497.7979023
-23009.064556248733,-417.1282550249404,1730329497.8027744
-22998.51453286583,-407.785225842622,1730329497.806908
-22915.835430125648,-351.77175423762253,1730329497.8109243
-22903.854895097604,-363.55112356556936,1730329497.8156557
-22960.80713996973,-421.2409760047169,1730329497.818042
-22951.173538109488,-362.2547223871616,1730329497.8218706
-22908.973444577867,-304.38605599237155,1730329497.8259351
-22853.474063095346,-384.1370802089072,1730329497.830147
-22941.629343227072,-430.2263772757504,1730329497.8350613
-23025.69425412348,-400.6997228502897,1730329497.8390677
-22963.71286674892,-343.99334716717567,1730329497.843214
-22947.77607295228,-371.0389579580972,1730329497.8471134
-22972.49710231985,-441.9386913703312,1730329497.8501508
-23002.15786721204,-448.3089385400938,1730329497.854079
-22956.269735845297,-359.9077892193543,1730329497.859058
-22932.621590211584,-336.2819953300948,1730329497.8631396
-22952.76051196581,-403.80661532957737,1730329497.867198
-23024.710777367447,-448.21953156227255,1730329497.869971
-23006.35999516964,-403.5830978850243,1730329497.8745415
-22895.76356360478,-324.1226463464077,1730329497.8779204
-22856.446845107897,-357.38204209590464,1730329497.882487
-22943.2163170834,-399.02334201614167,1730329497.8860817
-22985.818742015214,-372.7823940256112,1730329497.891228
-22974.329945365185,-379.1302894509184,1730329497.8950424
-22965.1210266496,-403.8289670740327,1730329497.8983989
-22981.773076268804,-396.3858361704155,1730329497.9020386
-23026.096585523675,-379.9349522513094,1730329497.9063568
-22946.50202351833,-343.4792570447036,1730329497.91009
-22980.767247768315,-388.7862430556111,1730329497.914049
-23014.630140618105,-449.4265257628591,1730329497.9191012
-22989.46207636143,-378.1244609504296,1730329497.923178
-22917.824735382168,-307.3141345160168,1730329497.9262023
-22915.2095812809,-352.8669897159326,1730329497.9300313
-22966.10450340564,-455.2156275767836,1730329497.9340982
-22929.24647679883,-403.4936909072031,1730329497.9381895
-22885.079429755144,-315.6066317089357,1730329497.9421215
-22953.81104395521,-354.58807403899124,1730329497.947334
-23013.89253305108,-400.207984472273,1730329497.9512944
-23000.41443114453,-411.94265031130914,1730329497.9543128
-22962.79644522625,-365.8086497555554,1730329497.958242
-22922.63036044006,-352.33054784900526,1730329497.9621172
-22935.080282101662,-408.9698682987533,1730329497.9662323
-22972.139474408566,-425.0631243065744,1730329497.970091
-22983.784733269786,-396.0058565146752,1730329497.974285
-23009.93627428249,-417.91056608087615,1730329497.9792972
-22961.768264981303,-392.3178186795496,1730329497.9822955
-23021.156849999054,-413.0378857896192,1730329497.9863627
-22998.31336716573,-392.4295774018261,1730329497.9903836
-22860.850138765592,-317.55123347654745,1730329497.9941068
-22931.39224426654,-368.40145211237103,1730329497.9981585
-23026.40950994605,-431.2545575206945,1730329498.0031102
-22974.68757327647,-376.0904522049966,1730329498.006244
-22929.02295935428,-359.46075433024816,1730329498.009352
-22953.49811953284,-395.6482286033903,1730329498.014218
-23025.69425412348,-434.2273395332503,1730329498.0184467
-23034.36673097214,-411.0709322775522,1730329498.0222847
-22956.58266026767,-346.69790824626784,1730329498.0264895
-22933.71682568989,-373.96703648174247,1730329498.0313473
-22979.627308801093,-433.8697116219654,1730329498.0341933
-23011.83617256119,-422.9397085833202,1730329498.037367
-22963.288183604265,-372.9165044923431,1730329498.0424752
-22951.26294508731,-381.83485053001056,1730329498.046434
-22980.320212879207,-441.2234355477614,1730329498.0508118
-22983.11418093612,-429.1981970308062,1730329498.054196
-22982.331869880185,-365.3169113775386,1730329498.0582612
-22956.15797712302,-344.9097686898433,1730329498.06227
-22938.85772691461,-391.35669366797134,1730329498.0652816
-22987.517474593817,-410.6686008773567,1730329498.0702472
-22984.09765769216,-380.0914144624966,1730329498.074499
-22957.856709701624,-380.5831528405134,1730329498.078437
-22951.73233172087,-410.9591735552757,1730329498.082207
-22959.98012542488,-379.9126005068541,1730329498.086256
-22994.625329330604,-361.8523909869661,1730329498.090315
-22934.700302445926,-342.92046343332095,1730329498.0934954
-22925.5137354748,-378.8397167729994,1730329498.0974624
-22972.16182615302,-423.0291155611415,1730329498.102284
-22988.568006583217,-395.0000280141864,1730329498.1065028
-22971.334811608176,-374.0117399706531,1730329498.1103244
-22974.620518043102,-416.882385835932,1730329498.114574
-23005.33181492469,-454.4333165208479,1730329498.1185408
-22968.429084828986,-388.4733186332368,1730329498.1213405
-22944.937401406456,-338.338355819983,1730329498.1255512
-22928.285351787254,-370.949550980276,1730329498.1304965
-22974.173483154,-439.2341302912391,1730329498.1345236
-22990.73612579538,-420.7715893711554,1730329498.138416
-22936.62255246908,-361.53946656459175,1730329498.1418269
-22945.3173810622,-364.4898968326923,1730329498.1454847
-22993.708907807937,-427.1194847964626,1730329498.1493835
-22998.93921601048,-424.79490337311074,1730329498.1534383
-22987.20455017144,-375.4869551047033,1730329498.1585596
-22947.954886907923,-366.36744336693806,1730329498.162526
-22966.909166206024,-419.8104643595772,1730329498.1666217
-23000.526189866807,-429.93580459783135,1730329498.1694808
-22986.08696294868,-383.3547691529714,1730329498.1736164
-22944.222145583888,-364.7804695106113,1730329498.1774387
-22954.86157594461,-411.9202985668538,1730329498.181634
-22997.955739254445,-442.430429748348,1730329498.1853764
-22966.75270399484,-397.6151821154573,1730329498.1906128
-22875.57993836164,-355.7280130062119,1730329498.1943903
-22946.54672700724,-387.33337966601607,1730329498.1976695
-23008.662224848536,-435.9931273452196,1730329498.2016883
-22940.77997693777,-405.7735688416444,1730329498.2056494
-22983.69532629196,-376.6045423274687,1730329498.2096715
-22985.90814899304,-381.18664994080666,1730329498.2136924
-22987.673936805004,-405.9523827972869,1730329498.2185931
-23009.15396322656,-404.94655429679807,1730329498.2227273
-22965.232785371874,-361.53946656459175,1730329498.2256627
-22952.0676078877,-382.7512720526781,1730329498.2297115
-22976.87804423309,-443.7715344156664,1730329498.233687
-22971.71479126392,-410.2439177327058,1730329498.2376468
-22961.477692303382,-359.08077467450795,1730329498.2415462
-22995.877027020106,-389.41209190035966,1730329498.246497
-22970.619555785604,-403.4936909072031,1730329498.2495985
-23008.41635565953,-412.5237956671472,1730329498.2535424
-22978.576776811693,-374.63758881540167,1730329498.2577028
-22938.05306411422,-365.1380974218962,1730329498.2615085
-22974.01702094281,-421.9338800828314,1730329498.2656708
-23040.37935023061,-437.624804690457,1730329498.269539
-23000.906169522543,-394.6424001029015,1730329498.274748
-22831.211725617854,-382.4606993747592,1730329498.277589
-22849.89778398249,-435.9707756007643,1730329498.2817285
-23046.190803789,-443.6821274378452,1730329498.2855632
-23033.964399571945,-353.40343158286,1730329498.2897668
-23003.677785835003,-324.3461637909608,1730329498.2935631
-22971.11129416362,-375.4869551047033,1730329498.2977717
-22997.41929738752,-438.51887446866925,1730329498.302559
-23024.35314945616,-426.6277464184459,1730329498.305775
-22955.95681142292,-359.43840258579286,1730329498.3087573
-22884.319470443665,-381.0301877296195,1730329498.313639
-23049.87884162412,-530.7198203468109,1730329498.3176072
-23111.74847027641,-511.51967185970216,1730329498.3217273
-23003.856599790648,-309.8398816394665,1730329498.3257806
-22989.26091066133,-468.4702120387808,1730329498.330873
-23005.801201558257,-494.6888082848559,1730329498.3337903
-23005.287111435788,-327.6989254592568,1730329498.3367188
-22967.669125517503,-326.0448963695641,1730329498.3417823
-22923.47972672936,-336.43845754128193,1730329498.3459125
-22958.907241691024,-395.84939430348805,1730329498.349924
-23005.287111435788,-399.6715426053456,1730329498.3537748
-22988.0762682052,-357.80672524055547,1730329498.357945
-22942.85868917212,-343.90394018935444,1730329498.3617623
-22958.527262035284,-401.884365306421,1730329498.3649237
-23000.034451488787,-426.0689528070632,1730329498.3697424
-22994.96060549744,-381.7454435521893,1730329498.3739245
-22949.228936341875,-350.0059664256533,1730329498.3777003
-22955.330962578173,-400.11857749445176,1730329498.3817923
-23003.722489323914,-440.7987524031106,1730329498.3847969
-23006.963492269933,-391.5355076236138,1730329498.3888705
-22960.0695324027,-347.6366815133907,1730329498.3928273
-22952.76051196581,-387.26632443265015,1730329498.3969853
-22991.809009529235,-429.86874936446543,1730329498.4019053
-23006.427050403006,-398.755121082678,1730329498.4059608
-22962.08118940368,-348.6201582694243,1730329498.409976
-22939.72944494837,-370.12253643542965,1730329498.4129753
-22983.65062280305,-425.3089934955828,1730329498.4169252
-23011.63500686109,-411.6297258889349,1730329498.4209623
-22975.33577386568,-356.37621359541583,1730329498.4260488
-22940.15412809302,-363.2605508876504,1730329498.4299405
-22965.433951071973,-417.7764556141443,1730329498.4339294
-23006.47175389192,-421.2633277491722,1730329498.4377851
-22986.69046004897,-366.8144782560442,1730329498.44088
-22943.953924650425,-357.0020624401644,1730329498.4449792
-22962.818796970703,-409.0816270210299,1730329498.4490054
-23001.93434976749,-419.7657608706666,1730329498.452902
-22996.45817237594,-373.29648414808327,1730329498.4580233
-22949.60891599761,-345.33445183449413,1730329498.462041
-22958.86253820212,-394.4859378917144,1730329498.4659362
-22995.944082253467,-418.335249225527,1730329498.4688542
-22983.605919314137,-363.2605508876504,1730329498.4728951
-22935.840241413145,-326.2460620696619,1730329498.4768496
-22929.64880819903,-364.6016555549688,1730329498.4810884
-22973.54763430925,-404.54422289660255,1730329498.4858851
-22986.31048039323,-367.820306756533,1730329498.489885
-22944.69153221745,-324.0779428574971,1730329498.4938977
-22931.749872177825,-354.1633908943404,1730329498.4970205
-22982.331869880185,-406.17590024184,1730329498.5009985
-22998.603939843648,-374.5034783486698,1730329498.5050764
-22960.583622525173,-322.4239137678044,1730329498.5089808
-22936.600200724628,-338.8747976869104,1730329498.514058
-22972.988840697868,-395.7599873256668,1730329498.5181222
-23001.464963133927,-383.48887961970325,1730329498.5210907
-22975.916919221512,-329.4647132712261,1730329498.5251272
-22944.2668490728,-331.52107376111434,1730329498.5290616
-22966.506834805827,-381.5889813410022,1730329498.5333748
-23002.3813846566,-383.9359145088094,1730329498.537164
-22982.331869880185,-332.1245708614076,1730329498.541312
-22941.7634536938,-319.7640561776228,1730329498.5460644
-22958.84018645766,-376.4257283718263,1730329498.5492315
-23002.78371605679,-398.1292722379294,1730329498.5530047
-22992.054878718245,-341.4005448103601,1730329498.557279
-22939.97531413738,-306.80004439354474,1730329498.5611246
-22946.278506073777,-355.23627462819513,1730329498.565222
-22997.41929738752,-391.5802111125244,1730329498.5692563
-23000.436782888984,-357.9408357072873,1730329498.5742729
-22952.916974177,-316.54540497605865,1730329498.577056
-22942.903392661025,-351.078850159508,1730329498.5813415
-22984.00825071433,-393.368350668949,1730329498.5851889
-22995.45234387545,-361.047728186575,1730329498.58937
-22951.91114567652,-312.8350153964777,1730329498.5930872
-22932.040444855746,-336.32669881900534,1730329498.597298
-22977.235672144376,-390.70849307876745,1730329498.602176
-23004.66126259104,-373.1400219368961,1730329498.605369
-22962.19294812596,-314.9137276308212,1730329498.6093357
-22926.027825597263,-322.178044578796,1730329498.6133797
-22957.63319225707,-375.3528446379715,1730329498.6172116
-22990.69142230647,-370.368405624438,1730329498.6212554
-22959.71190449141,-311.5609659625252,1730329498.6254108
-22919.858744127603,-305.4142362373157,1730329498.6293204
-22945.80911944021,-362.27707413161687,1730329498.632413
-22990.423201373007,-376.6045423274687,1730329498.636291
-22976.766285510814,-325.6649167138239,1730329498.641338
-22936.0637588577,-311.985649107176,1730329498.6451552
-22947.284334574266,-361.49476307568113,1730329498.6493084
-22987.182198426988,-376.8951150053877,1730329498.6532173
-22984.36587862562,-331.4540185277484,1730329498.6574204
-22942.076378116177,-305.23542228167327,1730329498.6601963
-22937.51662224729,-347.144943135374,1730329498.6644986
-22971.580680797186,-377.2750946611279,1730329498.669187
-22972.921785464503,-333.64448948436853,1730329498.673384
-22935.840241413145,-299.1110443009191,1730329498.6772316
-22926.11723257509,-336.75138196365623,1730329498.6814437
-22969.16669239601,-381.76779529664464,1730329498.6852384
-22985.55052108175,-347.5025710466589,1730329498.6884675
-22936.175517579977,-289.1645180183075,1730329498.6923964
-22910.06868005617,-312.29857352955025,1730329498.6974428
-22950.882965431567,-368.2673416456392,1730329498.70144
-22978.68853553397,-352.531713549103,1730329498.7054996
-22947.10552061862,-300.31803850150567,1730329498.7094667
-22913.980235335857,-304.6766286702906,1730329498.7122428
-22948.73719796386,-362.0088531981532,1730329498.7164743
-22986.35518388214,-362.9252747208208,1730329498.7203026
-22958.281392846275,-305.9730298486984,1730329498.7254803
-22920.46224122789,-298.082864055975,1730329498.729481
-22939.8188519262,-350.3412425924829,1730329498.7334976
-22985.572872826204,-366.99329221168665,1730329498.7363436
-22960.673029502992,-300.31803850150567,1730329498.7405436
-22911.901523101515,-278.8156603355003,1730329498.7443266
-22919.836392383146,-329.2635475711284,1730329498.748526
-22959.51073879132,-354.02928042760857,1730329498.7523942
-22953.989857910856,-306.8447478824553,1730329498.757548
-22914.337863247143,-281.050834781031,1730329498.7613811
-22908.034671310743,-318.3111927880279,1730329498.7643723
-22950.34652356464,-358.3208153630275,1730329498.7683485
-22966.35037259464,-326.5813382364915,1730329498.7726085
-22921.848049384123,-279.8438405804444,1730329498.7765884
-22907.274711999264,-308.7893496500671,1730329498.7806172
-22953.989857910856,-361.4500595867705,1730329498.7854357
-22982.75655302484,-343.94864367826506,1730329498.7895916
-22943.97627639488,-292.6737418977907,1730329498.7926087
-22914.56138069169,-310.1751578062961,1730329498.7964673
-22944.84799442864,-360.3548241084605,1730329498.8005855
-22977.436837844474,-354.8562949724549,1730329498.8046408
-22946.01028514031,-295.9370965882655,1730329498.8086815
-22908.72757538886,-299.1557477898297,1730329498.813672
-22931.079319844168,-351.19060888178456,1730329498.8177164
-22963.71286674892,-347.65903325784603,1730329498.8206563
-22950.70415147593,-299.60278267893585,1730329498.8246956
-22911.946226590426,-293.6572186538242,1730329498.828627
-22927.63715119805,-346.9661291797315,1730329498.832708
-22973.659393031525,-363.1934956542845,1730329498.8365197
-22969.30080286274,-316.03131485358654,1730329498.84068
-22924.82083139668,-287.2646197396064,1730329498.8457632
-22925.15610756351,-321.8651201564217,1730329498.8485892
-22962.327058592684,-352.4646583157371,1730329498.8524656
-22970.1725208965,-319.2052625662401,1730329498.8565447
-22932.509831489308,-289.0974627849416,1730329498.8604753
-22915.88013361456,-316.03131485358654,1730329498.8647118
-22957.141453879056,-359.68427177480123,1730329498.8684871
-22968.69730576245,-325.39669578036023,1730329498.8726752
-22918.62939818256,-271.5513433875255,1730329498.875674
-22897.52935141675,-298.93223034527665,1730329498.8809528
-22941.003494382323,-353.69400426077897,1730329498.88476
-22970.08311391868,-329.4423615267708,1730329498.8886514
-22933.672122200984,-278.03334927956456,1730329498.89294
-22901.351499718607,-289.6115529074136,1730329498.8967805
-22936.77901468027,-347.2119983687399,1730329498.900781
-22973.726448264893,-347.2567018576505,1730329498.9036229
-22942.97044789439,-292.07024479749737,1730329498.908672
-22903.139639275032,-286.504660428126,1730329498.9128225
-22932.398072767028,-347.949605935765,1730329498.9168036
-22972.921785464503,-359.72897526371185,1730329498.9207149
-22950.145357864545,-301.65914316882413,1730329498.9248283
-22900.792706107222,-279.5756196469807,1730329498.928632
-22914.337863247143,-334.2703383291171,1730329498.931821
-22961.45534055893,-361.8970944758767,1730329498.9356203
-22955.666238745005,-317.1041985874413,1730329498.9408429
-22910.91804634548,-285.34236971645,1730329498.9447265
-22911.81211612369,-321.4851405006815,1730329498.9487748
-22950.994724153847,-353.8951699608768,1730329498.952636
-22955.59918351164,-315.6513351978463,1730329498.956952
-22920.21637203889,-278.36862544639416,1730329498.959798
-22913.689662657936,-316.36659102041614,1730329498.963959
-22958.88488994657,-366.2109811557509,1730329498.9687283
-22974.68757327647,-334.04682088456406,1730329498.972937
-22933.470956500885,-283.71069237121253,1730329498.9767408
-22909.800459122715,-305.0789600704861,1730329498.9799745
-22954.168671866497,-368.2673416456392,1730329498.984238
-22977.570948311204,-342.89811168886564,1730329498.987857
-22936.55549723572,-276.826355078978,1730329498.9922495
-22909.889866100537,-290.8856023413661,1730329498.9971864
-22934.20856406791,-339.3441843204718,1730329499.0011697
-22966.39507608355,-334.7620767071339,1730329499.004907
-22933.023921611777,-273.9653317886987,1730329499.0084677
-22889.460371668385,-266.1198694848859,1730329499.0118337
-22910.895694601026,-320.501663744648,1730329499.01603
-22958.370799824097,-338.9865564091869,1730329499.0199196
-22941.316418804698,-283.73304411566784,1730329499.0241036
-22900.904464829506,-265.89635204033283,1730329499.0288906
-22912.907351602003,-320.3228497890055,1730329499.0329723
-22958.88488994657,-350.3859460813935,1730329499.0358124
-22951.084131131665,-293.6795703982795,1730329499.039846
-22901.887941585537,-262.4318316497602,1730329499.04381
-22897.03761303873,-307.403541493838,1730329499.0478754
-22947.99959039684,-348.3295855915053,1730329499.052888
-22966.77505573929,-321.1051608449413,1730329499.0570767
-22922.697415673425,-280.4249859362824,1730329499.0609252
-22901.262092740788,-303.71550365871235,1730329499.064312
-22944.64682872854,-351.52588504861416,1730329499.0684233
-22963.824625471192,-329.3976580378602,1730329499.0726469
-22927.2124680534,-285.1412040163522,1730329499.076136
-22901.41855495197,-297.56877393350294,1730329499.0800416
-22931.571058222184,-344.39567856737125,1730329499.0851638
-22955.06274164471,-327.38600103688253,1730329499.089162
-22921.266904028285,-277.34044520145005,1730329499.0922964
-22888.67806061245,-284.11302377140805,1730329499.0960906
-22926.877191886568,-345.5356175345919,1730329499.1005805
-22965.25513711633,-350.9000362038656,1730329499.1041217
-22933.91799138999,-283.08484352646394,1730329499.107993
-22888.119267001068,-269.15970673080767,1730329499.1130407
-22906.045366054223,-324.25675681313953,1730329499.116324
-22960.471863802893,-356.8903037178879,1730329499.1200056
-22946.47967177387,-298.66400941181297,1730329499.124632
-22890.39914493551,-257.246226936129,1730329499.1279583
-22921.62453193957,-267.8633055523998,1730329504.1349373
-22954.191023610954,-289.72331162969016,1730329504.1389916
-22935.929648390967,-235.8556074924001,1730329504.14287
-22882.01724076477,-179.03747308700957,1730329504.1470416
-22904.32428173117,-259.5708083594809,1730329504.150842
-22931.079319844168,-285.34236971645,1730329504.154317
-22945.87617467358,-230.0888574229309,1730329504.157933
-22903.92195033097,-194.6836942057245,1730329504.163088
-22891.67319436946,-251.07714546646423,1730329504.1669683
-22905.665386398483,-272.06543350999755,1730329504.1710532
-22989.1268001946,-256.8215437914782,1730329504.1748433
-22956.11327363411,-210.7545984690903,1730329504.178968
-22890.108572257588,-205.3901797998166,1730329504.182053
-22896.47881942735,-254.04992747902008,1730329504.187385
-22958.95194517993,-271.70780559871264,1730329504.190774
-22965.38924758306,-229.7982847450119,1730329504.1951897
-22933.828584412167,-261.537761871548,1730329504.1989565
-22935.6167239686,-310.26456478411734,1730329504.2031436
-22904.994834064822,-241.60000581741403,1730329504.2070024
-22875.602290106093,-169.89560960478897,1730329504.2097828
-22911.58859867914,-206.88774667832217,1730329504.2143092
-22929.9617326214,-256.79919204702287,1730329504.2187984
-22929.20177330992,-272.5124683991037,1730329504.2229505
-22937.360160036107,-239.96832847217664,1730329504.226906
-22969.21139588492,-211.20163335819643,1730329504.2313292
-22898.557531661696,-229.61947078936944,1730329504.2348576
-22923.70324417392,-291.37734071938286,1730329504.2380154
-22933.895639645536,-244.43867736323804,1730329504.2428768
-22923.747947662825,-195.4436535172049,1730329504.247082
-22922.25038078432,-239.72245928316823,1730329504.250883
-22886.08525825564,-270.76903233158976,1730329504.255057
-22898.512828172785,-204.98784839962107,1730329504.2580824
-22945.138567106555,-197.23179307362952,1730329504.262296
-22912.884999857542,-268.6456166083356,1730329504.26631
-22926.78778490875,-267.7738985745786,1730329504.270304
-22960.360105080617,-220.83523521843367,1730329504.2751484
-22937.538973991752,-191.42033951524968,1730329504.2791028
-22886.48758965583,-206.1277873668417,1730329504.2832873
-22900.949168318413,-273.9653317886987,1730329504.286276
-22997.732221809893,-324.0779428574971,1730329504.290142
-22943.462186272405,-229.01597368907616,1730329504.2940056
-22858.793778275704,-186.86058364636705,1730329504.2980435
-22916.72949990386,-255.8157152909893,1730329504.302954
-22981.50485533534,-273.54064864404785,1730329504.3070912
-22958.080227146176,-235.96736621467667,1730329504.3110373
-22898.95986306189,-212.0286479030428,1730329504.31405
-22928.844145398634,-278.97212254668744,1730329504.3179088
-22997.799277043257,-300.8544803684331,1730329504.3220887
-22937.293104802746,-238.0237267045649,1730329504.325997
-22884.23006346584,-215.49316829361533,1730329504.331225
-22965.54570979425,-249.24430242112905,1730329504.3352065
-22954.12396837759,-267.4162706632937,1730329504.3391488
-22876.42930465094,-209.99463915760987,1730329504.34199
-22943.43983452795,-232.3910871018276,1730329504.3462615
-22968.63025052908,-259.8837327818552,1730329504.350374
-22958.30374459073,-273.27242771058417,1730329504.35428
-22965.858634216624,-270.0984799979305,1730329504.3583057
-22935.102633846123,-210.62048800235848,1730329504.3633366
-22902.53614217474,-243.0975726959196,1730329504.367027
-22925.021997096777,-304.274297270095,1730329504.3706677
-22953.274602088288,-262.49888688312615,1730329504.3746371
-22923.07739532917,-214.48733979312647,1730329504.3781955
-22901.01622355178,-234.4474475917158,1730329504.3822885
-22941.65169497153,-257.9838345031541,1730329504.3867424
-22981.43780010197,-255.8827705243553,1730329504.391692
-22969.189044140465,-210.57578451344784,1730329504.3942797
-22969.72548600739,-243.2093314181961,1730329504.3982196
-22988.23273041639,-293.5231081870924,1730329504.402264
-22965.79157898326,-269.2044102197183,1730329504.4065883
-22910.35925273409,-204.0490751324982,1730329504.4102075
-22867.82388303565,-194.3260662944396,1730329504.4141266
-22922.339787762143,-261.4260031492714,1730329504.4192588
-22920.55164820572,-296.63000066638006,1730329504.4226987
-22976.74393376636,-264.3764334173719,1730329504.4262316
-22959.0190004133,-217.7059909946908,1730329504.4307775
-22942.74693044984,-255.01105249059827,1730329504.4341028
-23026.811841346247,-315.78544566457816,1730329504.4383
-23044.7379403994,-300.5862594349694,1730329504.4421728
-22883.2018832209,-177.96458935315482,1730329504.4473045
-22829.89297269499,-192.9849616271212,1730329504.4501848
-22927.748909920327,-279.30739871351705,1730329504.4544504
-22985.99755597085,-276.8710585678886,1730329504.4582825
-22973.681744775982,-232.68165977974647,1730329504.4629383
-22923.189154051444,-191.8003191709899,1730329504.466624
-22943.931572905967,-253.1782094452631,1730329504.4706917
-22979.40379135654,-269.5843898754585,1730329504.4752898
-22945.25032582883,-249.0654884654866,1730329504.4783847
-22894.802438593204,-246.8750175088665,1730329504.4818692
-22939.036540870256,-258.76614555908986,1730329504.4864829
-22960.516567291805,-253.87111352337763,1730329504.490198
-22939.237706570355,-227.2278341326516,1730329504.4945276
-22901.463258440883,-215.5602235269813,1730329504.498426
-22961.70120974794,-273.85357306642214,1730329504.5023167
-23021.670940121527,-299.3569134899275,1730329504.505783
-22946.54672700724,-220.18703462922988,1730329504.509369
-22889.57213039066,-182.47964173312687,1730329504.514867
-22919.54581970523,-222.1316363968416,1730329504.5182517
-22966.909166206024,-284.2918377270505,1730329504.5229273
-22965.00926792732,-244.3716221298721,1730329504.5263903
-22966.909166206024,-181.6526271882805,1730329504.5296035
-22953.69928523294,-237.375526115361,1730329504.5333796
-22969.390209840563,-302.9108408583213,1730329504.53771
-23003.49897187936,-314.2208235527067,1730329504.5423715
-22962.237651614865,-248.66315706529107,1730329504.546754
-22931.571058222184,-223.22687187515163,1730329504.5503953
-22941.070549615688,-291.1761750192851,1730329504.5546117
-22931.571058222184,-253.04409897853125,1730329504.557598
-22914.1590492915,-191.59915347089213,1730329504.5620668
-22899.161028761988,-204.56316525497024,1730329504.5655077
-22973.63704128707,-269.71850034219034,1730329504.5696485
-23018.29582670877,-300.7427216461565,1730329504.574983
-22998.02279448781,-221.84106371892256,1730329504.5785356
-22918.49528771583,-211.8498339474004,1730329504.5824454
-22945.742064206846,-276.2899132120506,1730329504.5854156
-22931.995741366834,-263.23649445015127,1730329504.589574
-22972.430047086484,-222.26574686357344,1730329504.5934105
-22966.99857318385,-222.60102303040304,1730329504.5974257
-22989.41737287252,-308.18585254977376,1730329504.6025355
-23004.50480037985,-321.4180852673156,1730329504.6066396
-22908.504057944305,-216.18607237172992,1730329504.6105103
-22882.39722042051,-176.5787811969258,1730329504.613449
-22900.39037470703,-227.40664808829405,1730329504.6173692
-22967.847939473148,-283.6659888823019,1730329504.6215556
-22968.69730576245,-264.2870264395507,1730329504.6253903
-22925.5137354748,-222.4445608192159,1730329504.6305826
-22900.61389215158,-259.07906998146416,1730329504.6343577
-22951.77703520978,-291.7796721195784,1730329504.6377213
-22993.21716942992,-265.35991017340547,1730329504.6416404
-22950.033599142265,-210.91106068027744,1730329504.6454456
-22906.24653175432,-229.88769172283315,1730329504.649401
-22874.37294416105,-256.5086193691038,1730329504.6534576
-22988.25508216084,-285.1412040163522,1730329504.657518
-23006.29293993628,-223.94212769772147,1730329504.6655655
-22932.979218122862,-221.72930499664605,1730329504.6655889
-22954.436892799964,-275.17232598928524,1730329504.6724548
-22961.1200643921,-267.1256979853747,1730329504.6734638
-22925.87136338608,-226.5572817989924,1730329504.6778991
-22826.003769159768,-190.34745578139496,1730329504.6815162
-22923.25620928481,-250.5630553439921,1730329504.68649
-23010.472716149416,-254.20638969020723,1730329504.6905372
-22970.12781740759,-218.8235782174561,1730329504.6935525
-22930.63228495506,-209.12292112385288,1730329504.6974547
-22919.255247027308,-253.28996816753963,1730329504.7015052
-22954.235727099865,-284.7835761050673,1730329504.7054887
-22993.50774210784,-255.1228112128748,1730329504.7095504
-22961.723561492392,-208.45236879019367,1730329504.7134995
-22949.36304680861,-269.6067416199138,1730329504.7211456
-22984.12000943661,-312.34327701846087,1730329504.7235534
-22945.1162153621,-222.24339511911813,1730329504.7255473
-22875.356420917087,-189.9674761256547,1730329504.729561
-22904.927778831458,-233.53102606904807,1730329504.7336977
-22983.82943675869,-292.0925965419527,1730329504.7387228
-23015.859486563146,-265.31520668449485,1730329504.7488687
-22986.757515282337,-226.49022656562647,1730329504.748885
-22900.792706107222,-238.69427903822407,1730329504.7488904
-22992.770134540813,-314.6231549529022,1730329504.75273
-23036.75836762886,-293.0760732979862,1730329504.7601087
-22909.3087207447,-167.3922142257946,1730329504.7615876
-22877.03280175124,-183.4631184891604,1730329504.765587
-22954.90627943352,-263.43766015024903,1730329504.7696805
-23013.44549816197,-312.0974078294525,1730329504.773581
-22971.938308708468,-232.6593080352912,1730329504.7766218
-22884.92296754396,-161.7372228786019,1730329504.7806067
-22919.478764471864,-240.7506395281124,1730329504.7856283
-22996.12289620911,-286.3929017058494,1730329504.7897444
-23003.07428873471,-270.4784596536708,1730329504.7961571
-22928.888848887545,-210.1287496243417,1730329504.797782
-22915.63426442555,-223.7186102531684,1730329504.8007138
-22987.74099203837,-283.2636574821064,1730329504.805242
-23007.008195758845,-260.1966572042295,1730329504.808726
-22944.892697917545,-229.5971190449141,1730329504.8183165
-22926.00547385281,-271.41723292079365,1730329504.8183398
-22946.45732002941,-247.99260473163187,1730329504.8276613
-22972.988840697868,-235.4979795811152,1730329504.8276784
-22965.94804119445,-199.6010779858921,1730329504.828777
-22909.53223818925,-200.9198309087552,1730329504.8359766
-22938.00836062531,-270.1655352312965,1730329504.8367405
-23005.398870158064,-263.6164741058915,1730329504.841758
-22989.573835083705,-217.9742119281545,1730329504.845988
-22939.34946529263,-215.33670608242824,1730329504.850063
-22992.725431051906,-296.51824194410347,1730329504.854172
-23011.120916738622,-279.30739871351705,1730329504.8569715
-22929.9617326214,-207.91592692326628,1730329504.8613477
-22891.561435647185,-193.3872930273167,1730329504.8650668
-22940.511756004307,-254.31814841248377,1730329504.8689735
-23004.325986424206,-280.60379989192484,1730329504.874348
-22991.384326384585,-233.8663022358778,1730329504.878125
-22943.14926185003,-212.9450694257104,1730329504.8822966
-22937.3154565472,-257.5591513585033,1730329504.8849947
-23028.532925669304,-314.08671308597485,1730329504.8890069
-23057.83606265021,-281.6990353702349,1730329504.8929143
-22876.47400813985,-195.8236331729452,1730329504.8972852
-22871.13194121504,-205.97132515565457,1730329504.901921
-22979.582605312185,-259.01201474809824,1730329504.9061797
-23010.763288827337,-239.36483137188333,1730329504.9088795
-22961.34358183665,-201.76919719805684,1730329504.9132943
-22879.826769808147,-197.45531051818256,1730329504.9168656
-22973.03354418678,-258.1626484587966,1730329504.921281
-23007.11995448112,-259.6378635928468,1730329504.9249349
-23004.325986424206,-234.9391859697325,1730329504.930424
-22959.68955274696,-231.8099417459896,1730329504.9339752
-22950.078302631176,-267.0362910075535,1730329504.9370587
-22987.45041936045,-255.6145495908916,1730329504.9414923
-22908.749927133314,-191.97913312663235,1730329504.9456823
-22895.89767407151,-194.1025488498865,1730329504.9491773
-22946.45732002941,-268.0421195080423,1730329504.9536667
-23008.23754170389,-277.1839829902629,1730329504.9580364
-23028.532925669304,-242.13644768434145,1730329504.962185
-22943.64100022805,-241.085915694942,1730329504.965289
-22934.052101856723,-260.86720953788875,1730329504.96929
-22961.947078936944,-247.56792158698104,1730329504.9731123
-22982.60009081365,-217.795397972512,1730329504.977072
-22948.245459585843,-205.345476310906,1730329504.9815476
-22948.44662528594,-283.6659888823019,1730329504.986775
-22975.00049769885,-286.19173600575164,1730329504.9890468
-22945.67500897348,-201.0762931199424,1730329504.9920018
-22920.46224122789,-198.01410412956525,1730329504.9972668
-22880.34085993062,-243.0975726959196,1730329505.0010943
-22951.419407298497,-259.1684769592854,1730329505.005153
-23064.78745517581,-256.8438955359335,1730329505.009084
-23010.56212312724,-230.893520223322,1730329505.0141797
-22962.19294812596,-258.2967589255284,1730329505.0170157
-23011.21032371644,-249.601930332414,1730329505.020249
-23004.527152124305,-234.89448248082192,1730329505.0250187
-22861.63244982153,-183.6419324448028,1730329505.029284
-22848.757845015272,-169.3591677378616,1730329505.0333896
-22958.035523657265,-253.71465131219043,1730329505.0373015
-23014.831306318203,-275.50760215611484,1730329505.04208
-22966.10450340564,-199.7798919415345,1730329505.04573
-22923.32326451817,-206.9548019116881,1730329505.048303
-22907.0064910658,-240.5271220835593,1730329505.0538464
-22965.38924758306,-260.33076767096134,1730329505.0574293
-22986.623404815604,-206.7536362115904,1730329505.0611784
-22937.226049569377,-190.1909935702078,1730329505.0653172
-22972.050067430744,-276.2005062342293,1730329505.070741
-23026.67773087952,-319.9428701332653,1730329505.07343
-22964.18225338248,-210.32991532443947,1730329505.0761592
-22885.459409410883,-164.37472872432815,1730329505.0814545
-22922.42919473996,-237.62139530436937,1730329505.085224
-22973.88291047608,-266.1422212293412,1730329505.089222
-22984.656451303537,-228.7924562445231,1730329505.0931773
-22928.59827620963,-195.46600526166023,1730329505.097419
-22876.09402848412,-219.47177880666004,1730329505.101191
-22965.612765027618,-272.7359858436568,1730329505.1044755
-22994.40181188605,-241.73411628414587,1730329505.1092863
-22965.433951071973,-193.700217449691,1730329505.1134112
-22961.388285325564,-233.41926734677165,1730329505.117215
-22969.189044140465,-260.39782290432726,1730329505.121276
-22974.84403548766,-236.9284912262549,1730329505.1244123
-22961.187119625465,-202.4844530206267,1730329505.128317
-22911.700357401416,-215.04613340450925,1730329505.1324155
-22954.01220965532,-270.0090730201093,1730329505.1369057
-22978.08503843368,-264.2199712061848,1730329505.1414404
-22988.992689727867,-233.37456385786103,1730329505.1454685
-22933.448604756428,-208.45236879019367,1730329505.149704
-22920.50694471681,-215.47081654916008,1730329505.1533165
-22984.030602458788,-296.5405936885588,1730329505.1566195
-22943.037503127754,-212.4756827921489,1730329505.1603875
-22899.96569156238,-169.73914739360183,1730329505.1648097
-22963.35523883763,-237.7555057711012,1730329505.1694796
-23004.16952421302,-264.8011165620228,1730329505.1735103
-22951.35235206513,-218.3541915838947,1730329505.177483
-22910.18043877845,-186.52530747953745,1730329505.1816733
-22909.06285155569,-253.69229956773515,1730329505.184318
-22980.476675090395,-276.0440440230422,1730329505.1884344
-23024.46490817844,-219.4047235732941,1730329505.1923432
-22914.717842902883,-177.49520271959338,1730329505.1975267
-22884.967671032868,-185.34066502340616,1730329505.2013762
-22970.820721485703,-242.7846482735453,1730329505.2058516
-23027.79531810228,-259.66021533730213,1730329505.20832
-22926.988950608844,-214.6885054932244,1730329505.21269
-22833.04456866319,-196.67299946224685,1730329505.2164505
-22961.07536090319,-263.9293985282658,1730329505.220986
-23007.0305475033,-244.2151599186849,1730329505.2254093
-22955.196852111443,-210.1287496243417,1730329505.2301056
-22888.856874568093,-182.09966207738665,1730329505.2323692
-22955.755645722824,-228.7924562445231,1730329505.2370195
-22997.59811134316,-254.4299071347603,1730329505.2405715
-22992.636024074083,-239.81186626098943,1730329505.2446885
-22941.137604849053,-236.8167325039784,1730329505.2485473
-22944.2668490728,-256.9780060026653,1730329505.2540514
-22972.050067430744,-245.13158144135247,1730329505.2580645
-22960.136587636065,-210.84400544691152,1730329505.2605393
-22956.9179364345,-206.88774667832217,1730329505.2649837
-22895.24947348231,-234.62626154735824,1730329505.2684329
-22924.48555522985,-261.761279316101,1730329505.272955
-22990.914939751023,-251.50182861111503,1730329505.2764213
-22945.83147118467,-202.28328732052893,1730329505.2809522
-22915.276636514263,-209.70406647969085,1730329505.2855444
-22932.53218323376,-265.5610758735032,1730329505.2886431
-22983.672974547502,-271.3278259429724,1730329505.2925029
-22899.45160143991,-217.34836308340587,1730329505.2966473
-22870.886072026024,-200.4504442751937,1730329505.3004203
-22972.16182615302,-267.8186020634892,1730329505.304703
-22983.40475361404,-272.5124683991037,1730329505.3084607
-22915.43309872545,-183.5525254669816,1730329505.3136463
-22908.52640968876,-198.9975808855988,1730329505.3164496
-22912.01328182379,-269.6737968532797,1730329505.3205955
-22914.606084180607,-248.81961927647825,1730329505.3246696
-22877.949223273903,-196.94122039571053,1730329505.3285837
-22907.05119455471,-215.71668573816845,1730329505.3326976
-22947.239631085355,-283.2189539931958,1730329505.336692
-22955.576831767183,-278.36862544639416,1730329505.3414793
-22895.852970582604,-170.36499623835044,1730329505.34468
-22871.66838308196,-183.75369116707927,1730329505.347717
-22913.354386491108,-257.9391310142435,1730329505.3526862
-22950.59239275365,-274.83704982245564,1730329505.3568037
-22950.480634031373,-229.03832543353147,1730329505.3612852
-22909.845162611626,-193.7225691941463,1730329505.3649518
-22894.46716242637,-237.0178982040761,1730329505.3687017
-22922.742119162336,-267.25980845210654,1730329505.372175
-22960.82949171418,-225.10441840939745,1730329505.375665
-22899.742174117822,-156.5963216538813,1730329505.3808138
-22883.98419427684,-218.93533693973268,1730329505.384583
-22906.62651141006,-265.5610758735032,1730329505.388626
-22926.00547385281,-234.71566852517947,1730329505.392676
-22948.40192179703,-229.32889811145048,1730329505.3970668
-22915.43309872545,-231.8099417459896,1730329505.4000633
-22916.215409781387,-254.2287414346625,1730329505.404152
-22950.30182007573,-235.1627034142856,1730329505.4086332
-22922.87622962907,-188.6487232027916,1730329505.412868
-22905.687738142937,-212.0957031364088,1730329505.4166868
-22931.90633438901,-272.2218957211847,1730329505.4209244
-22952.76051196581,-239.09661043841965,1730329505.424981
-22937.51662224729,-197.90234540728872,1730329505.428012
-22852.691752039405,-168.26393225955158,1730329505.432121
-22871.735438315325,-226.1773021432521,1730329505.4359865
-22917.891790615537,-256.7321368136569,1730329505.4413729
-22947.329038063173,-210.32991532443947,1730329505.445272
-22918.875267371568,-164.0841560464091,1730329505.448892
-22868.449731880395,-224.5679765424701,1730329505.451772
-22948.11134911911,-264.8681717953887,1730329505.4564075
-22936.84606991364,-208.3406100679172,1730329505.4597929
-22885.23589196633,-186.6817696907246,1730329505.465224
-22897.596406650115,-225.9537846986991,1730329505.468758
-22964.20460512693,-262.9906252611429,1730329505.473207
-22955.88975618956,-239.633052305347,1730329505.475846
-22864.26995566725,-193.16377558276363,1730329505.4804244
-22870.57314760365,-194.2590110610737,1730329505.4838517
-22958.10257889064,-239.409534860794,1730329505.4879985
-22982.421276858007,-244.77395353006764,1730329505.4918103
-22909.085203300143,-189.5651447254592,1730329505.49728
-22879.29032794122,-198.88582216332225,1730329505.5008588
-22931.124023333075,-273.0042067771205,1730329505.5041788
-22959.466035302405,-285.87881158337734,1730329505.5080645
-22920.10461331661,-209.569956012959,1730329505.512045
-22890.57795889115,-177.5622579529593,1730329505.5162952
-22922.47389822888,-239.45423834970453,1730329505.5204322
-22955.465073044907,-267.1256979853747,1730329505.524932
-22919.076433071667,-205.85956643337803,1730329505.5290046
-22870.28257492573,-182.5914004554034,1730329505.5320804
-22925.35727326361,-254.0722792234754,1730329505.5361793
-22965.99274468336,-291.37734071938286,1730329505.5404327
-22957.1191021346,-225.3949910873164,1730329505.543954
-22921.02103483928,-218.91298519527737,1730329505.5482116
-22907.36411897709,-291.06441629700856,1730329505.5529444
-22911.76741263478,-250.6524623218134,1730329505.557152
-22941.025846126777,-233.151046413308,1730329505.5601354
-22899.71982237337,-204.51846176605963,1730329505.564309
-22905.37481372056,-208.80999670147847,1730329505.5678687
-22965.657468516525,-268.7573753306121,1730329505.5722928
-22914.96371209189,-220.38820032932765,1730329505.575916
-22843.818109490647,-177.6069614418699,1730329505.5802767
-22864.85110102309,-200.3610372973725,1730329505.5850005
-22911.476839956864,-243.7010697962129,1730329505.58811
-22957.72259923489,-257.02270949157594,1730329505.5919375
-22955.48742478936,-209.25703159058472,1730329505.5964522
-22912.683834157448,-187.0617493464648,1730329505.600251
-22959.60014576913,-235.25211039210683,1730329505.6043608
-22982.667146047013,-232.9498807132102,1730329505.6089125
-22893.81896183717,-198.61760122985856,1730329505.6126845
-22885.638223366528,-211.15692986928585,1730329505.6152625
-22918.78586039375,-244.39397387432743,1730329505.6203053
-22938.45539551442,-245.2209884191737,1730329505.6242187
-22927.77126166478,-205.8819181778333,1730329505.6281493
-22901.48561018534,-181.3844062548168,1730329505.6325843
-22875.02114475025,-229.68652602273536,1730329505.637278
-22895.607101393594,-254.49696236812625,1730329505.6402507
-22913.041462068733,-209.7487699686015,1730329505.643002
-22916.72949990386,-173.1142608063532,1730329505.6480155
-22989.01504147232,-245.7574302861012,1730329505.652174
-22980.58843381267,-291.8914308418549,1730329505.6565185
-22986.35518388214,-265.02463400657587,1730329505.6601772
-22911.275674256765,-210.24050834661824,1730329505.6642168
-22867.600365591094,-218.7341712396349,1730329505.6680293
-22937.06958735819,-245.10922969689724,1730329505.6716626
-22945.83147118467,-218.57770902844777,1730329505.6761072
-22924.44085174094,-178.12105156434197,1730329505.680652
-22896.76939210527,-208.63118274583613,1730329505.6840248
-22925.1114040746,-265.471668895682,1730329505.6881526
-22963.377590582084,-250.9430349997324,1730329505.6921203
-22958.97429692439,-220.72347649615725,1730329505.696321
-22914.717842902883,-240.4153633612828,1730329505.6992164
-22884.788857077227,-252.2170844336849,1730329505.703672
-22888.0522117677,-256.53097111355913,1730329505.7081068
-22929.91702913249,-218.13067413934164,1730329505.71269
-22920.238723783343,-191.64385695980275,1730329505.716321
-22868.20386269139,-221.6398980188248,1730329505.7206905
-22939.461224014907,-254.98870074614297,1730329505.7246628
-22920.14931680552,-177.78577539751237,1730329505.727254
-22852.468234594853,-148.08030701640928,1730329505.7317057
-22905.26305499829,-250.8983315108217,1730329505.736823
-22967.11033190612,-283.3307127154723,1730329505.7407613
-22945.1162153621,-200.56220299747028,1730329505.744765
-22882.978365776347,-169.40387122677222,1730329505.747392
-22883.850083810103,-243.2763866515621,1730329505.751142
-22942.54576474974,-296.07120705499733,1730329505.755791
-22909.42047946697,-222.89159570832203,1730329505.7591567
-22887.940453045423,-165.42526071372757,1730329505.7647333
-22897.261130483286,-203.7585024545792,1730329505.768149
-22978.84499774516,-284.2918377270505,1730329505.7726824
-22963.39994232654,-251.4347733777492,1730329505.7751803
-22913.91318010249,-211.6263165028473,1730329505.7795095
-22871.57897610413,-207.4241885452496,1730329505.7832327
-22902.37967996356,-232.36873535737223,1730329505.7875304
-22937.7177879474,-235.63209004784704,1730329505.7914307
-22901.463258440883,-186.6594179462693,1730329505.7964735
-22886.19701697791,-204.7419792106127,1730329505.8003104
-22915.835430125648,-259.9731397596764,1730329505.8037224
-22955.97916316738,-249.6913373102352,1730329505.8076923
-22895.92002581597,-203.8255576879451,1730329505.8116949
-22880.899653542,-202.5515082539926,1730329505.8156736
-22919.121136560578,-248.17141868727435,1730329505.8204913
-22951.03942764276,-268.9138375417993,1730329505.8245952
-22923.367968007085,-245.6456715638246,1730329505.828447
-22870.28257492573,-213.59327001491428,1730329505.8315494
-22924.4632034854,-246.71855529767936,1730329505.835406
-22998.29101542128,-286.7728813615896,1730329505.845113
-22975.782808754782,-216.65545900529136,1730329505.8453236
-22914.62843592506,-185.1618510677637,1730329505.8498833
-22905.687738142937,-216.34253458291707,1730329505.8522518
-22955.39801781154,-265.8516485514222,1730329505.8554776
-22909.24166551133,-233.41926734677165,1730329505.85931
-22829.69180699489,-170.29794100498452,1730329505.8637607
-22834.005693674768,-199.51167100807083,1730329505.8713868
-22938.61185772561,-260.04019499304235,1730329505.871416
-22929.51469773229,-242.9411104847325,1730329505.886808
-22926.58661920865,-213.16858687026345,1730329505.8868303
-22949.743026464348,-221.9081189522885,1730329505.8868392
-22919.948151105425,-249.31135765449497,1730329505.8874826
-22937.337808291653,-223.4280375752494,1730329505.891332
-22935.370854779587,-187.4640807466604,1730329505.8953445
-22873.79179880521,-189.07340634744244,1730329505.9023583
-22908.28054049976,-239.7448110276236,1730329505.903334
-22955.286259089266,-265.24815145112893,1730329505.9083233
-22946.323209562684,-228.36777309987227,1730329505.9113872
-22875.13290347253,-181.8314411439229,1730329505.9154592
-22895.42828743796,-216.00725841608747,1730329505.9193916
-22949.81008169772,-273.697110855235,1730329505.9234395
-22935.43791001295,-223.1151131528751,1730329505.9274857
-22908.41465096649,-171.46023171666047,1730329505.931392
-22881.57020587566,-234.89448248082192,1730329505.9364166
-22911.074508556667,-295.08773029896383,1730329505.9393468
-22939.461224014907,-226.78079924354543,1730329505.948661
-22873.81415054967,-172.24254277259624,1730329505.948692
-22869.81318829217,-238.38135461584983,1730329505.951512
-22956.873232945592,-288.20339300672924,1730329505.955548
-22982.28716639128,-243.56695932948105,1730329505.959594
-22938.522450747783,-224.344459097917,1730329505.965768
-22881.52550238675,-259.77197405957867,1730329505.96641
-22925.46903198589,-254.7651833015899,1730329505.980763
-22944.512718261805,-240.1471424278191,1730329505.9807837
-22906.42534570996,-209.2346798461294,1730329505.980791
-22866.70629581288,-236.54851157051465,1730329505.9846058
-22924.66436918549,-303.5590414475252,1730329505.9880044
-22972.050067430744,-286.3705499613941,1730329505.9934995
-22920.931627861457,-221.39402882981645,1730329505.9954624
-22870.953127259392,-204.60786874388089,1730329505.9995997
-22913.801421380213,-267.61743636339145,1730329506.0036256
-22930.87815414407,-263.6164741058915,1730329506.0076098
-22923.233857540352,-221.05875266298685,1730329506.0106828
-22874.417647649963,-187.62054295784748,1730329506.014824
-22916.215409781387,-229.30654636699515,1730329506.0199063
-22959.06370390221,-262.2083142052072,1730329506.0239272
-22950.59239275365,-224.09858990890865,1730329506.0282042
-22908.86168585559,-201.85860417587807,1730329506.030815
-22918.40588073801,-258.5873316034474,1730329506.0346909
-22990.69142230647,-308.7446461611565,1730329506.0387535
-22920.171668549978,-256.7768403025676,1730329506.0426297
-22903.989005564334,-220.2987933515064,1730329506.0478127
-22901.798534607715,-251.6582908223022,1730329506.0517757
-22935.81788966869,-249.601930332414,1730329506.055832
-22987.696288549458,-245.3327471414503,1730329506.0585916
-22962.30470684823,-203.71379896566856,1730329506.0628347
-22914.27080801377,-249.82544777696705,1730329506.0666237
-22926.72072967538,-292.40552096432697,1730329506.0708256
-22990.73612579538,-262.49888688312615,1730329506.0746007
-22945.339732806653,-206.21719434466297,1730329506.079881
-22895.405935693496,-233.12869466885263,1730329506.0837135
-22935.39320652404,-295.0206750655979,1730329506.0867784
-23035.70783563946,-287.28697148406167,1730329506.091082
-22945.272677573288,-204.02672338804288,1730329506.09504
-22878.597423863102,-175.59530444089228,1730329506.0988688
-22907.900560844013,-246.91972099777712,1730329506.1032844
-22963.332887093173,-287.3540267174276,1730329506.1081808
-22968.56319529572,-250.9430349997324,1730329506.112223
-22919.836392383146,-210.3522670688948,1730329506.115191
-22935.70613094641,-257.8050205475117,1730329506.1188836
-22976.140436666064,-310.0857508284749,1730329506.123031
-22950.5700410092,-253.75935480110107,1730329506.1269257
-22910.24749401182,-199.6904849637133,1730329506.131042
-22919.29995051622,-230.87116847886665,1730329506.1361146
-22952.715808476903,-290.5056226856259,1730329506.1403904
-22952.44758754344,-265.7398898291457,1730329506.1428275
-22914.606084180607,-200.38338904182783,1730329506.147042
-22912.10268880161,-222.64572651931363,1730329506.150822
-22965.99274468336,-278.4356806797601,1730329506.155039
-23002.31432942323,-301.2344600241733,1730329506.1588194
-22947.329038063173,-238.247244149118,1730329506.1642869
-22894.355403704096,-200.80807218647865,1730329506.1667871
-22916.126002803565,-266.34338692943896,1730329506.1710944
-22946.12204386259,-253.84876177892232,1730329506.174808
-22934.92381989048,-212.2074618586853,1730329506.1789198
-22889.840351324125,-208.74294146811263,1730329506.1830437
-22914.24845626932,-257.6038548474139,1730329506.1871026
-22961.54474753675,-273.6747591107797,1730329506.191841
-22975.04520118776,-265.1363927288524,1730329506.1953073
-22920.126965061067,-255.2345699351513,1730329506.1981127
-22950.65944798701,-258.72144207017925,1730329506.2031925
-23008.438707403984,-275.82052657848914,1730329506.20729
-22963.645811515547,-213.21329035917407,1730329506.211619
-22938.58950598115,-190.34745578139496,1730329506.215309
-22956.85088120113,-264.018805506087,1730329506.220096
-22958.66137250201,-297.59112567795825,1730329506.223482
-22956.15797712302,-260.6213403488803,1730329506.225881
-22930.29700878823,-213.4368078037272,1730329506.23131
-22923.099747073626,-243.4552006072045,1730329506.2349222
-22979.627308801093,-296.13826228836325,1730329506.2390716
-22960.985953925367,-255.5251426130704,1730329506.243003
-22914.717842902883,-220.701124751702,1730329506.2480276
-22944.69153221745,-267.32686368547246,1730329506.2509296
-22948.84895668613,-279.4638609247042,1730329506.2543623
-23015.6359691186,-276.6475411233355,1730329506.2589495
-22954.07926488868,-244.1257529408637,1730329506.2632985
-22887.42636292295,-246.6738518087688,1730329506.2669983
-22937.44956701393,-291.4443959527488,1730329506.271505
-22977.16861691101,-263.10238398341943,1730329506.2750096
-22998.02279448781,-230.8041132455008,1730329506.278004
-22946.01028514031,-233.5980813024141,1730329506.2822635
-22911.700357401416,-255.50279086861505,1730329506.2873473
-22957.40967481252,-268.4668026526931,1730329506.2910938
-22985.59522457066,-243.81282851848945,1730329506.295235
-22929.693511687936,-227.45135157720463,1730329506.2992432
-22892.410801936487,-248.7749157875676,1730329506.303194
-22978.465018089417,-290.66208489681304,1730329506.3062243
-22967.69147726196,-261.0460234935312,1730329506.3101954
-22917.265941770787,-234.60390980290293,1730329506.3141584
-22868.650897580494,-278.03334927956456,1730329506.3191524
-22944.982104895367,-306.7106374157235,1730329506.3231373
-23029.9857890589,-270.9254945427769,1730329506.3272471
-22945.07151187319,-204.96549665516577,1730329506.330215
-22910.29219750073,-232.6146045463806,1730329506.3340366
-22958.46020680192,-292.29376224205043,1730329506.3382
-22977.50389307784,-270.9701980316875,1730329506.342122
-22964.02579117129,-240.34830812791685,1730329506.347154
-22893.707203114893,-244.6845465522464,1730329506.3510273
-22952.045256143243,-298.99928557864257,1730329506.3552072
-23035.12669028362,-288.3822069623717,1730329506.3579988
-22970.66425927452,-225.9314329542438,1730329506.362192
-22917.377700493063,-228.07720042195328,1730329506.3662117
-22928.173593064977,-302.32969550248333,1730329506.3701718
-23003.54367536828,-325.6649167138239,1730329506.3751335
-22984.634099559084,-252.37354664487205,1730329506.3796585
-22880.497322141808,-230.26767137857337,1730329506.3831704
-22908.615816666585,-277.0945760124417,1730329506.3866994
-22979.850826245645,-267.5280293855702,1730329506.3907442
-22976.408657599528,-235.20740690319624,1730329506.3947897
-22938.321285047685,-225.3949910873164,1730329506.3982835
-22951.307648576218,-303.64844842534643,1730329506.4036872
-22970.01605868532,-353.2022658827622,1730329506.407384
-22940.75762519332,-251.0994972109196,1730329506.4102576
-22956.381494567573,-200.1822233417301,1730329506.4146883
-22936.95782863592,-245.8468372639224,1730329506.4182324
-22968.987878440366,-311.29274502906145,1730329506.4224927
-22962.93055569298,-276.4240236787824,1730329506.4261577
-22945.60795374012,-240.37065987237216,1730329506.431806
-22935.281447801764,-281.4531661812265,1730329506.4353445
-22964.94221269396,-333.73389646218976,1730329506.4383633
-22940.48940425985,-285.051797038531,1730329506.4421985
-22916.43892722594,-193.9237348942441,1730329506.446761
-22926.3631017641,-226.8702062213667,1730329506.450258
-22949.139529364056,-301.9497158467431,1730329506.4548173
-23000.79441080027,-324.03323936858646,1730329506.4581952
-23003.25310269036,-270.2102387202071,1730329506.4637885
-22895.76356360478,-229.23949113362923,1730329506.4662173
-22915.12017430308,-289.72331162969016,1730329506.4704626
-22982.95771872493,-306.9118031158213,1730329506.4745567
-22968.920823207,-252.06062222249776,1730329506.4784372
-22909.68870040044,-221.43873231872703,1730329506.4827008
-22908.92874108896,-272.2665992100953,1730329506.4868047
-22975.00049769885,-313.3491055189497,1730329506.4913893
-22968.40673308453,-278.4133289353048,1730329506.4944968
-22929.469994243384,-232.8157702464784,1730329506.498468
-22954.995686411345,-266.4104421628049,1730329506.50271
-23016.954722041457,-331.18579759428474,1730329506.5067513
-22990.557311839737,-299.9604105902208,1730329506.5104468
-22897.14937176101,-211.93924092522155,1730329506.514598
-22931.8169274112,-261.7836310605564,1730329506.5200112
-22971.35716335263,-327.5424632480697,1730329506.5227747
-23047.12957705612,-330.0905621159747,1730329506.526445
-22972.49710231985,-262.8788665388664,1730329506.5306115
-22876.16108371748,-233.01693594657613,1730329506.5343854
-22927.6147994536,-291.5114511861147,1730329506.538536
-22978.73323902288,-290.147994774341,1730329506.5423884
-22971.15599765253,-264.93522702875464,1730329506.5469325
-22893.43898218143,-283.9789133046762,1730329506.5497148
-22858.592612575605,-282.1237185148857,1730329506.5533814
-23009.891570793578,-307.0906170714637,1730329506.5583482
-22978.26385238932,-267.14804972983,1730329506.56298
-22907.31941548817,-227.98779344413205,1730329506.5663931
-22921.177497050467,-272.6689306102909,1730329506.5705109
-22949.1171776196,-320.8592916559329,1730329506.574566
-22968.96552669592,-268.1985817192294,1730329506.5776684
-22904.860723598093,-214.5543950264925,1730329506.5817657
-23011.34443418317,-321.8651201564217,1730329506.5870955
-23027.79531810228,-331.92340516130986,1730329506.59067
-22951.06177938721,-240.4824185946487,1730329506.595091
-22912.929703346457,-227.1384271548304,1730329506.5985975
-22907.274711999264,-284.0012650491315,1730329506.602451
-22951.15118636504,-342.60753901094665,1730329506.6054573
-22995.74291655337,-290.7738436190896,1730329506.6094644
-22985.43876235948,-244.86336050788887,1730329506.6151204
-22939.8188519262,-248.3502326429168,1730329506.6186004
-22958.84018645766,-320.2557945556396,1730329506.622928
-22941.69639846044,-281.9896080481539,1730329506.626639
-22906.939435832435,-207.6924094787132,1730329506.630824
-23009.712756837936,-262.16361071629655,1730329506.6334546
-22977.772114011303,-326.8942626588658,1730329506.6376216
-22959.39898006904,-319.7864079220781,1730329506.642527
-22912.415613223984,-270.38905267584954,1730329506.646672
-22891.784953091737,-253.7817065455564,1730329506.650467
-22958.706075990925,-290.8408988524555,1730329506.6536465
-23003.856599790648,-305.48129147068164,1730329506.65758
-22992.032526973788,-238.85074124941127,1730329506.661673
-22972.65356453104,-251.47947686665967,1730329506.6654725
-22933.15803207851,-262.6553490943133,1730329506.6696858
-22966.238613872363,-283.5765819044807,1730329506.6744976
-22976.609823299623,-278.4356806797601,1730329506.6787071
-22933.31449428969,-244.14810468531903,1730329506.68172
-22920.61870343908,-251.74769780012343,1730329506.6857142
-22967.535015050773,-286.90699182832145,1730329506.689724
-22985.9752042264,-257.8944275253329,1730329506.6937497
-22933.06862510069,-244.1257529408637,1730329506.6977918
-22881.48079889784,-254.6310728348581,1730329506.7027824
-23001.152038711552,-325.9778411361982,1730329506.7067828
-23037.1383472846,-302.77673039158947,1730329506.70973
-22902.983177063845,-227.02666843255383,1730329506.7138512
-22934.54384023474,-256.374508902372,1730329506.717801
-23022.54265815528,-292.2267070086845,1730329506.721803
-22987.003384471343,-275.9099335563104,1730329506.7256136
-22962.528224292782,-230.8488167344113,1730329506.7308614
-22936.801366424726,-242.1140959398861,1730329506.7347937
-22970.64190753006,-297.54642218904763,1730329506.7377884
-22996.59228284267,-291.4667476972041,1730329506.74167
-22959.622497513592,-242.56113082899225,1730329506.745823
-22941.78580543826,-246.8526657644112,1730329506.749664
-22988.79152402777,-287.309323228517,1730329506.7539191
-23036.870126351136,-342.3840215663936,1730329506.758666
-22962.88585220407,-275.7311196006679,1730329506.7632487
-22906.38064222105,-218.0636189059757,1730329506.765972
-22930.229953554863,-286.1693842612964,1730329506.7704203
-22996.726393309404,-324.5696812355139,1730329506.7742567
-22978.19679715596,-285.7894046055561,1730329506.7778876
-22965.9703929389,-266.7904218185451,1730329506.7823353
-22975.15695991004,-266.0751659959753,1730329506.7873
-22964.629288271582,-295.42300646579343,1730329506.790008
-22955.35331432263,-274.7699945890897,1730329506.79286
-22969.81489298521,-260.10725022640827,1730329506.7983816
-22969.837244729668,-293.3889977203605,1730329506.8019395
-22989.59618682816,-319.3840765218826,1730329506.8060503
-23001.152038711552,-283.04014003755333,1730329506.81009
-22969.010230184824,-219.2035578731964,1730329506.8150403
-22959.175462624487,-256.7321368136569,1730329506.8177795
-22954.034561399767,-304.1625385478185,1730329506.8213053
-22951.59822125414,-281.14024175885226,1730329506.8258643
-22936.890773402545,-226.02083993206503,1730329506.830423
-22954.772168966792,-241.10826743939728,1730329506.8338976
-22991.719602551413,-330.4258382828043,1730329506.8378816
-23046.526079955827,-343.7474779781673,1730329506.841946
-22976.185140154976,-257.2015234472184,1730329506.8462896
-22905.26305499829,-255.01105249059827,1730329506.8490322
-22916.01424408129,-312.0750560849972,1730329506.8532846
-22989.68559380598,-310.62219269540225,1730329506.8578737
-23002.873123034613,-265.7398898291457,1730329506.8620944
-22963.824625471192,-255.1004594684195,1730329506.8661995
-22956.85088120113,-306.598878693447,1730329506.8703327
-22979.31438437872,-312.6562014408352,1730329506.8740747
-23013.51255339534,-284.6047621494248,1730329506.8769991
-22953.49811953284,-257.3132821694949,1730329506.882553
-22954.63805850006,-291.2208785081957,1730329506.88647
-23013.289035950787,-316.210128809229,1730329506.8904316
-22996.41346888703,-283.75539586012314,1730329506.894653
-22975.49223607686,-237.62139530436937,1730329506.8984065
-22958.86253820212,-264.2646746950954,1730329506.9022405
-22957.49908179033,-292.5396314310588,1730329506.904886
-22997.911035765534,-304.07313156999726,1730329506.908956
-22973.16765465351,-282.6601603818131,1730329506.914359
-22934.052101856723,-274.54647714453665,1730329506.9179645
-22968.11616040661,-324.1897015797736,1730329506.9224288
-22989.1268001946,-306.3753612488939,1730329506.9249637
-22941.5175845048,-238.2025406602073,1730329506.9291627
-22912.795592879724,-235.00624120309843,1730329506.932993
-22965.94804119445,-309.70577117273467,1730329506.9371986
-22976.654526788538,-336.75138196365623,1730329506.9420145
-23003.431916646,-251.9488635002212,1730329506.946323
-22946.25615432932,-207.06656063396463,1730329506.950015
-22891.852008325102,-280.1567650028187,1730329506.9535935
-22957.40967481252,-307.9176316163101,1730329506.9573205
-22995.09471596417,-274.7699945890897,1730329506.9612703
-22975.179311654487,-253.06645072298656,1730329506.9656
-22961.70120974794,-289.67860814077955,1730329506.9706144
-22985.706983292937,-328.05655337054174,1730329506.9741876
-22985.55052108175,-289.9468290742432,1730329506.9781668
-22907.11824978808,-241.24237790612912,1730329506.981259
-22909.66634865598,-259.213180448196,1730329506.9851477
-22969.837244729668,-305.2801257705839,1730329506.989274
-23019.569876142727,-304.58722169246937,1730329506.9931476
-22973.01119244232,-260.2190089486848,1730329506.9972565
-22919.277598771765,-268.6456166083356,1730329507.002813
-22962.997610926344,-307.47059672720394,1730329507.0063536
-22971.71479126392,-301.8826606133772,1730329507.0090497
-22938.63420947006,-233.84395049142248,1730329507.0136943
-22939.68474145946,-241.57765407295872,1730329507.0219748
-22986.623404815604,-318.19943406575135,1730329507.0237792
-22969.90429996304,-325.41904752481554,1730329507.0266116
-22984.231768158887,-292.2267070086845,1730329507.030222
-22989.46207636143,-272.84774456593334,1730329507.0344412
-22962.86350045961,-280.4026341918271,1730329507.0398428
-22983.82943675869,-284.09067202695275,1730329507.041123
-22978.822646000703,-238.80603776050063,1730329507.0566647
-22926.72072967538,-239.6554040498023,1730329507.0566945
-22938.276581558774,-307.3811897493827,1730329507.0567043
-22983.11418093612,-341.8699314439216,1730329507.058707
-22997.620463087616,-281.1178900143969,1730329507.0613065
-22948.267811330297,-210.97811591364336,1730329507.0659957
-22957.05204690124,-262.342424671939,1730329507.0703769
-23003.16369571253,-323.0944661014636,1730329507.0732813
-22981.25898614633,-284.761224360612,1730329507.0772572
-22900.43507819594,-214.8673194488668,1730329507.0813704
-22922.228029039863,-243.3657936293833,1730329507.0863574
-22975.201663398944,-314.1761200637961,1730329507.0893784
-23004.2812829353,-300.4521489682375,1730329507.0933816
-22989.59618682816,-239.7448110276236,1730329507.0974271
-22908.72757538886,-257.2909304250396,1730329507.101348
-22937.270753058285,-312.34327701846087,1730329507.105446
-23013.37844292861,-303.2014135362403,1730329507.1094315
-22976.83334074418,-254.407555390305,1730329507.1148927
-22942.478709516374,-268.24328520814004,1730329507.1172197
-22924.82083139668,-318.0206201101089,1730329507.1208138
-22974.508759320823,-305.3695327484051,1730329507.1252403
-22976.16278841052,-260.06254673749766,1730329507.1300368
-22945.87617467358,-246.3385756419392,1730329507.133289
-22940.422349026485,-283.6436371378466,1730329507.1374934
-22982.734201280386,-305.6824571707794,1730329507.1412582
-22988.03156471629,-276.69224461224616,1730329507.1457314
-22962.59527952615,-251.25595942210668,1730329507.1484528
-22967.73618075087,-294.17130877629626,1730329507.1535733
-23018.36288194214,-328.05655337054174,1730329507.157548
-23010.36095742714,-289.03040755157565,1730329507.1616218
-22949.944192164447,-264.15291597281885,1730329507.165859
-22955.509776533818,-289.72331162969016,1730329507.1684918
-22978.1744454115,-302.68732341376824,1730329507.1725705
-23003.78954455728,-276.46872716769303,1730329507.1765063
-22957.1191021346,-249.0431367210313,1730329507.1818027
-22932.26396230029,-284.04596853804213,1730329507.1860378
-22978.062686689223,-344.8650652009327,1730329507.1896474
-23025.62719889012,-326.0448963695641,1730329507.1941037
-22958.41550331301,-248.7078605542017,1730329507.196726
-22912.035633568245,-227.74192425512365,1730329507.2004037
-22911.476839956864,-305.45893972622633,1730329507.2048917
-22918.5623429492,-305.12366355939673,1730329507.2083828
-22949.675971230983,-239.47659009415983,1730329507.213908
-22916.43892722594,-250.4289448772604,1730329507.217374
-22935.6167239686,-301.99441933565373,1730329507.2219255
-22963.0199626708,-265.8516485514222,1730329507.2243865
-22990.69142230647,-232.83812199093367,1730329507.2286
-22967.78088423978,-265.02463400657587,1730329507.232819
-22997.30753866524,-317.1041985874413,1730329507.2367468
-22960.427160313982,-286.4823086836706,1730329507.2415073
-22952.469939287894,-236.3920493593275,1730329507.245908
-22928.173593064977,-226.1325986543416,1730329507.249491
-22923.59148545164,-279.5532679025254,1730329507.252832
-22962.774093481792,-326.76015219213394,1730329507.2567503
-22979.269680889807,-291.62320990839123,1730329507.2611392
-22940.31059030421,-249.4454681212268,1730329507.2651837
-22929.805270410216,-285.0741487829863,1730329507.270054
-22958.39315156855,-318.6688206993128,1730329507.2738388
-22985.21524491492,-294.5289366875812,1730329507.277805
-22965.99274468336,-264.2423229506401,1730329507.2809267
-22894.37775544856,-272.2889509545506,1730329507.2845745
-22884.654746610493,-304.56486994801406,1730329507.2887034
-22926.67602618647,-293.3889977203605,1730329507.2926404
-22980.18610241248,-290.68443664126835,1730329507.2967172
-22964.33871559366,-281.9449045592433,1730329507.3017523
-22961.16476788101,-299.8263001234889,1730329507.305137
-22995.273529919807,-282.8613260819109,1730329507.308489
-22971.60303254164,-233.88865398033312,1730329507.3127308
-22948.96071540841,-249.6242820768693,1730329507.3165908
-22947.843128185646,-304.00607633663134,1730329507.320703
-22973.502930820337,-305.90597461533247,1730329507.325522
-22927.234819797854,-241.1976744172185,1730329507.3297
-22896.16589500497,-245.77978203055645,1730329507.332549
-22895.98708104933,-326.13430334738536,1730329507.3367083
-22945.764415951304,-304.4754629701928,1730329507.340741
-22953.83339569967,-243.23168316265145,1730329507.3448057
-22892.61196763658,-214.9120229377774,1730329507.3486736
-22943.30572406121,-286.4823086836706,1730329507.352731
-22975.179311654487,-305.57069844850287,1730329507.3576105
-22957.40967481252,-234.33568886943925,1730329507.3607132
-22925.893715130536,-232.36873535737223,1730329507.3647342
-22882.62073786506,-274.1217939998858,1730329507.368686
-22943.26102057231,-321.95452713424294,1730329507.3731997
-22989.93146299499,-306.9118031158213,1730329507.3772352
-22912.683834157448,-243.32109014047268,1730329507.3809657
-22845.71800776935,-248.3725843873721,1730329507.3858523
-22943.372779294587,-296.7417593886566,1730329507.3888505
-22992.59132058517,-298.8651751119108,1730329507.3926945
-22945.78676769576,-258.922607770277,1730329507.3969865
-22900.85976134059,-240.92945348375483,1730329507.4008071
-22940.087072859656,-300.69801815724594,1730329507.404982
-22960.65067775854,-308.99051535016486,1730329507.40993
-22936.309628046707,-254.698128068224,1730329507.4132974
-22911.23097076785,-253.60289258991392,1730329507.4160335
-22935.32615129068,-297.27820125558395,1730329507.4201655
-22967.40090458404,-309.90693687283243,1730329507.4247525
-22942.054026371723,-252.5300088560592,1730329507.4288845
-22905.44186895393,-235.4532760922046,1730329507.432742
-22896.47881942735,-273.0489102660311,1730329507.4370992
-22963.198776626443,-297.4346634667711,1730329507.4410295
-22966.909166206024,-258.02853799206474,1730329507.4444413
-22885.88409255553,-217.01308691657627,1730329507.448964
-22895.38358394904,-277.98864579065395,1730329507.453057
-22925.893715130536,-325.41904752481554,1730329507.456992
-22898.78104910625,-264.95757877320995,1730329507.4614549
-22891.919063558467,-224.94795619821028,1730329507.4652874
-22911.16391553449,-253.28996816753963,1730329507.4689703
-22986.31048039323,-298.5075472006258,1730329507.4718478
-22953.989857910856,-275.3287882004724,1730329507.4759295
-22881.81607506467,-203.4902815211155,1730329507.4810636
-22885.32529894416,-210.62048800235848,1730329507.4851172
-22934.00739836781,-281.7884423480561,1730329507.4888885
-22971.938308708468,-297.0323320665756,1730329507.4928336
-22929.134718076555,-218.667116006269,1730329507.4970934
-22893.148409503512,-227.5631102994812,1730329507.4998748
-22927.2124680534,-315.42781775329325,1730329507.504072
-22955.95681142292,-339.2324255981953,1730329507.5088437
-22927.05600584221,-248.23847392064025,1730329507.5129886
-22887.761639089786,-213.41445605927183,1730329507.5168264
-22894.824790337658,-297.7699396336007,1730329507.5198736
-22948.93836366396,-329.30825106003897,1730329507.5240457
-22937.51662224729,-263.0129770055982,1730329507.5282383
-22860.224289920843,-235.7438487701236,1730329507.5323355
-22909.800459122715,-288.73983487365666,1730329507.5372145
-22968.25027087334,-306.6435821823576,1730329507.540912
-22957.70024749044,-286.23643949466225,1730329507.545213
-22917.28829351524,-263.6611775948021,1730329507.5483794
-22894.26599672628,-248.19377043172963,1730329507.5526617
-22949.05012238624,-304.1401868033632,1730329507.5565507
-22964.96456443841,-304.7660356481118,1730329507.5602071
-22887.78399083424,-237.21906390417385,1730329507.564189
-22854.971629973847,-249.7360407991458,1730329507.5692413
-22954.146320122043,-329.3976580378602,1730329507.5735085
-22979.64966054555,-307.2247275381956,1730329507.576023
-22893.796610092715,-235.989717959132,1730329507.5805595
-22881.32433668665,-242.0917441954308,1730329507.5839837
-22935.750834435326,-305.5930501929582,1730329507.5880876
-22963.73521849337,-303.8496141254442,1730329507.592004
-22919.72463366087,-232.7263632686572,1730329507.5971768
-22874.797627305703,-221.48343580763768,1730329507.601284
-22894.511865915283,-288.5610209180141,1730329507.6045952
-22971.938308708468,-329.95645164924287,1730329507.6080377
-22928.285351787254,-256.1733432022742,1730329507.612271
-22887.940453045423,-232.1005144239085,1730329507.6160853
-22896.702336871906,-281.6543318813243,1730329507.6206691
-22931.90633438901,-314.69021018626813,1730329507.6250143
-22966.05979991672,-298.26167801161745,1730329507.6293173
-22921.468069728384,-256.9109507692994,1730329507.632542
-22881.01141226428,-313.9749543636983,1730329507.636282
-22920.61870343908,-325.48610275818146,1730329507.6407351
-22959.10840739112,-254.00522399010947,1730329507.6447191
-22879.8491215526,-212.90036593679977,1730329507.648379
-22877.0998569846,-252.82058153397816,1730329507.6532204
-22937.293104802746,-319.4287800107932,1730329507.6563597
-22901.642072396528,-294.12660528738564,1730329507.6591408
-22897.171723505464,-245.6903750527352,1730329507.6647344
-22921.982159850857,-236.83908424843364,1730329507.6682613
-22948.021942141288,-291.64556165284654,1730329507.6726162
-22982.041297202268,-310.26456478411734,1730329507.6762767
-22954.90627943352,-275.6417126228467,1730329507.6813903
-22892.2543397253,-260.04019499304235,1730329507.684209
-22899.22808399536,-295.9370965882655,1730329507.6873834
-22943.50688976132,-329.6658789713239,1730329507.6921723
-22930.07349134368,-277.407500434816,1730329507.696648
-22872.62950809353,-230.6923545232242,1730329507.700224
-22904.10076428661,-277.921590557288,1730329507.704801
-22959.577794024684,-323.96618413522054,1730329507.7091987
-22921.088090072644,-262.45418339421553,1730329507.7127268
-22890.33208970214,-230.93822371223257,1730329507.7156503
-22881.659612853484,-276.46872716769303,1730329507.7207465
-22923.099747073626,-315.2043003087402,1730329507.7241294
-22951.486462531862,-293.9030878428326,1730329507.7283204
-22900.524485173763,-256.9780060026653,1730329507.7325592
-22838.923077454936,-263.43766015024903,1730329507.7364233
-22911.454488212406,-299.60278267893585,1730329507.7403257
-22978.15209366704,-291.243230252651,1730329507.7434788
-22938.58950598115,-257.2015234472184,1730329507.7483485
-22912.035633568245,-274.54647714453665,1730329507.7529073
-22942.165785094,-318.8699863994105,1730329507.7563844
-22955.55448002273,-300.67566641279063,1730329507.7608976
-22912.08033705716,-233.4863225801376,1730329507.7644887
-22879.938528530423,-233.79924700251183,1730329507.7684076
-22948.87130843059,-320.65812595583515,1730329507.771744
-22980.722544279404,-342.1158006329299,1730329507.7752836
-22884.47593265485,-245.6233198193693,1730329507.780527
-22865.85692952358,-231.1393894123304,1730329507.784371
-22918.428232482463,-311.1362828178743,1730329507.7883403
-23012.953759783955,-352.7328792492008,1730329507.792447
-22985.21524491492,-301.1897565352627,1730329507.7960165
-22829.20006861688,-223.7856654865343,1730329507.799366
-22868.76265630277,-268.60091311942494,1730329507.803825
-22932.0627966002,-314.08671308597485,1730329507.808278
-22916.885962115048,-270.03142476456463,1730329507.8128052
-22895.92002581597,-248.5513983430145,1730329507.8163087
-22868.38267664703,-302.5085094581258,1730329507.8195496
-22962.63998301506,-341.4005448103601,1730329507.8235292
-22992.54661709626,-302.68732341376824,1730329507.8273387
-22912.929703346457,-238.22489240466268,1730329507.831463
-22910.895694601026,-270.12083174238586,1730329507.8365617
-22970.418390085502,-323.340335290472,1730329507.8406365
-22955.95681142292,-297.0323320665756,1730329507.8445623
-22918.27177027128,-260.6213403488803,1730329507.847578
-22854.032856706723,-248.14906694281905,1730329507.8515198
-22882.53133088724,-285.1188522718969,1730329507.855486
-22910.18043877845,-293.16548027580745,1730329507.8595295
-22909.62164516708,-263.7505845726233,1730329507.8635595
-22901.68677588544,-270.41140442030485,1730329507.8684292
-22886.644051867017,-277.1839829902629,1730329507.8729804
-22956.00151491184,-282.5484016595366,1730329507.875346
-22937.337808291653,-257.02270949157594,1730329507.8797493
-22836.75495824277,-225.1267701538528,1730329507.883422
-22879.24562445231,-287.62224765089127,1730329507.8876708
-22983.36005012513,-311.0692275845084,1730329507.8924873
-22991.83136127369,-300.3850937348716,1730329507.8969035
-22900.72565087386,-276.66989286779085,1730329507.8994513
-22863.97938298933,-259.8613810373999,1730329507.9040432
-22904.97248232037,-290.75149187463427,1730329507.9074614
-22935.34850303513,-276.96046554570984,1730329507.9121077
-22924.977293607863,-247.85849426490003,1730329507.915749
-22897.19407524992,-284.09067202695275,1730329507.9194689
-22938.813023425704,-322.26745155661723,1730329507.924522
-22970.284279618776,-288.4269104512823,1730329507.9274228
-22900.01039505129,-230.5805958009477,1730329507.9314249
-22860.470159109853,-262.9459217722323,1730329507.9355476
-22904.81602010918,-303.73785540316766,1730329507.9394925
-22956.40384631203,-294.9983233211426,1730329507.943554
-22934.141508834546,-250.87597976636647,1730329507.947562
-22883.358345432087,-267.3715671743831,1730329507.9527197
-22904.21252300889,-326.0001928806535,1730329507.9556668
-22946.56907875169,-301.2344600241733,1730329507.9595928
-22912.43796496844,-264.5105438841037,1730329507.9636931
-22861.341877143608,-247.34440414242795,1730329507.9677863
-22921.892752873035,-279.37445394688297,1730329507.9716165
-22965.746875494347,-312.857367140933,1730329507.9755864
-22922.20567729541,-277.00516903462045,1730329507.9808316
-22878.9997552633,-244.70689829670167,1730329507.9836235
-22921.848049384123,-292.07024479749737,1730329507.9867673
-22957.81200621272,-343.21103611123993,1730329507.9915476
-22879.938528530423,-247.67968030925755,1730329507.9958217
-22846.18739440291,-201.7468454536016,1730329507.9995384
-22883.62656636555,-262.90121828332167,1730329508.0035567
-22944.55742175072,-301.5920879354582,1730329508.0075512
-22943.931572905967,-271.43958466524896,1730329508.0106947
-22889.21450247937,-238.18018891575207,1730329508.0155628
-22893.48368567034,-271.5960468764361,1730329508.0196507
-22938.56715423669,-317.4394747542709,1730329508.0238872
-22940.4670525154,-312.74560841865645,1730329508.027764
-22905.1065927871,-277.1616312458076,1730329508.0317574
-22847.41674034795,-267.7515468301233,1730329508.0357225
-22954.30278233323,-339.45594304274834,1730329508.0387647
-22969.189044140465,-313.2820502855838,1730329508.0427823
-22885.32529894416,-222.93629919723264,1730329508.0478685
-22845.58389730262,-221.95282244119915,1730329508.0518909
-22893.12605775905,-294.3948262208493,1730329508.055876
-22948.334866563662,-313.8408438969665,1730329508.0598812
-22923.8597063851,-261.51541012709265,1730329508.0639925
-22931.995741366834,-264.2870264395507,1730329508.0667267
-22951.19588985394,-319.22761431069546,1730329508.0711982
-22902.513790430283,-303.71550365871235,1730329508.074782
-22913.01911032428,-256.7768403025676,1730329508.080135
-22850.27776363823,-239.09661043841965,1730329508.0837452
-22849.562507815663,-282.3248842149835,1730329508.0880327
-22891.29321471372,-326.6483934698574,1730329508.0908108
-22878.128037229544,-271.79721257653387,1730329508.094937
-22873.52357787175,-231.698183023713,1730329508.0990005
-22892.835485081137,-280.1120615139081,1730329508.1031308
-22977.839169244668,-352.5540652935583,1730329508.107869
-22996.79344854277,-327.05072487005293,1730329508.112383
-22868.248566180297,-232.3240318684616,1730329508.1158652
-22854.412836362462,-247.29970065351733,1730329508.1189272
-22928.01713085379,-314.8466723974553,1730329508.122897
-22951.955849165424,-298.64165766735766,1730329508.1269245
-22910.49336320083,-243.3881453738386,1730329508.1308055
-22869.120284214056,-256.2851019245508,1730329508.135947
-22903.005528808302,-317.3277160319944,1730329508.1399808
-22938.45539551442,-315.2043003087402,1730329508.142848
-22900.0550985402,-269.2267619641736,1730329508.1469548
-22861.61009807707,-279.2179917356958,1730329508.1508348
-22919.67993017196,-336.2149400967288,1730329508.1552184
-22966.126855150087,-320.792236422567,1730329508.15887
-22934.54384023474,-265.67283459577976,1730329508.1640072
-22865.409894634475,-272.11013699890816,1730329508.1680489
-22916.2601132703,-338.2713005866171,1730329508.171059
-22982.533035580283,-329.7552859491451,1730329508.1748164
-22941.91991590499,-273.3618346884054,1730329508.178975
-22924.64201744104,-268.71267184170154,1730329508.1830575
-22916.617741181584,-311.5609659625252,1730329508.1868613
-22946.88200317407,-335.74555346316737,1730329508.1919842
-22946.3679130516,-303.2908205140615,1730329508.1960733
-22915.2095812809,-266.29868344052835,1730329508.199
-22874.19413020541,-290.05858779651976,1730329508.2031038
-22941.629343227072,-351.9282164488097,1730329508.207152
-22978.062686689223,-332.7727714506116,1730329508.2111006
-22893.52838915925,-240.5494738280146,1730329508.21511
-22895.629453138048,-269.3161689419948,1730329508.2191403
-22948.223107841382,-337.533693019592,1730329508.2239542
-22982.26481464682,-334.65031798485734,1730329508.227138
-22920.50694471681,-269.6514451088244,1730329508.231157
-22864.649935323,-268.57856137496964,1730329508.2351644
-22925.3125697747,-337.1984168527624,1730329508.2391784
-22978.330907622687,-326.80485568104456,1730329508.2430997
-22901.86558984108,-258.8555525369111,1730329508.2481968
-22871.444865637408,-263.2811979390619,1730329508.251146
-22952.96167766592,-331.0069836386423,1730329508.2542005
-22964.85280571613,-325.2402335691731,1730329508.2589743
-22913.242627768832,-270.567866631492,1730329508.2629893
-22912.035633568245,-267.0809944964641,1730329508.2671256
-22952.02290439879,-311.62802119589105,1730329508.2712147
-22979.40379135654,-324.1897015797736,1730329508.2761593
-22955.35331432263,-287.6445993953466,1730329508.2792532
-22890.868531569067,-255.32397691297257,1730329508.282189
-22918.830563882657,-306.0400850820643,1730329508.2872157
-22981.102523935144,-356.75619325115605,1730329508.2910805
-22981.23663440188,-312.1644630628184,1730329508.295221
-22925.826659897168,-260.10725022640827,1730329508.2990277
-22909.21931376688,-303.00024783614253,1730329508.30325
-22939.05889261471,-350.0506699145639,1730329508.307238
-22976.408657599528,-327.09542835896355,1730329508.3102384
-22946.72554096288,-285.0965005274416,1730329508.3152466
-22878.329202929643,-275.84287832294444,1730329508.319198
-22941.070549615688,-310.1528060618408,1730329508.3232265
-22983.2259396584,-310.7563031621341,1730329508.327288
-22942.501061260828,-267.93036078576574,1730329508.332289
-22926.608970953104,-283.017788293098,1730329508.3351676
-22951.419407298497,-337.0643063860305,1730329508.3382175
-22986.511646093328,-338.6512802423573,1730329508.342095
-22960.09188414716,-285.56588716100305,1730329508.3472085
-22909.956921333905,-263.12473572787474,1730329508.3513217
-22929.9617326214,-315.9866113646759,1730329508.3553455
-22978.15209366704,-342.4287250553042,1730329508.3593245
-22961.567099281205,-291.1091197859192,1730329508.3633611
-22916.43892722594,-270.5902183759473,1730329508.3661215
-22924.44085174094,-325.06141961353063,1730329508.3702948
-22974.28524187628,-348.48604780269244,1730329508.375275
-22970.06076217422,-292.2267070086845,1730329508.3793764
-22920.95397960591,-256.24039843564015,1730329508.3832777
-22908.504057944305,-290.95265757473203,1730329508.3863778
-22960.181291124976,-342.3616698219383,1730329508.3904288
-22953.54282302175,-300.4968524571481,1730329508.3943925
-22892.790781592223,-239.923624983266,1730329508.3983743
-22893.12605775905,-268.77972707506746,1730329508.4024208
-22946.814947940704,-322.69213470126806,1730329508.407202
-22983.605919314137,-301.74855014664536,1730329508.4114003
-22921.7139389174,-237.084953437442,1730329508.4144304
-22890.510903657785,-253.73700305664576,1730329508.4183502
-22928.64297969854,-316.1877770647737,1730329508.4223547
-22965.746875494347,-314.6455066973575,1730329508.4264002
-22942.59046823865,-254.34050015693907,1730329508.4304223
-22902.513790430283,-247.41145937579387,1730329508.435324
-22925.29021803024,-302.9108408583213,1730329508.439476
-22963.422294070995,-313.8631956414218,1730329508.4424398
-22945.49619501784,-262.45418339421553,1730329508.4464724
-22898.95986306189,-251.7029943112128,1730329508.4504187
-22902.96082531939,-291.71261688621246,1730329508.454481
-22950.97237240939,-315.2043003087402,1730329508.4583004
-22967.557366795227,-265.5163723845926,1730329508.463559
-22927.32422677568,-237.4425813487269,1730329508.4673135
-22918.5623429492,-279.32975045797235,1730329508.4703653
-22950.34652356464,-307.0906170714637,1730329508.4745438
-22960.74008473636,-274.568828888992,1730329508.4784992
-22915.544857447727,-236.61556680388057,1730329508.4824705
-22905.084241042645,-273.22772422167355,1730329508.4865618
-22949.452453786427,-320.5463672335586,1730329508.4914408
-22959.533090535773,-293.858384353922,1730329508.494556
-22912.16974403497,-244.5504360855145,1730329508.498479
-22884.67709835495,-261.7165758271904,1730329508.5024152
-22931.25813379981,-307.403541493838,1730329508.506575
-22955.465073044907,-289.4774424406818,1730329508.5105712
-22913.53320044675,-236.7720290150677,1730329508.5145197
-22877.39042966252,-245.310395396995,1730329508.519478
-22909.12990678905,-301.05564606853085,1730329508.5224164
-22962.86350045961,-304.02842808108664,1730329508.5255103
-22933.940343134447,-243.0081657180984,1730329508.5305252
-22875.37877266154,-224.85854922038905,1730329508.534439
-22894.087182770632,-277.94394230174333,1730329508.5384808
-22933.023921611777,-289.8350703519667,1730329508.5426147
-22909.15225853351,-233.53102606904807,1730329508.5476596
-22862.124188199545,-210.5534327689925,1730329508.5505388
-22868.315621413665,-265.471668895682,1730329508.5536363
-22935.39320652404,-303.8719658698995,1730329508.5584598
-22932.599238467126,-253.33467165645024,1730329508.5625813
-22881.97253727586,-218.3094880949841,1730329508.5665133
-22877.79276106272,-261.7836310605564,1730329508.5705695
-22923.63618894055,-302.44145422475987,1730329508.5745296
-22931.749872177825,-265.471668895682,1730329508.5787325
-22883.850083810103,-222.4445608192159,1730329508.5817108
-22870.886072026024,-252.97704374516533,1730329508.5867932
-22921.222200539378,-298.21697452270683,1730329508.5905523
-22940.221183326383,-272.7806893325674,1730329508.5946846
-22897.9540345614,-216.27547934955115,1730329508.598668
-22868.71795281386,-231.8099417459896,1730329508.6027913
-22910.91804634548,-286.147032516841,1730329508.606804
-22943.70805546141,-274.25590446661766,1730329508.6096213
-22911.6109504236,-220.8799387073444,1730329508.613798
-22870.886072026024,-216.0966653939087,1730329508.618791
-22893.23781648133,-264.3317299284613,1730329508.6227143
-22930.699340188425,-268.4891543971484,1730329508.6269872
-22907.05119455471,-215.60492701589192,1730329508.6307864
-22874.1494267165,-212.766255470068,1730329508.633644
-22897.3058339722,-266.4551456517155,1730329508.6378756
-22935.32615129068,-277.02752077907576,1730329508.6419384
-22919.76933714978,-225.5514532985036,1730329508.6469693
-22880.27380469725,-201.7915489425121,1730329508.650911
-22893.26016822579,-246.8973692533218,1730329508.6550355
-22928.710034931904,-285.7894046055561,1730329508.6579356
-22933.69447394544,-242.31526163998387,1730329508.6619325
-22899.496304928816,-195.55541223948148,1730329508.6658697
-22874.3505924166,-229.23949113362923,1730329508.669849
-22917.042424326235,-266.58925611844734,1730329508.6747208
-22924.48555522985,-229.75358125610128,1730329508.678959
-22881.659612853484,-177.2269817861297,1730329508.6827123
-22863.97938298933,-203.24441233210712,1730329508.6860716
-22914.136697547045,-260.08489848195296,1730329508.6898353
-22938.991837381345,-243.4552006072045,1730329508.6939335
-22898.40106945051,-186.5029557350821,1730329508.6979468
-22864.404066133982,-193.99079012761,1730329508.7029564
-22896.52352291626,-251.1442006998301,1730329508.7070217
-22941.98697113836,-254.116982712386,1730329508.7109969
-22908.9063893445,-196.38242678432783,1730329508.7139854
-22857.564432330662,-195.22013607265188,1730329508.718042
-22886.37583093356,-243.6116628183917,1730329508.7220323
-22920.685758672447,-250.07131696597543,1730329508.7258291
-22918.76350864929,-203.5349850100261,1730329508.730984
-22877.368077918065,-187.1735080687413,1730329508.7350335
-22878.798589563205,-239.7448110276236,1730329508.7379887
-22920.61870343908,-251.41242163329383,1730329508.7419388
-22938.50009900333,-205.85956643337803,1730329508.7460089
-22889.01333677928,-185.31831327895085,1730329508.7498395
-22883.24658670981,-226.66904052126893,1730329508.754011
-22923.21150579589,-242.85170350691124,1730329508.7590208
-22924.083223829657,-201.72449370914623,1730329508.7630904
-22873.925909271948,-163.3241967349287,1730329508.7658572
-22863.174720188945,-198.88582216332225,1730329508.770049
-22907.34176723263,-247.4338111202492,1730329508.7738087
-22931.414596011,-224.6573835202913,1730329508.7780452
-22890.28738621324,-174.79064164050124,1730329508.7821028
-22869.88024352553,-197.96940064065464,1730329508.7859051
-22898.33401421714,-237.9790232156543,1730329508.7908237
-22920.417537738984,-215.1802438712411,1730329508.7939591
-22889.19215073492,-165.91699909174432,1730329508.7980185
-22853.63052530653,-171.5943421833923,1730329508.802082
-22875.71404882837,-222.60102303040304,1730329508.8060815
-22912.81794462418,-226.1773021432521,1730329508.810043
-22895.92002581597,-176.75759515256826,1730329508.81409
-22850.501281082783,-172.13078405031968,1730329508.8191075
-22857.65383930848,-223.9868311866321,1730329508.822128
-22927.68185468696,-240.30360463900624,1730329508.8250008
-22912.01328182379,-186.07827259043128,1730329508.8300047
-22861.23011842133,-161.31253973395107,1730329508.8341455
-22868.98617374732,-215.04613340450925,1730329508.8381658
-22919.858744127603,-251.50182861111503,1730329508.8421063
-22918.160011549,-212.3862758143277,1730329508.8471212
-22867.89093826901,-166.83342061441192,1730329508.849965
-22862.95120274439,-196.62829597333624,1730329508.8531823
-22911.476839956864,-246.0927064529308,1730329508.8579855
-22923.993816851835,-213.4815112926377,1730329508.862176
-22873.52357787175,-163.3018449904734,1730329508.8659763
-22849.9424874714,-188.17933656923017,1730329508.870032
-22897.752868861306,-245.1762849302632,1730329508.8750124
-22921.44571798393,-223.51744455307065,1730329508.878186
-22872.450694137897,-167.14634503678622,1730329508.8810792
-22843.773406001736,-184.5583539674704,1730329508.886228
-22888.76746759027,-240.3930116168275,1730329508.8901553
-22922.943284862435,-227.8983864663108,1730329508.8942869
-22883.045421009712,-167.97335958163256,1730329508.8983493
-22845.449786835885,-168.88978110430017,1730329508.9023423
-22874.73057207233,-227.92073821076613,1730329508.9054823
-22912.035633568245,-238.2695958935733,1730329508.9097612
-22879.2009209634,-182.3678830108504,1730329508.9142284
-22856.42449336344,-172.93544685071075,1730329508.9182491
-22877.79276106272,-226.78079924354543,1730329508.9222531
-22915.164877791987,-246.07035470847543,1730329508.926056
-22898.602235150604,-192.314409293462,1730329508.929228
-22850.210708404866,-161.0443188004874,1730329508.9330833
-22847.61790604805,-196.56124073997032,1730329508.937192
-22882.844255309614,-221.1928631297187,1730329508.942191
-22891.919063558467,-188.17933656923017,1730329508.946303
-22853.071731695145,-164.218266513141,1730329508.95017
-22845.80741474717,-205.4572350331825,1730329508.95433
-22893.39427869252,-249.9819099881542,1730329508.957107
-22899.22808399536,-213.12388338135284,1730329508.9613557
-22868.15915920248,-167.01223457005435,1730329508.9653747
-22847.8414234926,-190.36980752585023,1730329508.969296
-22879.513845385773,-242.7175930401794,1730329508.9741127
-22903.877246842058,-229.8206364894672,1730329508.978196
-22873.90355752749,-177.5846096974146,1730329508.981282
-22844.28749612421,-185.60888595686984,1730329508.9853897
-22875.937566272925,-244.43867736323804,1730329508.9893644
-22920.685758672447,-248.7525640431123,1730329508.993318
-22883.71597334337,-189.8780691478335,1730329508.9972267
-22846.097987425088,-188.11228133586425,1730329509.0028367
-22887.04638326721,-240.8847499948442,1730329509.0066512
-22914.65078766952,-242.15879942879675,1730329509.0099485
-22894.690679870928,-191.5320982375262,1730329509.013829
-22845.85211823608,-173.27072301754035,1730329509.017436
-22854.144615429,-224.61268003138068,1730329509.0214236
-22894.891845571023,-250.25013092161788,1730329509.0252583
-22894.91419731548,-204.5408135105149,1730329509.0305502
-22845.650952535983,-169.13565029330854,1730329509.0346315
-22851.171833416443,-217.9742119281545,1730329509.0373683
-22898.892807828524,-255.6145495908916,1730329509.0413096
-22904.07841254216,-213.6156217593696,1730329509.0458128
-22854.01050496227,-174.50006896258225,1730329509.0493152
-22835.7938332312,-199.46696751916025,1730329509.053419
-22882.486627398328,-238.69427903822407,1730329509.0582914
-22899.98804330684,-206.0160286445652,1730329509.0628345
-22855.41866486295,-155.32227221992878,1730329509.0655713
-22821.75693771326,-170.5885136829035,1730329509.0693688
-22860.268993409754,-229.35124985590576,1730329509.0735664
-22893.461333925883,-222.31045035248405,1730329509.077499
-22865.43224637893,-172.64487417279176,1730329509.0819356
-22834.497432052784,-178.7469004090906,1730329509.085369
-22861.252470165786,-231.0499824345091,1730329509.0905633
-22890.95793854689,-232.9275289687549,1730329509.0939944
-22882.486627398328,-184.379540011828,1730329509.0975368
-22837.4925658098,-179.39510099829448,1730329509.1014452
-22853.00467646178,-232.9051772242996,1730329509.1056304
-22899.02691829525,-249.0878402099419,1730329509.1096706
-22890.689717613423,-202.79737744300093,1730329509.115016
-22828.194240116387,-169.82855437142305,1730329509.1174996
-22831.03291166221,-213.4368078037272,1730329509.120606
-22887.42636292295,-243.87988375185537,1730329509.125492
-22873.90355752749,-200.13751985281945,1730329509.1296923
-22827.85896394956,-170.32029274943983,1730329509.133438
-22831.32348434013,-210.7769502135456,1730329509.1376083
-22881.70431634239,-249.0431367210313,1730329509.141495
-22895.49534267132,-216.85662470538912,1730329509.1455956
-22852.13295842802,-171.66139741675823,1730329509.1485972
-22908.16878177748,-277.69807311273496,1730329514.156052
