time_board,marker
1730411381.0319085,5.0
1730411381.0364406,5.0
1730411381.0400245,5.0
1730411381.0426643,5.0
1730411381.047321,5.0
1730411381.0520213,5.0
1730411381.0559893,5.0
1730411381.0598447,5.0
1730411381.0640182,5.0
1730411381.0668037,5.0
1730411381.0714214,5.0
1730411381.074871,5.0
1730411381.0799243,5.0
1730411381.0837252,5.0
1730411381.0877936,5.0
1730411381.0918744,5.0
1730411381.0953808,5.0
1730411381.0989337,5.0
1730411381.103366,5.0
1730411381.1071312,5.0
1730411381.1120956,5.0
1730411381.116254,5.0
1730411381.12042,5.0
1730411381.123066,5.0
1730411381.1270957,5.0
1730411381.131412,5.0
1730411381.1348758,5.0
1730411381.140299,5.0
1730411381.1445987,5.0
1730411381.1472063,5.0
1730411381.1508956,5.0
1730411381.1554017,5.0
1730411381.1589513,5.0
1730411381.163439,5.0
1730411381.1679072,5.0
1730411381.1721778,5.0
1730411381.1748528,5.0
1730411381.1790652,5.0
1730411381.1830878,5.0
1730411381.18729,5.0
1730411381.1910808,5.0
1730411381.1964288,5.0
1730411381.1999173,5.0
1730411381.2034364,5.0
1730411381.207549,5.0
1730411381.211594,5.0
1730411381.2154248,5.0
1730411381.2191048,5.0
1730411381.2234406,5.0
1730411381.2281718,5.0
1730411381.2311788,5.0
1730411381.2350717,5.0
1730411381.2392004,5.0
1730411381.243157,5.0
1730411381.247528,5.0
1730411381.2510076,5.0
1730411381.25652,5.0
1730411381.2590623,5.0
1730411381.26361,5.0
1730411381.2670112,5.0
1730411381.271273,5.0
1730411381.2750933,5.0
1730411381.280804,5.0
1730411381.2831104,5.0
1730411381.2860303,5.0
1730411381.2913816,5.0
1730411381.295356,5.0
1730411381.2992089,5.0
1730411381.3036296,5.0
1730411381.3071454,5.0
1730411381.3118005,5.0
1730411381.3141215,5.0
1730411381.3192637,5.0
1730411381.3233612,5.0
1730411381.3274174,5.0
1730411381.331322,5.0
1730411381.3352883,5.0
1730411381.33925,5.0
1730411381.342198,5.0
1730411381.346408,5.0
1730411381.3511703,5.0
1730411381.3554273,5.0
1730411381.3591323,5.0
1730411381.3636167,5.0
1730411381.3671863,5.0
1730411381.370889,5.0
1730411381.3743846,5.0
1730411381.3793497,5.0
1730411381.3832664,5.0
1730411381.3878293,5.0
1730411381.390514,5.0
1730411381.3949552,5.0
1730411381.398492,5.0
1730411381.4027567,5.0
1730411381.407657,5.0
1730411381.411788,5.0
1730411381.415989,5.0
1730411381.4183817,5.0
1730411381.4228015,5.0
1730411381.4262772,5.0
1730411381.4306204,5.0
1730411381.435424,5.0
1730411381.439432,5.0
1730411381.4434338,5.0
1730411381.4467256,5.0
1730411381.450369,5.0
1730411381.4548109,5.0
1730411381.458424,5.0
1730411381.4625988,5.0
1730411381.4672897,5.0
1730411381.4716277,5.0
1730411381.474661,5.0
1730411381.4786289,5.0
1730411381.482752,5.0
1730411381.4865336,5.0
1730411381.4903677,5.0
1730411381.495952,5.0
1730411381.4988513,5.0
1730411381.5030248,5.0
1730411381.5069993,5.0
1730411381.511098,5.0
1730411381.5148368,5.0
1730411381.518639,5.0
1730411381.5233915,5.0
1730411381.5264163,5.0
1730411381.531108,5.0
1730411381.534403,5.0
1730411381.5388544,5.0
1730411381.542472,5.0
1730411381.5466592,5.0
1730411381.5514488,5.0
1730411381.555102,5.0
1730411381.5576153,5.0
1730411381.5627527,5.0
1730411381.5664277,5.0
1730411381.5708616,5.0
1730411381.5746377,5.0
1730411381.579554,5.0
1730411381.5827346,5.0
1730411381.5866623,5.0
1730411381.5912044,5.0
1730411381.595006,5.0
1730411381.5986552,5.0
1730411381.6027513,5.0
1730411381.6067233,5.0
1730411381.6096065,5.0
1730411381.614077,5.0
1730411381.6185124,5.0
1730411381.622716,5.0
1730411381.6267426,5.0
1730411381.6308796,5.0
1730411381.633568,5.0
1730411381.6377733,5.0
1730411381.6416392,5.0
1730411381.646999,5.0
1730411381.6506455,5.0
1730411381.6549904,5.0
1730411381.6585882,5.0
1730411381.6617992,5.0
1730411381.665937,5.0
1730411381.6697652,5.0
1730411381.6745956,5.0
1730411381.678778,5.0
1730411381.682722,5.0
1730411381.6870308,5.0
1730411381.689768,5.0
1730411381.6941864,5.0
1730411381.6979113,5.0
1730411381.7018645,5.0
1730411381.7071047,5.0
1730411381.7111228,5.0
1730411381.714792,5.0
1730411381.7176402,5.0
1730411381.72216,5.0
1730411381.7257571,5.0
1730411381.7299736,5.0
1730411381.7347894,5.0
1730411381.7390783,5.0
1730411381.7416656,5.0
1730411381.7460396,5.0
1730411381.7497025,5.0
1730411381.754002,5.0
1730411381.7579043,5.0
1730411381.7633262,5.0
1730411381.7667084,5.0
1730411381.7699451,5.0
1730411381.774012,5.0
1730411381.77796,5.0
1730411381.7820756,5.0
1730411381.7863874,5.0
1730411381.7900603,5.0
1730411381.7950544,5.0
1730411381.7978156,5.0
1730411381.8019075,5.0
1730411381.8059185,5.0
1730411381.8098552,5.0
1730411381.8138957,5.0
1730411381.819916,5.0
1730411381.822918,5.0
1730411381.8268864,5.0
1730411381.8298876,5.0
1730411381.8337667,5.0
1730411381.837896,5.0
1730411381.8417327,5.0
1730411381.8460772,5.0
1730411381.8497655,5.0
1730411381.854384,5.0
1730411381.857794,5.0
1730411381.8623312,5.0
1730411381.8662083,5.0
1730411381.870172,5.0
1730411381.874294,5.0
1730411381.8780966,5.0
1730411381.8808656,5.0
1730411381.886407,5.0
1730411381.8903894,5.0
1730411381.8940983,5.0
1730411381.8980727,5.0
1730411381.9020548,5.0
1730411381.906041,5.0
1730411381.9089055,5.0
1730411381.9130948,5.0
1730411381.9181352,5.0
1730411381.9224813,5.0
1730411381.9259975,5.0
1730411381.9302206,5.0
1730411381.9340029,5.0
1730411381.937177,5.0
1730411381.9410808,5.0
1730411381.9464629,5.0
1730411381.950064,5.0
1730411381.9545774,5.0
1730411381.958216,5.0
1730411381.9625869,5.0
1730411381.9653027,5.0
1730411381.969215,5.0
1730411381.974151,5.0
1730411381.9782703,5.0
1730411381.982542,5.0
1730411381.9854076,5.0
1730411381.9892583,5.0
1730411381.99319,5.0
1730411381.997359,5.0
1730411382.002723,5.0
1730411382.0063114,5.0
1730411382.01026,5.0
1730411382.0137248,5.0
1730411382.0171435,5.0
1730411382.0215707,5.0
1730411382.0250995,5.0
1730411382.0308475,5.0
1730411382.0342135,5.0
1730411382.038616,5.0
1730411382.0411477,5.0
1730411382.0457094,5.0
1730411382.0492823,5.0
1730411382.0534244,5.0
1730411382.057513,5.0
1730411382.0626056,5.0
1730411382.0654323,5.0
1730411382.0693357,5.0
1730411382.073429,5.0
1730411382.0778213,5.0
1730411382.0816317,5.0
1730411382.085845,5.0
1730411382.090908,5.0
1730411382.0934796,5.0
1730411382.0977352,5.0
1730411382.1014056,5.0
1730411382.10522,5.0
1730411382.1091905,5.0
1730411382.1137288,5.0
1730411382.1184957,5.0
1730411382.121971,5.0
1730411382.1253428,5.0
1730411382.1292756,5.0
1730411382.1332605,5.0
1730411382.137766,5.0
1730411382.1413496,5.0
1730411382.145835,5.0
1730411382.1493213,5.0
1730411382.1525936,5.0
1730411382.157475,5.0
1730411382.1615293,5.0
1730411382.1658466,5.0
1730411382.1694024,5.0
1730411382.173702,5.0
1730411382.1777525,5.0
1730411382.181048,5.0
1730411382.1860523,5.0
1730411382.18951,5.0
1730411382.1936605,5.0
1730411382.1978707,5.0
1730411382.2015982,5.0
1730411382.205979,5.0
1730411382.2093675,5.0
1730411382.213884,5.0
1730411382.2174244,5.0
1730411382.220969,5.0
1730411382.2244563,5.0
1730411382.229534,5.0
1730411382.233397,5.0
1730411382.2379775,5.0
1730411382.2409725,5.0
1730411382.2446525,5.0
1730411382.2490077,5.0
1730411382.253677,5.0
1730411382.257755,5.0
1730411382.261731,5.0
1730411382.2658708,5.0
1730411382.2691998,5.0
1730411382.272688,5.0
1730411382.2767105,5.0
1730411382.2811048,5.0
1730411382.2856915,5.0
1730411382.2896152,5.0
1730411382.2940693,5.0
1730411382.296725,5.0
1730411382.3004413,5.0
1730411382.304718,5.0
1730411382.3085096,5.0
1730411382.3138323,5.0
1730411382.3176296,5.0
1730411382.3220055,5.0
1730411382.3244977,5.0
1730411382.3286572,5.0
1730411382.3327549,5.0
1730411382.3369117,5.0
1730411382.341518,5.0
1730411382.3460836,5.0
1730411382.3486507,5.0
1730411382.3529985,5.0
1730411382.3568,5.0
1730411382.3609648,5.0
1730411382.3649852,5.0
1730411382.3688636,5.0
1730411382.3738587,5.0
1730411382.3768892,5.0
1730411382.3813295,5.0
1730411382.3847888,5.0
1730411382.3887048,5.0
1730411382.3927617,5.0
1730411382.398143,5.0
1730411382.4019506,5.0
1730411382.4050317,5.0
1730411382.4086428,5.0
1730411382.4130003,5.0
1730411382.4166095,5.0
1730411382.4212177,5.0
1730411382.4247637,5.0
1730411382.429772,5.0
1730411382.432757,5.0
1730411382.4369683,5.0
1730411382.4410748,5.0
1730411382.4449165,5.0
1730411382.4507606,5.0
1730411382.454007,5.0
1730411382.4578283,5.0
1730411382.461336,5.0
1730411382.464183,5.0
1730411382.4689407,5.0
1730411382.4729662,5.0
1730411382.4774787,5.0
1730411382.4813757,5.0
1730411382.484929,5.0
1730411382.4879544,5.0
1730411382.4917438,5.0
1730411382.4970362,5.0
1730411382.5008605,5.0
1730411382.5053768,5.0
1730411382.5087829,5.0
1730411382.5131285,5.0
1730411382.5157535,5.0
1730411382.5201223,5.0
1730411382.5248213,5.0
1730411382.5289876,5.0
1730411382.5328708,5.0
1730411382.5370724,5.0
1730411382.5403187,5.0
1730411382.5444727,5.0
1730411382.5480378,5.0
1730411382.5530648,5.0
1730411382.5574477,5.0
1730411382.561362,5.0
1730411382.5654695,5.0
1730411382.5680556,5.0
1730411382.5721345,5.0
1730411382.5759487,5.0
1730411382.581329,5.0
1730411382.5856173,5.0
1730411382.589089,5.0
1730411382.5919275,5.0
1730411382.5961456,5.0
1730411382.5998805,5.0
1730411382.6065836,5.0
1730411382.608956,5.0
1730411382.6131785,5.0
1730411382.6169631,5.0
1730411382.620283,5.0
1730411382.6243172,5.0
1730411382.6282563,5.0
1730411382.6324382,5.0
1730411382.6361852,5.0
1730411382.64104,5.0
1730411382.6455624,5.0
1730411382.648126,5.0
1730411382.6526196,5.0
1730411382.6562746,5.0
1730411382.6607778,5.0
1730411382.6641953,5.0
1730411382.6683524,5.0
1730411382.6733203,5.0
1730411382.6760907,5.0
1730411382.6804135,5.0
1730411382.6840837,5.0
1730411382.6882334,5.0
1730411382.6921391,5.0
1730411382.697552,5.0
1730411382.7001832,5.0
1730411382.7033775,5.0
1730411382.7080977,5.0
1730411382.712401,5.0
1730411382.7160993,5.0
1730411382.7201684,5.0
1730411382.7252166,5.0
1730411382.7281885,5.0
1730411382.7323904,5.0
1730411382.7363143,5.0
1730411382.740841,5.0
1730411382.7443156,5.0
1730411382.7485125,5.0
1730411382.7526226,5.0
1730411382.7567632,5.0
1730411382.759244,5.0
1730411382.7647357,5.0
1730411382.7685373,5.0
1730411382.772833,5.0
1730411382.7762897,5.0
1730411382.780491,5.0
1730411382.7841604,5.0
1730411382.7876225,5.0
1730411382.7921867,5.0
1730411382.7966754,5.0
1730411382.800253,5.0
1730411382.804741,5.0
1730411382.8082604,5.0
1730411382.8123517,5.0
1730411382.8153367,5.0
1730411382.820358,5.0
1730411382.8241403,5.0
1730411382.8283768,5.0
1730411382.8323605,5.0
1730411382.8363743,5.0
1730411382.8393824,5.0
1730411382.8433487,5.0
1730411382.8473344,5.0
1730411382.8523445,5.0
1730411382.85634,5.0
1730411382.8606627,5.0
1730411382.8634882,5.0
1730411382.8675363,5.0
1730411382.8712852,5.0
1730411382.8753023,5.0
1730411382.879466,5.0
1730411382.8844552,5.0
1730411382.8889065,5.0
1730411382.8913052,5.0
1730411382.895805,5.0
1730411382.8992827,5.0
1730411382.9035132,5.0
1730411382.9084084,5.0
1730411382.9128883,5.0
1730411382.9163628,5.0
1730411382.919343,5.0
1730411382.923403,5.0
1730411382.9274464,5.0
1730411382.9315083,5.0
1730411382.93635,5.0
1730411382.9404736,5.0
1730411382.94355,5.0
1730411382.947526,5.0
1730411382.9515388,5.0
1730411382.9555871,5.0
1730411382.9594216,5.0
1730411382.963623,5.0
1730411382.9691317,5.0
1730411382.9717274,5.0
1730411382.9755476,5.0
1730411382.9795432,5.0
1730411382.9834456,5.0
1730411382.9879436,5.0
1730411382.9916153,5.0
1730411382.9967496,5.0
1730411382.9996016,5.0
1730411383.0040736,5.0
1730411383.007578,5.0
1730411383.0115788,5.0
1730411383.0156648,5.0
1730411383.0195265,5.0
1730411383.0245745,5.0
1730411383.027783,5.0
1730411383.0318296,5.0
1730411383.0359492,5.0
1730411383.0396683,5.0
1730411383.0438676,5.0
1730411383.0477903,5.0
1730411383.051896,5.0
1730411383.0548356,5.0
1730411383.0598493,5.0
1730411383.0638,5.0
1730411383.067711,5.0
1730411383.072075,5.0
1730411383.075621,5.0
1730411383.079708,5.0
1730411383.0826476,5.0
1730411383.0880492,5.0
1730411383.0916522,5.0
1730411383.095817,5.0
1730411383.099566,5.0
1730411383.103872,5.0
1730411383.1070137,5.0
1730411383.1109524,5.0
1730411383.1149817,5.0
1730411383.1199284,5.0
1730411383.123849,5.0
1730411383.1279604,5.0
1730411383.1319635,5.0
1730411383.1362984,5.0
1730411383.139088,5.0
1730411383.1427217,5.0
1730411383.1472511,5.0
1730411383.1524632,5.0
1730411383.1563466,5.0
1730411383.158712,5.0
1730411383.163005,5.0
1730411383.1667645,5.0
1730411383.1710055,5.0
1730411383.17476,5.0
1730411383.1798525,5.0
1730411383.1837792,5.0
1730411383.1873722,5.0
1730411383.1907337,5.0
1730411383.195078,5.0
1730411383.198861,5.0
1730411383.203084,5.0
1730411383.20791,5.0
1730411383.2123222,5.0
1730411383.215038,5.0
1730411383.2189617,5.0
1730411383.2228887,5.0
1730411383.227335,5.0
1730411383.2314615,5.0
1730411383.235499,5.0
1730411383.24015,5.0
1730411383.243204,5.0
1730411383.247343,5.0
1730411383.2509637,5.0
1730411383.2554457,5.0
1730411383.258956,5.0
1730411383.2643857,5.0
1730411383.2669473,5.0
1730411383.2702527,5.0
1730411383.274973,5.0
1730411383.279086,5.0
1730411383.2829323,5.0
1730411383.2874708,5.0
1730411383.2910223,5.0
1730411383.2955074,5.0
1730411383.2989607,5.0
1730411383.3031783,5.0
1730411383.307169,5.0
1730411383.3116274,5.0
1730411383.3155851,5.0
1730411383.319222,5.0
1730411383.323136,5.0
1730411383.3261228,5.0
1730411383.331102,5.0
1730411383.3351696,5.0
1730411383.3395395,5.0
1730411383.3431356,5.0
1730411383.3471255,5.0
1730411383.3510425,5.0
1730411383.354138,5.0
1730411383.3591566,5.0
1730411383.3631449,5.0
1730411383.3672884,5.0
1730411383.3711927,5.0
1730411383.3750007,5.0
1730411383.3791957,5.0
1730411383.38214,5.0
1730411383.387192,5.0
1730411383.3910737,5.0
1730411383.394996,5.0
1730411383.39907,5.0
1730411383.4020889,5.0
1730411383.40602,5.0
1730411383.4102223,5.0
1730411383.4151993,5.0
1730411383.4190755,5.0
1730411383.4232557,5.0
1730411383.4271984,5.0
1730411383.4302273,5.0
1730411383.4343646,5.0
1730411383.438198,5.0
1730411383.442182,5.0
1730411383.4473732,5.0
1730411383.4513528,5.0
1730411383.4553285,5.0
1730411383.4581728,5.0
1730411383.4623885,5.0
1730411383.4663408,5.0
1730411383.4703257,5.0
1730411383.4752495,5.0
1730411383.47946,5.0
1730411383.4833405,5.0
1730411383.4864717,5.0
1730411383.4906416,5.0
1730411383.4943788,5.0
1730411383.498456,5.0
1730411383.5034895,5.0
1730411383.507233,5.0
1730411388.5209017,5.0
1730411388.5250328,5.0
1730411388.529127,5.0
1730411388.5332367,5.0
1730411388.5358813,5.0
1730411388.5399716,5.0
1730411388.5438993,5.0
1730411388.5488756,5.0
1730411388.5529957,5.0
1730411388.5569289,5.0
1730411388.5610175,5.0
1730411388.5640848,5.0
1730411388.5680609,5.0
1730411388.5720744,5.0
1730411388.5771725,5.0
1730411388.5809464,5.0
1730411388.5850673,5.0
1730411388.5890193,5.0
1730411388.5920825,5.0
1730411388.5961535,5.0
1730411388.600202,5.0
1730411388.6052008,5.0
1730411388.609205,5.0
1730411388.6130917,5.0
1730411388.6161451,5.0
1730411388.620122,5.0
1730411388.624215,5.0
1730411388.628192,5.0
1730411388.6331978,5.0
1730411388.63721,5.0
1730411388.6412385,5.0
1730411388.6442063,5.0
1730411388.6479745,5.0
1730411388.6522217,5.0
1730411388.6560488,5.0
1730411388.660308,5.0
1730411388.6650608,5.0
1730411388.6692717,5.0
1730411388.672223,5.0
1730411388.676289,5.0
1730411388.6801624,5.0
1730411388.684188,5.0
1730411388.688278,5.0
1730411388.6933224,5.0
1730411388.6973488,5.0
1730411388.700349,5.0
1730411388.7053394,5.0
1730411388.7083485,5.0
1730411388.7123823,5.0
1730411388.7163773,5.0
1730411388.7203732,5.0
1730411388.7254064,5.0
1730411388.728408,5.0
1730411388.7322416,5.0
1730411388.7363956,5.0
1730411388.7402084,5.0
1730411388.7443,5.0
1730411388.748305,5.0
1730411388.7524164,5.0
1730411388.7555013,5.0
1730411388.7603045,5.0
1730411388.7641785,5.0
1730411388.7683485,5.0
1730411388.772173,5.0
1730411388.7763968,5.0
1730411388.78038,5.0
1730411388.7834263,5.0
1730411388.7883344,5.0
1730411388.7925093,5.0
1730411388.796462,5.0
1730411388.800469,5.0
1730411388.8044398,5.0
1730411388.8084528,5.0
1730411388.8114831,5.0
1730411388.8154404,5.0
1730411388.820463,5.0
1730411388.8245163,5.0
1730411388.8295562,5.0
1730411388.8335547,5.0
1730411388.8365855,5.0
1730411388.83944,5.0
1730411388.8434803,5.0
1730411388.848427,5.0
1730411388.8525667,5.0
1730411388.85631,5.0
1730411388.859494,5.0
1730411388.863503,5.0
1730411388.86735,5.0
1730411388.8713503,5.0
1730411388.876479,5.0
1730411388.8804164,5.0
1730411388.8844817,5.0
1730411388.8875422,5.0
1730411388.8914633,5.0
1730411388.8955786,5.0
1730411388.8995204,5.0
1730411388.9035056,5.0
1730411388.9086423,5.0
1730411388.9125657,5.0
1730411388.9155488,5.0
1730411388.9196537,5.0
1730411388.9236205,5.0
1730411388.927699,5.0
1730411388.9326584,5.0
1730411388.9365125,5.0
1730411388.9405563,5.0
1730411388.94355,5.0
1730411388.9475555,5.0
1730411388.9516077,5.0
1730411388.9555428,5.0
1730411388.9606333,5.0
1730411388.9645412,5.0
1730411388.9677217,5.0
1730411388.9717994,5.0
1730411388.9757452,5.0
1730411388.979791,5.0
1730411388.983778,5.0
1730411388.987703,5.0
1730411388.9928005,5.0
1730411388.995848,5.0
1730411388.9999957,5.0
1730411389.0039687,5.0
1730411389.0076272,5.0
1730411389.0118716,5.0
1730411389.0158029,5.0
1730411389.0208564,5.0
1730411389.0237317,5.0
1730411389.0278113,5.0
1730411389.031629,5.0
1730411389.036101,5.0
1730411389.0396824,5.0
1730411389.04394,5.0
1730411389.048884,5.0
1730411389.0520618,5.0
1730411389.0550363,5.0
1730411389.0597658,5.0
1730411389.0639706,5.0
1730411389.0677595,5.0
1730411389.0718524,5.0
1730411389.0757325,5.0
1730411389.0788276,5.0
1730411389.0828402,5.0
1730411389.0877905,5.0
1730411389.0917084,5.0
1730411389.0958588,5.0
1730411389.0998175,5.0
1730411389.1039104,5.0
1730411389.106822,5.0
1730411389.1109717,5.0
1730411389.1159384,5.0
1730411389.1199884,5.0
1730411389.1238968,5.0
1730411389.1279707,5.0
1730411389.130793,5.0
1730411389.135004,5.0
1730411389.1389017,5.0
1730411389.1430123,5.0
1730411389.1477883,5.0
1730411389.152006,5.0
1730411389.1558664,5.0
1730411389.1590345,5.0
1730411389.1630275,5.0
1730411389.167075,5.0
1730411389.1709907,5.0
1730411389.1760926,5.0
1730411389.1800818,5.0
1730411389.184075,5.0
1730411389.1880383,5.0
1730411389.191085,5.0
1730411389.195086,5.0
1730411389.1990917,5.0
1730411389.2042005,5.0
1730411389.2080925,5.0
1730411389.2111015,5.0
1730411389.2149827,5.0
1730411389.2191756,5.0
1730411389.2229886,5.0
1730411389.2271464,5.0
1730411389.2321,5.0
1730411389.236184,5.0
1730411389.2389956,5.0
1730411389.2432215,5.0
1730411389.2471783,5.0
1730411389.251176,5.0
1730411389.2551117,5.0
1730411389.260203,5.0
1730411389.2640333,5.0
1730411389.2672555,5.0
1730411389.2712505,5.0
1730411389.2750227,5.0
1730411389.279122,5.0
1730411389.2831638,5.0
1730411389.288016,5.0
1730411389.2922385,5.0
1730411389.2951243,5.0
1730411389.2992184,5.0
1730411389.3042283,5.0
1730411389.3072455,5.0
1730411389.311736,5.0
1730411389.315118,5.0
1730411389.319693,5.0
1730411389.3231764,5.0
1730411389.3276725,5.0
1730411389.3324497,5.0
1730411389.3352492,5.0
1730411389.3391669,5.0
1730411389.3432338,5.0
1730411389.347155,5.0
1730411389.351248,5.0
1730411389.355225,5.0
1730411389.3603425,5.0
1730411389.3632278,5.0
1730411389.3663025,5.0
1730411389.3713307,5.0
1730411389.3753712,5.0
1730411389.379402,5.0
1730411389.3832445,5.0
1730411389.3873684,5.0
1730411389.3903666,5.0
1730411389.3946223,5.0
1730411389.3995965,5.0
1730411389.4033134,5.0
1730411389.4079611,5.0
1730411389.4115832,5.0
1730411389.4143927,5.0
1730411389.418708,5.0
1730411389.422531,5.0
1730411389.4279673,5.0
1730411389.4313664,5.0
1730411389.435608,5.0
1730411389.4394014,5.0
1730411389.442793,5.0
1730411389.4470105,5.0
1730411389.4508884,5.0
1730411389.4556713,5.0
1730411389.4596012,5.0
1730411389.463426,5.0
1730411389.4676683,5.0
1730411389.470838,5.0
1730411389.4746065,5.0
1730411389.4784124,5.0
1730411389.4827335,5.0
1730411389.4880395,5.0
1730411389.491739,5.0
1730411389.494903,5.0
1730411389.4983706,5.0
1730411389.5030298,5.0
1730411389.506476,5.0
1730411389.5107422,5.0
1730411389.5154774,5.0
1730411389.5199573,5.0
1730411389.5225656,5.0
1730411389.5269172,5.0
1730411389.5306168,5.0
1730411389.5351489,5.0
1730411389.5387964,5.0
1730411389.5436063,5.0
1730411389.547508,5.0
1730411389.551021,5.0
1730411389.5548885,5.0
1730411389.5586612,5.0
1730411389.5627162,5.0
1730411389.5668783,5.0
1730411389.5716617,5.0
1730411389.5760071,5.0
1730411389.579002,5.0
1730411389.5827107,5.0
1730411389.5866215,5.0
1730411389.5906992,5.0
1730411389.59501,5.0
1730411389.5998435,5.0
1730411389.60316,5.0
1730411389.6056533,5.0
1730411389.611015,5.0
1730411389.6145704,5.0
1730411389.6190476,5.0
1730411389.6226304,5.0
1730411389.6282544,5.0
1730411389.6306477,5.0
1730411389.6339197,5.0
1730411389.6389325,5.0
1730411389.6427507,5.0
1730411389.6468973,5.0
1730411389.6513035,5.0
1730411389.6554804,5.0
1730411389.6590345,5.0
1730411389.6622314,5.0
1730411389.6674244,5.0
1730411389.6713076,5.0
1730411389.6750205,5.0
1730411389.6790204,5.0
1730411389.6827004,5.0
1730411389.6870198,5.0
1730411389.6897807,5.0
1730411389.693941,5.0
1730411389.6988432,5.0
1730411389.7028751,5.0
1730411389.7067292,5.0
1730411389.711371,5.0
1730411389.7138283,5.0
1730411389.718181,5.0
1730411389.721916,5.0
1730411389.727054,5.0
1730411389.730708,5.0
1730411389.7353904,5.0
1730411389.7380967,5.0
1730411389.742031,5.0
1730411389.7463543,5.0
1730411389.7500944,5.0
1730411389.7552335,5.0
1730411389.759395,5.0
1730411389.762997,5.0
1730411389.7660017,5.0
1730411389.7701051,5.0
1730411389.7740405,5.0
1730411389.7781503,5.0
1730411389.7830207,5.0
1730411389.7870908,5.0
1730411389.791114,5.0
1730411389.7943544,5.0
1730411389.7978716,5.0
1730411389.8020988,5.0
1730411389.8059492,5.0
1730411389.811412,5.0
1730411389.814966,5.0
1730411389.818971,5.0
1730411389.822246,5.0
1730411389.8262396,5.0
1730411389.830277,5.0
1730411389.834273,5.0
1730411389.8382196,5.0
1730411389.8431163,5.0
1730411389.8464065,5.0
1730411389.8505964,5.0
1730411389.8543787,5.0
1730411389.8586895,5.0
1730411389.8621757,5.0
1730411389.8659976,5.0
1730411389.8711717,5.0
1730411389.874088,5.0
1730411389.878136,5.0
1730411389.881992,5.0
1730411389.8861294,5.0
1730411389.8900418,5.0
1730411389.8941846,5.0
1730411389.8991685,5.0
1730411389.9021568,5.0
1730411389.905996,5.0
1730411389.9103203,5.0
1730411389.914018,5.0
1730411389.9181275,5.0
1730411389.9221406,5.0
1730411389.9274373,5.0
1730411389.9305232,5.0
1730411389.9332004,5.0
1730411389.9383385,5.0
1730411389.9426928,5.0
1730411389.946483,5.0
1730411389.9505916,5.0
1730411389.9544284,5.0
1730411389.9571688,5.0
1730411389.9613802,5.0
1730411389.966404,5.0
1730411389.970652,5.0
1730411389.9743023,5.0
1730411389.97858,5.0
1730411389.9811203,5.0
1730411389.9853723,5.0
1730411389.989233,5.0
1730411389.9943352,5.0
1730411389.9981976,5.0
1730411390.0025876,5.0
1730411390.0061886,5.0
1730411390.0091777,5.0
1730411390.0133471,5.0
1730411390.0177743,5.0
1730411390.0221815,5.0
1730411390.0264685,5.0
1730411390.030392,5.0
1730411390.034932,5.0
1730411390.0374708,5.0
1730411390.041432,5.0
1730411390.045449,5.0
1730411390.0493724,5.0
1730411390.054445,5.0
1730411390.0584583,5.0
1730411390.0614588,5.0
1730411390.0652795,5.0
1730411390.06947,5.0
1730411390.0733747,5.0
1730411390.077494,5.0
1730411390.0824935,5.0
1730411390.0864916,5.0
1730411390.0893583,5.0
1730411390.0933309,5.0
1730411390.0972424,5.0
1730411390.1014917,5.0
1730411390.1052554,5.0
1730411390.1104128,5.0
1730411390.114259,5.0
1730411390.117427,5.0
1730411390.1214528,5.0
1730411390.1255295,5.0
1730411390.1295457,5.0
1730411390.133359,5.0
1730411390.138582,5.0
1730411390.1425965,5.0
1730411390.1454604,5.0
1730411390.1495895,5.0
1730411390.1535892,5.0
1730411390.1578052,5.0
1730411390.1616957,5.0
1730411390.1660004,5.0
1730411390.1695995,5.0
1730411390.173458,5.0
1730411390.1778212,5.0
1730411390.1815288,5.0
1730411390.185712,5.0
1730411390.1895225,5.0
1730411390.1948364,5.0
1730411390.1975331,5.0
1730411390.2017007,5.0
1730411390.2054956,5.0
1730411390.2099323,5.0
1730411390.2135684,5.0
1730411390.217732,5.0
1730411390.2218125,5.0
1730411390.2257967,5.0
1730411390.2290237,5.0
1730411390.2336426,5.0
1730411390.2377656,5.0
1730411390.241819,5.0
1730411390.2459016,5.0
1730411390.2495515,5.0
1730411390.2537997,5.0
1730411390.256585,5.0
1730411390.262128,5.0
1730411390.2657497,5.0
1730411390.2699115,5.0
1730411390.2735868,5.0
1730411390.2777967,5.0
1730411390.2816184,5.0
1730411390.2849584,5.0
1730411390.289712,5.0
1730411390.2939384,5.0
1730411390.2976067,5.0
1730411390.3018763,5.0
1730411390.3056507,5.0
1730411390.309031,5.0
1730411390.3126285,5.0
1730411390.3173976,5.0
1730411390.3219593,5.0
1730411390.3258858,5.0
1730411390.330102,5.0
1730411390.332796,5.0
1730411390.3372636,5.0
1730411390.340963,5.0
1730411390.3454175,5.0
1730411390.3504145,5.0
1730411390.3537717,5.0
1730411390.3584397,5.0
1730411390.3611329,5.0
1730411390.3647685,5.0
1730411390.3693173,5.0
1730411390.3727036,5.0
1730411390.3783567,5.0
1730411390.3817744,5.0
1730411390.3862338,5.0
1730411390.3887038,5.0
1730411390.3928668,5.0
1730411390.397044,5.0
1730411390.4010432,5.0
1730411390.4058173,5.0
1730411390.40988,5.0
1730411390.41295,5.0
1730411390.4174068,5.0
1730411390.421244,5.0
1730411390.4249432,5.0
1730411390.4290805,5.0
1730411390.4330163,5.0
1730411390.4384243,5.0
1730411390.4411356,5.0
1730411390.4441078,5.0
1730411390.4488988,5.0
1730411390.453029,5.0
1730411390.456974,5.0
1730411390.4610734,5.0
1730411390.4661653,5.0
1730411390.4694064,5.0
1730411390.472006,5.0
1730411390.4773796,5.0
1730411390.480867,5.0
1730411390.4855316,5.0
1730411390.4889605,5.0
1730411390.4942527,5.0
1730411390.4970157,5.0
1730411390.5010986,5.0
1730411390.5049691,5.0
1730411390.5094652,5.0
1730411390.51309,5.0
1730411390.5171616,5.0
1730411390.521344,5.0
1730411390.5239613,5.0
1730411390.5282533,5.0
1730411390.5331287,5.0
1730411390.5375044,5.0
1730411390.5418043,5.0
1730411390.5452774,5.0
1730411390.5492103,5.0
1730411390.552308,5.0
1730411390.5559895,5.0
1730411390.561218,5.0
1730411390.565019,5.0
1730411390.569406,5.0
1730411390.5730886,5.0
1730411390.5763652,5.0
1730411390.5803232,5.0
1730411390.5848124,5.0
1730411390.5891728,5.0
1730411390.5932145,5.0
1730411390.5971131,5.0
1730411390.6015065,5.0
1730411390.604617,5.0
1730411390.6086557,5.0
1730411390.6122775,5.0
1730411390.6172955,5.0
1730411390.6212103,5.0
1730411390.6257796,5.0
1730411390.6295326,5.0
1730411390.6320996,5.0
1730411390.6366067,5.0
1730411390.6400585,5.0
1730411390.6453297,5.0
1730411390.649454,5.0
1730411390.6532898,5.0
1730411390.6562505,5.0
1730411390.660611,5.0
1730411390.6641524,5.0
1730411390.668269,5.0
1730411390.672192,5.0
1730411390.6777968,5.0
1730411390.6823137,5.0
1730411390.6866317,5.0
1730411390.6891704,5.0
1730411390.6925929,5.0
1730411390.6966262,5.0
1730411390.7001395,5.0
1730411390.7053206,5.0
1730411390.7095177,5.0
1730411390.7125063,5.0
1730411390.7163513,5.0
1730411390.720744,5.0
1730411390.7245169,5.0
1730411390.7287705,5.0
1730411390.7332304,5.0
1730411390.737682,5.0
1730411390.7402952,5.0
1730411390.7449803,5.0
1730411390.7482257,5.0
1730411390.7529109,5.0
1730411390.7562344,5.0
1730411390.7618718,5.0
1730411390.7642727,5.0
1730411390.7675283,5.0
1730411390.7724211,5.0
1730411390.7768977,5.0
1730411390.780259,5.0
1730411390.7846756,5.0
1730411390.7886052,5.0
1730411390.7927053,5.0
1730411390.7955654,5.0
1730411390.800917,5.0
1730411390.8047435,5.0
1730411390.8088636,5.0
1730411390.8124952,5.0
1730411390.8164997,5.0
1730411390.8209376,5.0
1730411390.8233712,5.0
1730411390.828488,5.0
1730411390.832497,5.0
1730411390.836605,5.0
1730411390.8404295,5.0
1730411390.8465924,5.0
1730411390.8496902,5.0
1730411390.8528752,5.0
1730411390.856476,5.0
1730411390.8605835,5.0
1730411390.8644283,5.0
1730411390.8689673,5.0
1730411390.871572,5.0
1730411390.87574,5.0
1730411390.879604,5.0
1730411390.88351,5.0
1730411390.8883765,5.0
1730411390.8925717,5.0
1730411390.8965995,5.0
1730411390.899593,5.0
1730411390.9035895,5.0
1730411390.9076,5.0
1730411390.912568,5.0
1730411390.9165993,5.0
1730411390.9209125,5.0
1730411390.925158,5.0
1730411390.927988,5.0
1730411390.93147,5.0
1730411390.935916,5.0
1730411390.9395792,5.0
1730411390.9451616,5.0
1730411390.948577,5.0
1730411390.95307,5.0
1730411390.9556398,5.0
1730411390.9601767,5.0
1730411390.9635036,5.0
1730411390.967873,5.0
1730411390.9725916,5.0
1730411390.977028,5.0
1730411390.9806669,5.0
1730411390.9837422,5.0
1730411390.9878724,5.0
1730411390.99179,5.0
1730411390.995855,5.0
1730411391.0003686,5.0
1730411391.005083,5.0
1730411391.008129,5.0
1730411391.0117152,5.0
1730411391.0159273,5.0
1730411391.0197768,5.0
1730411391.023795,5.0
1730411391.0278237,5.0
1730411391.032756,5.0
1730411391.0358224,5.0
1730411391.0396926,5.0
1730411391.043825,5.0
1730411391.0476596,5.0
1730411391.0518005,5.0
1730411391.055711,5.0
1730411391.060899,5.0
1730411391.063763,5.0
1730411391.0689218,5.0
1730411391.0716848,5.0
1730411391.0758572,5.0
1730411391.0799673,5.0
1730411391.08395,5.0
1730411391.0888588,5.0
1730411391.091959,5.0
1730411391.0949469,5.0
1730411391.0999672,5.0
1730411391.1039653,5.0
1730411391.1079917,5.0
1730411391.1120057,5.0
1730411391.1157544,5.0
1730411391.1189263,5.0
1730411391.1238585,5.0
1730411391.1280065,5.0
1730411391.1318665,5.0
1730411391.1359172,5.0
1730411391.1399276,5.0
1730411391.142928,5.0
1730411391.1467447,5.0
1730411391.1510017,5.0
1730411391.1558156,5.0
1730411391.1603153,5.0
1730411391.1638808,5.0
1730411391.168376,5.0
1730411391.1715035,5.0
1730411391.1751273,5.0
1730411391.1793776,5.0
1730411391.184258,5.0
1730411391.188146,5.0
1730411391.192188,5.0
1730411391.1965797,5.0
1730411391.1991117,5.0
1730411391.203066,5.0
1730411391.2070837,5.0
1730411391.2121513,5.0
1730411391.216705,5.0
1730411391.220288,5.0
1730411391.224101,5.0
1730411391.227534,5.0
1730411391.2310812,5.0
1730411391.2355993,5.0
1730411391.2391284,5.0
1730411391.2448108,5.0
1730411391.2480884,5.0
1730411391.2516785,5.0
1730411391.2551248,5.0
1730411391.2593477,5.0
1730411391.2631936,5.0
1730411391.2673776,5.0
1730411391.2721138,5.0
1730411391.276716,5.0
1730411391.2793255,5.0
1730411391.2832172,5.0
1730411391.2874448,5.0
1730411391.2916207,5.0
1730411391.2953072,5.0
1730411391.2992177,5.0
1730411391.3044813,5.0
1730411391.307346,5.0
1730411391.3116174,5.0
1730411391.3151176,5.0
1730411391.31963,5.0
1730411391.3230915,5.0
1730411391.3284135,5.0
1730411391.3311708,5.0
1730411391.3348963,5.0
1730411391.3391397,5.0
1730411391.343298,5.0
1730411391.3471875,5.0
1730411391.3516667,5.0
1730411391.355157,5.0
1730411391.3597426,5.0
1730411391.3626635,5.0
1730411391.367443,5.0
1730411391.3714912,5.0
1730411391.375424,5.0
1730411391.3792496,5.0
1730411391.3832264,5.0
1730411391.387505,5.0
1730411391.3903036,5.0
1730411391.395246,5.0
1730411391.399576,5.0
1730411391.4033892,5.0
1730411391.4075463,5.0
1730411391.4114156,5.0
1730411391.4143229,5.0
1730411391.418764,5.0
1730411391.423261,5.0
1730411391.427458,5.0
1730411391.4314103,5.0
1730411391.43558,5.0
1730411391.43936,5.0
1730411391.4433784,5.0
1730411391.4465992,5.0
1730411391.4506233,5.0
1730411391.4554155,5.0
1730411391.4599805,5.0
1730411391.4633255,5.0
1730411391.4668536,5.0
1730411391.4708784,5.0
1730411391.474686,5.0
1730411391.4787922,5.0
1730411391.483424,5.0
1730411391.4880607,5.0
1730411391.491763,5.0
1730411391.4951053,5.0
1730411391.4983587,5.0
1730411391.5030155,5.0
1730411391.5064156,5.0
1730411391.5108798,5.0
1730411391.5156658,5.0
1730411391.5199,5.0
1730411391.522477,5.0
1730411391.526428,5.0
1730411391.5304296,5.0
1730411391.5350351,5.0
1730411391.5384142,5.0
1730411391.5434952,5.0
1730411391.5475073,5.0
1730411391.5507383,5.0
1730411391.5549016,5.0
1730411391.5589623,5.0
1730411391.5631108,5.0
1730411391.567005,5.0
1730411391.5716856,5.0
1730411391.5750835,5.0
1730411391.5789497,5.0
1730411391.583162,5.0
1730411391.5867243,5.0
1730411391.5907843,5.0
1730411391.5951233,5.0
1730411391.6001296,5.0
1730411391.603083,5.0
1730411391.6066122,5.0
1730411391.611064,5.0
1730411391.61452,5.0
1730411391.619007,5.0
1730411391.62257,5.0
1730411391.6278355,5.0
1730411391.630615,5.0
1730411391.635049,5.0
1730411391.6387296,5.0
1730411391.6430926,5.0
1730411391.6467147,5.0
1730411391.65107,5.0
1730411391.6556196,5.0
1730411391.6589437,5.0
1730411391.661827,5.0
1730411391.66683,5.0
1730411391.6706676,5.0
1730411391.675007,5.0
1730411391.6790023,5.0
1730411391.681718,5.0
1730411391.6860847,5.0
1730411391.690941,5.0
1730411391.6953971,5.0
1730411391.6988688,5.0
1730411391.7026525,5.0
1730411391.7066576,5.0
1730411391.7111633,5.0
1730411391.713617,5.0
1730411391.7180128,5.0
1730411391.722638,5.0
1730411391.7270076,5.0
1730411391.7308283,5.0
1730411391.7350233,5.0
1730411391.738731,5.0
1730411391.742138,5.0
1730411391.7460585,5.0
1730411391.751172,5.0
1730411391.7548032,5.0
1730411391.7590237,5.0
1730411391.7630825,5.0
1730411391.766065,5.0
1730411391.770239,5.0
1730411391.7740464,5.0
1730411391.77824,5.0
1730411391.7828588,5.0
1730411391.7873847,5.0
1730411391.7898066,5.0
1730411391.794062,5.0
1730411391.7977529,5.0
1730411391.802014,5.0
1730411391.8059144,5.0
1730411391.8113787,5.0
1730411391.8149288,5.0
1730411391.8183608,5.0
1730411391.8218844,5.0
1730411391.826485,5.0
1730411391.8300729,5.0
1730411391.8341165,5.0
1730411391.8388388,5.0
1730411391.843001,5.0
1730411391.846034,5.0
1730411391.850057,5.0
1730411391.8541102,5.0
1730411391.8585465,5.0
1730411391.8620553,5.0
1730411391.8671856,5.0
1730411391.871271,5.0
1730411391.8754568,5.0
1730411391.878395,5.0
1730411391.882138,5.0
1730411391.8864174,5.0
1730411391.8899195,5.0
1730411391.8951452,5.0
1730411391.8979402,5.0
1730411391.902058,5.0
1730411391.9059806,5.0
1730411391.9100227,5.0
1730411391.9139023,5.0
1730411391.918038,5.0
1730411391.921963,5.0
1730411391.9261477,5.0
1730411391.9291162,5.0
1730411391.934057,5.0
1730411391.9379816,5.0
1730411391.9422402,5.0
1730411391.9462433,5.0
1730411391.9516287,5.0
1730411391.9543948,5.0
1730411391.9575703,5.0
1730411391.9622512,5.0
1730411391.9665637,5.0
1730411391.9706492,5.0
1730411391.9747825,5.0
1730411391.9795916,5.0
1730411391.9821472,5.0
1730411391.9852593,5.0
1730411391.9902182,5.0
1730411391.9944112,5.0
1730411391.9981005,5.0
1730411392.0022993,5.0
1730411392.0060833,5.0
1730411392.0096903,5.0
1730411392.013103,5.0
1730411392.0173502,5.0
1730411392.0220778,5.0
1730411392.026554,5.0
1730411392.030164,5.0
1730411392.0333068,5.0
1730411392.037361,5.0
1730411392.0415852,5.0
1730411392.0464623,5.0
1730411392.050434,5.0
1730411392.0542908,5.0
1730411392.058758,5.0
1730411392.061663,5.0
1730411392.0654187,5.0
1730411392.0694249,5.0
1730411392.0732436,5.0
1730411392.0786448,5.0
1730411392.0829496,5.0
1730411392.0864494,5.0
1730411392.090444,5.0
1730411392.093238,5.0
1730411392.0972075,5.0
1730411392.1014807,5.0
1730411392.1062093,5.0
1730411392.1104612,5.0
1730411392.1142983,5.0
1730411392.1177428,5.0
1730411392.1215649,5.0
1730411392.1255772,5.0
1730411392.1295283,5.0
1730411392.1343577,5.0
1730411392.1383376,5.0
1730411392.1413455,5.0
1730411392.1455584,5.0
1730411392.1499193,5.0
1730411392.1532948,5.0
1730411392.1575224,5.0
1730411392.161527,5.0
1730411392.1663537,5.0
1730411392.1694837,5.0
1730411392.1735384,5.0
1730411392.1778767,5.0
1730411392.1816025,5.0
1730411392.1858964,5.0
1730411392.189338,5.0
1730411392.1951356,5.0
1730411392.197444,5.0
1730411392.2019143,5.0
1730411392.2053452,5.0
1730411392.2098527,5.0
1730411392.213505,5.0
1730411392.217985,5.0
1730411392.22252,5.0
1730411392.225697,5.0
1730411392.2296968,5.0
1730411392.2335515,5.0
1730411392.237842,5.0
1730411392.2416806,5.0
1730411392.2456944,5.0
1730411392.2501197,5.0
1730411392.2529175,5.0
1730411392.2581153,5.0
1730411392.261991,5.0
1730411392.2657695,5.0
1730411392.269534,5.0
1730411392.273507,5.0
1730411392.277732,5.0
1730411392.2804215,5.0
1730411392.2849648,5.0
1730411392.2895136,5.0
1730411392.2936482,5.0
1730411392.297605,5.0
1730411392.3017309,5.0
1730411392.3055327,5.0
1730411392.3090203,5.0
1730411392.312992,5.0
1730411392.3178031,5.0
1730411392.3216164,5.0
1730411392.325621,5.0
1730411392.3297813,5.0
1730411392.333671,5.0
1730411392.3370087,5.0
1730411392.3411634,5.0
1730411392.3456204,5.0
1730411392.3499932,5.0
1730411392.353717,5.0
1730411392.3567517,5.0
1730411392.360901,5.0
1730411392.36469,5.0
1730411392.3688767,5.0
1730411392.3736944,5.0
1730411392.3779335,5.0
1730411392.3818083,5.0
1730411392.3851492,5.0
1730411392.388687,5.0
1730411392.3930917,5.0
1730411392.3968568,5.0
1730411392.402146,5.0
1730411392.405654,5.0
1730411392.410307,5.0
1730411392.412928,5.0
1730411392.4168997,5.0
1730411392.4211192,5.0
1730411392.4250283,5.0
1730411392.4289696,5.0
1730411392.433832,5.0
1730411392.4378016,5.0
1730411392.4411452,5.0
1730411392.4454677,5.0
1730411392.449018,5.0
1730411392.4527884,5.0
1730411392.4568844,5.0
1730411392.462254,5.0
1730411392.464781,5.0
1730411392.4690628,5.0
1730411392.4727404,5.0
1730411392.4773788,5.0
1730411392.48077,5.0
1730411392.4848628,5.0
1730411392.4898913,5.0
1730411392.4930923,5.0
1730411392.4968944,5.0
1730411392.5008545,5.0
1730411392.5049343,5.0
1730411392.509328,5.0
1730411392.5129116,5.0
1730411392.518059,5.0
1730411392.5210755,5.0
1730411392.5241127,5.0
1730411392.52908,5.0
1730411392.532951,5.0
1730411392.5372784,5.0
1730411392.5414765,5.0
1730411392.5461771,5.0
1730411392.5490534,5.0
1730411392.552134,5.0
1730411392.5571513,5.0
1730411392.561481,5.0
1730411392.5650244,5.0
1730411392.5694437,5.0
1730411392.5728955,5.0
1730411392.5764687,5.0
1730411392.580076,5.0
1730411392.5850017,5.0
1730411392.5890515,5.0
1730411392.5930786,5.0
1730411392.5969512,5.0
1730411392.601393,5.0
1730411392.6044724,5.0
1730411392.6084683,5.0
1730411392.6129236,5.0
1730411392.6173952,5.0
1730411392.6213915,5.0
1730411392.6255107,5.0
1730411392.629172,5.0
1730411392.6322372,5.0
1730411392.636408,5.0
1730411392.640346,5.0
1730411392.6451795,5.0
1730411392.6497903,5.0
1730411392.653205,5.0
1730411392.6560967,5.0
1730411392.6602993,5.0
1730411392.6641028,5.0
1730411392.668332,5.0
1730411392.673154,5.0
1730411392.6776507,5.0
1730411392.6800504,5.0
1730411392.6847837,5.0
1730411392.6880395,5.0
1730411392.6922448,5.0
1730411392.6963968,5.0
1730411392.701496,5.0
1730411392.7051036,5.0
1730411392.708258,5.0
1730411392.7122257,5.0
1730411392.7166016,5.0
1730411392.7205508,5.0
1730411392.7241652,5.0
1730411392.729418,5.0
1730411392.7332451,5.0
1730411392.7365634,5.0
1730411392.7401285,5.0
1730411392.7448564,5.0
1730411392.7481723,5.0
1730411392.7526252,5.0
1730411392.7575138,5.0
1730411392.7615972,5.0
1730411392.7641528,5.0
1730411392.7684035,5.0
1730411392.7722178,5.0
1730411392.776716,5.0
1730411392.7801769,5.0
1730411392.7845092,5.0
1730411392.7891705,5.0
1730411392.7924256,5.0
1730411392.7963507,5.0
1730411392.8005004,5.0
1730411392.804498,5.0
1730411392.8085,5.0
1730411392.8132143,5.0
1730411392.8168304,5.0
1730411392.8195276,5.0
1730411392.8247488,5.0
1730411392.828528,5.0
1730411392.8325748,5.0
1730411392.8363736,5.0
1730411392.8403163,5.0
1730411392.8445644,5.0
1730411392.8472998,5.0
1730411392.852493,5.0
1730411392.8564065,5.0
1730411392.860556,5.0
1730411392.864326,5.0
1730411392.8688488,5.0
1730411392.8724227,5.0
1730411392.8756113,5.0
1730411392.87965,5.0
1730411392.8846104,5.0
1730411392.888386,5.0
1730411392.8930275,5.0
1730411392.89634,5.0
1730411392.8993104,5.0
1730411392.9033313,5.0
1730411392.90757,5.0
1730411392.9125578,5.0
1730411392.9165468,5.0
1730411392.920498,5.0
1730411392.9234896,5.0
1730411392.9275038,5.0
1730411392.9312928,5.0
1730411392.9354427,5.0
1730411392.9404376,5.0
1730411392.9445088,5.0
1730411392.949139,5.0
1730411392.951693,5.0
1730411392.9555142,5.0
1730411392.959472,5.0
1730411392.9634187,5.0
1730411392.9690616,5.0
1730411392.9724274,5.0
1730411392.9769952,5.0
1730411392.979474,5.0
1730411392.983526,5.0
1730411392.987671,5.0
1730411392.991768,5.0
1730411392.996503,5.0
1730411393.0007496,5.0
1730411393.004688,5.0
1730411393.0081315,5.0
1730411393.0116727,5.0
1730411393.0161233,5.0
1730411393.0197997,5.0
1730411393.0237284,5.0
1730411393.0288525,5.0
1730411393.031658,5.0
1730411393.0357945,5.0
1730411393.0395112,5.0
1730411393.043746,5.0
1730411393.0476065,5.0
1730411393.0520327,5.0
1730411393.056635,5.0
1730411393.0599403,5.0
1730411393.06361,5.0
1730411393.068004,5.0
1730411393.071664,5.0
1730411393.0760512,5.0
1730411393.079635,5.0
1730411393.085148,5.0
1730411393.0879247,5.0
1730411393.0920813,5.0
1730411393.0959325,5.0
1730411393.1000035,5.0
1730411393.103109,5.0
1730411393.1083777,5.0
1730411393.1119354,5.0
1730411393.1163857,5.0
1730411393.1199937,5.0
1730411393.1238952,5.0
1730411393.1277387,5.0
1730411393.1307695,5.0
1730411393.1358974,5.0
1730411393.1397836,5.0
1730411393.1437256,5.0
1730411393.1478004,5.0
1730411393.1521664,5.0
1730411393.155779,5.0
1730411393.1589828,5.0
1730411393.1638176,5.0
1730411393.1678317,5.0
1730411393.1716793,5.0
1730411393.1756723,5.0
1730411393.179695,5.0
1730411393.1838486,5.0
1730411393.1868825,5.0
1730411393.191796,5.0
1730411393.1958504,5.0
1730411393.1998756,5.0
1730411393.2039113,5.0
1730411393.206768,5.0
1730411393.2113109,5.0
1730411393.215492,5.0
1730411393.219357,5.0
1730411393.2241488,5.0
1730411393.2280471,5.0
1730411393.232042,5.0
1730411393.2351327,5.0
1730411393.2388585,5.0
1730411393.2429607,5.0
1730411393.2468646,5.0
1730411393.2520654,5.0
1730411393.2559488,5.0
1730411393.2604673,5.0
1730411393.2628713,5.0
1730411393.2671633,5.0
1730411393.271166,5.0
1730411393.2755,5.0
1730411393.279946,5.0
1730411393.2842188,5.0
1730411393.2878697,5.0
1730411393.291414,5.0
1730411393.2954152,5.0
1730411393.2995384,5.0
1730411393.3030772,5.0
1730411393.3072884,5.0
1730411393.3121333,5.0
1730411393.316419,5.0
1730411393.3195825,5.0
1730411393.323033,5.0
1730411393.327216,5.0
1730411393.3310072,5.0
1730411393.335343,5.0
1730411393.340223,5.0
1730411393.3431952,5.0
1730411393.3469937,5.0
1730411393.3511724,5.0
1730411393.355018,5.0
1730411393.3591728,5.0
1730411393.3630989,5.0
1730411393.3680303,5.0
1730411393.3712325,5.0
1730411393.3750706,5.0
1730411393.379213,5.0
1730411393.3830638,5.0
1730411393.3872616,5.0
1730411393.391214,5.0
1730411393.3961172,5.0
1730411393.3992188,5.0
1730411393.4032767,5.0
1730411393.4071229,5.0
1730411393.4111211,5.0
1730411393.4151354,5.0
1730411393.4191551,5.0
1730411393.4241748,5.0
1730411393.427173,5.0
1730411393.4300256,5.0
1730411393.435143,5.0
1730411393.4392135,5.0
1730411393.4431808,5.0
1730411393.44703,5.0
1730411393.451036,5.0
1730411393.4540975,5.0
1730411393.4581,5.0
1730411393.4630656,5.0
1730411393.467124,5.0
1730411393.4710977,5.0
1730411393.4751165,5.0
1730411393.4781091,5.0
1730411393.482293,5.0
1730411393.4862604,5.0
1730411393.4903083,5.0
1730411393.495407,5.0
1730411393.4993663,5.0
1730411393.5031888,5.0
1730411393.5062704,5.0
1730411393.510434,5.0
1730411393.514413,5.0
1730411393.5184977,5.0
1730411398.536758,5.0
1730411398.5409212,5.0
1730411398.5448136,5.0
1730411398.5488985,5.0
1730411398.5537848,5.0
1730411398.5567932,5.0
1730411398.5598671,5.0
1730411398.5648122,5.0
1730411398.568932,5.0
1730411398.572863,5.0
1730411398.5767312,5.0
1730411398.58179,5.0
1730411398.5847988,5.0
1730411398.587827,5.0
1730411398.5929532,5.0
1730411398.597014,5.0
1730411398.601048,5.0
1730411398.605003,5.0
1730411398.6100614,5.0
1730411398.613052,5.0
1730411398.6160536,5.0
1730411398.6198633,5.0
1730411398.6250782,5.0
1730411398.6289852,5.0
1730411398.6330914,5.0
1730411398.6368792,5.0
1730411398.640103,5.0
1730411398.6441033,5.0
1730411398.6491349,5.0
1730411398.6530552,5.0
1730411398.6571305,5.0
1730411398.6610627,5.0
1730411398.6641948,5.0
1730411398.6682131,5.0
1730411398.6720228,5.0
1730411398.67699,5.0
1730411398.6811843,5.0
1730411398.6852057,5.0
1730411398.6892204,5.0
1730411398.6922228,5.0
1730411398.6960187,5.0
1730411398.700217,5.0
1730411398.7040956,5.0
1730411398.7092347,5.0
1730411398.713,5.0
1730411398.717292,5.0
1730411398.7200284,5.0
1730411398.7242649,5.0
1730411398.7282147,5.0
1730411398.732221,5.0
1730411398.7370896,5.0
1730411398.7412157,5.0
1730411398.744203,5.0
1730411398.748186,5.0
1730411398.7522316,5.0
1730411398.75624,5.0
1730411398.7600951,5.0
1730411398.7643006,5.0
1730411398.7694292,5.0
1730411398.7724564,5.0
1730411398.7761188,5.0
1730411398.7803197,5.0
1730411398.7843244,5.0
1730411398.7883055,5.0
1730411398.7921343,5.0
1730411398.797299,5.0
1730411398.8002405,5.0
1730411398.804293,5.0
1730411398.8082695,5.0
1730411398.8122046,5.0
1730411398.8163297,5.0
1730411398.8201883,5.0
1730411398.8253784,5.0
1730411398.8282087,5.0
1730411398.8323984,5.0
1730411398.8361428,5.0
1730411398.8404968,5.0
1730411398.8443515,5.0
1730411398.848431,5.0
1730411398.8532653,5.0
1730411398.8562832,5.0
1730411398.8605323,5.0
1730411398.8644402,5.0
1730411398.8683991,5.0
1730411398.8723416,5.0
1730411398.8763323,5.0
1730411398.8793583,5.0
1730411398.8833373,5.0
1730411398.8884108,5.0
1730411398.8924308,5.0
1730411398.896578,5.0
1730411398.9005098,5.0
1730411398.904452,5.0
1730411398.908476,5.0
1730411398.9113104,5.0
1730411398.9164443,5.0
1730411398.920326,5.0
1730411398.92449,5.0
1730411398.9283812,5.0
1730411398.9323316,5.0
1730411398.935514,5.0
1730411398.939512,5.0
1730411398.9435072,5.0
1730411398.9484196,5.0
1730411398.9525049,5.0
1730411398.9565537,5.0
1730411398.960596,5.0
1730411398.963582,5.0
1730411398.9674966,5.0
1730411398.9714556,5.0
1730411398.976488,5.0
1730411398.980546,5.0
1730411398.9845722,5.0
1730411398.9876013,5.0
1730411398.9914577,5.0
1730411398.9955308,5.0
1730411398.9995804,5.0
1730411399.004595,5.0
1730411399.0086784,5.0
1730411399.0125628,5.0
1730411399.0157895,5.0
1730411399.0195725,5.0
1730411399.023538,5.0
1730411399.0275366,5.0
1730411399.0316062,5.0
1730411399.0364828,5.0
1730411399.0408294,5.0
1730411399.043599,5.0
1730411399.0477753,5.0
1730411399.0515764,5.0
1730411399.0557363,5.0
1730411399.059616,5.0
1730411399.0647624,5.0
1730411399.068724,5.0
1730411399.0716896,5.0
1730411399.0758324,5.0
1730411399.0797384,5.0
1730411399.0836215,5.0
1730411399.0883183,5.0
1730411399.0931897,5.0
1730411399.0967405,5.0
1730411399.0997214,5.0
1730411399.103722,5.0
1730411399.1077385,5.0
1730411399.1116097,5.0
1730411399.1158075,5.0
1730411399.120818,5.0
1730411399.1237943,5.0
1730411399.1276712,5.0
1730411399.131827,5.0
1730411399.1357863,5.0
1730411399.1398222,5.0
1730411399.1438527,5.0
1730411399.1478572,5.0
1730411399.1518424,5.0
1730411399.1548495,5.0
1730411399.159864,5.0
1730411399.1638885,5.0
1730411399.1678925,5.0
1730411399.171939,5.0
1730411399.175912,5.0
1730411399.1798997,5.0
1730411399.1829195,5.0
1730411399.1868176,5.0
1730411399.191872,5.0
1730411399.195974,5.0
1730411399.199982,5.0
1730411399.2039857,5.0
1730411399.2069883,5.0
1730411399.2109437,5.0
1730411399.2160337,5.0
1730411399.2198775,5.0
1730411399.2240202,5.0
1730411399.227815,5.0
1730411399.2310476,5.0
1730411399.2350614,5.0
1730411399.239078,5.0
1730411399.2441356,5.0
1730411399.248113,5.0
1730411399.2521071,5.0
1730411399.2560775,5.0
1730411399.258884,5.0
1730411399.2629688,5.0
1730411399.2670352,5.0
1730411399.2710605,5.0
1730411399.2761288,5.0
1730411399.280051,5.0
1730411399.2842288,5.0
1730411399.286957,5.0
1730411399.291613,5.0
1730411399.295045,5.0
1730411399.299148,5.0
1730411399.3040566,5.0
1730411399.308168,5.0
1730411399.3119905,5.0
1730411399.3151467,5.0
1730411399.3191724,5.0
1730411399.3231845,5.0
1730411399.3271449,5.0
1730411399.3311543,5.0
1730411399.336027,5.0
1730411399.3392155,5.0
1730411399.3431897,5.0
1730411399.3470151,5.0
1730411399.351122,5.0
1730411399.35522,5.0
1730411399.3591433,5.0
1730411399.3641567,5.0
1730411399.3670428,5.0
1730411399.37125,5.0
1730411399.3752637,5.0
1730411399.3792725,5.0
1730411399.3832755,5.0
1730411399.3872273,5.0
1730411399.3922534,5.0
1730411399.3951645,5.0
1730411399.3994222,5.0
1730411399.4031734,5.0
1730411399.407315,5.0
1730411399.4112396,5.0
1730411399.415714,5.0
1730411399.42019,5.0
1730411399.4235072,5.0
1730411399.4272137,5.0
1730411399.4314177,5.0
1730411399.4354465,5.0
1730411399.4395754,5.0
1730411399.4436188,5.0
1730411399.446485,5.0
1730411399.450811,5.0
1730411399.454344,5.0
1730411399.4597533,5.0
1730411399.4635885,5.0
1730411399.467388,5.0
1730411399.4715407,5.0
1730411399.4749117,5.0
1730411399.478268,5.0
1730411399.4827669,5.0
1730411399.4873097,5.0
1730411399.4914804,5.0
1730411399.495365,5.0
1730411399.4997163,5.0
1730411399.5027575,5.0
1730411399.5069487,5.0
1730411399.5107214,5.0
1730411399.5160077,5.0
1730411399.5194592,5.0
1730411399.523616,5.0
1730411399.5273645,5.0
1730411399.5308702,5.0
1730411399.5345669,5.0
1730411399.5386956,5.0
1730411399.5436563,5.0
1730411399.5473723,5.0
1730411399.5516083,5.0
1730411399.5544317,5.0
1730411399.5591328,5.0
1730411399.5624585,5.0
1730411399.5666497,5.0
1730411399.5716264,5.0
1730411399.5755973,5.0
1730411399.5794277,5.0
1730411399.582976,5.0
1730411399.586406,5.0
1730411399.590828,5.0
1730411399.5944965,5.0
1730411399.5986824,5.0
1730411399.603527,5.0
1730411399.6074996,5.0
1730411399.6106696,5.0
1730411399.6150532,5.0
1730411399.6192,5.0
1730411399.6230247,5.0
1730411399.6267345,5.0
1730411399.630633,5.0
1730411399.635666,5.0
1730411399.639137,5.0
1730411399.6428912,5.0
1730411399.6467347,5.0
1730411399.6510267,5.0
1730411399.6546562,5.0
1730411399.6598127,5.0
1730411399.6627069,5.0
1730411399.665737,5.0
1730411399.670526,5.0
1730411399.6750028,5.0
1730411399.6786542,5.0
1730411399.6830068,5.0
1730411399.687719,5.0
1730411399.6910715,5.0
1730411399.6946414,5.0
1730411399.6990128,5.0
1730411399.7026615,5.0
1730411399.706553,5.0
1730411399.7108977,5.0
1730411399.7160172,5.0
1730411399.718622,5.0
1730411399.7222116,5.0
1730411399.7269242,5.0
1730411399.7310145,5.0
1730411399.7350032,5.0
1730411399.7393837,5.0
1730411399.7432168,5.0
1730411399.7468567,5.0
1730411399.7501123,5.0
1730411399.75367,5.0
1730411399.7591436,5.0
1730411399.762753,5.0
1730411399.7668524,5.0
1730411399.7707205,5.0
1730411399.7750266,5.0
1730411399.7777233,5.0
1730411399.7833252,5.0
1730411399.786804,5.0
1730411399.7912276,5.0
1730411399.7947333,5.0
1730411399.7979517,5.0
1730411399.8019173,5.0
1730411399.8058543,5.0
1730411399.8101254,5.0
1730411399.8150089,5.0
1730411399.8192077,5.0
1730411399.8230252,5.0
1730411399.8259428,5.0
1730411399.830058,5.0
1730411399.8344088,5.0
1730411399.8395572,5.0
1730411399.843423,5.0
1730411399.8469925,5.0
1730411399.8514652,5.0
1730411399.853817,5.0
1730411399.8578677,5.0
1730411399.8644452,5.0
1730411399.867032,5.0
1730411399.8710113,5.0
1730411399.8754444,5.0
1730411399.8788686,5.0
1730411399.8825378,5.0
1730411399.886021,5.0
1730411399.8901763,5.0
1730411399.8941643,5.0
1730411399.8982518,5.0
1730411399.902987,5.0
1730411399.9061415,5.0
1730411399.910152,5.0
1730411399.914634,5.0
1730411399.9180856,5.0
1730411399.9219627,5.0
1730411399.9270568,5.0
1730411399.931382,5.0
1730411399.934307,5.0
1730411399.9381146,5.0
1730411399.9425547,5.0
1730411399.9462435,5.0
1730411399.9505897,5.0
1730411399.9541676,5.0
1730411399.9594624,5.0
1730411399.9620311,5.0
1730411399.9661882,5.0
1730411399.9699905,5.0
1730411399.974194,5.0
1730411399.978048,5.0
1730411399.9821467,5.0
1730411399.9870377,5.0
1730411399.990122,5.0
1730411399.9939785,5.0
1730411399.998153,5.0
1730411400.0020597,5.0
1730411400.0062788,5.0
1730411400.010249,5.0
1730411400.0140982,5.0
1730411400.018217,5.0
1730411400.0212,5.0
1730411400.0260968,5.0
1730411400.030255,5.0
1730411400.0342412,5.0
1730411400.038551,5.0
1730411400.0426795,5.0
1730411400.04515,5.0
1730411400.0492053,5.0
1730411400.054106,5.0
1730411400.0584729,5.0
1730411400.0621817,5.0
1730411400.0662813,5.0
1730411400.0691495,5.0
1730411400.0733209,5.0
1730411400.077358,5.0
1730411400.0813897,5.0
1730411400.0861204,5.0
1730411400.0907166,5.0
1730411400.0941756,5.0
1730411400.0972152,5.0
1730411400.101745,5.0
1730411400.1058352,5.0
1730411400.1095364,5.0
1730411400.1144333,5.0
1730411400.1182964,5.0
1730411400.1225157,5.0
1730411400.125728,5.0
1730411400.1292243,5.0
1730411400.1337545,5.0
1730411400.1372988,5.0
1730411400.1423783,5.0
1730411400.1464417,5.0
1730411400.1495197,5.0
1730411400.1533363,5.0
1730411400.1574297,5.0
1730411400.161247,5.0
1730411400.1658947,5.0
1730411400.170322,5.0
1730411400.1745653,5.0
1730411400.1774125,5.0
1730411400.1816576,5.0
1730411400.1857102,5.0
1730411400.1895156,5.0
1730411400.1940053,5.0
1730411400.1984763,5.0
1730411400.2025104,5.0
1730411400.2059493,5.0
1730411400.2099364,5.0
1730411400.2140217,5.0
1730411400.2175229,5.0
1730411400.2217371,5.0
1730411400.2257748,5.0
1730411400.230873,5.0
1730411400.2339787,5.0
1730411400.2373884,5.0
1730411400.2416344,5.0
1730411400.2454383,5.0
1730411400.2498012,5.0
1730411400.254518,5.0
1730411400.257516,5.0
1730411400.2607136,5.0
1730411400.265965,5.0
1730411400.2695122,5.0
1730411400.2737908,5.0
1730411400.2774749,5.0
1730411400.2829125,5.0
1730411400.285771,5.0
1730411400.2890608,5.0
1730411400.2937908,5.0
1730411400.2975545,5.0
1730411400.3021376,5.0
1730411400.3056312,5.0
1730411400.3105323,5.0
1730411400.3136616,5.0
1730411400.3165865,5.0
1730411400.321666,5.0
1730411400.3256204,5.0
1730411400.3296509,5.0
1730411400.3335197,5.0
1730411400.3376904,5.0
1730411400.3417108,5.0
1730411400.3446496,5.0
1730411400.3497808,5.0
1730411400.3535104,5.0
1730411400.357684,5.0
1730411400.3615992,5.0
1730411400.3657696,5.0
1730411400.3687315,5.0
1730411400.372692,5.0
1730411400.3766987,5.0
1730411400.3817248,5.0
1730411400.385604,5.0
1730411400.389654,5.0
1730411400.393746,5.0
1730411400.3967354,5.0
1730411400.4007556,5.0
1730411400.4056273,5.0
1730411400.409802,5.0
1730411400.4135962,5.0
1730411400.41779,5.0
1730411400.4208093,5.0
1730411400.425424,5.0
1730411400.4289465,5.0
1730411400.4329455,5.0
1730411400.4383428,5.0
1730411400.4419446,5.0
1730411400.4457688,5.0
1730411400.4490173,5.0
1730411400.452804,5.0
1730411400.4569013,5.0
1730411400.4607737,5.0
1730411400.4659207,5.0
1730411400.4698267,5.0
1730411400.4733047,5.0
1730411400.4768884,5.0
1730411400.480952,5.0
1730411400.4852965,5.0
1730411400.4894867,5.0
1730411400.494073,5.0
1730411400.498022,5.0
1730411400.5014012,5.0
1730411400.5055408,5.0
1730411400.5094028,5.0
1730411400.5130324,5.0
1730411400.5170076,5.0
1730411400.5209813,5.0
1730411400.5258367,5.0
1730411400.5288253,5.0
1730411400.5330503,5.0
1730411400.53681,5.0
1730411400.541458,5.0
1730411400.5448203,5.0
1730411400.5493932,5.0
1730411400.5539088,5.0
1730411400.5570235,5.0
1730411400.5609102,5.0
1730411400.56543,5.0
1730411400.5690582,5.0
1730411400.5730867,5.0
1730411400.5770855,5.0
1730411400.5825183,5.0
1730411400.5853317,5.0
1730411400.5881832,5.0
1730411400.593264,5.0
1730411400.597083,5.0
1730411400.6011643,5.0
1730411400.605539,5.0
1730411400.6090565,5.0
1730411400.6120274,5.0
1730411400.617114,5.0
1730411400.6210272,5.0
1730411400.625186,5.0
1730411400.62905,5.0
1730411400.633525,5.0
1730411400.636952,5.0
1730411400.6403058,5.0
1730411400.645096,5.0
1730411400.6493244,5.0
1730411400.6530435,5.0
1730411400.6572328,5.0
1730411400.661152,5.0
1730411400.6656606,5.0
1730411400.6683843,5.0
1730411400.6725764,5.0
1730411400.6771996,5.0
1730411400.6813197,5.0
1730411400.6843336,5.0
1730411400.6895845,5.0
1730411400.6933532,5.0
1730411400.697209,5.0
1730411400.701213,5.0
1730411400.7056563,5.0
1730411400.7086928,5.0
1730411400.7120895,5.0
1730411400.7172506,5.0
1730411400.7214274,5.0
1730411400.7256432,5.0
1730411400.729176,5.0
1730411400.732616,5.0
1730411400.7360587,5.0
1730411400.740464,5.0
1730411400.7451472,5.0
1730411400.749584,5.0
1730411400.7531493,5.0
1730411400.756364,5.0
1730411400.7603858,5.0
1730411400.764294,5.0
1730411400.7688687,5.0
1730411400.772694,5.0
1730411400.7772045,5.0
1730411400.7817032,5.0
1730411400.7843623,5.0
1730411400.788901,5.0
1730411400.7928257,5.0
1730411400.7966144,5.0
1730411400.8006144,5.0
1730411400.8056748,5.0
1730411400.8095725,5.0
1730411400.8123882,5.0
1730411400.8166642,5.0
1730411400.8202305,5.0
1730411400.8244069,5.0
1730411400.8282564,5.0
1730411400.8324564,5.0
1730411400.83734,5.0
1730411400.840746,5.0
1730411400.8442612,5.0
1730411400.848888,5.0
1730411400.852357,5.0
1730411400.8566072,5.0
1730411400.8613102,5.0
1730411400.8646507,5.0
1730411400.867437,5.0
1730411400.872917,5.0
1730411400.8769937,5.0
1730411400.8808289,5.0
1730411400.884791,5.0
1730411400.8890572,5.0
1730411400.8929365,5.0
1730411400.8953996,5.0
1730411400.9009044,5.0
1730411400.9045749,5.0
1730411400.9090872,5.0
1730411400.9124727,5.0
1730411400.9164908,5.0
1730411400.9203677,5.0
1730411400.9235084,5.0
1730411400.9283433,5.0
1730411400.932798,5.0
1730411400.9365113,5.0
1730411400.9408576,5.0
1730411400.9444692,5.0
1730411400.9484315,5.0
1730411400.951632,5.0
1730411400.9570675,5.0
1730411400.9606,5.0
1730411400.9647324,5.0
1730411400.9687977,5.0
1730411400.9727352,5.0
1730411400.9766111,5.0
1730411400.979648,5.0
1730411400.983662,5.0
1730411400.9886396,5.0
1730411400.992601,5.0
1730411400.9965768,5.0
1730411400.9996548,5.0
1730411401.0036044,5.0
1730411401.0076048,5.0
1730411401.011469,5.0
1730411401.0165503,5.0
1730411401.0207517,5.0
1730411401.0249622,5.0
1730411401.0274644,5.0
1730411401.0318468,5.0
1730411401.035571,5.0
1730411401.0397935,5.0
1730411401.0435688,5.0
1730411401.0489025,5.0
1730411401.0526023,5.0
1730411401.0560167,5.0
1730411401.0600438,5.0
1730411401.064003,5.0
1730411401.067742,5.0
1730411401.072945,5.0
1730411401.0766306,5.0
1730411401.0808587,5.0
1730411401.0838935,5.0
1730411401.0877388,5.0
1730411401.0918684,5.0
1730411401.0957432,5.0
1730411401.101918,5.0
1730411401.1053617,5.0
1730411401.1079032,5.0
1730411401.1117172,5.0
1730411401.11602,5.0
1730411401.1197796,5.0
1730411401.1237545,5.0
1730411401.1276796,5.0
1730411401.1332345,5.0
1730411401.1356924,5.0
1730411401.140126,5.0
1730411401.1437452,5.0
1730411401.147787,5.0
1730411401.151899,5.0
1730411401.1557865,5.0
1730411401.160708,5.0
1730411401.1640084,5.0
1730411401.1678936,5.0
1730411401.1724536,5.0
1730411401.1759129,5.0
1730411401.1804326,5.0
1730411401.183952,5.0
1730411401.1893682,5.0
1730411401.1922123,5.0
1730411401.1958935,5.0
1730411401.2003307,5.0
1730411401.2038853,5.0
1730411401.2084522,5.0
1730411401.2118266,5.0
1730411401.216041,5.0
1730411401.218914,5.0
1730411401.2229111,5.0
1730411401.2278287,5.0
1730411401.232364,5.0
1730411401.2359085,5.0
1730411401.240318,5.0
1730411401.2438557,5.0
1730411401.247024,5.0
1730411401.2511115,5.0
1730411401.2559576,5.0
1730411401.259997,5.0
1730411401.2639997,5.0
1730411401.2679684,5.0
1730411401.271042,5.0
1730411401.275011,5.0
1730411401.278899,5.0
1730411401.2840545,5.0
1730411401.2880864,5.0
1730411401.2920587,5.0
1730411401.2959487,5.0
1730411401.2991014,5.0
1730411401.3029473,5.0
1730411401.3069406,5.0
1730411401.3119965,5.0
1730411401.315979,5.0
1730411401.3198972,5.0
1730411401.3232136,5.0
1730411401.326898,5.0
1730411401.3312593,5.0
1730411401.3351874,5.0
1730411401.3392506,5.0
1730411401.3440592,5.0
1730411401.3480656,5.0
1730411401.351183,5.0
1730411401.3551545,5.0
1730411401.359228,5.0
1730411401.363199,5.0
1730411401.367064,5.0
1730411401.372291,5.0
1730411401.3761055,5.0
1730411401.3791282,5.0
1730411401.3831856,5.0
1730411401.3871164,5.0
1730411401.3912768,5.0
1730411401.3950748,5.0
1730411401.3992856,5.0
1730411401.4042425,5.0
1730411401.4071248,5.0
1730411401.411084,5.0
1730411401.4152465,5.0
1730411401.4190652,5.0
1730411401.4233713,5.0
1730411401.4271636,5.0
1730411401.4326096,5.0
1730411401.435444,5.0
1730411401.4394176,5.0
1730411401.4434102,5.0
1730411401.4474132,5.0
1730411401.4514563,5.0
1730411401.4558604,5.0
1730411401.4594266,5.0
1730411401.462252,5.0
1730411401.4672754,5.0
1730411401.4719727,5.0
1730411401.4757507,5.0
1730411401.4794471,5.0
1730411401.4838264,5.0
1730411401.4872344,5.0
1730411401.4906137,5.0
1730411401.4953458,5.0
1730411401.499642,5.0
1730411401.503294,5.0
1730411401.5073595,5.0
1730411401.5113368,5.0
1730411401.5145264,5.0
1730411401.5185833,5.0
1730411401.5225592,5.0
1730411401.5274794,5.0
1730411401.5318897,5.0
1730411401.5354433,5.0
1730411401.5394633,5.0
1730411401.5433872,5.0
1730411401.5487545,5.0
1730411401.5516915,5.0
1730411401.5559514,5.0
1730411401.5596523,5.0
1730411401.5636096,5.0
1730411401.566573,5.0
1730411401.5704749,5.0
1730411401.574824,5.0
1730411401.5783465,5.0
1730411401.5839183,5.0
1730411401.5874186,5.0
1730411401.591898,5.0
1730411401.5943637,5.0
1730411401.5991032,5.0
1730411401.6024888,5.0
1730411401.6070056,5.0
1730411401.611439,5.0
1730411401.6165855,5.0
1730411401.6194477,5.0
1730411401.6239097,5.0
1730411401.626845,5.0
1730411401.630609,5.0
1730411401.6346538,5.0
1730411401.6399076,5.0
1730411401.6437445,5.0
1730411401.6475718,5.0
1730411401.651138,5.0
1730411401.6551385,5.0
1730411401.659018,5.0
1730411401.662743,5.0
1730411401.6667607,5.0
1730411401.6717968,5.0
1730411401.6746998,5.0
1730411401.6785634,5.0
1730411401.6827,5.0
1730411401.6864812,5.0
1730411401.690985,5.0
1730411401.69465,5.0
1730411401.7000012,5.0
1730411401.7025204,5.0
1730411401.7067258,5.0
1730411401.7107058,5.0
1730411401.7147975,5.0
1730411401.7188115,5.0
1730411401.7228272,5.0
1730411401.727507,5.0
1730411401.7307885,5.0
1730411401.7338831,5.0
1730411401.7391376,5.0
1730411401.7428384,5.0
1730411401.746738,5.0
1730411401.751001,5.0
1730411401.7551455,5.0
1730411401.7591152,5.0
1730411401.7628963,5.0
1730411401.7665784,5.0
1730411401.7707868,5.0
1730411401.7748325,5.0
1730411401.7786596,5.0
1730411401.782244,5.0
1730411401.78574,5.0
1730411401.790017,5.0
1730411401.7947683,5.0
1730411401.799039,5.0
1730411401.802667,5.0
1730411401.8070395,5.0
1730411401.8098323,5.0
1730411401.8143172,5.0
1730411401.8177533,5.0
1730411401.822961,5.0
1730411401.8268116,5.0
1730411401.8309429,5.0
1730411401.8350532,5.0
1730411401.83794,5.0
1730411401.8420668,5.0
1730411401.8457432,5.0
1730411401.8512397,5.0
1730411401.8547883,5.0
1730411401.8590913,5.0
1730411401.8630435,5.0
1730411401.866085,5.0
1730411401.869815,5.0
1730411401.8743584,5.0
1730411401.8789215,5.0
1730411401.883037,5.0
1730411401.8867252,5.0
1730411401.891229,5.0
1730411401.893937,5.0
1730411401.8978417,5.0
1730411401.90196,5.0
1730411401.9059565,5.0
1730411401.9107904,5.0
1730411401.915073,5.0
1730411401.9179423,5.0
1730411401.92196,5.0
1730411401.9259992,5.0
1730411401.9299853,5.0
1730411401.9339504,5.0
1730411401.9394207,5.0
1730411401.943107,5.0
1730411401.94602,5.0
1730411401.9504557,5.0
1730411401.9540255,5.0
1730411401.958428,5.0
1730411401.9619567,5.0
1730411401.965984,5.0
1730411401.9709396,5.0
1730411401.974399,5.0
1730411401.977868,5.0
1730411401.982034,5.0
1730411401.985844,5.0
1730411401.9900093,5.0
1730411401.9950204,5.0
1730411401.9989958,5.0
1730411402.001894,5.0
1730411402.0060103,5.0
1730411402.010128,5.0
1730411402.0143547,5.0
1730411402.0182538,5.0
1730411402.0224118,5.0
1730411402.0260985,5.0
1730411402.0296571,5.0
1730411402.0344665,5.0
1730411402.0386004,5.0
1730411402.0425732,5.0
1730411402.046229,5.0
1730411402.050573,5.0
1730411402.054361,5.0
1730411402.0572214,5.0
1730411402.0620496,5.0
1730411402.066274,5.0
1730411402.070079,5.0
1730411402.0745182,5.0
1730411402.0781105,5.0
1730411402.0824244,5.0
1730411402.0852456,5.0
1730411402.0904715,5.0
1730411402.0940228,5.0
1730411402.0986593,5.0
1730411402.1022646,5.0
1730411402.106226,5.0
1730411402.1100397,5.0
1730411402.113683,5.0
1730411402.1172435,5.0
1730411402.12227,5.0
1730411402.1261785,5.0
1730411402.1306636,5.0
1730411402.1335626,5.0
1730411402.1371715,5.0
1730411402.1415775,5.0
1730411402.1451795,5.0
1730411402.1505911,5.0
1730411402.1544397,5.0
1730411402.158721,5.0
1730411402.1611817,5.0
1730411402.165564,5.0
1730411402.1691864,5.0
1730411402.173537,5.0
1730411402.178188,5.0
1730411402.1825974,5.0
1730411402.1861727,5.0
1730411402.1894011,5.0
1730411402.193362,5.0
1730411402.1972392,5.0
1730411402.2015991,5.0
1730411402.2063427,5.0
1730411402.210271,5.0
1730411402.214445,5.0
1730411402.2173684,5.0
1730411402.2219348,5.0
1730411402.2253723,5.0
1730411402.2299638,5.0
1730411402.2336757,5.0
1730411402.2388003,5.0
1730411402.2414663,5.0
1730411402.2452796,5.0
1730411402.2494557,5.0
1730411402.2533245,5.0
1730411402.257396,5.0
1730411402.2612674,5.0
1730411402.2665083,5.0
1730411402.269274,5.0
1730411402.2737665,5.0
1730411402.2772708,5.0
1730411402.2814765,5.0
1730411402.285404,5.0
1730411402.2895637,5.0
1730411402.2944064,5.0
1730411402.2973073,5.0
1730411402.3015947,5.0
1730411402.305487,5.0
1730411402.309379,5.0
1730411402.3135512,5.0
1730411402.317393,5.0
1730411402.3226097,5.0
1730411402.325984,5.0
1730411402.3294544,5.0
1730411402.3333192,5.0
1730411402.33753,5.0
1730411402.3415427,5.0
1730411402.3453195,5.0
1730411402.3492937,5.0
1730411402.3523157,5.0
1730411402.3573568,5.0
1730411402.3613043,5.0
1730411402.3653345,5.0
1730411402.369465,5.0
1730411402.3734572,5.0
1730411402.3773832,5.0
1730411402.380438,5.0
1730411402.3845036,5.0
1730411402.3895478,5.0
1730411402.3935769,5.0
1730411402.39766,5.0
1730411402.401745,5.0
1730411402.405103,5.0
1730411402.4090977,5.0
1730411402.4141247,5.0
1730411402.4176424,5.0
1730411402.4220068,5.0
1730411402.425821,5.0
1730411402.429721,5.0
1730411402.4327056,5.0
1730411402.4365609,5.0
1730411402.4406643,5.0
1730411402.4456751,5.0
1730411402.4499416,5.0
1730411402.4542832,5.0
1730411402.4567585,5.0
1730411402.4605536,5.0
1730411402.464858,5.0
1730411402.4685712,5.0
1730411402.4739509,5.0
1730411402.4776025,5.0
1730411402.4822216,5.0
1730411402.4847972,5.0
1730411402.4890225,5.0
1730411402.492839,5.0
1730411402.4970627,5.0
1730411402.5012784,5.0
1730411402.5060284,5.0
1730411402.5098777,5.0
1730411402.5134003,5.0
1730411402.517017,5.0
1730411402.5220597,5.0
1730411402.5259612,5.0
1730411402.528823,5.0
1730411402.533064,5.0
1730411402.5379665,5.0
1730411402.5408258,5.0
1730411402.5446932,5.0
1730411402.5491326,5.0
1730411402.5528302,5.0
1730411402.556851,5.0
1730411402.56171,5.0
1730411402.5662053,5.0
1730411402.5688293,5.0
1730411402.5728989,5.0
1730411402.576788,5.0
1730411402.581164,5.0
1730411402.5849333,5.0
1730411402.590372,5.0
1730411402.5931537,5.0
1730411402.596918,5.0
1730411402.601504,5.0
1730411402.6054316,5.0
1730411402.609321,5.0
1730411402.6134925,5.0
1730411402.6170073,5.0
1730411402.6215813,5.0
1730411402.6241057,5.0
1730411402.62909,5.0
1730411402.6331837,5.0
1730411402.636988,5.0
1730411402.6413505,5.0
1730411402.644875,5.0
1730411402.6490877,5.0
1730411402.6518288,5.0
1730411402.657068,5.0
1730411402.660998,5.0
1730411402.6653757,5.0
1730411402.6688812,5.0
1730411402.6730416,5.0
1730411402.6770427,5.0
1730411402.680092,5.0
1730411402.685061,5.0
1730411402.6891444,5.0
1730411402.693112,5.0
1730411402.6971245,5.0
1730411402.7002356,5.0
1730411402.7039244,5.0
1730411402.7080567,5.0
1730411402.712044,5.0
1730411402.7169318,5.0
1730411402.7210872,5.0
1730411402.7250853,5.0
1730411402.7280674,5.0
1730411402.7325428,5.0
1730411402.7360556,5.0
1730411402.7405992,5.0
1730411402.7441385,5.0
1730411402.7492344,5.0
1730411402.7530837,5.0
1730411402.7562037,5.0
1730411402.7605677,5.0
1730411402.7646797,5.0
1730411402.7684977,5.0
1730411402.7736585,5.0
1730411402.7770753,5.0
1730411402.781221,5.0
1730411402.784378,5.0
1730411402.78869,5.0
1730411402.7921836,5.0
1730411402.7962737,5.0
1730411402.8005407,5.0
1730411402.8052552,5.0
1730411402.809531,5.0
1730411402.8123596,5.0
1730411402.8163135,5.0
1730411402.820151,5.0
1730411402.8246517,5.0
1730411402.8281348,5.0
1730411402.8336892,5.0
1730411402.8361983,5.0
1730411402.8407807,5.0
1730411402.844147,5.0
1730411402.8484542,5.0
1730411402.8521652,5.0
1730411402.8566468,5.0
1730411402.86122,5.0
1730411402.864786,5.0
1730411402.8684769,5.0
1730411402.872599,5.0
1730411402.876532,5.0
1730411402.880556,5.0
1730411402.8847013,5.0
1730411402.8898144,5.0
1730411402.892518,5.0
1730411402.8953595,5.0
1730411402.9008648,5.0
1730411402.9049516,5.0
1730411402.9088333,5.0
1730411402.9125433,5.0
1730411402.9163055,5.0
1730411402.91929,5.0
1730411402.9234116,5.0
1730411402.928295,5.0
1730411402.9322624,5.0
1730411402.9363232,5.0
1730411402.940699,5.0
1730411402.9444292,5.0
1730411402.9473112,5.0
1730411402.951651,5.0
1730411402.9566076,5.0
1730411402.9603736,5.0
1730411402.964655,5.0
1730411402.9683928,5.0
1730411402.9719436,5.0
1730411402.9757917,5.0
1730411402.9800825,5.0
1730411402.984799,5.0
1730411402.9885452,5.0
1730411402.9925876,5.0
1730411402.9964292,5.0
1730411402.9994893,5.0
1730411403.0034616,5.0
1730411403.0074687,5.0
1730411403.012509,5.0
1730411403.0165644,5.0
1730411403.0205305,5.0
1730411403.0235555,5.0
1730411403.027393,5.0
1730411403.0315433,5.0
1730411403.0354316,5.0
1730411403.0405483,5.0
1730411403.0444372,5.0
1730411403.048698,5.0
1730411403.0515764,5.0
1730411403.0557065,5.0
1730411403.0596488,5.0
1730411403.0636957,5.0
1730411403.0675857,5.0
1730411403.0727105,5.0
1730411403.0766635,5.0
1730411403.0801213,5.0
1730411403.0837429,5.0
1730411403.0876737,5.0
1730411403.091735,5.0
1730411403.0958028,5.0
1730411403.1008456,5.0
1730411403.1051352,5.0
1730411403.1076689,5.0
1730411403.111631,5.0
1730411403.1157448,5.0
1730411403.1196032,5.0
1730411403.1239753,5.0
1730411403.128696,5.0
1730411403.132008,5.0
1730411403.1356204,5.0
1730411403.1399183,5.0
1730411403.1436706,5.0
1730411403.1479087,5.0
1730411403.1517336,5.0
1730411403.1569912,5.0
1730411403.1600213,5.0
1730411403.1640754,5.0
1730411403.1676962,5.0
1730411403.1722884,5.0
1730411403.1758068,5.0
1730411403.1799872,5.0
1730411403.1847851,5.0
1730411403.187916,5.0
1730411403.1922777,5.0
1730411403.195757,5.0
1730411403.199798,5.0
1730411403.2040372,5.0
1730411403.2079763,5.0
1730411403.213452,5.0
1730411403.2161477,5.0
1730411403.2187316,5.0
1730411403.2241883,5.0
1730411403.2276711,5.0
1730411403.2323728,5.0
1730411403.2357275,5.0
1730411403.2393537,5.0
1730411403.2429316,5.0
1730411403.2470272,5.0
1730411403.2518978,5.0
1730411403.25607,5.0
1730411403.259836,5.0
1730411403.2643745,5.0
1730411403.267104,5.0
1730411403.2714696,5.0
1730411403.2754157,5.0
1730411403.2795455,5.0
1730411403.2840755,5.0
1730411403.2880905,5.0
1730411403.292216,5.0
1730411403.2949824,5.0
1730411403.2995577,5.0
1730411403.3028405,5.0
1730411403.3070233,5.0
1730411403.3119411,5.0
1730411403.315995,5.0
1730411403.3198168,5.0
1730411403.3233972,5.0
1730411403.3269165,5.0
1730411403.331306,5.0
1730411403.334902,5.0
1730411403.341106,5.0
1730411403.343833,5.0
1730411403.348039,5.0
1730411403.3510094,5.0
1730411403.3550603,5.0
1730411403.3590827,5.0
1730411403.3630755,5.0
1730411403.3679235,5.0
1730411403.3720274,5.0
1730411403.374957,5.0
1730411403.3789463,5.0
1730411403.3830817,5.0
1730411403.387189,5.0
1730411403.391119,5.0
1730411403.3953266,5.0
1730411403.400277,5.0
1730411403.403093,5.0
1730411403.406983,5.0
1730411403.4110787,5.0
1730411403.4149342,5.0
1730411403.4190478,5.0
1730411403.423128,5.0
1730411403.427991,5.0
1730411403.4310946,5.0
1730411403.4349642,5.0
1730411403.4390404,5.0
1730411403.4429567,5.0
1730411403.447193,5.0
1730411403.451164,5.0
1730411403.4560387,5.0
1730411403.4591715,5.0
1730411403.4630027,5.0
1730411403.467054,5.0
1730411403.4711578,5.0
1730411403.4752684,5.0
1730411403.480337,5.0
1730411403.4833488,5.0
1730411403.4862025,5.0
1730411403.491223,5.0
1730411403.4951863,5.0
1730411403.4992075,5.0
1730411403.5033429,5.0
1730411403.5073318,5.0
1730411403.5111084,5.0
1730411403.5143616,5.0
1730411403.519253,5.0
1730411403.5233843,5.0
1730411403.5271916,5.0
1730411403.5313556,5.0
1730411403.5352252,5.0
1730411403.5392227,5.0
1730411408.5569994,5.0
1730411408.56104,5.0
1730411408.5640633,5.0
1730411408.569198,5.0
1730411408.5731027,5.0
1730411408.57712,5.0
1730411408.5810835,5.0
1730411408.586046,5.0
1730411408.589001,5.0
1730411408.5920217,5.0
1730411408.5970376,5.0
1730411408.6010225,5.0
1730411408.6050603,5.0
1730411408.6090376,5.0
1730411408.614053,5.0
1730411408.6170917,5.0
1730411408.6200604,5.0
1730411408.6250458,5.0
1730411408.6291146,5.0
1730411408.6331327,5.0
1730411408.6371655,5.0
1730411408.6410491,5.0
1730411408.645069,5.0
1730411408.6480703,5.0
1730411408.652098,5.0
1730411408.6570923,5.0
1730411408.6612127,5.0
1730411408.6651208,5.0
1730411408.6681294,5.0
1730411408.6721263,5.0
1730411408.6761625,5.0
1730411408.6801565,5.0
1730411408.6851375,5.0
1730411408.6891713,5.0
1730411408.693158,5.0
1730411408.6961453,5.0
1730411408.7001464,5.0
1730411408.7041435,5.0
1730411408.7081983,5.0
1730411408.713177,5.0
1730411408.7171938,5.0
1730411408.7212024,5.0
1730411408.7241957,5.0
1730411408.7283573,5.0
1730411408.7322264,5.0
1730411408.7363353,5.0
1730411408.7402775,5.0
1730411408.745273,5.0
1730411408.7494793,5.0
1730411408.7525024,5.0
1730411408.756493,5.0
1730411408.760492,5.0
1730411408.7644851,5.0
1730411408.7684743,5.0
1730411408.7735033,5.0
1730411408.7763977,5.0
1730411408.7804875,5.0
1730411408.784348,5.0
1730411408.788525,5.0
1730411408.7923808,5.0
1730411408.7965472,5.0
1730411408.8014352,5.0
1730411408.804542,5.0
1730411408.8075502,5.0
1730411408.8124316,5.0
1730411408.8163488,5.0
1730411408.8213637,5.0
1730411408.8244193,5.0
1730411408.8285718,5.0
1730411408.8325143,5.0
1730411408.836792,5.0
1730411408.8407688,5.0
1730411408.8446608,5.0
1730411408.8474636,5.0
1730411408.8528628,5.0
1730411408.8568847,5.0
1730411408.8608613,5.0
1730411408.8647056,5.0
1730411408.8686788,5.0
1730411408.8727243,5.0
1730411408.875555,5.0
1730411408.8806088,5.0
1730411408.8845773,5.0
1730411408.8886583,5.0
1730411408.892505,5.0
1730411408.8975165,5.0
1730411408.9005055,5.0
1730411408.9035356,5.0
1730411408.9084773,5.0
1730411408.9125173,5.0
1730411408.917045,5.0
1730411408.9205065,5.0
1730411408.9246209,5.0
1730411408.9286408,5.0
1730411408.9316168,5.0
1730411408.9365387,5.0
1730411408.9407003,5.0
1730411408.9446542,5.0
1730411408.9486375,5.0
1730411408.9516687,5.0
1730411408.9556172,5.0
1730411408.9596052,5.0
1730411408.9635649,5.0
1730411408.9686358,5.0
1730411408.972617,5.0
1730411408.9766426,5.0
1730411408.979722,5.0
1730411408.9836967,5.0
1730411408.9876213,5.0
1730411408.9916291,5.0
1730411408.9966884,5.0
1730411409.0006976,5.0
1730411409.0046084,5.0
1730411409.007624,5.0
1730411409.0116544,5.0
1730411409.0156572,5.0
1730411409.019675,5.0
1730411409.0246527,5.0
1730411409.0286958,5.0
1730411409.032678,5.0
1730411409.0356896,5.0
1730411409.0396738,5.0
1730411409.0437205,5.0
1730411409.047707,5.0
1730411409.0517175,5.0
1730411409.056846,5.0
1730411409.0609343,5.0
1730411409.0638568,5.0
1730411409.0679815,5.0
1730411409.0716991,5.0
1730411409.075945,5.0
1730411409.079762,5.0
1730411409.085097,5.0
1730411409.0880415,5.0
1730411409.0918643,5.0
1730411409.0959432,5.0
1730411409.0999207,5.0
1730411409.104083,5.0
1730411409.1081269,5.0
1730411409.11316,5.0
1730411409.1161523,5.0
1730411409.12019,5.0
1730411409.1241229,5.0
1730411409.1279898,5.0
1730411409.1321988,5.0
1730411409.1361432,5.0
1730411409.1411028,5.0
1730411409.144266,5.0
1730411409.1470704,5.0
1730411409.1522424,5.0
1730411409.1561322,5.0
1730411409.1601815,5.0
1730411409.1642509,5.0
1730411409.1670318,5.0
1730411409.1712408,5.0
1730411409.1750405,5.0
1730411409.180242,5.0
1730411409.1841495,5.0
1730411409.1882515,5.0
1730411409.1919923,5.0
1730411409.1951923,5.0
1730411409.1991856,5.0
1730411409.2031865,5.0
1730411409.2080045,5.0
1730411409.212196,5.0
1730411409.2161677,5.0
1730411409.2202368,5.0
1730411409.2242224,5.0
1730411409.2272222,5.0
1730411409.231285,5.0
1730411409.236252,5.0
1730411409.2402413,5.0
1730411409.2442613,5.0
1730411409.248268,5.0
1730411409.251192,5.0
1730411409.2552776,5.0
1730411409.259163,5.0
1730411409.263183,5.0
1730411409.268268,5.0
1730411409.2723055,5.0
1730411409.2750907,5.0
1730411409.2793095,5.0
1730411409.2853484,5.0
1730411409.2883196,5.0
1730411409.2912903,5.0
1730411409.2963064,5.0
1730411409.30011,5.0
1730411409.3031812,5.0
1730411409.307233,5.0
1730411409.3111737,5.0
1730411409.3151712,5.0
1730411409.3191583,5.0
1730411409.3241396,5.0
1730411409.328153,5.0
1730411409.331154,5.0
1730411409.335296,5.0
1730411409.339188,5.0
1730411409.34321,5.0
1730411409.3471873,5.0
1730411409.3512447,5.0
1730411409.356186,5.0
1730411409.3592415,5.0
1730411409.3631945,5.0
1730411409.367232,5.0
1730411409.3712475,5.0
1730411409.3752313,5.0
1730411409.3792317,5.0
1730411409.3842824,5.0
1730411409.3872335,5.0
1730411409.3912437,5.0
1730411409.3952656,5.0
1730411409.3992884,5.0
1730411409.4033592,5.0
1730411409.4072914,5.0
1730411409.4112785,5.0
1730411409.4142697,5.0
1730411409.4193573,5.0
1730411409.4232993,5.0
1730411409.4273117,5.0
1730411409.431373,5.0
1730411409.4353578,5.0
1730411409.439335,5.0
1730411409.4423735,5.0
1730411409.4464672,5.0
1730411409.4514165,5.0
1730411409.4553828,5.0
1730411409.4594457,5.0
1730411409.463487,5.0
1730411409.4674206,5.0
1730411409.470594,5.0
1730411409.4744344,5.0
1730411409.4794743,5.0
1730411409.483467,5.0
1730411409.4875915,5.0
1730411409.4914412,5.0
1730411409.4956467,5.0
1730411409.4987254,5.0
1730411409.5028198,5.0
1730411409.507651,5.0
1730411409.5118928,5.0
1730411409.515614,5.0
1730411409.520006,5.0
1730411409.5227656,5.0
1730411409.5266688,5.0
1730411409.5310383,5.0
1730411409.5361323,5.0
1730411409.540165,5.0
1730411409.5439432,5.0
1730411409.546722,5.0
1730411409.5506637,5.0
1730411409.5552497,5.0
1730411409.5586796,5.0
1730411409.5632615,5.0
1730411409.567606,5.0
1730411409.5722792,5.0
1730411409.5747566,5.0
1730411409.57903,5.0
1730411409.582744,5.0
1730411409.586717,5.0
1730411409.590742,5.0
1730411409.5959651,5.0
1730411409.5996711,5.0
1730411409.6028972,5.0
1730411409.6066768,5.0
1730411409.6109097,5.0
1730411409.6149302,5.0
1730411409.6188483,5.0
1730411409.6238537,5.0
1730411409.6267877,5.0
1730411409.6307456,5.0
1730411409.634792,5.0
1730411409.638919,5.0
1730411409.6428647,5.0
1730411409.646808,5.0
1730411409.6508589,5.0
1730411409.6549313,5.0
1730411409.6587806,5.0
1730411409.6629024,5.0
1730411409.6668622,5.0
1730411409.6714208,5.0
1730411409.6748912,5.0
1730411409.6801536,5.0
1730411409.6830432,5.0
1730411409.6861691,5.0
1730411409.6911209,5.0
1730411409.6949542,5.0
1730411409.698974,5.0
1730411409.7029762,5.0
1730411409.7069645,5.0
1730411409.7114658,5.0
1730411409.7141924,5.0
1730411409.7195354,5.0
1730411409.7233891,5.0
1730411409.7270503,5.0
1730411409.7314055,5.0
1730411409.7339375,5.0
1730411409.7383764,5.0
1730411409.7419713,5.0
1730411409.7470503,5.0
1730411409.750873,5.0
1730411409.7550623,5.0
1730411409.7589169,5.0
1730411409.76221,5.0
1730411409.7664042,5.0
1730411409.7701948,5.0
1730411409.774404,5.0
1730411409.7792385,5.0
1730411409.783036,5.0
1730411409.7871015,5.0
1730411409.7904303,5.0
1730411409.7946208,5.0
1730411409.79881,5.0
1730411409.8032024,5.0
1730411409.8070672,5.0
1730411409.8110623,5.0
1730411409.8150015,5.0
1730411409.817964,5.0
1730411409.8219795,5.0
1730411409.8259685,5.0
1730411409.830008,5.0
1730411409.8349717,5.0
1730411409.8390152,5.0
1730411409.8429985,5.0
1730411409.8459527,5.0
1730411409.8499691,5.0
1730411409.8539765,5.0
1730411409.857968,5.0
1730411409.8620307,5.0
1730411409.8670025,5.0
1730411409.870008,5.0
1730411409.8740234,5.0
1730411409.8780024,5.0
1730411409.8820808,5.0
1730411409.8860252,5.0
1730411409.8900363,5.0
1730411409.8950794,5.0
1730411409.898078,5.0
1730411409.902061,5.0
1730411409.9060657,5.0
1730411409.9100654,5.0
1730411409.9140768,5.0
1730411409.918088,5.0
1730411409.923082,5.0
1730411409.9260943,5.0
1730411409.9300685,5.0
1730411409.934124,5.0
1730411409.9381611,5.0
1730411409.942144,5.0
1730411409.9461358,5.0
1730411409.951162,5.0
1730411409.954126,5.0
1730411409.9581227,5.0
1730411409.9622529,5.0
1730411409.9661326,5.0
1730411409.9702744,5.0
1730411409.9742825,5.0
1730411409.9782813,5.0
1730411409.9813442,5.0
1730411409.9867616,5.0
1730411409.9904623,5.0
1730411409.9947977,5.0
1730411409.9985583,5.0
1730411410.0028777,5.0
1730411410.0056715,5.0
1730411410.0093963,5.0
1730411410.0149372,5.0
1730411410.0185332,5.0
1730411410.0228224,5.0
1730411410.0265064,5.0
1730411410.030877,5.0
1730411410.0333707,5.0
1730411410.037434,5.0
1730411410.0422869,5.0
1730411410.046636,5.0
1730411410.05036,5.0
1730411410.0545623,5.0
1730411410.0582929,5.0
1730411410.0615296,5.0
1730411410.0654552,5.0
1730411410.0694456,5.0
1730411410.074361,5.0
1730411410.0784633,5.0
1730411410.0824802,5.0
1730411410.085602,5.0
1730411410.0896664,5.0
1730411410.0937855,5.0
1730411410.0995245,5.0
1730411410.103714,5.0
1730411410.1070824,5.0
1730411410.1109135,5.0
1730411410.1139832,5.0
1730411410.117386,5.0
1730411410.1216185,5.0
1730411410.1255322,5.0
1730411410.130988,5.0
1730411410.1345415,5.0
1730411410.138781,5.0
1730411410.1415672,5.0
1730411410.1457677,5.0
1730411410.1496243,5.0
1730411410.1538956,5.0
1730411410.1585944,5.0
1730411410.1625967,5.0
1730411410.1665633,5.0
1730411410.170118,5.0
1730411410.173756,5.0
1730411410.1776748,5.0
1730411410.1820276,5.0
1730411410.186128,5.0
1730411410.191,5.0
1730411410.193814,5.0
1730411410.197648,5.0
1730411410.2016826,5.0
1730411410.205898,5.0
1730411410.209648,5.0
1730411410.2138476,5.0
1730411410.2189207,5.0
1730411410.2220082,5.0
1730411410.2246628,5.0
1730411410.2300422,5.0
1730411410.2336068,5.0
1730411410.237755,5.0
1730411410.2416284,5.0
1730411410.2471066,5.0
1730411410.249586,5.0
1730411410.2530448,5.0
1730411410.2576926,5.0
1730411410.2618532,5.0
1730411410.265936,5.0
1730411410.269868,5.0
1730411410.2746708,5.0
1730411410.277912,5.0
1730411410.2809076,5.0
1730411410.2859645,5.0
1730411410.290054,5.0
1730411410.2944243,5.0
1730411410.2979517,5.0
1730411410.3018696,5.0
1730411410.3059132,5.0
1730411410.3087971,5.0
1730411410.3141527,5.0
1730411410.319022,5.0
1730411410.32201,5.0
1730411410.3256907,5.0
1730411410.3302772,5.0
1730411410.3328364,5.0
1730411410.3368597,5.0
1730411410.34179,5.0
1730411410.3460212,5.0
1730411410.3498805,5.0
1730411410.3540213,5.0
1730411410.3568168,5.0
1730411410.3613713,5.0
1730411410.365229,5.0
1730411410.370139,5.0
1730411410.374159,5.0
1730411410.3780155,5.0
1730411410.3820958,5.0
1730411410.3848336,5.0
1730411410.3888185,5.0
1730411410.392788,5.0
1730411410.3987722,5.0
1730411410.401758,5.0
1730411410.4057071,5.0
1730411410.4097989,5.0
1730411410.4127543,5.0
1730411410.4168344,5.0
1730411410.4207544,5.0
1730411410.424778,5.0
1730411410.4297888,5.0
1730411410.433804,5.0
1730411410.436777,5.0
1730411410.440791,5.0
1730411410.4447925,5.0
1730411410.4488275,5.0
1730411410.4528227,5.0
1730411410.457813,5.0
1730411410.4618428,5.0
1730411410.464833,5.0
1730411410.468856,5.0
1730411410.4728389,5.0
1730411410.4768343,5.0
1730411410.480857,5.0
1730411410.484888,5.0
1730411410.489962,5.0
1730411410.4929135,5.0
1730411410.4969344,5.0
1730411410.5010023,5.0
1730411410.5049422,5.0
1730411410.5089772,5.0
1730411410.5129664,5.0
1730411410.518011,5.0
1730411410.521021,5.0
1730411410.5249462,5.0
1730411410.5289798,5.0
1730411410.5329363,5.0
1730411410.5369744,5.0
1730411410.5420077,5.0
1730411410.544992,5.0
1730411410.5479794,5.0
1730411410.5530648,5.0
1730411410.5570712,5.0
1730411410.5611775,5.0
1730411410.565199,5.0
1730411410.569178,5.0
1730411410.573104,5.0
1730411410.5771332,5.0
1730411410.581182,5.0
1730411410.585242,5.0
1730411410.5892332,5.0
1730411410.5932317,5.0
1730411410.5971062,5.0
1730411410.6012473,5.0
1730411410.6042788,5.0
1730411410.608122,5.0
1730411410.6131923,5.0
1730411410.61709,5.0
1730411410.6212852,5.0
1730411410.625141,5.0
1730411410.6292355,5.0
1730411410.6323142,5.0
1730411410.6371772,5.0
1730411410.6411393,5.0
1730411410.6452136,5.0
1730411410.6491475,5.0
1730411410.6523013,5.0
1730411410.6564598,5.0
1730411410.6603987,5.0
1730411410.664415,5.0
1730411410.6693804,5.0
1730411410.6732588,5.0
1730411410.67738,5.0
1730411410.6803856,5.0
1730411410.6843948,5.0
1730411410.688408,5.0
1730411410.6922972,5.0
1730411410.6972592,5.0
1730411410.7013917,5.0
1730411410.7054477,5.0
1730411410.708318,5.0
1730411410.7124388,5.0
1730411410.7164052,5.0
1730411410.7203624,5.0
1730411410.7243023,5.0
1730411410.7295108,5.0
1730411410.7332733,5.0
1730411410.7366257,5.0
1730411410.740451,5.0
1730411410.744514,5.0
1730411410.7484264,5.0
1730411410.752546,5.0
1730411410.757504,5.0
1730411410.7614555,5.0
1730411410.7644162,5.0
1730411410.7685976,5.0
1730411410.7726228,5.0
1730411410.776576,5.0
1730411410.7804585,5.0
1730411410.785569,5.0
1730411410.7885609,5.0
1730411410.7924392,5.0
1730411410.796523,5.0
1730411410.8005528,5.0
1730411410.8045304,5.0
1730411410.8084192,5.0
1730411410.8134408,5.0
1730411410.8164835,5.0
1730411410.819564,5.0
1730411410.8244972,5.0
1730411410.8286572,5.0
1730411410.8324292,5.0
1730411410.8386884,5.0
1730411410.8415518,5.0
1730411410.84464,5.0
1730411410.8487358,5.0
1730411410.8527372,5.0
1730411410.8567295,5.0
1730411410.8607433,5.0
1730411410.865057,5.0
1730411410.867756,5.0
1730411410.8719065,5.0
1730411410.875602,5.0
1730411410.8797808,5.0
1730411410.8848832,5.0
1730411410.8892376,5.0
1730411410.8926735,5.0
1730411410.8966727,5.0
1730411410.8997338,5.0
1730411410.904272,5.0
1730411410.9075975,5.0
1730411410.9132757,5.0
1730411410.9176784,5.0
1730411410.9208732,5.0
1730411410.924688,5.0
1730411410.9278064,5.0
1730411410.9318032,5.0
1730411410.936685,5.0
1730411410.9410696,5.0
1730411410.9450896,5.0
1730411410.9490745,5.0
1730411410.9524543,5.0
1730411410.9557831,5.0
1730411410.9600189,5.0
1730411410.963994,5.0
1730411410.96779,5.0
1730411410.9732702,5.0
1730411410.9768968,5.0
1730411410.9802232,5.0
1730411410.9837017,5.0
1730411410.9878268,5.0
1730411410.9918084,5.0
1730411410.9968443,5.0
1730411411.000822,5.0
1730411411.00422,5.0
1730411411.0077915,5.0
1730411411.0120883,5.0
1730411411.015981,5.0
1730411411.0201166,5.0
1730411411.0247996,5.0
1730411411.029413,5.0
1730411411.0320475,5.0
1730411411.03614,5.0
1730411411.0402992,5.0
1730411411.0445168,5.0
1730411411.0478585,5.0
1730411411.052405,5.0
1730411411.0569448,5.0
1730411411.0600157,5.0
1730411411.063985,5.0
1730411411.0680633,5.0
1730411411.071992,5.0
1730411411.076027,5.0
1730411411.080019,5.0
1730411411.0849776,5.0
1730411411.0879946,5.0
1730411411.0908604,5.0
1730411411.096059,5.0
1730411411.0998857,5.0
1730411411.1045144,5.0
1730411411.108055,5.0
1730411411.1125767,5.0
1730411411.115203,5.0
1730411411.119663,5.0
1730411411.124271,5.0
1730411411.128342,5.0
1730411411.1320286,5.0
1730411411.1361291,5.0
1730411411.14008,5.0
1730411411.1429696,5.0
1730411411.14695,5.0
1730411411.1519606,5.0
1730411411.1559556,5.0
1730411411.15996,5.0
1730411411.1639607,5.0
1730411411.1679668,5.0
1730411411.170961,5.0
1730411411.174984,5.0
1730411411.179999,5.0
1730411411.1839857,5.0
1730411411.187969,5.0
1730411411.1920128,5.0
1730411411.1949816,5.0
1730411411.1990087,5.0
1730411411.2030156,5.0
1730411411.207006,5.0
1730411411.2120583,5.0
1730411411.2160308,5.0
1730411411.2190456,5.0
1730411411.2230685,5.0
1730411411.2270367,5.0
1730411411.2310371,5.0
1730411411.235114,5.0
1730411411.2400787,5.0
1730411411.2440896,5.0
1730411411.2470877,5.0
1730411411.251119,5.0
1730411411.2551556,5.0
1730411411.259116,5.0
1730411411.2631557,5.0
1730411411.267167,5.0
1730411411.2721288,5.0
1730411411.275175,5.0
1730411411.2791777,5.0
1730411411.2831438,5.0
1730411411.2871656,5.0
1730411411.291168,5.0
1730411411.296182,5.0
1730411411.3002017,5.0
1730411411.303195,5.0
1730411411.3073356,5.0
1730411411.311386,5.0
1730411411.315389,5.0
1730411411.319394,5.0
1730411411.3241951,5.0
1730411411.329463,5.0
1730411411.333392,5.0
1730411411.33676,5.0
1730411411.3393295,5.0
1730411411.3440063,5.0
1730411411.3475113,5.0
1730411411.3529403,5.0
1730411411.3557842,5.0
1730411411.3584604,5.0
1730411411.3638892,5.0
1730411411.367396,5.0
1730411411.3719473,5.0
1730411411.3753972,5.0
1730411411.381008,5.0
1730411411.3835168,5.0
1730411411.386892,5.0
1730411411.391404,5.0
1730411411.3958764,5.0
1730411411.3994043,5.0
1730411411.4037087,5.0
1730411411.4073884,5.0
1730411411.411688,5.0
1730411411.414921,5.0
1730411411.4196715,5.0
1730411411.4240563,5.0
1730411411.4275522,5.0
1730411411.4317284,5.0
1730411411.4369674,5.0
1730411411.4399128,5.0
1730411411.442518,5.0
1730411411.4476345,5.0
1730411411.4521286,5.0
1730411411.455717,5.0
1730411411.4597654,5.0
1730411411.4639666,5.0
1730411411.4666264,5.0
1730411411.4707122,5.0
1730411411.4755504,5.0
1730411411.4798417,5.0
1730411411.4836917,5.0
1730411411.4876647,5.0
1730411411.4907331,5.0
1730411411.4947567,5.0
1730411411.4988797,5.0
1730411411.503827,5.0
1730411411.5075417,5.0
1730411411.5118315,5.0
1730411411.51563,5.0
1730411411.518684,5.0
1730411411.5225852,5.0
1730411411.5266287,5.0
1730411411.5307703,5.0
1730411411.5357084,5.0
1730411411.5397663,5.0
1730411411.5437107,5.0
1730411411.546742,5.0
1730411411.5506856,5.0
1730411411.5547793,5.0
1730411411.5585904,5.0
1730411411.5637968,5.0
1730411411.5678213,5.0
1730411411.570856,5.0
1730411411.574617,5.0
1730411411.578854,5.0
1730411411.58267,5.0
1730411411.5867205,5.0
1730411411.5907564,5.0
1730411411.5957825,5.0
1730411411.598894,5.0
1730411411.6028776,5.0
1730411411.606854,5.0
1730411411.61093,5.0
1730411411.6152966,5.0
1730411411.6193695,5.0
1730411411.624122,5.0
1730411411.6268983,5.0
1730411411.6313865,5.0
1730411411.6350992,5.0
1730411411.6394556,5.0
1730411411.6429777,5.0
1730411411.6469188,5.0
1730411411.651965,5.0
1730411411.6549792,5.0
1730411411.658924,5.0
1730411411.6630068,5.0
1730411411.666885,5.0
1730411411.6709812,5.0
1730411411.6748488,5.0
1730411411.6800132,5.0
1730411411.682891,5.0
1730411411.6867645,5.0
1730411411.690834,5.0
1730411411.6954224,5.0
1730411411.6990454,5.0
1730411411.7028477,5.0
1730411411.7069776,5.0
1730411411.7102983,5.0
1730411411.7144349,5.0
1730411411.7189834,5.0
1730411411.7232418,5.0
1730411411.727063,5.0
1730411411.731567,5.0
1730411411.7349966,5.0
1730411411.7387197,5.0
1730411411.7419252,5.0
1730411411.7471783,5.0
1730411411.751102,5.0
1730411411.75555,5.0
1730411411.7590544,5.0
1730411411.762558,5.0
1730411411.7660532,5.0
1730411411.7704191,5.0
1730411411.775105,5.0
1730411411.7793243,5.0
1730411411.7831533,5.0
1730411411.7863033,5.0
1730411411.7904248,5.0
1730411411.79574,5.0
1730411411.8012097,5.0
1730411411.804607,5.0
1730411411.8072054,5.0
1730411411.8106208,5.0
1730411411.814207,5.0
1730411411.8195827,5.0
1730411411.8234072,5.0
1730411411.8272357,5.0
1730411411.8302016,5.0
1730411411.834093,5.0
1730411411.8388538,5.0
1730411411.8421304,5.0
1730411411.847269,5.0
1730411411.8513255,5.0
1730411411.8547297,5.0
1730411411.85825,5.0
1730411411.862785,5.0
1730411411.866154,5.0
1730411411.8706844,5.0
1730411411.8751488,5.0
1730411411.8793223,5.0
1730411411.8823707,5.0
1730411411.886377,5.0
1730411411.8904915,5.0
1730411411.8946073,5.0
1730411411.898531,5.0
1730411411.902799,5.0
1730411411.907261,5.0
1730411411.9108171,5.0
1730411411.914782,5.0
1730411411.9184012,5.0
1730411411.9224489,5.0
1730411411.9264464,5.0
1730411411.9306767,5.0
1730411411.935878,5.0
1730411411.938336,5.0
1730411411.9422588,5.0
1730411411.9467213,5.0
1730411411.9502454,5.0
1730411411.9545455,5.0
1730411411.958332,5.0
1730411411.9627771,5.0
1730411411.965691,5.0
1730411411.9706228,5.0
1730411411.974268,5.0
1730411411.9783027,5.0
1730411411.982208,5.0
1730411411.986238,5.0
1730411411.9903548,5.0
1730411411.9932568,5.0
1730411411.9982507,5.0
1730411412.0023017,5.0
1730411412.0062945,5.0
1730411412.010281,5.0
1730411412.0142727,5.0
1730411412.0182655,5.0
1730411412.0212846,5.0
1730411412.0253427,5.0
1730411412.0303135,5.0
1730411412.0343587,5.0
1730411412.0383718,5.0
1730411412.0424137,5.0
1730411412.0464451,5.0
1730411412.0493324,5.0
1730411412.053377,5.0
1730411412.058401,5.0
1730411412.062424,5.0
1730411412.0663824,5.0
1730411412.0703726,5.0
1730411412.0734158,5.0
1730411412.0775745,5.0
1730411412.0816336,5.0
1730411412.0866077,5.0
1730411412.0905595,5.0
1730411412.0946512,5.0
1730411412.097573,5.0
1730411412.1016624,5.0
1730411412.105911,5.0
1730411412.1095943,5.0
1730411412.1137033,5.0
1730411412.1185296,5.0
1730411412.1227791,5.0
1730411412.125568,5.0
1730411412.129854,5.0
1730411412.133536,5.0
1730411412.13767,5.0
1730411412.1415057,5.0
1730411412.1466565,5.0
1730411412.1506612,5.0
1730411412.1540072,5.0
1730411412.1576304,5.0
1730411412.1620147,5.0
1730411412.165656,5.0
1730411412.1700597,5.0
1730411412.1746695,5.0
1730411412.179366,5.0
1730411412.18205,5.0
1730411412.1858644,5.0
1730411412.1897752,5.0
1730411412.194128,5.0
1730411412.19782,5.0
1730411412.2028525,5.0
1730411412.2056117,5.0
1730411412.210462,5.0
1730411412.2140782,5.0
1730411412.2178483,5.0
1730411412.2216718,5.0
1730411412.2258337,5.0
1730411412.2313411,5.0
1730411412.233704,5.0
1730411412.237094,5.0
1730411412.2417996,5.0
1730411412.246101,5.0
1730411412.249752,5.0
1730411412.2539654,5.0
1730411412.258728,5.0
1730411412.2620125,5.0
1730411412.264963,5.0
1730411412.270249,5.0
1730411412.2739449,5.0
1730411412.2779574,5.0
1730411412.282081,5.0
1730411412.2871144,5.0
1730411412.2901213,5.0
1730411412.293102,5.0
1730411412.2979743,5.0
1730411412.302462,5.0
1730411412.3061328,5.0
1730411412.3104532,5.0
1730411412.314358,5.0
1730411412.3168309,5.0
1730411412.3213985,5.0
1730411412.3259325,5.0
1730411412.3303823,5.0
1730411412.333872,5.0
1730411412.3381264,5.0
1730411412.340963,5.0
1730411412.3454783,5.0
1730411412.3488955,5.0
1730411412.353155,5.0
1730411412.357928,5.0
1730411412.3623917,5.0
1730411412.366001,5.0
1730411412.369594,5.0
1730411412.3735976,5.0
1730411412.377022,5.0
1730411412.381416,5.0
1730411412.3860536,5.0
1730411412.3902872,5.0
1730411412.3941555,5.0
1730411412.397064,5.0
1730411412.4012177,5.0
1730411412.4054315,5.0
1730411412.40901,5.0
1730411412.414429,5.0
1730411412.4180613,5.0
1730411412.4212265,5.0
1730411412.4250524,5.0
1730411412.4295168,5.0
1730411412.43304,5.0
1730411412.4371967,5.0
1730411412.4410484,5.0
1730411412.446669,5.0
1730411412.449278,5.0
1730411412.45362,5.0
1730411412.4570425,5.0
1730411412.461358,5.0
1730411412.465248,5.0
1730411412.469287,5.0
1730411412.4740644,5.0
1730411412.477209,5.0
1730411412.4814591,5.0
1730411412.485757,5.0
1730411412.4892845,5.0
1730411412.4936595,5.0
1730411412.497216,5.0
1730411412.5026114,5.0
1730411412.5055778,5.0
1730411412.5091224,5.0
1730411412.5136385,5.0
1730411412.5171237,5.0
1730411412.5214305,5.0
1730411412.525154,5.0
1730411412.530579,5.0
1730411412.533223,5.0
1730411412.5365355,5.0
1730411412.541106,5.0
1730411412.5457292,5.0
1730411412.5491989,5.0
1730411412.553795,5.0
1730411412.55815,5.0
1730411412.561721,5.0
1730411412.5655131,5.0
1730411412.56945,5.0
1730411412.573512,5.0
1730411412.5773325,5.0
1730411412.581545,5.0
1730411412.585861,5.0
1730411412.588323,5.0
1730411412.5922315,5.0
1730411412.597273,5.0
1730411412.6015222,5.0
1730411412.605634,5.0
1730411412.609403,5.0
1730411412.6138744,5.0
1730411412.6162293,5.0
1730411412.6211803,5.0
1730411412.625236,5.0
1730411412.6298,5.0
1730411412.6333096,5.0
1730411412.637327,5.0
1730411412.6405475,5.0
1730411412.6445696,5.0
1730411412.6485815,5.0
1730411412.6537893,5.0
1730411412.657244,5.0
1730411412.661465,5.0
1730411412.6647248,5.0
1730411412.668878,5.0
1730411412.6725707,5.0
1730411412.6764977,5.0
1730411412.6818888,5.0
1730411412.6858797,5.0
1730411412.6896796,5.0
1730411412.69235,5.0
1730411412.696524,5.0
1730411412.7003856,5.0
1730411412.7044923,5.0
1730411412.7095256,5.0
1730411412.7135315,5.0
1730411412.7174895,5.0
1730411412.7207716,5.0
1730411412.7244155,5.0
1730411412.7290227,5.0
1730411412.7325144,5.0
1730411412.7368708,5.0
1730411412.7414246,5.0
1730411412.745926,5.0
1730411412.7488887,5.0
1730411412.752638,5.0
1730411412.7568333,5.0
1730411412.760647,5.0
1730411412.7649004,5.0
1730411412.7697315,5.0
1730411412.7726064,5.0
1730411412.7766988,5.0
1730411412.780939,5.0
1730411412.784767,5.0
1730411412.7891147,5.0
1730411412.792646,5.0
1730411412.797642,5.0
1730411412.8004687,5.0
1730411412.803842,5.0
1730411412.8084643,5.0
1730411412.8129792,5.0
1730411412.8166149,5.0
1730411412.8210166,5.0
1730411412.825647,5.0
1730411412.8286765,5.0
1730411412.8325212,5.0
1730411412.836753,5.0
1730411412.840531,5.0
1730411412.8450334,5.0
1730411412.8488357,5.0
1730411412.8528848,5.0
1730411412.8568566,5.0
1730411412.860142,5.0
1730411412.8651354,5.0
1730411412.8693469,5.0
1730411412.8732195,5.0
1730411412.8771524,5.0
1730411412.8810363,5.0
1730411412.88515,5.0
1730411412.8878272,5.0
1730411412.8929205,5.0
1730411412.8967345,5.0
1730411412.900627,5.0
1730411412.9050546,5.0
1730411412.9076447,5.0
1730411412.9122777,5.0
1730411412.915708,5.0
1730411412.920863,5.0
1730411412.9248388,5.0
1730411412.9290156,5.0
1730411412.932623,5.0
1730411412.9361482,5.0
1730411412.9400852,5.0
1730411412.943931,5.0
1730411412.947704,5.0
1730411412.9526627,5.0
1730411412.957626,5.0
1730411412.9616668,5.0
1730411412.9646728,5.0
1730411412.9677153,5.0
1730411412.9716814,5.0
1730411412.9757202,5.0
1730411412.9807494,5.0
1730411412.9849477,5.0
1730411412.9889286,5.0
1730411412.9920895,5.0
1730411412.996008,5.0
1730411412.9998424,5.0
1730411413.004049,5.0
1730411413.008953,5.0
1730411413.0131526,5.0
1730411413.0157788,5.0
1730411413.020101,5.0
1730411413.0238347,5.0
1730411413.0280998,5.0
1730411413.0318727,5.0
1730411413.0370066,5.0
1730411413.0408783,5.0
1730411413.0441484,5.0
1730411413.0483336,5.0
1730411413.0525715,5.0
1730411413.0560725,5.0
1730411413.0603647,5.0
1730411413.0650196,5.0
1730411413.069125,5.0
1730411413.0723667,5.0
1730411413.0760577,5.0
1730411413.0800474,5.0
1730411413.084068,5.0
1730411413.0880475,5.0
1730411413.0920606,5.0
1730411413.0969243,5.0
1730411413.1000617,5.0
1730411413.1040654,5.0
1730411413.1079342,5.0
1730411413.112058,5.0
1730411413.1160157,5.0
1730411413.120352,5.0
1730411413.1240022,5.0
1730411413.1271443,5.0
1730411413.1316829,5.0
1730411413.1362717,5.0
1730411413.1403637,5.0
1730411413.1443577,5.0
1730411413.148098,5.0
1730411413.1523368,5.0
1730411413.1555617,5.0
1730411413.159341,5.0
1730411413.1641307,5.0
1730411413.1683884,5.0
1730411413.172562,5.0
1730411413.1763704,5.0
1730411413.1793091,5.0
1730411413.1831968,5.0
1730411413.1872444,5.0
1730411413.1921637,5.0
1730411413.1965885,5.0
1730411413.200056,5.0
1730411413.2044044,5.0
1730411413.207111,5.0
1730411413.2112317,5.0
1730411413.215114,5.0
1730411413.2202556,5.0
1730411413.224082,5.0
1730411413.2282531,5.0
1730411413.2312913,5.0
1730411413.2351832,5.0
1730411413.239516,5.0
1730411413.243605,5.0
1730411413.249158,5.0
1730411413.252422,5.0
1730411413.2561924,5.0
1730411413.2595055,5.0
1730411413.263414,5.0
1730411413.2672243,5.0
1730411413.2714567,5.0
1730411413.2765884,5.0
1730411413.28065,5.0
1730411413.2845182,5.0
1730411413.2873287,5.0
1730411413.2912252,5.0
1730411413.2957394,5.0
1730411413.2991962,5.0
1730411413.3036137,5.0
1730411413.308342,5.0
1730411413.3127425,5.0
1730411413.315305,5.0
1730411413.3195946,5.0
1730411413.323642,5.0
1730411413.3274236,5.0
1730411413.3317215,5.0
1730411413.3362167,5.0
1730411413.3403587,5.0
1730411413.343638,5.0
1730411413.3474205,5.0
1730411413.3519983,5.0
1730411413.3556647,5.0
1730411413.360015,5.0
1730411413.3648148,5.0
1730411413.3674755,5.0
1730411413.370613,5.0
1730411413.3753266,5.0
1730411413.379464,5.0
1730411413.3833127,5.0
1730411413.387363,5.0
1730411413.3925471,5.0
1730411413.3955011,5.0
1730411413.3993316,5.0
1730411413.4033203,5.0
1730411413.407342,5.0
1730411413.4113395,5.0
1730411413.41539,5.0
1730411413.4203868,5.0
1730411413.4233243,5.0
1730411413.427595,5.0
1730411413.4313989,5.0
1730411413.4354005,5.0
1730411413.4394915,5.0
1730411413.4435112,5.0
1730411413.4483976,5.0
1730411413.4515076,5.0
1730411413.454408,5.0
1730411413.458419,5.0
1730411413.4634025,5.0
1730411413.4675343,5.0
1730411413.4715357,5.0
1730411413.4756155,5.0
1730411413.4786146,5.0
1730411413.4824033,5.0
1730411413.4875512,5.0
1730411413.4914868,5.0
1730411413.4956703,5.0
1730411413.4994576,5.0
1730411413.5026517,5.0
1730411413.5067568,5.0
1730411413.510689,5.0
1730411413.5147352,5.0
1730411413.5196805,5.0
1730411413.5235176,5.0
1730411413.5278833,5.0
1730411413.5307949,5.0
1730411413.5348933,5.0
1730411413.5387993,5.0
1730411413.5437813,5.0
1730411413.5479033,5.0
1730411418.565107,5.0
1730411418.569121,5.0
1730411418.5731027,5.0
1730411418.5772843,5.0
1730411418.5801706,5.0
1730411418.5852313,5.0
1730411418.5891168,5.0
1730411418.5932555,5.0
1730411418.597106,5.0
1730411418.6002142,5.0
1730411418.6042838,5.0
1730411418.6083047,5.0
1730411418.612286,5.0
1730411418.617154,5.0
1730411418.6211317,5.0
1730411418.625167,5.0
1730411418.628235,5.0
1730411418.632299,5.0
1730411418.6363287,5.0
1730411418.6403532,5.0
1730411418.6453457,5.0
1730411418.649328,5.0
1730411418.6533644,5.0
1730411418.6562276,5.0
1730411418.6603577,5.0
1730411418.6642013,5.0
1730411418.668382,5.0
1730411418.6733928,5.0
1730411418.6773849,5.0
1730411418.681318,5.0
1730411418.684411,5.0
1730411418.688474,5.0
1730411418.6924195,5.0
1730411418.6964464,5.0
1730411418.70045,5.0
1730411418.7053096,5.0
1730411418.7094116,5.0
1730411418.7124846,5.0
1730411418.716404,5.0
1730411418.720429,5.0
1730411418.7244987,5.0
1730411418.7285137,5.0
1730411418.7335453,5.0
1730411418.7364984,5.0
1730411418.7404969,5.0
1730411418.7445197,5.0
1730411418.7484114,5.0
1730411418.752506,5.0
1730411418.7563891,5.0
1730411418.761578,5.0
1730411418.7643812,5.0
1730411418.7686286,5.0
1730411418.7724144,5.0
1730411418.7766166,5.0
1730411418.7804627,5.0
1730411418.784628,5.0
1730411418.7904863,5.0
1730411418.7934816,5.0
1730411418.7964349,5.0
1730411418.800522,5.0
1730411418.804603,5.0
1730411418.8085709,5.0
1730411418.8125875,5.0
1730411418.8156075,5.0
1730411418.8196788,5.0
1730411418.8236115,5.0
1730411418.827665,5.0
1730411418.8326983,5.0
1730411418.8371108,5.0
1730411418.84085,5.0
1730411418.844679,5.0
1730411418.8476028,5.0
1730411418.8516915,5.0
1730411418.8566234,5.0
1730411418.8605883,5.0
1730411418.8644965,5.0
1730411418.8687184,5.0
1730411418.8717096,5.0
1730411418.8755348,5.0
1730411418.8796933,5.0
1730411418.8837476,5.0
1730411418.8885531,5.0
1730411418.8926113,5.0
1730411418.896766,5.0
1730411418.8997607,5.0
1730411418.9038746,5.0
1730411418.9078865,5.0
1730411418.9119017,5.0
1730411418.9169211,5.0
1730411418.9207315,5.0
1730411418.923788,5.0
1730411418.9277134,5.0
1730411418.9317183,5.0
1730411418.9357069,5.0
1730411418.939662,5.0
1730411418.9449117,5.0
1730411418.9488635,5.0
1730411418.9517715,5.0
1730411418.9556797,5.0
1730411418.9597895,5.0
1730411418.9636698,5.0
1730411418.9678411,5.0
1730411418.972767,5.0
1730411418.9768958,5.0
1730411418.9798958,5.0
1730411418.9838974,5.0
1730411418.9879029,5.0
1730411418.9919088,5.0
1730411418.995836,5.0
1730411419.0009892,5.0
1730411419.004783,5.0
1730411419.007988,5.0
1730411419.0118396,5.0
1730411419.015769,5.0
1730411419.020143,5.0
1730411419.0240383,5.0
1730411419.0290267,5.0
1730411419.0321383,5.0
1730411419.0350416,5.0
1730411419.0398307,5.0
1730411419.044286,5.0
1730411419.0479467,5.0
1730411419.0520668,5.0
1730411419.0559993,5.0
1730411419.0601325,5.0
1730411419.0630815,5.0
1730411419.0681448,5.0
1730411419.0719745,5.0
1730411419.0761998,5.0
1730411419.0802193,5.0
1730411419.0842054,5.0
1730411419.088294,5.0
1730411419.0911093,5.0
1730411419.0963967,5.0
1730411419.1003308,5.0
1730411419.1040463,5.0
1730411419.1081877,5.0
1730411419.112177,5.0
1730411419.115086,5.0
1730411419.119135,5.0
1730411419.1231642,5.0
1730411419.128036,5.0
1730411419.1321387,5.0
1730411419.136031,5.0
1730411419.1401248,5.0
1730411419.1431222,5.0
1730411419.1470056,5.0
1730411419.1511571,5.0
1730411419.1560457,5.0
1730411419.1601512,5.0
1730411419.16403,5.0
1730411419.1671624,5.0
1730411419.171176,5.0
1730411419.1750772,5.0
1730411419.1791725,5.0
1730411419.183223,5.0
1730411419.1882288,5.0
1730411419.1922176,5.0
1730411419.1952045,5.0
1730411419.199222,5.0
1730411419.203235,5.0
1730411419.207229,5.0
1730411419.2112668,5.0
1730411419.2163093,5.0
1730411419.220265,5.0
1730411419.2232606,5.0
1730411419.2272708,5.0
1730411419.231155,5.0
1730411419.2353506,5.0
1730411419.2391107,5.0
1730411419.2443557,5.0
1730411419.2483127,5.0
1730411419.251394,5.0
1730411419.2551908,5.0
1730411419.2594142,5.0
1730411419.2633758,5.0
1730411419.2673693,5.0
1730411419.2722008,5.0
1730411419.2754135,5.0
1730411419.279451,5.0
1730411419.2834387,5.0
1730411419.287438,5.0
1730411419.291378,5.0
1730411419.295496,5.0
1730411419.300426,5.0
1730411419.3034256,5.0
1730411419.3063352,5.0
1730411419.311484,5.0
1730411419.315464,5.0
1730411419.3193936,5.0
1730411419.3234131,5.0
1730411419.328451,5.0
1730411419.3313189,5.0
1730411419.335493,5.0
1730411419.3393748,5.0
1730411419.3433948,5.0
1730411419.3474476,5.0
1730411419.3519857,5.0
1730411419.3553405,5.0
1730411419.3598025,5.0
1730411419.3628552,5.0
1730411419.3679595,5.0
1730411419.3717067,5.0
1730411419.3756647,5.0
1730411419.379413,5.0
1730411419.3827865,5.0
1730411419.3866642,5.0
1730411419.3906045,5.0
1730411419.3955731,5.0
1730411419.3995528,5.0
1730411419.4035702,5.0
1730411419.4075494,5.0
1730411419.4105663,5.0
1730411419.4144723,5.0
1730411419.4185748,5.0
1730411419.4224997,5.0
1730411419.4276068,5.0
1730411419.4316268,5.0
1730411419.4365816,5.0
1730411419.4406707,5.0
1730411419.4436483,5.0
1730411419.4467218,5.0
1730411419.4508054,5.0
1730411419.4554927,5.0
1730411419.4599712,5.0
1730411419.4635515,5.0
1730411419.4670277,5.0
1730411419.4708135,5.0
1730411419.4747183,5.0
1730411419.4788716,5.0
1730411419.4837031,5.0
1730411419.487915,5.0
1730411419.4913378,5.0
1730411419.4953432,5.0
1730411419.4987593,5.0
1730411419.5030856,5.0
1730411419.5066829,5.0
1730411419.5120542,5.0
1730411419.5157945,5.0
1730411419.518865,5.0
1730411419.523795,5.0
1730411419.5270405,5.0
1730411419.530621,5.0
1730411419.5349967,5.0
1730411419.5387652,5.0
1730411419.5438104,5.0
1730411419.5468216,5.0
1730411419.5508623,5.0
1730411419.5552504,5.0
1730411419.559307,5.0
1730411419.5631073,5.0
1730411419.567284,5.0
1730411419.5718577,5.0
1730411419.5754902,5.0
1730411419.5793526,5.0
1730411419.5829887,5.0
1730411419.5869436,5.0
1730411419.5908587,5.0
1730411419.5960128,5.0
1730411419.5988762,5.0
1730411419.6023011,5.0
1730411419.606808,5.0
1730411419.6112251,5.0
1730411419.614756,5.0
1730411419.6190567,5.0
1730411419.622857,5.0
1730411419.6273954,5.0
1730411419.6302247,5.0
1730411419.6354115,5.0
1730411419.6388528,5.0
1730411419.6430235,5.0
1730411419.646845,5.0
1730411419.6520512,5.0
1730411419.655101,5.0
1730411419.6585677,5.0
1730411419.662272,5.0
1730411419.6671126,5.0
1730411419.671461,5.0
1730411419.6755648,5.0
1730411419.6792667,5.0
1730411419.6830795,5.0
1730411419.6865015,5.0
1730411419.691486,5.0
1730411419.6950269,5.0
1730411419.6990447,5.0
1730411419.7030835,5.0
1730411419.707013,5.0
1730411419.71149,5.0
1730411419.7139192,5.0
1730411419.7183766,5.0
1730411419.7229524,5.0
1730411419.7275171,5.0
1730411419.730957,5.0
1730411419.7343538,5.0
1730411419.738242,5.0
1730411419.7421668,5.0
1730411419.7464204,5.0
1730411419.751572,5.0
1730411419.755021,5.0
1730411419.7590692,5.0
1730411419.7620296,5.0
1730411419.7661812,5.0
1730411419.7705925,5.0
1730411419.7742205,5.0
1730411419.7792883,5.0
1730411419.7832077,5.0
1730411419.7873363,5.0
1730411419.7900827,5.0
1730411419.794727,5.0
1730411419.798016,5.0
1730411419.8027108,5.0
1730411419.8072352,5.0
1730411419.811344,5.0
1730411419.8151803,5.0
1730411419.8185644,5.0
1730411419.822049,5.0
1730411419.8264818,5.0
1730411419.8301396,5.0
1730411419.8355768,5.0
1730411419.8391483,5.0
1730411419.8423407,5.0
1730411419.8464825,5.0
1730411419.850757,5.0
1730411419.854303,5.0
1730411419.8583057,5.0
1730411419.862326,5.0
1730411419.867376,5.0
1730411419.8701868,5.0
1730411419.8731716,5.0
1730411419.8782551,5.0
1730411419.8822303,5.0
1730411419.8862684,5.0
1730411419.890279,5.0
1730411419.8953395,5.0
1730411419.8982756,5.0
1730411419.9026756,5.0
1730411419.9062033,5.0
1730411419.91066,5.0
1730411419.9141526,5.0
1730411419.9187336,5.0
1730411419.9231813,5.0
1730411419.926839,5.0
1730411419.9297569,5.0
1730411419.9342823,5.0
1730411419.9381895,5.0
1730411419.9425633,5.0
1730411419.9466596,5.0
1730411419.9505365,5.0
1730411419.9533584,5.0
1730411419.9576008,5.0
1730411419.9626348,5.0
1730411419.9667523,5.0
1730411419.9707358,5.0
1730411419.974495,5.0
1730411419.9777615,5.0
1730411419.9814048,5.0
1730411419.9856513,5.0
1730411419.990404,5.0
1730411419.9945276,5.0
1730411419.9983828,5.0
1730411420.0026827,5.0
1730411420.0063272,5.0
1730411420.0096087,5.0
1730411420.0133672,5.0
1730411420.0177245,5.0
1730411420.0224388,5.0
1730411420.0268972,5.0
1730411420.03044,5.0
1730411420.0346775,5.0
1730411420.0379896,5.0
1730411420.0416403,5.0
1730411420.0466633,5.0
1730411420.0506856,5.0
1730411420.0548391,5.0
1730411420.057996,5.0
1730411420.0616307,5.0
1730411420.0657592,5.0
1730411420.06995,5.0
1730411420.0735304,5.0
1730411420.0787354,5.0
1730411420.0826807,5.0
1730411420.0857573,5.0
1730411420.0907056,5.0
1730411420.0951705,5.0
1730411420.0984423,5.0
1730411420.1018872,5.0
1730411420.1054246,5.0
1730411420.11001,5.0
1730411420.1135364,5.0
1730411420.117754,5.0
1730411420.122539,5.0
1730411420.1258123,5.0
1730411420.1297967,5.0
1730411420.133643,5.0
1730411420.137751,5.0
1730411420.1417508,5.0
1730411420.1457057,5.0
1730411420.1507812,5.0
1730411420.153658,5.0
1730411420.157623,5.0
1730411420.1616516,5.0
1730411420.1656911,5.0
1730411420.1697402,5.0
1730411420.173731,5.0
1730411420.1787472,5.0
1730411420.181661,5.0
1730411420.185974,5.0
1730411420.1896975,5.0
1730411420.193786,5.0
1730411420.1975913,5.0
1730411420.2019644,5.0
1730411420.2066767,5.0
1730411420.21004,5.0
1730411420.2136145,5.0
1730411420.2180464,5.0
1730411420.221695,5.0
1730411420.2259374,5.0
1730411420.2299156,5.0
1730411420.2338724,5.0
1730411420.2372751,5.0
1730411420.2414162,5.0
1730411420.2461193,5.0
1730411420.250155,5.0
1730411420.2537453,5.0
1730411420.2584608,5.0
1730411420.2622824,5.0
1730411420.2647486,5.0
1730411420.2690015,5.0
1730411420.2740145,5.0
1730411420.2779324,5.0
1730411420.281802,5.0
1730411420.286041,5.0
1730411420.288828,5.0
1730411420.292951,5.0
1730411420.2969644,5.0
1730411420.3023944,5.0
1730411420.3059042,5.0
1730411420.310372,5.0
1730411420.313776,5.0
1730411420.317816,5.0
1730411420.3212092,5.0
1730411420.325085,5.0
1730411420.3299348,5.0
1730411420.334074,5.0
1730411420.3387876,5.0
1730411420.3430395,5.0
1730411420.345971,5.0
1730411420.349109,5.0
1730411420.3529944,5.0
1730411420.3570564,5.0
1730411420.3618467,5.0
1730411420.3665197,5.0
1730411420.369392,5.0
1730411420.3728695,5.0
1730411420.3774457,5.0
1730411420.3809805,5.0
1730411420.385522,5.0
1730411420.389938,5.0
1730411420.393926,5.0
1730411420.3969362,5.0
1730411420.4014258,5.0
1730411420.4049397,5.0
1730411420.4091952,5.0
1730411420.4131303,5.0
1730411420.4172368,5.0
1730411420.421986,5.0
1730411420.4254909,5.0
1730411420.429052,5.0
1730411420.4331317,5.0
1730411420.437404,5.0
1730411420.4415724,5.0
1730411420.446222,5.0
1730411420.4497092,5.0
1730411420.4521737,5.0
1730411420.457343,5.0
1730411420.461334,5.0
1730411420.465232,5.0
1730411420.4693284,5.0
1730411420.47307,5.0
1730411420.4773943,5.0
1730411420.4801135,5.0
1730411420.4853091,5.0
1730411420.489136,5.0
1730411420.4932268,5.0
1730411420.4970272,5.0
1730411420.5014987,5.0
1730411420.505247,5.0
1730411420.5085611,5.0
1730411420.5130482,5.0
1730411420.5175424,5.0
1730411420.5215027,5.0
1730411420.5256326,5.0
1730411420.529597,5.0
1730411420.5333,5.0
1730411420.5365603,5.0
1730411420.5415988,5.0
1730411420.545689,5.0
1730411420.5497231,5.0
1730411420.5532832,5.0
1730411420.5561905,5.0
1730411420.560664,5.0
1730411420.564235,5.0
1730411420.5695868,5.0
1730411420.573228,5.0
1730411420.5777028,5.0
1730411420.5811715,5.0
1730411420.5847735,5.0
1730411420.5882044,5.0
1730411420.5923846,5.0
1730411420.5965097,5.0
1730411420.6017303,5.0
1730411420.6052594,5.0
1730411420.6093788,5.0
1730411420.6123805,5.0
1730411420.6167712,5.0
1730411420.6206944,5.0
1730411420.624962,5.0
1730411420.629545,5.0
1730411420.633338,5.0
1730411420.6377964,5.0
1730411420.6405177,5.0
1730411420.6444323,5.0
1730411420.648297,5.0
1730411420.6528027,5.0
1730411420.657993,5.0
1730411420.6617863,5.0
1730411420.664209,5.0
1730411420.6687083,5.0
1730411420.6724467,5.0
1730411420.6767368,5.0
1730411420.6802356,5.0
1730411420.6849124,5.0
1730411420.6892931,5.0
1730411420.6929476,5.0
1730411420.696493,5.0
1730411420.7006035,5.0
1730411420.704768,5.0
1730411420.7088988,5.0
1730411420.7129447,5.0
1730411420.7179792,5.0
1730411420.7206807,5.0
1730411420.725649,5.0
1730411420.7287717,5.0
1730411420.7330952,5.0
1730411420.7366693,5.0
1730411420.7407212,5.0
1730411420.7456467,5.0
1730411420.7485716,5.0
1730411420.753122,5.0
1730411420.7565389,5.0
1730411420.7608178,5.0
1730411420.764379,5.0
1730411420.768916,5.0
1730411420.7735302,5.0
1730411420.7769268,5.0
1730411420.780426,5.0
1730411420.784988,5.0
1730411420.7885163,5.0
1730411420.7926493,5.0
1730411420.7964766,5.0
1730411420.799692,5.0
1730411420.8035808,5.0
1730411420.807604,5.0
1730411420.8135097,5.0
1730411420.8166544,5.0
1730411420.8207133,5.0
1730411420.824659,5.0
1730411420.8286345,5.0
1730411420.831578,5.0
1730411420.8356664,5.0
1730411420.8405137,5.0
1730411420.844653,5.0
1730411420.848637,5.0
1730411420.8526523,5.0
1730411420.855471,5.0
1730411420.8596103,5.0
1730411420.863516,5.0
1730411420.8687005,5.0
1730411420.8724985,5.0
1730411420.876756,5.0
1730411420.880561,5.0
1730411420.8837447,5.0
1730411420.8877397,5.0
1730411420.8917649,5.0
1730411420.8958223,5.0
1730411420.9008336,5.0
1730411420.9046082,5.0
1730411420.9088323,5.0
1730411420.911858,5.0
1730411420.915759,5.0
1730411420.920258,5.0
1730411420.9239676,5.0
1730411420.929207,5.0
1730411420.932786,5.0
1730411420.9357991,5.0
1730411420.9399638,5.0
1730411420.9437857,5.0
1730411420.947847,5.0
1730411420.9519985,5.0
1730411420.956974,5.0
1730411420.9612389,5.0
1730411420.963728,5.0
1730411420.9682517,5.0
1730411420.9717202,5.0
1730411420.976083,5.0
1730411420.9797847,5.0
1730411420.9853723,5.0
1730411420.9888468,5.0
1730411420.992066,5.0
1730411420.996039,5.0
1730411421.000392,5.0
1730411421.0038335,5.0
1730411421.008365,5.0
1730411421.0128925,5.0
1730411421.016415,5.0
1730411421.0198636,5.0
1730411421.0241382,5.0
1730411421.028334,5.0
1730411421.0320532,5.0
1730411421.0363858,5.0
1730411421.0415769,5.0
1730411421.0443926,5.0
1730411421.0470011,5.0
1730411421.0520685,5.0
1730411421.0558372,5.0
1730411421.060397,5.0
1730411421.0644171,5.0
1730411421.0683875,5.0
1730411421.0718777,5.0
1730411421.0754597,5.0
1730411421.0807047,5.0
1730411421.0842564,5.0
1730411421.0880277,5.0
1730411421.0921507,5.0
1730411421.096268,5.0
1730411421.1002245,5.0
1730411421.1030717,5.0
1730411421.108605,5.0
1730411421.1120608,5.0
1730411421.1164804,5.0
1730411421.1205473,5.0
1730411421.1242564,5.0
1730411421.1285782,5.0
1730411421.1309729,5.0
1730411421.136099,5.0
1730411421.1400945,5.0
1730411421.144144,5.0
1730411421.1481004,5.0
1730411421.1510987,5.0
1730411421.1549935,5.0
1730411421.159161,5.0
1730411421.162976,5.0
1730411421.1681547,5.0
1730411421.172067,5.0
1730411421.176525,5.0
1730411421.1793263,5.0
1730411421.183252,5.0
1730411421.1873472,5.0
1730411421.1915455,5.0
1730411421.196206,5.0
1730411421.2003758,5.0
1730411421.2044983,5.0
1730411421.2078242,5.0
1730411421.2112007,5.0
1730411421.2153864,5.0
1730411421.2193737,5.0
1730411421.224098,5.0
1730411421.2287512,5.0
1730411421.2326784,5.0
1730411421.2353628,5.0
1730411421.2391012,5.0
1730411421.2433052,5.0
1730411421.247295,5.0
1730411421.252938,5.0
1730411421.2561572,5.0
1730411421.2592952,5.0
1730411421.2632625,5.0
1730411421.2676554,5.0
1730411421.27133,5.0
1730411421.2754953,5.0
1730411421.2801316,5.0
1730411421.2848392,5.0
1730411421.2877195,5.0
1730411421.2914927,5.0
1730411421.29548,5.0
1730411421.299832,5.0
1730411421.3033116,5.0
1730411421.3076055,5.0
1730411421.312513,5.0
1730411421.3155508,5.0
1730411421.3192952,5.0
1730411421.3233993,5.0
1730411421.327911,5.0
1730411421.3312645,5.0
1730411421.3358955,5.0
1730411421.34102,5.0
1730411421.343403,5.0
1730411421.347411,5.0
1730411421.3515968,5.0
1730411421.3552763,5.0
1730411421.3595912,5.0
1730411421.3633516,5.0
1730411421.3677397,5.0
1730411421.3705409,5.0
1730411421.3749208,5.0
1730411421.379604,5.0
1730411421.3833516,5.0
1730411421.3875318,5.0
1730411421.3916311,5.0
1730411421.3960342,5.0
1730411421.3985603,5.0
1730411421.40351,5.0
1730411421.4080155,5.0
1730411421.4116518,5.0
1730411421.4161167,5.0
1730411421.4199169,5.0
1730411421.4225476,5.0
1730411421.4265146,5.0
1730411421.43036,5.0
1730411421.4357803,5.0
1730411421.439457,5.0
1730411421.443518,5.0
1730411421.44742,5.0
1730411421.4510522,5.0
1730411421.4546576,5.0
1730411421.4588397,5.0
1730411421.4634795,5.0
1730411421.4678972,5.0
1730411421.4715393,5.0
1730411421.4751644,5.0
1730411421.4792445,5.0
1730411421.483191,5.0
1730411421.486732,5.0
1730411421.4911106,5.0
1730411421.4957902,5.0
1730411421.50001,5.0
1730411421.5031123,5.0
1730411421.5066352,5.0
1730411421.51103,5.0
1730411421.5144937,5.0
1730411421.5187745,5.0
1730411421.5236828,5.0
1730411421.528025,5.0
1730411421.530575,5.0
1730411421.5348856,5.0
1730411421.5385249,5.0
1730411421.5430837,5.0
1730411421.5466168,5.0
1730411421.552009,5.0
1730411421.555608,5.0
1730411421.5590436,5.0
1730411421.5627313,5.0
1730411421.5670636,5.0
1730411421.5709488,5.0
1730411421.5750525,5.0
1730411421.5796316,5.0
1730411421.5831025,5.0
1730411421.587054,5.0
1730411421.591154,5.0
1730411421.5951557,5.0
1730411421.5993636,5.0
1730411421.6028154,5.0
1730411421.6082869,5.0
1730411421.6110716,5.0
1730411421.6148615,5.0
1730411421.619182,5.0
1730411421.6226785,5.0
1730411421.6270428,5.0
1730411421.6307354,5.0
1730411421.6357515,5.0
1730411421.6387544,5.0
1730411421.6421733,5.0
1730411421.646731,5.0
1730411421.6513689,5.0
1730411421.6547348,5.0
1730411421.6589713,5.0
1730411421.663858,5.0
1730411421.66706,5.0
1730411421.6710205,5.0
1730411421.6750083,5.0
1730411421.6790292,5.0
1730411421.682969,5.0
1730411421.6874957,5.0
1730411421.6899612,5.0
1730411421.6939964,5.0
1730411421.6980045,5.0
1730411421.702896,5.0
1730411421.707013,5.0
1730411421.7110276,5.0
1730411421.7150252,5.0
1730411421.718016,5.0
1730411421.7217176,5.0
1730411421.725907,5.0
1730411421.7309933,5.0
1730411421.734985,5.0
1730411421.7388055,5.0
1730411421.743024,5.0
1730411421.745953,5.0
1730411421.7499883,5.0
1730411421.7539785,5.0
1730411421.7580285,5.0
1730411421.7628567,5.0
1730411421.7670393,5.0
1730411421.7709582,5.0
1730411421.775066,5.0
1730411421.778104,5.0
1730411421.7819643,5.0
1730411421.7858944,5.0
1730411421.791073,5.0
1730411421.7949636,5.0
1730411421.7981484,5.0
1730411421.8023608,5.0
1730411421.8060126,5.0
1730411421.810151,5.0
1730411421.8140268,5.0
1730411421.8191783,5.0
1730411421.823064,5.0
1730411421.8271804,5.0
1730411421.830016,5.0
1730411421.8341649,5.0
1730411421.838025,5.0
1730411421.8420036,5.0
1730411421.8470576,5.0
1730411421.8511834,5.0
1730411421.8541112,5.0
1730411421.8582048,5.0
1730411421.8622017,5.0
1730411421.8662505,5.0
1730411421.8702276,5.0
1730411421.874185,5.0
1730411421.8793163,5.0
1730411421.8823116,5.0
1730411421.8863,5.0
1730411421.890264,5.0
1730411421.894246,5.0
1730411421.8982522,5.0
1730411421.9022293,5.0
1730411421.9072275,5.0
1730411421.9102569,5.0
1730411421.9141877,5.0
1730411421.918318,5.0
1730411421.9221027,5.0
1730411421.9263096,5.0
1730411421.9301348,5.0
1730411421.9331284,5.0
1730411421.9372404,5.0
1730411421.9413164,5.0
1730411421.9461768,5.0
1730411421.950338,5.0
1730411421.954266,5.0
1730411421.9583492,5.0
1730411421.9623363,5.0
1730411421.965361,5.0
1730411421.970386,5.0
1730411421.9744165,5.0
1730411421.978413,5.0
1730411421.9824717,5.0
1730411421.9863825,5.0
1730411421.9894173,5.0
1730411421.9933853,5.0
1730411421.9973538,5.0
1730411422.002581,5.0
1730411422.0064478,5.0
1730411422.010476,5.0
1730411422.0144715,5.0
1730411422.0185256,5.0
1730411422.0213325,5.0
1730411422.025375,5.0
1730411422.029338,5.0
1730411422.034551,5.0
1730411422.0383804,5.0
1730411422.0413723,5.0
1730411422.045514,5.0
1730411422.049504,5.0
1730411422.0553613,5.0
1730411422.0585015,5.0
1730411422.0626297,5.0
1730411422.06655,5.0
1730411422.0693896,5.0
1730411422.0735445,5.0
1730411422.0775435,5.0
1730411422.0816078,5.0
1730411422.0856376,5.0
1730411422.0905857,5.0
1730411422.0946355,5.0
1730411422.0975711,5.0
1730411422.1016889,5.0
1730411422.105446,5.0
1730411422.1095448,5.0
1730411422.1135013,5.0
1730411422.1184616,5.0
1730411422.122594,5.0
1730411422.1256266,5.0
1730411422.1296792,5.0
1730411422.1335683,5.0
1730411422.13751,5.0
1730411422.1416512,5.0
1730411422.14647,5.0
1730411422.1495717,5.0
1730411422.1525404,5.0
1730411422.1576965,5.0
1730411422.161652,5.0
1730411422.1656556,5.0
1730411422.169742,5.0
1730411422.1747687,5.0
1730411422.177673,5.0
1730411422.1828723,5.0
1730411422.1857247,5.0
1730411422.1896937,5.0
1730411422.1947608,5.0
1730411422.1987548,5.0
1730411422.2017548,5.0
1730411422.2056491,5.0
1730411422.2086928,5.0
1730411422.213624,5.0
1730411422.2177749,5.0
1730411422.2215693,5.0
1730411422.2258532,5.0
1730411422.229653,5.0
1730411422.233812,5.0
1730411422.2368164,5.0
1730411422.2418947,5.0
1730411422.2456913,5.0
1730411422.2498317,5.0
1730411422.2538507,5.0
1730411422.2569125,5.0
1730411422.2608948,5.0
1730411422.26488,5.0
1730411422.26893,5.0
1730411422.2739425,5.0
1730411422.2780192,5.0
1730411422.281942,5.0
1730411422.2853231,5.0
1730411422.2887492,5.0
1730411422.2928653,5.0
1730411422.2968333,5.0
1730411422.3020048,5.0
1730411422.3058355,5.0
1730411422.3102288,5.0
1730411422.312832,5.0
1730411422.3171227,5.0
1730411422.3209848,5.0
1730411422.3251505,5.0
1730411422.3298063,5.0
1730411422.3341336,5.0
1730411422.3378224,5.0
1730411422.341468,5.0
1730411422.3454833,5.0
1730411422.349368,5.0
1730411422.3529975,5.0
1730411422.358143,5.0
1730411422.362108,5.0
1730411422.3656156,5.0
1730411422.3694065,5.0
1730411422.3730571,5.0
1730411422.3771737,5.0
1730411422.3809423,5.0
1730411422.3851323,5.0
1730411422.3902123,5.0
1730411422.3930807,5.0
1730411422.3970945,5.0
1730411422.4014366,5.0
1730411422.4050052,5.0
1730411422.4094603,5.0
1730411422.4129312,5.0
1730411422.4184558,5.0
1730411422.4209452,5.0
1730411422.4252076,5.0
1730411422.4292672,5.0
1730411422.433274,5.0
1730411422.437293,5.0
1730411422.4411452,5.0
1730411422.4460392,5.0
1730411422.4494712,5.0
1730411422.4531848,5.0
1730411422.4577055,5.0
1730411422.46131,5.0
1730411422.4657917,5.0
1730411422.4696572,5.0
1730411422.4747715,5.0
1730411422.4772828,5.0
1730411422.4811866,5.0
1730411422.485742,5.0
1730411422.4890845,5.0
1730411422.4932313,5.0
1730411422.4983432,5.0
1730411422.501626,5.0
1730411422.5043516,5.0
1730411422.5095875,5.0
1730411422.513103,5.0
1730411422.5173435,5.0
1730411422.5211017,5.0
1730411422.5253296,5.0
1730411422.5292556,5.0
1730411422.533299,5.0
1730411422.5374067,5.0
1730411422.540752,5.0
1730411422.5448833,5.0
1730411422.5506766,5.0
1730411422.5533328,5.0
1730411422.557824,5.0
1730411422.56142,5.0
1730411422.5658505,5.0
1730411422.5684967,5.0
1730411422.5721653,5.0
1730411422.5767102,5.0
1730411422.5803308,5.0
1730411422.5857625,5.0
1730411422.5891666,5.0
1730411422.593334,5.0
1730411422.5962756,5.0
1730411422.600396,5.0
1730411422.604378,5.0
1730411422.6087372,5.0
1730411422.6131823,5.0
1730411422.6177309,5.0
1730411422.6212924,5.0
1730411422.6248367,5.0
1730411422.6285024,5.0
1730411422.632548,5.0
1730411422.6367943,5.0
1730411422.641876,5.0
1730411422.645384,5.0
1730411422.648863,5.0
1730411422.6529691,5.0
1730411422.6562986,5.0
1730411422.660464,5.0
1730411422.6644366,5.0
1730411422.6699617,5.0
1730411422.6734817,5.0
1730411422.676877,5.0
1730411422.6803536,5.0
1730411422.6846645,5.0
1730411422.6883743,5.0
1730411422.6930285,5.0
1730411422.6974187,5.0
1730411422.7018392,5.0
1730411422.7043667,5.0
1730411422.708923,5.0
1730411422.712535,5.0
1730411422.7166548,5.0
1730411422.7205725,5.0
1730411422.724507,5.0
1730411422.7294335,5.0
1730411422.733234,5.0
1730411422.7366688,5.0
1730411422.7410333,5.0
1730411422.7451608,5.0
1730411422.7490652,5.0
1730411422.753085,5.0
1730411422.7580009,5.0
1730411422.7609236,5.0
1730411422.7646136,5.0
1730411422.7689471,5.0
1730411422.7724895,5.0
1730411422.7765813,5.0
1730411422.7815993,5.0
1730411422.7845898,5.0
1730411422.7874527,5.0
1730411422.7930598,5.0
1730411422.7966232,5.0
1730411422.801018,5.0
1730411422.804554,5.0
1730411422.8089936,5.0
1730411422.812543,5.0
1730411422.8161256,5.0
1730411422.819909,5.0
1730411422.8249493,5.0
1730411422.8288145,5.0
1730411422.8327322,5.0
1730411422.8368523,5.0
1730411422.8410115,5.0
1730411422.8436728,5.0
1730411422.8477645,5.0
1730411422.8531027,5.0
1730411422.8573148,5.0
1730411422.860606,5.0
1730411422.864783,5.0
1730411422.8680189,5.0
1730411422.871722,5.0
1730411422.8762133,5.0
1730411422.8806226,5.0
1730411422.885024,5.0
1730411422.888657,5.0
1730411422.892066,5.0
1730411422.8958216,5.0
1730411422.8999789,5.0
1730411422.903784,5.0
1730411422.909076,5.0
1730411422.9126573,5.0
1730411422.916927,5.0
1730411422.9200203,5.0
1730411422.9239547,5.0
1730411422.9278748,5.0
1730411422.9320643,5.0
1730411422.9358177,5.0
1730411422.9407704,5.0
1730411422.9450705,5.0
1730411422.948023,5.0
1730411422.9521627,5.0
1730411422.955691,5.0
1730411422.959911,5.0
1730411422.963688,5.0
1730411422.9688609,5.0
1730411422.9728515,5.0
1730411422.9758377,5.0
1730411422.979696,5.0
1730411422.9839616,5.0
1730411422.9878092,5.0
1730411422.9919455,5.0
1730411422.9968238,5.0
1730411423.000375,5.0
1730411423.004146,5.0
1730411423.008094,5.0
1730411423.0121503,5.0
1730411423.0163672,5.0
1730411423.0201268,5.0
1730411423.0255444,5.0
1730411423.0280824,5.0
1730411423.03221,5.0
1730411423.03606,5.0
1730411423.0401645,5.0
1730411423.0441544,5.0
1730411423.0481608,5.0
1730411423.0530276,5.0
1730411423.055889,5.0
1730411423.060513,5.0
1730411423.063872,5.0
1730411423.0681565,5.0
1730411423.0720189,5.0
1730411423.0765486,5.0
1730411423.0810287,5.0
1730411423.084689,5.0
1730411423.0871165,5.0
1730411423.0920992,5.0
1730411423.0960288,5.0
1730411423.100649,5.0
1730411423.1041565,5.0
1730411423.1082268,5.0
1730411423.111532,5.0
1730411423.1152515,5.0
1730411423.1204393,5.0
1730411423.124688,5.0
1730411423.1283133,5.0
1730411423.1323173,5.0
1730411423.1352267,5.0
1730411423.1390412,5.0
1730411423.1432252,5.0
1730411423.147019,5.0
1730411423.1522546,5.0
1730411423.1562192,5.0
1730411423.160234,5.0
1730411423.1630342,5.0
1730411423.167179,5.0
1730411423.1710029,5.0
1730411423.1761725,5.0
1730411423.18012,5.0
1730411423.1841607,5.0
1730411423.18797,5.0
1730411423.1913445,5.0
1730411423.1953444,5.0
1730411423.1993308,5.0
1730411423.2031786,5.0
1730411423.2085967,5.0
1730411423.2123866,5.0
1730411423.2158303,5.0
1730411423.2195845,5.0
1730411423.223261,5.0
1730411423.2272651,5.0
1730411423.231311,5.0
1730411423.2365763,5.0
1730411423.240464,5.0
1730411423.2432842,5.0
1730411423.2471254,5.0
1730411423.2514155,5.0
1730411423.2552495,5.0
1730411423.2599027,5.0
1730411423.2641149,5.0
1730411423.268686,5.0
1730411423.2711232,5.0
1730411423.275482,5.0
1730411423.2791429,5.0
1730411423.2832873,5.0
1730411423.287324,5.0
1730411423.2916937,5.0
1730411423.2961977,5.0
1730411423.2994852,5.0
1730411423.303383,5.0
1730411423.3077395,5.0
1730411423.311371,5.0
1730411423.3158643,5.0
1730411423.3205452,5.0
1730411423.3232443,5.0
1730411423.3273866,5.0
1730411423.3315582,5.0
1730411423.3354924,5.0
1730411423.3395011,5.0
1730411423.3433585,5.0
1730411423.347394,5.0
1730411423.351896,5.0
1730411423.3543296,5.0
1730411423.3593874,5.0
1730411423.363412,5.0
1730411423.3678555,5.0
1730411423.371336,5.0
1730411423.375291,5.0
1730411423.3793664,5.0
1730411423.3830907,5.0
1730411423.3873055,5.0
1730411423.3913057,5.0
1730411423.39555,5.0
1730411423.3995152,5.0
1730411423.4034977,5.0
1730411423.407474,5.0
1730411423.4105036,5.0
1730411423.4154625,5.0
1730411423.4194405,5.0
1730411423.4235451,5.0
1730411423.4276052,5.0
1730411423.4304578,5.0
1730411423.434613,5.0
1730411423.4384024,5.0
1730411423.4426796,5.0
1730411423.4475565,5.0
1730411423.451544,5.0
1730411423.4554768,5.0
1730411423.4585807,5.0
1730411423.4624977,5.0
1730411423.466578,5.0
1730411423.4704318,5.0
1730411423.475434,5.0
1730411423.4793973,5.0
1730411423.4835773,5.0
1730411423.4866316,5.0
1730411423.4904768,5.0
1730411423.494568,5.0
1730411423.498604,5.0
1730411423.5026252,5.0
1730411423.507537,5.0
1730411423.5115063,5.0
1730411423.5146031,5.0
1730411423.5185268,5.0
1730411423.5227427,5.0
1730411423.526508,5.0
1730411423.5307975,5.0
1730411423.535836,5.0
1730411423.538669,5.0
1730411423.5427449,5.0
1730411423.546538,5.0
1730411423.5508013,5.0
1730411423.554582,5.0
1730411423.560706,5.0
1730411423.5636344,5.0
1730411423.566781,5.0
1730411428.5683348,5.0
1730411428.5721872,5.0
1730411428.57726,5.0
1730411428.5812883,5.0
1730411428.5852644,5.0
1730411428.5881605,5.0
1730411428.5923653,5.0
1730411428.598312,5.0
1730411428.6013224,5.0
1730411428.6051853,5.0
1730411428.6093438,5.0
1730411428.613172,5.0
1730411428.6161573,5.0
1730411428.6202228,5.0
1730411428.6241467,5.0
1730411428.628188,5.0
1730411428.6339817,5.0
1730411428.637972,5.0
1730411428.641252,5.0
1730411428.6442044,5.0
1730411428.648372,5.0
1730411428.6522276,5.0
1730411428.6563978,5.0
1730411428.6605515,5.0
1730411428.6654315,5.0
1730411428.6684148,5.0
1730411428.6724231,5.0
1730411428.6764245,5.0
1730411428.6804628,5.0
1730411428.6844509,5.0
1730411428.689455,5.0
1730411428.6932898,5.0
1730411428.6964576,5.0
1730411428.700446,5.0
1730411428.704461,5.0
1730411428.7084875,5.0
1730411428.712484,5.0
1730411428.7164936,5.0
1730411428.721497,5.0
1730411428.7243316,5.0
1730411428.7283876,5.0
1730411428.7325,5.0
1730411428.7363844,5.0
1730411428.743762,5.0
1730411428.7443693,5.0
1730411428.7495005,5.0
1730411428.7523956,5.0
1730411428.7608068,5.0
1730411428.7608387,5.0
1730411428.7668772,5.0
1730411428.7684205,5.0
1730411428.7743068,5.0
1730411428.7775128,5.0
1730411428.7804923,5.0
1730411428.783534,5.0
1730411428.788427,5.0
1730411428.7924457,5.0
1730411428.796457,5.0
1730411428.800434,5.0
1730411428.8034675,5.0
1730411428.8074892,5.0
1730411428.811518,5.0
1730411428.816472,5.0
1730411428.8205433,5.0
1730411428.8246424,5.0
1730411428.8285418,5.0
1730411428.8317473,5.0
1730411428.8406017,5.0
1730411428.8406174,5.0
1730411428.8486,5.0
1730411428.8486166,5.0
1730411428.8527143,5.0
1730411428.856541,5.0
1730411428.8595724,5.0
1730411428.8636365,5.0
1730411428.867715,5.0
1730411428.8727107,5.0
1730411428.8766034,5.0
1730411428.880776,5.0
1730411428.8835783,5.0
1730411428.887797,5.0
1730411428.8918407,5.0
1730411428.895776,5.0
1730411428.8999307,5.0
1730411428.904898,5.0
1730411428.9089465,5.0
1730411428.9116445,5.0
1730411428.915862,5.0
1730411428.9197416,5.0
1730411428.9237309,5.0
1730411428.9276729,5.0
1730411428.9328673,5.0
1730411428.9366968,5.0
1730411428.940888,5.0
1730411428.943702,5.0
1730411428.947729,5.0
1730411428.9518063,5.0
1730411428.955746,5.0
1730411428.9607506,5.0
1730411428.964939,5.0
1730411428.9679158,5.0
1730411428.971835,5.0
1730411428.975786,5.0
1730411428.9800332,5.0
1730411428.983876,5.0
1730411428.9879756,5.0
1730411428.9929364,5.0
1730411428.9960425,5.0
1730411428.9999204,5.0
1730411429.003872,5.0
1730411429.0079548,5.0
1730411429.0118015,5.0
1730411429.0161366,5.0
1730411429.0199084,5.0
1730411429.0231264,5.0
1730411429.0278392,5.0
1730411429.0321023,5.0
1730411429.036053,5.0
1730411429.040023,5.0
1730411429.04395,5.0
1730411429.0480025,5.0
1730411429.0511162,5.0
1730411429.0550911,5.0
1730411429.060135,5.0
1730411429.0640764,5.0
1730411429.068091,5.0
1730411429.072127,5.0
1730411429.0760496,5.0
1730411429.0790064,5.0
1730411429.0831704,5.0
1730411429.0881395,5.0
1730411429.092121,5.0
1730411429.09618,5.0
1730411429.1001227,5.0
1730411429.1030087,5.0
1730411429.1071332,5.0
1730411429.1109784,5.0
1730411429.116107,5.0
1730411429.119953,5.0
1730411429.1242847,5.0
1730411429.1269772,5.0
1730411429.1312077,5.0
1730411429.135132,5.0
1730411429.1392107,5.0
1730411429.1464753,5.0
1730411429.1502726,5.0
1730411429.1530988,5.0
1730411429.1562111,5.0
1730411429.1593273,5.0
1730411429.1634192,5.0
1730411429.1673288,5.0
1730411429.1713915,5.0
1730411429.1764808,5.0
1730411429.180205,5.0
1730411429.18349,5.0
1730411429.187189,5.0
1730411429.191151,5.0
1730411429.19513,5.0
1730411429.199257,5.0
1730411429.2041996,5.0
1730411429.2082806,5.0
1730411429.2111592,5.0
1730411429.215302,5.0
1730411429.2191744,5.0
1730411429.2233193,5.0
1730411429.228168,5.0
1730411429.2324,5.0
1730411429.2353532,5.0
1730411429.2393284,5.0
1730411429.2432742,5.0
1730411429.2474008,5.0
1730411429.2514071,5.0
1730411429.2553773,5.0
1730411429.260317,5.0
1730411429.2633924,5.0
1730411429.2673864,5.0
1730411429.271399,5.0
1730411429.275293,5.0
1730411429.2794151,5.0
1730411429.2834337,5.0
1730411429.288452,5.0
1730411429.2913375,5.0
1730411429.294268,5.0
1730411429.299431,5.0
1730411429.3034568,5.0
1730411429.3074613,5.0
1730411429.3113265,5.0
1730411429.3154788,5.0
1730411429.319333,5.0
1730411429.3224263,5.0
1730411429.327362,5.0
1730411429.3315203,5.0
1730411429.335395,5.0
1730411429.3395576,5.0
1730411429.3433971,5.0
1730411429.346434,5.0
1730411429.3505068,5.0
1730411429.3555453,5.0
1730411429.3594956,5.0
1730411429.36354,5.0
1730411429.3675723,5.0
1730411429.3705676,5.0
1730411429.3745675,5.0
1730411429.3785856,5.0
1730411429.3835952,5.0
1730411429.3875823,5.0
1730411429.391596,5.0
1730411429.395604,5.0
1730411429.398595,5.0
1730411429.4024043,5.0
1730411429.406607,5.0
1730411429.41045,5.0
1730411429.4154131,5.0
1730411429.419525,5.0
1730411429.4235034,5.0
1730411429.4265954,5.0
1730411429.430514,5.0
1730411429.4344847,5.0
1730411429.438532,5.0
1730411429.4436228,5.0
1730411429.447638,5.0
1730411429.4506648,5.0
1730411429.454666,5.0
1730411429.4587345,5.0
1730411429.462757,5.0
1730411429.4667609,5.0
1730411429.4716487,5.0
1730411429.4755473,5.0
1730411429.4786391,5.0
1730411429.4826396,5.0
1730411429.4866185,5.0
1730411429.4907365,5.0
1730411429.494614,5.0
1730411429.4985895,5.0
1730411429.5036633,5.0
1730411429.506801,5.0
1730411429.5106373,5.0
1730411429.514814,5.0
1730411429.51866,5.0
1730411429.5227406,5.0
1730411429.5276337,5.0
1730411429.5318496,5.0
1730411429.5347607,5.0
1730411429.5388498,5.0
1730411429.5428512,5.0
1730411429.546866,5.0
1730411429.5508552,5.0
1730411429.55489,5.0
1730411429.5588813,5.0
1730411429.5618591,5.0
1730411429.5669358,5.0
1730411429.5708952,5.0
1730411429.574875,5.0
1730411429.578894,5.0
1730411429.5829563,5.0
1730411429.5869148,5.0
1730411429.5899332,5.0
1730411429.593846,5.0
1730411429.5989735,5.0
1730411429.602808,5.0
1730411429.6072464,5.0
1730411429.610885,5.0
1730411429.6149795,5.0
1730411429.6181505,5.0
1730411429.6225407,5.0
1730411429.627113,5.0
1730411429.6310709,5.0
1730411429.6351912,5.0
1730411429.6390772,5.0
1730411429.6425064,5.0
1730411429.6459703,5.0
1730411429.6513803,5.0
1730411429.6554718,5.0
1730411429.6590805,5.0
1730411429.6636436,5.0
1730411429.6676304,5.0
1730411429.669956,5.0
1730411429.6742473,5.0
1730411429.6779003,5.0
1730411429.683455,5.0
1730411429.686984,5.0
1730411429.691388,5.0
1730411429.694002,5.0
1730411429.6981478,5.0
1730411429.702137,5.0
1730411429.7061276,5.0
1730411429.7109375,5.0
1730411429.715161,5.0
1730411429.7190535,5.0
1730411429.7225788,5.0
1730411429.7261722,5.0
1730411429.730729,5.0
1730411429.73479,5.0
1730411429.7386968,5.0
1730411429.743513,5.0
1730411429.7477784,5.0
1730411429.7504778,5.0
1730411429.7541645,5.0
1730411429.7586985,5.0
1730411429.7621455,5.0
1730411429.7674315,5.0
1730411429.7717905,5.0
1730411429.7752707,5.0
1730411429.7782505,5.0
1730411429.7826552,5.0
1730411429.7860477,5.0
1730411429.7903273,5.0
1730411429.7942216,5.0
1730411429.7994633,5.0
1730411429.8021393,5.0
1730411429.8061838,5.0
1730411429.8104403,5.0
1730411429.8146105,5.0
1730411429.818473,5.0
1730411429.8221016,5.0
1730411429.8271043,5.0
1730411429.8303149,5.0
1730411429.83463,5.0
1730411429.8381436,5.0
1730411429.8425558,5.0
1730411429.8463342,5.0
1730411429.8506272,5.0
1730411429.8544643,5.0
1730411429.8583848,5.0
1730411429.8611689,5.0
1730411429.8663814,5.0
1730411429.8702817,5.0
1730411429.8777325,5.0
1730411429.8807724,5.0
1730411429.8823383,5.0
1730411429.889906,5.0
1730411429.8899343,5.0
1730411429.8994489,5.0
1730411429.8994648,5.0
1730411429.902213,5.0
1730411429.9068673,5.0
1730411429.9095232,5.0
1730411429.9132228,5.0
1730411429.9172642,5.0
1730411429.922187,5.0
1730411429.926184,5.0
1730411429.9302175,5.0
1730411429.9342349,5.0
1730411429.9409306,5.0
1730411429.9412582,5.0
1730411429.9453683,5.0
1730411429.9532187,5.0
1730411429.9543028,5.0
1730411429.9595356,5.0
1730411429.962365,5.0
1730411429.9674833,5.0
1730411429.9696224,5.0
1730411429.9734254,5.0
1730411429.9773047,5.0
1730411429.982283,5.0
1730411429.9863217,5.0
1730411429.9903307,5.0
1730411429.993354,5.0
1730411429.998485,5.0
1730411430.0013106,5.0
1730411430.0054708,5.0
1730411430.0103996,5.0
1730411430.0169764,5.0
1730411430.017368,5.0
1730411430.0294254,5.0
1730411430.029441,5.0
1730411430.029448,5.0
1730411430.033595,5.0
1730411430.0374303,5.0
1730411430.0428507,5.0
1730411430.0458374,5.0
1730411430.0496695,5.0
1730411430.0537145,5.0
1730411430.0579748,5.0
1730411430.0615833,5.0
1730411430.0666597,5.0
1730411430.0706167,5.0
1730411430.074024,5.0
1730411430.07753,5.0
1730411430.0820303,5.0
1730411430.0856328,5.0
1730411430.090031,5.0
1730411430.0936935,5.0
1730411430.0989044,5.0
1730411430.101858,5.0
1730411430.1058507,5.0
1730411430.1098263,5.0
1730411430.1140313,5.0
1730411430.1177275,5.0
1730411430.1227863,5.0
1730411430.1256988,5.0
1730411430.1286173,5.0
1730411430.1338234,5.0
1730411430.1377988,5.0
1730411430.1418667,5.0
1730411430.1456048,5.0
1730411430.149793,5.0
1730411430.1536088,5.0
1730411430.1566985,5.0
1730411430.1606665,5.0
1730411430.1657083,5.0
1730411430.1696422,5.0
1730411430.174052,5.0
1730411430.1777337,5.0
1730411430.1820004,5.0
1730411430.1848636,5.0
1730411430.1899333,5.0
1730411430.1936586,5.0
1730411430.1980076,5.0
1730411430.2018106,5.0
1730411430.2058456,5.0
1730411430.2088697,5.0
1730411430.2128696,5.0
1730411430.2166865,5.0
1730411430.2218523,5.0
1730411430.2258308,5.0
1730411430.2299476,5.0
1730411430.2337933,5.0
1730411430.2379625,5.0
1730411430.2409656,5.0
1730411430.244838,5.0
1730411430.248829,5.0
1730411430.2538922,5.0
1730411430.2579193,5.0
1730411430.2608123,5.0
1730411430.26476,5.0
1730411430.268836,5.0
1730411430.27296,5.0
1730411430.2767937,5.0
1730411430.2820015,5.0
1730411430.285822,5.0
1730411430.2891016,5.0
1730411430.2933888,5.0
1730411430.2971857,5.0
1730411430.301156,5.0
1730411430.3050911,5.0
1730411430.3101282,5.0
1730411430.314155,5.0
1730411430.3172846,5.0
1730411430.3212912,5.0
1730411430.3249586,5.0
1730411430.3291807,5.0
1730411430.3331373,5.0
1730411430.3386226,5.0
1730411430.3425598,5.0
1730411430.3449397,5.0
1730411430.3490937,5.0
1730411430.353029,5.0
1730411430.3576748,5.0
1730411430.3609395,5.0
1730411430.366141,5.0
1730411430.3689969,5.0
1730411430.373591,5.0
1730411430.3770351,5.0
1730411430.3811276,5.0
1730411430.3852105,5.0
1730411430.3892395,5.0
1730411430.393329,5.0
1730411430.3971007,5.0
1730411430.400265,5.0
1730411430.4052713,5.0
1730411430.4094307,5.0
1730411430.4132135,5.0
1730411430.4177568,5.0
1730411430.4217863,5.0
1730411430.4251318,5.0
1730411430.4292295,5.0
1730411430.4336605,5.0
1730411430.4370177,5.0
1730411430.4413705,5.0
1730411430.4450955,5.0
1730411430.449478,5.0
1730411430.4530983,5.0
1730411430.457812,5.0
1730411430.4612465,5.0
1730411430.4653747,5.0
1730411430.469093,5.0
1730411430.4736152,5.0
1730411430.4762876,5.0
1730411430.4806097,5.0
1730411430.4846947,5.0
1730411430.4896822,5.0
1730411430.4933372,5.0
1730411430.4977791,5.0
1730411430.5018213,5.0
1730411430.504456,5.0
1730411430.5086434,5.0
1730411430.5123916,5.0
1730411430.5178297,5.0
1730411430.5217206,5.0
1730411430.5253034,5.0
1730411430.5295224,5.0
1730411430.5327797,5.0
1730411430.5362115,5.0
1730411430.5407305,5.0
1730411430.5442116,5.0
1730411430.5495975,5.0
1730411430.5531857,5.0
1730411430.557954,5.0
1730411430.5602677,5.0
1730411430.564484,5.0
1730411430.5683887,5.0
1730411430.572502,5.0
1730411430.5772636,5.0
1730411430.5818486,5.0
1730411430.5844069,5.0
1730411430.5887773,5.0
1730411430.5926962,5.0
1730411430.596275,5.0
1730411430.600936,5.0
1730411430.6047835,5.0
1730411430.6100433,5.0
1730411430.6124551,5.0
1730411430.6163602,5.0
1730411430.6203504,5.0
1730411430.6248448,5.0
1730411430.6283507,5.0
1730411430.6339345,5.0
1730411430.6374357,5.0
1730411430.6407444,5.0
1730411430.6442764,5.0
1730411430.6485765,5.0
1730411430.652344,5.0
1730411430.656525,5.0
1730411430.6614096,5.0
1730411430.66603,5.0
1730411430.6684406,5.0
1730411430.6729944,5.0
1730411430.6765332,5.0
1730411430.680528,5.0
1730411430.6845748,5.0
1730411430.6889167,5.0
1730411430.693467,5.0
1730411430.6964684,5.0
1730411430.7009678,5.0
1730411430.7047365,5.0
1730411430.7085693,5.0
1730411430.7127156,5.0
1730411430.7177036,5.0
1730411430.7205732,5.0
1730411430.7239482,5.0
1730411430.7300608,5.0
1730411430.7330427,5.0
1730411430.736544,5.0
1730411430.740656,5.0
1730411430.744544,5.0
1730411430.7488265,5.0
1730411430.7515366,5.0
1730411430.756642,5.0
1730411430.7605422,5.0
1730411430.764674,5.0
1730411430.7685738,5.0
1730411430.7739303,5.0
1730411430.7766392,5.0
1730411430.780113,5.0
1730411430.7849054,5.0
1730411430.7889624,5.0
1730411430.7927277,5.0
1730411430.7967453,5.0
1730411430.8009338,5.0
1730411430.8051047,5.0
1730411430.8089154,5.0
1730411430.8132808,5.0
1730411430.81657,5.0
1730411430.8196597,5.0
1730411430.8239503,5.0
1730411430.8286953,5.0
1730411430.8325343,5.0
1730411430.8365965,5.0
1730411430.841029,5.0
1730411430.8447084,5.0
1730411430.8476574,5.0
1730411430.8517172,5.0
1730411430.85687,5.0
1730411430.8606124,5.0
1730411430.865006,5.0
1730411430.8680513,5.0
1730411430.8720207,5.0
1730411430.875764,5.0
1730411430.87999,5.0
1730411430.8840573,5.0
1730411430.8893027,5.0
1730411430.8932545,5.0
1730411430.8958757,5.0
1730411430.8998835,5.0
1730411430.903786,5.0
1730411430.9080248,5.0
1730411430.9131718,5.0
1730411430.9166963,5.0
1730411430.9210572,5.0
1730411430.9240153,5.0
1730411430.9277313,5.0
1730411430.9321408,5.0
1730411430.9357512,5.0
1730411430.940019,5.0
1730411430.9447627,5.0
1730411430.948867,5.0
1730411430.9517832,5.0
1730411430.9558773,5.0
1730411430.9600215,5.0
1730411430.9643564,5.0
1730411430.9682057,5.0
1730411430.9729424,5.0
1730411430.9767528,5.0
1730411430.9803944,5.0
1730411430.984058,5.0
1730411430.9885197,5.0
1730411430.9922335,5.0
1730411430.9959717,5.0
1730411431.0010269,5.0
1730411431.0040233,5.0
1730411431.007997,5.0
1730411431.0119352,5.0
1730411431.01602,5.0
1730411431.01989,5.0
1730411431.0243096,5.0
1730411431.029136,5.0
1730411431.0324495,5.0
1730411431.0358407,5.0
1730411431.040497,5.0
1730411431.0438893,5.0
1730411431.0483525,5.0
1730411431.0608685,5.0
1730411431.0609045,5.0
1730411431.060913,5.0
1730411431.06336,5.0
1730411431.0680735,5.0
1730411431.072068,5.0
1730411431.0796576,5.0
1730411431.079868,5.0
1730411431.0882993,5.0
1730411431.088317,5.0
1730411431.0910592,5.0
1730411431.0959916,5.0
1730411431.0999613,5.0
1730411431.1039631,5.0
1730411431.1079807,5.0
1730411431.1109796,5.0
1730411431.1149905,5.0
1730411431.1189704,5.0
1730411431.1229582,5.0
1730411431.127984,5.0
1730411431.1320243,5.0
1730411431.1366515,5.0
1730411431.139501,5.0
1730411431.1430016,5.0
1730411431.147154,5.0
1730411431.1521063,5.0
1730411431.1560907,5.0
1730411431.163067,5.0
1730411431.1640208,5.0
1730411431.1707263,5.0
1730411431.1712947,5.0
1730411431.1757147,5.0
1730411431.1790276,5.0
1730411431.18407,5.0
1730411431.188053,5.0
1730411431.19103,5.0
1730411431.195096,5.0
1730411431.199086,5.0
1730411431.2030585,5.0
1730411431.2070642,5.0
1730411431.214068,5.0
1730411431.2172563,5.0
1730411431.2243545,5.0
1730411431.2243793,5.0
1730411431.2311933,5.0
1730411431.2312126,5.0
1730411431.23515,5.0
1730411431.2391236,5.0
1730411431.2441916,5.0
1730411431.2473717,5.0
1730411431.251266,5.0
1730411431.2554252,5.0
1730411431.259215,5.0
1730411431.2634575,5.0
1730411431.2674315,5.0
1730411431.2725396,5.0
1730411431.2757747,5.0
1730411431.2796743,5.0
1730411431.28344,5.0
1730411431.288012,5.0
1730411431.2919135,5.0
1730411431.2956083,5.0
1730411431.2999375,5.0
1730411431.3023226,5.0
1730411431.3079624,5.0
1730411431.3113637,5.0
1730411431.315323,5.0
1730411431.3194318,5.0
1730411431.3239424,5.0
1730411431.327366,5.0
1730411431.3306148,5.0
1730411431.3354764,5.0
1730411431.340002,5.0
1730411431.3433812,5.0
1730411431.3476608,5.0
1730411431.351676,5.0
1730411431.3557904,5.0
1730411431.3587663,5.0
1730411431.3631165,5.0
1730411431.3683782,5.0
1730411431.371941,5.0
1730411431.3756769,5.0
1730411431.380038,5.0
1730411431.3837223,5.0
1730411431.3864648,5.0
1730411431.3909116,5.0
1730411431.395769,5.0
1730411431.3997047,5.0
1730411431.403511,5.0
1730411431.4081104,5.0
1730411431.4104664,5.0
1730411431.4149325,5.0
1730411431.418542,5.0
1730411431.4239233,5.0
1730411431.427586,5.0
1730411431.4315257,5.0
1730411431.4346695,5.0
1730411431.4388022,5.0
1730411431.4431047,5.0
1730411431.446666,5.0
1730411431.451655,5.0
1730411431.455933,5.0
1730411431.4598742,5.0
1730411431.4627287,5.0
1730411431.4666972,5.0
1730411431.47081,5.0
1730411431.4750843,5.0
1730411431.478654,5.0
1730411431.4837751,5.0
1730411431.4883084,5.0
1730411431.4910192,5.0
1730411431.494539,5.0
1730411431.4989555,5.0
1730411431.5026765,5.0
1730411431.506679,5.0
1730411431.5116525,5.0
1730411431.5161412,5.0
1730411431.5187087,5.0
1730411431.523008,5.0
1730411431.5266058,5.0
1730411431.531261,5.0
1730411431.534901,5.0
1730411431.54002,5.0
1730411431.5426192,5.0
1730411431.546794,5.0
1730411431.5513282,5.0
1730411431.554932,5.0
1730411431.5588589,5.0
1730411431.5633588,5.0
1730411431.567984,5.0
1730411431.5714097,5.0
1730411431.5740364,5.0
1730411431.578955,5.0
1730411431.5833108,5.0
1730411431.586744,5.0
1730411431.5911105,5.0
1730411431.5959332,5.0
1730411431.5989857,5.0
1730411431.6040711,5.0
1730411431.6083307,5.0
1730411431.6107929,5.0
1730411431.6149907,5.0
1730411431.6187568,5.0
1730411431.6241932,5.0
1730411431.626768,5.0
1730411431.6311038,5.0
1730411431.6348908,5.0
1730411431.6390083,5.0
1730411431.6429262,5.0
1730411431.647271,5.0
1730411431.6512847,5.0
1730411431.6552246,5.0
1730411431.6584566,5.0
1730411431.6634972,5.0
1730411431.6668668,5.0
1730411431.6711874,5.0
1730411431.675017,5.0
1730411431.677883,5.0
1730411431.6820185,5.0
1730411431.6859088,5.0
1730411431.6914456,5.0
1730411431.6948836,5.0
1730411431.6990695,5.0
1730411431.7029448,5.0
1730411431.7060468,5.0
1730411431.709993,5.0
1730411431.714322,5.0
1730411431.718871,5.0
1730411431.7230303,5.0
1730411431.7268713,5.0
1730411431.7310677,5.0
1730411431.7340405,5.0
1730411431.7379472,5.0
1730411431.742348,5.0
1730411431.7460728,5.0
1730411431.7512133,5.0
1730411431.755139,5.0
1730411431.7583733,5.0
1730411431.762216,5.0
1730411431.766141,5.0
1730411431.769977,5.0
1730411431.7743423,5.0
1730411431.7796118,5.0
1730411431.7836547,5.0
1730411431.786046,5.0
1730411431.7906663,5.0
1730411431.794135,5.0
1730411431.7985122,5.0
1730411431.8020709,5.0
1730411431.806226,5.0
1730411431.811057,5.0
1730411431.8146863,5.0
1730411431.8181443,5.0
1730411431.8223045,5.0
1730411431.8262367,5.0
1730411431.8302984,5.0
1730411431.8347027,5.0
1730411431.8395808,5.0
1730411431.84238,5.0
1730411431.8462346,5.0
1730411431.850237,5.0
1730411431.8547869,5.0
1730411431.8582904,5.0
1730411431.8623855,5.0
1730411431.8662565,5.0
1730411431.8691618,5.0
1730411431.8741238,5.0
1730411431.878112,5.0
1730411431.882337,5.0
1730411431.8861427,5.0
1730411431.8905709,5.0
1730411431.8941464,5.0
1730411431.897869,5.0
1730411431.902144,5.0
1730411431.9063342,5.0
1730411431.9103231,5.0
1730411431.9146705,5.0
1730411431.9182544,5.0
1730411431.9216208,5.0
1730411431.925302,5.0
1730411431.9303849,5.0
1730411431.9345295,5.0
1730411431.939606,5.0
1730411431.9424222,5.0
1730411431.9463837,5.0
1730411431.9493923,5.0
1730411431.9532964,5.0
1730411431.957543,5.0
1730411431.9629793,5.0
1730411431.966412,5.0
1730411431.9705555,5.0
1730411431.9734464,5.0
1730411431.9772377,5.0
1730411431.9819012,5.0
1730411431.9852643,5.0
1730411431.9907565,5.0
1730411431.994256,5.0
1730411431.9984694,5.0
1730411432.0013187,5.0
1730411432.0054417,5.0
1730411432.0095737,5.0
1730411432.0135307,5.0
1730411432.018505,5.0
1730411432.0225587,5.0
1730411432.026328,5.0
1730411432.029489,5.0
1730411432.0334885,5.0
1730411432.0374749,5.0
1730411432.0416183,5.0
1730411432.046463,5.0
1730411432.050521,5.0
1730411432.0545087,5.0
1730411432.0575402,5.0
1730411432.0613303,5.0
1730411432.065503,5.0
1730411432.069314,5.0
1730411432.0735955,5.0
1730411432.0785172,5.0
1730411432.0825517,5.0
1730411432.0854456,5.0
1730411432.089543,5.0
1730411432.0935583,5.0
1730411432.0975764,5.0
1730411432.1014843,5.0
1730411432.1065326,5.0
1730411432.109706,5.0
1730411432.1137216,5.0
1730411432.117736,5.0
1730411432.12179,5.0
1730411432.125939,5.0
1730411432.1298895,5.0
1730411432.1338973,5.0
1730411432.1379275,5.0
1730411432.140751,5.0
1730411432.1457431,5.0
1730411432.1499343,5.0
1730411432.1538136,5.0
1730411432.157809,5.0
1730411432.1627903,5.0
1730411432.166052,5.0
1730411432.1685677,5.0
1730411432.1739707,5.0
1730411432.1790004,5.0
1730411432.1818094,5.0
1730411432.1855724,5.0
1730411432.1887145,5.0
1730411432.192757,5.0
1730411432.1967187,5.0
1730411432.2015908,5.0
1730411432.2056468,5.0
1730411432.2096512,5.0
1730411432.213761,5.0
1730411432.21672,5.0
1730411432.2206993,5.0
1730411432.2246866,5.0
1730411432.2287996,5.0
1730411432.2337904,5.0
1730411432.237806,5.0
1730411432.2417686,5.0
1730411432.244923,5.0
1730411432.251417,5.0
1730411432.253208,5.0
1730411432.2580383,5.0
1730411432.2656703,5.0
1730411432.265695,5.0
1730411432.2727332,5.0
1730411432.2727404,5.0
1730411432.276657,5.0
1730411432.2808175,5.0
1730411432.284658,5.0
1730411432.289746,5.0
1730411432.2936597,5.0
1730411432.297667,5.0
1730411432.3006947,5.0
1730411432.3046956,5.0
1730411432.3115213,5.0
1730411432.3127637,5.0
1730411432.3181872,5.0
1730411432.3248713,5.0
1730411432.32489,5.0
1730411432.331674,5.0
1730411432.3327887,5.0
1730411432.3368406,5.0
1730411432.3407478,5.0
1730411432.345744,5.0
1730411432.3514967,5.0
1730411432.3527768,5.0
1730411432.35688,5.0
1730411432.364938,5.0
1730411432.3649716,5.0
1730411432.371842,5.0
1730411432.3738916,5.0
1730411432.379252,5.0
1730411432.3808303,5.0
1730411432.3848488,5.0
1730411432.3888152,5.0
1730411432.3928173,5.0
1730411432.3968484,5.0
1730411432.4008422,5.0
1730411432.4081557,5.0
1730411432.4102104,5.0
1730411432.4128983,5.0
1730411432.4169931,5.0
1730411432.4209845,5.0
1730411432.4296665,5.0
1730411432.4304488,5.0
1730411432.4386704,5.0
1730411432.438691,5.0
1730411432.440086,5.0
1730411432.4461548,5.0
1730411432.4489756,5.0
1730411432.4533205,5.0
1730411432.457121,5.0
1730411432.4610894,5.0
1730411432.4645493,5.0
1730411432.4692085,5.0
1730411432.473575,5.0
1730411432.47711,5.0
1730411432.481578,5.0
1730411432.48514,5.0
1730411432.48915,5.0
1730411432.4923873,5.0
1730411432.4963207,5.0
1730411432.5013206,5.0
1730411432.505494,5.0
1730411432.5093784,5.0
1730411432.5134573,5.0
1730411432.5174468,5.0
1730411432.5203989,5.0
1730411432.5240767,5.0
1730411432.5296764,5.0
1730411432.533615,5.0
1730411432.5375814,5.0
1730411432.5401428,5.0
1730411432.5442276,5.0
1730411432.548365,5.0
1730411432.5523093,5.0
1730411432.5574543,5.0
1730411432.561144,5.0
1730411432.5658326,5.0
1730411432.5682328,5.0
1730411432.5721943,5.0
1730411432.5761783,5.0
1730411432.580639,5.0
1730411432.5845363,5.0
1730411432.5896547,5.0
1730411432.5932777,5.0
1730411432.596271,5.0
1730411432.600777,5.0
1730411432.6046147,5.0
1730411432.6086285,5.0
1730411432.6135,5.0
1730411432.6178446,5.0
1730411432.6214604,5.0
1730411432.62472,5.0
1730411432.6285293,5.0
1730411432.6325965,5.0
1730411432.636232,5.0
1730411432.6406407,5.0
1730411432.6456876,5.0
1730411432.6486597,5.0
1730411432.651301,5.0
1730411432.6564443,5.0
1730411432.6602848,5.0
1730411432.6648693,5.0
1730411432.6683424,5.0
1730411432.6728334,5.0
1730411432.6763844,5.0
1730411432.6808317,5.0
1730411432.6843517,5.0
1730411432.6886363,5.0
1730411432.6924124,5.0
1730411432.6965876,5.0
1730411432.701342,5.0
1730411432.7048783,5.0
1730411432.7080965,5.0
1730411432.7130113,5.0
1730411432.7164605,5.0
1730411432.7210245,5.0
1730411432.7250383,5.0
1730411432.728686,5.0
1730411432.733065,5.0
1730411432.7354915,5.0
1730411432.741,5.0
1730411432.7445457,5.0
1730411432.74872,5.0
1730411432.7525008,5.0
1730411432.7556393,5.0
1730411432.7596068,5.0
1730411432.7637885,5.0
1730411432.768597,5.0
1730411432.7729208,5.0
1730411432.7765396,5.0
1730411432.7811818,5.0
1730411432.783802,5.0
1730411432.788159,5.0
1730411432.791989,5.0
1730411432.7966912,5.0
1730411432.800942,5.0
1730411432.804606,5.0
1730411432.8088117,5.0
1730411432.8116674,5.0
1730411432.8160512,5.0
1730411432.8195467,5.0
1730411432.826014,5.0
1730411432.82928,5.0
1730411432.8328345,5.0
1730411432.8367543,5.0
1730411432.8397956,5.0
1730411432.8435507,5.0
1730411432.8483064,5.0
1730411432.8515675,5.0
1730411432.8567388,5.0
1730411432.860665,5.0
1730411432.8650277,5.0
1730411432.8679724,5.0
1730411432.8717823,5.0
1730411432.8759177,5.0
1730411432.87989,5.0
1730411432.884678,5.0
1730411432.8888905,5.0
1730411432.8928237,5.0
1730411432.8957725,5.0
1730411432.900071,5.0
1730411432.904382,5.0
1730411432.9080007,5.0
1730411432.913294,5.0
1730411432.916921,5.0
1730411432.9197795,5.0
1730411432.9240172,5.0
1730411432.9277472,5.0
1730411432.932098,5.0
1730411432.9356716,5.0
1730411432.94097,5.0
1730411432.9449978,5.0
1730411432.94786,5.0
1730411432.9517684,5.0
1730411432.956066,5.0
1730411432.95996,5.0
1730411432.964439,5.0
1730411432.9688764,5.0
1730411432.9729536,5.0
1730411432.9757223,5.0
1730411432.9799345,5.0
1730411432.9841783,5.0
1730411432.9884677,5.0
1730411432.992026,5.0
1730411432.9970229,5.0
1730411433.0003653,5.0
1730411433.0045276,5.0
1730411433.0084784,5.0
1730411433.0121553,5.0
1730411433.0159757,5.0
1730411433.020053,5.0
1730411433.0244424,5.0
1730411433.0279431,5.0
1730411433.0313685,5.0
1730411433.0358045,5.0
1730411433.040454,5.0
1730411433.0439963,5.0
1730411433.0484488,5.0
1730411433.0519433,5.0
1730411433.0560672,5.0
1730411433.0592053,5.0
1730411433.06343,5.0
1730411433.0680568,5.0
1730411433.0724456,5.0
1730411433.0760112,5.0
1730411433.0802588,5.0
1730411433.084218,5.0
1730411433.0872233,5.0
1730411433.0925324,5.0
1730411433.096109,5.0
1730411433.100351,5.0
1730411433.103968,5.0
1730411433.10716,5.0
1730411433.1110656,5.0
1730411433.1152537,5.0
1730411433.1189537,5.0
1730411433.1237097,5.0
1730411433.128279,5.0
1730411433.132501,5.0
1730411433.1350324,5.0
1730411433.1391492,5.0
1730411433.1430633,5.0
1730411433.1474683,5.0
1730411433.1511235,5.0
1730411433.1562192,5.0
1730411433.1600811,5.0
1730411433.1632996,5.0
1730411433.1676817,5.0
1730411433.1715715,5.0
1730411433.1753109,5.0
1730411433.1794758,5.0
1730411433.1844423,5.0
1730411433.1882696,5.0
1730411433.1912973,5.0
1730411433.1953712,5.0
1730411433.199437,5.0
1730411433.2032678,5.0
1730411433.2074564,5.0
1730411433.2127976,5.0
1730411433.2152872,5.0
1730411433.2191148,5.0
1730411433.2235422,5.0
1730411433.227261,5.0
1730411433.2313623,5.0
1730411433.2351356,5.0
1730411433.2412815,5.0
1730411433.2442355,5.0
1730411433.2472684,5.0
1730411433.2512436,5.0
1730411433.255148,5.0
1730411433.2594073,5.0
1730411433.263426,5.0
1730411433.2682674,5.0
1730411433.271564,5.0
1730411433.275417,5.0
1730411433.2797616,5.0
1730411433.2838788,5.0
1730411433.287454,5.0
1730411433.2917054,5.0
1730411433.296253,5.0
1730411433.29987,5.0
1730411433.302354,5.0
1730411433.307292,5.0
1730411433.3114133,5.0
1730411433.3154144,5.0
1730411433.319292,5.0
1730411433.3233893,5.0
1730411433.3262572,5.0
1730411433.3304856,5.0
1730411433.3352752,5.0
1730411433.3394697,5.0
1730411433.3433647,5.0
1730411433.3478465,5.0
1730411433.350793,5.0
1730411433.354519,5.0
1730411433.3586495,5.0
1730411433.3635805,5.0
1730411433.3679135,5.0
1730411433.3715117,5.0
1730411433.3756213,5.0
1730411433.3790848,5.0
1730411433.3830075,5.0
1730411433.3864217,5.0
1730411433.391389,5.0
1730411433.3954537,5.0
1730411433.3995345,5.0
1730411433.4035213,5.0
1730411433.4065433,5.0
1730411433.410354,5.0
1730411433.4143832,5.0
1730411433.41835,5.0
1730411433.423482,5.0
1730411433.4274757,5.0
1730411433.4306371,5.0
1730411433.4344394,5.0
1730411433.4386227,5.0
1730411433.442502,5.0
1730411433.4464896,5.0
1730411433.4514525,5.0
1730411433.4555714,5.0
1730411433.4586108,5.0
1730411433.4625912,5.0
1730411433.466623,5.0
1730411433.4706082,5.0
1730411433.4746532,5.0
1730411433.479618,5.0
1730411433.483522,5.0
1730411433.4866085,5.0
1730411433.4906263,5.0
1730411433.4944885,5.0
1730411433.4985893,5.0
1730411433.5025845,5.0
1730411433.5075011,5.0
1730411433.5115032,5.0
1730411433.5145702,5.0
1730411433.5184789,5.0
1730411433.5227456,5.0
1730411433.5265796,5.0
1730411433.530841,5.0
1730411433.5356913,5.0
1730411433.539844,5.0
1730411433.5426352,5.0
1730411433.5468297,5.0
1730411433.550877,5.0
1730411433.5547397,5.0
1730411433.558844,5.0
1730411433.563738,5.0
1730411433.5668476,5.0
1730411433.5710728,5.0
1730411438.572337,5.0
1730411438.576169,5.0
1730411438.581318,5.0
1730411438.585563,5.0
1730411438.5893648,5.0
1730411438.5922096,5.0
1730411438.5964708,5.0
1730411438.6001968,5.0
1730411438.604313,5.0
1730411438.609177,5.0
1730411438.6131804,5.0
1730411438.6162517,5.0
1730411438.6202004,5.0
1730411438.6241913,5.0
1730411438.6283188,5.0
1730411438.6322138,5.0
1730411438.6372242,5.0
1730411438.6412573,5.0
1730411438.6442907,5.0
1730411438.6483235,5.0
1730411438.6522577,5.0
1730411438.6562436,5.0
1730411438.660293,5.0
