time_board,marker
1730244404.1464386,5.0
1730244404.1496732,5.0
1730244404.1539123,5.0
1730244404.1575084,5.0
1730244404.1616745,5.0
1730244404.1655102,5.0
1730244404.170696,5.0
1730244404.1747332,5.0
1730244404.178012,5.0
1730244404.1815443,5.0
1730244404.1859152,5.0
1730244404.1895387,5.0
1730244404.1937623,5.0
1730244404.1986148,5.0
1730244404.202604,5.0
1730244404.2054224,5.0
1730244404.2097435,5.0
1730244404.2135034,5.0
1730244404.2199843,5.0
1730244404.2224455,5.0
1730244404.2256486,5.0
1730244404.2304847,5.0
1730244404.234051,5.0
1730244404.2375624,5.0
1730244404.241568,5.0
1730244404.2456434,5.0
1730244404.249786,5.0
1730244404.2545066,5.0
1730244404.257782,5.0
1730244404.2610016,5.0
1730244404.265559,5.0
1730244404.26985,5.0
1730244404.2737207,5.0
1730244404.278082,5.0
1730244404.2826395,5.0
1730244404.286059,5.0
1730244404.2885742,5.0
1730244404.2942803,5.0
1730244404.297574,5.0
1730244404.3017652,5.0
1730244404.3056903,5.0
1730244404.3099604,5.0
1730244404.313603,5.0
1730244404.3171108,5.0
1730244404.3218002,5.0
1730244404.3259027,5.0
1730244404.3297396,5.0
1730244404.3342276,5.0
1730244404.3396854,5.0
1730244404.3428173,5.0
1730244404.3456883,5.0
1730244404.3502069,5.0
1730244404.354067,5.0
1730244404.3578084,5.0
1730244404.3620005,5.0
1730244404.3660033,5.0
1730244404.3702934,5.0
1730244404.3728049,5.0
1730244404.3770204,5.0
1730244404.3818054,5.0
1730244404.386032,5.0
1730244404.38981,5.0
1730244404.3927388,5.0
1730244404.3968685,5.0
1730244404.409526,5.0
1730244404.4095547,5.0
1730244404.410212,5.0
1730244404.4180653,5.0
1730244404.4180937,5.0
1730244404.429544,5.0
1730244404.4295647,5.0
1730244404.4295745,5.0
1730244404.4327617,5.0
1730244404.4367473,5.0
1730244404.441778,5.0
1730244404.4466588,5.0
1730244404.448822,5.0
1730244404.452793,5.0
1730244404.4587288,5.0
1730244404.460778,5.0
1730244404.4688847,5.0
1730244404.4743292,5.0
1730244404.474346,5.0
1730244404.4769568,5.0
1730244404.48358,5.0
1730244404.4855244,5.0
1730244404.4890983,5.0
1730244404.492947,5.0
1730244404.4993792,5.0
1730244404.5008392,5.0
1730244404.506286,5.0
1730244404.508958,5.0
1730244404.514082,5.0
1730244404.516889,5.0
1730244404.5208633,5.0
1730244404.5259106,5.0
1730244404.528886,5.0
1730244404.5320125,5.0
1730244404.5369022,5.0
1730244404.5409205,5.0
1730244404.5494685,5.0
1730244404.549502,5.0
1730244404.5539477,5.0
1730244404.5570664,5.0
1730244404.5637112,5.0
1730244404.5649323,5.0
1730244404.5726533,5.0
1730244404.5734248,5.0
1730244404.577184,5.0
1730244404.5810003,5.0
1730244404.5850432,5.0
1730244404.5880363,5.0
1730244404.592079,5.0
1730244404.5970972,5.0
1730244404.6011517,5.0
1730244404.6051211,5.0
1730244404.6082318,5.0
1730244404.612059,5.0
1730244404.6161463,5.0
1730244404.620145,5.0
1730244404.6251228,5.0
1730244404.6290808,5.0
1730244404.6332333,5.0
1730244404.6362724,5.0
1730244404.6403391,5.0
1730244404.644573,5.0
1730244404.6484938,5.0
1730244404.6532204,5.0
1730244404.6573603,5.0
1730244404.661178,5.0
1730244404.664261,5.0
1730244404.668579,5.0
1730244404.6721995,5.0
1730244404.6766033,5.0
1730244404.6812527,5.0
1730244404.6856873,5.0
1730244404.6893864,5.0
1730244404.6923783,5.0
1730244404.6962423,5.0
1730244404.7006946,5.0
1730244404.7043128,5.0
1730244404.7095647,5.0
1730244404.7132828,5.0
1730244404.71763,5.0
1730244404.7205863,5.0
1730244404.724583,5.0
1730244404.7285628,5.0
1730244404.732454,5.0
1730244404.7368317,5.0
1730244404.7415335,5.0
1730244404.7446125,5.0
1730244404.748986,5.0
1730244404.7523563,5.0
1730244404.7563624,5.0
1730244404.760476,5.0
1730244404.7658713,5.0
1730244404.7696016,5.0
1730244404.7723196,5.0
1730244404.7767637,5.0
1730244404.7806203,5.0
1730244404.784572,5.0
1730244404.7883697,5.0
1730244404.792541,5.0
1730244404.797685,5.0
1730244404.8010027,5.0
1730244404.8044984,5.0
1730244404.8088572,5.0
1730244404.8124137,5.0
1730244404.8166063,5.0
1730244404.820482,5.0
1730244404.8258111,5.0
1730244404.8287303,5.0
1730244404.8325388,5.0
1730244404.8366168,5.0
1730244404.84059,5.0
1730244404.8445213,5.0
1730244404.8491263,5.0
1730244404.8524663,5.0
1730244404.8555782,5.0
1730244404.8599272,5.0
1730244404.8647487,5.0
1730244404.8689623,5.0
1730244404.8725803,5.0
1730244404.8767347,5.0
1730244404.880623,5.0
1730244404.8840344,5.0
1730244404.8874843,5.0
1730244404.8927078,5.0
1730244404.896597,5.0
1730244404.9008567,5.0
1730244404.904646,5.0
1730244404.907956,5.0
1730244404.9119525,5.0
1730244404.9157927,5.0
1730244404.920566,5.0
1730244404.9247673,5.0
1730244404.9288957,5.0
1730244404.9326568,5.0
1730244404.935778,5.0
1730244404.93986,5.0
1730244404.9443045,5.0
1730244404.9477277,5.0
1730244404.9527743,5.0
1730244404.9568272,5.0
1730244404.9601357,5.0
1730244404.96373,5.0
1730244404.968306,5.0
1730244404.9716537,5.0
1730244404.9768152,5.0
1730244404.9806402,5.0
1730244404.985093,5.0
1730244404.9877048,5.0
1730244404.9921465,5.0
1730244404.995664,5.0
1730244404.9999068,5.0
1730244405.0038786,5.0
1730244405.0102556,5.0
1730244405.0127983,5.0
1730244405.0170867,5.0
1730244405.0202353,5.0
1730244405.02423,5.0
1730244405.0280316,5.0
1730244405.0324624,5.0
1730244405.0369143,5.0
1730244405.040933,5.0
1730244405.0441003,5.0
1730244405.0478685,5.0
1730244405.051905,5.0
1730244405.0559015,5.0
1730244405.0599327,5.0
1730244405.0649416,5.0
1730244405.067933,5.0
1730244405.0718126,5.0
1730244405.0759215,5.0
1730244405.0847447,5.0
1730244405.084766,5.0
1730244405.0877564,5.0
1730244405.094725,5.0
1730244405.0970445,5.0
1730244405.1053295,5.0
1730244405.105345,5.0
1730244405.1077518,5.0
1730244405.1117952,5.0
1730244405.1158888,5.0
1730244405.120782,5.0
1730244405.1238437,5.0
1730244405.126784,5.0
1730244405.1318145,5.0
1730244405.1359315,5.0
1730244405.144062,5.0
1730244405.1440885,5.0
1730244405.150565,5.0
1730244405.151871,5.0
1730244405.1573093,5.0
1730244405.160025,5.0
1730244405.164583,5.0
1730244405.1680543,5.0
1730244405.172017,5.0
1730244405.177327,5.0
1730244405.1799023,5.0
1730244405.183587,5.0
1730244405.187925,5.0
1730244405.1923084,5.0
1730244405.1976466,5.0
1730244405.2059152,5.0
1730244405.205933,5.0
1730244405.2069347,5.0
1730244405.210915,5.0
1730244405.2150636,5.0
1730244405.2200563,5.0
1730244405.2240217,5.0
1730244405.227971,5.0
1730244405.2309391,5.0
1730244405.2349856,5.0
1730244405.2389646,5.0
1730244405.242998,5.0
1730244405.24802,5.0
1730244405.25203,5.0
1730244405.2561345,5.0
1730244405.259138,5.0
1730244405.263085,5.0
1730244405.2671175,5.0
1730244405.2711458,5.0
1730244405.276632,5.0
1730244405.280208,5.0
1730244405.2846868,5.0
1730244405.2871096,5.0
1730244405.2913077,5.0
1730244405.2954037,5.0
1730244405.2993965,5.0
1730244405.3041887,5.0
1730244405.308352,5.0
1730244405.3113,5.0
1730244405.3164685,5.0
1730244405.3194025,5.0
1730244405.323465,5.0
1730244405.327506,5.0
1730244405.3314023,5.0
1730244405.3364322,5.0
1730244405.3392625,5.0
1730244405.343603,5.0
1730244405.3474016,5.0
1730244405.351409,5.0
1730244405.355225,5.0
1730244405.3597877,5.0
1730244405.3643224,5.0
1730244405.3674097,5.0
1730244405.3713317,5.0
1730244405.3756225,5.0
1730244405.3792925,5.0
1730244405.3832872,5.0
1730244405.387346,5.0
1730244405.392455,5.0
1730244405.3953965,5.0
1730244405.398888,5.0
1730244405.4035437,5.0
1730244405.407719,5.0
1730244405.411648,5.0
1730244405.4153843,5.0
1730244405.4203534,5.0
1730244405.4240365,5.0
1730244405.4276552,5.0
1730244405.4314058,5.0
1730244405.435861,5.0
1730244405.4395428,5.0
1730244405.4437096,5.0
1730244405.4464717,5.0
1730244405.4507463,5.0
1730244405.4544475,5.0
1730244405.459788,5.0
1730244405.4634593,5.0
1730244405.4679315,5.0
1730244405.471495,5.0
1730244405.4756715,5.0
1730244405.4786737,5.0
1730244405.4825475,5.0
1730244405.487507,5.0
1730244405.491619,5.0
1730244405.4954689,5.0
1730244405.4996483,5.0
1730244405.5035322,5.0
1730244405.5066388,5.0
1730244405.510661,5.0
1730244405.5156689,5.0
1730244405.5196407,5.0
1730244405.5236351,5.0
1730244405.527531,5.0
1730244405.5305054,5.0
1730244405.534681,5.0
1730244405.5386193,5.0
1730244405.5424926,5.0
1730244405.547617,5.0
1730244405.5517344,5.0
1730244405.5556855,5.0
1730244405.558735,5.0
1730244405.562634,5.0
1730244405.5667577,5.0
1730244405.5705504,5.0
1730244405.5757847,5.0
1730244405.5795803,5.0
1730244405.582625,5.0
1730244405.5868375,5.0
1730244405.5907876,5.0
1730244405.5947368,5.0
1730244405.5987792,5.0
1730244405.6036108,5.0
1730244405.6077635,5.0
1730244405.6111295,5.0
1730244405.615,5.0
1730244405.618981,5.0
1730244405.6228187,5.0
1730244405.627248,5.0
1730244405.6307929,5.0
1730244405.6361551,5.0
1730244405.638734,5.0
1730244405.6428328,5.0
1730244405.6467898,5.0
1730244405.6509447,5.0
1730244405.6548707,5.0
1730244405.660167,5.0
1730244405.662788,5.0
1730244405.6658802,5.0
1730244405.6707788,5.0
1730244405.674979,5.0
1730244405.678719,5.0
1730244405.6852105,5.0
1730244405.6878853,5.0
1730244405.691014,5.0
1730244405.6949136,5.0
1730244405.6983924,5.0
1730244405.7028391,5.0
1730244405.7073808,5.0
1730244405.7110145,5.0
1730244405.715154,5.0
1730244405.7190332,5.0
1730244405.7218528,5.0
1730244405.7269812,5.0
1730244405.7309308,5.0
1730244405.735022,5.0
1730244405.738912,5.0
1730244405.742952,5.0
1730244405.746879,5.0
1730244405.7520115,5.0
1730244405.754854,5.0
1730244405.75913,5.0
1730244405.7629642,5.0
1730244405.7672272,5.0
1730244405.7709286,5.0
1730244405.7749867,5.0
1730244405.7782176,5.0
1730244405.7823567,5.0
1730244405.7869089,5.0
1730244405.7909715,5.0
1730244405.795209,5.0
1730244405.7982404,5.0
1730244405.8023338,5.0
1730244405.8061805,5.0
1730244405.8105211,5.0
1730244405.81568,5.0
1730244405.8194618,5.0
1730244405.8230815,5.0
1730244405.826259,5.0
1730244405.8299732,5.0
1730244405.8343985,5.0
1730244405.8380237,5.0
1730244405.8420987,5.0
1730244405.847042,5.0
1730244405.851238,5.0
1730244405.8539813,5.0
1730244405.8585026,5.0
1730244405.8620565,5.0
1730244405.8662512,5.0
1730244405.8711343,5.0
1730244405.8755546,5.0
1730244405.8790932,5.0
1730244405.8821988,5.0
1730244405.8861165,5.0
1730244405.89072,5.0
1730244405.8942568,5.0
1730244405.8988163,5.0
1730244405.9033024,5.0
1730244405.9064023,5.0
1730244405.9106495,5.0
1730244405.9142268,5.0
1730244405.91827,5.0
1730244405.922214,5.0
1730244405.9266915,5.0
1730244405.931393,5.0
1730244405.9341393,5.0
1730244405.938138,5.0
1730244405.9423175,5.0
1730244405.9462588,5.0
1730244405.9523053,5.0
1730244405.955232,5.0
1730244405.9597912,5.0
1730244405.9621725,5.0
1730244405.9652956,5.0
1730244405.970286,5.0
1730244405.9743657,5.0
1730244405.978582,5.0
1730244405.9824,5.0
1730244405.9872286,5.0
1730244405.9906845,5.0
1730244405.9946055,5.0
1730244405.998963,5.0
1730244406.0024374,5.0
1730244406.0065377,5.0
1730244406.0106485,5.0
1730244406.013224,5.0
1730244406.0178423,5.0
1730244406.021303,5.0
1730244406.026729,5.0
1730244406.030322,5.0
1730244406.0345433,5.0
1730244406.0383618,5.0
1730244406.041428,5.0
1730244406.0452871,5.0
1730244406.049445,5.0
1730244406.055426,5.0
1730244406.0584092,5.0
1730244406.0623183,5.0
1730244406.0664375,5.0
1730244406.0694184,5.0
1730244406.0734572,5.0
1730244406.077364,5.0
1730244406.0815244,5.0
1730244406.0866058,5.0
1730244406.090832,5.0
1730244406.0945668,5.0
1730244406.0981147,5.0
1730244406.1015482,5.0
1730244406.1056836,5.0
1730244406.1095035,5.0
1730244406.1151175,5.0
1730244406.1190317,5.0
1730244406.122646,5.0
1730244406.1256113,5.0
1730244406.1295278,5.0
1730244406.1340015,5.0
1730244406.1374867,5.0
1730244406.1414893,5.0
1730244406.1464877,5.0
1730244406.1498437,5.0
1730244406.1535487,5.0
1730244406.1575117,5.0
1730244406.161812,5.0
1730244406.1658144,5.0
1730244406.1705012,5.0
1730244406.1748462,5.0
1730244406.1780765,5.0
1730244406.182286,5.0
1730244406.1860516,5.0
1730244406.189822,5.0
1730244406.1939273,5.0
1730244406.197807,5.0
1730244406.2025654,5.0
1730244406.205654,5.0
1730244406.210034,5.0
1730244406.2137115,5.0
1730244406.2179365,5.0
1730244406.2216744,5.0
1730244406.226015,5.0
1730244406.230628,5.0
1730244406.233944,5.0
1730244406.237626,5.0
1730244406.2421696,5.0
1730244406.245649,5.0
1730244406.2500696,5.0
1730244406.2546382,5.0
1730244406.2580404,5.0
1730244406.2704666,5.0
1730244406.2704923,5.0
1730244406.2705,5.0
1730244406.2766504,5.0
1730244406.2798524,5.0
1730244406.2860513,5.0
1730244406.2860737,5.0
1730244406.2903073,5.0
1730244406.2937355,5.0
1730244406.297653,5.0
1730244406.3016434,5.0
1730244406.3056383,5.0
1730244406.3097348,5.0
1730244406.3136485,5.0
1730244406.316753,5.0
1730244406.3231907,5.0
1730244406.3256807,5.0
1730244406.329836,5.0
1730244406.334283,5.0
1730244406.3410244,5.0
1730244406.341841,5.0
1730244406.349975,5.0
1730244406.3499932,5.0
1730244406.353757,5.0
1730244406.3622704,5.0
1730244406.362291,5.0
1730244406.364997,5.0
1730244406.372818,5.0
1730244406.3728397,5.0
1730244406.3767552,5.0
1730244406.3818028,5.0
1730244406.3857656,5.0
1730244406.389974,5.0
1730244406.39292,5.0
1730244406.396824,5.0
1730244406.402182,5.0
1730244406.4048803,5.0
1730244406.4088204,5.0
1730244406.4138508,5.0
1730244406.4211743,5.0
1730244406.4211936,5.0
1730244406.4291427,5.0
1730244406.429155,5.0
1730244406.4328544,5.0
1730244406.4368296,5.0
1730244406.4420557,5.0
1730244406.445864,5.0
1730244406.4488776,5.0
1730244406.4530046,5.0
1730244406.45722,5.0
1730244406.4602263,5.0
1730244406.4649107,5.0
1730244406.4694576,5.0
1730244406.4732575,5.0
1730244406.477592,5.0
1730244406.4813428,5.0
1730244406.4864006,5.0
1730244406.4892116,5.0
1730244406.4935389,5.0
1730244406.4971125,5.0
1730244406.5011275,5.0
1730244406.5073464,5.0
1730244406.5103035,5.0
1730244406.5141644,5.0
1730244406.51729,5.0
1730244406.521056,5.0
1730244406.525417,5.0
1730244406.5290563,5.0
1730244406.533298,5.0
1730244406.5381224,5.0
1730244406.5412705,5.0
1730244406.5446465,5.0
1730244406.5491135,5.0
1730244406.553373,5.0
1730244406.5573063,5.0
1730244406.5610952,5.0
1730244406.5663087,5.0
1730244406.5693407,5.0
1730244406.5722597,5.0
1730244406.5773056,5.0
1730244406.5812604,5.0
1730244406.5852911,5.0
1730244406.5893471,5.0
1730244406.5938473,5.0
1730244406.5972593,5.0
1730244406.6003978,5.0
1730244406.604276,5.0
1730244406.6095598,5.0
1730244406.6131997,5.0
1730244406.6177783,5.0
1730244406.6212206,5.0
1730244406.6254926,5.0
1730244406.6283448,5.0
1730244406.6324089,5.0
1730244406.6372347,5.0
1730244406.6413567,5.0
1730244406.645255,5.0
1730244406.6486504,5.0
1730244406.65246,5.0
1730244406.6564083,5.0
1730244406.6607516,5.0
1730244406.6654594,5.0
1730244406.6696715,5.0
1730244406.6740298,5.0
1730244406.6766195,5.0
1730244406.6803164,5.0
1730244406.6849253,5.0
1730244406.688363,5.0
1730244406.693705,5.0
1730244406.697698,5.0
1730244406.7015004,5.0
1730244406.7045217,5.0
1730244406.7086997,5.0
1730244406.712361,5.0
1730244406.716889,5.0
1730244406.720426,5.0
1730244406.7258744,5.0
1730244406.7294807,5.0
1730244406.7325768,5.0
1730244406.736434,5.0
1730244406.7409897,5.0
1730244406.744687,5.0
1730244406.748624,5.0
1730244406.7535353,5.0
1730244406.75722,5.0
1730244406.7610352,5.0
1730244406.765147,5.0
1730244406.769008,5.0
1730244406.7724917,5.0
1730244406.776965,5.0
1730244406.7815323,5.0
1730244406.7845812,5.0
1730244406.7884865,5.0
1730244406.7926636,5.0
1730244406.79665,5.0
1730244406.800585,5.0
1730244406.8046105,5.0
1730244406.8100665,5.0
1730244406.8126116,5.0
1730244406.8157036,5.0
1730244406.820547,5.0
1730244406.8245358,5.0
1730244406.8286242,5.0
1730244406.83254,5.0
1730244406.8386493,5.0
1730244406.841839,5.0
1730244406.845652,5.0
1730244406.8492029,5.0
1730244406.8527467,5.0
1730244406.85703,5.0
1730244406.8607135,5.0
1730244406.86585,5.0
1730244406.8691854,5.0
1730244406.871683,5.0
1730244406.8768263,5.0
1730244406.8808692,5.0
1730244406.884896,5.0
1730244406.888687,5.0
1730244406.8926692,5.0
1730244406.8956823,5.0
1730244406.901787,5.0
1730244406.9047065,5.0
1730244406.9102564,5.0
1730244406.9127371,5.0
1730244406.9169738,5.0
1730244406.9198449,5.0
1730244406.9242752,5.0
1730244406.9280643,5.0
1730244406.9323783,5.0
1730244406.9367175,5.0
1730244406.9408257,5.0
1730244406.9447844,5.0
1730244406.9483972,5.0
1730244406.9523015,5.0
1730244406.9563851,5.0
1730244406.9603715,5.0
1730244406.9653769,5.0
1730244406.9689536,5.0
1730244406.972752,5.0
1730244406.9771273,5.0
1730244406.9798377,5.0
1730244406.984394,5.0
1730244406.987995,5.0
1730244406.9929447,5.0
1730244406.9969826,5.0
1730244407.0001943,5.0
1730244407.003903,5.0
1730244407.0082564,5.0
1730244407.0118437,5.0
1730244407.01605,5.0
1730244407.0209014,5.0
1730244407.0250423,5.0
1730244407.0281234,5.0
1730244407.031958,5.0
1730244407.0361412,5.0
1730244407.0402524,5.0
1730244407.0445883,5.0
1730244407.0483992,5.0
1730244407.053033,5.0
1730244407.056032,5.0
1730244407.0600271,5.0
1730244407.0650432,5.0
1730244407.0690084,5.0
1730244407.0719972,5.0
1730244407.0760193,5.0
1730244407.081951,5.0
1730244407.0859835,5.0
1730244407.089024,5.0
1730244407.0919347,5.0
1730244407.0959496,5.0
1730244407.1001887,5.0
1730244407.10506,5.0
1730244407.1082408,5.0
1730244407.111198,5.0
1730244407.1162677,5.0
1730244407.1200533,5.0
1730244407.1242566,5.0
1730244407.1281693,5.0
1730244407.1323807,5.0
1730244407.136226,5.0
1730244407.1393006,5.0
1730244407.1442564,5.0
1730244407.1487389,5.0
1730244407.1523397,5.0
1730244407.1567364,5.0
1730244407.1606262,5.0
1730244407.1641252,5.0
1730244407.1675527,5.0
1730244407.171157,5.0
1730244407.1764808,5.0
1730244407.1801074,5.0
1730244407.1846704,5.0
1730244407.1880908,5.0
1730244407.192305,5.0
1730244407.1951418,5.0
1730244407.1994257,5.0
1730244407.2041917,5.0
1730244407.2082956,5.0
1730244407.2121167,5.0
1730244407.2167196,5.0
1730244407.220185,5.0
1730244407.2234392,5.0
1730244407.227528,5.0
1730244407.2322826,5.0
1730244407.2365332,5.0
1730244407.2406244,5.0
1730244407.24344,5.0
1730244407.2473211,5.0
1730244407.2513046,5.0
1730244407.2553377,5.0
1730244407.2596967,5.0
1730244407.2649105,5.0
1730244407.268602,5.0
1730244407.2712393,5.0
1730244407.2755947,5.0
1730244407.279255,5.0
1730244407.283959,5.0
1730244407.287267,5.0
1730244407.292457,5.0
1730244407.296239,5.0
1730244407.299758,5.0
1730244407.303284,5.0
1730244407.3074942,5.0
1730244407.311365,5.0
1730244407.315639,5.0
1730244407.3203804,5.0
1730244407.3244882,5.0
1730244407.3282893,5.0
1730244407.3314312,5.0
1730244407.3358817,5.0
1730244407.3400085,5.0
1730244407.3440087,5.0
1730244407.347596,5.0
1730244407.3525248,5.0
1730244407.355427,5.0
1730244407.359938,5.0
1730244407.3634295,5.0
1730244407.3681026,5.0
1730244407.3714576,5.0
1730244407.3760052,5.0
1730244407.379717,5.0
1730244407.3825543,5.0
1730244407.3874886,5.0
1730244407.39198,5.0
1730244407.3954568,5.0
1730244407.4000242,5.0
1730244407.4044588,5.0
1730244407.407621,5.0
1730244407.4109116,5.0
1730244407.415734,5.0
1730244407.4197538,5.0
1730244407.4241357,5.0
1730244407.4277956,5.0
1730244407.432479,5.0
1730244407.4358792,5.0
1730244407.4385264,5.0
1730244407.450585,5.0
1730244407.450601,5.0
1730244407.4514697,5.0
1730244407.4575446,5.0
1730244407.4712107,5.0
1730244407.4712346,5.0
1730244407.4712453,5.0
1730244407.4724188,5.0
1730244407.4754858,5.0
1730244407.4795735,5.0
1730244407.4834783,5.0
1730244407.4875216,5.0
1730244407.4905229,5.0
1730244407.494515,5.0
1730244407.498599,5.0
1730244407.5035677,5.0
1730244407.5151768,5.0
1730244407.5152009,5.0
1730244407.515208,5.0
1730244407.518612,5.0
1730244407.524771,5.0
1730244407.5265353,5.0
1730244407.5319536,5.0
1730244407.535644,5.0
1730244407.5442405,5.0
1730244407.544263,5.0
1730244407.5466857,5.0
1730244407.5506947,5.0
1730244407.5562513,5.0
1730244407.5607104,5.0
1730244407.5635962,5.0
1730244407.5665946,5.0
1730244407.5705843,5.0
1730244407.5748248,5.0
1730244407.57863,5.0
1730244407.5853856,5.0
1730244407.5876231,5.0
1730244407.5916955,5.0
1730244407.59462,5.0
1730244407.5986507,5.0
1730244407.603812,5.0
1730244407.6083767,5.0
1730244407.6112845,5.0
1730244407.6193552,5.0
1730244407.6201203,5.0
1730244407.622778,5.0
1730244407.626786,5.0
1730244407.6308272,5.0
1730244407.63533,5.0
1730244407.6405325,5.0
1730244407.6427135,5.0
1730244407.6477273,5.0
1730244407.6517673,5.0
1730244407.65491,5.0
1730244407.658929,5.0
1730244407.662898,5.0
1730244407.666878,5.0
1730244407.6708512,5.0
1730244407.6758811,5.0
1730244407.6788158,5.0
1730244407.6820168,5.0
1730244407.686871,5.0
1730244407.6909285,5.0
1730244407.6949134,5.0
1730244407.699092,5.0
1730244407.702879,5.0
1730244407.706104,5.0
1730244407.7102263,5.0
1730244407.715196,5.0
1730244407.71923,5.0
1730244407.7230997,5.0
1730244407.7274623,5.0
1730244407.7301292,5.0
1730244407.7342105,5.0
1730244407.738058,5.0
1730244407.7431328,5.0
1730244407.7469573,5.0
1730244407.7511528,5.0
1730244407.7551212,5.0
1730244407.7592337,5.0
1730244407.7619853,5.0
1730244407.7662373,5.0
1730244407.7709491,5.0
1730244407.77519,5.0
1730244407.7789533,5.0
1730244407.7831218,5.0
1730244407.7862675,5.0
1730244407.790181,5.0
1730244407.794305,5.0
1730244407.7992172,5.0
1730244407.8030035,5.0
1730244407.80732,5.0
1730244407.8102973,5.0
1730244407.8147109,5.0
1730244407.8186088,5.0
1730244407.8221655,5.0
1730244407.8280673,5.0
1730244407.83137,5.0
1730244407.8356376,5.0
1730244407.8382232,5.0
1730244407.8422737,5.0
1730244407.8460815,5.0
1730244407.8502748,5.0
1730244407.8540828,5.0
1730244407.8596103,5.0
1730244407.8631036,5.0
1730244407.8663604,5.0
1730244407.8701425,5.0
1730244407.8743043,5.0
1730244407.87809,5.0
1730244407.8823333,5.0
1730244407.8871372,5.0
1730244407.8911011,5.0
1730244407.8941212,5.0
1730244407.8981738,5.0
1730244407.902262,5.0
1730244407.9062,5.0
1730244407.910261,5.0
1730244407.915464,5.0
1730244407.9185295,5.0
1730244407.9224665,5.0
1730244407.926361,5.0
1730244407.9303553,5.0
1730244407.9343772,5.0
1730244407.9383974,5.0
1730244407.9434152,5.0
1730244407.9463751,5.0
1730244407.9514368,5.0
1730244407.954311,5.0
1730244407.9584248,5.0
1730244407.9622848,5.0
1730244407.9664063,5.0
1730244407.971308,5.0
1730244407.9743254,5.0
1730244407.977442,5.0
1730244407.9824882,5.0
1730244407.9862747,5.0
1730244407.9904325,5.0
1730244407.9945111,5.0
1730244407.9984646,5.0
1730244408.0025103,5.0
1730244408.005443,5.0
1730244408.010563,5.0
1730244408.014505,5.0
1730244408.018672,5.0
1730244408.0224664,5.0
1730244408.02548,5.0
1730244408.029664,5.0
1730244408.033677,5.0
1730244408.037366,5.0
1730244408.042575,5.0
1730244408.0465372,5.0
1730244408.050506,5.0
1730244408.0533788,5.0
1730244408.057532,5.0
1730244408.0614233,5.0
1730244408.0655897,5.0
1730244408.0704412,5.0
1730244408.0745645,5.0
1730244408.0784292,5.0
1730244408.0815763,5.0
1730244408.0854628,5.0
1730244408.0896044,5.0
1730244408.0936055,5.0
1730244408.0985825,5.0
1730244408.1028612,5.0
1730244408.1066628,5.0
1730244408.1096632,5.0
1730244408.113668,5.0
1730244408.1177015,5.0
1730244408.1215203,5.0
1730244408.1256616,5.0
1730244408.1306489,5.0
1730244408.134725,5.0
1730244408.137597,5.0
1730244408.1415632,5.0
1730244408.1455808,5.0
1730244408.1495583,5.0
1730244408.1536884,5.0
1730244408.158708,5.0
1730244408.1615708,5.0
1730244408.1658592,5.0
1730244408.1695604,5.0
1730244408.1738598,5.0
1730244408.1777844,5.0
1730244408.18187,5.0
1730244408.1866236,5.0
1730244408.1897871,5.0
1730244408.1937492,5.0
1730244408.1977923,5.0
1730244408.2017872,5.0
1730244408.205804,5.0
1730244408.2097857,5.0
1730244408.2148263,5.0
1730244408.2178369,5.0
1730244408.2218802,5.0
1730244408.2258162,5.0
1730244408.2298744,5.0
1730244408.233843,5.0
1730244408.2377007,5.0
1730244408.2428477,5.0
1730244408.2457871,5.0
1730244408.2488077,5.0
1730244408.2537334,5.0
1730244408.257913,5.0
1730244408.2617767,5.0
1730244408.265921,5.0
1730244408.2698472,5.0
1730244408.272942,5.0
1730244408.2768312,5.0
1730244408.2819264,5.0
1730244408.285904,5.0
1730244408.2899776,5.0
1730244408.2940173,5.0
1730244408.2969725,5.0
1730244408.300969,5.0
1730244408.3049924,5.0
1730244408.310006,5.0
1730244408.314012,5.0
1730244408.3181407,5.0
1730244408.3220284,5.0
1730244408.3259785,5.0
1730244408.3288732,5.0
1730244408.33293,5.0
1730244408.336876,5.0
1730244408.3420317,5.0
1730244408.3459537,5.0
1730244408.3500671,5.0
1730244408.3528883,5.0
1730244408.357021,5.0
1730244408.3610709,5.0
1730244408.3661025,5.0
1730244408.369916,5.0
1730244408.3743017,5.0
1730244408.377154,5.0
1730244408.3811204,5.0
1730244408.384989,5.0
1730244408.3891313,5.0
1730244408.393159,5.0
1730244408.3981466,5.0
1730244408.4021451,5.0
1730244408.4050667,5.0
1730244408.4091463,5.0
1730244408.4131553,5.0
1730244408.4171505,5.0
1730244408.421148,5.0
1730244408.4260902,5.0
1730244408.4301748,5.0
1730244408.4332483,5.0
1730244408.4370918,5.0
1730244408.4412212,5.0
1730244408.445017,5.0
1730244408.4492047,5.0
1730244408.45305,5.0
1730244408.4581754,5.0
1730244408.461046,5.0
1730244408.465182,5.0
1730244408.4691987,5.0
1730244408.473172,5.0
1730244408.477332,5.0
1730244408.4812646,5.0
1730244408.485346,5.0
1730244408.4884071,5.0
1730244408.4933753,5.0
1730244408.4975207,5.0
1730244408.5014212,5.0
1730244408.505231,5.0
1730244408.5111609,5.0
1730244408.5143244,5.0
1730244408.5171618,5.0
1730244408.5213485,5.0
1730244408.5253332,5.0
1730244408.529343,5.0
1730244408.533232,5.0
1730244408.53725,5.0
1730244408.5413587,5.0
1730244408.5443563,5.0
1730244408.5492582,5.0
1730244408.5532165,5.0
1730244408.5574038,5.0
1730244408.5612638,5.0
1730244408.5654292,5.0
1730244408.5693312,5.0
1730244408.572438,5.0
1730244408.576334,5.0
1730244408.5813591,5.0
1730244408.5854907,5.0
1730244408.5895271,5.0
1730244408.5935628,5.0
1730244408.5974884,5.0
1730244408.6004725,5.0
1730244408.60437,5.0
1730244408.6095996,5.0
1730244408.613659,5.0
1730244408.6176677,5.0
1730244408.620504,5.0
1730244408.6245823,5.0
1730244408.6285572,5.0
1730244408.6325543,5.0
1730244408.6374412,5.0
1730244408.6417153,5.0
1730244408.6454515,5.0
1730244408.6484442,5.0
1730244408.659952,5.0
1730244408.659969,5.0
1730244408.6604283,5.0
1730244408.664379,5.0
1730244408.6693962,5.0
1730244408.6734447,5.0
1730244408.676489,5.0
1730244408.6806157,5.0
1730244408.684595,5.0
1730244408.689921,5.0
1730244408.6977289,5.0
1730244408.697746,5.0
1730244408.7016282,5.0
1730244408.7046485,5.0
1730244408.7086637,5.0
1730244408.7127,5.0
1730244408.7166524,5.0
1730244408.7206607,5.0
1730244408.7258136,5.0
1730244408.7284956,5.0
1730244408.7326727,5.0
1730244408.736518,5.0
1730244408.7407105,5.0
1730244408.7445047,5.0
1730244408.7487075,5.0
1730244408.7535615,5.0
1730244408.7566943,5.0
1730244408.7597208,5.0
1730244408.7647352,5.0
1730244408.7687438,5.0
1730244408.7727523,5.0
1730244408.7767696,5.0
1730244408.781766,5.0
1730244408.784768,5.0
1730244408.7875922,5.0
1730244408.7926617,5.0
1730244408.797127,5.0
1730244408.8006363,5.0
1730244408.8062527,5.0
1730244408.809638,5.0
1730244408.812716,5.0
1730244408.815657,5.0
1730244408.8206675,5.0
1730244408.8246417,5.0
1730244408.830161,5.0
1730244408.8384197,5.0
1730244408.8384385,5.0
1730244408.8397005,5.0
1730244408.8437684,5.0
1730244408.8476973,5.0
1730244408.8527036,5.0
1730244408.8568387,5.0
1730244408.8609097,5.0
1730244408.8639498,5.0
1730244408.867941,5.0
1730244408.872012,5.0
1730244408.875922,5.0
1730244408.881035,5.0
1730244408.8850117,5.0
1730244408.8887467,5.0
1730244408.8919425,5.0
1730244408.89586,5.0
1730244408.899933,5.0
1730244408.9037771,5.0
1730244408.9087863,5.0
1730244408.9129725,5.0
1730244408.9169755,5.0
1730244408.919801,5.0
1730244408.9239738,5.0
1730244408.927843,5.0
1730244408.9321032,5.0
1730244408.93685,5.0
1730244408.941037,5.0
1730244408.9440556,5.0
1730244408.9480455,5.0
1730244408.9520476,5.0
1730244408.9560535,5.0
1730244408.9600844,5.0
1730244408.9640849,5.0
1730244408.9690826,5.0
1730244408.9720995,5.0
1730244408.976082,5.0
1730244408.9801073,5.0
1730244408.9841025,5.0
1730244408.9881058,5.0
1730244408.9921172,5.0
1730244408.9971352,5.0
1730244409.0001242,5.0
1730244409.0039833,5.0
1730244409.0081356,5.0
1730244409.011981,5.0
1730244409.0160816,5.0
1730244409.0200183,5.0
1730244409.025136,5.0
1730244409.0280178,5.0
1730244409.0322363,5.0
1730244409.036032,5.0
1730244409.040197,5.0
1730244409.044348,5.0
1730244409.0485065,5.0
1730244409.052266,5.0
1730244409.0552692,5.0
1730244409.0606177,5.0
1730244409.0652392,5.0
1730244409.0682552,5.0
1730244409.0712593,5.0
1730244409.0762424,5.0
1730244409.0802865,5.0
1730244409.0843253,5.0
1730244409.088279,5.0
1730244409.092343,5.0
1730244409.096248,5.0
1730244409.099264,5.0
1730244409.1042223,5.0
1730244409.1082177,5.0
1730244409.1121836,5.0
1730244409.116291,5.0
1730244409.120162,5.0
1730244409.1232977,5.0
1730244409.127306,5.0
1730244414.1505866,5.0
1730244414.1552176,5.0
1730244414.1586232,5.0
1730244414.1611545,5.0
1730244414.1662493,5.0
1730244414.1704016,5.0
1730244414.1743567,5.0
1730244414.1781166,5.0
1730244414.1826155,5.0
1730244414.186119,5.0
1730244414.189638,5.0
1730244414.1931376,5.0
1730244414.198691,5.0
1730244414.2022247,5.0
1730244414.2064934,5.0
1730244414.2101882,5.0
1730244414.2143233,5.0
1730244414.2173688,5.0
1730244414.221321,5.0
1730244414.2261305,5.0
1730244414.2304792,5.0
1730244414.2343934,5.0
1730244414.238451,5.0
1730244414.2417831,5.0
1730244414.2454712,5.0
1730244414.2495964,5.0
1730244414.254424,5.0
1730244414.258668,5.0
1730244414.262938,5.0
1730244414.2667143,5.0
1730244414.2693353,5.0
1730244414.273296,5.0
1730244414.279721,5.0
1730244414.2828188,5.0
1730244414.2864156,5.0
1730244414.290639,5.0
1730244414.2933407,5.0
1730244414.2978315,5.0
1730244414.3012817,5.0
1730244414.3060005,5.0
1730244414.309342,5.0
1730244414.3145125,5.0
1730244414.3183043,5.0
1730244414.32149,5.0
1730244414.325608,5.0
1730244414.329847,5.0
1730244414.3333845,5.0
1730244414.3379247,5.0
1730244414.3427694,5.0
1730244414.346806,5.0
1730244414.3498175,5.0
1730244414.3536513,5.0
1730244414.357965,5.0
1730244414.3614895,5.0
1730244414.3657284,5.0
1730244414.3694634,5.0
1730244414.3746383,5.0
1730244414.3774447,5.0
1730244414.3819551,5.0
1730244414.3855295,5.0
1730244414.3895044,5.0
1730244414.3934553,5.0
1730244414.3988416,5.0
1730244414.401451,5.0
1730244414.4045987,5.0
1730244414.4095504,5.0
1730244414.413779,5.0
1730244414.4176624,5.0
1730244414.422043,5.0
1730244414.4264991,5.0
1730244414.4300337,5.0
1730244414.433038,5.0
1730244414.437828,5.0
1730244414.4418032,5.0
1730244414.4456313,5.0
1730244414.450072,5.0
1730244414.453546,5.0
1730244414.4579473,5.0
1730244414.4605443,5.0
1730244414.465731,5.0
1730244414.4696856,5.0
1730244414.4739072,5.0
1730244414.477682,5.0
1730244414.483028,5.0
1730244414.485588,5.0
1730244414.4890351,5.0
1730244414.4926298,5.0
1730244414.497769,5.0
1730244414.5016472,5.0
1730244414.506156,5.0
1730244414.5090563,5.0
1730244414.5130668,5.0
1730244414.516816,5.0
1730244414.5212731,5.0
1730244414.526002,5.0
1730244414.5299182,5.0
1730244414.534176,5.0
1730244414.5369363,5.0
1730244414.541231,5.0
1730244414.544746,5.0
1730244414.5491593,5.0
1730244414.553922,5.0
1730244414.5580966,5.0
1730244414.5620034,5.0
1730244414.5648303,5.0
1730244414.568694,5.0
1730244414.572996,5.0
1730244414.5767157,5.0
1730244414.581269,5.0
1730244414.5857344,5.0
1730244414.5902634,5.0
1730244414.592718,5.0
1730244414.5970633,5.0
1730244414.601855,5.0
1730244414.6048892,5.0
1730244414.6090336,5.0
1730244414.6130702,5.0
1730244414.6169393,5.0
1730244414.6209617,5.0
1730244414.6259732,5.0
1730244414.6300302,5.0
1730244414.6328776,5.0
1730244414.6370382,5.0
1730244414.6410997,5.0
1730244414.644982,5.0
1730244414.649233,5.0
1730244414.654056,5.0
1730244414.6582644,5.0
1730244414.6609318,5.0
1730244414.6649687,5.0
1730244414.6689036,5.0
1730244414.673222,5.0
1730244414.6769085,5.0
1730244414.682236,5.0
1730244414.6849158,5.0
1730244414.690033,5.0
1730244414.692983,5.0
1730244414.6973083,5.0
1730244414.7009497,5.0
1730244414.7051213,5.0
1730244414.7093616,5.0
1730244414.7132037,5.0
1730244414.7162535,5.0
1730244414.7211664,5.0
1730244414.7252212,5.0
1730244414.729149,5.0
1730244414.7333767,5.0
1730244414.73768,5.0
1730244414.7411418,5.0
1730244414.7440443,5.0
1730244414.7495692,5.0
1730244414.753053,5.0
1730244414.7572308,5.0
1730244414.7611127,5.0
1730244414.7650504,5.0
1730244414.7690823,5.0
1730244414.7721815,5.0
1730244414.7771137,5.0
1730244414.7812152,5.0
1730244414.785036,5.0
1730244414.789251,5.0
1730244414.793113,5.0
1730244414.7972589,5.0
1730244414.8002725,5.0
1730244414.8041563,5.0
1730244414.8091412,5.0
1730244414.8132188,5.0
1730244414.8173504,5.0
1730244414.820259,5.0
1730244414.8242347,5.0
1730244414.8282847,5.0
1730244414.832274,5.0
1730244414.8372526,5.0
1730244414.841293,5.0
1730244414.8453057,5.0
1730244414.8481655,5.0
1730244414.852175,5.0
1730244414.8563137,5.0
1730244414.86015,5.0
1730244414.8653212,5.0
1730244414.86924,5.0
1730244414.8733242,5.0
1730244414.8762252,5.0
1730244414.880574,5.0
1730244414.8842816,5.0
1730244414.888701,5.0
1730244414.8932412,5.0
1730244414.8978188,5.0
1730244414.9012957,5.0
1730244414.9044652,5.0
1730244414.908526,5.0
1730244414.9126325,5.0
1730244414.916895,5.0
1730244414.92081,5.0
1730244414.9256349,5.0
1730244414.9289312,5.0
1730244414.932538,5.0
1730244414.9365244,5.0
1730244414.9407363,5.0
1730244414.9443848,5.0
1730244414.9484737,5.0
1730244414.953478,5.0
1730244414.9565291,5.0
1730244414.9604642,5.0
1730244414.9645488,5.0
1730244414.968336,5.0
1730244414.9726634,5.0
1730244414.976545,5.0
1730244414.9818635,5.0
1730244414.984484,5.0
1730244414.987934,5.0
1730244414.9924688,5.0
1730244414.9967558,5.0
1730244415.000434,5.0
1730244415.004444,5.0
1730244415.0094984,5.0
1730244415.0128984,5.0
1730244415.0164309,5.0
1730244415.0211797,5.0
1730244415.0246274,5.0
1730244415.029245,5.0
1730244415.032676,5.0
1730244415.0371933,5.0
1730244415.0398152,5.0
1730244415.0436504,5.0
1730244415.048595,5.0
1730244415.0525117,5.0
1730244415.0567367,5.0
1730244415.060513,5.0
1730244415.064534,5.0
1730244415.067525,5.0
1730244415.0718017,5.0
1730244415.0765016,5.0
1730244415.0809276,5.0
1730244415.084555,5.0
1730244415.0888927,5.0
1730244415.0921483,5.0
1730244415.096147,5.0
1730244415.1001182,5.0
1730244415.1045845,5.0
1730244415.108757,5.0
1730244415.112753,5.0
1730244415.116746,5.0
1730244415.1197145,5.0
1730244415.12381,5.0
1730244415.1276984,5.0
1730244415.1317463,5.0
1730244415.1367538,5.0
1730244415.140758,5.0
1730244415.1447606,5.0
1730244415.147768,5.0
1730244415.151908,5.0
1730244415.1557992,5.0
1730244415.1596956,5.0
1730244415.1646633,5.0
1730244415.168658,5.0
1730244415.1718493,5.0
1730244415.175817,5.0
1730244415.1801653,5.0
1730244415.1840477,5.0
1730244415.1882262,5.0
1730244415.1927,5.0
1730244415.19695,5.0
1730244415.2000675,5.0
1730244415.204022,5.0
1730244415.208063,5.0
1730244415.2123992,5.0
1730244415.216063,5.0
1730244415.221144,5.0
1730244415.2249491,5.0
1730244415.2279365,5.0
1730244415.2321095,5.0
1730244415.2358308,5.0
1730244415.240207,5.0
1730244415.243795,5.0
1730244415.249245,5.0
1730244415.2518537,5.0
1730244415.254978,5.0
1730244415.259823,5.0
1730244415.264325,5.0
1730244415.2678015,5.0
1730244415.2722647,5.0
1730244415.2768536,5.0
1730244415.280087,5.0
1730244415.283208,5.0
1730244415.288177,5.0
1730244415.2921612,5.0
1730244415.298262,5.0
1730244415.3008907,5.0
1730244415.3043756,5.0
1730244415.3085127,5.0
1730244415.3109925,5.0
1730244415.316072,5.0
1730244415.3207176,5.0
1730244415.3240824,5.0
1730244415.3281524,5.0
1730244415.332085,5.0
1730244415.3360486,5.0
1730244415.3392398,5.0
1730244415.3429973,5.0
1730244415.3480337,5.0
1730244415.35199,5.0
1730244415.3562727,5.0
1730244415.360042,5.0
1730244415.3639789,5.0
1730244415.3672338,5.0
1730244415.3713875,5.0
1730244415.3759894,5.0
1730244415.3801494,5.0
1730244415.3841493,5.0
1730244415.3877904,5.0
1730244415.391703,5.0
1730244415.3951612,5.0
1730244415.399567,5.0
1730244415.4041803,5.0
1730244415.408254,5.0
1730244415.4122024,5.0
1730244415.415092,5.0
1730244415.4190867,5.0
1730244415.4234135,5.0
1730244415.4270933,5.0
1730244415.4323049,5.0
1730244415.4362972,5.0
1730244415.440578,5.0
1730244415.443092,5.0
1730244415.447668,5.0
1730244415.4511523,5.0
1730244415.4554737,5.0
1730244415.4591465,5.0
1730244415.4642785,5.0
1730244415.4681144,5.0
1730244415.471336,5.0
1730244415.475316,5.0
1730244415.4793084,5.0
1730244415.4832778,5.0
1730244415.4882865,5.0
1730244415.4923291,5.0
1730244415.495437,5.0
1730244415.4997268,5.0
1730244415.503268,5.0
1730244415.507732,5.0
1730244415.5113995,5.0
1730244415.515583,5.0
1730244415.520736,5.0
1730244415.5233047,5.0
1730244415.52735,5.0
1730244415.5316808,5.0
1730244415.5352197,5.0
1730244415.5397851,5.0
1730244415.5432377,5.0
1730244415.5484605,5.0
1730244415.5512128,5.0
1730244415.5555992,5.0
1730244415.5594084,5.0
1730244415.56351,5.0
1730244415.5673409,5.0
1730244415.5715652,5.0
1730244415.576318,5.0
1730244415.5794716,5.0
1730244415.583444,5.0
1730244415.587872,5.0
1730244415.5917065,5.0
1730244415.5960183,5.0
1730244415.5999258,5.0
1730244415.6034527,5.0
1730244415.606544,5.0
1730244415.6103494,5.0
1730244415.616026,5.0
1730244415.619432,5.0
1730244415.623476,5.0
1730244415.6273737,5.0
1730244415.6310823,5.0
1730244415.6371713,5.0
1730244415.639844,5.0
1730244415.642556,5.0
1730244415.6477523,5.0
1730244415.6514325,5.0
1730244415.656178,5.0
1730244415.6587572,5.0
1730244415.662668,5.0
1730244415.6671343,5.0
1730244415.6707835,5.0
1730244415.6756244,5.0
1730244415.679628,5.0
1730244415.683654,5.0
1730244415.6867993,5.0
1730244415.6908526,5.0
1730244415.6945434,5.0
1730244415.6989288,5.0
1730244415.7036076,5.0
1730244415.7078352,5.0
1730244415.7117925,5.0
1730244415.7146027,5.0
1730244415.7185097,5.0
1730244415.7230797,5.0
1730244415.7265773,5.0
1730244415.7320852,5.0
1730244415.7355964,5.0
1730244415.7390835,5.0
1730244415.742587,5.0
1730244415.7467167,5.0
1730244415.7505724,5.0
1730244415.7546096,5.0
1730244415.7596052,5.0
1730244415.7638488,5.0
1730244415.7667713,5.0
1730244415.7707546,5.0
1730244415.774649,5.0
1730244415.7787263,5.0
1730244415.7826092,5.0
1730244415.787743,5.0
1730244415.791758,5.0
1730244415.7947671,5.0
1730244415.798709,5.0
1730244415.80279,5.0
1730244415.8067489,5.0
1730244415.8107033,5.0
1730244415.814704,5.0
1730244415.8198607,5.0
1730244415.822828,5.0
1730244415.8266604,5.0
1730244415.8308096,5.0
1730244415.8346517,5.0
1730244415.838779,5.0
1730244415.8437915,5.0
1730244415.8468292,5.0
1730244415.8497996,5.0
1730244415.854828,5.0
1730244415.858766,5.0
1730244415.8629916,5.0
1730244415.8689291,5.0
1730244415.8722534,5.0
1730244415.874936,5.0
1730244415.8780427,5.0
1730244415.8832324,5.0
1730244415.8873415,5.0
1730244415.8912387,5.0
1730244415.8948483,5.0
1730244415.8990304,5.0
1730244415.9017887,5.0
1730244415.9061227,5.0
1730244415.909865,5.0
1730244415.914873,5.0
1730244415.9188838,5.0
1730244415.923013,5.0
1730244415.9268148,5.0
1730244415.931234,5.0
1730244415.9340043,5.0
1730244415.9381306,5.0
1730244415.9428818,5.0
1730244415.9472704,5.0
1730244415.950894,5.0
1730244415.954026,5.0
1730244415.9581556,5.0
1730244415.9624033,5.0
1730244415.9666123,5.0
1730244415.971314,5.0
1730244415.9750822,5.0
1730244415.979267,5.0
1730244415.9824688,5.0
1730244415.9859383,5.0
1730244415.9902368,5.0
1730244415.993881,5.0
1730244415.9982457,5.0
1730244416.0031264,5.0
1730244416.0071795,5.0
1730244416.0100212,5.0
1730244416.0143716,5.0
1730244416.0180075,5.0
1730244416.0225778,5.0
1730244416.0260072,5.0
1730244416.0315387,5.0
1730244416.0349529,5.0
1730244416.038208,5.0
1730244416.042226,5.0
1730244416.0462868,5.0
1730244416.0504465,5.0
1730244416.0541692,5.0
1730244416.0590124,5.0
1730244416.0632565,5.0
1730244416.066717,5.0
1730244416.0707092,5.0
1730244416.0743048,5.0
1730244416.0787685,5.0
1730244416.0822232,5.0
1730244416.08772,5.0
1730244416.0904298,5.0
1730244416.0940511,5.0
1730244416.0987551,5.0
1730244416.1021352,5.0
1730244416.1062596,5.0
1730244416.1100743,5.0
1730244416.1152616,5.0
1730244416.1181307,5.0
1730244416.1212938,5.0
1730244416.126093,5.0
1730244416.130381,5.0
1730244416.1341915,5.0
1730244416.1383371,5.0
1730244416.143098,5.0
1730244416.14627,5.0
1730244416.1503327,5.0
1730244416.1543148,5.0
1730244416.1583357,5.0
1730244416.162282,5.0
1730244416.1663485,5.0
1730244416.1716597,5.0
1730244416.174393,5.0
1730244416.177312,5.0
1730244416.1826177,5.0
1730244416.1864877,5.0
1730244416.1905985,5.0
1730244416.1942985,5.0
1730244416.1984117,5.0
1730244416.2012908,5.0
1730244416.2056308,5.0
1730244416.2103946,5.0
1730244416.2144475,5.0
1730244416.2183712,5.0
1730244416.222846,5.0
1730244416.2262473,5.0
1730244416.2294436,5.0
1730244416.2334068,5.0
1730244416.2388773,5.0
1730244416.2422931,5.0
1730244416.246725,5.0
1730244416.2505045,5.0
1730244416.2545264,5.0
1730244416.258567,5.0
1730244416.262044,5.0
1730244416.2673182,5.0
1730244416.2707987,5.0
1730244416.274526,5.0
1730244416.278928,5.0
1730244416.2818313,5.0
1730244416.285365,5.0
1730244416.289713,5.0
1730244416.293543,5.0
1730244416.2989368,5.0
1730244416.3026695,5.0
1730244416.3060117,5.0
1730244416.3094957,5.0
1730244416.3141603,5.0
1730244416.3174677,5.0
1730244416.3219292,5.0
1730244416.3264985,5.0
1730244416.3308823,5.0
1730244416.333866,5.0
1730244416.3379624,5.0
1730244416.3418465,5.0
1730244416.3461545,5.0
1730244416.350021,5.0
1730244416.3538165,5.0
1730244416.3587737,5.0
1730244416.3621864,5.0
1730244416.3661788,5.0
1730244416.3697677,5.0
1730244416.373789,5.0
1730244416.3775396,5.0
1730244416.3820224,5.0
1730244416.3871207,5.0
1730244416.389738,5.0
1730244416.3935242,5.0
1730244416.3979049,5.0
1730244416.4016068,5.0
1730244416.4058044,5.0
1730244416.409608,5.0
1730244416.4138312,5.0
1730244416.4168265,5.0
1730244416.4220192,5.0
1730244416.4256525,5.0
1730244416.4299157,5.0
1730244416.4337432,5.0
1730244416.4377956,5.0
1730244416.4417984,5.0
1730244416.4447246,5.0
1730244416.4501927,5.0
1730244416.4538732,5.0
1730244416.4581797,5.0
1730244416.4618242,5.0
1730244416.4663284,5.0
1730244416.4703436,5.0
1730244416.4730148,5.0
1730244416.4766517,5.0
1730244416.482221,5.0
1730244416.4858837,5.0
1730244416.4901736,5.0
1730244416.4937284,5.0
1730244416.4980338,5.0
1730244416.5006893,5.0
1730244416.5059905,5.0
1730244416.5097947,5.0
1730244416.5142405,5.0
1730244416.5176928,5.0
1730244416.522045,5.0
1730244416.5247953,5.0
1730244416.529174,5.0
1730244416.53294,5.0
1730244416.5380511,5.0
1730244416.5419438,5.0
1730244416.546348,5.0
1730244416.5492816,5.0
1730244416.5531013,5.0
1730244416.5572248,5.0
1730244416.560868,5.0
1730244416.5663977,5.0
1730244416.5704062,5.0
1730244416.574377,5.0
1730244416.5768304,5.0
1730244416.5812232,5.0
1730244416.5848167,5.0
1730244416.5889907,5.0
1730244416.5938833,5.0
1730244416.5980077,5.0
1730244416.6019428,5.0
1730244416.6050036,5.0
1730244416.6088274,5.0
1730244416.613269,5.0
1730244416.6169677,5.0
1730244416.6213083,5.0
1730244416.625927,5.0
1730244416.6301763,5.0
1730244416.6332448,5.0
1730244416.6373372,5.0
1730244416.6414647,5.0
1730244416.6451015,5.0
1730244416.649393,5.0
1730244416.654336,5.0
1730244416.6572928,5.0
1730244416.6611748,5.0
1730244416.6651113,5.0
1730244416.6689842,5.0
1730244416.673413,5.0
1730244416.677039,5.0
1730244416.682255,5.0
1730244416.6849632,5.0
1730244416.689644,5.0
1730244416.6929953,5.0
1730244416.6972492,5.0
1730244416.7010202,5.0
1730244416.7051866,5.0
1730244416.7100315,5.0
1730244416.7132614,5.0
1730244416.7162452,5.0
1730244416.7212577,5.0
1730244416.7250724,5.0
1730244416.7293236,5.0
1730244416.7332337,5.0
1730244416.7376337,5.0
1730244416.7412283,5.0
1730244416.744042,5.0
1730244416.7496278,5.0
1730244416.7533252,5.0
1730244416.7585225,5.0
1730244416.7621188,5.0
1730244416.7655792,5.0
1730244416.768116,5.0
1730244416.7723725,5.0
1730244416.777167,5.0
1730244416.781686,5.0
1730244416.7852235,5.0
1730244416.7893012,5.0
1730244416.7921286,5.0
1730244416.796651,5.0
1730244416.8003771,5.0
1730244416.8058412,5.0
1730244416.80914,5.0
1730244416.8134282,5.0
1730244416.8171637,5.0
1730244416.8206165,5.0
1730244416.8243637,5.0
1730244416.82884,5.0
1730244416.8327932,5.0
1730244416.837374,5.0
1730244416.841706,5.0
1730244416.8454006,5.0
1730244416.8484173,5.0
1730244416.85233,5.0
1730244416.8568077,5.0
1730244416.8602424,5.0
1730244416.8653896,5.0
1730244416.8694215,5.0
1730244416.872447,5.0
1730244416.8762453,5.0
1730244416.8804126,5.0
1730244416.8842275,5.0
1730244416.8886063,5.0
1730244416.8922627,5.0
1730244416.897733,5.0
1730244416.9005094,5.0
1730244416.9045136,5.0
1730244416.9086869,5.0
1730244416.91252,5.0
1730244416.9168415,5.0
1730244416.9205327,5.0
1730244416.9253745,5.0
1730244416.928764,5.0
1730244416.932439,5.0
1730244416.9370568,5.0
1730244416.940828,5.0
1730244416.9446027,5.0
1730244416.9487295,5.0
1730244416.9535549,5.0
1730244416.9568896,5.0
1730244416.9605725,5.0
1730244416.9645216,5.0
1730244416.968522,5.0
1730244416.972828,5.0
1730244416.9764748,5.0
1730244416.9819987,5.0
1730244416.9844315,5.0
1730244416.9888897,5.0
1730244416.9924133,5.0
1730244416.9966252,5.0
1730244417.000501,5.0
1730244417.004616,5.0
1730244417.0085847,5.0
1730244417.0121057,5.0
1730244417.016766,5.0
1730244417.0206258,5.0
1730244417.0244436,5.0
1730244417.0288525,5.0
1730244417.0331097,5.0
1730244417.0369043,5.0
1730244417.0400867,5.0
1730244417.0435464,5.0
1730244417.049054,5.0
1730244417.0528529,5.0
1730244417.0568192,5.0
1730244417.0606887,5.0
1730244417.064586,5.0
1730244417.0675814,5.0
1730244417.0721643,5.0
1730244417.0765407,5.0
1730244417.0809765,5.0
1730244417.0846007,5.0
1730244417.088955,5.0
1730244417.0926068,5.0
1730244417.0960753,5.0
1730244417.0999806,5.0
1730244417.1047478,5.0
1730244417.1085975,5.0
1730244417.1128025,5.0
1730244417.1157837,5.0
1730244417.1197724,5.0
1730244417.1238182,5.0
1730244417.127752,5.0
1730244417.1317503,5.0
1730244417.136782,5.0
1730244417.1407852,5.0
1730244417.1439447,5.0
1730244417.14777,5.0
1730244417.151766,5.0
1730244417.155796,5.0
1730244417.1597085,5.0
1730244417.16487,5.0
1730244417.168805,5.0
1730244417.1721563,5.0
1730244417.1757092,5.0
1730244417.1800678,5.0
1730244417.1837451,5.0
1730244417.187944,5.0
1730244417.192747,5.0
1730244417.1969488,5.0
1730244417.2000363,5.0
1730244417.2041893,5.0
1730244417.2082407,5.0
1730244417.2121525,5.0
1730244417.2163105,5.0
1730244417.2210584,5.0
1730244417.2243636,5.0
1730244417.2282164,5.0
1730244417.2320907,5.0
1730244417.2360723,5.0
1730244417.240079,5.0
1730244417.243928,5.0
1730244417.249015,5.0
1730244417.2519045,5.0
1730244417.2550275,5.0
1730244417.2598524,5.0
1730244417.264026,5.0
1730244417.267868,5.0
1730244417.272231,5.0
1730244417.2769628,5.0
1730244417.280264,5.0
1730244417.2830288,5.0
1730244417.2885864,5.0
1730244417.2918956,5.0
1730244417.296266,5.0
1730244417.300125,5.0
1730244417.3051908,5.0
1730244417.3082435,5.0
1730244417.3116393,5.0
1730244417.31665,5.0
1730244417.3202891,5.0
1730244417.3249867,5.0
1730244417.3291318,5.0
1730244417.3324895,5.0
1730244417.336207,5.0
1730244417.3392327,5.0
1730244417.3441048,5.0
1730244417.3482523,5.0
1730244417.3520956,5.0
1730244417.3566947,5.0
1730244417.3589957,5.0
1730244417.3632395,5.0
1730244417.367062,5.0
1730244417.3722403,5.0
1730244417.3761213,5.0
1730244417.3805983,5.0
1730244417.3840723,5.0
1730244417.387189,5.0
1730244417.391544,5.0
1730244417.3951504,5.0
1730244417.3991673,5.0
1730244417.404534,5.0
1730244417.408414,5.0
1730244417.4122589,5.0
1730244417.4165523,5.0
1730244417.4193664,5.0
1730244417.423257,5.0
1730244417.427238,5.0
1730244417.4326572,5.0
1730244417.4368098,5.0
1730244417.4405043,5.0
1730244417.4431028,5.0
1730244417.447696,5.0
1730244417.4512055,5.0
1730244417.4554727,5.0
1730244417.460385,5.0
1730244417.464312,5.0
1730244417.467213,5.0
1730244417.4717476,5.0
1730244417.4752553,5.0
1730244417.479338,5.0
1730244417.4834569,5.0
1730244417.488574,5.0
1730244417.492226,5.0
1730244417.4954824,5.0
1730244417.499752,5.0
1730244417.504356,5.0
1730244417.5085158,5.0
1730244417.5114985,5.0
1730244417.51558,5.0
1730244417.5199044,5.0
1730244417.5233696,5.0
1730244417.5274897,5.0
1730244417.5328112,5.0
1730244417.5353906,5.0
1730244417.539703,5.0
1730244417.5433185,5.0
1730244417.5476077,5.0
1730244417.5512674,5.0
1730244417.555496,5.0
1730244417.5603943,5.0
1730244417.5634542,5.0
1730244417.5663,5.0
1730244417.571876,5.0
1730244417.575349,5.0
1730244417.5798316,5.0
1730244417.5833428,5.0
1730244417.5888152,5.0
1730244417.5915008,5.0
1730244417.594522,5.0
1730244417.5998192,5.0
1730244417.6033225,5.0
1730244417.6078615,5.0
1730244417.6119776,5.0
1730244417.616736,5.0
1730244417.6196747,5.0
1730244417.6230383,5.0
1730244417.6281576,5.0
1730244417.632033,5.0
1730244417.6354735,5.0
1730244417.639964,5.0
1730244417.6435308,5.0
1730244417.6466572,5.0
1730244417.650514,5.0
1730244417.6557405,5.0
1730244417.6595483,5.0
1730244417.6639168,5.0
1730244417.6674876,5.0
1730244417.6720235,5.0
1730244417.6746535,5.0
1730244417.6786485,5.0
1730244417.6835227,5.0
1730244417.687726,5.0
1730244417.69167,5.0
1730244417.696185,5.0
1730244417.6985457,5.0
1730244417.703066,5.0
1730244417.7067473,5.0
1730244417.7107043,5.0
1730244417.7158256,5.0
1730244417.7202418,5.0
1730244417.723771,5.0
1730244417.7266324,5.0
1730244417.7306876,5.0
1730244417.7345388,5.0
1730244417.7387793,5.0
1730244417.743621,5.0
1730244417.7479663,5.0
1730244417.7505217,5.0
1730244417.7546284,5.0
1730244417.7585518,5.0
1730244417.7630548,5.0
1730244417.7666929,5.0
1730244417.77208,5.0
1730244417.7756033,5.0
1730244417.7791295,5.0
1730244417.7830992,5.0
1730244417.787039,5.0
1730244417.7907438,5.0
1730244417.794718,5.0
1730244417.799652,5.0
1730244417.80466,5.0
1730244417.8087137,5.0
1730244417.8121164,5.0
1730244417.8148215,5.0
1730244417.8187575,5.0
1730244417.822971,5.0
1730244417.8268063,5.0
1730244417.8320577,5.0
1730244417.834685,5.0
1730244417.8392296,5.0
1730244417.8427832,5.0
1730244417.8469791,5.0
1730244417.8506992,5.0
1730244417.8548436,5.0
1730244417.8597653,5.0
1730244417.86328,5.0
1730244417.8667338,5.0
1730244417.870999,5.0
1730244417.874915,5.0
1730244417.878935,5.0
1730244417.882998,5.0
1730244417.8868823,5.0
1730244417.8899176,5.0
1730244417.8948436,5.0
1730244417.8989432,5.0
1730244417.902925,5.0
1730244417.906794,5.0
1730244417.9108405,5.0
1730244417.9147668,5.0
1730244417.917886,5.0
1730244417.9217892,5.0
1730244417.926984,5.0
1730244417.9310284,5.0
1730244417.9348466,5.0
1730244417.938873,5.0
1730244417.9428766,5.0
1730244417.9459505,5.0
1730244417.9500265,5.0
1730244417.9548724,5.0
1730244417.958846,5.0
1730244417.9630148,5.0
1730244417.9669263,5.0
1730244417.9708953,5.0
1730244417.9739883,5.0
1730244417.9780493,5.0
1730244417.9830475,5.0
1730244417.9871347,5.0
1730244417.9910152,5.0
1730244417.9939196,5.0
1730244417.9981515,5.0
1730244418.0021214,5.0
1730244418.0060906,5.0
1730244418.0111628,5.0
1730244418.01521,5.0
1730244418.0190904,5.0
1730244418.0220585,5.0
1730244418.026012,5.0
1730244418.0301113,5.0
1730244418.0339563,5.0
1730244418.0380232,5.0
1730244418.0431316,5.0
1730244418.047,5.0
1730244418.049964,5.0
1730244418.0540428,5.0
1730244418.058067,5.0
1730244418.062107,5.0
1730244418.0661943,5.0
1730244418.0711896,5.0
1730244418.0750113,5.0
1730244418.0782976,5.0
1730244418.08223,5.0
1730244418.0863876,5.0
1730244418.0901425,5.0
1730244418.0943463,5.0
1730244418.099455,5.0
1730244418.10249,5.0
1730244418.1064093,5.0
1730244418.1101265,5.0
1730244418.1143937,5.0
1730244418.1181536,5.0
1730244418.1222694,5.0
1730244418.1272476,5.0
1730244418.1302824,5.0
1730244418.1342454,5.0
1730244418.138326,5.0
1730244418.142143,5.0
1730244418.1463747,5.0
1730244418.1501796,5.0
1730244418.1553683,5.0
1730244418.158163,5.0
1730244418.1613543,5.0
1730244418.1663256,5.0
1730244418.1702728,5.0
1730244418.1743827,5.0
1730244418.178362,5.0
1730244418.1832185,5.0
1730244418.1863885,5.0
1730244418.191258,5.0
1730244418.1942136,5.0
1730244418.1983745,5.0
1730244418.202381,5.0
1730244418.2063963,5.0
1730244418.211366,5.0
1730244418.214393,5.0
1730244418.2172503,5.0
1730244418.222294,5.0
1730244418.2264202,5.0
1730244418.2304325,5.0
1730244418.2343795,5.0
1730244418.2374525,5.0
1730244418.2413013,5.0
1730244418.2454648,5.0
1730244418.2495315,5.0
1730244418.2545576,5.0
1730244418.2583792,5.0
1730244418.2625551,5.0
1730244418.2655427,5.0
1730244418.269563,5.0
1730244418.273554,5.0
1730244418.2775147,5.0
1730244418.2823913,5.0
1730244418.2864904,5.0
1730244418.2905653,5.0
1730244418.2934344,5.0
1730244418.2975411,5.0
1730244418.3015432,5.0
1730244418.3055592,5.0
1730244418.311689,5.0
1730244418.314714,5.0
1730244418.318592,5.0
1730244418.3215947,5.0
1730244418.3254817,5.0
1730244418.3295631,5.0
1730244418.3336587,5.0
1730244418.3386824,5.0
1730244418.3424828,5.0
1730244418.3456433,5.0
1730244418.349698,5.0
1730244418.3536892,5.0
1730244418.3576603,5.0
1730244418.3615432,5.0
1730244418.3655837,5.0
1730244418.370641,5.0
1730244418.373695,5.0
1730244418.3777752,5.0
1730244418.3816168,5.0
1730244418.385811,5.0
1730244418.3897088,5.0
1730244418.3937469,5.0
1730244418.398707,5.0
1730244418.4025257,5.0
1730244418.4064395,5.0
1730244418.4096315,5.0
1730244418.413776,5.0
1730244418.4176311,5.0
1730244418.4217927,5.0
1730244418.4267533,5.0
1730244418.4307892,5.0
1730244418.4337523,5.0
1730244418.4377215,5.0
1730244418.4416018,5.0
1730244418.4459815,5.0
1730244418.4497707,5.0
1730244418.4538164,5.0
1730244418.4568543,5.0
1730244418.460878,5.0
1730244418.465816,5.0
1730244418.4698527,5.0
1730244418.4738915,5.0
1730244418.4778895,5.0
1730244418.4817402,5.0
1730244418.4848936,5.0
1730244418.4889135,5.0
1730244418.493852,5.0
1730244418.4979758,5.0
1730244418.5018578,5.0
1730244418.5058117,5.0
1730244418.5098493,5.0
1730244418.5128927,5.0
1730244418.51694,5.0
1730244418.5219133,5.0
1730244418.5257385,5.0
1730244418.5299854,5.0
1730244418.5337472,5.0
1730244418.538034,5.0
1730244418.5411725,5.0
1730244418.5449803,5.0
1730244418.549001,5.0
1730244418.5540292,5.0
1730244418.5581489,5.0
1730244418.561026,5.0
1730244418.5649955,5.0
1730244418.568997,5.0
1730244418.572924,5.0
1730244418.5769093,5.0
1730244418.5820067,5.0
1730244418.5859773,5.0
1730244418.588976,5.0
1730244418.593007,5.0
1730244418.597022,5.0
1730244418.6009555,5.0
1730244418.6050344,5.0
1730244418.61006,5.0
1730244418.6140008,5.0
1730244418.6168644,5.0
1730244418.621,5.0
1730244418.624941,5.0
1730244418.6291072,5.0
1730244418.633084,5.0
1730244418.637167,5.0
1730244418.641945,5.0
1730244418.6451,5.0
1730244418.6492348,5.0
1730244418.6531465,5.0
1730244418.6572304,5.0
1730244418.6612072,5.0
1730244418.6653185,5.0
1730244418.669482,5.0
1730244418.672258,5.0
1730244418.677461,5.0
1730244418.6812174,5.0
1730244418.6854572,5.0
1730244418.6893995,5.0
1730244418.6930425,5.0
1730244418.697074,5.0
1730244418.700048,5.0
1730244418.7052724,5.0
1730244418.7091448,5.0
1730244418.7130525,5.0
1730244418.7172394,5.0
1730244418.721231,5.0
1730244418.7251563,5.0
1730244418.728233,5.0
1730244418.7330568,5.0
1730244418.7372646,5.0
1730244418.7413335,5.0
1730244418.7452624,5.0
1730244418.7492776,5.0
1730244418.7532668,5.0
1730244418.756254,5.0
1730244418.7601857,5.0
1730244418.7652807,5.0
1730244418.769312,5.0
1730244418.773323,5.0
1730244418.7773902,5.0
1730244418.7813168,5.0
1730244418.7842844,5.0
1730244418.7883532,5.0
1730244418.7933629,5.0
1730244418.797357,5.0
1730244418.8013625,5.0
1730244418.804388,5.0
1730244418.8081732,5.0
1730244418.8124824,5.0
1730244418.8162773,5.0
1730244418.821359,5.0
1730244418.825238,5.0
1730244418.829331,5.0
1730244418.8324704,5.0
1730244418.8365228,5.0
1730244418.8404455,5.0
1730244418.8443904,5.0
1730244418.848457,5.0
1730244418.8534715,5.0
1730244418.8575237,5.0
1730244418.860542,5.0
1730244418.864566,5.0
1730244418.868584,5.0
1730244418.8723695,5.0
1730244418.87644,5.0
1730244418.8815532,5.0
1730244418.885587,5.0
1730244418.8885496,5.0
1730244418.8924303,5.0
1730244418.8965287,5.0
1730244418.9004135,5.0
1730244418.9045477,5.0
1730244418.909748,5.0
1730244418.9124131,5.0
1730244418.916391,5.0
1730244418.9205863,5.0
1730244418.9244158,5.0
1730244418.9285471,5.0
1730244418.9325929,5.0
1730244418.937908,5.0
1730244418.9404323,5.0
1730244418.9445908,5.0
1730244418.948624,5.0
1730244418.9526448,5.0
1730244418.9565892,5.0
1730244418.960637,5.0
1730244418.9656928,5.0
1730244418.9686613,5.0
1730244418.9716609,5.0
1730244418.9765043,5.0
1730244418.9805136,5.0
1730244418.984497,5.0
1730244418.9885297,5.0
1730244418.9935243,5.0
1730244418.996506,5.0
1730244419.000523,5.0
1730244419.004527,5.0
1730244419.008679,5.0
1730244419.012534,5.0
1730244419.01655,5.0
1730244419.02055,5.0
1730244419.0235696,5.0
1730244419.027593,5.0
1730244419.0327928,5.0
1730244419.036759,5.0
1730244419.0406067,5.0
1730244419.044619,5.0
1730244419.0489268,5.0
1730244419.0518353,5.0
1730244419.0559204,5.0
1730244419.0608504,5.0
1730244419.064928,5.0
1730244419.068944,5.0
1730244419.073033,5.0
1730244419.0757017,5.0
1730244419.079886,5.0
1730244419.0837057,5.0
1730244419.0880835,5.0
1730244419.0927513,5.0
1730244419.0969944,5.0
1730244419.100742,5.0
1730244419.1041284,5.0
1730244419.107977,5.0
1730244419.111956,5.0
1730244419.1160069,5.0
1730244419.1209323,5.0
1730244419.1247785,5.0
1730244419.127968,5.0
1730244419.1319628,5.0
1730244419.1360312,5.0
1730244419.1398296,5.0
1730244419.1440032,5.0
1730244419.1488516,5.0
1730244419.1529937,5.0
1730244419.1559744,5.0
1730244419.1599753,5.0
1730244419.1639953,5.0
1730244419.1680198,5.0
1730244419.1720388,5.0
1730244419.177052,5.0
1730244419.180828,5.0
1730244419.1838288,5.0
1730244419.1880152,5.0
1730244419.191841,5.0
1730244419.1960049,5.0
1730244419.199892,5.0
1730244424.23111,5.0
1730244424.2339723,5.0
1730244424.2381284,5.0
1730244424.2417884,5.0
1730244424.2463849,5.0
1730244424.2498093,5.0
1730244424.2548387,5.0
1730244424.2589087,5.0
1730244424.262228,5.0
1730244424.2657669,5.0
1730244424.2701733,5.0
1730244424.273785,5.0
1730244424.2782683,5.0
1730244424.2827325,5.0
1730244424.2869992,5.0
1730244424.2907443,5.0
1730244424.2943704,5.0
1730244424.2979312,5.0
1730244424.3022168,5.0
1730244424.3063748,5.0
1730244424.3112922,5.0
1730244424.3147557,5.0
1730244424.318297,5.0
1730244424.3224366,5.0
1730244424.326058,5.0
1730244424.3301256,5.0
1730244424.333884,5.0
1730244424.3380597,5.0
1730244424.3431013,5.0
1730244424.346072,5.0
1730244424.349894,5.0
1730244424.35401,5.0
1730244424.3579404,5.0
1730244424.3623695,5.0
1730244424.3669584,5.0
1730244424.371234,5.0
1730244424.3738377,5.0
1730244424.378065,5.0
1730244424.381872,5.0
1730244424.386365,5.0
1730244424.3898313,5.0
1730244424.3950052,5.0
1730244424.3980496,5.0
1730244424.4017084,5.0
1730244424.4058993,5.0
1730244424.4102428,5.0
1730244424.4142945,5.0
1730244424.4184003,5.0
1730244424.4230556,5.0
1730244424.426218,5.0
1730244424.4294958,5.0
1730244424.4340196,5.0
1730244424.438383,5.0
1730244424.4421663,5.0
1730244424.4462297,5.0
1730244424.4511273,5.0
1730244424.4540627,5.0
1730244424.456951,5.0
1730244424.4622488,5.0
1730244424.4659376,5.0
1730244424.4701562,5.0
1730244424.473986,5.0
1730244424.4771552,5.0
1730244424.4811811,5.0
1730244424.4855716,5.0
1730244424.4900613,5.0
1730244424.494174,5.0
1730244424.4980218,5.0
1730244424.5023108,5.0
1730244424.5050745,5.0
1730244424.509709,5.0
1730244424.513537,5.0
1730244424.5173233,5.0
1730244424.5222948,5.0
1730244424.5262325,5.0
1730244424.5302353,5.0
1730244424.5330956,5.0
1730244424.5372758,5.0
1730244424.5410771,5.0
1730244424.5450916,5.0
1730244424.550098,5.0
1730244424.5543752,5.0
1730244424.5581062,5.0
1730244424.561241,5.0
1730244424.5651,5.0
1730244424.5696502,5.0
1730244424.5732484,5.0
1730244424.5784447,5.0
1730244424.5820944,5.0
1730244424.5853572,5.0
1730244424.589347,5.0
1730244424.593258,5.0
1730244424.5978668,5.0
1730244424.601652,5.0
1730244424.6064975,5.0
1730244424.6104572,5.0
1730244424.613475,5.0
1730244424.6179116,5.0
1730244424.621762,5.0
1730244424.6254573,5.0
1730244424.6294916,5.0
1730244424.6333668,5.0
1730244424.638791,5.0
1730244424.6413884,5.0
1730244424.6459277,5.0
1730244424.649295,5.0
1730244424.653329,5.0
1730244424.657246,5.0
1730244424.6617243,5.0
1730244424.6664128,5.0
1730244424.669616,5.0
1730244424.673242,5.0
1730244424.6777773,5.0
1730244424.681394,5.0
1730244424.6855574,5.0
1730244424.6894577,5.0
1730244424.69346,5.0
1730244424.6965008,5.0
1730244424.7010388,5.0
1730244424.705302,5.0
1730244424.709465,5.0
1730244424.7135136,5.0
1730244424.7179167,5.0
1730244424.7215564,5.0
1730244424.7243176,5.0
1730244424.728786,5.0
1730244424.7334592,5.0
1730244424.7378776,5.0
1730244424.7415628,5.0
1730244424.745633,5.0
1730244424.7495089,5.0
1730244424.7527895,5.0
1730244424.756415,5.0
1730244424.7617176,5.0
1730244424.765508,5.0
1730244424.7699933,5.0
1730244424.773406,5.0
1730244424.7778296,5.0
1730244424.7810187,5.0
1730244424.7845216,5.0
1730244424.7896955,5.0
1730244424.7935803,5.0
1730244424.7979949,5.0
1730244424.8017824,5.0
1730244424.8061988,5.0
1730244424.808588,5.0
1730244424.8131492,5.0
1730244424.8179176,5.0
1730244424.822039,5.0
1730244424.8258405,5.0
1730244424.8290503,5.0
1730244424.8324945,5.0
1730244424.8367517,5.0
1730244424.8405716,5.0
1730244424.845822,5.0
1730244424.8495812,5.0
1730244424.853698,5.0
1730244424.85651,5.0
1730244424.8607087,5.0
1730244424.8645115,5.0
1730244424.8689644,5.0
1730244424.872834,5.0
1730244424.8780603,5.0
1730244424.8816452,5.0
1730244424.8846433,5.0
1730244424.889096,5.0
1730244424.8931963,5.0
1730244424.8968587,5.0
1730244424.9013157,5.0
1730244424.9061048,5.0
1730244424.9100533,5.0
1730244424.9130893,5.0
1730244424.9169042,5.0
1730244424.921147,5.0
1730244424.9245985,5.0
1730244424.929234,5.0
1730244424.9340036,5.0
1730244424.9370203,5.0
1730244424.940653,5.0
1730244424.944805,5.0
1730244424.9486327,5.0
1730244424.9530444,5.0
1730244424.9587452,5.0
1730244424.9621704,5.0
1730244424.964696,5.0
1730244424.969222,5.0
1730244424.972963,5.0
1730244424.9825072,5.0
1730244424.9825358,5.0
1730244424.9871204,5.0
1730244424.9950852,5.0
1730244424.995335,5.0
1730244424.995767,5.0
1730244425.0120244,5.0
1730244425.0120516,5.0
1730244425.0120628,5.0
1730244425.013003,5.0
1730244425.0168953,5.0
1730244425.0209353,5.0
1730244425.023723,5.0
1730244425.02872,5.0
1730244425.032735,5.0
1730244425.0376532,5.0
1730244425.0408492,5.0
1730244425.0449688,5.0
1730244425.0488193,5.0
1730244425.0519648,5.0
1730244425.0559857,5.0
1730244425.0609572,5.0
1730244425.075832,5.0
1730244425.0758574,5.0
1730244425.075866,5.0
1730244425.0758753,5.0
1730244425.0800636,5.0
1730244425.0850165,5.0
1730244425.0929008,5.0
1730244425.0929427,5.0
1730244425.099288,5.0
1730244425.1002312,5.0
1730244425.1038666,5.0
1730244425.1078987,5.0
1730244425.1119256,5.0
1730244425.1170626,5.0
1730244425.12514,5.0
1730244425.125157,5.0
1730244425.1280031,5.0
1730244425.131925,5.0
1730244425.1360755,5.0
1730244425.1399047,5.0
1730244425.1452992,5.0
1730244425.1511414,5.0
1730244425.1529677,5.0
1730244425.1560576,5.0
1730244425.1599567,5.0
1730244425.1639488,5.0
1730244425.1681373,5.0
1730244425.1721373,5.0
1730244425.1771476,5.0
1730244425.180127,5.0
1730244425.184167,5.0
1730244425.1882093,5.0
1730244425.1922448,5.0
1730244425.1961613,5.0
1730244425.201605,5.0
1730244425.2051344,5.0
1730244425.208346,5.0
1730244425.2126486,5.0
1730244425.2162373,5.0
1730244425.2202325,5.0
1730244425.2241254,5.0
1730244425.2286837,5.0
1730244425.2331643,5.0
1730244425.2363777,5.0
1730244425.2401378,5.0
1730244425.2444224,5.0
1730244425.248192,5.0
1730244425.2527344,5.0
1730244425.2561831,5.0
1730244425.261557,5.0
1730244425.2642868,5.0
1730244425.268505,5.0
1730244425.2722116,5.0
1730244425.2766745,5.0
1730244425.280758,5.0
1730244425.284376,5.0
1730244425.2883077,5.0
1730244425.2912722,5.0
1730244425.2956169,5.0
1730244425.3009713,5.0
1730244425.304428,5.0
1730244425.3084855,5.0
1730244425.3128605,5.0
1730244425.3154025,5.0
1730244425.3198044,5.0
1730244425.3233087,5.0
1730244425.3287125,5.0
1730244425.33227,5.0
1730244425.336517,5.0
1730244425.3403027,5.0
1730244425.3433304,5.0
1730244425.3475175,5.0
1730244425.3515573,5.0
1730244425.3563142,5.0
1730244425.3608258,5.0
1730244425.3643486,5.0
1730244425.3686702,5.0
1730244425.3720317,5.0
1730244425.3760774,5.0
1730244425.379918,5.0
1730244425.3836343,5.0
1730244425.3890247,5.0
1730244425.392866,5.0
1730244425.3961585,5.0
1730244425.3995552,5.0
1730244425.4040856,5.0
1730244425.407437,5.0
1730244425.4118395,5.0
1730244425.4165485,5.0
1730244425.4209597,5.0
1730244425.4235306,5.0
1730244425.427778,5.0
1730244425.431516,5.0
1730244425.4361055,5.0
1730244425.439478,5.0
1730244425.443685,5.0
1730244425.448481,5.0
1730244425.4516811,5.0
1730244425.455986,5.0
1730244425.460192,5.0
1730244425.4642065,5.0
1730244425.4678984,5.0
1730244425.4728467,5.0
1730244425.4769964,5.0
1730244425.48008,5.0
1730244425.4838505,5.0
1730244425.4879687,5.0
1730244425.4916828,5.0
1730244425.4958825,5.0
1730244425.4996915,5.0
1730244425.504738,5.0
1730244425.5076814,5.0
1730244425.51196,5.0
1730244425.5155704,5.0
1730244425.520138,5.0
1730244425.5236058,5.0
1730244425.527953,5.0
1730244425.532693,5.0
1730244425.535867,5.0
1730244425.5395832,5.0
1730244425.5440528,5.0
1730244425.547807,5.0
1730244425.5518963,5.0
1730244425.556684,5.0
1730244425.5601068,5.0
1730244425.5631096,5.0
1730244425.5682166,5.0
1730244425.5721052,5.0
1730244425.5761988,5.0
1730244425.580031,5.0
1730244425.5840273,5.0
1730244425.588184,5.0
1730244425.5907383,5.0
1730244425.595988,5.0
1730244425.5997696,5.0
1730244425.6042132,5.0
1730244425.607735,5.0
1730244425.6118348,5.0
1730244425.6157527,5.0
1730244425.6192334,5.0
1730244425.622714,5.0
1730244425.6280918,5.0
1730244425.6317809,5.0
1730244425.636118,5.0
1730244425.639787,5.0
1730244425.6431384,5.0
1730244425.6469655,5.0
1730244425.6513824,5.0
1730244425.6558738,5.0
1730244425.660077,5.0
1730244425.664189,5.0
1730244425.6671188,5.0
1730244425.6712434,5.0
1730244425.6749468,5.0
1730244425.6790133,5.0
1730244425.68412,5.0
1730244425.6883304,5.0
1730244425.6925416,5.0
1730244425.6950295,5.0
1730244425.6989124,5.0
1730244425.7030544,5.0
1730244425.7068913,5.0
1730244425.7122395,5.0
1730244425.716054,5.0
1730244425.7202785,5.0
1730244425.7228825,5.0
1730244425.72724,5.0
1730244425.7309933,5.0
1730244425.7350688,5.0
1730244425.7400224,5.0
1730244425.7443657,5.0
1730244425.747352,5.0
1730244425.751232,5.0
1730244425.755047,5.0
1730244425.7593744,5.0
1730244425.7631545,5.0
1730244425.7670915,5.0
1730244425.7722633,5.0
1730244425.7751732,5.0
1730244425.7791932,5.0
1730244425.7830412,5.0
1730244425.7875483,5.0
1730244425.79107,5.0
1730244425.7956157,5.0
1730244425.800758,5.0
1730244425.8032742,5.0
1730244425.807052,5.0
1730244425.8112247,5.0
1730244425.8150804,5.0
1730244425.8196445,5.0
1730244425.8230395,5.0
1730244425.828643,5.0
1730244425.831074,5.0
1730244425.834212,5.0
1730244425.839265,5.0
1730244425.8433568,5.0
1730244425.847375,5.0
1730244425.8516886,5.0
1730244425.8560991,5.0
1730244425.8592708,5.0
1730244425.86263,5.0
1730244425.8678265,5.0
1730244425.8716674,5.0
1730244425.875413,5.0
1730244425.8797076,5.0
1730244425.883258,5.0
1730244425.8863752,5.0
1730244425.890185,5.0
1730244425.8956983,5.0
1730244425.8992708,5.0
1730244425.9032924,5.0
1730244425.9071963,5.0
1730244425.9117951,5.0
1730244425.914221,5.0
1730244425.9185092,5.0
1730244425.9232044,5.0
1730244425.9276905,5.0
1730244425.932217,5.0
1730244425.9355693,5.0
1730244425.9392543,5.0
1730244425.943448,5.0
1730244425.947847,5.0
1730244425.9505515,5.0
1730244425.954496,5.0
1730244425.9585545,5.0
1730244425.9627402,5.0
1730244425.967451,5.0
1730244425.9782803,5.0
1730244425.978487,5.0
1730244425.9784966,5.0
1730244425.9824476,5.0
1730244425.9867375,5.0
1730244425.990317,5.0
1730244425.998871,5.0
1730244425.9993286,5.0
1730244426.016598,5.0
1730244426.016624,5.0
1730244426.016636,5.0
1730244426.0166469,5.0
1730244426.0184216,5.0
1730244426.0224462,5.0
1730244426.0276103,5.0
1730244426.0366387,5.0
1730244426.0366583,5.0
1730244426.0383966,5.0
1730244426.0424988,5.0
1730244426.0464408,5.0
1730244426.0505233,5.0
1730244426.0582557,5.0
1730244426.0611737,5.0
1730244426.0624871,5.0
1730244426.070775,5.0
1730244426.070809,5.0
1730244426.0797,5.0
1730244426.0797105,5.0
1730244426.0834265,5.0
1730244426.0866177,5.0
1730244426.0904288,5.0
1730244426.0944653,5.0
1730244426.0984592,5.0
1730244426.1063328,5.0
1730244426.1087153,5.0
1730244426.1116524,5.0
1730244426.1180587,5.0
1730244426.1184633,5.0
1730244427.148424,5.0
1730244427.1608355,5.0
1730244427.1608703,5.0
1730244427.161085,5.0
1730244427.1650908,5.0
1730244427.1682522,5.0
1730244427.1721635,5.0
1730244427.1762774,5.0
1730244427.1845157,5.0
1730244427.1845424,5.0
1730244427.197684,5.0
1730244427.1977088,5.0
1730244427.197719,5.0
1730244427.2015896,5.0
1730244427.204213,5.0
1730244427.2081883,5.0
1730244427.2121382,5.0
1730244427.217395,5.0
1730244427.2201507,5.0
1730244427.2241344,5.0
1730244427.2290764,5.0
1730244427.2322562,5.0
1730244427.242302,5.0
1730244427.2423236,5.0
1730244427.2453933,5.0
1730244427.2509391,5.0
1730244427.252148,5.0
1730244427.258394,5.0
1730244427.2602007,5.0
1730244427.264164,5.0
1730244427.2708597,5.0
1730244427.273245,5.0
1730244427.2780747,5.0
1730244427.2807963,5.0
1730244427.2843542,5.0
1730244427.288592,5.0
1730244427.292674,5.0
1730244427.2966723,5.0
1730244427.3003297,5.0
1730244427.3042877,5.0
1730244427.3079164,5.0
1730244427.3131187,5.0
1730244427.3164327,5.0
1730244427.320708,5.0
1730244427.324327,5.0
1730244427.3285425,5.0
1730244427.332592,5.0
1730244427.3355205,5.0
1730244427.3404758,5.0
1730244427.3446364,5.0
1730244427.348539,5.0
1730244427.3530693,5.0
1730244427.3554957,5.0
1730244427.359622,5.0
1730244427.3635845,5.0
1730244427.3675992,5.0
1730244427.3724525,5.0
1730244427.37665,5.0
1730244427.3805082,5.0
1730244427.3836193,5.0
1730244427.3875923,5.0
1730244427.3916268,5.0
1730244427.3956397,5.0
1730244427.4006476,5.0
1730244427.404652,5.0
1730244427.408603,5.0
1730244427.4116333,5.0
1730244427.415634,5.0
1730244427.4196684,5.0
1730244427.4235065,5.0
1730244427.4286647,5.0
1730244427.432622,5.0
1730244427.435674,5.0
1730244427.43951,5.0
1730244427.443746,5.0
1730244427.447589,5.0
1730244427.4517202,5.0
1730244427.4565911,5.0
1730244427.460698,5.0
1730244427.4634717,5.0
1730244427.4674652,5.0
1730244427.471491,5.0
1730244427.475496,5.0
1730244427.4795191,5.0
1730244427.484499,5.0
1730244427.4885876,5.0
1730244427.4915805,5.0
1730244427.4955626,5.0
1730244427.499593,5.0
1730244427.5036628,5.0
1730244427.5075965,5.0
1730244427.511634,5.0
1730244427.516819,5.0
1730244427.5197518,5.0
1730244427.5237467,5.0
1730244427.5281155,5.0
1730244427.5317469,5.0
1730244427.5358732,5.0
1730244427.540758,5.0
1730244427.5443962,5.0
1730244427.546903,5.0
1730244427.5522516,5.0
1730244427.5557127,5.0
1730244427.560234,5.0
1730244427.5637977,5.0
1730244427.5692637,5.0
1730244427.571942,5.0
1730244427.5748508,5.0
1730244427.5802355,5.0
1730244427.5838065,5.0
1730244427.588201,5.0
1730244427.5921345,5.0
1730244427.5962536,5.0
1730244427.5999925,5.0
1730244427.6029477,5.0
1730244427.6067815,5.0
1730244427.6122465,5.0
1730244427.615831,5.0
1730244427.62028,5.0
1730244427.6238773,5.0
1730244427.628246,5.0
1730244427.6308603,5.0
1730244427.635014,5.0
1730244427.639918,5.0
1730244427.6439624,5.0
1730244427.6478877,5.0
1730244427.6522532,5.0
1730244427.6559253,5.0
1730244427.6592472,5.0
1730244427.6630576,5.0
1730244427.668244,5.0
1730244427.6720572,5.0
1730244427.6762724,5.0
1730244427.6791153,5.0
1730244427.683402,5.0
1730244427.6872516,5.0
1730244427.6911905,5.0
1730244427.6949284,5.0
1730244427.7003984,5.0
1730244427.7042732,5.0
1730244427.7069404,5.0
1730244427.7111552,5.0
1730244427.715057,5.0
1730244427.7191627,5.0
1730244427.722954,5.0
1730244427.72835,5.0
1730244427.7320838,5.0
1730244427.7350686,5.0
1730244427.7389903,5.0
1730244427.743114,5.0
1730244427.7470655,5.0
1730244427.7513397,5.0
1730244427.75603,5.0
1730244427.760249,5.0
1730244427.7631907,5.0
1730244427.7676363,5.0
1730244427.771587,5.0
1730244427.7752771,5.0
1730244427.7795627,5.0
1730244427.7843845,5.0
1730244427.7874117,5.0
1730244427.7914045,5.0
1730244427.7951803,5.0
1730244427.7991245,5.0
1730244427.8031833,5.0
1730244427.8071668,5.0
1730244427.812709,5.0
1730244427.815206,5.0
1730244427.818642,5.0
1730244427.8231113,5.0
1730244427.827479,5.0
1730244427.8311143,5.0
1730244427.8356571,5.0
1730244427.839228,5.0
1730244427.8433993,5.0
1730244427.846799,5.0
1730244427.8518183,5.0
1730244427.8552935,5.0
1730244427.8593533,5.0
1730244427.8633497,5.0
1730244427.8676624,5.0
1730244427.8717568,5.0
1730244427.8743768,5.0
1730244427.8796804,5.0
1730244427.8834162,5.0
1730244427.8875587,5.0
1730244427.8913977,5.0
1730244427.8943465,5.0
1730244427.8982596,5.0
1730244427.902413,5.0
1730244427.9073815,5.0
1730244427.9113104,5.0
1730244427.9152856,5.0
1730244427.9192195,5.0
1730244427.923288,5.0
1730244427.92636,5.0
1730244427.9302845,5.0
1730244427.93551,5.0
1730244427.9393952,5.0
1730244427.943446,5.0
1730244427.947359,5.0
1730244427.950844,5.0
1730244427.954506,5.0
1730244427.9590013,5.0
1730244427.9630027,5.0
1730244427.9676409,5.0
1730244427.9716885,5.0
1730244427.9759011,5.0
1730244427.9790552,5.0
1730244427.9825523,5.0
1730244427.986827,5.0
1730244427.9904964,5.0
1730244427.9946456,5.0
1730244428.0001657,5.0
1730244428.0028107,5.0
1730244428.006508,5.0
1730244428.010866,5.0
1730244428.0144432,5.0
1730244428.018933,5.0
1730244428.0234764,5.0
1730244428.0277903,5.0
1730244428.0304675,5.0
1730244428.0346284,5.0
1730244428.0384796,5.0
1730244428.042627,5.0
1730244428.0466588,5.0
1730244428.0506933,5.0
1730244428.0555303,5.0
1730244428.0587552,5.0
1730244428.062582,5.0
1730244428.066728,5.0
1730244428.0706608,5.0
1730244428.0746152,5.0
1730244428.0786045,5.0
1730244428.0836804,5.0
1730244428.0867217,5.0
1730244428.0906053,5.0
1730244428.0947948,5.0
1730244428.098693,5.0
1730244428.1027496,5.0
1730244428.1066358,5.0
1730244428.1118011,5.0
1730244428.1146472,5.0
1730244428.1177604,5.0
1730244428.122552,5.0
1730244428.127744,5.0
1730244428.1317253,5.0
1730244428.1347358,5.0
1730244428.138719,5.0
1730244428.141776,5.0
1730244428.1456957,5.0
1730244428.1507912,5.0
1730244428.1547549,5.0
1730244428.1588004,5.0
1730244428.162748,5.0
1730244428.1657329,5.0
1730244428.1698408,5.0
1730244428.1737683,5.0
1730244428.178893,5.0
1730244428.1827612,5.0
1730244428.186981,5.0
1730244428.19098,5.0
1730244428.19394,5.0
1730244428.1977153,5.0
1730244428.2020252,5.0
1730244428.205756,5.0
1730244428.2109437,5.0
1730244428.2147334,5.0
1730244428.2188995,5.0
1730244428.22185,5.0
1730244428.2257867,5.0
1730244428.229923,5.0
1730244428.233993,5.0
1730244428.2387764,5.0
1730244428.242911,5.0
1730244428.246961,5.0
1730244428.2499528,5.0
1730244428.253903,5.0
1730244428.2579017,5.0
1730244428.2619393,5.0
1730244428.266944,5.0
1730244428.2709672,5.0
1730244428.2739036,5.0
1730244428.277964,5.0
1730244428.2826016,5.0
1730244428.2862132,5.0
1730244428.2899313,5.0
1730244428.2949748,5.0
1730244428.2990344,5.0
1730244428.3020296,5.0
1730244428.3058932,5.0
1730244428.3100235,5.0
1730244428.3138933,5.0
1730244428.3180544,5.0
1730244428.3230195,5.0
1730244428.327052,5.0
1730244428.3301308,5.0
1730244428.334077,5.0
1730244428.33808,5.0
1730244428.3420808,5.0
1730244428.3460882,5.0
1730244428.3510067,5.0
1730244428.3540804,5.0
1730244428.3571525,5.0
1730244428.3621724,5.0
1730244428.3661337,5.0
1730244428.3701632,5.0
1730244428.374142,5.0
1730244428.3791575,5.0
1730244428.3859394,5.0
1730244428.386005,5.0
1730244428.3920312,5.0
1730244428.3940723,5.0
1730244428.4007103,5.0
1730244428.402012,5.0
1730244428.4070585,5.0
1730244428.4102445,5.0
1730244428.4131389,5.0
1730244428.4181693,5.0
1730244428.4221442,5.0
1730244428.426246,5.0
1730244428.43011,5.0
1730244428.4341068,5.0
1730244428.438085,5.0
1730244428.441223,5.0
1730244428.4461224,5.0
1730244428.450126,5.0
1730244428.454134,5.0
1730244428.458208,5.0
1730244428.4622006,5.0
1730244428.4661815,5.0
1730244428.4692135,5.0
1730244428.4732168,5.0
1730244428.4782033,5.0
1730244428.4822714,5.0
1730244428.486208,5.0
1730244428.48926,5.0
1730244428.4932275,5.0
1730244428.4972022,5.0
1730244428.5012383,5.0
1730244428.5063925,5.0
1730244428.510431,5.0
1730244428.5142543,5.0
1730244428.5172508,5.0
1730244428.521238,5.0
1730244428.5252357,5.0
1730244428.5292716,5.0
1730244428.5342524,5.0
1730244428.5383575,5.0
1730244428.5422804,5.0
1730244428.5452757,5.0
1730244428.5492892,5.0
1730244428.5532804,5.0
1730244428.557316,5.0
1730244428.5614266,5.0
1730244428.5654843,5.0
1730244428.5695624,5.0
1730244428.5735252,5.0
1730244428.577516,5.0
1730244428.582568,5.0
1730244428.5855565,5.0
1730244428.5894065,5.0
1730244428.5935593,5.0
1730244428.597392,5.0
1730244428.60147,5.0
1730244428.6053889,5.0
1730244428.610572,5.0
1730244428.6134503,5.0
1730244428.6175673,5.0
1730244428.621437,5.0
1730244428.6255522,5.0
1730244428.6296008,5.0
1730244428.6335585,5.0
1730244428.6385126,5.0
1730244428.6417036,5.0
1730244428.6456823,5.0
1730244428.6497552,5.0
1730244428.65367,5.0
1730244428.6575613,5.0
1730244428.6627226,5.0
1730244428.6655447,5.0
1730244428.668702,5.0
1730244428.6736588,5.0
1730244428.6776924,5.0
1730244428.681636,5.0
1730244428.6856492,5.0
1730244428.690616,5.0
1730244428.6936796,5.0
1730244428.6967297,5.0
1730244428.7007396,5.0
1730244428.7055564,5.0
1730244428.709705,5.0
1730244428.713579,5.0
1730244428.7177677,5.0
1730244428.7217,5.0
1730244428.7246969,5.0
1730244428.7286952,5.0
1730244428.733746,5.0
1730244428.7375832,5.0
1730244428.7417326,5.0
1730244428.7455847,5.0
1730244428.7496552,5.0
1730244428.7528,5.0
1730244428.756636,5.0
1730244428.7616117,5.0
1730244428.7656453,5.0
1730244428.7696564,5.0
1730244428.7727368,5.0
1730244428.7766678,5.0
1730244428.7808094,5.0
1730244428.7846282,5.0
1730244428.790065,5.0
1730244428.7938747,5.0
1730244428.7978747,5.0
1730244428.8006892,5.0
1730244428.804684,5.0
1730244428.808724,5.0
1730244428.8127587,5.0
1730244428.8167307,5.0
1730244428.8217332,5.0
1730244428.8257515,5.0
1730244428.8287752,5.0
1730244428.832861,5.0
1730244428.8367815,5.0
1730244428.840798,5.0
1730244428.8447752,5.0
1730244428.84981,5.0
1730244428.8538191,5.0
1730244428.8568184,5.0
1730244428.8607912,5.0
1730244428.8648584,5.0
1730244428.868816,5.0
1730244428.8728566,5.0
1730244428.8778484,5.0
1730244428.8808782,5.0
1730244428.884856,5.0
1730244428.8888483,5.0
1730244428.8929317,5.0
1730244428.896937,5.0
1730244428.9009795,5.0
1730244428.9059763,5.0
1730244428.909072,5.0
1730244428.9120696,5.0
1730244428.9170685,5.0
1730244428.921088,5.0
1730244428.92513,5.0
1730244428.929122,5.0
1730244428.9331558,5.0
1730244428.9371147,5.0
1730244428.9401217,5.0
1730244428.9451103,5.0
1730244428.9491327,5.0
1730244428.9531472,5.0
1730244428.957162,5.0
1730244428.962182,5.0
1730244428.9651823,5.0
1730244428.9681816,5.0
1730244428.9731193,5.0
1730244428.9772213,5.0
1730244428.9810932,5.0
1730244428.9852028,5.0
1730244428.9890454,5.0
1730244428.9922397,5.0
1730244428.9960954,5.0
1730244429.0012662,5.0
1730244429.0051458,5.0
1730244429.009286,5.0
1730244429.0132573,5.0
1730244429.0163355,5.0
1730244429.0203474,5.0
1730244429.0242918,5.0
1730244429.0282955,5.0
1730244429.0331378,5.0
1730244429.037306,5.0
1730244429.041194,5.0
1730244429.0442412,5.0
1730244429.0482335,5.0
1730244429.0522287,5.0
1730244429.056204,5.0
1730244429.0613303,5.0
1730244429.0653565,5.0
1730244429.0694792,5.0
1730244429.0722785,5.0
1730244429.0767715,5.0
1730244429.080227,5.0
1730244429.0845013,5.0
1730244429.0892942,5.0
1730244429.0937135,5.0
1730244429.0972776,5.0
1730244429.1003325,5.0
1730244429.1044328,5.0
1730244429.1084888,5.0
1730244429.1124773,5.0
1730244429.1175127,5.0
1730244429.1222637,5.0
1730244429.1265025,5.0
1730244429.129337,5.0
1730244429.1324031,5.0
1730244429.1364574,5.0
1730244429.140345,5.0
1730244429.1444027,5.0
1730244429.1494749,5.0
1730244429.1524806,5.0
1730244429.156536,5.0
1730244429.1603975,5.0
1730244429.1643994,5.0
1730244429.1684103,5.0
1730244429.1723535,5.0
1730244429.1773849,5.0
1730244429.1803672,5.0
1730244429.184379,5.0
1730244429.1883576,5.0
1730244429.1923542,5.0
1730244429.1964192,5.0
1730244429.2003872,5.0
1730244429.2054007,5.0
1730244429.208412,5.0
1730244429.212414,5.0
1730244429.2164507,5.0
1730244429.2204185,5.0
1730244429.2244267,5.0
1730244429.228438,5.0
1730244429.232483,5.0
1730244429.2354426,5.0
1730244429.2404296,5.0
1730244429.244473,5.0
1730244429.2484748,5.0
1730244429.2524643,5.0
1730244429.2564907,5.0
1730244429.2604764,5.0
1730244429.2634838,5.0
1730244429.2674935,5.0
1730244429.272524,5.0
1730244429.2765005,5.0
1730244429.2805426,5.0
1730244429.2845194,5.0
1730244429.288535,5.0
1730244429.29154,5.0
1730244429.295565,5.0
1730244429.3006172,5.0
1730244429.3046,5.0
1730244429.3085873,5.0
1730244429.312561,5.0
1730244429.3156023,5.0
1730244429.3197246,5.0
1730244429.3236015,5.0
1730244429.328578,5.0
1730244429.3327312,5.0
1730244429.3367116,5.0
1730244429.3398185,5.0
1730244429.343789,5.0
1730244429.347702,5.0
1730244429.3517568,5.0
1730244429.355718,5.0
1730244429.360815,5.0
1730244429.3648512,5.0
1730244429.3676884,5.0
1730244429.3716743,5.0
1730244429.375873,5.0
1730244429.3798888,5.0
1730244429.3838184,5.0
1730244429.3886976,5.0
1730244429.3929052,5.0
1730244429.3959165,5.0
1730244429.399904,5.0
1730244429.4038925,5.0
1730244429.4079373,5.0
1730244429.4119496,5.0
1730244429.416924,5.0
1730244429.4209588,5.0
1730244429.423936,5.0
1730244429.4279408,5.0
1730244429.4319532,5.0
1730244429.4359856,5.0
1730244429.4399643,5.0
1730244429.4439616,5.0
1730244429.447927,5.0
1730244429.4509792,5.0
1730244429.4558406,5.0
1730244429.4599288,5.0
1730244429.463841,5.0
1730244429.4680357,5.0
1730244429.4718504,5.0
1730244429.476051,5.0
1730244429.4791293,5.0
1730244429.4858255,5.0
1730244429.4889352,5.0
1730244429.4920857,5.0
1730244429.4960847,5.0
1730244429.5040488,5.0
1730244429.5040753,5.0
1730244429.512096,5.0
1730244429.512114,5.0
1730244429.5160172,5.0
1730244429.5199406,5.0
1730244429.5239515,5.0
1730244429.5279748,5.0
1730244429.53205,5.0
1730244429.53516,5.0
1730244429.5425336,5.0
1730244429.544063,5.0
1730244429.552467,5.0
1730244429.5525029,5.0
1730244429.558514,5.0
1730244429.560001,5.0
1730244429.566722,5.0
1730244429.569707,5.0
1730244429.5720153,5.0
1730244429.5779212,5.0
1730244429.5800412,5.0
1730244429.5843947,5.0
1730244429.5870652,5.0
1730244429.5910935,5.0
1730244429.5951543,5.0
1730244429.6001365,5.0
1730244429.604908,5.0
1730244429.60965,5.0
1730244429.6112874,5.0
1730244429.6152897,5.0
1730244429.6192107,5.0
1730244429.6264148,5.0
1730244429.6274724,5.0
1730244429.6333697,5.0
1730244429.636225,5.0
1730244429.6438036,5.0
1730244429.6438258,5.0
1730244429.6472368,5.0
1730244429.6514783,5.0
1730244429.657936,5.0
1730244429.660168,5.0
1730244429.665076,5.0
1730244429.667242,5.0
1730244429.6712055,5.0
1730244429.675732,5.0
1730244429.6792307,5.0
1730244429.686735,5.0
1730244429.6900084,5.0
1730244429.691249,5.0
1730244429.6956432,5.0
1730244429.6992705,5.0
1730244429.7037451,5.0
1730244429.711474,5.0
1730244429.711491,5.0
1730244429.716338,5.0
1730244429.7193208,5.0
1730244429.7223032,5.0
1730244429.7274923,5.0
1730244429.7316024,5.0
1730244429.7357886,5.0
1730244429.739457,5.0
1730244429.7447736,5.0
1730244429.747452,5.0
1730244429.7506225,5.0
1730244429.7554295,5.0
1730244429.7595067,5.0
1730244429.763481,5.0
1730244429.7674682,5.0
1730244429.7715068,5.0
1730244429.775442,5.0
1730244429.7783916,5.0
1730244429.7834191,5.0
1730244429.7874029,5.0
1730244429.7913997,5.0
1730244429.7953997,5.0
1730244429.7985103,5.0
1730244429.8024347,5.0
1730244429.8064651,5.0
1730244429.8114524,5.0
1730244429.81559,5.0
1730244429.8194716,5.0
1730244429.8234968,5.0
1730244429.8264997,5.0
1730244429.83048,5.0
1730244429.8344948,5.0
1730244429.8384953,5.0
1730244429.8434987,5.0
1730244429.84752,5.0
1730244429.8515368,5.0
1730244429.8545337,5.0
1730244429.858565,5.0
1730244429.8625383,5.0
1730244429.866563,5.0
1730244429.8715696,5.0
1730244429.875576,5.0
1730244429.879658,5.0
1730244429.8825636,5.0
1730244429.8865733,5.0
1730244429.8906152,5.0
1730244429.8946052,5.0
1730244429.899776,5.0
1730244429.9036283,5.0
1730244429.9076211,5.0
1730244429.9106305,5.0
1730244429.914631,5.0
1730244429.918681,5.0
1730244429.922685,5.0
1730244429.92668,5.0
1730244429.9318883,5.0
1730244429.9350348,5.0
1730244429.9387355,5.0
1730244429.9430215,5.0
1730244429.9468255,5.0
1730244429.950966,5.0
1730244429.9547727,5.0
1730244429.9599755,5.0
1730244429.9629323,5.0
1730244429.9670105,5.0
1730244429.9708333,5.0
1730244429.9751153,5.0
1730244429.9791813,5.0
1730244429.98337,5.0
1730244429.9880016,5.0
1730244429.9909868,5.0
1730244429.9949005,5.0
1730244429.9990177,5.0
1730244430.0029795,5.0
1730244430.0069163,5.0
1730244430.011021,5.0
1730244430.0159652,5.0
1730244430.0190084,5.0
1730244430.022886,5.0
1730244430.0275376,5.0
1730244430.0308728,5.0
1730244430.0351624,5.0
1730244430.0389,5.0
1730244430.0441256,5.0
1730244430.04699,5.0
1730244430.0504038,5.0
1730244430.054932,5.0
1730244430.058977,5.0
1730244430.0629392,5.0
1730244430.0670505,5.0
1730244430.0704472,5.0
1730244430.0743778,5.0
1730244430.0782225,5.0
1730244430.083237,5.0
1730244430.0869565,5.0
1730244430.0910308,5.0
1730244430.095152,5.0
1730244430.0979917,5.0
1730244430.1019545,5.0
1730244430.1059625,5.0
1730244430.1109848,5.0
1730244430.1150208,5.0
1730244430.1189156,5.0
1730244430.1230187,5.0
1730244430.1259732,5.0
1730244430.1299767,5.0
1730244430.1339748,5.0
1730244430.1379824,5.0
1730244430.1429944,5.0
1730244430.1469977,5.0
1730244430.15002,5.0
1730244430.1540258,5.0
1730244430.1580436,5.0
1730244430.1620257,5.0
1730244430.1661615,5.0
1730244430.17104,5.0
1730244430.1750712,5.0
1730244430.1780567,5.0
1730244430.182053,5.0
1730244430.1860688,5.0
1730244430.190071,5.0
1730244430.1940763,5.0
1730244430.1991355,5.0
1730244430.2031007,5.0
1730244430.2062476,5.0
1730244430.2100964,5.0
1730244430.2141523,5.0
1730244430.2181306,5.0
1730244430.2221437,5.0
1730244430.2261171,5.0
1730244430.2311716,5.0
1730244430.234151,5.0
1730244430.2381873,5.0
1730244430.2422652,5.0
1730244430.2461972,5.0
1730244430.2502646,5.0
1730244430.2552252,5.0
1730244430.2582707,5.0
1730244430.2614207,5.0
1730244430.266452,5.0
1730244430.2703383,5.0
1730244430.2743874,5.0
1730244430.2784083,5.0
1730244435.2874231,5.0
1730244435.292594,5.0
1730244435.2964036,5.0
1730244435.3005583,5.0
1730244435.304394,5.0
1730244435.3085384,5.0
1730244435.312392,5.0
1730244435.3156123,5.0
1730244435.320382,5.0
1730244435.3244436,5.0
1730244435.3284097,5.0
1730244435.332593,5.0
1730244435.3364851,5.0
1730244435.3405664,5.0
1730244435.3435175,5.0
1730244435.348544,5.0
1730244435.3524263,5.0
1730244435.3566115,5.0
1730244435.3605747,5.0
1730244435.3646543,5.0
1730244435.368494,5.0
1730244435.3716109,5.0
1730244435.3766258,5.0
1730244435.3806455,5.0
1730244435.3846483,5.0
1730244435.3887985,5.0
1730244435.3926764,5.0
1730244435.3955176,5.0
1730244435.3995855,5.0
1730244435.4045627,5.0
1730244435.4088695,5.0
1730244435.4126587,5.0
1730244435.4167898,5.0
1730244435.4197505,5.0
1730244435.4239037,5.0
1730244435.4278336,5.0
1730244435.4320602,5.0
1730244435.4366095,5.0
1730244435.4418068,5.0
1730244435.4456964,5.0
1730244435.4488747,5.0
1730244435.45187,5.0
1730244435.4563067,5.0
1730244435.4597063,5.0
1730244435.4650247,5.0
1730244435.4692097,5.0
1730244435.473065,5.0
1730244435.4762316,5.0
1730244435.479657,5.0
1730244435.484085,5.0
1730244435.4877405,5.0
1730244435.493111,5.0
1730244435.4968069,5.0
1730244435.5014012,5.0
1730244435.5037506,5.0
1730244435.5082128,5.0
1730244435.5117073,5.0
1730244435.516155,5.0
1730244435.52071,5.0
1730244435.525242,5.0
1730244435.5279243,5.0
1730244435.5321405,5.0
1730244435.5361054,5.0
1730244435.539882,5.0
1730244435.5442262,5.0
1730244435.5482948,5.0
1730244435.552945,5.0
1730244435.5559478,5.0
1730244435.5598423,5.0
1730244435.5639477,5.0
1730244435.5679584,5.0
1730244435.5719595,5.0
1730244435.5780432,5.0
1730244435.5813968,5.0
1730244435.5852635,5.0
1730244435.587808,5.0
1730244435.5922005,5.0
1730244435.5958266,5.0
1730244435.5999107,5.0
1730244435.603901,5.0
1730244435.6090062,5.0
1730244435.6119196,5.0
1730244435.616096,5.0
1730244435.6199188,5.0
1730244435.624077,5.0
1730244435.6280289,5.0
1730244435.6323922,5.0
1730244435.636942,5.0
1730244435.6401224,5.0
1730244435.6434896,5.0
1730244435.648095,5.0
1730244435.6522286,5.0
1730244435.656669,5.0
1730244435.6601913,5.0
1730244435.6646814,5.0
1730244435.6672857,5.0
1730244435.6710024,5.0
1730244435.6765387,5.0
1730244435.6800203,5.0
1730244435.6843212,5.0
1730244435.688072,5.0
1730244435.691296,5.0
1730244435.6950228,5.0
1730244435.6990988,5.0
1730244435.705098,5.0
1730244435.708075,5.0
1730244435.7120793,5.0
1730244435.716648,5.0
1730244435.7193437,5.0
1730244435.7236412,5.0
1730244435.727592,5.0
1730244435.732349,5.0
1730244435.7363715,5.0
1730244435.740338,5.0
1730244435.744488,5.0
1730244435.7477822,5.0
1730244435.7512653,5.0
1730244435.755267,5.0
1730244435.7605896,5.0
1730244435.7647908,5.0
1730244435.76834,5.0
1730244435.7712824,5.0
1730244435.7754877,5.0
1730244435.7791736,5.0
1730244435.7834997,5.0
1730244435.7871635,5.0
1730244435.7926676,5.0
1730244435.7962947,5.0
1730244435.7993362,5.0
1730244435.8031676,5.0
1730244435.8076005,5.0
1730244435.8113432,5.0
1730244435.815448,5.0
1730244435.8202035,5.0
1730244435.8247888,5.0
1730244435.8276277,5.0
1730244435.831794,5.0
1730244435.835771,5.0
1730244435.8392277,5.0
1730244435.8437908,5.0
1730244435.848431,5.0
1730244435.8514488,5.0
1730244435.8542712,5.0
1730244435.8594332,5.0
1730244435.8633792,5.0
1730244435.867786,5.0
1730244435.8713384,5.0
1730244435.8768938,5.0
1730244435.879331,5.0
1730244435.8834903,5.0
1730244435.8873043,5.0
1730244435.8917837,5.0
1730244435.89535,5.0
1730244435.8995016,5.0
1730244435.904348,5.0
1730244435.907658,5.0
1730244435.9124448,5.0
1730244435.915803,5.0
1730244435.9194713,5.0
1730244435.9235387,5.0
1730244435.92751,5.0
1730244435.932742,5.0
1730244435.9355645,5.0
1730244435.9387808,5.0
1730244435.9436915,5.0
1730244435.9475071,5.0
1730244435.9515352,5.0
1730244435.9561632,5.0
1730244435.9588532,5.0
1730244435.962498,5.0
1730244435.9668825,5.0
1730244435.9704683,5.0
1730244435.9759748,5.0
1730244435.9794447,5.0
1730244435.9838643,5.0
1730244435.9893248,5.0
1730244435.990829,5.0
1730244435.998413,5.0
1730244435.9984393,5.0
1730244436.003458,5.0
1730244436.0088112,5.0
1730244436.0115583,5.0
1730244436.01445,5.0
1730244436.018532,5.0
1730244436.0232024,5.0
1730244436.0273485,5.0
1730244436.0315225,5.0
1730244436.0354843,5.0
1730244436.0402775,5.0
1730244436.0429072,5.0
1730244436.046599,5.0
1730244436.0506456,5.0
1730244436.0546565,5.0
1730244436.0600092,5.0
1730244436.0647488,5.0
1730244436.067972,5.0
1730244436.070712,5.0
1730244436.0749772,5.0
1730244436.0786147,5.0
1730244436.0826893,5.0
1730244436.0878072,5.0
1730244436.0931497,5.0
1730244436.0945663,5.0
1730244436.0988677,5.0
1730244436.1031766,5.0
1730244436.106602,5.0
1730244436.1106155,5.0
1730244436.114616,5.0
1730244436.1196322,5.0
1730244436.12261,5.0
1730244436.126778,5.0
1730244436.130805,5.0
1730244436.13484,5.0
1730244436.1399477,5.0
1730244436.1442015,5.0
1730244436.14792,5.0
1730244436.1506486,5.0
1730244436.153685,5.0
1730244436.1587114,5.0
1730244436.162729,5.0
1730244436.1667857,5.0
1730244436.1707487,5.0
1730244436.1760995,5.0
1730244436.1787088,5.0
1730244436.1828911,5.0
1730244436.1867142,5.0
1730244436.1911588,5.0
1730244436.1947577,5.0
1730244436.1995063,5.0
1730244436.20295,5.0
1730244436.2063737,5.0
1730244436.2099571,5.0
1730244436.2151332,5.0
1730244436.2194684,5.0
1730244436.223144,5.0
1730244436.2272184,5.0
1730244436.2311196,5.0
1730244436.2342112,5.0
1730244436.238983,5.0
1730244436.243234,5.0
1730244436.2469704,5.0
1730244436.251233,5.0
1730244436.254988,5.0
1730244436.2581446,5.0
1730244436.2618325,5.0
1730244436.2660367,5.0
1730244436.2708864,5.0
1730244436.2750804,5.0
1730244436.278893,5.0
1730244436.2830844,5.0
1730244436.286929,5.0
1730244436.2900877,5.0
1730244436.2941391,5.0
1730244436.2979617,5.0
1730244436.30302,5.0
1730244436.3081248,5.0
1730244436.3119338,5.0
1730244436.3151228,5.0
1730244436.3189204,5.0
1730244436.3221653,5.0
1730244436.327037,5.0
1730244436.331154,5.0
1730244436.3351696,5.0
1730244436.3381107,5.0
1730244436.3421483,5.0
1730244436.3460572,5.0
1730244436.3501773,5.0
1730244436.3541107,5.0
1730244436.359141,5.0
1730244436.363042,5.0
1730244436.366193,5.0
1730244436.3700457,5.0
1730244436.3743205,5.0
1730244436.3780177,5.0
1730244436.3822584,5.0
1730244436.3861172,5.0
1730244436.3912685,5.0
1730244436.3942475,5.0
1730244436.3982816,5.0
1730244436.4022248,5.0
1730244436.4062428,5.0
1730244436.4102771,5.0
1730244436.4153273,5.0
1730244436.4182315,5.0
1730244436.4212642,5.0
1730244436.4262867,5.0
1730244436.4304187,5.0
1730244436.434586,5.0
1730244436.4382188,5.0
1730244436.442659,5.0
1730244436.4463348,5.0
1730244436.4493797,5.0
1730244436.4541638,5.0
1730244436.4583125,5.0
1730244436.462221,5.0
1730244436.4666045,5.0
1730244436.470226,5.0
1730244436.4747596,5.0
1730244436.477676,5.0
1730244436.4827745,5.0
1730244436.4863272,5.0
1730244436.49055,5.0
1730244436.4944496,5.0
1730244436.4984608,5.0
1730244436.5025125,5.0
1730244436.5056217,5.0
1730244436.5094728,5.0
1730244436.5149508,5.0
1730244436.5184083,5.0
1730244436.522817,5.0
1730244436.526384,5.0
1730244436.5305371,5.0
1730244436.533897,5.0
1730244436.5373113,5.0
1730244436.5424228,5.0
1730244436.5463924,5.0
1730244436.5507228,5.0
1730244436.554351,5.0
1730244436.5586386,5.0
1730244436.5613768,5.0
1730244436.565742,5.0
1730244436.5703847,5.0
1730244436.574926,5.0
1730244436.5783422,5.0
1730244436.5815444,5.0
1730244436.5859008,5.0
1730244436.5895047,5.0
1730244436.5934992,5.0
1730244436.5976253,5.0
1730244436.6026285,5.0
1730244436.6066208,5.0
1730244436.6094272,5.0
1730244436.6136627,5.0
1730244436.6177669,5.0
1730244436.6220105,5.0
1730244436.626973,5.0
1730244436.6308112,5.0
1730244436.6350265,5.0
1730244436.6375585,5.0
1730244436.641709,5.0
1730244436.6455548,5.0
1730244436.649494,5.0
1730244436.6534896,5.0
1730244436.6588256,5.0
1730244436.6615264,5.0
1730244436.6658208,5.0
1730244436.6695588,5.0
1730244436.673923,5.0
1730244436.6778605,5.0
1730244436.6818836,5.0
1730244436.686542,5.0
1730244436.6894956,5.0
1730244436.6940815,5.0
1730244436.6981428,5.0
1730244436.7018633,5.0
1730244436.705665,5.0
1730244436.7109077,5.0
1730244436.7147644,5.0
1730244436.7192314,5.0
1730244436.7218366,5.0
1730244436.7268083,5.0
1730244436.7296703,5.0
1730244436.733071,5.0
1730244436.7377057,5.0
1730244436.7420723,5.0
1730244436.7456791,5.0
1730244436.7496552,5.0
1730244436.7537236,5.0
1730244436.7580445,5.0
1730244436.7607431,5.0
1730244436.7660224,5.0
1730244436.7696311,5.0
1730244436.7741785,5.0
1730244436.7777288,5.0
1730244436.7820797,5.0
1730244436.7858791,5.0
1730244436.7889397,5.0
1730244436.7941325,5.0
1730244436.7979867,5.0
1730244436.8019073,5.0
1730244436.8062415,5.0
1730244436.809885,5.0
1730244436.814385,5.0
1730244436.8171492,5.0
1730244436.8207448,5.0
1730244436.8262515,5.0
1730244436.829801,5.0
1730244436.8340807,5.0
1730244436.8367815,5.0
1730244436.841072,5.0
1730244436.8448796,5.0
1730244436.8492866,5.0
1730244436.8538735,5.0
1730244436.8581872,5.0
1730244436.8617716,5.0
1730244436.8649793,5.0
1730244436.8688774,5.0
1730244436.873204,5.0
1730244436.8772304,5.0
1730244436.8820207,5.0
1730244436.8859792,5.0
1730244436.8899715,5.0
1730244436.8932664,5.0
1730244436.8969772,5.0
1730244436.901406,5.0
1730244436.9050884,5.0
1730244436.91001,5.0
1730244436.9145908,5.0
1730244436.918076,5.0
1730244436.92096,5.0
1730244436.925475,5.0
1730244436.9288833,5.0
1730244436.9332757,5.0
1730244436.9379594,5.0
1730244436.9422336,5.0
1730244436.9449654,5.0
1730244436.949392,5.0
1730244436.9529128,5.0
1730244436.9572668,5.0
1730244436.960998,5.0
1730244436.966472,5.0
1730244436.969927,5.0
1730244436.9731944,5.0
1730244436.9772525,5.0
1730244436.9812582,5.0
1730244436.9855433,5.0
1730244436.989153,5.0
1730244436.9932716,5.0
1730244436.998238,5.0
1730244437.0012505,5.0
1730244437.0061908,5.0
1730244437.0102131,5.0
1730244437.014721,5.0
1730244437.017259,5.0
1730244437.0210187,5.0
1730244437.02625,5.0
1730244437.0291028,5.0
1730244437.0322163,5.0
1730244437.0370324,5.0
1730244437.0414631,5.0
1730244437.0450408,5.0
1730244437.0502827,5.0
1730244437.053132,5.0
1730244437.05665,5.0
1730244437.0610669,5.0
1730244437.0652227,5.0
1730244437.0692616,5.0
1730244437.0734763,5.0
1730244437.077351,5.0
1730244437.0816514,5.0
1730244437.0842838,5.0
1730244437.088353,5.0
1730244437.093697,5.0
1730244437.097794,5.0
1730244437.1017003,5.0
1730244437.1058705,5.0
1730244437.1092372,5.0
1730244437.112268,5.0
1730244437.1163936,5.0
1730244437.1212535,5.0
1730244437.1255467,5.0
1730244437.1292422,5.0
1730244437.133804,5.0
1730244437.136161,5.0
1730244437.14061,5.0
1730244437.144284,5.0
1730244437.1494048,5.0
1730244437.1532133,5.0
1730244437.1576097,5.0
1730244437.161242,5.0
1730244437.1646824,5.0
1730244437.1683805,5.0
1730244437.1733997,5.0
1730244437.1764417,5.0
1730244437.1849463,5.0
1730244437.1851957,5.0
1730244437.1883185,5.0
1730244437.192453,5.0
1730244437.196438,5.0
1730244437.200271,5.0
1730244437.2043984,5.0
1730244437.210134,5.0
1730244437.2139697,5.0
1730244437.216726,5.0
1730244437.2203205,5.0
1730244437.2244797,5.0
1730244437.228289,5.0
1730244437.2324178,5.0
1730244437.237357,5.0
1730244437.2415533,5.0
1730244437.2442997,5.0
1730244437.2497163,5.0
1730244437.252824,5.0
1730244437.2564569,5.0
1730244437.260455,5.0
1730244437.2643745,5.0
1730244437.270445,5.0
1730244437.2728026,5.0
1730244437.2765477,5.0
1730244437.280368,5.0
1730244437.284464,5.0
1730244437.2900493,5.0
1730244437.293507,5.0
1730244437.2965624,5.0
1730244437.2995403,5.0
1730244437.305596,5.0
1730244437.3084204,5.0
1730244437.3124626,5.0
1730244437.316569,5.0
1730244437.32129,5.0
1730244437.3246124,5.0
1730244437.329533,5.0
1730244437.332543,5.0
1730244437.336456,5.0
1730244437.340623,5.0
1730244437.3444788,5.0
1730244437.3485577,5.0
1730244437.352493,5.0
1730244437.355634,5.0
1730244437.360605,5.0
1730244437.3645957,5.0
1730244437.368586,5.0
1730244437.3726437,5.0
1730244437.3766372,5.0
1730244437.3806727,5.0
1730244437.3836548,5.0
1730244437.3889174,5.0
1730244437.3926768,5.0
1730244437.396828,5.0
1730244437.4009063,5.0
1730244437.4036927,5.0
1730244437.4079504,5.0
1730244437.4116569,5.0
1730244437.4159417,5.0
1730244437.420717,5.0
1730244437.425258,5.0
1730244437.428857,5.0
1730244437.431909,5.0
1730244437.4359565,5.0
1730244437.4397388,5.0
1730244437.4439182,5.0
1730244437.449252,5.0
1730244437.452704,5.0
1730244437.4570773,5.0
1730244437.4598637,5.0
1730244437.4640648,5.0
1730244437.468128,5.0
1730244437.4720669,5.0
1730244437.477298,5.0
1730244437.4812984,5.0
1730244437.4851687,5.0
1730244437.4878533,5.0
1730244437.4922345,5.0
1730244437.4957929,5.0
1730244437.4999485,5.0
1730244437.504886,5.0
1730244437.5092106,5.0
1730244437.5118008,5.0
1730244437.5162375,5.0
1730244437.5197985,5.0
1730244437.5240457,5.0
1730244437.5279205,5.0
1730244437.5324397,5.0
1730244437.5369017,5.0
1730244437.5398338,5.0
1730244437.543995,5.0
1730244437.5480835,5.0
1730244437.55217,5.0
1730244437.5562456,5.0
1730244437.5600507,5.0
1730244437.5652006,5.0
1730244437.5682163,5.0
1730244437.572719,5.0
1730244437.57625,5.0
1730244437.5801811,5.0
1730244437.5844848,5.0
1730244437.587941,5.0
1730244437.5942616,5.0
1730244437.5976524,5.0
1730244437.601664,5.0
1730244437.6040003,5.0
1730244437.6081145,5.0
1730244437.6119528,5.0
1730244437.6160476,5.0
1730244437.6209795,5.0
1730244437.6241262,5.0
1730244437.6280107,5.0
1730244437.6321504,5.0
1730244437.6359468,5.0
1730244437.6401317,5.0
1730244437.644038,5.0
1730244437.6479907,5.0
1730244437.651229,5.0
1730244437.6556585,5.0
1730244437.6600587,5.0
1730244437.6646063,5.0
1730244437.6682012,5.0
1730244437.6726875,5.0
1730244437.6755717,5.0
1730244437.6790235,5.0
1730244437.6832912,5.0
1730244437.688342,5.0
1730244437.6922622,5.0
1730244437.6961138,5.0
1730244437.7003028,5.0
1730244437.7030745,5.0
1730244437.7074275,5.0
1730244437.711063,5.0
1730244437.7156813,5.0
1730244437.7201824,5.0
1730244437.724586,5.0
1730244437.72815,5.0
1730244437.7316816,5.0
1730244437.7355857,5.0
1730244437.7393315,5.0
1730244437.745152,5.0
1730244437.748222,5.0
1730244437.7524488,5.0
1730244437.7563872,5.0
1730244437.7593164,5.0
1730244437.763466,5.0
1730244437.7677588,5.0
1730244437.7714353,5.0
1730244437.7768435,5.0
1730244437.780498,5.0
1730244437.7833807,5.0
1730244437.787354,5.0
1730244437.7913952,5.0
1730244437.7952833,5.0
1730244437.799405,5.0
1730244437.804218,5.0
1730244437.8083606,5.0
1730244437.8112288,5.0
1730244437.815822,5.0
1730244437.8192475,5.0
1730244437.8236485,5.0
1730244437.8274083,5.0
1730244437.832826,5.0
1730244437.8363633,5.0
1730244437.8394463,5.0
1730244437.8437233,5.0
1730244437.847689,5.0
1730244437.8512888,5.0
1730244437.8577883,5.0
1730244437.8604631,5.0
1730244437.8644772,5.0
1730244437.867518,5.0
1730244437.871592,5.0
1730244437.8758695,5.0
1730244437.8793142,5.0
1730244437.883826,5.0
1730244437.8886352,5.0
1730244437.8915513,5.0
1730244437.8943162,5.0
1730244437.8994913,5.0
1730244437.9034555,5.0
1730244437.907509,5.0
1730244437.9113598,5.0
1730244437.9165893,5.0
1730244437.9193451,5.0
1730244437.922356,5.0
1730244437.9273465,5.0
1730244437.9314082,5.0
1730244437.9354916,5.0
1730244437.9395883,5.0
1730244437.9435804,5.0
1730244437.9476073,5.0
1730244437.9506223,5.0
1730244437.9555976,5.0
1730244437.9596102,5.0
1730244437.96419,5.0
1730244437.9680498,5.0
1730244437.9718018,5.0
1730244437.9747438,5.0
1730244437.9785173,5.0
1730244437.9839349,5.0
1730244437.9875991,5.0
1730244437.991866,5.0
1730244437.9955475,5.0
1730244437.9987755,5.0
1730244438.0025384,5.0
1730244438.0088053,5.0
1730244438.0126984,5.0
1730244438.0158434,5.0
1730244438.019574,5.0
1730244438.02391,5.0
1730244438.027174,5.0
1730244438.0306296,5.0
1730244438.0345705,5.0
1730244438.0386531,5.0
1730244438.0436995,5.0
1730244438.0477269,5.0
1730244438.0517735,5.0
1730244438.0547562,5.0
1730244438.0587213,5.0
1730244438.0626447,5.0
1730244438.0666971,5.0
1730244438.0706828,5.0
1730244438.075856,5.0
1730244438.079887,5.0
1730244438.0828362,5.0
1730244438.086626,5.0
1730244438.0907197,5.0
1730244438.0947144,5.0
1730244438.0988383,5.0
1730244438.1036704,5.0
1730244438.1068027,5.0
1730244438.1106117,5.0
1730244438.1148148,5.0
1730244438.1186285,5.0
1730244438.122677,5.0
1730244438.1267958,5.0
1730244438.131808,5.0
1730244438.1347432,5.0
1730244438.138728,5.0
1730244438.1428626,5.0
1730244438.146788,5.0
1730244438.150672,5.0
1730244438.1548915,5.0
1730244438.1598194,5.0
1730244438.1628375,5.0
1730244438.1668746,5.0
1730244438.1710017,5.0
1730244438.17494,5.0
1730244438.1789927,5.0
1730244438.1829376,5.0
1730244438.1881812,5.0
1730244438.191075,5.0
1730244438.1940258,5.0
1730244438.199009,5.0
1730244438.2028456,5.0
1730244438.2070303,5.0
1730244438.2108223,5.0
1730244438.2150493,5.0
1730244438.218026,5.0
1730244438.2222266,5.0
1730244438.2270627,5.0
1730244438.230954,5.0
1730244438.2351286,5.0
1730244438.2391477,5.0
1730244438.2431366,5.0
1730244438.2460551,5.0
1730244438.250065,5.0
1730244438.255122,5.0
1730244438.2591114,5.0
1730244438.263029,5.0
1730244438.2669013,5.0
1730244438.269926,5.0
1730244438.274006,5.0
1730244438.2778986,5.0
1730244438.2831087,5.0
1730244438.2870133,5.0
1730244438.2910287,5.0
1730244438.2949162,5.0
1730244438.2991204,5.0
1730244438.3021576,5.0
1730244438.306124,5.0
1730244438.3101015,5.0
1730244438.3151205,5.0
1730244438.3189511,5.0
1730244438.32314,5.0
1730244438.3261435,5.0
1730244438.3301857,5.0
1730244438.334169,5.0
1730244438.338161,5.0
1730244438.3431673,5.0
1730244438.3471797,5.0
1730244438.3501823,5.0
1730244438.3541987,5.0
1730244438.3581944,5.0
1730244438.3621893,5.0
1730244438.3662348,5.0
1730244438.3712268,5.0
1730244438.3751805,5.0
1730244438.3780622,5.0
1730244438.3822663,5.0
1730244438.3860867,5.0
1730244438.3901515,5.0
1730244438.3941205,5.0
1730244438.3983011,5.0
1730244438.403123,5.0
1730244438.406269,5.0
1730244438.4102533,5.0
1730244438.4143124,5.0
1730244438.4183092,5.0
1730244438.4223385,5.0
1730244438.4262967,5.0
1730244438.4313395,5.0
1730244438.4343996,5.0
1730244438.4383411,5.0
1730244438.4423952,5.0
1730244438.446368,5.0
1730244438.4503455,5.0
1730244438.4543674,5.0
1730244438.458268,5.0
1730244438.46125,5.0
1730244438.4663112,5.0
1730244438.4702392,5.0
1730244438.474331,5.0
1730244438.4782858,5.0
1730244438.482447,5.0
1730244438.48632,5.0
1730244438.489469,5.0
1730244438.4954317,5.0
1730244438.4983292,5.0
1730244438.5022616,5.0
1730244438.506446,5.0
1730244438.510398,5.0
1730244438.5144682,5.0
1730244438.5175655,5.0
1730244438.5214915,5.0
1730244438.5265875,5.0
1730244438.5305436,5.0
1730244438.534546,5.0
1730244438.538561,5.0
1730244438.5415587,5.0
1730244438.5455675,5.0
1730244438.5495543,5.0
1730244438.554508,5.0
1730244438.5585794,5.0
1730244438.5625627,5.0
1730244438.565575,5.0
1730244438.5693855,5.0
1730244438.573577,5.0
1730244438.5774124,5.0
1730244438.5814805,5.0
1730244438.5864336,5.0
1730244438.590505,5.0
1730244438.593536,5.0
1730244438.597752,5.0
1730244438.6015952,5.0
1730244438.6055968,5.0
1730244438.6104896,5.0
1730244438.614725,5.0
1730244438.618618,5.0
1730244438.6216328,5.0
1730244438.625658,5.0
1730244438.6296668,5.0
1730244438.6336749,5.0
1730244438.6376944,5.0
1730244438.642682,5.0
1730244438.6465485,5.0
1730244438.649725,5.0
1730244438.6536896,5.0
1730244438.6577022,5.0
1730244438.661592,5.0
1730244438.6656432,5.0
1730244438.670766,5.0
1730244438.6747513,5.0
1730244438.6775908,5.0
1730244438.6817367,5.0
1730244438.6855533,5.0
1730244438.6897132,5.0
1730244438.6938548,5.0
1730244438.6988616,5.0
1730244438.701892,5.0
1730244438.704831,5.0
1730244438.7097611,5.0
1730244438.7138429,5.0
1730244438.7177885,5.0
1730244438.7219224,5.0
1730244438.726926,5.0
1730244438.7299871,5.0
1730244438.7328856,5.0
1730244438.7379732,5.0
1730244438.741835,5.0
1730244438.7457724,5.0
1730244438.7498248,5.0
1730244438.7548423,5.0
1730244438.7579553,5.0
1730244438.7607825,5.0
1730244438.765061,5.0
1730244438.769775,5.0
1730244438.7739687,5.0
1730244438.7777743,5.0
1730244438.7819407,5.0
1730244438.7857792,5.0
1730244438.7888825,5.0
1730244438.793764,5.0
1730244438.7978096,5.0
1730244438.8020928,5.0
1730244438.8061996,5.0
1730244438.8092232,5.0
1730244438.8129015,5.0
1730244438.816985,5.0
1730244438.8209836,5.0
1730244438.82608,5.0
1730244438.830031,5.0
1730244438.8340473,5.0
1730244438.836908,5.0
1730244438.8411095,5.0
1730244438.845009,5.0
1730244438.8491604,5.0
1730244438.8540623,5.0
1730244438.858149,5.0
1730244438.8620665,5.0
1730244438.865049,5.0
1730244438.8688855,5.0
1730244438.8731377,5.0
1730244438.877061,5.0
1730244438.8821025,5.0
1730244438.8859458,5.0
1730244438.890172,5.0
1730244438.8931172,5.0
1730244438.8971567,5.0
1730244438.901153,5.0
1730244438.905161,5.0
1730244438.9091249,5.0
1730244438.9141643,5.0
1730244438.9171572,5.0
1730244438.921163,5.0
1730244438.9251895,5.0
1730244438.9292004,5.0
1730244438.9331567,5.0
1730244438.9372022,5.0
1730244438.942238,5.0
1730244438.9452424,5.0
1730244438.9493284,5.0
1730244438.9530523,5.0
1730244438.9572525,5.0
1730244438.961102,5.0
1730244438.9653013,5.0
1730244438.970189,5.0
1730244438.9733377,5.0
1730244438.976313,5.0
1730244438.981264,5.0
1730244438.9853354,5.0
1730244438.9892335,5.0
1730244438.993316,5.0
1730244438.998135,5.0
1730244439.0014412,5.0
1730244439.005113,5.0
1730244439.009336,5.0
1730244439.0133052,5.0
1730244439.017427,5.0
1730244439.0213213,5.0
1730244439.025596,5.0
1730244439.0282707,5.0
1730244439.032478,5.0
1730244439.0372484,5.0
1730244439.0413651,5.0
1730244439.0453088,5.0
1730244439.049438,5.0
1730244439.0532324,5.0
1730244439.0564709,5.0
1730244439.060279,5.0
1730244439.0654588,5.0
1730244439.0692544,5.0
1730244439.073399,5.0
1730244439.0772696,5.0
1730244439.0813458,5.0
1730244439.0843997,5.0
1730244439.0884552,5.0
1730244439.0933373,5.0
1730244439.097504,5.0
1730244439.101513,5.0
1730244439.1054742,5.0
1730244439.1084793,5.0
1730244439.1125932,5.0
1730244439.1164334,5.0
1730244439.1208484,5.0
1730244439.1259706,5.0
1730244439.1296084,5.0
1730244439.132511,5.0
1730244439.136465,5.0
1730244439.1406,5.0
1730244439.144472,5.0
1730244439.1485932,5.0
1730244439.1534588,5.0
1730244439.15803,5.0
1730244439.1604545,5.0
1730244439.1647787,5.0
1730244439.1687737,5.0
1730244439.1731207,5.0
1730244439.1767848,5.0
1730244439.1816528,5.0
1730244439.185469,5.0
1730244439.188894,5.0
1730244439.192875,5.0
1730244439.1968083,5.0
1730244439.200528,5.0
1730244439.2052429,5.0
1730244439.209118,5.0
1730244439.2140791,5.0
1730244439.2170088,5.0
1730244439.2207055,5.0
1730244439.2249358,5.0
1730244439.2286568,5.0
1730244439.2329123,5.0
1730244439.2391849,5.0
1730244439.241629,5.0
1730244439.2457216,5.0
1730244439.2489147,5.0
1730244439.2525723,5.0
1730244439.256923,5.0
1730244439.26062,5.0
1730244439.265795,5.0
1730244439.2686384,5.0
1730244439.271809,5.0
1730244439.2770703,5.0
1730244439.28087,5.0
1730244439.2851372,5.0
1730244439.289131,5.0
1730244439.2929397,5.0
1730244439.2968073,5.0
1730244439.2997944,5.0
1730244439.3048334,5.0
1730244439.3087797,5.0
1730244439.312816,5.0
1730244439.3169992,5.0
1730244439.3208735,5.0
1730244439.324707,5.0
1730244439.3276572,5.0
1730244439.3317811,5.0
1730244439.3367984,5.0
1730244439.340822,5.0
1730244439.344817,5.0
1730244439.3490849,5.0
1730244439.3527007,5.0
1730244439.3559904,5.0
1730244439.3599963,5.0
1730244439.3651175,5.0
1730244439.3687117,5.0
1730244439.373333,5.0
1730244439.376084,5.0
1730244439.3802907,5.0
1730244439.384028,5.0
1730244439.3880887,5.0
1730244439.3934083,5.0
1730244439.3973975,5.0
1730244439.4009173,5.0
1730244439.4038928,5.0
1730244439.4083288,5.0
1730244439.4118483,5.0
1730244439.416053,5.0
1730244439.4199393,5.0
1730244439.425274,5.0
1730244439.4288936,5.0
1730244439.4319944,5.0
1730244439.4358585,5.0
1730244439.440172,5.0
1730244439.443885,5.0
1730244439.4490752,5.0
1730244439.4529245,5.0
1730244439.4572296,5.0
1730244439.4601164,5.0
1730244439.465238,5.0
1730244439.4689016,5.0
1730244439.4720504,5.0
1730244439.4764638,5.0
1730244439.4800923,5.0
1730244439.4843605,5.0
1730244439.488674,5.0
1730244439.4930756,5.0
1730244439.4972682,5.0
1730244439.500075,5.0
1730244439.5042171,5.0
1730244439.5082335,5.0
1730244439.5121112,5.0
1730244439.5162585,5.0
1730244439.5210717,5.0
1730244439.524223,5.0
1730244439.5269911,5.0
1730244439.5322883,5.0
1730244439.53606,5.0
1730244439.540265,5.0
1730244439.5440843,5.0
1730244439.5482273,5.0
1730244439.5530362,5.0
1730244439.5562117,5.0
1730244439.5603044,5.0
1730244439.5641894,5.0
1730244439.5681903,5.0
1730244439.572336,5.0
1730244439.5770397,5.0
1730244439.5803504,5.0
1730244439.5833251,5.0
1730244439.588231,5.0
1730244439.5921626,5.0
1730244439.596207,5.0
1730244439.6005013,5.0
1730244439.605274,5.0
1730244439.6082578,5.0
1730244439.6111145,5.0
1730244439.6166725,5.0
1730244439.620174,5.0
1730244439.6242692,5.0
1730244439.6281197,5.0
1730244439.6322925,5.0
1730244439.6361992,5.0
1730244439.6394515,5.0
1730244439.6445265,5.0
1730244439.6486173,5.0
1730244439.652255,5.0
1730244439.656397,5.0
1730244439.6594632,5.0
1730244439.663768,5.0
1730244439.667612,5.0
1730244439.671384,5.0
1730244439.6763537,5.0
1730244439.6802988,5.0
1730244439.6843631,5.0
1730244439.6873782,5.0
1730244439.691367,5.0
1730244439.6955204,5.0
1730244439.6993637,5.0
1730244439.705624,5.0
1730244439.708809,5.0
1730244439.712433,5.0
1730244439.7156146,5.0
1730244439.7192545,5.0
1730244439.7234864,5.0
1730244439.7272627,5.0
1730244439.7326915,5.0
1730244439.7362971,5.0
1730244439.7404833,5.0
1730244439.7434952,5.0
1730244439.7477727,5.0
1730244439.7515216,5.0
1730244439.7556033,5.0
1730244439.760316,5.0
1730244439.7646933,5.0
1730244439.7678645,5.0
1730244439.7715237,5.0
1730244439.7757614,5.0
1730244439.7800217,5.0
1730244439.7838993,5.0
1730244439.7876391,5.0
1730244439.7927954,5.0
1730244439.7954645,5.0
1730244439.7998967,5.0
1730244439.803558,5.0
1730244439.8078527,5.0
1730244439.8115404,5.0
1730244439.815664,5.0
1730244439.8205633,5.0
1730244439.8236055,5.0
1730244439.8275244,5.0
1730244439.831613,5.0
1730244439.8354368,5.0
1730244439.8399744,5.0
1730244439.843682,5.0
1730244439.8488407,5.0
1730244439.8514817,5.0
1730244439.8556633,5.0
1730244439.859557,5.0
1730244439.8640275,5.0
1730244439.8678567,5.0
1730244439.871579,5.0
1730244439.875628,5.0
1730244439.8786292,5.0
1730244439.8826342,5.0
1730244439.8877952,5.0
1730244439.8916247,5.0
1730244439.895753,5.0
1730244439.9000344,5.0
1730244439.9036224,5.0
1730244439.9069386,5.0
1730244439.9105437,5.0
1730244439.916139,5.0
1730244439.919619,5.0
1730244439.9238694,5.0
1730244439.927575,5.0
1730244439.931766,5.0
1730244439.9349313,5.0
1730244439.938758,5.0
1730244439.94365,5.0
1730244439.9478784,5.0
1730244439.9517367,5.0
1730244439.9557748,5.0
1730244439.9599304,5.0
1730244439.963317,5.0
1730244439.9673188,5.0
1730244439.971676,5.0
1730244439.9760916,5.0
1730244439.9803667,5.0
1730244439.9831305,5.0
1730244439.9866264,5.0
1730244439.9908934,5.0
1730244439.994759,5.0
1730244439.9990127,5.0
1730244440.0038366,5.0
1730244440.008138,5.0
1730244440.0107489,5.0
1730244440.0151253,5.0
1730244440.018708,5.0
1730244440.0231433,5.0
1730244440.0267255,5.0
1730244440.0318763,5.0
1730244440.035738,5.0
1730244440.0389428,5.0
1730244440.0427728,5.0
1730244440.0471716,5.0
1730244440.0508244,5.0
1730244440.0551848,5.0
1730244440.0599377,5.0
1730244440.0639894,5.0
1730244440.067136,5.0
1730244440.0709815,5.0
1730244440.075157,5.0
1730244440.0788603,5.0
1730244440.083109,5.0
1730244440.0883827,5.0
1730244440.0919776,5.0
1730244440.094774,5.0
1730244440.0992696,5.0
1730244440.1028922,5.0
1730244440.1072052,5.0
1730244440.1108716,5.0
1730244440.1162205,5.0
1730244440.1188748,5.0
1730244440.1231549,5.0
1730244440.1267967,5.0
1730244440.1313608,5.0
1730244440.13509,5.0
1730244440.1390574,5.0
1730244440.1440136,5.0
1730244440.1470785,5.0
1730244440.1501596,5.0
1730244440.1552727,5.0
1730244440.1594756,5.0
1730244440.1634035,5.0
1730244440.167304,5.0
1730244440.172132,5.0
1730244440.1752603,5.0
1730244440.1779213,5.0
1730244440.1832535,5.0
1730244440.187113,5.0
1730244440.1913905,5.0
1730244440.1951015,5.0
1730244440.2001123,5.0
1730244440.2029624,5.0
1730244440.206234,5.0
1730244440.2110176,5.0
1730244440.2152722,5.0
1730244440.2189343,5.0
1730244440.2235615,5.0
1730244440.2269895,5.0
1730244440.230189,5.0
1730244440.234248,5.0
1730244440.2393403,5.0
1730244440.2432852,5.0
1730244440.247243,5.0
1730244440.2510204,5.0
1730244440.2543294,5.0
1730244440.2585704,5.0
1730244440.262133,5.0
1730244440.2661736,5.0
1730244440.27118,5.0
1730244440.275665,5.0
1730244440.279328,5.0
1730244440.282045,5.0
1730244440.286147,5.0
1730244440.2902298,5.0
1730244440.2941334,5.0
1730244445.3010964,5.0
1730244445.3053372,5.0
1730244445.3090253,5.0
1730244445.3122213,5.0
1730244445.3161333,5.0
1730244445.3212848,5.0
1730244445.326069,5.0
1730244445.3302968,5.0
1730244445.3332765,5.0
1730244445.3362553,5.0
1730244445.3406303,5.0
1730244445.3442364,5.0
1730244445.349247,5.0
1730244445.353217,5.0
1730244445.357205,5.0
1730244445.3601742,5.0
1730244445.3642025,5.0
1730244445.3681889,5.0
1730244445.3723602,5.0
1730244445.37726,5.0
1730244445.3812234,5.0
1730244445.3853817,5.0
1730244445.388592,5.0
1730244445.3921392,5.0
1730244445.3963065,5.0
1730244445.4001846,5.0
1730244445.40457,5.0
1730244445.4091682,5.0
1730244445.4137633,5.0
1730244445.4163496,5.0
1730244445.4204004,5.0
1730244445.4247608,5.0
1730244445.4287183,5.0
1730244445.4328372,5.0
1730244445.437588,5.0
1730244445.440816,5.0
1730244445.444553,5.0
1730244445.448846,5.0
1730244445.452441,5.0
1730244445.4564748,5.0
1730244445.4604335,5.0
1730244445.4653592,5.0
1730244445.4682992,5.0
1730244445.472685,5.0
1730244445.4762988,5.0
1730244445.480628,5.0
1730244445.4843233,5.0
1730244445.488505,5.0
1730244445.4934273,5.0
1730244445.4965572,5.0
1730244445.4998107,5.0
1730244445.5048363,5.0
1730244445.5085237,5.0
1730244445.5125325,5.0
1730244445.5165367,5.0
1730244445.5216966,5.0
1730244445.5245645,5.0
1730244445.5275743,5.0
1730244445.532672,5.0
1730244445.5366063,5.0
1730244445.5405977,5.0
1730244445.544656,5.0
1730244445.5486305,5.0
1730244445.5514276,5.0
1730244445.555626,5.0
1730244445.5605352,5.0
1730244445.5646176,5.0
1730244445.5685258,5.0
1730244445.5724382,5.0
1730244445.5764525,5.0
1730244445.5796442,5.0
1730244445.5834632,5.0
1730244445.588614,5.0
1730244445.5924704,5.0
1730244445.5966673,5.0
1730244445.6004665,5.0
1730244445.603649,5.0
1730244445.6075933,5.0
1730244445.6116848,5.0
1730244445.6155343,5.0
1730244445.620638,5.0
1730244445.6245823,5.0
1730244445.6287029,5.0
1730244445.6316946,5.0
1730244445.6356783,5.0
1730244445.6396775,5.0
1730244445.644712,5.0
1730244445.648706,5.0
1730244445.6530423,5.0
1730244445.6558108,5.0
1730244445.6595836,5.0
1730244445.663869,5.0
1730244445.6675444,5.0
1730244445.671984,5.0
1730244445.6766005,5.0
1730244445.6812024,5.0
1730244445.6836147,5.0
1730244445.6883495,5.0
1730244445.6917737,5.0
1730244445.695922,5.0
1730244445.6997366,5.0
1730244445.7049313,5.0
1730244445.708658,5.0
1730244445.712056,5.0
1730244445.7159889,5.0
1730244445.7201383,5.0
1730244445.7242415,5.0
1730244445.7283964,5.0
1730244445.7335055,5.0
1730244445.7366903,5.0
1730244445.740254,5.0
1730244445.74373,5.0
1730244445.7477105,5.0
1730244445.7517605,5.0
1730244445.7562273,5.0
1730244445.7597382,5.0
1730244445.765134,5.0
1730244445.7678115,5.0
1730244445.7721002,5.0
1730244445.775828,5.0
1730244445.779794,5.0
1730244445.7837737,5.0
1730244445.7889557,5.0
1730244445.7917657,5.0
1730244445.7952397,5.0
1730244445.7999823,5.0
1730244445.8039804,5.0
1730244445.808071,5.0
1730244445.8118489,5.0
1730244445.8167973,5.0
1730244445.8204093,5.0
1730244445.823272,5.0
1730244445.8278615,5.0
1730244445.8322628,5.0
1730244445.8360732,5.0
1730244445.840299,5.0
1730244445.8438597,5.0
1730244445.848412,5.0
1730244445.8509133,5.0
1730244445.856365,5.0
1730244445.8598697,5.0
1730244445.8640385,5.0
1730244445.8678555,5.0
1730244445.8720534,5.0
1730244445.8758445,5.0
1730244445.878901,5.0
1730244445.8832524,5.0
1730244445.888422,5.0
1730244445.8918936,5.0
1730244445.896294,5.0
1730244445.8991885,5.0
1730244445.903211,5.0
1730244445.9069228,5.0
1730244445.9111135,5.0
1730244445.9160924,5.0
1730244445.9204097,5.0
1730244445.9245431,5.0
1730244445.9270916,5.0
1730244445.931251,5.0
1730244445.9349856,5.0
1730244445.9392383,5.0
1730244445.9447193,5.0
1730244445.9485865,5.0
1730244445.9521616,5.0
1730244445.955244,5.0
1730244445.959031,5.0
1730244445.9632466,5.0
1730244445.967044,5.0
1730244445.9712582,5.0
1730244445.9760618,5.0
1730244445.9804685,5.0
1730244445.9833732,5.0
1730244445.9872525,5.0
1730244445.9914708,5.0
1730244445.9953425,5.0
1730244445.9997172,5.0
1730244446.0044608,5.0
1730244446.0070772,5.0
1730244446.0118103,5.0
1730244446.0152423,5.0
1730244446.0198517,5.0
1730244446.0236847,5.0
1730244446.0272975,5.0
1730244446.032704,5.0
1730244446.035232,5.0
1730244446.0386975,5.0
1730244446.043208,5.0
1730244446.0475883,5.0
1730244446.051219,5.0
1730244446.0553153,5.0
1730244446.0602963,5.0
1730244446.0637057,5.0
1730244446.067237,5.0
1730244446.0717733,5.0
1730244446.0751843,5.0
1730244446.0794387,5.0
1730244446.083337,5.0
1730244446.088797,5.0
1730244446.0915496,5.0
1730244446.094858,5.0
1730244446.0995202,5.0
1730244446.103662,5.0
1730244446.1076312,5.0
1730244446.1116788,5.0
1730244446.1164503,5.0
1730244446.1198628,5.0
1730244446.1227648,5.0
1730244446.1276388,5.0
1730244446.1318505,5.0
1730244446.1354015,5.0
1730244446.1396203,5.0
1730244446.1448936,5.0
1730244446.147704,5.0
1730244446.1503828,5.0
1730244446.1554527,5.0
1730244446.1593702,5.0
1730244446.163763,5.0
1730244446.1674533,5.0
1730244446.1706288,5.0
1730244446.174735,5.0
1730244446.178821,5.0
1730244446.1829152,5.0
1730244446.1877017,5.0
1730244446.1916668,5.0
1730244446.1956112,5.0
1730244446.198609,5.0
1730244446.203164,5.0
1730244446.2064977,5.0
1730244446.2129595,5.0
1730244446.2155075,5.0
1730244446.2201416,5.0
1730244446.2238233,5.0
1730244446.2264988,5.0
1730244446.2309203,5.0
1730244446.234444,5.0
1730244446.2386627,5.0
1730244446.2425172,5.0
1730244446.247774,5.0
1730244446.251608,5.0
1730244446.2548647,5.0
1730244446.2585015,5.0
1730244446.2629166,5.0
1730244446.2666187,5.0
1730244446.2715638,5.0
1730244446.2756252,5.0
1730244446.278704,5.0
1730244446.2830813,5.0
1730244446.286579,5.0
1730244446.2909944,5.0
1730244446.2950208,5.0
1730244446.2988536,5.0
1730244446.3038492,5.0
1730244446.3065808,5.0
1730244446.31083,5.0
1730244446.3149889,5.0
1730244446.3186336,5.0
1730244446.3228395,5.0
1730244446.326624,5.0
1730244446.3318355,5.0
1730244446.3346465,5.0
1730244446.33891,5.0
1730244446.3426583,5.0
1730244446.3468118,5.0
1730244446.3507504,5.0
1730244446.3550017,5.0
1730244446.358668,5.0
1730244446.361797,5.0
1730244446.3666267,5.0
1730244446.3708253,5.0
1730244446.374882,5.0
1730244446.378825,5.0
1730244446.3828,5.0
1730244446.3867204,5.0
1730244446.3899417,5.0
1730244446.3938053,5.0
1730244446.3988793,5.0
1730244446.40287,5.0
1730244446.4068055,5.0
1730244446.4108229,5.0
1730244446.415951,5.0
1730244446.4188664,5.0
1730244446.4219992,5.0
1730244446.4268875,5.0
1730244446.4312413,5.0
1730244446.4348829,5.0
1730244446.4390285,5.0
1730244446.442799,5.0
1730244446.4459572,5.0
1730244446.449993,5.0
1730244446.45519,5.0
1730244446.458814,5.0
1730244446.4631827,5.0
1730244446.4663708,5.0
1730244446.4702024,5.0
1730244446.4740195,5.0
1730244446.4784148,5.0
1730244446.483024,5.0
1730244446.4869342,5.0
1730244446.491294,5.0
1730244446.4941669,5.0
1730244446.4981625,5.0
1730244446.5019796,5.0
1730244446.505938,5.0
1730244446.511222,5.0
1730244446.5150688,5.0
1730244446.5195763,5.0
1730244446.522276,5.0
1730244446.5258613,5.0
1730244446.5302832,5.0
1730244446.533893,5.0
1730244446.5384133,5.0
1730244446.5429575,5.0
1730244446.54711,5.0
1730244446.5499473,5.0
1730244446.5542796,5.0
1730244446.55829,5.0
1730244446.562137,5.0
1730244446.5659957,5.0
1730244446.571174,5.0
1730244446.575096,5.0
1730244446.5781496,5.0
1730244446.582167,5.0
1730244446.5860872,5.0
1730244446.5900588,5.0
1730244446.5941896,5.0
1730244446.5991902,5.0
1730244446.6020951,5.0
1730244446.6061122,5.0
1730244446.6101727,5.0
1730244446.6142871,5.0
1730244446.6180496,5.0
1730244446.6222224,5.0
1730244446.62824,5.0
1730244446.6310363,5.0
1730244446.6350598,5.0
1730244446.6382031,5.0
1730244446.6420517,5.0
1730244446.646237,5.0
1730244446.6500852,5.0
1730244446.655177,5.0
1730244446.6581185,5.0
1730244446.6612344,5.0
1730244446.666254,5.0
1730244446.670262,5.0
1730244446.6742697,5.0
1730244446.678676,5.0
1730244446.6831627,5.0
1730244446.686381,5.0
1730244446.6893537,5.0
1730244446.6947572,5.0
1730244446.6987455,5.0
1730244446.702185,5.0
1730244446.7064312,5.0
1730244446.710184,5.0
1730244446.7135503,5.0
1730244446.7172396,5.0
1730244446.7216735,5.0
1730244446.7261686,5.0
1730244446.7307808,5.0
1730244446.734276,5.0
1730244446.737934,5.0
1730244446.7415843,5.0
1730244446.7454264,5.0
1730244446.750238,5.0
1730244446.7547748,5.0
1730244446.758361,5.0
1730244446.762504,5.0
1730244446.7654524,5.0
1730244446.7698295,5.0
1730244446.7738588,5.0
1730244446.7776113,5.0
1730244446.7826464,5.0
1730244446.786466,5.0
1730244446.790609,5.0
1730244446.793429,5.0
1730244446.7975304,5.0
1730244446.801374,5.0
1730244446.8054607,5.0
1730244446.8106103,5.0
1730244446.8174863,5.0
1730244446.82066,5.0
1730244446.8245509,5.0
1730244446.8280427,5.0
1730244446.830774,5.0
1730244446.8343444,5.0
1730244446.8376064,5.0
1730244446.8423848,5.0
1730244446.8454912,5.0
1730244446.8496573,5.0
1730244446.8536973,5.0
1730244446.857977,5.0
1730244446.861915,5.0
1730244446.8661368,5.0
1730244446.8707528,5.0
1730244446.874035,5.0
1730244446.8776324,5.0
1730244446.881638,5.0
1730244446.8856134,5.0
1730244446.8895948,5.0
1730244446.8935,5.0
1730244446.8986468,5.0
1730244446.901589,5.0
1730244446.905628,5.0
1730244446.9096203,5.0
1730244446.9136584,5.0
1730244446.9174728,5.0
1730244446.9218476,5.0
1730244446.9265633,5.0
1730244446.9298778,5.0
1730244446.9335089,5.0
1730244446.937816,5.0
1730244446.9415133,5.0
1730244446.9458568,5.0
1730244446.9505825,5.0
1730244446.953729,5.0
1730244446.9566555,5.0
1730244446.9620447,5.0
1730244446.9659216,5.0
1730244446.9700737,5.0
1730244446.9738743,5.0
1730244446.9777155,5.0
1730244446.9821825,5.0
1730244446.984659,5.0
1730244446.9888368,5.0
1730244446.993861,5.0
1730244446.9978845,5.0
1730244447.0017383,5.0
1730244447.0062313,5.0
1730244447.009714,5.0
1730244447.0129926,5.0
1730244447.0166118,5.0
1730244447.0222087,5.0
1730244447.0256944,5.0
1730244447.030172,5.0
1730244447.0336523,5.0
1730244447.03795,5.0
1730244447.041192,5.0
1730244447.0450337,5.0
1730244447.0508475,5.0
1730244447.054029,5.0
1730244447.05785,5.0
1730244447.0642304,5.0
1730244447.06677,5.0
1730244447.0702598,5.0
1730244447.0731268,5.0
1730244447.0766833,5.0
1730244447.082312,5.0
1730244447.086053,5.0
1730244447.0890183,5.0
1730244447.0927627,5.0
1730244447.096949,5.0
1730244447.1007478,5.0
1730244447.1051838,5.0
1730244447.1098497,5.0
1730244447.115427,5.0
1730244447.119076,5.0
1730244447.1222613,5.0
1730244447.1248007,5.0
1730244447.1290555,5.0
1730244447.1328635,5.0
1730244447.1380904,5.0
1730244447.1419497,5.0
1730244447.1452737,5.0
1730244447.1488724,5.0
1730244447.1533875,5.0
1730244447.1570363,5.0
1730244447.1613808,5.0
1730244447.1663575,5.0
1730244447.170298,5.0
1730244447.1734498,5.0
1730244447.1769004,5.0
1730244447.1812215,5.0
1730244447.18494,5.0
1730244447.189274,5.0
1730244447.1946492,5.0
1730244447.1970544,5.0
1730244447.199914,5.0
1730244447.2052305,5.0
1730244447.20893,5.0
1730244447.2132528,5.0
1730244447.2169285,5.0
1730244447.2222729,5.0
1730244447.224932,5.0
1730244447.2282648,5.0
1730244447.2330763,5.0
1730244447.2371745,5.0
1730244447.2411647,5.0
1730244447.2452917,5.0
1730244447.249391,5.0
1730244447.2535868,5.0
1730244447.2580006,5.0
1730244447.2612464,5.0
1730244447.2653685,5.0
1730244447.2697036,5.0
1730244447.273199,5.0
1730244447.2786365,5.0
1730244447.2815557,5.0
1730244447.2840512,5.0
1730244447.289592,5.0
1730244447.2930984,5.0
1730244447.2973125,5.0
1730244447.301104,5.0
1730244447.3052588,5.0
1730244447.3080952,5.0
1730244447.3123896,5.0
1730244447.3171313,5.0
1730244447.3216178,5.0
1730244447.325084,5.0
1730244447.3296072,5.0
1730244447.3325837,5.0
1730244447.3363128,5.0
1730244447.340515,5.0
1730244447.3447416,5.0
1730244447.349378,5.0
1730244447.3533485,5.0
1730244447.3572118,5.0
1730244447.3603091,5.0
1730244447.3643107,5.0
1730244447.3682995,5.0
1730244447.3722043,5.0
1730244447.3772728,5.0
1730244447.3812876,5.0
1730244447.385248,5.0
1730244447.3881648,5.0
1730244447.3921723,5.0
1730244447.3963563,5.0
1730244447.40021,5.0
1730244447.4054048,5.0
1730244447.4093835,5.0
1730244447.412624,5.0
1730244447.416391,5.0
1730244447.4204905,5.0
1730244447.4245684,5.0
1730244447.4287753,5.0
1730244447.43271,5.0
1730244447.4374063,5.0
1730244447.4408057,5.0
1730244447.4454515,5.0
1730244447.4484737,5.0
1730244447.4524884,5.0
1730244447.4565008,5.0
1730244447.4610453,5.0
1730244447.4654517,5.0
1730244447.4683652,5.0
1730244447.4730017,5.0
1730244447.4764066,5.0
1730244447.4807518,5.0
1730244447.4844415,5.0
1730244447.488586,5.0
1730244447.4934711,5.0
1730244447.49653,5.0
1730244447.500526,5.0
1730244447.5047903,5.0
1730244447.5084977,5.0
1730244447.5130408,5.0
1730244447.5164447,5.0
1730244447.520978,5.0
1730244447.5238855,5.0
1730244447.5281131,5.0
1730244447.5326564,5.0
1730244447.536518,5.0
1730244447.5410514,5.0
1730244447.544916,5.0
1730244447.5488772,5.0
1730244447.5537703,5.0
1730244447.556632,5.0
1730244447.5611603,5.0
1730244447.5650687,5.0
1730244447.5687273,5.0
1730244447.5726995,5.0
1730244447.576572,5.0
1730244447.5797946,5.0
1730244447.5835123,5.0
1730244447.5887513,5.0
1730244447.5924797,5.0
1730244447.5966668,5.0
1730244447.6006906,5.0
1730244447.6049535,5.0
1730244447.607882,5.0
1730244447.6120262,5.0
1730244447.616564,5.0
1730244447.62106,5.0
1730244447.6245923,5.0
1730244447.628866,5.0
1730244447.632824,5.0
1730244447.635887,5.0
1730244447.6401896,5.0
1730244447.644752,5.0
1730244447.6487582,5.0
1730244447.6530025,5.0
1730244447.65632,5.0
1730244447.6596313,5.0
1730244447.6640062,5.0
1730244447.667596,5.0
1730244447.6720684,5.0
1730244447.6767588,5.0
1730244447.6811576,5.0
1730244447.6837444,5.0
1730244447.687982,5.0
1730244447.6917553,5.0
1730244447.6959736,5.0
1730244447.699754,5.0
1730244447.7049646,5.0
1730244447.70874,5.0
1730244447.7122798,5.0
1730244447.7159612,5.0
1730244447.719874,5.0
1730244447.7239366,5.0
1730244447.7283337,5.0
1730244447.732982,5.0
1730244447.7367778,5.0
1730244447.7400236,5.0
1730244447.744396,5.0
1730244447.7484045,5.0
1730244447.7519531,5.0
1730244447.756176,5.0
1730244447.7613597,5.0
1730244447.7641485,5.0
1730244447.766781,5.0
1730244447.7721791,5.0
1730244447.7757895,5.0
1730244447.780246,5.0
1730244447.78379,5.0
1730244447.789085,5.0
1730244447.7917807,5.0
1730244447.795888,5.0
1730244447.799842,5.0
1730244447.8041298,5.0
1730244447.8078191,5.0
1730244447.8120923,5.0
1730244447.8159351,5.0
1730244447.82012,5.0
1730244447.823236,5.0
1730244447.8282704,5.0
1730244447.8324437,5.0
1730244447.8364065,5.0
1730244447.8404791,5.0
1730244447.8453147,5.0
1730244447.848399,5.0
1730244447.850962,5.0
1730244447.8563297,5.0
1730244447.8600037,5.0
1730244447.865172,5.0
1730244447.8680682,5.0
1730244447.8722951,5.0
1730244447.8758976,5.0
1730244447.8800545,5.0
1730244447.8839054,5.0
1730244447.8871424,5.0
1730244447.8911903,5.0
1730244447.89519,5.0
1730244447.8999877,5.0
1730244447.9041584,5.0
1730244447.9079576,5.0
1730244447.9120717,5.0
1730244447.9150832,5.0
1730244447.9189909,5.0
1730244447.923026,5.0
1730244447.9280868,5.0
1730244447.9321032,5.0
1730244447.9361334,5.0
1730244447.9404733,5.0
1730244447.9433026,5.0
1730244447.9471357,5.0
1730244447.9511137,5.0
1730244447.9563174,5.0
1730244447.9602263,5.0
1730244447.9645452,5.0
1730244447.967059,5.0
1730244447.971686,5.0
1730244447.975073,5.0
1730244447.9813929,5.0
1730244447.984099,5.0
1730244447.9886782,5.0
1730244447.99218,5.0
1730244447.995396,5.0
1730244447.9993167,5.0
1730244448.0033224,5.0
1730244448.0075667,5.0
1730244448.011638,5.0
1730244448.0171428,5.0
1730244448.021582,5.0
1730244448.024344,5.0
1730244448.027374,5.0
1730244448.0317447,5.0
1730244448.035301,5.0
1730244448.0394056,5.0
1730244448.044741,5.0
1730244448.0473435,5.0
1730244448.0511842,5.0
1730244448.0553272,5.0
1730244448.0592291,5.0
1730244448.063388,5.0
1730244448.0671856,5.0
1730244448.0721867,5.0
1730244448.0751784,5.0
1730244448.0794845,5.0
1730244448.083242,5.0
1730244448.0874035,5.0
1730244448.0912116,5.0
1730244448.0954125,5.0
1730244448.1003191,5.0
1730244448.1034212,5.0
1730244448.1064663,5.0
1730244448.1114576,5.0
1730244448.115431,5.0
1730244448.119431,5.0
1730244448.123608,5.0
1730244448.1273177,5.0
1730244448.1313083,5.0
1730244448.134458,5.0
1730244448.1394544,5.0
1730244448.1434505,5.0
1730244448.147509,5.0
1730244448.1514032,5.0
1730244448.155568,5.0
1730244448.1595645,5.0
1730244448.1625872,5.0
1730244448.1686196,5.0
1730244448.17161,5.0
1730244448.1755793,5.0
1730244448.1797051,5.0
1730244448.182666,5.0
1730244448.1865804,5.0
1730244448.1905825,5.0
1730244448.1946356,5.0
1730244448.199386,5.0
1730244448.2034872,5.0
1730244448.207697,5.0
1730244448.2107596,5.0
1730244448.2146504,5.0
1730244448.21876,5.0
1730244448.2226725,5.0
1730244448.227625,5.0
1730244448.2316952,5.0
1730244448.2358007,5.0
1730244448.238656,5.0
1730244448.2425616,5.0
1730244448.2468317,5.0
1730244448.2504897,5.0
1730244448.2557158,5.0
1730244448.2595408,5.0
1730244448.2636,5.0
1730244448.2665398,5.0
1730244448.2705743,5.0
1730244448.27455,5.0
1730244448.2786725,5.0
1730244448.28256,5.0
1730244448.2877517,5.0
1730244448.2907531,5.0
1730244448.2947285,5.0
1730244448.2986476,5.0
1730244448.302713,5.0
1730244448.3067198,5.0
1730244448.310764,5.0
1730244448.3157637,5.0
1730244448.3187523,5.0
1730244448.3227513,5.0
1730244448.3268037,5.0
1730244448.3307831,5.0
1730244448.334656,5.0
1730244448.3407924,5.0
1730244448.3438284,5.0
1730244448.3478005,5.0
1730244448.3507185,5.0
1730244448.3548355,5.0
1730244448.3586612,5.0
1730244448.362844,5.0
1730244448.3667598,5.0
1730244448.371874,5.0
1730244448.3746824,5.0
1730244448.3786924,5.0
1730244448.3826685,5.0
1730244448.3868763,5.0
1730244448.3908696,5.0
1730244448.394757,5.0
1730244448.3988328,5.0
1730244448.4018185,5.0
1730244448.4068997,5.0
1730244448.4109108,5.0
1730244448.414848,5.0
1730244448.418926,5.0
1730244448.422922,5.0
1730244448.4259338,5.0
1730244448.4299593,5.0
1730244448.433926,5.0
1730244448.438963,5.0
1730244448.4429464,5.0
1730244448.4469955,5.0
1730244448.4510145,5.0
1730244448.4549963,5.0
1730244448.4578595,5.0
1730244448.4620025,5.0
1730244448.4668477,5.0
1730244448.470816,5.0
1730244448.4748433,5.0
1730244448.479016,5.0
1730244448.4828548,5.0
1730244448.4859312,5.0
1730244448.4900668,5.0
1730244448.4951046,5.0
1730244448.4989808,5.0
1730244448.5040643,5.0
1730244448.507896,5.0
1730244448.5110652,5.0
1730244448.5140846,5.0
1730244448.5179732,5.0
1730244448.5220077,5.0
1730244448.5270023,5.0
1730244448.5310109,5.0
1730244448.534051,5.0
1730244448.537986,5.0
1730244448.542054,5.0
1730244448.5460596,5.0
1730244448.5500045,5.0
1730244448.555153,5.0
1730244448.5590038,5.0
1730244448.5621288,5.0
1730244448.5659976,5.0
1730244448.5702384,5.0
1730244448.5741315,5.0
1730244448.578204,5.0
1730244448.5830357,5.0
1730244448.5872126,5.0
1730244448.5900676,5.0
1730244448.5943468,5.0
1730244448.598162,5.0
1730244448.6023214,5.0
1730244448.6062436,5.0
1730244448.611228,5.0
1730244448.615376,5.0
1730244448.618248,5.0
1730244448.6221428,5.0
1730244448.6262708,5.0
1730244448.6302931,5.0
1730244448.6342907,5.0
1730244448.6392815,5.0
1730244448.6422226,5.0
1730244448.6451972,5.0
1730244448.650216,5.0
1730244448.654302,5.0
1730244448.6581604,5.0
1730244448.6623323,5.0
1730244448.6661828,5.0
1730244448.6703172,5.0
1730244448.6733165,5.0
1730244448.6783454,5.0
1730244448.682304,5.0
1730244448.6865516,5.0
1730244448.6905324,5.0
1730244448.6943693,5.0
1730244448.6985283,5.0
1730244448.7014775,5.0
1730244448.7064905,5.0
1730244448.7104442,5.0
1730244448.7145655,5.0
1730244448.7184372,5.0
1730244448.722391,5.0
1730244448.7265737,5.0
1730244448.7295556,5.0
1730244448.7333517,5.0
1730244448.7384784,5.0
1730244448.7424004,5.0
1730244448.746794,5.0
1730244448.750753,5.0
1730244448.7536037,5.0
1730244448.7574654,5.0
1730244448.7616932,5.0
1730244448.766506,5.0
1730244448.770586,5.0
1730244448.774466,5.0
1730244448.7786734,5.0
1730244448.7815895,5.0
1730244448.7855237,5.0
1730244448.789626,5.0
1730244448.793614,5.0
1730244448.798564,5.0
1730244448.8025706,5.0
1730244448.806507,5.0
1730244448.8095276,5.0
1730244448.8138924,5.0
1730244448.8177402,5.0
1730244448.82186,5.0
1730244448.8264897,5.0
1730244448.8306313,5.0
1730244448.8334792,5.0
1730244448.8376431,5.0
1730244448.8414946,5.0
1730244448.8456397,5.0
1730244448.8494833,5.0
1730244448.8546855,5.0
1730244448.8586164,5.0
1730244448.8616712,5.0
1730244448.8657565,5.0
1730244448.8697853,5.0
1730244448.87378,5.0
1730244448.877611,5.0
1730244448.8825383,5.0
1730244448.8857105,5.0
1730244448.8897188,5.0
1730244448.8937232,5.0
1730244448.8977022,5.0
1730244448.9018505,5.0
1730244448.905838,5.0
1730244448.910774,5.0
1730244448.913797,5.0
1730244448.9166028,5.0
1730244448.921591,5.0
1730244448.9257483,5.0
1730244448.929814,5.0
1730244448.9337049,5.0
1730244448.9388025,5.0
1730244448.941636,5.0
1730244448.9448411,5.0
1730244448.9496229,5.0
1730244448.9537969,5.0
1730244448.9576375,5.0
1730244448.9617937,5.0
1730244448.9667244,5.0
1730244448.9698591,5.0
1730244448.9728572,5.0
1730244448.9778388,5.0
1730244448.9818606,5.0
1730244448.985876,5.0
1730244448.989925,5.0
1730244448.9929051,5.0
1730244448.9969225,5.0
1730244449.0007908,5.0
1730244449.0049117,5.0
1730244449.0098386,5.0
1730244449.0139744,5.0
1730244449.0179818,5.0
1730244449.020934,5.0
1730244449.0247495,5.0
1730244449.0289624,5.0
1730244449.0327606,5.0
1730244449.0379443,5.0
1730244449.0418308,5.0
1730244449.0461798,5.0
1730244449.0491724,5.0
1730244449.0530117,5.0
1730244449.0570996,5.0
1730244449.0610487,5.0
1730244449.065909,5.0
1730244449.0700583,5.0
1730244449.0740192,5.0
1730244449.0769825,5.0
1730244449.080997,5.0
1730244449.0850067,5.0
1730244449.0890713,5.0
1730244449.093994,5.0
1730244449.0979908,5.0
1730244449.1019042,5.0
1730244449.1050818,5.0
1730244449.1090896,5.0
1730244449.113048,5.0
1730244449.117021,5.0
1730244449.1211617,5.0
1730244449.1266675,5.0
1730244449.1291747,5.0
1730244449.1329916,5.0
1730244449.1376266,5.0
1730244449.140944,5.0
1730244449.145548,5.0
1730244449.149112,5.0
1730244449.1542263,5.0
1730244449.1572523,5.0
1730244449.1611996,5.0
1730244449.1652508,5.0
1730244449.1692436,5.0
1730244449.173272,5.0
1730244449.1777868,5.0
1730244449.1823735,5.0
1730244449.1857874,5.0
1730244449.1893556,5.0
1730244449.193272,5.0
1730244449.1976311,5.0
1730244449.2011695,5.0
1730244449.205244,5.0
1730244449.210497,5.0
1730244449.213406,5.0
1730244449.2161925,5.0
1730244449.2212932,5.0
1730244449.2252605,5.0
1730244449.2313676,5.0
1730244449.234292,5.0
1730244449.2375677,5.0
1730244449.241253,5.0
1730244449.244661,5.0
1730244449.2491548,5.0
1730244449.2534003,5.0
1730244449.2575252,5.0
1730244449.261354,5.0
1730244449.2642708,5.0
1730244449.2689075,5.0
1730244449.272369,5.0
1730244449.277554,5.0
1730244449.28145,5.0
1730244449.2858417,5.0
1730244449.2897503,5.0
1730244449.2935529,5.0
1730244449.2962544,5.0
1730244449.3002276,5.0
1730244449.3056135,5.0
1730244449.3093512,5.0
1730244449.3140495,5.0
1730244449.3172872,5.0
1730244449.3213289,5.0
1730244449.3242826,5.0
1730244449.3285332,5.0
1730244449.3333814,5.0
1730244449.3377194,5.0
1730244449.3412597,5.0
1730244449.3445656,5.0
1730244449.348774,5.0
1730244449.3526084,5.0
1730244449.356896,5.0
1730244449.360551,5.0
1730244449.3656485,5.0
1730244449.3696513,5.0
1730244449.3724952,5.0
1730244449.3765132,5.0
1730244449.3805268,5.0
1730244449.3844905,5.0
1730244449.3885098,5.0
1730244449.3935983,5.0
1730244449.397624,5.0
1730244449.400467,5.0
1730244449.4045732,5.0
1730244449.4084156,5.0
1730244449.4125528,5.0
1730244449.416392,5.0
1730244449.4214413,5.0
1730244449.4254556,5.0
1730244449.4286656,5.0
1730244449.4323626,5.0
1730244449.4366455,5.0
1730244449.440801,5.0
1730244449.4446435,5.0
1730244449.4487112,5.0
1730244449.454141,5.0
1730244449.456594,5.0
1730244449.460948,5.0
1730244449.4647107,5.0
1730244449.468789,5.0
1730244449.472545,5.0
1730244449.4768994,5.0
1730244449.4808245,5.0
1730244449.4835255,5.0
1730244449.4890916,5.0
1730244449.4925964,5.0
1730244449.4968388,5.0
1730244449.5006683,5.0
1730244449.5048163,5.0
1730244449.508541,5.0
1730244449.5118582,5.0
1730244449.5166206,5.0
1730244449.520868,5.0
1730244449.5245864,5.0
1730244449.528986,5.0
1730244449.532596,5.0
1730244449.5368414,5.0
1730244449.5397737,5.0
1730244449.5458128,5.0
1730244449.5489185,5.0
1730244449.5526528,5.0
1730244449.5569973,5.0
1730244449.5607417,5.0
1730244449.5649843,5.0
1730244449.5676749,5.0
1730244449.5721593,5.0
1730244449.5766876,5.0
1730244449.5809965,5.0
1730244449.584689,5.0
1730244449.5882115,5.0
1730244449.5917256,5.0
1730244449.595866,5.0
1730244449.5997543,5.0
1730244449.6048827,5.0
1730244449.6087563,5.0
1730244449.6127949,5.0
1730244449.615801,5.0
1730244449.6203928,5.0
1730244449.6241224,5.0
1730244449.6282947,5.0
1730244449.6328275,5.0
1730244449.6368923,5.0
1730244449.6408155,5.0
1730244449.6439364,5.0
1730244449.6480527,5.0
1730244449.652001,5.0
1730244449.6561558,5.0
1730244449.6609728,5.0
1730244449.6650078,5.0
1730244449.6691425,5.0
1730244449.6722803,5.0
1730244449.6758473,5.0
1730244449.6801229,5.0
1730244449.6838267,5.0
1730244449.6892252,5.0
1730244449.693009,5.0
1730244449.6960392,5.0
1730244449.699818,5.0
1730244449.704396,5.0
1730244449.707874,5.0
1730244449.7119267,5.0
1730244449.7158966,5.0
1730244449.721015,5.0
1730244449.7240062,5.0
1730244449.728208,5.0
1730244449.7318575,5.0
1730244449.7361012,5.0
1730244449.7403023,5.0
1730244449.7444007,5.0
1730244449.7490585,5.0
1730244449.752447,5.0
1730244449.7561269,5.0
1730244449.7606602,5.0
1730244449.7646348,5.0
1730244449.7682147,5.0
1730244449.7723186,5.0
1730244449.777682,5.0
1730244449.780168,5.0
1730244449.784104,5.0
1730244449.7882931,5.0
1730244449.792061,5.0
1730244449.7962215,5.0
1730244449.7999923,5.0
1730244449.805224,5.0
1730244449.8079891,5.0
1730244449.8110175,5.0
1730244449.8160608,5.0
1730244449.8202977,5.0
1730244449.8240385,5.0
1730244449.8282285,5.0
1730244449.8321776,5.0
1730244449.835708,5.0
1730244449.83929,5.0
1730244449.8442192,5.0
1730244449.8486135,5.0
1730244449.8522103,5.0
1730244449.8561978,5.0
1730244449.8592844,5.0
1730244449.8634112,5.0
1730244449.8671184,5.0
1730244449.8712876,5.0
1730244449.8762531,5.0
1730244449.8802426,5.0
1730244449.884163,5.0
1730244449.8876095,5.0
1730244449.891205,5.0
1730244449.8955572,5.0
1730244449.9001489,5.0
1730244449.9043696,5.0
1730244449.9082575,5.0
1730244449.9123862,5.0
1730244449.9155576,5.0
1730244449.9194205,5.0
1730244449.9233568,5.0
1730244449.92758,5.0
1730244449.932176,5.0
1730244449.936411,5.0
1730244449.9406064,5.0
1730244449.9435172,5.0
1730244449.9476857,5.0
1730244449.9512973,5.0
1730244449.955756,5.0
1730244449.9604151,5.0
1730244449.964429,5.0
1730244449.967256,5.0
1730244449.971269,5.0
1730244449.9754243,5.0
1730244449.979568,5.0
1730244449.9833045,5.0
1730244449.9883676,5.0
1730244449.9922876,5.0
1730244449.9955628,5.0
1730244449.9992547,5.0
1730244450.0034003,5.0
1730244450.007314,5.0
1730244450.0113664,5.0
1730244450.0158875,5.0
1730244450.020579,5.0
1730244450.023697,5.0
1730244450.0275917,5.0
1730244450.031506,5.0
1730244450.0355914,5.0
1730244450.0398896,5.0
1730244450.0446682,5.0
1730244450.0485682,5.0
1730244450.051447,5.0
1730244450.055834,5.0
1730244450.0597758,5.0
1730244450.0637352,5.0
1730244450.0674984,5.0
1730244450.072626,5.0
1730244450.075581,5.0
1730244450.0788896,5.0
1730244450.083505,5.0
1730244450.087935,5.0
1730244450.0914824,5.0
1730244450.0959787,5.0
1730244450.0994115,5.0
1730244450.1037395,5.0
1730244450.106882,5.0
1730244450.111614,5.0
1730244450.1154888,5.0
1730244450.1197531,5.0
1730244450.1238892,5.0
1730244450.127828,5.0
1730244450.1316397,5.0
1730244450.13481,5.0
1730244450.1390736,5.0
1730244450.144176,5.0
1730244450.1476767,5.0
1730244450.1517503,5.0
1730244450.156064,5.0
1730244450.1598563,5.0
1730244450.1625967,5.0
1730244450.167555,5.0
1730244450.1720023,5.0
1730244450.1756945,5.0
1730244450.179866,5.0
1730244450.1826289,5.0
1730244450.1869016,5.0
1730244450.1906123,5.0
1730244450.194907,5.0
1730244450.1996825,5.0
1730244450.2038665,5.0
1730244450.2077713,5.0
1730244450.2109349,5.0
1730244450.2148576,5.0
1730244450.2188172,5.0
1730244450.222613,5.0
1730244450.227302,5.0
1730244450.2320206,5.0
1730244450.2359245,5.0
1730244450.2392244,5.0
1730244450.242724,5.0
1730244450.246886,5.0
1730244450.2506545,5.0
1730244450.254902,5.0
1730244450.260422,5.0
1730244450.2640104,5.0
1730244450.2667167,5.0
1730244450.271232,5.0
1730244450.2747948,5.0
1730244450.279236,5.0
1730244450.282725,5.0
1730244450.2882538,5.0
1730244450.2907922,5.0
1730244450.2949097,5.0
1730244450.2988956,5.0
1730244450.302935,5.0
1730244450.3071375,5.0
1730244455.317205,5.0
