Fp1,C3,time_board
24633.723453727183,26216.025795462825,1730655715.7240784
24633.85756419392,26221.41256587655,1730655715.7281606
24633.052901393523,26219.57972283122,1730655715.7312317
24632.73997697115,26215.221132662435,1730655715.7352457
24636.51742178409,26215.39994661808,1730655715.7391355
24633.1646601158,26218.439783864,1730655715.7431955
24632.69527348224,26220.47379260943,1730655715.7482696
24633.65639849381,26215.89168499609,1730655715.7520947
24641.144232886345,26217.545714085783,1730655715.755492
24640.741901486148,26222.6419118216,1730655715.759297
24633.276418838075,26221.345510643187,1730655715.7631717
24631.577686259472,26215.91403674055,1730655715.7674365
24638.953761929723,26222.08311821021,1730655715.7711792
24638.93141018527,26221.926655999025,1730655715.775296
24635.042206650043,26215.556408829263,1730655715.7803545
24635.62335200588,26218.551542586272,1730655715.7832975
24633.03054964907,26216.3387198852,1730655715.7873669
24633.65639849381,26215.77992627381,1730655715.7920256
24636.137442128354,26216.65164430757,1730655715.795558
24637.74676772914,26217.50101059688,1730655715.7993915
24633.119956626888,26217.34454838569,1730655715.8032656
24628.291979824546,26215.377594873626,1730655715.8095288
24636.137442128354,26219.57972283122,1730655715.8123608
24637.34443632894,26216.964568729945,1730655715.816538
24637.88087819587,26216.85281000767,1730655715.8195603
24633.1646601158,26217.56806583024,1730655715.823542
24633.00819790461,26216.316368140742,1730655715.8275418
24636.91975318429,26215.33289138471,1730655715.831531
24637.992636918145,26220.697310053984,1730655715.8362591
24637.56795377349,26218.439783864,1730655715.8395565
24633.38817756035,26218.171562930533,1730655715.842574
24632.471756037685,26214.34941462868,1730655715.8474653
24634.930447927767,26212.1365919276,1730655715.8514652
24636.942104928745,26215.444650106987,1730655715.8553717
24637.031511906567,26224.362996144653,1730655715.859579
24635.668055494792,26217.03162396332,1730655715.8632994
24631.82355544848,26216.562237329752,1730655715.866624
24625.45330827872,26216.45047860748,1730655715.8713353
24628.62725599137,26217.836286763704,1730655715.8755724
24628.20257284672,26214.93055998452,1730655715.8793828
24631.64474149284,26214.6399873066,1730655715.8856409
24632.35999731541,26218.104507697168,1730655715.8883407
24634.70693048321,26218.12685944162,1730655715.8916864
24635.042206650043,26217.94804548598,1730655715.8955872
24633.92461942728,26216.405775118565,1730655715.8986368
24636.1150903839,26215.824629762727,1730655715.903685
24642.105357897923,26224.27358916683,1730655715.907765
24631.71179672621,26217.76923153034,1730655715.9117398
24630.325988569974,26215.735222784904,1730655715.9154763
24632.181183359764,26216.09285069619,1730655715.9195397
24638.4173200628,26212.47186809443,1730655715.9224713
24636.472718295183,26223.178353688523,1730655715.9265146
24630.370692058885,26223.13365019961,1730655715.931595
24633.611695004904,26221.211400176457,1730655715.9355907
24639.15492762982,26223.37951938862,1730655715.939644
24634.371654316383,26222.32898739922,1730655715.9427464
24633.723453727183,26217.7915832748,1730655715.9464097
24636.1150903839,26218.976225730923,1730655715.9506953
24633.812860705,26215.89168499609,1730655715.9544954
24630.30363682552,26216.025795462825,1730655715.9597504
24633.54463977154,26220.339682142698,1730655715.9636047
24635.62335200588,26223.647740322085,1730655715.9676452
24631.264761837097,26219.266798408844,1730655715.9705365
24630.61656124789,26217.67982455252,1730655715.974723
24631.77885195957,26216.94221698549,1730655715.9787755
24640.428977063773,26220.317330398244,1730655715.98267
24641.524212542085,26219.222094919933,1730655715.9874651
24631.890610681847,26213.120068683635,1730655715.9917383
24629.409567047307,26216.159905929555,1730655715.9957345
24628.336683313453,26221.703138554472,1730655715.9986997
24626.123860612377,26220.74201354289,1730655716.0027092
24632.33764557095,26220.67495830953,1730655716.0066512
24634.03637814956,26219.4903158534,1730655716.010689
24631.71179672621,26216.80810651876,1730655716.0165968
24631.35416881492,26223.49127811089,1730655716.0197754
24632.15883161531,26219.69148155349,1730655716.0236857
24631.64474149284,26221.09964145418,1730655716.0266702
24629.09664262493,26218.8421152642,1730655716.0306387
24632.002369404123,26219.78088853132,1730655716.035688
24636.60682876192,26221.03258622081,1730655716.0397685
24634.90809618332,26217.210437918955,1730655716.0426464
24633.83521244946,26215.89168499609,1730655716.0475852
24633.79050896055,26215.48935359589,1730655716.0506876
24640.1160526414,26218.2386181639,1730655716.053575
24641.81478522,26223.647740322085,1730655716.058774
24635.73511072816,26223.021891477336,1730655716.0626495
24629.275456580577,26216.204609418462,1730655716.0668063
24627.95670365772,26222.55250484377,1730655716.070704
24622.145250099333,26217.88099025261,1730655716.0757046
24625.565067001,26219.020929219834,1730655716.0787668
24629.11899436939,26219.57972283122,1730655716.081882
24631.4659275372,26218.61859781964,1730655716.0868928
24636.226849106177,26222.6419118216,1730655716.090844
24630.16952635879,26219.356205386663,1730655716.0948656
24640.36192183041,26217.612769319152,1730655716.0988295
24640.764253230605,26225.32412115623,1730655716.1028297
24634.081081638466,26222.798374032784,1730655716.1067903
24626.883819923856,26217.210437918955,1730655716.109784
24632.382349059862,26217.76923153034,1730655716.1159537
24635.48924153915,26220.272626909333,1730655716.1189637
24632.71762522669,26226.486411867907,1730655716.1228063
24629.789546703047,26220.42908912052,1730655716.1268673
24624.894514667336,26215.735222784904,1730655716.1309123
24628.470793780183,26212.918902983536,1730655716.13482
24638.99846541864,26220.518496098342,1730655716.137749
24631.77885195957,26220.89847575408,1730655716.1428869
24624.73805245615,26220.943179243,1730655716.1469798
24624.73805245615,26219.57972283122,1730655716.1509829
24632.02472114858,26220.00440597587,1730655716.154802
24627.95670365772,26218.32802514172,1730655716.1589572
24628.89547692484,26217.90334199707,1730655716.1628034
24629.94600891424,26213.67886229501,1730655716.166031
24625.676825723272,26218.506839097365,1730655716.1707976
24624.246314078133,26218.260969908355,1730655716.175
24628.04611063553,26214.48352509541,1730655716.1789613
24631.801203704024,26212.89655123908,1730655716.1849525
24632.58351475996,26221.03258622081,1730655716.187814
24629.00723564712,26224.45240312248,1730655716.1911614
24630.571857758983,26221.77019378784,1730655716.1938577
24628.04611063553,26217.14338268559,1730655716.197996
24634.170488616288,26219.73618504241,1730655716.2028656
24632.04707289304,26220.47379260943,1730655716.206974
24627.6661309798,26213.56710357274,1730655716.2110035
24629.63308449186,26220.294978653787,1730655716.2140217
24631.264761837097,26219.535019342307,1730655716.2178664
24632.136479870856,26221.256103665368,1730655716.2222407
24627.286151324053,26217.50101059688,1730655716.2260745
24627.68848272425,26215.42229836253,1730655716.230893
24637.523250284583,26216.38342337411,1730655716.2348948
24642.68650325376,26218.104507697168,1730655716.2390375
24633.20936360471,26222.48544961041,1730655716.2420928
24622.59228498844,26218.462135608454,1730655716.245938
24626.570895501485,26216.42812686302,1730655716.250109
24627.129689112862,26217.50101059688,1730655716.2540157
24629.141346113844,26219.78088853132,1730655716.2590747
24624.179258844764,26217.94804548598,1730655716.2630196
24622.70404371072,26213.5894553172,1730655716.2660837
24634.617523505392,26213.85767625066,1730655716.2700567
24641.501860797627,26215.86933325164,1730655716.2740855
24655.40464584883,26216.025795462825,1730655716.2779624
24691.882692799893,26224.787679289304,1730655716.2820525
24670.067390211512,26230.82265029224,1730655716.286082
24633.87991593837,26227.402833390577,1730655716.2910814
24647.715645756205,26223.75949904436,1730655716.2940786
24668.011029721623,26220.406737376063,1730655716.298112
24640.92071544179,26222.53015309932,1730655716.3020682
24659.0703319395,26224.65356882257,1730655716.306196
24678.69516357126,26228.162792702056,1730655716.3100464
24631.55533451502,26214.93055998452,1730655716.3141065
24624.447479778228,26237.05878699527,1730655716.3192503
24656.321067371497,26235.00242650538,1730655716.3220787
24657.81863425,26244.770138832348,1730655716.3262432
24701.89627431587,26305.90215991761,1730655716.3300765
24689.60281486545,26232.454327637475,1730655716.334299
24579.609880400883,26150.91516386452,1730655716.3381424
24622.793450688536,26152.41273074302,1730655716.3433323
24661.819596507503,26130.485669432364,1730655716.3461676
24668.860396010925,26243.339627187208,1730655716.3492332
24578.559348411483,26211.466039593943,1730655716.3541403
24553.324228921443,26207.062745936248,1730655716.3581834
24608.667148192784,26195.43983881949,1730655716.3621943
24670.31325940052,26224.1394787001,1730655716.3662715
24664.322991886496,26291.239415554934,1730655716.37035
24571.29503146351,26200.91601621104,1730655716.3744228
24652.02953243608,26170.294126307264,1730655716.3772533
24725.96910309424,26181.626460746105,1730655716.3823273
24713.02744305461,26248.324066200745,1730655716.3862476
24622.368767543885,26262.942107074512,1730655716.3904057
24534.52641183453,26200.42427783302,1730655716.3943872
24620.91590415429,26073.66753502697,1730655716.3984275
24872.976526376788,26223.156001944066,1730655716.4024384
24827.557781643605,26274.87793861365,1730655716.4052236
24659.897346484348,26224.69827231148,1730655716.409256
24615.26091280709,26247.16177548907,1730655716.4142363
24544.919973006246,26361.289782677864,1730655716.4183776
24635.466889794698,26229.705063069472,1730655716.4221928
24823.9591507863,26194.56812078573,1730655716.4263463
24738.329617778018,26198.65849002105,1730655716.4303167
24637.25502935112,26184.84511194767,1730655716.433499
24573.93253730924,26162.20279481445,1730655716.437255
24604.889703379835,26245.507746399373,1730655716.4424057
24641.97124743119,26221.166696687545,1730655716.446312
24685.08776248548,26200.22311213292,1730655716.4505067
24723.89039085989,26134.46427994541,1730655716.4535265
24889.270948084708,26222.798374032784,1730655716.457404
24835.224429991777,26330.891410218646,1730655716.4615571
24631.577686259472,26312.20535185401,1730655716.4655166
24567.33877269492,26221.367862387644,1730655716.4705155
24741.12358583493,26127.177611252977,1730655716.4745064
24876.44104676736,26180.173597356512,1730655716.4785137
24585.354278725896,26355.970067497503,1730655716.4816177
24409.513105096,26385.921405067613,1730655716.4853933
24477.41770475122,26275.548490947305,1730655716.4894447
24609.78473541555,26189.270757349823,1730655716.4935577
24744.7892719256,26136.453585201933,1730655716.4974823
24698.476457414206,26220.339682142698,1730655716.5024557
24523.6411122848,26319.26850310189,1730655716.5064256
24480.345783274865,26205.252254635365,1730655716.5095165
24655.89638422685,26217.657472808063,1730655716.5134215
24798.29934815161,26202.36887960063,1730655716.5176065
24781.66965027686,26125.523582163285,1730655716.5214212
24627.174392601777,26353.26550641841,1730655716.5256248
24490.024088624014,26379.59586138676,1730655716.5303752
24563.561327881973,26231.47085088144,1730655716.534469
24677.28700367057,26059.608287764582,1730655716.5373812
24827.24485722123,26209.7896587598,1730655716.5415535
24903.352547091552,26293.56399697829,1730655716.545475
24752.36651329595,26226.70992931246,1730655716.5495045
24597.40186898731,26303.77874419436,1730655716.5534973
24613.7633459286,26302.705860460504,1730655716.5586147
24508.531333033006,26226.061728723256,1730655716.5615928
24554.687685333218,26134.64309390105,1730655716.5655608
24678.963384504725,26161.10755933613,1730655716.5696032
24632.270590337583,26284.042153840324,1730655716.57362
24511.928798190213,26402.618158175726,1730655716.577636
24458.12814928629,26331.65136953013,1730655716.5815752
24597.558331198496,26181.60410900165,1730655716.5866218
24653.97413420369,26148.25530627433,1730655716.5896456
24616.087927351942,26173.222204830912,1730655716.5936177
24611.125840082863,26256.57185990475,1730655716.597664
24626.43678503475,26265.37844722014,1730655716.6016572
24698.968195792226,26251.22979297993,1730655716.6056347
24663.20540466373,26245.351284188186,1730655716.609604
24618.948950642225,26220.5408478428,1730655716.614689
24613.67393895077,26234.37657766063,1730655716.6177545
24563.784845326525,26333.59597129774,1730655716.6215055
24536.605124068872,26187.4826177934,1730655716.625842
24661.30550638503,26123.57898039568,1730655716.6295755
24762.111873878464,26222.91013275506,1730655716.6338024
24634.2151921052,26292.044078355324,1730655716.637525
24491.722821202617,26286.746714919416,1730655716.642806
24518.14258314879,26352.997285484947,1730655716.645544
24506.81024870995,26242.646723109094,1730655716.6498508
24581.487426935128,26118.371023937587,1730655716.6536367
24647.626238778383,26202.95002495647,1730655716.657605
24651.56014580252,26241.14915623059,1730655716.661594
24622.569933243984,26249.843984823703,1730655716.6657703
24652.476567325182,26257.24241223841,1730655716.6687596
24662.98188721918,26280.599985194207,1730655716.6728408
24592.14920904031,26259.187014006024,1730655716.676793
24636.7185874842,26099.707317317407,1730655716.681811
24674.582442591483,26212.874199494625,1730655716.6858332
24623.8663344224,26284.98092710745,1730655716.689746
24561.84024355892,26324.677625260072,1730655716.6938107
24505.44679229817,26317.0109769119,1730655716.6978035
24594.138514296832,26273.4027234796,1730655716.700912
24668.9721547332,26162.582774470186,1730655716.7047143
24665.44057910926,26154.379684255087,1730655716.7098577
24607.72837492566,26232.297865426288,1730655716.7138195
24551.849013787392,26264.37261871965,1730655716.7179
24613.048090106025,26296.24620631292,1730655716.7218747
24587.54474968252,26231.58260960372,1730655716.7258885
24616.043223863035,26212.82949600572,1730655716.7287831
24669.463893111217,26279.035363082334,1730655716.7327063
24592.886816607337,26297.69906970252,1730655716.7376883
24562.577851125938,26283.05867708429,1730655716.7418451
24596.172523042267,26253.263801725367,1730655716.7456615
24556.162900467265,26180.06183863424,1730655716.74873
24547.132795707323,26156.614858700617,1730655716.752768
24628.291979824546,26161.80046341425,1730655716.756943
24744.65516145887,26197.13857139809,1730655716.7609844
24721.36464373644,26297.87788365816,1730655716.7650208
24649.280267868075,26325.728157249472,1730655716.769764
24541.120176448843,26253.755540103382,1730655716.7739997
24585.66720314827,26218.12685944162,1730655716.7767851
24620.24535182063,26278.20834853749,1730655716.78078
24593.91499685228,26278.230700281943,1730655716.7848983
24600.28524402204,26218.2386181639,1730655716.788776
24572.859653575382,26218.52919084182,1730655716.79277
24587.2541770046,26265.937240831525,1730655716.7978628
24556.252307445087,26242.15498473108,1730655716.801958
24610.16471507129,26237.77404281784,1730655716.805237
24634.05872989401,26254.29198197031,1730655716.8088117
24550.016170742056,26207.263911636343,1730655716.81283
24534.012321712056,26222.261932165853,1730655716.816904
24588.975261327658,26250.492185412902,1730655716.8207877
24664.54650933105,26206.392193602587,1730655716.8269296
24632.35999731541,26264.01499080837,1730655716.8298495
24524.24460938509,26216.42812686302,1730655716.8339086
24583.36497346937,26256.05776978228,1730655716.8369937
24591.031621817547,26289.47362774296,1730655716.8408563
24609.78473541555,26183.57106251372,1730655716.8450105
24656.49988132714,26188.08611489369,1730655716.848899
24617.093755852435,26315.40165131112,1730655716.8538284
24587.09771479341,26281.35994450569,1730655716.8570044
24609.874142393368,26186.923824182013,1730655716.860882
24612.131668583355,26203.39705984557,1730655716.8649545
24605.113220824387,26230.196801447488,1730655716.8689375
24629.00723564712,26258.896441328103,1730655716.872891
24602.43101148976,26243.25022020939,1730655716.8768492
24593.892645107822,26245.15011848809,1730655716.880901
24565.93061279424,26210.46021109345,1730655716.884914
24601.53694171154,26254.269630225856,1730655716.8878777
24606.543732469527,26261.35513321819,1730655716.8929124
24591.92569159576,26238.511650384866,1730655716.896906
24631.376520559374,26231.359092159164,1730655716.9008954
24590.2046072727,26224.497106611387,1730655716.905072
24600.5087614666,26225.94997000098,1730655716.9089348
24570.08803726292,26234.66715033855,1730655716.9128926
24605.940235369235,26247.273534211345,1730655716.9159596
24588.57292992746,26257.17535700505,1730655716.92094
24550.843185286903,26279.41534273808,1730655716.9250388
24587.924729338258,26253.375560447643,1730655716.928947
24595.72548815316,26209.49908608188,1730655716.9351127
24570.602127385395,26187.37085907112,1730655716.937967
24583.43202870274,26172.35048679716,1730655716.940985
24642.82061372049,26218.68565305301,1730655716.944994
24663.45127385274,26278.81184563778,1730655716.949056
24556.6993423342,26277.001354336902,1730655716.9531052
24613.47277325068,26245.843022566205,1730655716.9570992
24598.184180043245,26238.399891662582,1730655716.96098
24550.731426564627,26227.089908968203,1730655716.964151
24601.58164520045,26225.94997000098,1730655716.968142
24619.95477914272,26242.467909153453,1730655716.9720385
24587.857674104893,26237.32700792873,1730655716.9760568
24592.596243929416,26271.03343856733,1730655716.9810672
24575.76538035457,26253.800243592294,1730655716.9850516
24593.49031370763,26205.274606379822,1730655716.9890852
24644.653456765827,26211.84601924968,1730655716.9920971
24652.767140003103,26271.21225252298,1730655716.9960935
24609.315348781987,26315.468706544485,1730655717.000106
24586.11423803738,26243.831365565227,1730655717.0040953
24537.275676402533,26235.76238581686,1730655717.0091147
24563.606031370884,26224.65356882257,1730655717.0130851
24653.72826501468,26212.024833205323,1730655717.0170848
24638.68554099626,26215.556408829263,1730655717.0201385
24541.1425281933,26206.66041453605,1730655717.024158
24581.17450251276,26235.18124046102,1730655717.028252
24620.51357275409,26213.254179150365,1730655717.0322094
24643.379407331875,26262.450368696496,1730655717.037155
24613.71864243968,26260.550470417795,1730655717.0411158
24588.61763341637,26206.213379646942,1730655717.0452757
24606.990767358635,26252.503842413884,1730655717.0482676
24584.23669150313,26264.77495011985,1730655717.0523314
24632.69527348224,26228.945103758,1730655717.0562763
24629.49897402513,26250.08985401272,1730655717.0601585
24606.096697580422,26255.498976170897,1730655717.0651824
24580.01221180108,26228.18514444651,1730655717.0692384
24573.485502420128,26217.545714085783,1730655717.0722027
24614.791526173536,26225.27941766732,1730655717.0761948
24631.68944498175,26236.18706896151,1730655717.0802755
24566.310592449976,26286.83612189724,1730655717.084303
24618.39015703084,26235.404757905577,1730655717.0904932
24591.00927007309,26241.462080652964,1730655717.0933256
24544.249420672582,26223.692443811,1730655717.0973337
24581.19685425721,26222.753670543872,1730655717.1004996
24610.477639493663,26239.67394109654,1730655717.1043005
24598.161828298787,26230.93440901452,1730655717.108374
24589.690517150226,26239.22690620744,1730655717.1122673
24602.40865974529,26240.07627249673,1730655717.116295
24621.3629390434,26229.77211830284,1730655717.1204553
24621.742918699136,26254.314333714767,1730655717.125291
24648.25208762313,26262.2492029964,1730655717.1282673
24659.673829039795,26242.42320566454,1730655717.1323168
24628.60490424692,26246.06654001076,1730655717.1363328
24609.069479592978,26210.8401907492,1730655717.1405132
24587.00830781559,26240.1433277301,1730655717.1443436
24582.470903691163,26239.562182374262,1730655717.1483102
24582.58266241344,26225.27941766732,1730655717.1523433
24578.22407224465,26282.54458696182,1730655717.1553402
24624.000444889123,26233.88483928261,1730655717.159337
24612.757517428105,26186.99087941538,1730655717.1654024
24636.89740143984,26233.48250788241,1730655717.1683512
24571.943232052712,26264.1491012751,1730655717.172362
24570.24449947411,26250.87216506865,1730655717.1764092
24605.91788362478,26234.53303987181,1730655717.1806133
24597.06659282048,26219.73618504241,1730655717.1834033
24580.079267034445,26254.82842383724,1730655717.1874096
24584.52726418105,26261.802168107293,1730655717.1923609
24591.121028795365,26220.116164698145,1730655717.1965013
24644.78756723256,26234.64479859409,1730655717.2006297
24651.537794058066,26222.86542926615,1730655717.2044497
24577.508816422083,26210.32610062672,1730655717.2084067
24575.60891814338,26217.299844896777,1730655717.2114146
24634.05872989401,26192.35529808465,1730655717.2154124
24644.206421876723,26244.18899347651,1730655717.2204
24576.32417396596,26272.64276416812,1730655717.2244444
24587.410639215785,26260.505766928884,1730655717.2285092
24616.847886663425,26259.2987727283,1730655717.232499
24585.22016825917,26267.077179798747,1730655717.235544
24607.840133647936,26216.53988558529,1730655717.2415612
24664.90413724233,26202.972376700924,1730655717.2445629
24618.0101773751,26232.655493337574,1730655717.2484698
24581.91211007978,26236.72351082844,1730655717.2525554
24580.39219145682,26228.09573746869,1730655717.2564847
24583.655546147293,26278.185996793032,1730655717.2595012
24572.367915197363,26239.495127140897,1730655717.2635255
24585.86836884837,26199.19493188797,1730655717.267666
24634.617523505392,26219.914998998047,1730655717.271538
24678.069314726512,26253.397912192097,1730655717.2765338
24598.184180043245,26244.211345220967,1730655717.2806735
24561.66142960327,26230.263856680856,1730655717.284691
24620.60297973192,26191.908263195543,1730655717.2875612
24611.39406101633,26260.48341518443,1730655717.291676
24595.85959861989,26255.476624426443,1730655717.2955651
24609.3600522709,26239.33866492971,1730655717.2995987
24595.501970708607,26233.437804393507,1730655717.303564
24589.95873808369,26216.80810651876,1730655717.308638
24606.52138072508,26234.82361254974,1730655717.312605
24626.72735771268,26255.051941281792,1730655717.3156457
24632.427052548774,26224.362996144653,1730655717.3196929
24635.221020605688,26243.697255098494,1730655717.3236694
24634.84104094995,26232.856659037672,1730655717.3276212
24624.223962333675,26197.5856062872,1730655717.3317144
24598.541807954527,26205.207551146457,1730655717.336617
24585.197816514712,26227.268722923844,1730655717.340747
24591.031621817547,26208.94029247049,1730655717.3437283
24592.953871840706,26230.979112503424,1730655717.3476686
24594.49614220812,26251.542717402303,1730655717.3516867
24620.40181403182,26267.077179798747,1730655717.3556778
24606.454325491708,26219.512667597854,1730655717.3597214
24594.831418374943,26207.84505699218,1730655717.3647952
24622.793450688536,26238.444595151497,1730655717.367794
24629.94600891424,26266.67484839855,1730655717.3707347
24612.15402032781,26231.023815992336,1730655717.3757105
24646.39689283334,26190.41069631704,1730655717.3797617
24626.77206120158,26260.706932628986,1730655717.3838046
24584.43785720323,26274.028572324347,1730655717.3877645
24565.885909305325,26232.208458448466,1730655717.3927493
24611.975206372168,26218.14921118608,1730655717.3957653
24642.03830266456,26234.443632894,1730655717.399026
24625.989750145647,26238.57870561823,1730655717.4037883
24611.43876450524,26252.637952880617,1730655717.4080324
24621.519401254583,26205.185199402,1730655717.4119587
24671.45319836774,26201.49716156688,1730655717.416068
24600.28524402204,26253.97905754793,1730655717.4198785
24557.124025478846,26245.66420861056,1730655717.42388
24589.131723538845,26221.85960076566,1730655717.4268732
24595.792543386528,26243.80901382077,1730655717.4320147
24588.550578183007,26218.886818753104,1730655717.436036
24599.10060156591,26206.19102790249,1730655717.4400308
24617.29492155253,26221.703138554472,1730655717.444029
24625.609770489904,26262.495072185407,1730655717.4481297
24621.474697765672,26227.78281304632,1730655717.4509242
24637.389139817853,26203.44176333449,1730655717.4548557
24607.817781903483,26212.695385538984,1730655717.460032
24616.937293641247,26257.66709538306,1730655717.4640143
24631.71179672621,26263.925583830547,1730655717.4681413
24646.262782366608,26228.408661891062,1730655717.4720109
24612.33283428345,26210.32610062672,1730655717.4761512
24620.1112413539,26225.99467348989,1730655717.4789283
24598.832380632448,26245.194821977,1730655717.4830978
24586.09188629292,26222.86542926615,1730655717.487939
24588.99761307211,26222.70896705496,1730655717.4921043
24619.0607093645,26224.675920567028,1730655717.4959068
24622.63698847735,26222.0384147213,1730655717.499992
24597.7594968986,26201.29599586677,1730655717.50309
24609.51651448209,26212.42716460552,1730655717.507208
24617.45138376372,26240.92563878604,1730655717.5110707
24602.833342889942,26253.934354059023,1730655717.5151956
24595.881950364343,26204.268777879333,1730655717.520059
24610.56704647148,26186.47678929291,1730655717.5241044
24630.571857758983,26223.46892636644,1730655717.5283165
24625.095680367434,26244.993656276903,1730655717.5311885
24676.34823040345,26256.907136071582,1730655717.5352151
24623.15107859982,26236.947028273,1730655717.5391517
24589.66816540577,26209.834362248705,1730655717.5436947
24593.17738928525,26218.90917049756,1730655717.548228
24572.792598342014,26238.17637421804,1730655717.5521932
24596.06076431999,26219.467964108942,1730655717.5563383
24630.99654090364,26199.440801076988,1730655717.5593233
24649.10145391244,26238.93633352952,1730655717.563038
24632.248238593133,26281.91873811707,1730655717.5671384
24594.563197441483,26240.299789941288,1730655717.571071
24587.54474968252,26220.47379260943,1730655717.5752804
24617.67490120828,26217.56806583024,1730655717.580356
24666.93814598777,26238.17637421804,1730655717.5833592
24649.1685091458,26234.555391616275,1730655717.5870488
24594.02675557456,26217.88099025261,1730655717.5912943
24577.598223399906,26201.09483016668,1730655717.5951955
24624.78275594506,26222.53015309932,1730655717.599259
24626.6155989904,26242.2443917089,1730655717.6031473
24600.41935448877,26251.02862727984,1730655717.6082504
24595.09963930841,26249.41930167905,1730655717.6112044
24623.55341000002,26212.42716460552,1730655717.6153588
24634.03637814956,26190.16482712804,1730655717.6192796
24635.62335200588,26206.079269180213,1730655717.6232755
24613.53982848404,26218.506839097365,1730655717.6273024
24617.138459341342,26237.23760095091,1730655717.631234
24649.03439867907,26233.437804393507,1730655717.6363344
24659.718532528703,26216.986920474403,1730655717.6392553
24616.80318317452,26225.77115604534,1730655717.64334
24589.17642702776,26221.390214132098,1730655717.647157
24584.3037467365,26245.08306325472,1730655717.653302
24609.51651448209,26247.13942374461,1730655717.656262
24629.07429088048,26204.73816451289,1730655717.6602733
24631.197706603733,26225.61469383415,1730655717.663164
24587.16477002678,26245.06071151027,1730655717.666374
24589.221130516664,26221.077289709723,1730655717.670159
24611.19289531623,26209.34262387069,1730655717.6752405
24629.94600891424,26210.90724598256,1730655717.6791954
24613.29395929503,26222.150173443577,1730655717.6834335
24607.996595859124,26230.196801447488,1730655717.687323
24606.186104558245,26228.162792702056,1730655717.6915104
24603.63800569034,26214.66233905105,1730655717.6946657
24622.50287801062,26211.19781866048,1730655717.6983664
24633.58934326045,26239.94216203,1730655717.703684
24620.893552409834,26242.222039964443,1730655717.7076082
24646.06161666652,26194.366955085632,1730655717.7112892
24668.74863728865,26206.258083135854,1730655717.7155805
24594.6079009304,26259.00820005038,1730655717.7194996
24586.27070024857,26235.315350927754,1730655717.7223132
24599.547636455016,26208.91794072604,1730655717.7263885
24617.00434887461,26196.289205108787,1730655717.7314644
24638.93141018527,26224.45240312248,1730655717.735464
24639.624314263383,26231.0908712257,1730655717.7394557
24610.58939821594,26211.309577382755,1730655717.7424276
24594.49614220812,26195.52924579731,1730655717.7463603
24629.29780832503,26194.45636206345,1730655717.7505393
24660.836119751468,26207.934463970003,1730655717.754325
24631.845907192936,26251.98975229141,1730655717.7593884
24636.986808417656,26260.997505306903,1730655717.763497
24608.73420342615,26247.42999642253,1730655717.7675743
24584.77313337006,26214.215304161942,1730655717.7703948
24606.32021502497,26185.538016025785,1730655717.7745397
24634.8633926944,26219.69148155349,1730655717.778335
24633.76815721609,26232.543734615298,1730655717.7825627
24609.51651448209,26237.550525373284,1730655717.7873735
24634.483413038663,26251.20744123548,1730655717.7915237
24666.133483187376,26230.755595058872,1730655717.7953918
24627.77788970207,26229.72741481393,1730655717.7986548
24582.42620020225,26206.81687674724,1730655717.802632
24599.793505644026,26210.32610062672,1730655717.8066516
24630.68361648126,26220.63025482062,1730655717.81064
24629.00723564712,26211.823667505225,1730655717.8146932
24606.32021502497,26213.164772172546,1730655717.8195417
24619.61950297588,26210.035527948803,1730655717.8236392
24633.119956626888,26206.61571104714,1730655717.826678
24600.62052018888,26224.63121707812,1730655717.83067
24593.020927074067,26211.443687849485,1730655717.834566
24620.960607643203,26221.47962110992,1730655717.8385918
24613.7633459286,26221.81489727675,1730655717.8426983
24612.69046219474,26201.251292377867,1730655717.8476467
24613.71864243968,26209.074402937225,1730655717.8506155
24623.8663344224,26224.318292655746,1730655717.8545315
24645.435767821764,26232.52138287084,1730655717.8586888
24628.56020075801,26219.266798408844,1730655717.862518
24596.77602014256,26212.494219838885,1730655717.8667493
24603.526246968064,26210.57196981573,1730655717.87054
24608.3095202815,26206.19102790249,1730655717.8757124
24619.284226809054,26222.32898739922,1730655717.8785732
24619.84302042044,26228.22984793542,1730655717.8825867
24635.086910138954,26224.76532754485,1730655717.8867855
24617.67490120828,26217.14338268559,1730655717.8917823
24613.29395929503,26218.506839097365,1730655717.894776
24613.69629069523,26202.592397045184,1730655717.8987775
24633.723453727183,26195.37278358612,1730655717.9025955
24633.723453727183,26204.022908690324,1730655717.9067
24627.330854812964,26216.875161752127,1730655717.9108815
24657.483358083173,26221.52432459883,1730655717.9158328
24605.56025571349,26224.877086267126,1730655717.919802
24625.78858444555,26225.167658945044,1730655717.9227705
24656.23166039368,26226.73228105692,1730655717.9267108
24606.744898169625,26209.029699448314,1730655717.9307013
24584.1025810364,26186.25327184836,1730655717.93481
24615.9091133963,26249.598115634697,1730655717.938836
24611.081136593955,26251.81093833577,1730655717.9428153
24607.214284803187,26216.025795462825,1730655717.9467497
24624.35807280041,26214.08119369521,1730655717.9496794
24613.15984882829,26227.827516535228,1730655717.9536529
24602.475714978664,26213.81297276175,1730655717.9597092
24620.960607643203,26218.57389433073,1730655717.96276
24665.1723581758,26183.57106251372,1730655717.966821
24677.39876239285,26220.9878827319,1730655717.9706855
24591.23278751764,26264.752598375395,1730655717.9748528
24574.82660708745,26208.80618200376,1730655717.9777389
24591.948043340213,26182.721696224417,1730655717.9817624
24602.989805101133,26201.7877342448,1730655717.9866824
24621.3629390434,26220.585551331707,1730655717.9907432
24615.506781996108,26204.24642613488,1730655717.9948533
24618.948950642225,26203.30765286776,1730655717.9977565
24639.691369496748,26216.53988558529,1730655718.001864
24622.167601843787,26222.48544961041,1730655718.0057962
24608.91301738179,26210.013176204346,1730655718.0098443
24605.38144175785,26191.84120796218,1730655718.0148213
24661.819596507503,26199.32904235471,1730655718.0190413
24668.43571286628,26268.977078077445,1730655718.0231616
24596.41839223128,26238.444595151497,1730655718.0260606
24617.943122141736,26206.19102790249,1730655718.0298414
24628.67195948028,26216.09285069619,1730655718.034331
24615.417375018285,26217.56806583024,1730655718.03781
24648.78852949006,26211.51074308285,1730655718.0430708
24657.99744820565,26198.61378653214,1730655718.0470345
24584.259043247588,26200.1337051551,1730655718.0522835
24578.38053445584,26227.98397874641,1730655718.0559871
24589.511703194585,26229.749766558383,1730655718.059034
24590.763400884083,26208.44855409248,1730655718.0618207
24604.7108894242,26181.55940551274,1730655718.0661569
24630.48245078116,26193.070553907222,1730655718.070856
24656.857509238424,26221.971359487936,1730655718.075032
24622.12289835488,26240.47860389693,1730655718.078859
24631.577686259472,26205.721641268927,1730655718.08211
24623.843982677936,26238.06461549576,1730655718.085984
24589.91403459478,26234.66715033855,1730655718.0899804
24612.48929649464,26211.13076342711,1730655718.0940368
24637.187974117754,26205.162847657542,1730655718.0981653
24640.65249450833,26215.53405708481,1730655718.103231
24587.500046193607,26216.29401639629,1730655718.106055
24576.27947047704,26220.25027516488,1730655718.1100843
24609.96354937119,26221.703138554472,1730655718.1141272
24631.53298277056,26205.81104824675,1730655718.1181047
24644.87697421038,26187.013231159835,1730655718.1219475
24637.85852645141,26211.75661227186,1730655718.1261177
24620.960607643203,26215.198780917977,1730655718.131096
24600.5087614666,26206.79452500278,1730655718.1341028
24594.250273019108,26197.719716753927,1730655718.138019
24617.093755852435,26212.5389233278,1730655718.1421993
24624.87216292288,26240.657417852573,1730655718.1460364
24642.77591023158,26209.34262387069,1730655718.1501532
24648.229735878675,26216.785754774304,1730655718.1539629
24601.224017289165,26216.85281000767,1730655718.1591816
24583.92376708076,26202.2347691339,1730655718.1619945
24599.30176726601,26198.010289431848,1730655718.166227
24624.53688675605,26227.00050199038,1730655718.1700275
24609.315348781987,26245.843022566205,1730655718.1742013
24615.506781996108,26193.22701611841,1730655718.178287
24650.666076024303,26196.04333591978,1730655718.1822357
24630.54950601453,26217.053975707768,1730655718.187098
24607.72837492566,26212.404812861063,1730655718.1902227
24602.743935912127,26227.38048164612,1730655718.1933117
24606.23080804716,26233.68367358252,1730655718.1982436
24595.59137768643,26214.48352509541,1730655718.2021992
24610.991729616133,26201.58656854469,1730655718.2062936
24624.40277628932,26186.052106148258,1730655718.210637
24619.306578553507,26195.216321374934,1730655718.214223
24620.737090198647,26186.16386487053,1730655718.217282
24644.653456765827,26230.95676075897,1730655718.2211285
24645.50282305513,26236.81291780626,1730655718.2263155
24620.737090198647,26214.0364902063,1730655718.230252
24589.62346191686,26203.37470810112,1730655718.234387
24625.945046656736,26198.65849002105,1730655718.2383788
24620.133593098355,26204.20172264597,1730655718.2423031
24606.186104558245,26221.390214132098,1730655718.2451267
24603.526246968064,26202.592397045184,1730655718.2494907
24628.135517613355,26209.409679104054,1730655718.2541833
24619.37363378688,26225.03354847832,1730655718.2584648
24600.46405797769,26209.67790003752,1730655718.262157
24616.06557560749,26175.18915834298,1730655718.2663867
24643.20059337624,26193.316423096232,1730655718.2693815
24656.566936560503,26277.470740970464,1730655718.2735674
24608.130706325854,26273.894461857613,1730655718.2774105
24586.11423803738,26202.50299006736,1730655718.2812448
24633.54463977154,26199.2843388658,1730655718.2863855
24623.173430344275,26203.57587380122,1730655718.290342
24557.92868827924,26177.89371942207,1730655718.2944236
24610.52234298257,26187.37085907112,1730655718.2975228
24619.708909953704,26195.66335626404,1730655718.3014653
24628.91782866929,26201.72067901143,1730655718.3053195
24646.10632015542,26215.71287104045,1730655718.3094578
24626.034453634555,26209.052051192768,1730655718.314459
24616.043223863035,26189.80719921675,1730655718.318725
24618.859543664403,26196.62448127562,1730655718.3213956
24626.928523412767,26239.53983062981,1730655718.3254368
24608.44363074823,26228.1404409576,1730655718.3292882
24610.67880519376,26211.71190878295,1730655718.3334577
24644.184070132265,26232.700196826485,1730655718.3373103
24622.70404371072,26222.41839437704,1730655718.34245
24611.706985438705,26204.55935055725,1730655718.346327
24634.59517176094,26214.572932073228,1730655718.349627
24608.018947603578,26210.080231437714,1730655718.3533351
24590.96456658417,26198.27851036531,1730655718.3573675
24594.183217785743,26214.125897184123,1730655718.361589
24608.555389470504,26188.957832927448,1730655718.3676105
24641.54656428654,26192.020021917822,1730655718.370391
24640.227811363675,26249.44165342351,1730655718.374954
24606.454325491708,26204.04526043478,1730655718.3778253
24626.280322823564,26188.71196373844,1730655718.3814924
24642.328875342475,26242.2443917089,1730655718.3856227
24598.608863187896,26229.459193880462,1730655718.389499
24597.67008992077,26199.66431852154,1730655718.3935094
24621.60880823241,26188.823722460715,1730655718.398492
24632.04707289304,26198.27851036531,1730655718.4014723
24605.046165591026,26214.260007650853,1730655718.4044142
24599.50293296611,26203.061783678742,1730655718.4096897
24601.51458996709,26204.00055694587,1730655718.4134474
24635.31042758351,26196.356260342152,1730655718.4175076
24661.886651740868,26200.80425748876,1730655718.4216082
24611.59522671643,26203.30765286776,1730655718.4266496
24599.279415521552,26212.18129541651,1730655718.4294877
24617.049052363524,26232.32021717074,1730655718.4326427
24624.78275594506,26212.225998905426,1730655718.437456
24638.12674738488,26222.91013275506,1730655718.4416327
24600.173485299765,26231.560257859262,1730655718.4455092
24604.86735163538,26205.967510457936,1730655718.4496808
24630.236581592155,26194.18814112999,1730655718.4545703
24625.900343167825,26204.04526043478,1730655718.4577518
24597.044241076022,26193.09290565168,1730655718.460536
24616.177334329765,26216.69634779648,1730655718.465649
24657.01397144961,26221.8372490212,1730655718.4697623
24652.45421558073,26205.98986220239,1730655718.473806
24595.926653853257,26208.984995959403,1730655718.4776793
24586.941252582223,26211.19781866048,1730655718.4827332
24623.9110379113,26216.76340302985,1730655718.485708
24637.72441598468,26187.4826177934,1730655718.4886253
24625.20743908971,26207.442725591987,1730655718.4938028
24607.57191271448,26242.19968821999,1730655718.4977217
24614.54565698453,26204.291129623787,1730655718.5017033
24621.318235554485,26183.436952046988,1730655718.5058403
24603.235674290143,26190.500103294864,1730655718.508765
24624.15690710031,26225.59234208969,1730655718.51258
24654.376465603884,26223.04424322179,1730655718.5167642
24626.63795073485,26200.51368481084,1730655718.521659
24630.72831997017,26208.89558898158,1730655718.52562
24628.582552502463,26187.59437651568,1730655718.5296748
24579.743990867617,26213.05301345027,1730655718.5337524
24614.88093315136,26223.312464155253,1730655718.5366948
24629.230753091662,26214.93055998452,1730655718.5407324
24606.946063869724,26190.79067597278,1730655718.5449412
24603.43683999024,26205.49812382437,1730655718.5489142
24611.86344764989,26208.984995959403,1730655718.5536916
24621.787622188047,26196.736239997896,1730655718.5577672
24614.813877918,26208.247388392378,1730655718.5617275
24615.216209318187,26187.66143174904,1730655718.5646896
24638.90905844081,26199.91018771055,1730655718.568741
24615.95381688521,26251.02862727984,1730655718.5749028
24601.51458996709,26222.753670543872,1730655718.577864
24616.62436921888,26207.107449425155,1730655718.5816772
24642.8653172094,26197.719716753927,1730655718.5858452
24631.53298277056,26184.934518925493,1730655718.5899029
24600.9557963557,26195.216321374934,1730655718.5928235
24661.73018952968,26216.42812686302,1730655718.5968451
24626.77206120158,26215.221132662435,1730655718.6007674
24597.044241076022,26202.860617978647,1730655718.604823
24620.312407054,26181.49235027937,1730655718.6087124
24639.19963111873,26186.52149278182,1730655718.6148915
24617.183162830253,26223.75949904436,1730655718.6188877
24602.475714978664,26242.0432260088,1730655718.6218808
24594.697307908216,26204.00055694587,1730655718.6247325
24617.607845974904,26187.70613523795,1730655718.628765
24635.77981421707,26219.914998998047,1730655718.632988
24602.6098254454,26218.28332165281,1730655718.6367888
24640.98777067516,26175.70324846545,1730655718.6419775
24672.481378612683,26194.299899852267,1730655718.6448274
24611.84109590544,26218.439783864,1730655718.648967
24606.63313944735,26196.71388825344,1730655718.6529715
24616.244389563133,26210.63902504909,1730655718.6570256
24624.1122036114,26216.316368140742,1730655718.6609054
24621.49704951013,26209.90141748207,1730655718.6650054
24608.68949993724,26195.95392894196,1730655718.669904
24616.467907007685,26202.681804023006,1730655718.6730068
24627.286151324053,26248.23465922292,1730655718.6770413
24603.54859871252,26218.037452463803,1730655718.6809752
24602.363956256388,26200.15605689956,1730655718.6850731
24623.48635476665,26209.34262387069,1730655718.6890724
24618.50191575312,26211.42133610503,1730655718.6931212
24625.00627338961,26220.67495830953,1730655718.6981957
24624.87216292288,26207.37567035862,1730655718.701056
24652.81184349201,26191.058896906245,1730655718.7051835
24675.722381558702,26197.116219653635,1730655718.7095942
24607.840133647936,26225.14530720059,1730655718.7131605
24567.875214561845,26210.303748882267,1730655718.717284
24604.934406868742,26205.36401335764,1730655718.7209284
24618.881895408857,26171.389361785576,1730655718.725085
24632.02472114858,26176.50791126584,1730655718.7281237
24621.05001462102,26219.914998998047,1730655718.732273
24595.881950364343,26217.3892518746,1730655718.736924
24611.885799394346,26192.779981229305,1730655718.7410045
24636.87504969538,26200.71485051094,1730655718.7450175
24647.246259122643,26206.392193602587,1730655718.7491555
24619.73126169816,26226.888743268104,1730655718.75319
24615.43972676274,26210.14728667108,1730655718.756114
24608.39892725932,26192.131780640106,1730655718.7602353
24600.41935448877,26201.810085989247,1730655718.7650058
24611.304654038508,26200.67014702203,1730655718.7690015
24605.7614214136,26187.46026604894,1730655718.773072
24609.874142393368,26192.46705680693,1730655718.7789755
24620.20064833172,26183.638117747083,1730655718.7820663
24634.371654316383,26215.71287104045,1730655718.7852893
24623.15107859982,26239.495127140897,1730655718.789084
24638.953761929723,26208.783830259305,1730655718.7931638
24662.55720407453,26202.63710053409,1730655718.797192
24628.336683313453,26199.552559799264,1730655718.801097
24612.77986917256,26215.824629762727,1730655718.8050854
24598.63121493235,26214.6399873066,1730655718.8080013
24624.134555355857,26206.54865581377,1730655718.8120513
24619.37363378688,26194.366955085632,1730655718.816198
24604.24150279063,26183.30284158025,1730655718.8200543
24592.082153806943,26201.49716156688,1730655718.8250976
24595.32315675297,26212.44951634997,1730655718.8290665
24616.69142445224,26194.434010319,1730655718.8323317
24645.54752654404,26206.079269180213,1730655718.8362513
24637.97028517369,26207.42037384753,1730655718.8402483
24626.548543757028,26187.37085907112,1730655718.8442192
24606.342566769432,26189.337812583188,1730655718.8482463
24600.844037633426,26210.95194947147,1730655718.8532004
24615.66324420729,26218.99857747538,1730655718.857164
24636.74093922865,26229.88387702512,1730655718.860097
24628.381386802364,26232.789603804304,1730655718.8643289
24599.81585738848,26224.81003103376,1730655718.868348
24607.75072667012,26204.20172264597,1730655718.8723652
24629.56602925849,26194.61282427464,1730655718.8762996
24617.697252952727,26185.828588703705,1730655718.881276
24594.38438348584,26182.766399713328,1730655718.8853407
24616.333796540952,26189.270757349823,1730655718.8883235
24625.45330827872,26206.258083135854,1730655718.8922849
24605.82847664696,26168.304821050744,1730655718.8964317
24623.061671622,26200.08900166619,1730655718.9004595
24638.73024448517,26219.825592020225,1730655718.90421
24627.01793039059,26213.209475661457,1730655718.9083974
24628.89547692484,26205.49812382437,1730655718.9134548
24617.74195644164,26209.253216892863,1730655718.9164636
24612.64575870583,26211.309577382755,1730655718.920244
24619.73126169816,26200.379574344108,1730655718.9243588
24632.15883161531,26189.874254450115,1730655718.928254
24662.467797096702,26186.409734059544,1730655718.9322996
24606.72254642517,26213.075365194723,1730655718.9372623
24570.557423896484,26214.55058032877,1730655718.940274
24606.2084563027,26207.196856402978,1730655718.9433773
24619.86537216489,26214.41646986204,1730655718.9483705
24623.508706511107,26197.831475476203,1730655718.9524827
24616.266741307587,26204.224074390426,1730655718.9563782
24597.58068294295,26207.688594781,1730655718.9603658
24603.705060923705,26184.934518925493,1730655718.965413
24616.087927351942,26184.979222414404,1730655718.968372
24644.586401532462,26207.733298269904,1730655718.9714243
24620.982959387657,26220.294978653787,1730655718.9764907
24621.139421598844,26188.60020501616,1730655718.9806464
24621.519401254583,26201.810085989247,1730655718.9844131
24616.892590152336,26218.68565305301,1730655718.988417
24638.193802618243,26203.866446479136,1730655718.9924555
24667.407532621328,26205.65458603556,1730655718.9964132
24619.172468086777,26189.717792238927,1730655718.9993577
24583.2532147471,26213.81297276175,1730655719.004446
24578.11231352238,26244.323103943243,1730655719.0085623
24596.887778864835,26202.77121100083,1730655719.0124068
24618.05488086401,26164.5273762378,1730655719.0165873
24626.883819923856,26181.93938516848,1730655719.0204065
24605.940235369235,26218.73035654192,1730655719.0245123
24590.29401425052,26190.768324228327,1730655719.027527
24598.653566676807,26166.851957661147,1730655719.0315511
24618.2113430752,26203.218245889933,1730655719.0364304
24608.331872025952,26197.317385353734,1730655719.0405753
24617.00434887461,26201.85478947816,1730655719.0445893
24618.77013668658,26184.84511194767,1730655719.047591
24629.186049602755,26180.620632245616,1730655719.0515409
24672.101398956944,26237.550525373284,1730655719.0556376
24624.5145350116,26245.172470232545,1730655719.0596476
24576.1006565214,26199.10552491016,1730655719.0645995
24601.87221787837,26193.69640275197,1730655719.0686612
24601.06755507797,26223.51362985535,1730655719.0726738
24599.190008543734,26204.60405404616,1730655719.0756176
24596.507799209096,26175.546786254265,1730655719.0795393
24603.63800569034,26164.84030066017,1730655719.0856326
24631.801203704024,26197.78677198729,1730655719.0888064
24620.44651752073,26204.76051625735,1730655719.0927875
24602.02868008956,26226.218190934444,1730655719.0967364
24624.20161058922,26213.835324506203,1730655719.1007943
24644.765215488103,26190.27658585031,1730655719.103593
24601.11225856689,26219.467964108942,1730655719.1078153
24600.41935448877,26198.94906269897,1730655719.1115968
24601.045203333524,26193.070553907222,1730655719.1157968
24609.382404015352,26198.882007465603,1730655719.120792
24636.137442128354,26209.655548293063,1730655719.1247518
24639.78077647457,26209.49908608188,1730655719.1277952
24614.05391860651,26189.78484747229,1730655719.1318672
24610.16471507129,26185.13568462559,1730655719.1358273
24625.676825723272,26195.19396963048,1730655719.1396308
24628.224924591177,26194.970452185924,1730655719.143906
24636.338607828453,26198.74789699888,1730655719.1487985
24634.550468272028,26195.4845423084,1730655719.1528125
24637.97028517369,26222.127821699123,1730655719.1558576
24614.29978779552,26233.1919352045,1730655719.159824
24576.39122919932,26200.491333066388,1730655719.1638367
24587.880025849347,26196.44566731997,1730655719.167833
24594.31732825248,26190.41069631704,1730655719.1719103
24600.62052018888,26186.52149278182,1730655719.175864
24610.56704647148,26192.46705680693,1730655719.1808212
24622.68169196626,26198.05499292076,1730655719.18389
24660.523195329097,26225.52528685633,1730655719.1878026
24653.68356152577,26191.014193417337,1730655719.1919796
24612.131668583355,26217.545714085783,1730655719.1956923
24585.1531130258,26215.221132662435,1730655719.1997976
24592.35037474041,26202.36887960063,1730655719.20373
24605.090869079933,26200.983071444403,1730655719.2089367
24629.09664262493,26202.90532146756,1730655719.2117586
24622.92756115527,26189.740143983385,1730655719.2149513
24587.991784571623,26179.03365838929,1730655719.21971
24607.57191271448,26206.146324413578,1730655719.2240157
24615.77500292957,26217.88099025261,1730655719.2278905
24612.288130794543,26197.183274887,1730655719.2319918
24611.282302294054,26193.89756845207,1730655719.2368057
24630.035415892056,26192.377649829108,1730655719.2398815
24644.765215488103,26212.941254728,1730655719.2429576
24622.435822777254,26199.731373754905,1730655719.2479477
24600.06172657749,26198.34556559868,1730655719.2520254
24608.22011330368,26215.04231870679,1730655719.255824
24627.01793039059,26206.86158023615,1730655719.2598393
24612.377537772365,26199.30669061025,1730655719.263929
24621.11706985439,26201.743030755883,1730655719.26693
24649.570840545995,26219.356205386663,1730655719.2710884
24591.36689798437,26205.095792424177,1730655719.2760026
24583.36497346937,26192.62351901812,1730655719.279975
24626.16856410129,26187.102638137658,1730655719.2846177
24609.40475575981,26191.84120796218,1730655719.2880344
24603.81681964598,26181.179425857,1730655719.2910783
24618.83719191995,26195.55159754176,1730655719.294869
24620.133593098355,26224.29594091129,1730655719.2990284
24613.00338661711,26214.66233905105,1730655719.3038728
24619.01600587559,26219.04328096429,1730655719.3081465
24605.604959202406,26210.393155860085,1730655719.3118846
24596.664261420283,26180.1288938676,1730655719.3160613
24608.5106859816,26174.60801298714,1730655719.3198884
24686.115942730423,26212.360109372155,1730655719.3232296
24653.30358187003,26196.55742604225,1730655719.3270755
24562.86842380386,26192.198835873467,1730655719.3310423
24581.46507519068,26192.53411204029,1730655719.336054
24594.71965965267,26196.08803940869,1730655719.340158
24622.145250099333,26206.70511802496,1730655719.3431497
24634.103433382923,26186.677954993007,1730655719.34716
24614.791526173536,26205.207551146457,1730655719.3510647
24598.161828298787,26201.966548200435,1730655719.3551052
24617.96547388619,26192.89173995158,1730655719.3601372
24629.58838100295,26235.33770267221,1730655719.364283
24620.87120066538,26204.693461023984,1730655719.3681858
24624.7604042006,26200.3348708552,1730655719.3710086
24602.63217718985,26210.348452371178,1730655719.3752773
24616.15498258531,26201.13953365559,1730655719.3790555
24603.77211615707,26187.683783493496,1730655719.3831232
24633.74580547164,26183.548710769264,1730655719.387138
24665.127654686887,26193.361126585143,1730655719.3924687
24605.67201443577,26237.77404281784,1730655719.396026
24599.63704343284,26253.15204300309,1730655719.3994467
24607.77307841457,26207.822705247727,1730655719.4030588
24626.05680537901,26190.298937594765,1730655719.4075837
24638.0149886626,26194.18814112999,1730655719.4111457
24609.20359005971,26192.265891106832,1730655719.4151475
24580.52630192355,26203.50881856785,1730655719.4200473
24603.48154347916,26219.646778064583,1730655719.4242525
24613.83040116196,26202.2347691339,1730655719.4272563
24620.759441943104,26161.353428525144,1730655719.4311967
24662.64661105235,26178.921899667013,1730655719.4353075
24651.00135219113,26236.768214317348,1730655719.4393015
24578.42523794476,26207.97916745892,1730655719.4433007
24580.794522857013,26191.19300737297,1730655719.4482343
24595.054935819506,26217.925693741527,1730655719.4512167
24611.14819182732,26187.32615558221,1730655719.4541345
24619.530095998063,26192.578815529207,1730655719.4592867
24605.00146210211,26229.52624911383,1730655719.4632263
24604.77794465756,26211.644853549584,1730655719.4674585
24633.87991593837,26188.823722460715,1730655719.4713848
24637.50089854013,26177.08905662168,1730655719.4762917
24603.034508590044,26197.3844405871,1730655719.4794064
24605.42614524676,26214.796449517784,1730655719.48232
24626.59324724594,26216.316368140742,1730655719.4871805
24609.695328437727,26217.053975707768,1730655719.4912035
24621.385290787854,26195.39513533057,1730655719.495154
24636.62918050637,26199.84313247718,1730655719.4993477
24662.870128496903,26224.65356882257,1730655719.503251
24623.15107859982,26231.89553402609,1730655719.5072904
24556.744045823103,26175.45737927644,1730655719.510432
24578.38053445584,26161.286373291776,1730655719.5154843
24625.945046656736,26177.67020197752,1730655719.519429
24641.21128811971,26223.84890602218,1730655719.5233536
24611.6622819498,26229.190972947,1730655719.5274775
24610.67880519376,26193.875216707616,1730655719.5303764
24627.10733736841,26180.3300595677,1730655719.5343387
24603.54859871252,26214.41646986204,1730655719.53845
24606.029642347057,26216.89751349658,1730655719.5435317
24615.39502327383,26197.093867909178,1730655719.5473197
24614.366843028885,26208.67207153703,1730655719.5515645
24601.022851589067,26207.97916745892,1730655719.555451
24610.075308093463,26195.79746673077,1730655719.5585463
24607.080174336457,26198.14439989857,1730655719.5623684
24632.672921737783,26216.71869954094,1730655719.5665429
24646.73216900017,26210.482562837908,1730655719.5703304
24613.048090106025,26182.900510180058,1730655719.575587
24633.87991593837,26199.86548422164,1730655719.5793617
24642.418282320297,26204.82757149072,1730655719.583524
24591.36689798437,26214.66233905105,1730655719.5863428
24596.9548340982,26194.165789385534,1730655719.5904667
24622.860505921904,26180.41946654552,1730655719.59464
24615.998520374123,26183.056972391245,1730655719.5986311
24598.22888353216,26194.8363417192,1730655719.6033645
24608.086002836942,26221.5913798322,1730655719.6076033
24620.06653786499,26235.60592360567,1730655719.6114223
24620.960607643203,26218.70800479746,1730655719.614368
24632.091776381945,26198.34556559868,1730655719.619084
24643.0664829095,26184.129856125102,1730655719.622416
24620.178296587263,26174.272736820312,1730655719.626577
24589.891682850324,26194.970452185924,1730655719.6314833
24618.121936097377,26227.827516535228,1730655719.635382
24609.62827320436,26209.432030848508,1730655719.6385193
24605.783773158048,26200.24546387737,1730655719.6426597
24603.45919173469,26201.966548200435,1730655719.646554
24615.17150582928,26204.17937090151,1730655719.6525452
24609.136534826343,26200.69249876648,1730655719.655573
24624.7604042006,26165.26498380482,1730655719.6586866
24646.77687248908,26187.0802863932,1730655719.6635609
24633.1646601158,26225.74880430088,1730655719.6664908
24617.78665993055,26212.33775762769,1730655719.6704507
24629.476622280672,26211.04135644929,1730655719.6746707
24635.48924153915,26215.86933325164,1730655719.678474
24598.8547323769,26194.07638240771,1730655719.682515
24587.32123223797,26169.19889082896,1730655719.6864915
24583.141456024823,26177.04435313277,1730655719.6916733
24614.143325584333,26196.266853364334,1730655719.694543
24646.79922423353,26200.1337051551,1730655719.6985693
24615.95381688521,26198.457324320952,1730655719.702737
24606.61078770289,26207.263911636343,1730655719.706766
24617.518438997085,26207.822705247727,1730655719.710678
24617.78665993055,26215.444650106987,1730655719.7146282
24600.9557963557,26211.019004704835,1730655719.7195344
24610.030604604555,26182.81110320224,1730655719.7226791
24639.02081716309,26179.50304502285,1730655719.7267516
24619.44068902024,26191.66239400654,1730655719.730596
24601.58164520045,26161.331076780687,1730655719.7348003
24649.995523690646,26156.14547206705,1730655719.7387743
24654.577631303982,26247.67586561153,1730655719.7437837
24596.664261420283,26235.98590326141,1730655719.746726
24583.588490913928,26186.879120693106,1730655719.749656
24608.22011330368,26208.180333159013,1730655719.754655
24606.655491191807,26181.179425857,1730655719.7587469
24643.982904432167,26181.29118457928,1730655719.7627475
24639.84783170793,26234.220115449443,1730655719.766798
24586.27070024857,26219.311501897755,1730655719.7705848
24609.74003192664,26195.52924579731,1730655719.7748697
24633.79050896055,26194.009327174343,1730655719.777736
24632.98584616016,26215.310539640253,1730655719.782812
24630.4153955478,26203.642929034584,1730655719.786634
24612.60105521692,26171.4787687634,1730655719.7906363
24594.183217785743,26172.216376330423,1730655719.794716
24616.847886663425,26203.262949378844,1730655719.798756
24616.91494189679,26203.59822554568,1730655719.8027575
24623.508706511107,26207.129801169613,1730655719.8059316
24617.29492155253,26194.769286485825,1730655719.809858
24616.60201747441,26214.304711139765,1730655719.8147576
24616.333796540952,26206.302786624765,1730655719.81877
24628.470793780183,26192.109428895645,1730655719.8228958
24639.244334607643,26192.824684718216,1730655719.8267384
24603.01215684559,26185.94034742598,1730655719.8297465
24597.044241076022,26203.30765286776,1730655719.8338473
24615.37267152937,26213.120068683635,1730655719.8378456
24627.77788970207,26214.774097773327,1730655719.842945
24677.532872859585,26210.482562837908,1730655719.84685
24619.0607093645,26185.828588703705,1730655719.8507388
24581.710944379683,26203.642929034584,1730655719.8537664
24618.68072970876,26202.74885925637,1730655719.8578649
24628.224924591177,26214.08119369521,1730655719.861777
24603.034508590044,26187.2814520933,1730655719.8659568
24617.29492155253,26164.37091402661,1730655719.8708036
24638.77494797408,26157.01719010081,1730655719.8749185
24604.33090976845,26194.56812078573,1730655719.8788123
24604.82264814647,26197.026812675813,1730655719.8818882
24620.20064833172,26244.65838011007,1730655719.886019
24607.147229569822,26220.47379260943,1730655719.8898575
24611.86344764989,26187.639080004585,1730655719.8939242
24628.69431122474,26183.83928344718,1730655719.898945
24637.21032586221,26177.29022232178,1730655719.9038963
24585.48838919263,26165.533204738287,1730655719.907086
24640.25016310813,26199.150228399067,1730655719.9109845
24645.94985794424,26215.60111231817,1730655719.914045
24613.3610145284,26201.184237144505,1730655719.917933
24627.330854812964,26211.242522149387,1730655719.921872
24610.075308093463,26192.064725406733,1730655719.926086
24592.23861601813,26169.1765390845,1730655719.930978
24600.039374833035,26185.1803881145,1730655719.935074
24615.059747107,26199.39609758808,1730655719.9380732
24624.73805245615,26198.47967606541,1730655719.9419105
24617.65254946381,26209.052051192768,1730655719.9460995
24628.962532158203,26214.93055998452,1730655719.9499328
24636.182145617266,26195.52924579731,1730655719.9539137
24631.60003800393,26193.56229228524,1730655719.959173
24637.523250284583,26205.5875308022,1730655719.9619193
24590.22695901716,26198.122048154124,1730655719.9661589
24597.848903876413,26183.70517298045,1730655719.9709532
24639.892535196846,26167.96954488392,1730655719.9741795
24670.58148033398,26235.22594394993,1730655719.9779608
24592.462133462686,26254.403740692585,1730655719.9822133
24564.656563360284,26178.25134733336,1730655719.9870884
24604.19679930172,26154.737312166373,1730655719.9901593
24646.0169131776,26172.50694900834,1730655719.9932594
24656.54458481605,26203.173542401026,1730655719.9982638
24625.945046656736,26211.68955703849,1730655720.0021875
24602.833342889942,26197.65266152056,1730655720.0062122
24615.596188973926,26193.763457985337,1730655720.010106
24624.022796633577,26199.41844933253,1730655720.0151625
24643.222945120688,26184.755704969848,1730655720.0180712
24623.30754081101,26197.3844405871,1730655720.0214324
24612.57870347246,26229.190972947,1730655720.026148
24594.049107319013,26196.222149875422,1730655720.0303032
24595.27845326405,26180.106542123147,1730655720.034174
24624.000444889123,26203.911149968048,1730655720.0381348
24639.244334607643,26188.823722460715,1730655720.0411997
24646.55335504453,26193.89756845207,1730655720.04505
24600.68757542224,26220.45144086497,1730655720.049178
24601.022851589067,26202.92767321201,1730655720.054072
24606.23080804716,26184.42042880302,1730655720.0582466
24642.418282320297,26172.104617608147,1730655720.0620584
24698.007070780644,26184.24161484738,1730655720.0663192
24642.2171166202,26195.9315771975,1730655720.069265
24588.34941248291,26155.564326711217,1730655720.073352
24596.44074397573,26213.47769659492,1730655720.0773313
24588.550578183007,26215.33289138471,1730655720.081203
24609.44945924872,26211.84601924968,1730655720.0861511
24608.42127900377,26212.9859582169,1730655720.0903037
24602.43101148976,26215.198780917977,1730655720.094344
24609.896494137825,26192.15413238456,1730655720.0974154
24629.83425019196,26193.69640275197,1730655720.1012409
24619.44068902024,26196.825646975714,1730655720.1054325
24635.95862817272,26184.062800891734,1730655720.110356
24658.422131350297,26207.442725591987,1730655720.1143749
24630.48245078116,26199.30669061025,1730655720.1182604
24610.29882553802,26187.30380383776,1730655720.122284
24597.133648053845,26202.301824367267,1730655720.1252737
24604.86735163538,26208.180333159013,1730655720.1292603
24592.193912529223,26186.16386487053,1730655720.1332948
24608.667148192784,26189.42721956101,1730655720.1371968
24640.183107874767,26191.50593179536,1730655720.142274
24643.155889887323,26216.76340302985,1730655720.1463928
24645.435767821764,26211.466039593943,1730655720.1494193
24624.82745943397,26188.55550152725,1730655720.1532056
24638.394968318345,26206.54865581377,1730655720.15732
24626.77206120158,26215.064670451247,1730655720.1612885
24607.594264458927,26209.1861616595,1730655720.1653712
24622.234657077155,26184.04044914728,1730655720.1693716
24630.92948567027,26178.56427175573,1730655720.1745362
24576.793560599515,26203.464115078943,1730655720.1776052
24601.91692136728,26199.66431852154,1730655720.181399
24618.56897098649,26192.84703646267,1730655720.1855714
24604.01798534608,26150.401073742043,1730655720.189456
24608.86831389288,26141.996817826846,1730655720.1934764
24627.95670365772,26196.49037080889,1730655720.1984985
24676.03530598108,26233.348397415688,1730655720.2024932
24655.918735971303,26261.802168107293,1730655720.2061143
24589.601110172407,26206.19102790249,1730655720.2104805
24591.07632530645,26192.020021917822,1730655720.2133727
24617.518438997085,26206.950987213968,1730655720.21754
24619.083061108955,26198.300862109765,1730655720.223486
24618.747784942127,26186.70030673746,1730655720.2264917
24602.29690102302,26180.41946654552,1730655720.230703
24624.380424544863,26185.783885214794,1730655720.2335565
24618.34545354193,26189.717792238927,1730655720.2373405
24605.44849699122,26179.79361770077,1730655720.2414715
24621.05001462102,26195.9315771975,1730655720.245331
24634.39400606084,26200.69249876648,1730655720.249592
24615.596188973926,26203.262949378844,1730655720.2544856
24610.947026127225,26198.122048154124,1730655720.257611
24648.386198089866,26189.270757349823,1730655720.2605803
24675.632974580883,26194.054030663257,1730655720.265468
24596.53015095355,26193.65169926306,1730655720.269394
24566.22118547216,26202.99472844538,1730655720.273599
24625.25214257862,26191.125952139613,1730655720.27739
24640.87601195288,26202.72650751192,1730655720.2829392
24600.039374833035,26222.48544961041,1730655720.2856605
24593.73618289664,26204.1346674126,1730655720.28863
24612.19872381672,26190.34364108368,1730655720.293651
24614.32213953997,26204.64875753508,1730655720.2975874
24616.758479685603,26183.146379369067,1730655720.3015888
24644.429939321275,26186.90147243756,1730655720.3055558
24621.69821521023,26190.388344572588,1730655720.3095548
24620.02183437608,26194.72458299692,1730655720.3136897
24680.751524061143,26195.462190563943,1730655720.316632
24643.334703842964,26205.5875308022,1730655720.3204615
24596.887778864835,26195.43983881949,1730655720.3255732
24590.562235183985,26182.18525435749,1730655720.3295393
24606.43197374725,26193.27171960732,1730655720.3336496
24636.40566306181,26201.22894063341,1730655720.3375554
24641.74772998664,26204.62640579062,1730655720.341572
24622.189953588244,26212.494219838885,1730655720.3445015
24606.163752813787,26205.56517905774,1730655720.3487406
24610.365880771387,26200.200760388467,1730655720.3535423
24620.06653786499,26201.452458077965,1730655720.3575685
24619.708909953704,26190.05306840576,1730655720.36158
24616.9596453857,26182.676992735505,1730655720.3647316
24608.22011330368,26208.09092618119,1730655720.3687472
24659.74088427316,26217.165734430044,1730655720.37262
24663.00423896364,26217.657472808063,1730655720.3767743
24605.82847664696,26212.47186809443,1730655720.3817549
24602.699232423216,26195.417487075032,1730655720.3857424
24606.454325491708,26178.54192001128,1730655720.3898733
24611.21524706069,26165.46614950492,1730655720.3928063
24620.848848920927,26172.909280408538,1730655720.3968225
24617.36197678589,26197.78677198729,1730655720.4007242
24631.01889264809,26225.257065922862,1730655720.404829
24645.055788166024,26177.42433278851,1730655720.4099023
24626.43678503475,26182.073495635213,1730655720.4138963
24616.266741307587,26212.47186809443,1730655720.4178538
24618.72543319767,26207.062745936248,1730655720.4206529
24648.341494600954,26193.69640275197,1730655720.4248505
24647.40272133383,26198.4349725765,1730655720.4286315
24590.4057729728,26199.61961503263,1730655720.4328842
24611.081136593955,26201.89949296707,1730655720.43667
24599.56998819948,26199.932539455003,1730655720.4418871
24609.76238367109,26192.35529808465,1730655720.4446917
24613.137497083844,26188.197873615965,1730655720.4488373
24617.384328530352,26164.974411126903,1730655720.4526613
24637.50089854013,26170.495292007363,1730655720.4569163
24637.59030551795,26210.57196981573,1730655720.4608552
24606.275511536063,26181.782922957293,1730655720.4649324
24622.748747199625,26179.14541711157,1730655720.4697576
24632.04707289304,26202.90532146756,1730655720.472972
24630.191878103244,26226.106432212167,1730655720.4769647
24657.349247616443,26221.47962110992,1730655720.4808033
24636.69623573974,26200.983071444403,1730655720.48491
24605.694366180225,26191.39417307308,1730655720.488953
24614.031566862057,26190.388344572588,1730655720.4929872
24620.87120066538,26170.741161196373,1730655720.4979846
24663.697143041747,26187.39321081557,1730655720.5008924
24621.228828576663,26203.531170312308,1730655720.505237
24596.038412575534,26209.297920381778,1730655720.508983
24601.76045915609,26198.770248743327,1730655720.5130155
24601.693403922727,26166.427274516496,1730655720.51697
24639.9148869413,26187.102638137658,1730655720.5207932
24634.84104094995,26217.94804548598,1730655720.5260432
24616.31144479649,26202.10065866717,1730655720.5288153
24617.317273296987,26200.91601621104,1730655720.5329998
24633.74580547164,26222.46309786595,1730655720.5368524
24649.97317194619,26218.61859781964,1730655720.5407777
24631.95766591521,26189.78484747229,1730655720.544867
24658.98092496168,26193.29407135178,1730655720.5488226
24641.188936375256,26212.516571583343,1730655720.553825
24576.413580943776,26192.869388207127,1730655720.5569737
24604.77794465756,26179.65950723404,1730655720.5599024
24634.617523505392,26186.767361970826,1730655720.5651376
24638.17145087379,26199.440801076988,1730655720.569064
24624.894514667336,26182.386420057588,1730655720.5730424
24644.02760792108,26201.98889994489,1730655720.5771964
24645.97220968869,26207.4874290809,1730655720.5810013
24608.80125865952,26189.717792238927,1730655720.5840409
24599.9052643663,26196.356260342152,1730655720.5881555
24624.447479778228,26182.900510180058,1730655720.59297
24635.24337235014,26206.05691743576,1730655720.597118
24633.79050896055,26211.019004704835,1730655720.6011968
24630.12482286988,26194.70223125246,1730655720.605132
24608.46598249269,26213.76826927284,1730655720.6091883
24624.20161058922,26189.78484747229,1730655720.6119337
24656.1199016714,26162.40396051454,1730655720.6159508
24641.144232886345,26182.56523401323,1730655720.6220777
24582.33679322444,26205.252254635365,1730655720.624934
24597.848903876413,26191.528283539807,1730655720.6289308
24626.123860612377,26197.89853070957,1730655720.63297
24626.660302479304,26205.90045522457,1730655720.6369488
24618.83719191995,26209.163809915044,1730655720.640002
24645.25695386612,26188.622556760616,1730655720.6440809
24611.01408136059,26192.28824285129,1730655720.6480284
24607.795430159025,26200.066649921733,1730655720.65333
24633.41052930481,26197.85382722066,1730655720.6570177
24646.17337538879,26209.923769226527,1730655720.6600173
24639.043168907545,26197.13857139809,1730655720.6640515
24611.796392416527,26191.39417307308,1730655720.668138
24618.032529119555,26201.47480982242,1730655720.672071
24633.991674660647,26207.934463970003,1730655720.6771052
24638.88670669636,26204.55935055725,1730655720.6810565
24630.63891299235,26189.248405605365,1730655720.6850395
24635.332779327964,26177.334925810686,1730655720.688064
24686.45121889725,26202.301824367267,1730655720.69208
24614.52330524008,26195.37278358612,1730655720.6960917
24584.61667115888,26194.18814112999,1730655720.7002437
24611.6622819498,26185.64977474806,1730655720.704104
24623.799279189025,26178.206643844445,1730655720.7091112
24652.36480860291,26217.94804548598,1730655720.7132027
24639.93723868576,26216.65164430757,1730655720.7161283
24611.37170927188,26212.695385538984,1730655720.7200866
24613.092793594933,26210.32610062672,1730655720.724106
24626.32502631248,26200.67014702203,1730655720.728067
24624.447479778228,26201.363051100143,1730655720.7321413
24632.60586650442,26178.676030478007,1730655725.737372
24639.57961077447,26181.626460746105,1730655725.7423964
24641.74772998664,26177.80431244425,1730655725.7455056
24648.766177745605,26180.64298399008,1730655725.7494824
24662.82542500799,26188.1308183826,1730655725.7533982
24649.906116712824,26188.980184671906,1730655725.7573996
24638.99846541864,26189.963661427937,1730655725.7614577
24632.069424637488,26199.060821421244,1730655725.7655168
24623.128726855368,26199.0831731657,1730655725.7694445
24628.850773435926,26182.676992735505,1730655725.772416
24657.1704336608,26172.104617608147,1730655725.77644
24700.64457662637,26174.205681586944,1730655725.7814724
24706.59014065148,26178.85484443365,1730655725.7854805
24659.807939506525,26206.74982151388,1730655725.789472
24584.01317405858,26192.601167273664,1730655725.7924683
24577.352354210896,26172.26107981933,1730655725.7967107
24615.707947696203,26189.5836817722,1730655725.8006935
24620.69238670974,26196.870350464626,1730655725.804505
24588.43881946073,26147.584753940675,1730655725.8094587
24618.59132273094,26160.90639363604,1730655725.8135805
24646.73216900017,26202.77121100083,1730655725.8176064
24631.98001765967,26168.394228028566,1730655725.820609
24653.281230125576,26188.71196373844,1730655725.8244882
24658.04215169456,26206.258083135854,1730655725.8286486
24642.79826197604,26223.42422287753,1730655725.832652
24614.05391860651,26210.974301215923,1730655725.8376622
24591.053973562,26177.49138802188,1730655725.8426018
24609.74003192664,26188.17552187151,1730655725.8467083
24628.984883902656,26172.976335641903,1730655725.8507104
24673.10722745744,26165.779073927293,1730655725.8537097
24741.168289323843,26166.36021928313,1730655725.8566267
24703.796172594568,26224.72062405594,1730655725.8605793
24587.053011304502,26292.53581673334,1730655725.8656762
24573.77607509805,26207.554484314263,1730655725.8697083
24605.984938858142,26156.592506956164,1730655725.873602
24604.844999890924,26156.70426567844,1730655725.876582
24656.58928830496,26129.65865488752,1730655725.880748
24742.598800968983,26167.05312336125,1730655725.8846295
24711.66398664284,26220.56319958725,1730655725.888645
24560.588545869417,26209.074402937225,1730655725.8926249
24529.497269332085,26197.49619930937,1730655725.897798
24581.129799023845,26118.996872782336,1730655725.9008095
24596.32898525345,26112.403108168022,1730655725.9048116
24573.01611578657,26245.95478128848,1730655725.9088829
24594.697307908216,26228.22984793542,1730655725.9129243
24712.51335293214,26198.59143478769,1730655725.9168966
24730.08182407401,26193.808161474248,1730655725.922924
24683.701954329248,26176.59731824366,1730655725.9259243
24638.68554099626,26166.963716383427,1730655725.928923
24619.75361344261,26169.08713210668,1730655725.9330215
24590.2046072727,26275.16851129157,1730655725.9369905
24538.03563571401,26276.3531537477,1730655725.9409816
24619.708909953704,26129.278675231777,1730655725.9448674
24806.144810455426,26079.948375218915,1730655725.9490044
24809.542275612628,26166.94136463897,1730655725.953801
24640.674846252783,26259.92462157305,1730655725.9567912
24581.53213042404,26262.09274078521,1730655725.959712
24617.71960469718,26189.628385261105,1730655725.9648328
24634.68457873876,26137.772338124792,1730655725.9687374
24601.3581277559,26090.654860813007,1730655725.9728615
24555.604106855884,26114.77239308028,1730655725.976746
24624.022796633577,26264.28321174184,1730655725.98097
24598.966491099178,26249.68752261252,1730655725.9839797
24617.898418652825,26253.24144998091,1730655725.987982
24734.663931687348,26149.618762686103,1730655725.992748
24825.56847638708,26125.143602507545,1730655725.9969628
24661.819596507503,26269.87114785565,1730655726.000918
24563.203699970687,26258.739979116915,1730655726.0050132
24679.09749497145,26181.73821946838,1730655726.0079975
24678.561053104528,26126.81998334169,1730655726.0119944
24680.43859963877,26184.88981543658,1730655726.0160296
24659.31620112851,26338.15572716662,1730655726.020904
24650.576669046484,26272.955688590493,1730655726.0248885
24639.065520652,26166.15905358304,1730655726.0289247
24560.92382203625,26203.37470810112,1730655726.0329149
24533.006493211567,26217.09867919668,1730655726.036965
24579.654583889795,26207.129801169613,1730655726.0399432
24637.74676772914,26199.84313247718,1730655726.0438871
24612.131668583355,26166.65079196105,1730655726.047973
24561.393208669808,26172.596355986163,1730655726.0531085
24602.52041846757,26149.596410941653,1730655726.0571415
24639.289038096555,26254.224926736944,1730655726.061049
24615.506781996108,26224.1394787001,1730655726.065146
24632.98584616016,26156.95013486745,1730655726.0679004
24772.840711217013,26170.09296060717,1730655726.0721855
24719.57650418001,26243.339627187208,1730655726.0769312
24624.9615699007,26204.93933021299,1730655726.0810385
24617.83136341946,26199.66431852154,1730655726.0849564
24608.39892725932,26375.63960261817,1730655726.0880623
24533.76645252305,26324.185886882056,1730655726.092052
24550.217336442154,26166.31551579422,1730655726.095996
24575.988897799125,26093.22531142537,1730655726.100135
24701.002204537657,26134.598390412146,1730655726.104216
24694.944881790267,26208.71677502594,1730655726.108991
24560.00740051358,26209.52143782633,1730655726.11319
24637.59030551795,26179.10071362265,1730655726.116092
24692.21796896672,26146.98125684038,1730655726.1202078
24642.68650325376,26169.981201884893,1730655726.1242335
24670.2238524227,26214.75174602888,1730655726.1281393
24693.044983511565,26283.461008484486,1730655726.132186
24519.23781862709,26215.77992627381,1730655726.137175
24498.428344539207,26176.776132199306,1730655726.1411846
24594.16086604129,26224.7429758004,1730655726.1440308
24698.096477758467,26201.51951331133,1730655726.1492057
24704.958463306244,26207.263911636343,1730655726.1531408
24525.51865881904,26239.78569981881,1730655726.1561007
24596.06076431999,26240.63506610812,1730655726.1600375
24607.951892370213,26242.311446942265,1730655726.1652105
24621.184125087755,26192.80233297376,1730655726.1691153
24609.11418308189,26170.070608862712,1730655726.1720767
24598.988842843635,26204.49229532389,1730655726.1760862
24611.885799394346,26198.099696409667,1730655726.1802464
24639.75842473012,26194.25519636336,1730655726.1842675
24611.84109590544,26244.25604870988,1730655726.1881075
24559.38155166883,26189.628385261105,1730655726.193096
24617.518438997085,26179.39128630057,1730655726.196285
24667.16166343232,26223.91596125555,1730655726.200295
24724.560943193548,26269.98290657793,1730655726.2041056
24604.77794465756,26277.649554926105,1730655726.208125
24480.770466419515,26184.84511194767,1730655726.2121449
24567.875214561845,26154.31262902172,1730655726.216223
24592.640947418327,26218.663301308552,1730655726.220252
24593.57972068545,26209.72260352643,1730655726.224359
24593.75853464109,26197.3844405871,1730655726.2284265
24611.01408136059,26203.03943193429,1730655726.2323604
24591.2551392621,26186.365030570632,1730655726.23625
24630.4153955478,26174.697419964963,1730655726.2393732
24772.01369667217,26207.04039419179,1730655726.2431617
24682.45025663975,26227.156964201567,1730655726.2483735
24510.67710050072,26241.12680448613,1730655726.252188
24535.19696416819,26257.644743638604,1730655726.25626
24569.395133184807,26204.313481368245,1730655726.2602112
24584.549615925505,26159.878213391094,1730655726.2643163
24615.66324420729,26179.234824089388,1730655726.2673285
24601.603996944905,26195.75276324186,1730655726.2714205
24626.950875157225,26198.680841765505,1730655726.276302
24606.387270258343,26224.608865333663,1730655726.2803645
24573.038467531023,26267.144235032112,1730655726.2843285
24628.24727633563,26230.91205727006,1730655726.2884884
24662.668962796804,26127.669349631,1730655726.2914655
24612.131668583355,26116.58288438116,1730655726.2953663
24571.58560414143,26244.323103943243,1730655726.2995114
24606.32021502497,26248.614638878666,1730655726.3042693
24635.131613627866,26204.60405404616,1730655726.3085148
24646.240430622154,26175.055047876245,1730655726.3122938
24583.052049047,26171.88110016359,1730655726.3164136
24565.93061279424,26202.45828657845,1730655726.3204868
24582.180331013245,26220.45144086497,1730655726.3235016
24622.033491377057,26184.21926310292,1730655726.3273475
24669.79916927805,26192.64587076257,1730655726.3325443
24598.966491099178,26207.934463970003,1730655726.3364236
24572.703191364195,26240.32214168574,1730655726.340475
24582.917938580267,26240.970342274948,1730655726.3434134
24613.38336627285,26190.83537946169,1730655726.3473225
24663.87595699739,26205.85575173566,1730655726.35137
24634.326950827475,26242.534964386818,1730655726.3574996
24574.938365809725,26212.784792516806,1730655726.3603554
24594.42908697476,26184.04044914728,1730655726.3644722
24650.576669046484,26170.94232689647,1730655726.3683991
24671.85552976793,26221.61373157665,1730655726.371486
24551.55844110947,26230.86735378115,1730655726.3755057
24569.17161574025,26197.20562663145,1730655726.3795428
24596.59720618692,26204.1346674126,1730655726.3834617
24602.02868008956,26190.678917250505,1730655726.3876393
24620.60297973192,26203.66528077904,1730655726.3925476
24631.75650021512,26182.721696224417,1730655726.3964827
24651.9177737138,26175.32326880971,1730655726.3996058
24606.990767358635,26216.226961162924,1730655726.4036667
24568.948098295703,26232.119051470647,1730655726.4075632
24593.691479407727,26243.85371730968,1730655726.4114828
24634.930447927767,26202.95002495647,1730655726.4155216
24640.25016310813,26168.573041984208,1730655726.4205997
24602.81099114549,26197.60795803165,1730655726.4234405
24634.282247338564,26238.28813294031,1730655726.427472
24592.48448520714,26200.67014702203,1730655726.43163
24605.64966269132,26140.90158234854,1730655726.4355247
24631.82355544848,26195.216321374934,1730655726.439522
24593.400906729807,26219.4903158534,1730655726.4435587
24630.080119380968,26225.88291476761,1730655726.4486845
24609.29299703753,26206.83922849169,1730655726.4515233
24581.53213042404,26191.10360039516,1730655726.4566393
24603.883874879342,26181.46999853492,1730655726.4595304
24638.30556134052,26209.56614131524,1730655726.46369
24616.266741307587,26217.724528041428,1730655726.4675388
24611.2599505496,26206.61571104714,1730655726.471504
24616.60201747441,26195.55159754176,1730655726.4765043
24587.880025849347,26203.240597634387,1730655726.47965
24627.934351913256,26196.42331557552,1730655726.482734
24606.49902898062,26199.2843388658,1730655726.4876835
24581.28626123504,26206.146324413578,1730655726.49167
24598.43004923225,26200.3348708552,1730655726.4957452
24612.757517428105,26175.815007187728,1730655726.499697
24632.1141281264,26198.211455131943,1730655726.5046315
24623.95574140021,26229.146269458088,1730655726.5076337
24591.85863636239,26205.833399991203,1730655726.5107644
24616.71377619669,26170.2270710739,1730655726.515648
24666.379352376385,26222.46309786595,1730655726.519837
24635.042206650043,26253.934354059023,1730655726.5238068
24583.87906359185,26231.448499136983,1730655726.5278945
24616.28909305204,26215.48935359589,1730655726.5323372
24606.36491851389,26219.78088853132,1730655726.5357523
24583.208511258188,26188.57785327171,1730655726.5387733
24601.87221787837,26164.482672748887,1730655726.5437548
24629.811898447504,26182.94521366897,1730655726.5478165
24641.70302649773,26195.171617886022,1730655726.551743
24616.445555263228,26193.56229228524,1730655726.5559487
24603.749764412616,26197.339737098187,1730655726.5590007
24635.31042758351,26204.35818485716,1730655726.5629292
24610.857619149403,26221.703138554472,1730655726.566939
24590.98691832864,26202.2347691339,1730655726.5711231
24626.77206120158,26181.067667134725,1730655726.575971
24597.781848643048,26181.626460746105,1730655726.5801167
24599.30176726601,26207.554484314263,1730655726.584021
24623.39694778883,26249.86633656816,1730655726.5869775
24623.061671622,26233.97424626044,1730655726.591008
24617.987825630647,26210.72843202692,1730655726.5949793
24616.445555263228,26203.70998426795,1730655726.599079
24607.41545050329,26194.25519636336,1730655726.6040478
24638.193802618243,26171.568175741217,1730655726.608058
24632.33764557095,26218.81976351974,1730655726.6120307
24602.67688067876,26220.00440597587,1730655726.6149852
24615.81970641848,26218.28332165281,1730655726.6188226
24637.56795377349,26215.48935359589,1730655726.6232595
24637.56795377349,26192.109428895645,1730655726.6268432
24606.61078770289,26187.95200442696,1730655726.632259
24588.19295027172,26202.92767321201,1730655726.6358557
24591.590415428927,26189.270757349823,1730655726.6392784
24614.031566862057,26200.7372022554,1730655726.6429093
24614.05391860651,26225.637045578605,1730655726.6469731
24597.06659282048,26209.14145817059,1730655726.6508949
24605.895531880324,26179.14541711157,1730655726.6553345
24616.91494189679,26188.93548118299,1730655726.6589584
24619.46304076469,26233.638970093605,1730655726.664038
24605.82847664696,26205.05108893527,1730655726.667043
24623.59811348893,26153.84324238816,1730655726.6710267
24671.475550112194,26191.014193417337,1730655726.6750429
24629.25310483612,26217.94804548598,1730655726.6791065
24594.473790463664,26202.54769355628,1730655726.6831398
24613.7633459286,26190.00836491685,1730655726.687193
24659.74088427316,26208.47090583693,1730655726.6921968
24598.832380632448,26205.69928952448,1730655726.6952028
24562.08611274792,26198.52437955432,1730655726.69922
24595.01023233059,26185.917995681524,1730655726.7031755
24617.74195644164,26191.48358005089,1730655726.7072344
24635.82451770598,26225.59234208969,1730655726.7110047
24599.994671344124,26199.10552491016,1730655726.715074
24608.3095202815,26181.76057121284,1730655726.7201326
24641.121881141888,26210.70608028246,1730655726.72318
24603.2580260346,26235.00242650538,1730655726.7269745
24594.943177097222,26196.04333591978,1730655726.7312524
24603.77211615707,26194.769286485825,1730655726.7349875
24632.225886848675,26188.622556760616,1730655726.739245
24641.121881141888,26195.79746673077,1730655726.7441192
24626.83911643495,26199.10552491016,1730655726.747129
24633.65639849381,26205.87810348012,1730655726.750016
24579.00638330059,26196.020984175324,1730655726.7551568
24582.046220546512,26186.052106148258,1730655726.7590768
24633.321122326983,26192.310594595743,1730655726.7633414
24613.025738361568,26197.183274887,1730655726.7671793
24627.174392601777,26194.99280393038,1730655726.771324
24632.248238593133,26212.80714426126,1730655726.7751784
24604.040337090533,26228.07338572424,1730655726.7782798
24626.8614681794,26191.215359117432,1730655726.7822597
24625.274494323075,26174.093922864668,1730655726.787205
24618.83719191995,26191.03654516179,1730655726.791188
24624.313369311498,26231.0908712257,1730655726.7952695
24591.18808402873,26212.18129541651,1730655726.7992852
24628.24727633563,26183.079324135702,1730655726.8034463
24622.90520941081,26178.94425141147,1730655726.806353
24579.811046100986,26204.9840337019,1730655726.811345
24598.832380632448,26182.900510180058,1730655726.815372
24637.322084584488,26192.914091696035,1730655726.819337
24629.1636978583,26226.441708379,1730655726.823326
24612.19872381672,26217.724528041428,1730655726.8272529
24644.54169804355,26207.71094652545,1730655726.8302884
24622.32406405497,26206.302786624765,1730655726.8341875
24584.370801969864,26208.51560932584,1730655726.838167
24594.54084569703,26185.985050914893,1730655726.8433394
24617.1608110858,26211.68955703849,1730655726.8471937
24615.596188973926,26218.08215595272,1730655726.8512385
24614.50095349562,26223.245408921888,1730655726.854273
24596.664261420283,26172.574004241706,1730655726.8582747
24643.2676486096,26155.00553309984,1730655726.8623152
24640.563087530507,26206.682766280504,1730655726.8682137
24595.412563730784,26215.13172568461,1730655726.871353
24584.1025810364,26194.32225159672,1730655726.8753722
24610.0082528601,26194.031678918804,1730655726.879448
24607.884837136848,26198.61378653214,1730655726.8822916
24619.77596518707,26201.56421680024,1730655726.8862772
24610.120011582378,26207.822705247727,1730655726.890562
24594.473790463664,26185.068629392223,1730655726.8944736
24614.366843028885,26189.78484747229,1730655726.8985276
24622.70404371072,26190.030716661306,1730655726.903491
24627.01793039059,26212.1365919276,1730655726.9075089
24609.695328437727,26222.70896705496,1730655726.9103596
24620.91590415429,26209.09675468168,1730655726.914578
24650.91194521332,26198.79260048778,1730655726.9183571
24616.847886663425,26195.842170219683,1730655726.922645
24578.78286585604,26199.10552491016,1730655726.926458
24601.06755507797,26193.159960885045,1730655726.9315224
24617.74195644164,26183.59341425817,1730655726.934383
24659.964401717712,26217.411603619053,1730655726.9388394
24629.09664262493,26202.25712087836,1730655726.9425352
24590.91986309527,26198.770248743327,1730655726.9467924
24602.49806672312,26196.5350742978,1730655726.9507172
24615.707947696203,26207.59918780317,1730655726.9546416
24601.603996944905,26193.159960885045,1730655726.959437
24611.125840082863,26181.917033424023,1730655726.962618
24625.520363512085,26204.17937090151,1730655726.9665928
24610.34352902693,26211.51074308285,1730655726.9707775
24602.475714978664,26199.75372549936,1730655726.9749649
24635.2657240946,26198.85965572115,1730655726.978799
24647.425073078284,26196.9821091869,1730655726.9827569
24600.374650999864,26190.34364108368,1730655726.9881155
24605.00146210211,26201.47480982242,1730655726.9907143
24629.85660193641,26218.90917049756,1730655726.994517
24615.283264551552,26216.986920474403,1730655726.998916
24609.47181099317,26208.180333159013,1730655727.002467
24607.77307841457,26200.29016736629,1730655727.0067484
24614.47860175116,26208.91794072604,1730655727.0105753
24615.81970641848,26195.775114986314,1730655727.0159357
24620.58062798746,26211.75661227186,1730655727.0185173
24602.02868008956,26216.91986524104,1730655727.022993
24607.147229569822,26184.28631833629,1730655727.0264747
24617.29492155253,26192.80233297376,1730655727.0306325
24619.86537216489,26186.49914103736,1730655727.0344596
24639.221982863182,26185.582719514696,1730655727.038649
24643.044131165047,26193.51758879633,1730655727.0425832
24635.73511072816,26191.438876561988,1730655727.046204
24625.47566002317,26213.52240008383,1730655727.0499809
24594.987880586134,26259.656400639586,1730655727.054728
24585.644851403817,26211.466039593943,1730655727.0586174
24599.68174692175,26180.173597356512,1730655727.0627356
24619.39598553133,26189.114295138635,1730655727.0667508
24630.48245078116,26200.22311213292,1730655727.0706875
24631.421224048285,26182.699344479963,1730655727.07377
24634.170488616288,26185.85094044816,1730655727.0775597
24618.70308145321,26224.63121707812,1730655727.0827606
24595.81489513098,26219.356205386663,1730655727.086713
24602.833342889942,26206.727469769416,1730655727.0906172
24626.77206120158,26192.958795184943,1730655727.0947115
24639.132575885367,26232.119051470647,1730655727.0977404
24599.279415521552,26223.625388577628,1730655727.1015468
24604.39796500182,26178.184292099988,1730655727.1057415
24636.7185874842,26183.883986936093,1730655727.1106324
24643.24529686514,26188.868425949626,1730655727.1147373
24600.68757542224,26185.359202070144,1730655727.118688
24617.71960469718,26209.56614131524,1730655727.1227565
24609.91884588228,26214.48352509541,1730655727.125651
24607.52720922556,26200.401926088565,1730655727.129664
24614.947988384723,26204.1346674126,1730655727.1337454
24617.138459341342,26194.813989974737,1730655727.137719
24636.04803515053,26182.40877180204,1730655727.142583
24628.87312518038,26203.531170312308,1730655727.1468616
24621.139421598844,26221.077289709723,1730655727.149852
24624.559238500507,26205.98986220239,1730655727.1538527
24598.29593876552,26191.66239400654,1730655727.157881
24619.57479948697,26190.298937594765,1730655727.1618087
24620.02183437608,26197.89853070957,1730655727.1658487
24608.9577208707,26204.916978468536,1730655727.1707995
24655.09172142645,26215.310539640253,1730655727.1748097
24618.79248843104,26209.163809915044,1730655727.1777833
24595.56902594197,26193.763457985337,1730655727.1818943
24599.838209132937,26185.828588703705,1730655727.1858325
24611.59522671643,26214.885856495603,1730655727.1898007
24619.35128204242,26236.5446968728,1730655727.194014
24629.07429088048,26183.50400728036,1730655727.1979802
24641.09952939744,26182.98991715788,1730655727.2028549
24618.68072970876,26197.920882454026,1730655727.2059216
24627.0626338795,26226.508763612364,1730655727.209786
24614.836229662447,26220.294978653787,1730655727.2139268
24611.282302294054,26193.85286496316,1730655727.217746
24597.40186898731,26189.00253641636,1730655727.2219875
24617.943122141736,26182.14055086858,1730655727.2257397
24661.3725616184,26194.07638240771,1730655727.230877
24657.528061572084,26211.84601924968,1730655727.2339275
24592.171560784765,26209.76730701534,1730655727.2379148
24586.31540373748,26208.3367953702,1730655727.2419057
24604.53207546856,26208.09092618119,1730655727.2458684
24617.29492155253,26209.409679104054,1730655727.2500243
24608.555389470504,26211.95777797196,1730655727.254978
24606.49902898062,26198.4349725765,1730655727.2579498
24609.561217971,26186.119161381623,1730655727.2610428
24619.530095998063,26174.98799264288,1730655727.2660873
24635.44453805024,26184.688649736483,1730655727.2698836
24629.20840134721,26209.70025178197,1730655727.2740104
24634.25989559411,26201.363051100143,1730655727.2780278
24617.45138376372,26205.252254635365,1730655727.2830396
24624.9615699007,26204.916978468536,1730655727.2861197
24632.851735693424,26211.71190878295,1730655727.2890987
24633.142308371345,26188.667260249527,1730655727.293892
24601.134610311343,26210.415507604543,1730655727.2980576
24596.664261420283,26227.648702579583,1730655727.3018696
24613.45042150622,26230.33091191422,1730655727.306038
24610.030604604555,26195.37278358612,1730655727.3098996
24621.094718109933,26176.46320777693,1730655727.3140504
24627.55437225752,26207.174504658524,1730655727.3170536
24623.95574140021,26209.454382592965,1730655727.322112
24638.90905844081,26205.49812382437,1730655727.325908
24623.64281697784,26192.80233297376,1730655727.3300788
24608.91301738179,26201.117181911133,1730655727.333953
24612.891627894835,26209.610844804152,1730655727.338086
24607.214284803187,26219.37855713112,1730655727.3409486
24606.67784293626,26208.001519203368,1730655727.3451176
24609.002424359613,26189.00253641636,1730655727.3490677
24606.2084563027,26192.064725406733,1730655727.3540988
24614.277436051063,26204.5369988128,1730655727.3580272
24621.92173265478,26207.42037384753,1730655727.3621624
24638.193802618243,26208.1356296701,1730655727.365078
24644.586401532462,26193.361126585143,1730655727.3691568
24611.416412760784,26198.166751643035,1730655727.3730958
24606.834305147448,26191.640042262083,1730655727.3770409
24643.379407331875,26182.78875145778,1730655727.3820777
24625.45330827872,26211.84601924968,1730655727.3862696
24606.11904932488,26207.956815714457,1730655727.3902245
24622.994616388634,26182.6322892466,1730655727.39445
24611.885799394346,26212.360109372155,1730655727.3970115
24607.951892370213,26228.654531080072,1730655727.400994
24618.05488086401,26207.39802210308,1730655727.4052868
24621.519401254583,26194.25519636336,1730655727.4101312
24653.996485948144,26211.913074483047,1730655727.415249
24621.65351172132,26223.42422287753,1730655727.4180565
24582.739124624622,26202.52534181182,1730655727.4210558
24607.840133647936,26205.47577207992,1730655727.4251597
24616.73612794115,26182.85580669115,1730655727.4313731
24652.945953958744,26205.54282731329,1730655727.4332373
24635.82451770598,26228.56512410225,1730655727.4384165
24593.847941618915,26208.403850603565,1730655727.4424188
24588.9529095832,26193.71875449643,1730655727.4451292
24594.27262476357,26214.885856495603,1730655727.4491556
24626.481488523663,26239.13749922961,1730655727.453204
24606.834305147448,26197.093867909178,1730655727.4572225
24606.342566769432,26172.05991411924,1730655727.4611712
24621.20647683221,26179.637155489585,1730655727.4653003
24642.8653172094,26210.19199015999,1730655727.470142
24639.445500307746,26224.43005137801,1730655727.4731665
24601.26872077808,26201.49716156688,1730655727.478612
24601.402831244806,26203.41941159003,1730655727.4821432
24612.981034872657,26198.457324320952,1730655727.4853358
24611.39406101633,26181.55940551274,1730655727.4892368
24646.195727133243,26215.310539640253,1730655727.4931946
24634.326950827475,26220.47379260943,1730655727.4984467
24642.59709627594,26174.093922864668,1730655727.5011845
24675.051829225045,26200.22311213292,1730655727.5053368
24587.656508404794,26229.503897369374,1730655727.5092113
24582.31444147997,26224.38534788911,1730655727.5132802
24602.63217718985,26219.467964108942,1730655727.517272
24605.87318013587,26213.29888263928,1730655727.521283
24599.972319599667,26193.741106240883,1730655727.5262768
24619.999482631625,26199.66431852154,1730655727.529316
24649.54848880153,26191.03654516179,1730655727.5322738
24644.9663811882,26213.88002799512,1730655727.537336
24606.163752813787,26207.442725591987,1730655727.543024
24626.72735771268,26193.40583007405,1730655727.5453043
24612.82457266147,26217.657472808063,1730655727.5492764
24598.340642254432,26209.49908608188,1730655727.5533085
24608.28716853704,26212.9859582169,1730655727.556335
24644.04995966553,26218.551542586272,1730655727.5606096
24642.68650325376,26180.106542123147,1730655727.565654
24626.39208154584,26198.25615862085,1730655727.5693302
24634.05872989401,26217.165734430044,1730655727.5736797
24598.22888353216,26209.70025178197,1730655727.5785615
24593.73618289664,26210.169638415533,1730655727.5803487
24608.756555170603,26201.631272033606,1730655727.5863588
24637.34443632894,26195.14926614157,1730655727.5893433
24625.877991423367,26217.255141407863,1730655727.5933883
24599.63704343284,26214.0364902063,1730655727.5974312
24609.96354937119,26205.22990289091,1730655727.6013856
24621.7652704436,26209.208513403955,1730655727.605418
24618.16663958629,26203.12883891211,1730655727.6084037
24612.802220917016,26196.020984175324,1730655727.6124763
24612.64575870583,26193.763457985337,1730655727.6164489
24636.87504969538,26205.207551146457,1730655727.6205325
24615.73029944066,26196.3339085977,1730655727.6254847
24630.750671714624,26204.469943579432,1730655727.6294992
24622.30171231052,26224.56416184475,1730655727.6335204
24599.055898077,26208.04622269228,1730655727.6374693
24599.4582294772,26190.61186201714,1730655727.6405735
24640.853660208424,26213.14242042809,1730655727.6444566
24621.228828576663,26227.469888623946,1730655727.6494887
24597.91595910978,26212.60597856116,1730655727.653527
24614.32213953997,26199.016117932337,1730655727.6575165
24639.713721241205,26199.731373754905,1730655727.6605215
24651.604849291427,26219.8926472536,1730655727.664486
24632.292942082044,26209.163809915044,1730655727.6685135
24616.62436921888,26200.066649921733,1730655727.6726007
24595.14434279732,26201.117181911133,1730655727.6765172
24622.815802433,26194.52341729682,1730655727.681543
24618.479564008663,26206.123972669124,1730655727.6865644
24606.834305147448,26202.480638322908,1730655727.6906006
24603.235674290143,26210.102583182168,1730655727.6935017
24615.17150582928,26210.28139713781,1730655727.6965697
24615.618540718384,26202.480638322908,1730655727.700541
24598.564159698984,26196.9821091869,1730655727.7046847
24629.141346113844,26205.69928952448,1730655727.7096112
24618.79248843104,26224.497106611387,1730655727.7135997
24605.96258711369,26211.175466916025,1730655727.7165878
24608.86831389288,26188.84607420517,1730655727.7206812
24617.74195644164,26206.213379646942,1730655727.7246227
24620.02183437608,26218.68565305301,1730655727.7287965
24639.9148869413,26219.69148155349,1730655727.7327902
24622.54758149953,26211.868370994136,1730655727.7378104
24603.86152313489,26218.52919084182,1730655727.7407284
24627.532020513063,26205.85575173566,1730655727.7436583
24637.389139817853,26197.876178965114,1730655727.748872
24630.99654090364,26205.36401335764,1730655727.7527552
24609.427107504263,26206.101620924663,1730655727.7568989
24608.15305807031,26203.732336012406,1730655727.760806
24615.037395362546,26198.390269087588,1730655727.7659411
24619.284226809054,26217.94804548598,1730655727.7687168
24604.085040579444,26216.85281000767,1730655727.77271
24607.057822592,26193.40583007405,1730655727.7767065
24623.575761744472,26194.858693463648,1730655727.780718
24615.93146514076,26237.66228409556,1730655727.784762
24608.935369126248,26231.38144390362,1730655727.788751
24605.739069669136,26206.392193602587,1730655727.7927248
24606.72254642517,26194.299899852267,1730655727.7968645
24617.33962504144,26203.57587380122,1730655727.7998545
24621.139421598844,26194.90339695256,1730655727.8048477
24616.266741307587,26204.84992323517,1730655727.808804
24606.61078770289,26212.5389233278,1730655727.81287
24611.706985438705,26185.023925903315,1730655727.816898
24631.8682589374,26212.00248146087,1730655727.8209088
24640.71954974169,26233.661321838063,1730655727.8248312
24621.027662876568,26214.43882160649,1730655727.8278449
24600.39700274432,26195.238673119387,1730655727.8329067
24607.147229569822,26164.84030066017,1730655727.8378117
24657.1704336608,26218.886818753104,1730655727.8408222
24655.29288712656,26264.61848790866,1730655727.8448637
24614.813877918,26224.38534788911,1730655727.8478825
24568.501063406595,26205.5875308022,1730655727.851895
24606.543732469527,26214.595283817685,1730655727.8559632
24619.57479948697,26205.05108893527,1730655727.8598108
24604.59913070192,26192.04237366228,1730655727.8648963
24613.71864243968,26215.80227801828,1730655727.8688433
24611.103488338413,26223.938313,1730655727.8728473
24607.281340036552,26221.189048432,1730655727.8758235
24610.14236332683,26194.09873415217,1730655727.8799005
24632.1141281264,26189.740143983385,1730655727.883813
24628.44844203573,26218.2386181639,1730655727.8878489
24605.38144175785,26226.8440397792,1730655727.8928485
24605.113220824387,26204.93933021299,1730655727.8970592
24604.26385453509,26206.36984185813,1730655727.9008408
24608.80125865952,26215.04231870679,1730655727.905023
24600.57581669996,26191.349469584165,1730655727.9079025
24617.071404107977,26178.89954792256,1730655727.9119596
24627.979055402167,26222.6419118216,1730655727.9159312
24621.29588381003,26226.91109501256,1730655727.9209
24613.24925580612,26209.49908608188,1730655727.9250586
24607.951892370213,26194.925748697013,1730655727.9289742
24614.947988384723,26198.56908304323,1730655727.9321957
24611.63993020534,26206.772173258327,1730655727.9359865
24619.50774425361,26197.76442024284,1730655727.9399755
24638.327913084977,26220.585551331707,1730655727.9440153
24642.127709642376,26240.56801087475,1730655727.9480412
24632.7623287156,26216.785754774304,1730655727.9529698
24578.760514111586,26217.50101059688,1730655727.9559538
24583.72260138066,26218.037452463803,1730655727.9600043
24599.81585738848,26217.255141407863,1730655727.96404
24602.56512195648,26207.107449425155,1730655727.9679852
24608.82361040397,26191.19300737297,1730655727.9720063
24610.120011582378,26201.51951331133,1730655727.975989
24605.82847664696,26210.482562837908,1730655727.9811172
24600.15113355531,26203.39705984557,1730655727.9840074
24613.83040116196,26202.92767321201,1730655727.98823
24613.53982848404,26217.612769319152,1730655727.9930212
24600.82168588897,26236.63410385061,1730655727.997168
24610.45528774921,26226.598170590183,1730655728.0001607
24613.7633459286,26188.15317012705,1730655728.0042377
24610.030604604555,26185.582719514696,1730655728.0090575
24603.839171390435,26196.289205108787,1730655728.0120354
24605.292034780032,26213.03066170581,1730655728.0160687
24609.85179064892,26207.97916745892,1730655728.0201037
24611.81874416098,26208.69442328148,1730655728.0241237
24611.483467994152,26198.300862109765,1730655728.0282328
24631.063596137,26186.94617592647,1730655728.0322402
24628.89547692484,26232.253161937377,1730655728.0372884
24613.49512499513,26234.868316038646,1730655728.040073
24638.439671807253,26204.64875753508,1730655728.04418
24646.374541088884,26215.064670451247,1730655728.0483088
24596.41839223128,26232.38727240411,1730655728.0521083
24571.71971460816,26222.93248449952,1730655728.0561163
24593.49031370763,26198.36791734313,1730655728.0603492
24597.290110265032,26194.74693474137,1730655728.0643196
24602.58747370094,26204.157019157057,1730655728.06724
24606.25315979161,26203.59822554568,1730655728.0711389
24630.035415892056,26186.72265848192,1730655728.0761404
24660.322029629,26193.741106240883,1730655728.0803113
24649.45908182372,26236.67880733953,1730655728.084164
24572.01028728608,26230.375615403133,1730655728.088195
24573.93253730924,26220.518496098342,1730655728.0921428
24593.803238130004,26210.348452371178,1730655728.0951529
24602.81099114549,26211.51074308285,1730655728.099411
24599.547636455016,26206.4368970915,1730655728.1043382
24597.781848643048,26198.54673129877,1730655728.1083622
24599.9052643663,26203.017080189835,1730655728.112367
24597.513627709584,26212.80714426126,1730655728.1162243
24610.52234298257,26205.743993013384,1730655728.1201837
24644.87697421038,26202.74885925637,1730655728.1234505
24614.031566862057,26206.05691743576,1730655728.1274495
24617.54079074154,26215.109373940155,1730655728.132346
24599.36882249937,26210.080231437714,1730655728.1364515
24586.2036450152,26206.168676158035,1730655728.140471
24595.300805008508,26204.93933021299,1730655728.1433148
24602.743935912127,26201.363051100143,1730655728.1472957
24605.42614524676,26201.60892028916,1730655728.151317
24609.225941804165,26206.59335930269,1730655728.155464
24604.82264814647,26206.92863546952,1730655728.160396
24603.615653945883,26203.531170312308,1730655728.1642816
24599.86056087739,26203.77703950132,1730655728.1683235
24606.32021502497,26207.107449425155,1730655728.1733527
24609.47181099317,26207.88976048109,1730655728.175334
24631.39887230383,26171.724637952404,1730655728.1795914
24662.98188721918,26211.4883913384,1730655728.1859398
24623.55341000002,26289.183055065045,1730655728.1874616
24579.29695597851,26242.490260897903,1730655728.1923332
24582.87323509136,26194.25519636336,1730655728.1965084
24590.87515960636,26196.356260342152,1730655728.1994607
24598.8547323769,26210.95194947147,1730655728.2034843
24599.994671344124,26196.57977778671,1730655728.207518
24599.72645041066,26188.1308183826,1730655728.212964
24603.01215684559,26197.49619930937,1730655728.2167425
24603.81681964598,26198.680841765505,1730655728.221038
24606.387270258343,26200.580740044206,1730655728.2244146
24606.63313944735,26204.35818485716,1730655728.227382
24603.928578368257,26204.04526043478,1730655728.2315211
24605.53790396904,26203.531170312308,1730655728.235418
24605.06851733548,26210.214341904444,1730655728.2417643
24603.6603574348,26207.353318614165,1730655728.2451234
24603.414488245784,26202.63710053409,1730655728.2484324
24605.02381384657,26203.262949378844,1730655728.252822
24605.113220824387,26216.69634779648,1730655728.2554216
24600.28524402204,26204.76051625735,1730655728.2597556
24595.300805008508,26182.922861924515,1730655728.2644372
24605.53790396904,26188.779018971803,1730655728.2674067
24625.296846067533,26226.12878395662,1730655728.2714796
24614.05391860651,26248.413473178563,1730655728.276543
24591.07632530645,26200.7372022554,1730655728.2799048
24603.19097080123,26192.22118761792,1730655728.2831929
24613.83040116196,26201.20658888896,1730655728.2875035
24626.146212356834,26208.62736804812,1730655728.2914758
24627.330854812964,26199.731373754905,1730655728.29608
24596.7089649092,26198.65849002105,1730655728.2994716
24583.052049047,26175.971469398915,1730655728.3035843
24637.74676772914,26190.05306840576,1730655728.3075435
24640.384273574866,26251.20744123548,1730655728.3108149
24609.76238367109,26228.81099329126,1730655728.3161392
24624.82745943397,26224.1394787001,1730655728.319585
24599.547636455016,26255.610734893173,1730655728.3235075
24560.61089761387,26241.663246353062,1730655728.3276005
24582.180331013245,26182.85580669115,1730655728.3317432
24614.366843028885,26181.268832834823,1730655728.3358583
24606.901360380813,26222.91013275506,1730655728.338586
24598.273587021064,26223.692443811,1730655728.343599
24589.91403459478,26199.61961503263,1730655728.3476171
24601.313424266988,26192.08707715119,1730655728.3516316
24599.882912621848,26200.80425748876,1730655728.355706
24605.1579243133,26199.37374584362,1730655728.358605
24598.966491099178,26204.35818485716,1730655728.3626592
24606.096697580422,26200.603091788664,1730655728.3666496
24616.73612794115,26203.12883891211,1730655728.3706543
24604.26385453509,26208.001519203368,1730655728.3756273
24604.7108894242,26209.052051192768,1730655728.3796785
24600.9557963557,26205.49812382437,1730655728.3836544
24610.120011582378,26199.88783596609,1730655728.3867233
24601.983976600644,26206.0345656913,1730655728.3906596
24609.53886622654,26213.835324506203,1730655728.3946848
24609.58356971545,26215.377594873626,1730655728.3996885
24612.42224126128,26204.38053660161,1730655728.4047787
24607.9071888813,26193.47288530742,1730655728.4077687
24608.1083545814,26197.3844405871,1730655728.4117997
24603.21332254569,26228.18514444651,1730655728.4148076
24593.71383115218,26234.33187417172,1730655728.418753
24598.094773065422,26209.90141748207,1730655728.422796
24609.85179064892,26210.75078377137,1730655728.426811
24601.693403922727,26213.70121403948,1730655728.431832
24598.31829050997,26214.2376559064,1730655728.4358196
24605.38144175785,26212.44951634997,1730655728.439823
24600.9557963557,26188.57785327171,1730655728.4427395
24633.119956626888,26190.6342137616,1730655728.4469235
24633.119956626888,26226.73228105692,1730655728.450797
24588.43881946073,26233.75072881588,1730655728.4548156
24577.91114782228,26207.152152914063,1730655728.4587536
24589.891682850324,26197.65266152056,1730655728.463883
24600.06172657749,26195.57394928622,1730655728.467883
24601.402831244806,26203.464115078943,1730655728.47083
24613.405718017308,26192.310594595743,1730655728.4749167
24604.64383419083,26182.2299578464,1730655728.478963
24619.15011634232,26196.892702209083,1730655728.4829578
24624.380424544863,26243.60784812067,1730655728.4880276
24592.01509857357,26241.37267367514,1730655728.4919133
24606.901360380813,26208.873237237127,1730655728.4950588
24624.000444889123,26190.6342137616,1730655728.4989333
24597.62538643186,26191.975318428915,1730655728.5029075
24583.36497346937,26212.918902983536,1730655728.506996
24586.22599675965,26212.47186809443,1730655728.5108728
24600.642871933327,26211.086059938203,1730655728.5150092
24601.17931380025,26214.93055998452,1730655728.5200016
24590.539883439527,26196.75859174235,1730655728.5230567
24585.57779617045,26176.84318743267,1730655728.5270388
24609.024776104063,26173.40101878656,1730655728.5310075
24646.95568644472,26218.059804208257,1730655728.535
24615.618540718384,26258.80703435028,1730655728.53906
24587.34358398242,26227.55929560176,1730655728.5429077
24589.26583400557,26199.75372549936,1730655728.548113
24587.500046193607,26195.417487075032,1730655728.5509367
24591.29984275101,26196.222149875422,1730655728.5551302
24599.41352598829,26203.4864668234,1730655728.558942
24604.934406868742,26205.5875308022,1730655728.5631824
24603.034508590044,26206.0345656913,1730655728.5669456
24606.70019468072,26226.061728723256,1730655728.571087
24610.231770304654,26237.66228409556,1730655728.575162
24592.1045055514,26210.169638415533,1730655728.5782115
24601.000499844613,26203.19589414548,1730655728.5822172
24600.642871933327,26193.7858097298,1730655728.5871265
24598.4076974878,26201.005423188857,1730655728.591033
24596.26193002009,26201.51951331133,1730655728.5953355
24596.41839223128,26201.05012667777,1730655728.5996237
24603.07921207896,26184.08515263619,1730655728.6031587
24628.224924591177,26207.554484314263,1730655728.6063025
24616.445555263228,26231.0908712257,1730655728.6112049
24592.082153806943,26213.70121403948,1730655728.6153257
24598.58651144344,26209.834362248705,1730655728.619312
24602.900398123315,26194.61282427464,1730655728.6232803
24614.50095349562,26209.119106426133,1730655728.627192
24593.44561021872,26216.3387198852,1730655728.6311705
24587.924729338258,26197.831475476203,1730655728.6340275
24602.29690102302,26197.54090279829,1730655728.638254
24607.52720922556,26214.95291172897,1730655728.6430852
24593.71383115218,26210.28139713781,1730655728.6473072
24596.507799209096,26207.37567035862,1730655728.651134
24601.045203333524,26219.78088853132,1730655728.6542957
24607.66131969229,26213.03066170581,1730655728.6583805
24601.559293456,26207.442725591987,1730655728.662302
24597.67008992077,26202.860617978647,1730655728.6662395
24610.745860427127,26199.75372549936,1730655728.6702428
24628.89547692484,26204.157019157057,1730655728.6751916
24636.562125273005,26197.719716753927,1730655728.6792803
24618.77013668658,26220.47379260943,1730655728.682309
24589.24348226112,26237.68463584001,1730655728.6863005
24577.128836766344,26228.60982759116,1730655728.6902535
24576.21241524368,26206.392193602587,1730655728.6943784
24579.229900745144,26204.894626724083,1730655728.698388
24593.087982307432,26201.743030755883,1730655728.7033572
24600.06172657749,26198.90435921006,1730655728.7073703
24600.933444611248,26199.39609758808,1730655728.7113044
24592.596243929416,26188.15317012705,1730655728.7144144
24610.656453449305,26176.06087637673,1730655728.7183044
24629.789546703047,26245.70891209947,1730655728.7223454
24600.084078321943,26264.886708842125,1730655728.7263093
24614.92563664027,26206.213379646942,1730655728.7313228
24612.735165683647,26171.836396674684,1730655728.7353206
24598.608863187896,26201.161885400044,1730655728.7383246
24581.845054846413,26214.43882160649,1730655728.742178
24584.3037467365,26203.866446479136,1730655728.7464166
24592.93152009625,26203.30765286776,1730655728.7501996
24597.781848643048,26197.026812675813,1730655728.754482
24601.693403922727,26198.725545254416,1730655728.7592905
24605.224979546667,26204.268777879333,1730655728.7625573
24613.740994184136,26212.874199494625,1730655728.7665365
24610.120011582378,26230.308560169764,1730655728.770566
24596.932482353743,26210.57196981573,1730655728.7745347
24603.19097080123,26202.435934834,1730655728.7785475
24617.74195644164,26195.685708008496,1730655728.782528
24611.37170927188,26211.98012971641,1730655728.787537
24595.45726721969,26222.6419118216,1730655728.7905807
24601.849866133914,26221.747842043384,1730655728.7934897
24613.740994184136,26211.95777797196,1730655728.7984772
24610.49999123812,26213.70121403948,1730655728.8035505
24580.81687460147,26231.314388670253,1730655728.8075745
24579.453418189696,26202.793562745283,1730655728.8125155
24618.25604656411,26208.44855409248,1730655728.8155196
24613.20455231721,26221.256103665368,1730655728.8184483
24596.99953758711,26201.005423188857,1730655728.822525
24609.002424359613,26192.981146929404,1730655728.8264449
24608.667148192784,26195.19396963048,1730655728.830696
24599.279415521552,26205.341661613187,1730655728.8343613
24606.58843595844,26207.62153954763,1730655728.8385775
24586.98595607113,26193.249367862867,1730655728.8423743
24627.934351913256,26205.833399991203,1730655728.8456392
24645.458119566218,26250.29101971281,1730655728.8495612
24592.3056712515,26223.96066474446,1730655728.8545392
24594.78671488604,26203.4864668234,1730655728.858601
24575.85478733239,26206.101620924663,1730655728.8625288
24584.594319414417,26203.37470810112,1730655728.8665175
24593.49031370763,26203.95585345696,1730655728.8706985
24609.40475575981,26215.48935359589,1730655728.8736312
24618.39015703084,26220.89847575408,1730655728.877522
24598.4076974878,26209.32027212623,1730655728.8825371
24607.884837136848,26219.110336197657,1730655728.886524
24602.16279055629,26223.53598159981,1730655728.8906956
24595.59137768643,26207.57683605872,1730655728.8947415
24603.682709179247,26211.04135644929,1730655728.897734
24590.606938672896,26193.741106240883,1730655728.9016263
24607.57191271448,26199.530208054806,1730655728.905717
24616.937293641247,26224.54181010029,1730655728.9107015
24593.624424174363,26193.27171960732,1730655728.9147005
24633.09760488244,26184.37572531411,1730655728.918806
24630.92948567027,26225.14530720059,1730655728.9225683
24590.852807861906,26230.308560169764,1730655728.9255302
24601.000499844613,26215.48935359589,1730655728.9298053
24607.214284803187,26214.975263473425,1730655728.9335418
24607.77307841457,26210.169638415533,1730655728.937746
24594.09381080792,26207.062745936248,1730655728.9425192
24600.28524402204,26212.9859582169,1730655728.9468074
24600.5087614666,26216.405775118565,1730655728.9505908
24592.3056712515,26196.71388825344,1730655728.9536235
24596.910130609293,26186.09680963717,1730655728.9577596
24624.20161058922,26209.49908608188,1730655728.9616685
24617.20551457471,26234.75655731637,1730655728.9657454
24596.172523042267,26224.65356882257,1730655728.9707112
24598.36299399889,26213.164772172546,1730655728.9748216
24608.15305807031,26192.7352777404,1730655728.977821
24604.755592913105,26189.60603351665,1730655728.9817948
24610.29882553802,26200.35722259965,1730655728.985678
24622.88285766636,26210.90724598256,1730655728.989698
24629.230753091662,26214.41646986204,1730655728.9938111
24611.528171483063,26214.52822858432,1730655728.9986217
24579.498121678607,26214.170600673035,1730655729.0028448
24592.842113118422,26204.82757149072,1730655729.0058408
24607.504857481108,26214.81880126224,1730655729.0098035
24599.949967855213,26208.828533748216,1730655729.013893
24599.793505644026,26197.54090279829,1730655729.0177052
24609.67297669328,26183.50400728036,1730655729.0218835
24654.71174177072,26202.8382662342,1730655729.0256827
24643.96055268772,26247.76527258936,1730655729.0307834
24592.640947418327,26242.26674345336,1730655729.0336845
24595.77019164207,26218.395080375085,1730655729.0378544
24595.703136408705,26199.2843388658,1730655729.0418165
24590.29401425052,26193.85286496316,1730655729.045903
24584.996650814614,26201.67597552252,1730655729.0498269
24599.36882249937,26197.876178965114,1730655729.054946
24605.06851733548,26197.451495820464,1730655729.0579205
24604.755592913105,26216.38342337411,1730655729.0608146
24606.744898169625,26214.327062884226,1730655729.0659516
24601.134610311343,26209.70025178197,1730655729.0698547
24601.134610311343,26214.48352509541,1730655729.07397
24624.894514667336,26225.50293511188,1730655729.0779448
24654.823500492992,26217.657472808063,1730655729.0830095
24615.37267152937,26238.82457480724,1730655729.086012
24575.497159421106,26204.76051625735,1730655729.0890095
24599.30176726601,26189.3825160721,1730655729.0937831
24608.35422377041,26205.69928952448,1730655729.09807
24606.47667723616,26208.85088549267,1730655729.1020088
24598.07242132097,26201.72067901143,1730655729.1060915
24594.40673523029,26203.911149968048,1730655729.109804
24601.71575566718,26205.43106859101,1730655729.1143858
24602.49806672312,26199.91018771055,1730655729.1168263
24609.181238315254,26207.509780825352,1730655729.1223876
24606.566084213984,26215.377594873626,1730655729.125854
24607.616616203384,26218.417432119542,1730655729.1298995
24607.63896794784,26208.3367953702,1730655729.1338496
24610.83526740495,26190.075420150213,1730655729.1380963
24632.315293826498,26197.76442024284,1730655729.1418693
24597.290110265032,26231.180278203523,1730655729.145036
24609.985901115644,26233.88483928261,1730655729.1490233
24615.57383722948,26216.04814720728,1730655729.15407
24599.16765679928,26188.84607420517,1730655729.1580756
24610.56704647148,26199.32904235471,1730655729.1621044
24621.944084399234,26207.75565001436,1730655729.165109
24627.934351913256,26201.67597552252,1730655729.169165
24615.886761651847,26234.33187417172,1730655729.17315
24589.19877877221,26233.437804393507,1730655729.1771865
24611.885799394346,26212.9859582169,1730655729.1821425
24620.26770356509,26203.240597634387,1730655729.186144
24595.39021198633,26203.33000461221,1730655729.1900785
24587.455342704696,26196.110391153143,1730655729.1930516
24607.281340036552,26183.816931702728,1730655729.1971776
24628.582552502463,26217.67982455252,1730655729.201038
24611.21524706069,26240.411548663564,1730655729.2050235
24598.541807954527,26230.576781103227,1730655729.2101192
24592.23861601813,26219.356205386663,1730655729.2141416
24591.36689798437,26205.65458603556,1730655729.2179463
24600.86638937788,26182.31936482422,1730655729.2210069
24613.47277325068,26212.293054138787,1730655729.2250652
24607.057822592,26217.32219664123,1730655729.2291942
24608.242465048133,26213.097716939177,1730655729.2332036
24610.14236332683,26198.010289431848,1730655729.2382624
24621.96643614369,26196.9821091869,1730655729.2420554
24625.118032111888,26198.680841765505,1730655729.2462077
24599.122953310365,26210.393155860085,1730655729.249194
24611.19289531623,26212.04718494978,1730655729.2530875
24611.706985438705,26210.013176204346,1730655729.2572289
24608.77890691506,26206.772173258327,1730655729.2611966
24606.52138072508,26201.34069935569,1730655729.2660575
24612.042261605533,26192.064725406733,1730655729.2712145
24611.237598805143,26213.455344850463,1730655729.2742271
24620.20064833172,26220.38438563161,1730655729.2772875
24611.483467994152,26222.016062976847,1730655729.2823317
24607.30369178101,26225.301769411777,1730655729.2862709
24599.9052643663,26209.56614131524,1730655729.2892475
24607.72837492566,26195.43983881949,1730655729.2931345
24611.706985438705,26204.872274979625,1730655729.2972713
24610.34352902693,26238.690464340507,1730655729.3010862
24598.8547323769,26210.12493492662,1730655729.3053176
24607.884837136848,26189.270757349823,1730655729.3101835
24622.4134710328,26225.32412115623,1730655729.31339
24613.20455231721,26232.655493337574,1730655729.317165
24612.086965094444,26211.75661227186,1730655729.3212645
24603.503895223606,26202.52534181182,1730655729.325164
24598.29593876552,26200.3348708552,1730655729.3293753
24610.030604604555,26207.24155989189,1730655729.333398
24608.980072615155,26206.70511802496,1730655729.3374028
24603.39213650133,26208.962644214946,1730655729.3413005
24603.414488245784,26198.122048154124,1730655729.3444188
24614.0092151176,26201.117181911133,1730655729.3491812
24627.55437225752,26211.823667505225,1730655729.3534057
24611.84109590544,26217.90334199707,1730655729.358353
24588.841150860924,26206.168676158035,1730655729.36154
24598.0053660876,26198.077344665213,1730655729.3655145
24606.52138072508,26205.65458603556,1730655729.3695805
24602.34160451193,26213.67886229501,1730655729.3725393
24605.224979546667,26216.964568729945,1730655729.377473
24604.15209581281,26188.84607420517,1730655729.3813472
24624.87216292288,26204.93933021299,1730655729.3866007
24622.70404371072,26234.19776370499,1730655729.389553
24615.77500292957,26204.894626724083,1730655729.393452
24610.81291566049,26210.057879693257,1730655729.3973808
24591.210435773188,26217.32219664123,1730655729.401536
24601.603996944905,26209.63319654861,1730655729.4056473
24615.283264551552,26200.960719699942,1730655729.4093697
24628.24727633563,26183.19108285798,1730655729.413551
24613.7633459286,26196.065687664235,1730655729.4173105
24621.161773343298,26251.587420891217,1730655729.4204488
24593.19974102971,26242.020874264348,1730655729.4251008
24588.37176422736,26194.925748697013,1730655729.4285555
24592.21626427368,26171.054085618747,1730655729.4324968
24619.84302042044,26198.79260048778,1730655729.4375508
24611.930502883257,26218.75270828637,1730655729.441566
24596.731316653648,26207.509780825352,1730655729.4454768
24601.827514389457,26208.381498859108,1730655729.448485
24598.49710446562,26206.503952324863,1730655729.4525092
24601.91692136728,26201.98889994489,1730655729.4565203
24604.040337090533,26205.29695812428,1730655729.461419
24615.37267152937,26199.351394099165,1730655729.4653802
24624.78275594506,26198.4349725765,1730655729.4694092
24618.0101773751,26225.3911763896,1730655729.4737656
24590.785752628537,26230.017987491847,1730655729.4764707
24589.91403459478,26206.48160058041,1730655729.4809897
24601.022851589067,26191.79650447327,1730655729.484471
24595.837246875435,26189.69544049448,1730655729.4884431
24599.48058122165,26190.54480678377,1730655729.495598
24618.233694819653,26208.85088549267,1730655729.4975555
24615.73029944066,26216.04814720728,1730655729.500462
24609.58356971545,26206.392193602587,1730655729.5046158
24607.57191271448,26200.55838829976,1730655729.510969
24606.387270258343,26211.533094827308,1730655729.5133865
24610.25412204911,26191.729449239905,1730655729.5165236
24610.857619149403,26201.58656854469,1730655729.521516
24608.48833423714,26230.2415049364,1730655729.525515
24602.22984578965,26213.365937872644,1730655729.5285673
24609.58356971545,26196.400963831064,1730655729.5325372
24607.840133647936,26199.75372549936,1730655729.5365264
24593.22209277417,26209.67790003752,1730655729.5405023
24603.950930112715,26193.51758879633,1730655729.544589
24619.306578553507,26206.86158023615,1730655729.5485497
24608.35422377041,26214.260007650853,1730655729.553557
24608.28716853704,26196.155094642058,1730655729.5565493
24605.403793502308,26210.482562837908,1730655729.5605066
24611.39406101633,26216.562237329752,1730655729.5645576
24615.97616862967,26213.79062101729,1730655729.5686123
24604.62148244637,26207.75565001436,1730655729.5725925
24596.39604048682,26197.3844405871,1730655729.576625
24590.0034415726,26191.75180098436,1730655729.5815835
24601.87221787837,26205.162847657542,1730655729.584619
24608.3095202815,26225.03354847832,1730655729.5886323
24594.71965965267,26208.225036647924,1730655729.5926075
24601.045203333524,26183.86163519164,1730655729.5966256
24621.184125087755,26188.197873615965,1730655729.6006422
24616.82553491897,26207.33096686971,1730655729.6047056
24604.7108894242,26201.117181911133,1730655729.6096332
24605.67201443577,26210.79548726028,1730655729.6126437
24610.54469472703,26219.065632708745,1730655729.6166253
24609.29299703753,26222.86542926615,1730655729.620714
24621.69821521023,26210.75078377137,1730655729.6247652
24622.65934022181,26205.65458603556,1730655729.6287415
24593.937348596737,26229.72741481393,1730655729.6329036
24592.39507822932,26218.506839097365,1730655729.636906
24602.31925276748,26188.5331497828,1730655729.6397357
24605.940235369235,26184.129856125102,1730655729.6439395
24616.758479685603,26206.86158023615,1730655729.64881
24620.91590415429,26219.55737108676,1730655729.652804
24607.214284803187,26202.50299006736,1730655729.656773
24605.02381384657,26202.07830692271,1730655729.6607268
24605.26968303557,26199.150228399067,1730655729.6648183
24605.18027605776,26186.38738231509,1730655729.667719
24622.63698847735,26195.57394928622,1730655729.6717265
24629.141346113844,26209.253216892863,1730655729.6768112
24605.53790396904,26211.84601924968,1730655729.6807563
24593.57972068545,26205.85575173566,1730655729.6848369
24610.924674382768,26196.93740569799,1730655729.6889915
24634.0140264051,26211.37663261612,1730655729.692832
24618.859543664403,26225.368824645146,1730655729.6957655
24599.234712032645,26215.377594873626,1730655729.6998053
24596.798371887016,26201.966548200435,1730655729.7048929
24599.9052643663,26206.19102790249,1730655729.708753
24602.14043881183,26201.072478422226,1730655729.7128558
24615.35031978492,26195.39513533057,1730655729.7158687
24626.72735771268,26195.75276324186,1730655729.7198784
24610.097659837924,26222.61956007714,1730655729.7238317
24600.97814810016,26240.411548663564,1730655729.7278812
24586.136589781832,26210.28139713781,1730655729.732922
24602.96745335668,26191.438876561988,1730655729.7369113
24612.981034872657,26195.14926614157,1730655729.7409012
24612.62340696137,26209.85671399316,1730655729.7439425
24614.05391860651,26208.225036647924,1730655729.747808
24602.475714978664,26221.211400176457,1730655729.7518797
24601.73810741164,26226.061728723256,1730655729.755896
24631.577686259472,26200.580740044206,1730655729.7609172
24629.476622280672,26208.247388392378,1730655729.7648456
24614.54565698453,26204.291129623787,1730655729.7689843
24597.67008992077,26201.47480982242,1730655729.77201
24589.310537494486,26207.0850976807,1730655729.7759328
24594.138514296832,26205.274606379822,1730655729.7799587
24600.39700274432,26205.095792424177,1730655729.7838876
24603.749764412616,26204.08996392369,1730655729.7880185
24601.827514389457,26203.017080189835,1730655729.7928884
24608.62244470388,26182.34171656868,1730655729.7958438
24623.35224429992,26182.18525435749,1730655729.7999153
24631.4659275372,26229.90622876957,1730655729.8040297
24613.42806976176,26248.72639760093,1730655729.8080423
24606.096697580422,26223.46892636644,1730655729.8120525
24604.7108894242,26199.88783596609,1730655729.8160577
24609.67297669328,26194.411658574543,1730655729.8210676
24602.185142300743,26187.03558290429,1730655729.8241577
24597.46892422068,26181.51470202383,1730655729.8281589
24627.55437225752,26222.440746121498,1730655729.8321383
24601.045203333524,26241.03739750832,1730655729.837087
24592.32802299596,26208.157981414555,1730655729.8409266
24598.63121493235,26196.311556853245,1730655729.8440711
24601.73810741164,26193.361126585143,1730655729.8490925
24612.48929649464,26182.878158435604,1730655729.8521025
24643.55822128752,26195.0822109082,1730655729.85612
24620.42416577628,26243.92077254305,1730655729.8600988
24573.86548207587,26237.79639456229,1730655729.864113
24575.944194310214,26182.81110320224,1730655729.8680289
24595.032584075045,26190.2318823614,1730655729.872147
24603.6603574348,26197.876178965114,1730655729.8760903
24601.827514389457,26198.166751643035,1730655729.8801303
24607.214284803187,26191.10360039516,1730655729.8832104
24613.808049417505,26204.17937090151,1730655729.8882737
24606.186104558245,26221.81489727675,1730655729.8921132
24599.704098666203,26211.51074308285,1730655729.8961976
24597.290110265032,26201.363051100143,1730655729.9001267
24603.235674290143,26199.19493188797,1730655729.9042068
24616.15498258531,26206.123972669124,1730655729.907198
24619.37363378688,26226.419356634546,1730655729.9111736
24598.49710446562,26206.0345656913,1730655729.9163845
24591.746877640115,26167.58956522817,1730655729.9202209
24621.49704951013,26187.21439685993,1730655729.924365
24598.38534574334,26221.256103665368,1730655729.92821
24601.71575566718,26199.261987121343,1730655729.931154
24626.883819923856,26223.021891477336,1730655729.935351
24602.14043881183,26222.172525188034,1730655729.9393897
24585.28722349253,26201.13953365559,1730655729.94437
24590.182255528245,26182.721696224417,1730655729.9482985
24606.789601658536,26188.26492884933,1730655729.9524312
24616.020872118577,26217.299844896777,1730655729.9563963
24601.939273111737,26223.46892636644,1730655729.9593525
24600.46405797769,26203.19589414548,1730655729.9633572
24608.667148192784,26184.263966591832,1730655729.9672132
24608.39892725932,26185.806236959248,1730655729.971362
24608.06365109249,26220.00440597587,1730655729.97621
24596.038412575534,26235.33770267221,1730655729.980474
24594.183217785743,26232.253161937377,1730655729.9842248
24601.894569622826,26199.79842898827,1730655729.98755
24604.82264814647,26185.13568462559,1730655729.9915206
24602.43101148976,26191.550635284264,1730655729.9955928
24603.21332254569,26197.965585942937,1730655729.9995885
24602.654528934305,26205.274606379822,1730655730.0045545
24608.28716853704,26204.5369988128,1730655730.0083196
24614.50095349562,26189.89660619457,1730655730.0114672
24622.92756115527,26189.3825160721,1730655730.0154965
24607.996595859124,26209.56614131524,1730655730.0195124
24610.902322638314,26222.93248449952,1730655730.023471
24607.795430159025,26210.169638415533,1730655730.027423
24581.040392046023,26200.826609233216,1730655730.0324366
24582.44855194671,26184.755704969848,1730655730.036522
24592.03745031804,26181.872329935115,1730655730.039533
24626.77206120158,26218.90917049756,1730655730.0434976
24608.39892725932,26226.262894423355,1730655730.0475185
24590.62929041735,26208.04622269228,1730655730.051332
24596.39604048682,26203.642929034584,1730655730.0555172
24597.42422073176,26201.85478947816,1730655730.0606685
24603.43683999024,26194.2328446189,1730655730.0644965
24597.893607365324,26187.057934648747,1730655730.067424
24604.91205512429,26194.25519636336,1730655730.0714765
24625.073328622977,26211.57779831622,1730655730.07536
24615.216209318187,26210.28139713781,1730655730.0796175
24579.67693563425,26193.40583007405,1730655730.0855644
24590.539883439527,26187.95200442696,1730655730.0885873
24609.047127848524,26205.14049591309,1730655730.092364
24617.183162830253,26205.721641268927,1730655730.0954254
24603.86152313489,26197.876178965114,1730655730.0995755
24595.01023233059,26204.80521974626,1730655730.1035671
24602.16279055629,26210.080231437714,1730655730.107633
24604.82264814647,26206.36984185813,1730655730.1116369
24613.20455231721,26212.5389233278,1730655730.1164813
24604.48737197964,26210.19199015999,1730655730.119603
24592.372726484864,26198.70319350996,1730655730.122583
24600.01702308857,26195.66335626404,1730655730.1276476
24617.250218063626,26194.031678918804,1730655730.1316051
24607.72837492566,26182.766399713328,1730655730.1356025
24608.1083545814,26194.94810044147,1730655730.1395843
24629.3648635584,26235.33770267221,1730655730.1451523
24597.67008992077,26227.42518513503,1730655730.1478984
24589.131723538845,26203.70998426795,1730655730.1505363
24589.891682850324,26202.07830692271,1730655730.1560276
24594.742011397127,26201.631272033606,1730655730.159739
24598.8547323769,26200.960719699942,1730655730.164031
24593.087982307432,26201.67597552252,1730655730.1675315
24622.078194865968,26208.53796107029,1730655730.1717217
24623.93338965576,26217.27749315232,1730655730.1755023
24598.07242132097,26209.1861616595,1730655730.1786945
24591.38924972883,26193.45053356297,1730655730.1827292
24595.16669454178,26190.41069631704,1730655730.1877916
24594.09381080792,26190.74597248388,1730655730.1915512
24593.803238130004,26193.316423096232,1730655730.195777
24598.25123527661,26200.111353410644,1730655730.1997647
24614.947988384723,26202.011251689342,1730655730.2038257
24623.59811348893,26203.33000461221,1730655730.2068632
24600.240540533134,26218.61859781964,1730655730.2106884
24594.987880586134,26241.03739750832,1730655730.2157984
24600.3075957665,26223.223057177434,1730655730.219879
24597.938310854235,26192.75762948485,1730655730.2237802
24599.190008543734,26192.131780640106,1730655730.2278025
24591.36689798437,26187.59437651568,1730655730.2306647
24596.664261420283,26183.23578634689,1730655730.234624
24620.044186120533,26207.4874290809,1730655730.2388344
24615.86440990739,26217.09867919668,1730655730.2438188
24593.71383115218,26204.581702301708,1730655730.247815
24592.640947418327,26186.119161381623,1730655730.2518055
24608.5106859816,26185.33685032569,1730655730.2548084
24613.271607550578,26211.80131576077,1730655730.25868
24596.44074397573,26207.174504658524,1730655730.2628577
24593.043278818524,26197.116219653635,1730655730.2666578
24596.37368874237,26194.65752776355,1730655730.2718148
24598.29593876552,26198.54673129877,1730655730.2756853
24605.604959202406,26213.321234383733,1730655730.2799275
24603.19097080123,26207.219208147435,1730655730.2829185
24615.797354674025,26213.321234383733,1730655730.2868755
24593.24444451862,26217.56806583024,1730655730.291128
24590.29401425052,26204.08996392369,1730655730.294942
24598.832380632448,26199.172580143524,1730655730.2989087
24612.981034872657,26190.56715852823,1730655730.3038423
24616.40085177432,26192.51176029584,1730655730.3078468
24612.69046219474,26212.62833030562,1730655730.3106923
24587.58945317143,26210.57196981573,1730655730.3147588
24590.02579331705,26190.589510272686,1730655730.3190205
24593.17738928525,26196.199798130965,1730655730.322984
24597.983014343143,26214.6399873066,1730655730.326842
24597.62538643186,26217.50101059688,1730655730.3318832
24597.06659282048,26202.167713900533,1730655730.3349173
24600.15113355531,26192.131780640106,1730655730.3389812
24595.94900559771,26188.04141140477,1730655730.342914
24601.17931380025,26184.263966591832,1730655730.3469503
24623.59811348893,26203.68763252349,1730655730.3508017
24615.75265118512,26213.365937872644,1730655730.354947
24593.3562032409,26204.42524009052,1730655730.359822
24593.1550375408,26202.413583089543,1730655730.3629436
24597.42422073176,26194.635176019096,1730655730.3668191
24606.566084213984,26186.208568359445,1730655730.370998
24601.53694171154,26196.199798130965,1730655730.3748534
24607.840133647936,26245.32893244373,1730655730.3790233
24590.51753169508,26232.81195554876,1730655730.383067
24596.552502698007,26195.14926614157,1730655730.388054
24596.284281764543,26188.3319840827,1730655730.3909588
24595.993709086622,26195.37278358612,1730655730.3940282
24597.49127596513,26194.813989974737,1730655730.3991013
24598.8547323769,26182.65464099105,1730655730.4030757
24631.443575792742,26175.30091706525,1730655730.4071105
24646.12867189988,26203.464115078943,1730655730.4109905
24602.699232423216,26256.84008083821,1730655730.415141
24577.82174084445,26217.56806583024,1730655730.4179835
24589.511703194585,26193.98697542989,1730655730.42209
24592.41742997377,26196.020984175324,1730655730.4271033
24588.21530201617,26199.75372549936,1730655730.4310772
24597.17835154276,26198.99376618788,1730655730.4349127
24601.3581277559,26200.7372022554,1730655730.4391549
24598.45240097671,26201.51951331133,1730655730.443237
24597.290110265032,26202.882969723105,1730655730.4462173
24594.16086604129,26201.67597552252,1730655730.449936
24593.982052085645,26197.630309776105,1730655730.4551084
24595.14434279732,26191.46122830644,1730655730.45899
24603.59330220143,26211.75661227186,1730655730.4631505
24605.31438652449,26213.52240008383,1730655730.4669592
24602.63217718985,26192.40000157357,1730655730.4701605
24607.884837136848,26185.71682998143,1730655730.4742005
24627.44261353524,26208.605016303663,1730655730.478367
24608.756555170603,26226.8440397792,1730655730.4830215
24582.180331013245,26201.94419645598,1730655730.4871938
24592.73035439615,26190.00836491685,1730655730.49204
24595.47961896416,26193.89756845207,1730655730.4963267
24592.640947418327,26196.51272255334,1730655730.499261
24591.4563049622,26193.09290565168,1730655730.5022256
24594.27262476357,26195.261024863845,1730655730.5062232
24606.36491851389,26206.727469769416,1730655730.5102117
24607.281340036552,26205.14049591309,1730655730.5152128
24608.5106859816,26200.178408644013,1730655730.5192623
24611.036433105044,26195.909225453048,1730655730.522287
24608.242465048133,26193.070553907222,1730655730.5263624
24598.45240097671,26200.08900166619,1730655730.5300858
24606.87900863636,26196.311556853245,1730655730.534054
24608.9577208707,26199.66431852154,1730655730.5390484
24605.26968303557,26214.6399873066,1730655730.5431435
24589.936386339235,26210.90724598256,1730655730.5471551
24580.794522857013,26208.44855409248,1730655730.5502532
24585.71190663718,26205.3863651021,1730655730.5542352
24586.941252582223,26197.94323419848,1730655730.558087
24594.71965965267,26186.856768948648,1730655730.562491
24601.76045915609,26189.047239905267,1730655730.5668275
24602.52041846757,26198.56908304323,1730655730.5724545
24604.48737197964,26198.34556559868,1730655730.5753467
24601.26872077808,26197.272681864823,1730655730.578258
24607.884837136848,26192.22118761792,1730655730.5821164
24626.68265422376,26199.2843388658,1730655730.5861433
24599.838209132937,26197.60795803165,1730655730.5912333
24599.190008543734,26183.973393913915,1730655730.594386
24597.53597945404,26203.77703950132,1730655730.5997355
24609.896494137825,26211.39898436057,1730655730.6032531
24599.52528471056,26229.146269458088,1730655730.6061776
24586.24834850411,26207.66624303654,1730655730.610298
24588.57292992746,26186.16386487053,1730655730.6142943
24604.64383419083,26189.76249572784,1730655730.6183493
24607.147229569822,26199.0831731657,1730655730.622198
24601.089906822435,26198.83730397669,1730655730.6272776
24607.66131969229,26203.03943193429,1730655730.630242
24618.032529119555,26202.70415576746,1730655730.6332943
24604.733241168648,26199.19493188797,1730655730.638338
24589.48935145013,26182.900510180058,1730655730.6422873
24585.823665359458,26182.00644040185,1730655730.6463532
24623.82163093348,26208.44855409248,1730655730.6502848
24601.3581277559,26225.659397323063,1730655730.656302
24594.33967999693,26211.309577382755,1730655730.6594174
24606.96841561418,26205.81104824675,1730655730.6623557
24602.40865974529,26204.112315668142,1730655730.66635
24587.745915382617,26197.026812675813,1730655730.6703217
24590.62929041735,26193.65169926306,1730655730.6743252
24598.899435865813,26200.066649921733,1730655730.6783304
24592.41742997377,26192.690574251483,1730655730.6823213
24593.624424174363,26193.09290565168,1730655730.6862893
24598.340642254432,26198.122048154124,1730655730.689509
24598.51945621008,26195.261024863845,1730655730.694635
24602.654528934305,26197.65266152056,1730655730.6983447
24598.22888353216,26201.47480982242,1730655730.7023356
24597.603034687407,26197.56325454274,1730655730.706384
24596.44074397573,26192.578815529207,1730655730.7103767
24601.603996944905,26199.4855045659,1730655730.714336
24599.63704343284,26199.060821421244,1730655730.7174237
24595.054935819506,26192.89173995158,1730655730.7224064
24600.46405797769,26194.635176019096,1730655730.7264037
24605.604959202406,26200.983071444403,1730655730.730434
24605.224979546667,26203.57587380122,1730655730.7344325
24603.45919173469,26201.452458077965,1730655730.737428
24601.134610311343,26200.62544353312,1730655730.741393
24572.703191364195,26173.73629495338,1730655735.7597432
24566.15413023879,26168.975373384405,1730655735.7627752
24569.328077951443,26169.48946350688,1730655735.7667823
24573.12787450885,26168.59539372866,1730655735.7707317
24571.13856925232,26172.50694900834,1730655735.775834
24569.015153529068,26170.070608862712,1730655735.7798488
24569.95392679619,26169.444760017963,1730655735.7827396
24573.843130331414,26174.697419964963,1730655735.7878585
24570.803293085493,26170.964678640925,1730655735.7907574
24573.28433672004,26170.964678640925,1730655735.79485
24567.651697117293,26169.981201884893,1730655735.7993846
24567.71875235066,26165.13087333809,1730655735.8028817
24573.23963323112,26160.727579680395,1730655735.8067603
24588.41646771628,26167.50015825036,1730655735.8109877
24597.603034687407,26177.938422910986,1730655735.8138723
24588.05883980499,26170.495292007363,1730655735.8178604
24598.742973654626,26166.494329749865,1730655735.8218648
24613.025738361568,26169.60122222915,1730655735.8270235
24627.0626338795,26165.041466360268,1730655735.83084
24673.88953851337,26173.266908319823,1730655735.834996
24669.97798323369,26170.383533285087,1730655735.8389175
24560.409731913776,26177.245518832868,1730655735.8429675
24476.79185590647,26175.636193232083,1730655735.8460088
24538.639132814307,26135.403053212533,1730655735.8500352
24619.910075653803,26135.87243984609,1730655735.8549757
24592.752706140604,26226.93344675701,1730655735.8589635
24515.303911602965,26248.793452834303,1730655735.862959
24518.52256280453,26176.731428710395,1730655735.8669727
24471.092161070366,26091.995965480324,1730655735.8699586
24509.313644088943,26041.257505566777,1730655735.8738866
24643.155889887323,26128.205791497923,1730655735.877925
24663.58538431947,26227.827516535228,1730655735.8829298
24593.400906729807,26261.37748496264,1730655735.8868792
24520.176591894226,26208.984995959403,1730655735.8910253
24526.63624604181,26166.874309405604,1730655735.895121
24582.850883346902,26158.64886744605,1730655735.898007
24543.355350894377,26205.922806969025,1730655735.901934
24486.067829855423,26191.61769051763,1730655735.9058888
24545.63522882881,26116.31466344769,1730655735.9099555
24620.088889609444,26082.563529320185,1730655735.9149308
24699.23641672569,26195.104562652657,1730655735.9189863
24634.88574443886,26182.40877180204,1730655735.9219513
24615.95381688521,26039.447014265897,1730655735.9260051
24723.823335626526,26164.70619019344,1730655735.9299817
24654.55527955953,26252.92852555853,1730655735.9340832
24453.7248556286,26232.92371427104,1730655735.9380677
24600.084078321943,26130.55272466573,1730655735.943011
24826.417842676383,26106.412840654,1730655735.9470356
24718.66008265735,26191.081248650706,1730655735.9500723
24448.20397474813,26245.194821977,1730655735.9541657
24402.807581759404,26212.024833205323,1730655735.9581969
24571.742066352614,26091.30306140221,1730655735.9620676
24736.653236943872,26183.012268902337,1730655735.9661329
24522.121193661835,26241.90911554207,1730655735.971077
24365.547223752408,26123.10959376212,1730655735.975142
24492.46042876964,26169.46711176242,1730655735.9781008
24598.67591842126,26176.23969033238,1730655735.982066
24628.06846237999,26168.885966406586,1730655735.9861207
24650.330799857475,26271.43576996753,1730655735.990031
24539.220278170145,26216.785754774304,1730655735.9942646
24582.470903691163,26140.61100967061,1730655735.9990568
24582.51560718008,26090.14077069053,1730655736.003165
24540.963714237656,26181.84997819066,1730655736.006185
24538.706188047672,26227.313426412755,1730655736.0101893
24579.408714700785,26186.834417204194,1730655736.01421
24511.54881853448,26193.09290565168,1730655736.0183845
24516.17562963672,26172.685762963985,1730655736.0222511
24581.308612979486,26196.199798130965,1730655736.0272384
24568.61282212887,26207.37567035862,1730655736.0302603
24544.517641606053,26115.01826226929,1730655736.0333922
24571.13856925232,26059.00479066429,1730655736.038396
24597.603034687407,26259.20936575048,1730655736.0423772
24484.23498681009,26224.787679289304,1730655736.046343
24507.6372632548,26179.45834153394,1730655736.050357
24599.9052643663,26163.566251226217,1730655736.0553906
24679.14219846037,26150.401073742043,1730655736.058249
24656.432826093773,26221.121993198634,1730655736.0613964
24560.63324935833,26249.508708656875,1730655736.06642
24515.303911602965,26183.61576600263,1730655736.070383
24495.07558287091,26130.083338032167,1730655736.0742188
24531.106594932862,26165.644963460563,1730655736.0784123
24527.887943731304,26138.532297436275,1730655736.0822473
24524.98221695212,26153.284448776776,1730655736.0863683
24544.69645556169,26204.469943579432,1730655736.0894191
24585.66720314827,26201.005423188857,1730655736.0943112
24630.12482286988,26188.488446293886,1730655736.0982845
24594.831418374943,26225.77115604534,1730655736.1023924
24502.116382374334,26218.350376886177,1730655736.106304
24476.05424833945,26246.8935545556,1730655736.1103632
24510.23006561161,26207.59918780317,1730655736.1145308
24594.67495616376,26175.882062421093,1730655736.117501
24582.62736590235,26133.346692722644,1730655736.12157
24537.655656058272,26171.769341441315,1730655736.1265657
24510.3865278228,26206.57100755823,1730655736.1305714
24558.442778401703,26177.46903627742,1730655736.1345956
24589.332889238944,26156.99483835636,1730655736.1375763
24602.945101612226,26142.15328003804,1730655736.1414
24593.423258474264,26191.41652481753,1730655736.1454363
24515.37096683633,26208.157981414555,1730655736.150623
24465.01248657853,26138.867573603104,1730655736.1546063
24561.01322901407,26167.723675694902,1730655736.1583753
24542.796557283,26183.481655535896,1730655736.162384
24524.959865207657,26190.2318823614,1730655736.1654096
24537.923876991736,26219.73618504241,1730655736.1695695
24519.394280838285,26190.34364108368,1730655736.1733613
24605.046165591026,26187.66143174904,1730655736.1775784
24580.749819368106,26247.921734800548,1730655736.1823907
24508.30781558845,26277.068409570267,1730655736.1865847
24481.55277747545,26251.81093833577,1730655736.1904037
24522.054138428462,26155.050236588748,1730655736.193617
24612.39988951682,26136.99002706886,1730655736.1976533
24613.271607550578,26167.880137906093,1730655736.20145
24558.62159235735,26238.17637421804,1730655736.2054307
24472.2768035265,26215.824629762727,1730655736.2096195
24492.281614814,26132.89965783353,1730655736.2144988
24581.28626123504,26136.56534392421,1730655736.2176323
24594.943177097222,26194.09873415217,1730655736.2216196
24541.54485959349,26257.734150616427,1730655736.2255998
24501.110553873845,26265.4007989646,1730655736.229646
24558.15220572379,26193.025850418315,1730655736.2336693
24542.841260771904,26138.152317780536,1730655736.2376585
24529.653731543272,26149.417596986008,1730655736.24372
24547.199850940688,26242.0432260088,1730655736.246662
24514.78982148049,26179.10071362265,1730655736.2506137
24522.545876806485,26203.70998426795,1730655736.2536085
24555.11236847787,26202.72650751192,1730655736.257558
24547.2445544296,26157.3748180121,1730655736.261538
24548.83152828593,26153.575021454697,1730655736.26553
24563.53897613752,26192.981146929404,1730655736.270574
24559.605069113382,26299.934244148048,1730655736.2735577
24548.71976956365,26332.09840441924,1730655736.277638
24489.64410896828,26207.62153954763,1730655736.2815468
24538.259153158564,26168.282469306287,1730655736.28569
24542.28246716052,26217.433955363507,1730655736.2902544
24531.508926333063,26163.923879137503,1730655736.29363
24562.28727844802,26150.08814931967,1730655736.298561
24604.755592913105,26213.94708322848,1730655736.3016777
24568.2998977065,26239.76334807436,1730655736.3058107
24561.326153436443,26261.53394717383,1730655736.3096175
24604.91205512429,26244.211345220967,1730655736.3136756
24547.37866489633,26219.289150153298,1730655736.3176775
24545.81404278446,26166.65079196105,1730655736.3217137
24582.29208973552,26185.247443347867,1730655736.3257933
24471.539195959474,26188.823722460715,1730655736.3287585
24436.983399031567,26203.97820520141,1730655736.3327348
24491.34284154688,26164.482672748887,1730655736.3377552
24589.82462761696,26143.427329471982,1730655736.3417275
24585.309575236988,26200.84896097767,1730655736.3458612
24538.68383630321,26208.157981414555,1730655736.3497508
24546.149318951288,26190.41069631704,1730655736.3537266
24481.26220479753,26214.99761521788,1730655736.3566906
24473.23792853808,26191.03654516179,1730655736.3617957
24519.23781862709,26180.26300433433,1730655736.36566
24549.546784108494,26243.0937579982,1730655736.3698158
24565.9976680276,26184.50983578084,1730655736.3737607
24537.588600824907,26184.867463692128,1730655736.37779
24549.32326666394,26149.775224897294,1730655736.3816962
24602.654528934305,26170.69645770746,1730655736.38475
24568.72458085115,26184.934518925493,1730655736.388739
24569.551595395995,26195.79746673077,1730655736.393919
24538.88500200332,26251.76623484686,1730655736.3979216
24480.569300719417,26206.59335930269,1730655736.4018097
24545.9481532512,26159.05119884625,1730655736.4057877
24557.548708623497,26135.76068112381,1730655736.409926
24534.302894389977,26171.70228620795,1730655736.4128404
24531.62068505534,26220.071461209234,1730655736.4169116
24578.96167981168,26246.37946443313,1730655736.4219196
24485.576091477407,26242.80318532028,1730655736.4258156
24468.54406220246,26156.23487904488,1730655736.4298184
24525.67512103023,26129.815117098704,1730655736.4328303
24534.86168800136,26181.31353632373,1730655736.4368095
24564.701266849195,26192.198835873467,1730655736.4408052
24593.44561021872,26186.812065459737,1730655736.4448805
24525.80923149696,26209.208513403955,1730655736.4499652
24497.780143950004,26201.85478947816,1730655736.4539113
24518.835487226905,26210.46021109345,1730655736.4578445
24545.299952661982,26235.8964962836,1730655736.4608831
24529.340807120898,26192.89173995158,1730655736.4648335
24547.8927550188,26159.11825407961,1730655736.4690444
24538.169746180745,26199.2843388658,1730655736.4728985
24542.3942258828,26189.31546083873,1730655736.4769473
24531.128946677323,26157.665390690017,1730655736.4818785
24532.559458322463,26133.056120044723,1730655736.4861286
24584.884892092337,26197.89853070957,1730655736.4890363
24601.805162645003,26209.56614131524,1730655736.4940605
24547.84805152989,26202.435934834,1730655736.4979444
24470.42160873671,26228.453365379974,1730655736.501044
24496.10376311585,26193.29407135178,1730655736.5051434
24515.773298236527,26166.471978005407,1730655736.5101445
24566.310592449976,26173.31161180873,1730655736.5129807
24613.87510465087,26197.89853070957,1730655736.5170424
24540.78490028201,26231.180278203523,1730655736.5211604
24571.697362863702,26209.76730701534,1730655736.5251448
24595.81489513098,26213.47769659492,1730655736.5291643
24468.253489524544,26189.3825160721,1730655736.5330272
24481.597480964363,26172.79752168626,1730655736.5380063
24508.75485047756,26205.118144168635,1730655736.5409713
24511.95114993467,26158.55946046823,1730655736.5451615
24567.986973284125,26168.282469306287,1730655736.5489676
24588.930557838747,26172.26107981933,1730655736.5531428
24546.261077673564,26177.04435313277,1730655736.5570033
24522.054138428462,26181.89468167957,1730655736.5610487
24564.18717672672,26192.020021917822,1730655736.566248
24614.031566862057,26211.55544657176,1730655736.5692704
24561.61672611436,26197.49619930937,1730655736.572271
24506.36321382084,26191.550635284264,1730655736.57717
24491.34284154688,26162.89569889256,1730655736.581198
24517.53908604849,26164.34856228216,1730655736.5852704
24600.039374833035,26170.562347240728,1730655736.589378
24593.49031370763,26221.457269365463,1730655736.5952487
24503.90452193076,26240.031569007824,1730655736.5980463
24521.33888260589,26190.18717887249,1730655736.6012363
24512.66640575724,26159.766454668817,1730655736.6052663
24575.698325121204,26207.2862633808,1730655736.609264
24546.708112562672,26200.53603655529,1730655736.6132717
24529.318455376444,26150.579887697684,1730655736.617267
24582.62736590235,26189.628385261105,1730655736.620316
24556.9452115232,26181.55940551274,1730655736.6241047
24524.24460938509,26159.431178501985,1730655736.6282637
24540.539031093005,26191.058896906245,1730655736.6333125
24581.26390949057,26230.73324331441,1730655736.6374023
24552.00547599858,26215.265836151342,1730655736.6412475
24506.1843998652,26173.222204830912,1730655736.6454008
24532.00066471108,26184.755704969848,1730655736.6481209
24530.95013272168,26200.67014702203,1730655736.6523888
24545.031731728523,26220.80906877626,1730655736.656206
24564.03071451553,26191.75180098436,1730655736.66041
24550.91024052027,26171.344658296664,1730655736.6651444
24549.546784108494,26223.42422287753,1730655736.6692567
24531.79949901098,26241.68559809752,1730655736.6731412
24487.587748478385,26210.95194947147,1730655736.6762965
24511.45941155665,26163.32038203721,1730655736.6803167
24560.499138891595,26116.58288438116,1730655736.6844237
24558.554537123982,26154.111463321624,1730655736.688465
24543.400054383284,26211.063708193746,1730655736.6931918
24522.43411808421,26193.182312629506,1730655736.6973443
24543.355350894377,26171.70228620795,1730655736.701532
24563.784845326525,26174.25038507585,1730655736.7044756
24582.917938580267,26195.43983881949,1730655736.708384
24627.710834468704,26202.860617978647,1730655736.712314
24563.02488601505,26197.183274887,1730655736.716412
24472.433265737687,26198.211455131943,1730655736.7213852
24514.85687671386,26172.171672841512,1730655736.7253904
24545.299952661982,26194.769286485825,1730655736.7284896
24544.67410381724,26186.208568359445,1730655736.7322817
24560.52149063605,26210.52726632682,1730655736.736308
24542.349522393888,26211.868370994136,1730655736.7408168
24517.829658726416,26144.90254460604,1730655736.7444072
24535.822813012936,26160.347600024656,1730655736.7493012
24598.161828298787,26193.182312629506,1730655736.7533996
24614.232732562155,26232.90136252658,1730655736.7562962
24482.670364698217,26220.63025482062,1730655736.7604933
24492.57218749192,26193.58464402969,1730655736.764404
24537.63330431382,26156.54780346725,1730655736.768448
24559.76153132457,26172.015210630325,1730655736.7723494
24562.175519725744,26199.23963537689,1730655736.776471
24593.982052085645,26200.80425748876,1730655736.781355
24537.43213861372,26212.516571583343,1730655736.7845411
24527.172687908733,26182.40877180204,1730655736.7884507
24527.262094886555,26169.444760017963,1730655736.792464
24529.966655965647,26190.030716661306,1730655736.7964528
24571.809121585982,26190.969489928422,1730655736.800455
24565.885909305325,26147.83062312968,1730655736.807348
24526.70330127517,26167.58956522817,1730655736.8083937
24512.66640575724,26194.65752776355,1730655736.811587
24546.305781162475,26170.16001584053,1730655736.817572
24578.604051900395,26168.79655942876,1730655736.8204775
24635.44453805024,26223.178353688523,1730655736.8245227
24555.201775455687,26234.309522427266,1730655736.8286233
24513.225199368622,26186.70030673746,1730655736.8324475
24581.28626123504,26177.781960699795,1730655736.8365896
24502.3846033078,26196.825646975714,1730655736.8394852
24522.344711106387,26196.5350742978,1730655736.843501
24540.38256888181,26192.64587076257,1730655736.8485267
24540.807252026472,26167.880137906093,1730655736.8525853
24593.57972068545,26174.31744030922,1730655736.856515
24622.54758149953,26201.161885400044,1730655736.8605733
24518.61196978235,26229.81682179175,1730655736.8645184
24470.93569885918,26182.40877180204,1730655736.8676796
24524.289312874,26168.21541407292,1730655736.871615
24568.00932502858,26193.182312629506,1730655736.876628
24557.10167373439,26197.78677198729,1730655736.880567
24529.407862354263,26174.473902520407,1730655736.8847196
24553.97242951065,26183.41460030253,1730655736.8887186
24541.656618315774,26175.435027531985,1730655736.8927362
24553.57009811045,26175.122103109614,1730655736.8957205
24594.63025267485,26201.29599586677,1730655736.90174
24565.64004011632,26173.021039130814,1730655736.9047873
24594.31732825248,26168.26011756184,1730655736.9088073
24572.0996942639,26196.60212953116,1730655736.9128275
24512.2864261015,26248.94991504549,1730655736.9156065
24552.586621354418,26205.341661613187,1730655736.9196968
24570.646830874302,26164.23680355988,1730655736.9236064
24530.50309783257,26165.93553613848,1730655736.9277089
24592.03745031804,26215.444650106987,1730655736.9326468
24550.91024052027,26200.53603655529,1730655736.9366136
24535.71105429066,26184.04044914728,1730655736.9405725
24571.2503279746,26189.047239905267,1730655736.9436312
24613.025738361568,26217.32219664123,1730655736.9476664
24495.723783460115,26211.42133610503,1730655736.951639
24493.62271948132,26180.620632245616,1730655736.9556067
24510.29712084497,26178.36310605564,1730655736.9596531
24522.255304128565,26176.530263010296,1730655736.9645956
24543.981199739123,26156.011361600325,1730655736.9686506
24577.709982122185,26173.19985308645,1730655736.9716587
24545.18819393971,26172.596355986163,1730655736.975634
24537.52154559154,26176.39615254357,1730655736.9796383
24554.41946439975,26210.75078377137,1730655736.9836931
24564.47774940464,26203.44176333449,1730655736.9877036
24572.01028728608,26173.155149597544,1730655736.99268
24594.96552884168,26181.89468167957,1730655736.9967155
24564.254231960087,26204.112315668142,1730655736.9996915
24573.46315067568,26206.48160058041,1730655737.0037324
24525.27278963003,26198.85965572115,1730655737.0077128
24496.819018938422,26197.20562663145,1730655737.0117383
24531.2407053996,26134.732500878872,1730655737.015816
24564.56715638246,26172.864576919623,1730655737.0206878
24564.96948778266,26223.53598159981,1730655737.023862
24544.741159050605,26202.63710053409,1730655737.0277631
24580.81687460147,26184.129856125102,1730655737.0317492
24592.1045055514,26198.34556559868,1730655737.0357835
24540.628438070828,26169.824739673702,1730655737.0397277
24533.56528682295,26166.628440216595,1730655737.0438173
24555.648810344795,26190.120123639124,1730655737.0488064
24615.193857573733,26185.806236959248,1730655737.0518453
24565.036543016024,26224.76532754485,1730655737.0558355
24507.4360975547,26194.813989974737,1730655737.059809
24528.55849606496,26167.81308267273,1730655737.063808
24548.183327696723,26173.959812397938,1730655737.067845
24552.944249265704,26197.317385353734,1730655737.0718267
24575.76538035457,26189.740143983385,1730655737.076857
24608.1083545814,26193.919920196524,1730655737.07984
24542.058949715967,26193.875216707616,1730655737.0828636
24524.311664618454,26174.56330949823,1730655737.08788
24550.32909516443,26173.691591464474,1730655737.0919197
24550.463205631164,26223.357167644164,1730655737.0958889
24548.00451374108,26227.62635083513,1730655737.0999162
24549.367970152853,26182.40877180204,1730655737.104902
24546.43989162921,26166.18140532749,1730655737.1079185
24543.400054383284,26161.88987039207,1730655737.1109004
24561.86259530337,26192.981146929404,1730655737.1159475
24578.51464492257,26182.78875145778,1730655737.119943
24610.432936004752,26189.047239905267,1730655737.123953
24612.176372072267,26196.24450161988,1730655737.1281145
24549.1444527083,26185.13568462559,1730655737.1319306
24518.3884523378,26183.39224855808,1730655737.1350183
24520.265998872044,26173.624536231106,1730655737.1390443
24567.115255250366,26192.265891106832,1730655737.144062
24552.05017948749,26186.65560324855,1730655737.148974
24541.388397382307,26196.155094642058,1730655737.1521204
24558.263964446065,26211.644853549584,1730655737.156005
24539.264981659053,26186.767361970826,1730655737.1600523
24543.4447578722,26155.810195900227,1730655737.1630836
24601.045203333524,26128.56341940921,1730655737.1670897
24606.834305147448,26205.676937780016,1730655737.1710365
24548.96563875266,26275.23556652493,1730655737.1761787
24551.98312425412,26172.46224551943,1730655737.179997
24577.17354025525,26149.730521408383,1730655737.1842556
24560.85676680288,26227.067557223745,1730655737.1872735
24530.39133911029,26207.42037384753,1730655737.1911976
24543.310647405466,26182.81110320224,1730655737.1953006
24557.794577812503,26186.856768948648,1730655737.1990728
24549.94911550869,26185.582719514696,1730655737.204296
24553.19011845471,26179.50304502285,1730655737.2081254
24557.034618501024,26177.22316708841,1730655737.211146
24558.487481890617,26180.687687478985,1730655737.2150614
24594.58554918594,26185.582719514696,1730655737.2192626
24612.533999983552,26176.91024266604,1730655737.223052
24565.72944709413,26191.2824143508,1730655737.227303
24538.303856647475,26182.028792146302,1730655737.2320676
24547.33396140742,26211.354280871667,1730655737.2373228
24526.63624604181,26194.38930683009,1730655737.2401192
24543.71297880566,26167.455454761443,1730655737.2443087
24556.14054872281,26178.60897524464,1730655737.2481384
24572.23380473064,26227.78281304632,1730655737.252358
24554.464167888666,26204.62640579062,1730655737.2553525
24572.47967391964,26187.50496953785,1730655737.2593355
24606.834305147448,26180.866501434622,1730655737.2633896
24626.32502631248,26168.3271727952,1730655737.267372
24537.18626942471,26179.70421072295,1730655737.271293
24555.46999638915,26194.38930683009,1730655737.2764015
24564.589508126915,26204.469943579432,1730655737.2794013
24533.54293507849,26198.323213854223,1730655737.2832973
24531.575981566428,26167.58956522817,1730655737.2873049
24544.0929584614,26158.850033146147,1730655737.291258
24635.511593283605,26201.51951331133,1730655737.2954023
24587.187121771232,26201.56421680024,1730655737.2993689
24512.867571457336,26183.056972391245,1730655737.3044248
24528.647903042784,26190.56715852823,1730655737.3071897
24544.02590322804,26176.26204207684,1730655737.310598
24546.171670695745,26217.94804548598,1730655737.3153138
24557.034618501024,26221.5913798322,1730655737.3194692
24625.54271525654,26182.386420057588,1730655737.3232884
24562.13081623684,26201.743030755883,1730655737.3275783
24519.394280838285,26207.39802210308,1730655737.3323593
24550.485557375618,26156.637210445075,1730655737.3354826
24554.77709231104,26157.777149412294,1730655737.3385105
24595.81489513098,26166.76255068333,1730655737.3434708
24601.26872077808,26188.24257710488,1730655737.347467
24541.76837703805,26213.43299310601,1730655737.3514247
24548.54095560801,26187.66143174904,1730655737.3555202
24563.51662439306,26150.33401850868,1730655737.3595855
24565.48357790513,26180.24065258988,1730655737.362532
24561.37085692536,26225.27941766732,1730655737.3664627
24550.61966784235,26200.983071444403,1730655737.3714285
24572.14439775281,26163.18627157048,1730655737.3754673
24590.58458692844,26161.46518724742,1730655737.379498
24548.11627246336,26182.29701307977,1730655737.383389
24563.18134822624,26196.110391153143,1730655737.3875172
24581.755647868595,26214.19295241749,1730655737.3905077
24574.558386153985,26201.56421680024,1730655737.3946068
24524.89280997429,26189.85190270566,1730655737.3994672
24537.94622873619,26185.67212649252,1730655737.403515
24572.72554310865,26173.3786670421,1730655737.4075203
24561.348505180897,26207.84505699218,1730655737.4114635
24560.454435402684,26183.50400728036,1730655737.415398
24588.41646771628,26190.00836491685,1730655737.4186327
24560.163862724767,26189.29310909428,1730655737.422571
24535.219315912644,26174.205681586944,1730655737.4275663
24541.83543227141,26186.70030673746,1730655737.4314055
24550.91024052027,26176.99964964385,1730655737.435597
24594.943177097222,26191.908263195543,1730655737.4394207
24645.72634049968,26207.04039419179,1730655737.443658
24556.364066167363,26201.541865055784,1730655737.446658
24491.968690391623,26154.40203599954,1730655737.4507372
24613.85275290641,26177.04435313277,1730655737.4556603
24580.41454320128,26202.07830692271,1730655737.459656
24531.307760632964,26188.779018971803,1730655737.4636953
24553.23482194362,26189.09194339417,1730655737.4666495
24545.590525339907,26210.75078377137,1730655737.470801
24542.95301949418,26207.308615125254,1730655737.4746852
24570.13274075184,26173.55748099774,1730655737.4787426
24606.67784293626,26168.930669895493,1730655737.4835913
24555.514699878066,26189.673088750016,1730655737.4875703
24535.062853701456,26201.89949296707,1730655737.491565
24570.691534363217,26202.63710053409,1730655737.4945996
24548.630362585827,26177.89371942207,1730655737.4984872
24554.598278355395,26155.31845752221,1730655737.5026631
24576.32417396596,26195.0822109082,1730655737.5064795
24575.00542104309,26214.61763556214,1730655737.5106995
24577.93349956673,26198.099696409667,1730655737.5155988
24540.82960377093,26212.963606472447,1730655737.5198302
24517.65084477077,26164.92970763799,1730655737.5226777
24569.93157505173,26176.530263010296,1730655737.5267234
24593.646775918816,26204.268777879333,1730655737.5307028
24610.120011582378,26182.31936482422,1730655737.5350516
24555.82762430044,26178.72073396692,1730655737.5388515
24548.250382930088,26189.024888160813,1730655737.544628
24562.600202870395,26217.52336234133,1730655737.548618
24553.74891206609,26192.75762948485,1730655737.5517051
24545.970504995646,26180.486521778887,1730655737.5553014
24555.09001673341,26177.066704877223,1730655737.5590544
24567.048200017,26168.03660011728,1730655737.5628884
24556.632287100827,26183.70517298045,1730655737.566739
24547.758644552072,26192.690574251483,1730655737.5716898
24538.72853979213,26171.858748419138,1730655737.57479
24544.78586253952,26171.45641701894,1730655737.577891
24557.95104002369,26185.359202070144,1730655737.5827708
24589.91403459478,26200.71485051094,1730655737.586838
24592.52918869605,26198.725545254416,1730655737.590778
24538.99676072559,26179.41363804504,1730655737.594854
24554.307705677475,26190.00836491685,1730655737.59988
24557.63811560132,26204.80521974626,1730655737.6028736
24531.84420249989,26175.680896720994,1730655737.6066723
24554.48651963312,26174.026867631303,1730655737.6107476
24571.29503146351,26201.184237144505,1730655737.6150918
24573.597261142408,26207.39802210308,1730655737.6198366
24566.444702916702,26184.912167181035,1730655737.623771
24572.256156475087,26203.821742990225,1730655737.627921
24557.883984790325,26211.39898436057,1730655737.6307564
24563.315458692963,26174.29508856477,1730655737.633876
24570.57977564094,26174.13862635358,1730655737.6388896
24559.62742085784,26185.538016025785,1730655737.6428962
24595.054935819506,26174.473902520407,1730655737.64691
24650.464910324208,26197.36208884264,1730655737.6508453
24560.745008080605,26180.218300845423,1730655737.6549902
24514.70041450268,26175.926765910004,1730655737.6590445
24535.264019401555,26184.21926310292,1730655737.6619484
24552.96660101016,26190.678917250505,1730655737.6670103
24567.562290139474,26193.22701611841,1730655737.672037
24579.0510867895,26188.08611489369,1730655737.6749263
24588.505874694096,26198.74789699888,1730655737.6789272
24590.24931076161,26192.131780640106,1730655737.6818335
24564.410694171274,26184.15220786956,1730655737.6859813
24556.31936267845,26234.264818938354,1730655737.6897776
24519.818963982936,26196.17744638651,1730655737.6939898
24531.598333310885,26167.634268717084,1730655737.6987717
24549.32326666394,26162.18044306999,1730655737.703063
24572.56908089746,26173.043390875268,1730655737.7068217
24569.57394714045,26212.784792516806,1730655737.7100608
24552.13958646531,26213.47769659492,1730655737.7139697
24562.846072059405,26191.684745751,1730655737.7181146
24571.563252396973,26169.48946350688,1730655737.7220695
24572.59143264192,26158.2241843014,1730655737.7270036
24561.61672611436,26175.546786254265,1730655737.730945
24560.946173780703,26182.900510180058,1730655737.7349994
24562.399037170297,26218.37272863063,1730655737.738021
24541.656618315774,26230.2415049364,1730655737.7420876
24556.58758361192,26177.69255372197,1730655737.7458746
24601.603996944905,26174.585661242683,1730655737.7499883
24569.84216807392,26194.165789385534,1730655737.7550175
24545.322304406443,26182.386420057588,1730655737.7589884
24569.23867097362,26189.181350372,1730655737.7621388
24564.76832208256,26199.66431852154,1730655737.766081
24571.18327274124,26186.365030570632,1730655737.770111
24582.13562752433,26188.71196373844,1730655737.7741125
24561.84024355892,26185.873292192617,1730655737.778144
24567.22701397264,26190.4330480615,1730655737.7831151
24556.38641791182,26214.52822858432,1730655737.7871444
24546.149318951288,26200.55838829976,1730655737.7899437
24557.10167373439,26193.47288530742,1730655737.794072
24546.149318951288,26169.40005652905,1730655737.7979424
24551.513737620564,26170.875271663102,1730655737.8020775
24587.00830781559,26190.52245503932,1730655737.8059573
24601.20166554471,26202.92767321201,1730655737.8111012
24563.8966040488,26192.914091696035,1730655737.8149889
24555.38058941133,26197.272681864823,1730655737.8181744
24552.161938209767,26187.259100348845,1730655737.8221233
24543.95884799467,26170.629402474096,1730655737.8261845
24550.91024052027,26169.981201884893,1730655737.8302135
24584.951947325702,26165.913184394027,1730655737.8342812
24585.600147914905,26201.89949296707,1730655737.8381956
24549.56913585295,26189.85190270566,1730655737.843232
24564.72361859365,26183.61576600263,1730655737.847326
24553.03365624352,26184.576891014207,1730655737.8510988
24566.645868616804,26194.8363417192,1730655737.85508
24572.34556345291,26216.91986524104,1730655737.8591473
24567.495234906102,26189.963661427937,1730655737.8631616
24569.126912251344,26176.59731824366,1730655737.8671868
24557.1463772233,26190.27658585031,1730655737.8701704
24581.66624089077,26205.252254635365,1730655737.8731468
24595.14434279732,26201.40775458905,1730655737.8782992
24584.191988014223,26177.536091510785,1730655737.882213
24559.046275502,26178.09488512217,1730655737.8862514
24557.034618501024,26202.815914489736,1730655737.8901255
24539.73436829261,26208.69442328148,1730655737.8952963
24547.93745850772,26196.356260342152,1730655737.8981383
24557.034618501024,26182.34171656868,1730655737.9013069
24575.586566398928,26172.685762963985,1730655737.906098
24552.67602833224,26180.173597356512,1730655737.910395
24562.220223214656,26185.582719514696,1730655737.9141128
24573.038467531023,26194.61282427464,1730655737.9184437
24566.265888961065,26181.35823981264,1730655737.9222505
24572.72554310865,26168.774207684302,1730655737.9272032
24560.76735982506,26194.72458299692,1730655737.9303253
24544.294124161497,26194.434010319,1730655737.933342
24556.43112140073,26173.445722275465,1730655737.9383993
24582.24738624661,26179.2795275783,1730655737.9421923
24592.86446486288,26191.79650447327,1730655737.9462807
24568.18813898422,26192.020021917822,1730655737.9493144
24552.67602833224,26185.64977474806,1730655737.953338
24557.1463772233,26209.074402937225,1730655737.957378
24570.22214772965,26206.258083135854,1730655737.9614413
24563.2484034596,26184.71100148094,1730655737.9662929
24554.97825801113,26193.964623685435,1730655737.9710827
24561.86259530337,26197.250330120365,1730655737.9745133
24566.98114478364,26191.30476609525,1730655737.9776988
24576.502987921594,26199.440801076988,1730655737.9812596
24570.42331342976,26205.5875308022,1730655737.985809
24545.1434904508,26174.026867631303,1730655737.9892936
24563.2484034596,26161.42048375851,1730655737.994636
24599.190008543734,26179.547748511763,1730655737.998326
24567.986973284125,26191.930614940004,1730655738.0025792
24546.86457477386,26191.774152728816,1730655738.005412
24556.364066167363,26191.952966684457,1730655738.00951
24546.01520848456,26186.49914103736,1730655738.0133023
24563.851900559894,26183.928690425004,1730655738.0174985
24578.939328067223,26194.32225159672,1730655738.0215857
24563.360162181874,26188.26492884933,1730655738.0264883
24569.30572620699,26194.679879508007,1730655738.0305047
24554.97825801113,26186.54384452628,1730655738.0335157
24552.92189752125,26182.05114389076,1730655738.0375073
24563.82954881544,26190.500103294864,1730655738.0415554
24557.90633653478,26203.4864668234,1730655738.04557
24563.51662439306,26208.560312814752,1730655738.0506392
24567.025848272544,26192.981146929404,1730655738.054582
24568.836339573427,26181.3805915571,1730655738.0575528
24564.857729060383,26190.723620739416,1730655738.0615273
24577.10648502189,26193.29407135178,1730655738.0653653
24561.348505180897,26178.45251303345,1730655738.0696037
24607.77307841457,26186.32032708172,1730655738.0734055
24596.59720618692,26209.074402937225,1730655738.0776727
24542.95301949418,26185.26979509232,1730655738.0824826
24578.11231352238,26175.16680659852,1730655738.0855813
24554.10653997738,26192.46705680693,1730655738.0893943
24540.82960377093,26191.058896906245,1730655738.093544
24548.67506607474,26184.263966591832,1730655738.0975175
24563.449569159697,26186.208568359445,1730655738.1016126
24556.744045823103,26212.80714426126,1730655738.1056645
24557.1463772233,26217.009272218856,1730655738.1107073
24577.709982122185,26206.6380627916,1730655738.113614
24575.094828020912,26183.79457995827,1730655738.1176603
24598.564159698984,26197.49619930937,1730655738.121644
24575.944194310214,26197.876178965114,1730655738.1255777
24533.386472867307,26174.51860600932,1730655738.1296556
24569.66335411827,26188.197873615965,1730655738.1337323
24557.213432456665,26183.548710769264,1730655738.1386871
24556.609935356373,26185.64977474806,1730655738.141538
24552.38545565432,26200.021946432826,1730655738.144688
24548.920935263748,26178.206643844445,1730655738.149715
24552.92189752125,26189.00253641636,1730655738.1537192
24557.258135945576,26209.32027212623,1730655738.1577642
24554.218298699656,26184.532187525296,1730655738.1617556
24569.84216807392,26184.84511194767,1730655738.1655543
24592.70800265169,26198.14439989857,1730655738.168771
24564.79067382701,26212.74008902789,1730655738.1725404
24555.93938302272,26213.85767625066,1730655738.1777575
24554.48651963312,26186.588548015185,1730655738.181672
24560.63324935833,26151.65277143154,1730655738.1857052
24568.948098295703,26178.31840256672,1730655738.1895962
24568.746932595604,26199.03846967679,1730655738.193797
24572.703191364195,26210.68372853801,1730655738.1967833
24547.08809221841,26189.5836817722,1730655738.2006648
24572.367915197363,26174.026867631303,1730655738.205629
24587.678860149248,26184.755704969848,1730655738.209787
24569.328077951443,26202.972376700924,1730655738.2137945
24549.658542830774,26195.99863243087,1730655738.217852
24559.09097899092,26154.17851855499,1730655738.2205672
24630.90713392581,26190.45539980596,1730655738.224882
24611.46111624969,26255.72249361545,1730655738.2289188
24523.909333218257,26229.61565609165,1730655738.232897
24527.865591986847,26197.49619930937,1730655738.237906
24542.52833634953,26180.44181828997,1730655738.2418983
24559.09097899092,26177.13376011059,1730655738.2459328
24573.53020590904,26172.19402458597,1730655738.248796
24569.68570586273,26184.263966591832,1730655738.252684
24551.13375796482,26198.59143478769,1730655738.2567084
24553.74891206609,26195.0822109082,1730655738.2608194
24577.26294723308,26196.222149875422,1730655738.2659428
24575.18423499873,26197.406792331552,1730655738.2697427
24564.00836277108,26185.761533470337,1730655738.2726588
24591.791581129022,26185.962699170435,1730655738.2769506
24586.360107226385,26211.68955703849,1730655738.2807665
24525.22808614112,26181.29118457928,1730655738.2847388
24540.38256888181,26181.51470202383,1730655738.2888007
24562.13081623684,26188.399039316064,1730655738.2939036
24575.988897799125,26180.3300595677,1730655738.2977412
24568.165787239766,26191.640042262083,1730655738.3007443
24562.28727844802,26190.388344572588,1730655738.3049655
24562.756665081582,26180.978260156902,1730655738.3089428
24581.08509553493,26194.635176019096,1730655738.3129609
24575.11717976537,26196.3339085977,1730655738.316838
24554.66533358876,26181.42529504601,1730655738.322034
24543.400054383284,26201.631272033606,1730655738.3260412
24548.630362585827,26216.89751349658,1730655738.3289633
24552.63132484333,26198.85965572115,1730655738.332842
24574.558386153985,26158.090073834668,1730655738.337021
24607.236636547645,26181.00061190136,1730655738.3407784
24566.3999994278,26203.352356356667,1730655738.3448637
24532.58181006692,26195.66335626404,1730655738.3498614
24561.348505180897,26194.791638230283,1730655738.352956
24556.47582488964,26192.489408551384,1730655738.3558445
24548.608010841373,26180.24065258988,1730655738.360951
24559.87329004685,26182.74404796887,1730655738.3648207
24563.606031370884,26188.197873615965,1730655738.3690083
24552.743083565605,26189.60603351665,1730655738.372892
24552.96660101016,26188.890777694083,1730655738.3780065
24551.62549634284,26187.929652682506,1730655738.3808844
24560.275621447043,26197.98793768739,1730655738.3850696
24568.43400817323,26193.69640275197,1730655738.3891056
24560.61089761387,26186.834417204194,1730655738.3930674
24550.95494400918,26177.51373976633,1730655738.3970318
24558.085150490424,26172.41754203052,1730655738.4009075
24577.62057514436,26187.19204511548,1730655738.405026
24569.52924365154,26205.274606379822,1730655738.409076
24546.350484651382,26176.35144905465,1730655738.411965
24569.015153529068,26174.40684728704,1730655738.4171484
24555.648810344795,26192.198835873467,1730655738.4211009
24572.34556345291,26198.90435921006,1730655738.4251895
24583.2532147471,26215.91403674055,1730655738.429183
24545.07643521744,26209.074402937225,1730655738.4342165
24536.918048491247,26181.715867723928,1730655738.4371955
24554.8441475444,26157.173652312,1730655738.4400008
24575.832435587938,26185.85094044816,1730655738.4452112
24598.05006957651,26202.167713900533,1730655738.449268
24585.846017103915,26195.104562652657,1730655738.4531715
24545.031731728523,26183.548710769264,1730655738.4570713
24565.86355756087,26171.724637952404,1730655738.4611197
24557.10167373439,26176.99964964385,1730655738.4651375
24538.639132814307,26179.346582811664,1730655738.468284
24547.28925791851,26193.58464402969,1730655738.4730551
24567.38347618383,26201.631272033606,1730655738.4772446
24555.00060975559,26192.93644344049,1730655738.4810336
24553.86067078837,26177.3796292996,1730655738.4851325
24556.498176634097,26180.687687478985,1730655738.488146
24556.11819697836,26189.89660619457,1730655738.49222
24559.94034528021,26201.027774933315,1730655738.4963224
24563.583679626427,26210.214341904444,1730655738.5001843
24566.77997908353,26219.512667597854,1730655738.5051887
24581.040392046023,26212.47186809443,1730655738.5092304
24556.52052837855,26176.03852463228,1730655738.5131123
24543.57886833893,26157.93361162348,1730655738.5163877
24571.205624485687,26163.87917564859,1730655738.5204413
24559.605069113382,26177.26787057732,1730655738.524253
24557.57106036795,26180.35241131216,1730655738.5282128
24565.64004011632,26198.2338068764,1730655738.5332465
24547.46807187415,26197.69736500948,1730655738.537136
24547.71394106316,26178.05018163325,1730655738.5421696
24554.598278355395,26177.08905662168,1730655738.5462844
24564.34363893791,26181.5817572572,1730655738.549203
24567.539938395017,26192.981146929404,1730655738.5522149
24559.023923757544,26186.34267882617,1730655738.5561695
24550.731426564627,26177.42433278851,1730655738.5614955
24556.297010934,26172.30578330824,1730655738.5654073
24567.562290139474,26175.18915834298,1730655738.5682104
24567.20466222819,26200.89366446658,1730655738.5722356
24584.90724383679,26197.47384756492,1730655738.5761929
24578.98403155613,26184.308670080743,1730655738.5802424
24542.99772298309,26187.348507326664,1730655738.5843797
24578.51464492257,26174.764475198328,1730655738.588346
24607.68367143675,26195.95392894196,1730655738.5933182
24567.651697117293,26199.66431852154,1730655738.596316
24535.08520544591,26192.04237366228,1730655738.6004455
24536.225144413133,26192.310594595743,1730655738.6043725
24534.1911356677,26201.09483016668,1730655738.6083431
24535.554592079472,26180.84414969017,1730655738.6123335
24561.19204296971,26173.713943208928,1730655738.6163547
24571.07151401896,26172.842225175173,1730655738.6213813
24585.309575236988,26190.56715852823,1730655738.6243849
24547.445720129697,26214.774097773327,1730655738.6282678
24552.92189752125,26199.99959468837,1730655738.6326156
24555.693513833707,26183.03462064679,1730655738.6365309
24557.9957435126,26183.57106251372,1730655738.6406147
24563.404865670786,26170.405885029544,1730655738.644456
24563.874252304347,26181.00061190136,1730655738.64934
24575.497159421106,26170.04825711826,1730655738.652393
24609.96354937119,26176.17263509901,1730655738.6555035
24569.05985701798,26204.961681957448,1730655738.6605422
24520.221295383133,26197.65266152056,1730655738.6643295
24531.79949901098,26171.94815539696,1730655738.6684833
24547.803348040983,26169.95885014044,1730655738.6724434
24562.846072059405,26190.120123639124,1730655738.6764488
24562.577851125938,26196.49037080889,1730655738.6794753
24568.456359917684,26180.44181828997,1730655738.6843638
24556.90050803429,26177.156111855045,1730655738.6884286
24560.67795284724,26190.097771894667,1730655738.6925817
24559.225089457643,26194.32225159672,1730655738.69636
24552.96660101016,26203.352356356667,1730655738.700472
24545.38935963981,26216.025795462825,1730655738.72608
24550.75377830908,26186.409734059544,1730655738.7295268
24562.734313337125,26190.79067597278,1730655738.7345636
24570.445665174208,26183.70517298045,1730655738.7385347
24574.44662743171,26167.16488208352,1730655738.742426
24543.064778216456,26177.22316708841,1730655738.7467425
24558.263964446065,26163.70036169295,1730655738.7516649
24574.75955185408,26193.56229228524,1730655738.767582
24549.658542830774,26204.581702301708,1730655738.7714567
24551.893717276304,26186.74501022637,1730655738.7755656
24547.870403274348,26174.45155077596,1730655738.7784967
24553.793615555005,26186.968527670924,1730655738.782518
24564.9471360382,26196.065687664235,1730655738.785504
24566.1988337277,26193.025850418315,1730655738.789546
24570.95975529668,26192.869388207127,1730655738.792592
24563.02488601505,26179.90537642305,1730655738.7955894
24552.832490543427,26178.07253337771,1730655738.798614
24552.69838007669,26182.721696224417,1730655738.8026097
24596.239578275632,26196.155094642058,1730655738.805562
24584.929595581245,26200.64779527757,1730655738.8095636
24531.8889059888,26170.718809451915,1730655738.812559
24550.664371331262,26158.402998257043,1730655738.8155468
24566.310592449976,26199.776077243816,1730655738.8195488
24567.115255250366,26237.61758060665,1730655738.8225973
24543.869441016846,26201.921844711527,1730655738.8256955
24540.22610667064,26181.872329935115,1730655738.8296697
24552.81013879897,26166.94136463897,1730655738.8326025
24565.19300522721,26166.56138498323,1730655738.8365912
24564.52245289355,26188.93548118299,1730655738.8396115
24557.83928130141,26203.240597634387,1730655738.8426158
24557.973391768148,26189.29310909428,1730655738.8466165
24566.936441294725,26178.005478144347,1730655738.8496163
24566.75762733908,26191.170655628524,1730655738.8526385
24547.28925791851,26208.225036647924,1730655738.855641
24549.39032189731,26184.50983578084,1730655738.859706
24555.76056906707,26182.833454946693,1730655738.8627164
24563.449569159697,26193.875216707616,1730655738.8658824
24573.53020590904,26174.85388217615,1730655738.869861
24552.02782774304,26175.256213576344,1730655738.872681
24567.115255250366,26195.842170219683,1730655738.8757665
24565.75179883859,26188.622556760616,1730655738.87971
24573.9995925426,26181.671164235016,1730655738.8827353
24562.689609848218,26185.985050914893,1730655738.8857074
24538.639132814307,26190.00836491685,1730655738.8888755
24548.47390037464,26178.89954792256,1730655738.8929367
24557.63811560132,26185.20273985896,1730655738.8959093
24577.352354210896,26201.541865055784,1730655738.8989358
24561.25909820308,26212.203647160968,1730655738.902952
24537.1415659358,26190.18717887249,1730655738.9057243
24559.15803422428,26171.36701004112,1730655738.9087243
24564.76832208256,26185.67212649252,1730655738.9117308
24568.14343549532,26205.05108893527,1730655738.9158838
24561.61672611436,26189.60603351665,1730655738.9188623
24570.33390645193,26189.13664688309,1730655738.9217615
24563.158996481776,26185.49331253688,1730655738.9260087
24570.847996574405,26166.427274516496,1730655738.9290037
24559.023923757544,26187.169693371023,1730655738.9317868
24553.03365624352,26188.64490850508,1730655738.9357822
24561.303801691985,26188.44374280497,1730655738.9388602
24553.57009811045,26193.13760914059,1730655738.9419944
24558.062798745967,26189.94130968348,1730655738.9450111
24569.19396748471,26176.3290973102,1730655738.9489684
24570.42331342976,26188.80137071626,1730655738.9519572
24551.13375796482,26192.958795184943,1730655738.9558463
24548.652714330285,26182.118199124125,1730655738.9599345
24554.754740566583,26183.012268902337,1730655738.9638803
24558.1969092127,26186.54384452628,1730655738.9678652
24558.86746154636,26183.682821235994,1730655738.9718964
24553.19011845471,26181.84997819066,1730655738.9748924
24557.615763856866,26180.1288938676,1730655738.9788904
24560.96852552516,26194.434010319,1730655738.982854
24581.420371701763,26203.97820520141,1730655738.9879718
24606.789601658536,26219.8926472536,1730655738.9920237
24565.43887441622,26191.37182132862,1730655738.9961104
24546.395188140297,26177.11140836613,1730655738.999001
24535.308722890462,26173.73629495338,1730655739.0034983
24542.662446816263,26175.435027531985,1730655739.0069532
24550.88788877581,26181.24648109037,1730655739.011141
24553.05600798798,26178.60897524464,1730655739.0160313
24557.593412112405,26184.263966591832,1730655739.019994
24564.857729060383,26204.693461023984,1730655739.024156
24555.872327789348,26200.51368481084,1730655739.0271647
24567.09290350592,26182.78875145778,1730655739.030959
24593.602072429905,26197.272681864823,1730655739.0351603
24575.787732099023,26198.56908304323,1730655739.038958
24560.409731913776,26174.473902520407,1730655739.044192
24555.93938302272,26184.15220786956,1730655739.04802
24547.28925791851,26189.3825160721,1730655739.0521677
24549.16680445276,26181.11237062364,1730655739.055164
24549.88206027533,26180.777094456804,1730655739.0592697
24554.642981844307,26181.872329935115,1730655739.0632813
24556.43112140073,26183.906338680543,1730655739.06726
24559.18038596873,26185.023925903315,1730655739.0722284
24558.24161270161,26183.213434602432,1730655739.0763004
24557.861633045868,26188.60020501616,1730655739.079239
24556.98991501212,26188.689611993985,1730655739.0832827
24559.73917958012,26180.41946654552,1730655739.087294
24592.886816607337,26194.769286485825,1730655739.0912163
24595.43491547524,26228.162792702056,1730655739.0950928
24562.10846449238,26218.08215595272,1730655739.100233
24531.2407053996,26167.343696039166,1730655739.1042244
24537.253324658075,26178.966603155925,1730655739.1072607
24550.03852248652,26187.54967302676,1730655739.111068
24557.83928130141,26190.298937594765,1730655739.1150908
24564.589508126915,26190.45539980596,1730655739.1192873
24560.18621446922,26180.017135145325,1730655739.1230967
24567.00349652809,26185.51566428133,1730655739.1283293
24559.493310391103,26187.32615558221,1730655739.1321392
24554.57592661093,26183.481655535896,1730655739.1352944
24555.46999638915,26188.1308183826,1730655739.1391356
24551.80431029848,26184.129856125102,1730655739.1432245
24546.68576081821,26175.546786254265,1730655739.1472032
24547.17749919624,26168.282469306287,1730655739.1513188
24569.84216807392,26180.24065258988,1730655739.1573842
24602.49806672312,26201.85478947816,1730655739.160368
24562.95783078168,26198.41262083204,1730655739.1641407
24568.590470384417,26206.59335930269,1730655739.1673996
24559.73917958012,26218.059804208257,1730655739.1713295
24533.92291473424,26186.27562359281,1730655739.1754386
24554.03948474401,26171.4787687634,1730655739.1794336
24564.14247323781,26188.622556760616,1730655739.1844444
24545.72463580664,26184.912167181035,1730655739.187448
24546.261077673564,26174.719771709417,1730655739.190234
24552.13958646531,26184.912167181035,1730655739.1954207
24552.363103909865,26186.2309201039,1730655739.199192
24549.88206027533,26194.99280393038,1730655739.203314
24546.61870558485,26195.43983881949,1730655739.2072144
24555.71586557816,26181.89468167957,1730655739.2114933
24558.062798745967,26189.69544049448,1730655739.215272
24564.76832208256,26183.772228213817,1730655739.2185144
24563.38251392633,26187.0802863932,1730655739.2223983
24553.592449854907,26210.393155860085,1730655739.227536
24554.933554522224,26210.057879693257,1730655739.2313118
24559.783883069027,26178.27369907781,1730655739.2355115
24564.745970338103,26178.430161289,1730655739.2387056
24550.95494400918,26194.38930683009,1730655739.2424908
24549.591487597405,26195.261024863845,1730655739.246488
24544.294124161497,26190.41069631704,1730655739.250527
24554.24065044411,26179.614803745128,1730655739.2554517
24578.04525828901,26179.771265956315,1730655739.259462
24563.404865670786,26199.70902201045,1730655739.2634828
24545.23289742862,26211.39898436057,1730655739.2663853
24543.4447578722,26202.95002495647,1730655739.270516
24540.71784504865,26187.59437651568,1730655739.2745454
24550.597316097894,26200.7372022554,1730655739.2785397
24558.666295846266,26189.89660619457,1730655739.2835925
24563.583679626427,26166.65079196105,1730655739.287552
24558.554537123982,26174.13862635358,1730655739.291475
24556.31936267845,26187.929652682506,1730655739.2945442
24542.081301460425,26181.335888068188,1730655739.2983456
24541.3436938934,26182.878158435604,1730655739.3026493
24551.13375796482,26192.824684718216,1730655739.3063602
24559.00157201309,26194.07638240771,1730655739.3114572
24549.90441201978,26204.268777879333,1730655739.315528
24540.650789815285,26199.75372549936,1730655739.3196757
24542.12600494933,26178.430161289,1730655739.322363
24550.15028120879,26178.94425141147,1730655739.3269958
24555.604106855884,26190.2318823614,1730655739.3305469
24553.23482194362,26193.428181818508,1730655739.3351307
24559.046275502,26205.3863651021,1730655739.3386414
24549.613839341862,26197.51855105383,1730655739.3436923
24552.92189752125,26186.767361970826,1730655739.3469903
24554.41946439975,26186.94617592647,1730655739.350622
24552.43015914323,26185.60507125915,1730655739.3551831
24564.924784293748,26192.601167273664,1730655739.3586023
24569.17161574025,26196.266853364334,1730655739.3627036
24550.798481797992,26187.59437651568,1730655739.3666828
24534.414653112253,26178.16194035553,1730655739.3716352
24553.368932410354,26188.84607420517,1730655739.374679
24550.172632953243,26198.56908304323,1730655739.3787086
24561.68378134773,26213.94708322848,1730655739.382783
24556.14054872281,26190.902434695057,1730655739.386686
24555.0453132445,26180.397114801064,1730655739.3905756
24540.33786539291,26182.36406831313,1730655739.3946931
24547.78099629653,26177.871367677613,1730655739.3997135
24568.03167677304,26198.41262083204,1730655739.4026854
24547.62453408534,26192.176484129013,1730655739.405507
24541.81308052696,26187.683783493496,1730655739.4106045
24556.207603956176,26195.261024863845,1730655739.4145248
24563.315458692963,26203.9335017125,1730655739.4187438
24548.02686548553,26178.94425141147,1730655739.4225683
24550.61966784235,26187.102638137658,1730655739.427796
24543.780034039028,26191.930614940004,1730655739.4306598
24547.2445544296,26186.14151312608,1730655739.434818
24568.21049072868,26181.40294330156,1730655739.4387703
24563.404865670786,26186.65560324855,1730655739.442662
24543.62357182784,26200.44662957748,1730655739.4467883
24543.53416485001,26195.775114986314,1730655739.4507084
24556.922859778748,26173.646887975563,1730655739.4538596
24560.074455746944,26185.068629392223,1730655739.4578624
24544.18236543922,26173.959812397938,1730655739.463684
24549.1444527083,26170.18236758499,1730655739.4668124
24553.57009811045,26192.62351901812,1730655739.470682
24543.265943916555,26190.18717887249,1730655739.4747982
24549.47972887513,26182.766399713328,1730655739.4789011
24560.92382203625,26189.449571305464,1730655739.482823
24565.036543016024,26193.182312629506,1730655739.485834
24552.85484228788,26188.108466638147,1730655739.489647
24553.74891206609,26195.32808009721,1730655739.4949534
24551.692551576205,26197.272681864823,1730655739.4988887
24552.60897309887,26190.00836491685,1730655739.5029185
24562.77901682604,26186.54384452628,1730655739.5067132
24556.654638845284,26190.321289339223,1730655739.5099084
24576.61474664387,26179.90537642305,1730655739.5137918
24572.81495008647,26185.158036370045,1730655739.517907
24546.79751954049,26184.59924275866,1730655739.5227315
24552.92189752125,26179.771265956315,1730655739.5269215
24566.57881338344,26187.54967302676,1730655739.5307288
24565.10359824939,26197.071516164724,1730655739.533945
24541.72367354914,26195.66335626404,1730655739.5377414
24556.47582488964,26187.37085907112,1730655739.5418289
24555.73821732261,26187.12498988211,1730655739.5458975
24546.03756022901,26187.817893960226,1730655739.5498288
24548.496252119097,26170.763512940823,1730655739.5549817
24551.066702731456,26177.51373976633,1730655739.5589693
24556.47582488964,26182.676992735505,1730655739.561962
24581.19685425721,26191.46122830644,1730655739.565922
24567.15995873928,26203.240597634387,1730655739.5698545
24545.56817359545,26184.59924275866,1730655739.5742693
24557.36989466785,26172.663411219528,1730655739.5780404
24566.37764768334,26182.922861924515,1730655739.5830116
24560.52149063605,26207.71094652545,1730655739.5870287
24561.10263599189,26207.018042447336,1730655739.5899208
24566.1988337277,26174.697419964963,1730655739.5940585
24556.6993423342,26156.25723078933,1730655739.5979471
24558.62159235735,26197.451495820464,1730655739.6020176
24559.71682783566,26198.83730397669,1730655739.605889
24554.08418823292,26185.33685032569,1730655739.610931
24551.55844110947,26181.671164235016,1730655739.6148553
24554.01713299956,26179.0783618782,1730655739.6180856
24556.207603956176,26173.624536231106,1730655739.6220148
24571.786769841525,26179.346582811664,1730655739.6261487
24565.885909305325,26199.2843388658,1730655739.6302223
24550.1949846977,26183.23578634689,1730655739.6340933
24563.583679626427,26180.50887352334,1730655739.6389136
24584.594319414417,26207.53213256981,1730655739.6421316
24563.8966040488,26214.84115300669,1730655739.6461947
24547.33396140742,26198.211455131943,1730655739.6500287
24549.09974921939,26170.94232689647,1730655739.6541047
24551.73725506512,26170.45058851845,1730655739.6581025
24551.67019983175,26174.496254264865,1730655739.6621106
24566.712923850173,26179.927728167502,1730655739.666113
24576.16771175477,26181.93938516848,1730655739.6701016
24556.52052837855,26179.32423106721,1730655739.6729352
24551.62549634284,26202.63710053409,1730655739.6793463
24536.403958368774,26194.54576904128,1730655739.6821375
24538.86265025886,26165.51085299383,1730655739.6863627
24555.022961500046,26172.775169941804,1730655739.689978
24567.76345583957,26195.104562652657,1730655739.6942089
24556.162900467265,26188.399039316064,1730655739.6980336
24555.224127200145,26182.6322892466,1730655739.7010443
24558.88981329081,26180.911204923537,1730655739.705999
24553.48069113263,26181.40294330156,1730655739.7101665
24554.10653997738,26184.39807705857,1730655739.7140028
24556.76639756756,26184.24161484738,1730655739.7182531
24553.704208577183,26185.806236959248,1730655739.722044
24552.00547599858,26180.55357701225,1730655739.726133
24560.745008080605,26182.6322892466,1730655739.7291255
24566.98114478364,26194.14343764108,1730655739.7342155
24569.66335411827,26174.630364731594,1730655739.7382145
24573.709019864684,26181.46999853492,1730655739.7421525
24569.81981632946,26229.05686248027,1730655739.7461486
24558.442778401703,26216.83045826321,1730655739.749152
24538.81794676995,26201.05012667777,1730655739.753164
24555.11236847787,26177.89371942207,1730655739.7573144
24565.9976680276,26175.32326880971,1730655739.7612586
24542.304818904977,26170.16001584053,1730655739.7662644
24543.8470892724,26182.721696224417,1730655739.770383
24540.807252026472,26185.22509160341,1730655739.774372
24544.13766195031,26174.965640898423,1730655739.777362
24551.2455166871,26180.173597356512,1730655739.7811103
24549.05504573048,26180.821797945715,1730655739.7853336
24552.67602833224,26184.822760203217,1730655739.7891738
24553.68185683273,26192.93644344049,1730655739.7943969
24560.38738016932,26189.337812583188,1730655739.798154
24561.05793250298,26177.08905662168,1730655739.80242
24558.77805456854,26179.860672934137,1730655739.80536
24547.37866489633,26189.673088750016,1730655739.8094225
24547.021036985047,26187.19204511548,1730655739.8135257
24572.23380473064,26196.57977778671,1730655739.817443
24594.876121863857,26201.452458077965,1730655739.8221824
24565.81885407196,26188.5331497828,1730655739.826478
24528.267923387044,26194.65752776355,1730655739.8302832
24532.98414146712,26183.682821235994,1730655739.8334904
24554.307705677475,26173.222204830912,1730655739.8375666
24563.628383115338,26167.902489650547,1730655739.84147
24563.02488601505,26182.14055086858,1730655739.8455348
24572.03263903053,26204.84992323517,1730655739.8495772
24564.589508126915,26213.88002799512,1730655739.8545077
24559.783883069027,26211.242522149387,1730655739.8574357
24542.3942258828,26201.452458077965,1730655739.8614268
24539.264981659053,26207.174504658524,1730655739.8654473
24542.68479856072,26205.073440679724,1730655739.8694932
24537.90152524728,26175.85971067664,1730655739.8732984
24544.405882883773,26159.78880641327,1730655739.8774955
24549.56913585295,26170.383533285087,1730655739.8823433
24559.00157201309,26174.585661242683,1730655739.885444
24549.56913585295,26169.26594606232,1730655739.8893185
24547.155147451776,26170.003553629347,1730655739.893463
24581.487426935128,26200.3348708552,1730655739.8972833
24558.21926095716,26210.63902504909,1730655739.9013743
24542.170708438243,26193.964623685435,1730655739.9053144
24545.74698755109,26185.917995681524,1730655739.9106376
24549.09974921939,26189.80719921675,1730655739.91355
24546.5963538404,26181.648812490563,1730655739.9175165
24542.014246227056,26183.258138091343,1730655739.9214163
24550.172632953243,26193.316423096232,1730655739.92552
24568.568118639963,26188.71196373844,1730655739.9295256
24575.47480767665,26195.12691439711,1730655739.9334176
24549.122100963843,26189.337812583188,1730655739.937415
24549.9938189976,26200.781905744305,1730655739.9406035
24535.57694382393,26223.021891477336,1730655739.9455934
24538.61678106985,26183.79457995827,1730655739.949562
24538.750891536583,26164.862652404627,1730655739.9535613
24538.326208391933,26173.021039130814,1730655739.9574797
24536.4933653466,26166.851957661147,1730655739.962473
24545.344656150897,26157.531280223284,1730655739.965449
24559.33684817992,26186.99087941538,1730655739.968456
24547.356313151875,26201.65362377806,1730655739.9723945
24539.62260957034,26195.350431841664,1730655739.9775832
24540.740196793104,26184.934518925493,1730655739.9814117
24545.456414873173,26183.86163519164,1730655739.9856508
24545.27760091753,26188.26492884933,1730655739.9894028
24548.920935263748,26179.838321189683,1730655739.9935465
24563.53897613752,26169.780036184795,1730655739.9966683
24557.973391768148,26184.80040845876,1730655740.0015376
24550.731426564627,26197.026812675813,1730655740.0055287
24551.513737620564,26208.560312814752,1730655740.0098467
24532.80532751147,26218.68565305301,1730655740.013658
24542.23776367161,26182.56523401323,1730655740.0179582
24557.615763856866,26163.02980935929,1730655740.0214975
24548.38449339682,26179.01130664484,1730655740.024686
24542.14835669379,26188.667260249527,1730655740.028696
24540.114347948354,26169.60122222915,1730655740.0337095
24546.216374184656,26173.19985308645,1730655740.037722
24553.83831904392,26194.411658574543,1730655740.0416508
24566.735275594627,26180.777094456804,1730655740.044653
24557.16872896776,26190.79067597278,1730655740.0487056
24526.99387395309,26206.05691743576,1730655740.0527563
24545.702284062183,26191.75180098436,1730655740.0565135
24561.28144994753,26186.65560324855,1730655740.0617125
24540.628438070828,26185.22509160341,1730655740.065709
24528.826716998425,26189.047239905267,1730655740.0696805
24537.253324658075,26185.04627764777,1730655740.072525
24544.18236543922,26181.00061190136,1730655740.0767815
24545.00937998407,26185.582719514696,1730655740.0805323
24541.455452615675,26186.767361970826,1730655740.0847268
24543.489461361107,26183.973393913915,1730655740.088588
24550.3961503978,26203.262949378844,1730655740.093842
24557.90633653478,26190.678917250505,1730655740.0976455
24574.75955185408,26184.17455961401,1730655740.1007
24548.563307352462,26191.30476609525,1730655740.1048684
24543.109481705367,26163.83447215968,1730655740.1087852
24552.67602833224,26214.34941462868,1730655740.1127737
24540.82960377093,26202.681804023006,1730655740.1167977
24540.38256888181,26184.15220786956,1730655740.1218832
24540.47197585964,26182.34171656868,1730655740.125847
24543.62357182784,26183.682821235994,1730655740.128884
24546.752816051583,26185.962699170435,1730655740.1329095
24549.92676376424,26188.04141140477,1730655740.1369443
24540.650789815285,26183.70517298045,1730655740.140847
24543.869441016846,26183.57106251372,1730655740.1447332
24546.97633349613,26185.917995681524,1730655740.149816
24549.792653297503,26183.59341425817,1730655740.152953
24549.680894575227,26188.890777694083,1730655740.156901
24550.306743419977,26202.860617978647,1730655740.160723
24552.18428995422,26201.05012667777,1730655740.1647072
24558.82275805745,26187.59437651568,1730655740.1689136
24575.899490821303,26188.08611489369,1730655740.1727483
24576.81591234397,26199.57491154372,1730655740.1779869
24529.586676309907,26198.099696409667,1730655740.1807392
24532.98414146712,26183.36989681362,1730655740.1849513
24550.440853886703,26184.80040845876,1730655740.188733
24568.344601195407,26178.765437455822,1730655740.1929328
24555.71586557816,26172.05991411924,1730655740.1968582
24538.57207758094,26181.09001887918,1730655740.200858
24561.01322901407,26214.55058032877,1730655740.2058146
24559.515662135564,26228.85569678017,1730655740.208898
24537.1415659358,26197.89853070957,1730655740.2120464
24514.29808310248,26180.732390967893,1730655740.2169416
24528.51379257605,26178.430161289,1730655740.2208407
24541.88013576033,26187.39321081557,1730655740.2250357
24548.54095560801,26205.85575173566,1730655740.229016
24546.708112562672,26202.055955178257,1730655740.2329688
24535.264019401555,26196.55742604225,1730655740.2359931
24544.249420672582,26183.32519332471,1730655740.2401536
24555.00060975559,26187.37085907112,1730655740.245058
24547.49042361861,26193.182312629506,1730655740.2490687
24554.08418823292,26188.3319840827,1730655740.2531636
24562.890775548312,26174.56330949823,1730655740.256954
24573.82077858696,26182.25230959085,1730655740.2609668
24565.796502327503,26193.69640275197,1730655740.2638593
24551.87136553185,26197.250330120365,1730655740.2680252
24536.42631011323,26193.539940540784,1730655740.2728844
24525.80923149696,26182.118199124125,1730655740.2771437
24538.23680141411,26193.964623685435,1730655740.2830932
24555.581755111427,26192.51176029584,1730655740.2861052
24555.0453132445,26199.37374584362,1730655740.288924
24548.0939207189,26197.317385353734,1730655740.2930896
24545.702284062183,26193.629347518607,1730655740.2960446
24559.023923757544,26192.28824285129,1730655740.3009567
24546.52929860703,26189.158998627547,1730655740.3051107
24533.18530716721,26185.962699170435,1730655740.3091018
24543.15418519428,26187.884949193594,1730655740.3130803
24550.57496435344,26190.880082950604,1730655740.3171017
24564.23188021564,26203.017080189835,1730655740.3200743
24550.463205631164,26230.73324331441,1730655740.3240235
24547.982161996624,26228.78864154681,1730655740.3281243
24553.90537427728,26188.779018971803,1730655740.3336194
24540.76254853756,26160.19113781347,1730655740.337584
24546.305781162475,26177.60314674415,1730655740.3411949
24553.883022532824,26195.39513533057,1730655740.344216
24544.69645556169,26192.064725406733,1730655740.3479767
24541.075472959936,26185.49331253688,1730655740.352216
24536.56042057996,26183.41460030253,1730655740.3560348
24539.62260957034,26182.2299578464,1730655740.3611834
24545.881098017824,26186.834417204194,1730655740.3652668
24547.53512710752,26189.449571305464,1730655740.368242
24550.664371331262,26193.361126585143,1730655740.3720458
24547.66923757425,26194.54576904128,1730655740.376266
24553.97242951065,26195.9315771975,1730655740.380179
24565.505929649586,26202.167713900533,1730655740.38424
24562.577851125938,26199.530208054806,1730655740.38907
24546.77516779604,26192.42235331802,1730655740.3931644
24544.4952898616,26199.57491154372,1730655740.3962831
24542.058949715967,26198.300862109765,1730655740.4002447
24536.69453104669,26205.922806969025,1730655740.404282
24539.66731305925,26187.99670791587,1730655740.4082897
24536.04633045749,26179.860672934137,1730655740.412335
24540.47197585964,26181.022963645813,1730655740.4173007
24548.451548630183,26185.761533470337,1730655740.4213254
24539.33203689242,26189.78484747229,1730655740.424378
24543.08712996092,26192.690574251483,1730655740.4282448
24543.28829566101,26186.633251504096,1730655740.4323368
24545.970504995646,26192.62351901812,1730655740.4364345
24543.109481705367,26191.148303884067,1730655740.4405732
24545.61287708436,26190.6342137616,1730655740.44582
24559.62742085784,26195.730411497407,1730655740.4481764
24573.1502262533,26202.413583089543,1730655740.451244
24550.217336442154,26197.272681864823,1730655740.4562144
24540.248458415088,26171.612879230128,1730655740.4603806
24591.34454623992,26186.56619627073,1730655740.4643068
24595.703136408705,26208.157981414555,1730655740.4687226
24562.06376100347,26217.165734430044,1730655740.4734368
24515.79564998098,26245.932429544024,1730655740.476754
24526.14450766379,26261.48924368492,1730655740.4799037
24524.60223729637,26200.24546387737,1730655740.4848328
24544.58469683941,26156.50309997834,1730655740.488468
24556.364066167363,26165.153225082544,1730655740.4928875
24543.08712996092,26188.64490850508,1730655740.4966252
24529.072586187434,26193.428181818508,1730655740.5005913
24536.71688279115,26190.74597248388,1730655740.5043344
24540.0919962039,26201.363051100143,1730655740.5075257
24536.605124068872,26203.0841354232,1730655740.5115209
24542.461281116164,26182.29701307977,1730655740.5170088
24556.76639756756,26216.53988558529,1730655740.5205932
24552.18428995422,26238.511650384866,1730655740.5255468
24529.83254549892,26193.60699577416,1730655740.5289211
24535.53224033502,26160.682876191484,1730655740.5325768
24556.364066167363,26185.314498581232,1730655740.5364933
24548.38449339682,26198.457324320952,1730655740.5404084
24545.344656150897,26196.289205108787,1730655740.5449338
24544.405882883773,26195.104562652657,1730655740.5473597
24537.1415659358,26184.778056714305,1730655740.5515478
24540.024940970536,26191.729449239905,1730655740.5563576
24539.555554336974,26209.76730701534,1730655740.5608995
24541.008417726567,26205.87810348012,1730655740.5643609
24560.901470291792,26182.6322892466,1730655740.5683403
24574.15605475379,26212.874199494625,1730655740.572328
24556.297010934,26234.108356727167,1730655740.5753305
24534.012321712056,26222.306635654764,1730655740.57932
24560.25326970259,26214.08119369521,1730655740.58447
24552.96660101016,26185.94034742598,1730655740.589372
24529.877248987825,26171.612879230128,1730655740.5934677
24538.01328396956,26189.181350372,1730655740.5964189
24534.459356601164,26187.52732128231,1730655740.5995889
24545.07643521744,26169.19889082896,1730655740.6033816
24569.90922330728,26181.648812490563,1730655740.6075995
24595.63608117534,26235.58357186121,1730655740.6126685
24563.96365928217,26223.33481589971,1730655740.6168222
24562.220223214656,26198.61378653214,1730655740.620706
24520.95890295016,26208.403850603565,1730655740.623525
24520.84714422788,26186.14151312608,1730655740.6275425
24551.33492366492,26191.48358005089,1730655740.631426
24538.05798745847,26198.54673129877,1730655740.6356988
24537.83447001392,26191.75180098436,1730655740.6395187
24547.982161996624,26196.64683302008,1730655740.6447442
24541.88013576033,26212.42716460552,1730655740.64864
24535.93457173521,26217.1880861745,1730655740.6515143
24540.695493304192,26212.225998905426,1730655740.6554835
24546.43989162921,26203.531170312308,1730655740.6595745
24545.367007895355,26188.15317012705,1730655740.663428
24549.502080619583,26178.89954792256,1730655740.6675816
24556.0958452339,26172.95398389745,1730655740.672578
24580.57100541246,26198.0326411763,1730655740.6755204
24570.31155470748,26218.439783864,1730655740.6794777
24549.05504573048,26209.655548293063,1730655740.6836653
24551.692551576205,26194.791638230283,1730655740.6876614
24552.02782774304,26197.36208884264,1730655740.691645
24547.33396140742,26218.32802514172,1730655740.6957672
24527.887943731304,26207.42037384753,1730655740.7007833
24530.79367051049,26178.94425141147,1730655740.7037125
24544.651752072783,26176.686725221483,1730655740.7075765
24555.402941155786,26203.77703950132,1730655740.711691
24539.77907178153,26198.70319350996,1730655740.7157748
24542.081301460425,26193.316423096232,1730655740.7197647
24560.52149063605,26192.35529808465,1730655740.7236023
24572.32321170845,26194.858693463648,1730655740.7287867
24567.94226979521,26197.093867909178,1730655740.7328756
24546.752816051583,26214.0364902063,1730655740.735688
24545.27760091753,26208.605016303663,1730655740.73956
24547.28925791851,26209.297920381778,1730655740.7437713
24543.91414450576,26222.150173443577,1730655740.7476356
24538.90735374777,26197.47384756492,1730655740.7517407
24548.71976956365,26177.89371942207,1730655740.756648
24549.39032189731,26184.979222414404,1730655740.759682
24569.708057607186,26196.55742604225,1730655740.762838
24555.581755111427,26226.464060123453,1730655740.76767
24499.724745717616,26224.54181010029,1730655745.7796936
24496.260225327045,26217.411603619053,1730655745.7836914
24499.99296665108,26219.17739143102,1730655745.7877328
24500.551760262464,26224.228885677923,1730655745.7919817
24494.44973402616,26225.927618256526,1730655745.7969148
24500.127077117813,26225.81585953425,1730655745.8018055
24506.09499288737,26218.99857747538,1730655745.8057573
24510.99002492309,26219.222094919933,1730655745.8088307
24500.03767013999,26229.12391771364,1730655745.8118887
24486.067829855423,26227.514592112853,1730655745.8159163
24486.246643811064,26225.99467348989,1730655745.8200214
24481.19514956417,26227.33577815721,1730655745.823934
24481.441018753176,26225.68174906752,1730655745.8287768
24481.731591431093,26225.838211278704,1730655745.8328495
24505.826771953914,26222.597208332685,1730655745.8358026
24548.160975952265,26220.518496098342,1730655745.8399928
24567.15995873928,26213.634158806108,1730655745.8440003
24489.42059152372,26206.325138369222,1730655745.8479998
24505.960882420648,26201.65362377806,1730655745.8537934
24563.404865670786,26198.457324320952,1730655745.8570385
24512.95697843516,26189.047239905267,1730655745.86104
24425.516954126,26185.09098113668,1730655745.863959
24432.17777397368,26248.413473178563,1730655745.8680215
24477.17183556221,26199.91018771055,1730655745.8719788
24591.612767173385,26236.65645559507,1730655745.8760624
24547.71394106316,26263.05386579679,1730655745.879887
24397.3090526234,26286.903177130604,1730655745.8860896
24389.24007287504,26280.57763344975,1730655745.8890958
24473.684963427186,26264.506729186385,1730655745.8931074
24441.252582222533,26201.430106333508,1730655745.8958993
24429.294398938942,26223.357167644164,1730655745.9001272
24498.853027683857,26239.89745854109,1730655745.9039445
24572.792598342014,26288.601909709207,1730655745.908069
24579.118142022868,26261.48924368492,1730655745.9128978
24556.162900467265,26190.27658585031,1730655745.9162152
24476.30011752845,26147.60710568513,1730655745.91923
24461.100931298846,26114.012433768803,1730655745.9242013
24596.172523042267,26215.46700185144,1730655745.9279015
24526.211562897155,26337.88750623316,1730655745.9322588
24438.59272463235,26278.409514237585,1730655745.936208
24522.635283784304,26232.588438104205,1730655745.9402497
24599.122953310365,26274.49795895791,1730655745.943189
24501.110553873845,26370.31988743781,1730655745.9470637
24432.513050140507,26186.49914103736,1730655745.9522448
24513.85104821337,26095.19226493744,1730655745.9562626
24520.0871849164,26258.22588899444,1730655745.960193
24467.04649532396,26385.630832389696,1730655745.964324
24405.579198071864,26403.355765742752,1730655745.9682984
24452.74137887256,26291.61939521068,1730655745.9709597
24546.95398175168,26156.972486611903,1730655745.97535
24634.617523505392,26089.626680568064,1730655745.9801848
24682.629070595394,26214.260007650853,1730655745.9841275
24468.633469180284,26350.829166272782,1730655745.9881167
24283.13634194569,26357.06530297581,1730655745.9921453
24352.91848813516,26228.00633049087,1730655745.9951289
24562.801368570494,26117.812230326206,1730655745.9991589
24601.87221787837,26181.827626446204,1730655746.0031388
24566.310592449976,26283.751581162403,1730655746.007062
24581.01804030157,26281.158778805588,1730655746.0120616
24528.78201350952,26234.264818938354,1730655746.016173
24519.260170371555,26175.41267578753,1730655746.0201037
24569.395133184807,26200.84896097767,1730655746.0231829
24520.37775759432,26304.941034906034,1730655746.0272083
24428.601494860828,26217.210437918955,1730655746.0312035
24526.345673363885,26229.90622876957,1730655746.03521
24582.940290324725,26271.3016595008,1730655746.040326
24516.62266452583,26369.2246519595,1730655746.0443487
24391.162322898188,26373.13620723918,1730655746.0471432
24377.01366865798,26161.64400120306,1730655746.0512393
24474.89195762777,26134.2184107564,1730655746.0552473
24560.96852552516,26234.689502083005,1730655746.0593607
24444.69475086865,26331.5172590634,1730655746.063188
24389.24007287504,26364.06139899032,1730655746.0684092
24376.87955819125,26342.603724313227,1730655746.072258
24398.225474146067,26195.2833766083,1730655746.0752704
24554.53122312203,26124.65186412953,1730655746.0791953
24690.474532899207,26183.481655535896,1730655746.0833192
24638.68554099626,26288.713668431483,1730655746.08724
24506.65378649876,26302.281177315854,1730655746.0914147
24404.30514863791,26279.41534273808,1730655746.0953038
24441.252582222533,26225.726452556428,1730655746.1003556
24437.51984089849,26170.04825711826,1730655746.1034317
24452.6743236392,26270.07231355576,1730655746.108417
24464.78896913397,26335.92055272109,1730655746.1114206
24452.11553002781,26310.21604659749,1730655746.1153843
24497.221350338623,26262.71858962996,1730655746.119545
24503.211617852645,26179.614803745128,1730655746.1243868
24519.95307444967,26174.675068220506,1730655746.12738
24563.53897613752,26191.75180098436,1730655746.1303525
24521.584751794908,26323.895314204136,1730655746.1354437
24385.86495946228,26339.25096264493,1730655746.1394677
24431.50722164002,26219.065632708745,1730655746.1434104
24563.315458692963,26251.453310424487,1730655746.147554
24490.649937468763,26328.09744216173,1730655746.1524863
24452.786082361472,26274.989697335925,1730655746.1555088
24458.910460342224,26186.812065459737,1730655746.1585371
24490.60523397985,26186.856768948648,1730655746.1634357
24475.92013787272,26264.663191397573,1730655746.1674447
24447.98045730358,26289.42892425405,1730655746.1713483
24453.90366958424,26259.47758668394,1730655746.1754608
24459.759826631525,26270.92167984505,1730655746.1804016
24483.05034435396,26245.999484777392,1730655746.1834755
24481.68688794218,26267.837139110223,1730655746.1864665
24472.70148667115,26267.703028643493,1730655746.191412
24505.916178931737,26170.495292007363,1730655746.1953485
24555.17942371124,26254.314333714767,1730655746.1994953
24478.445884996163,26304.896331417123,1730655746.2033842
24470.39925699225,26284.91387187408,1730655746.20852
24439.397387432746,26251.565069146764,1730655746.2115772
24453.85896609533,26172.909280408538,1730655746.2146473
24501.44583004068,26195.864521964137,1730655746.2196455
24487.54304498948,26293.72045918948,1730655746.2236164
24438.57037288789,26291.90996788859,1730655746.227558
24463.06788481092,26235.270647438843,1730655746.231546
24477.99885010706,26274.944993847013,1730655746.2345247
24481.485722242087,26211.95777797196,1730655746.238516
24451.6237916498,26207.733298269904,1730655746.2425654
24389.39653508622,26244.211345220967,1730655746.2474437
24424.10879422531,26279.68356367154,1730655746.252643
24474.93666111668,26195.57394928622,1730655746.2556612
24539.0414642145,26224.63121707812,1730655746.2596076
24511.682929001207,26292.53581673334,1730655746.262503
24452.428454450182,26261.31042972928,1730655746.2665172
24448.4721956816,26244.770138832348,1730655746.2705383
24452.45080619464,26232.744900315392,1730655746.274526
24439.039759521456,26236.991731761904,1730655746.27951
24470.64512618126,26282.36577300617,1730655746.2835572
24523.61876054034,26255.409569193074,1730655746.28754
24558.77805456854,26243.339627187208,1730655746.2905695
24445.275896224488,26228.922752013536,1730655746.294637
24458.597535919853,26235.80708930577,1730655746.298586
24519.70720526066,26254.18022324804,1730655746.3025737
24488.347707789864,26231.068519481247,1730655746.3075724
24487.967728134125,26239.11514748516,1730655746.3115928
24486.872492655813,26304.65046222812,1730655746.3157072
24442.280762467475,26263.38914196362,1730655746.3186195
24409.42369811817,26202.25712087836,1730655746.3225603
24510.431231311708,26242.19968821999,1730655746.3266332
24500.283539329,26251.85564182468,1730655746.3306224
24401.98056721456,26213.365937872644,1730655746.335628
24433.42947166317,26191.39417307308,1730655746.3396375
24482.044515853468,26267.39010422112,1730655746.3426564
24451.176756760688,26268.86531935517,1730655746.3467116
24429.49556463904,26220.026757720323,1730655746.350658
24447.91340207021,26254.67196162605,1730655746.354758
24460.56448943192,26326.465764816498,1730655746.3586743
24455.13301552928,26260.461063439976,1730655746.3646836
24490.113495601832,26204.693461023984,1730655746.3676677
24508.531333033006,26238.8916300406,1730655746.371753
24476.30011752845,26277.001354336902,1730655746.3747263
24491.096972357867,26238.10931898467,1730655746.3787024
24469.99692559206,26247.497051655897,1730655746.382692
24445.342951457853,26245.686560355018,1730655746.3866937
24467.582937190884,26230.353263658675,1730655746.390807
24519.72955700512,26212.024833205323,1730655746.3957856
24511.66057725675,26203.642929034584,1730655746.39877
24484.23498681009,26239.78569981881,1730655746.4027295
24491.879283413804,26259.38817970612,1730655746.4067605
24457.90463184173,26230.17444970304,1730655746.4107473
24467.202957535144,26229.079214224723,1730655746.4149303
24472.343858759865,26263.791473363817,1730655746.41892
24488.973556634613,26291.999374866413,1730655746.4239216
24434.92703854168,26281.024668338858,1730655746.427024
24396.057354933902,26225.637045578605,1730655746.4309227
24439.017407777003,26198.166751643035,1730655746.4350286
24487.073658355912,26213.187123917,1730655746.438986
24488.32535604541,26238.57870561823,1730655746.4430175
24453.88131783978,26272.553357190296,1730655746.4468827
24450.327390471382,26260.125787273144,1730655746.4511886
24463.112588299824,26261.37748496264,1730655746.4538429
24461.637373165773,26224.027719977825,1730655746.458078
24500.88703642929,26206.682766280504,1730655746.4628484
24481.55277747545,26211.935426227505,1730655746.4668767
24480.055210596947,26277.560147948283,1730655746.4708583
24458.01639056401,26297.58731098024,1730655746.4751065
24488.70533570115,26230.308560169764,1730655746.4788709
24531.33011237742,26199.10552491016,1730655746.4821332
24464.90072785625,26215.444650106987,1730655746.486101
24415.905704010216,26240.031569007824,1730655746.4909863
24452.428454450182,26268.77591237735,1730655746.494985
24448.00280904804,26249.843984823703,1730655746.4988625
24458.21755626411,26231.940237515,1730655746.5030837
24477.685925684684,26234.82361254974,1730655746.506012
24499.769449206527,26232.47667938193,1730655746.5099528
24515.773298236527,26238.17637421804,1730655746.514053
24481.597480964363,26266.965421076467,1730655746.5179813
24429.27204719449,26291.73115393295,1730655746.5229614
24447.466367181107,26222.53015309932,1730655746.5280087
24451.534384671973,26227.067557223745,1730655746.5320797
24510.364176078343,26237.61758060665,1730655746.5351584
24557.9957435126,26244.47956615443,1730655746.5381384
24453.36722771731,26258.06942678325,1730655746.5420403
24410.47423010757,26246.71474059996,1730655746.5470314
24438.86094556581,26257.10830177168,1730655746.5511973
24431.283704195463,26254.359037203674,1730655746.5552256
24453.099006783847,26214.327062884226,1730655746.558185
24498.94243466168,26198.390269087588,1730655746.5619695
24514.052213913463,26223.13365019961,1730655746.5660768
24484.74907693256,26254.269630225856,1730655746.5700767
24416.397442388232,26227.38048164612,1730655746.5740983
24473.17087330472,26244.43486266552,1730655746.579028
24490.113495601832,26267.144235032112,1730655746.5832846
24469.773408147503,26249.843984823703,1730655746.587073
24465.81714937892,26227.089908968203,1730655746.5902777
24513.269902857533,26230.509725869862,1730655746.5940125
24489.174722334712,26246.82649932224,1730655746.598188
24436.87164030929,26215.824629762727,1730655746.6021175
24457.748169630548,26211.57779831622,1730655746.6072965
24477.9764983626,26262.09274078521,1730655746.611408
24479.60817570784,26313.70291873252,1730655746.6141436
24514.23102786911,26259.075255283744,1730655746.618373
24497.690736972185,26195.57394928622,1730655746.622184
24424.622884347784,26196.311556853245,1730655746.6263585
24488.638280467785,26253.86729882566,1730655746.630282
24463.15729178873,26288.3560405202,1730655746.6354284
24463.827844122392,26219.42326062003,1730655746.6384287
24481.597480964363,26219.445612364485,1730655746.6412945
24469.59459419186,26251.38625519112,1730655746.6461377
24472.09798957085,26233.795432304792,1730655746.6502075
24500.954091662657,26214.52822858432,1730655746.654251
24463.04553306645,26244.52426964334,1730655746.658398
24464.878376111792,26226.106432212167,1730655746.663318
24512.062908656942,26249.41930167905,1730655746.6663742
24470.84629188136,26237.72933932893,1730655746.669158
24454.529518428983,26198.54673129877,1730655746.6743567
24507.59255976588,26233.68367358252,1730655746.6783063
24535.19696416819,26259.566993661763,1730655746.6824205
24497.109591616347,26246.804147577783,1730655746.686407
24470.98040234809,26281.091723572223,1730655746.690391
24452.51786142801,26267.568918176763,1730655746.694384
24444.56064040192,26227.33577815721,1730655746.6974285
24477.641222195773,26201.810085989247,1730655746.7025332
24482.26803329802,26242.356150431177,1730655746.706399
24476.143655317268,26282.991621850924,1730655746.71041
24506.56437952094,26245.552449888284,1730655746.7145684
24476.680097184195,26217.67982455252,1730655746.7186
24471.65095468175,26205.49812382437,1730655746.722573
24485.866664155325,26222.574856588228,1730655746.7255983
24497.44486778317,26240.92563878604,1730655746.7304852
24483.676193198706,26258.896441328103,1730655746.7345705
24448.58395440387,26271.659287412083,1730655746.7383952
24459.201033020145,26230.755595058872,1730655746.7423637
24486.29134729997,26234.0413014938,1730655746.746288
24489.71116420164,26218.775060030828,1730655746.7493212
24525.161030907755,26218.216266419444,1730655746.7532823
24595.72548815316,26251.20744123548,1730655746.7583327
24465.392466234265,26271.77104613436,1730655746.762324
24388.524817052465,26245.46304291046,1730655746.7663407
24443.04072177896,26227.916923513047,1730655746.770319
24480.435190252687,26235.78473756132,1730655746.7734215
24510.1853621227,26219.33385364221,1730655746.7774284
24475.98719310608,26259.544641917302,1730655746.7814047
24446.281724724977,26248.94991504549,1730655746.7855835
24476.769504162017,26215.355243129165,1730655746.7905092
24511.74998423457,26204.24642613488,1730655746.7944157
24487.028954867,26236.164717217056,1730655746.7984731
24456.98821031907,26260.1481390176,1730655746.801496
24472.589727948874,26255.2978104708,1730655746.805539
24486.1795885777,26250.849813324192,1730655746.8095026
24474.735495416586,26222.41839437704,1730655746.813652
24465.63833542327,26187.728486982407,1730655746.818486
24529.206696654168,26180.95590841245,1730655746.822549
24546.77516779604,26238.06461549576,1730655746.8266125
24489.1300188458,26324.40940432661,1730655746.829429
24430.993131517545,26300.090706359235,1730655746.8344507
24423.102965724825,26212.069536694235,1730655746.8396263
24455.96003007413,26207.37567035862,1730655746.842608
24485.62079496632,26252.07915926924,1730655746.8464851
24485.84431241087,26249.12872900113,1730655746.8504622
24466.04066682347,26225.70410081197,1730655746.853557
24474.042591338468,26218.551542586272,1730655746.8574717
24483.34091703188,26220.339682142698,1730655746.861526
24513.9851586801,26226.218190934444,1730655746.8654733
24471.2262715371,26229.81682179175,1730655746.8695111
24462.03970456597,26216.45047860748,1730655746.873535
24488.45946651214,26221.546676343285,1730655746.8785224
24517.315568603943,26255.476624426443,1730655746.8815365
24489.398239779264,26261.15396751809,1730655746.8855324
24450.03681779347,26236.09766198369,1730655746.8896382
24456.161195774224,26222.574856588228,1730655746.8936007
24474.802550649947,26219.467964108942,1730655746.897553
24495.209693337645,26243.071406253744,1730655746.901533
24489.577053734905,26260.19284250652,1730655746.906536
24482.11157108684,26258.449406439,1730655746.9095592
24466.822977879405,26249.061673767766,1730655746.9135475
24456.40706496323,26209.34262387069,1730655746.917602
24472.61207969333,26189.963661427937,1730655746.9215772
24504.619777753327,26226.017025234345,1730655746.9256036
24532.112423433355,26252.97322904745,1730655746.9296548
24510.788859223,26245.12776674364,1730655746.934693
24456.22825100759,26257.264763982865,1730655746.9376323
24450.26033523802,26236.768214317348,1730655746.940656
24481.70923968664,26210.594321560184,1730655746.9456272
24485.79960892196,26223.53598159981,1730655746.949632
24474.243757038566,26234.443632894,1730655746.953618
24464.94543134516,26232.09669972619,1730655746.9577568
24481.08339084189,26250.0451505238,1730655746.9616392
24485.41962926622,26245.373635932643,1730655746.964763
24470.3769052478,26256.3483424602,1730655746.9697618
24465.593631934364,26240.90328704158,1730655746.9736643
24509.35834757785,26208.04622269228,1730655746.9776862
24510.006548167057,26260.17049076205,1730655746.981763
24507.86078069935,26237.841098051205,1730655746.9857757
24490.49347525757,26214.6399873066,1730655746.9889004
24433.60828561882,26201.3854028446,1730655746.992771
24489.577053734905,26228.90040026908,1730655746.9968507
24512.174667379222,26253.77789184784,1730655747.0018935
24460.69859989865,26235.98590326141,1730655747.0058365
24454.574221917897,26212.33775762769,1730655747.0098166
24487.565396733928,26195.30572835276,1730655747.013866
24512.107612145857,26223.021891477336,1730655747.0179982
24503.681004486207,26303.44346802753,1730655747.020749
24458.55283243094,26287.841950397727,1730655747.024854
24491.074620613414,26241.90911554207,1730655747.0298376
24517.80730698196,26189.36016432764,1730655747.0338163
24481.15044607525,26214.08119369521,1730655747.0377958
24473.95318436065,26240.56801087475,1730655747.0408876
24457.03291380798,26252.23562148042,1730655747.044787
24446.50524216953,26252.92852555853,1730655747.0488713
24458.619887664307,26221.636083321107,1730655747.0529993
24467.04649532396,26212.74008902789,1730655747.0580444
24484.74907693256,26219.311501897755,1730655747.0618412
24481.28455654199,26214.774097773327,1730655747.065922
24477.9764983626,26223.737147299904,1730655747.0689433
24493.24273982558,26238.93633352952,1730655747.0730116
24483.16210307624,26258.0470750388,1730655747.0770037
24470.3769052478,26257.48828142742,1730655747.0810404
24473.975536105103,26236.209420705967,1730655747.0850685
24487.028954867,26238.399891662582,1730655747.08991
24489.71116420164,26224.407699633564,1730655747.0939298
24498.920082917222,26235.22594394993,1730655747.0969577
24478.512940229528,26236.07531023924,1730655747.100957
24489.174722334712,26204.20172264597,1730655747.10489
24498.20482709465,26221.166696687545,1730655747.108974
24467.35941974633,26228.989807246904,1730655747.1129296
24491.65576596925,26219.356205386663,1730655747.1179929
24460.9221173432,26216.204609418462,1730655747.122007
24470.77923664799,26215.265836151342,1730655747.124993
24539.443795614698,26226.888743268104,1730655747.1290145
24528.111461175857,26271.05579031179,1730655747.1330168
24471.98623084858,26249.3969499346,1730655747.1390114
24462.10675979933,26243.697255098494,1730655747.1419864
24449.768596860005,26231.850830537183,1730655747.1459107
24459.022219064504,26228.319254913244,1730655747.1490197
24483.855007154347,26225.838211278704,1730655747.152942
24475.76367566153,26221.72549029893,1730655747.1570356
24471.89682387076,26230.017987491847,1730655747.1610217
24508.6877952442,26236.343531172697,1730655747.1650832
24504.19509460868,26234.15306021608,1730655747.1690724
24455.55769867393,26225.03354847832,1730655747.174057
24479.36230651884,26245.261877210367,1730655747.1770604
24482.782123420493,26259.187014006024,1730655747.18108
24478.40118150725,26220.89847575408,1730655747.1850743
24487.565396733928,26217.545714085783,1730655747.1891043
24476.233062295087,26201.29599586677,1730655747.193113
24490.1805508352,26208.828533748216,1730655747.197138
24494.159161348245,26261.690409385017,1730655747.202136
24458.374018475297,26249.799281334792,1730655747.2050922
24468.342896502363,26208.80618200376,1730655747.208129
24482.02216410901,26238.62340910714,1730655747.2131016
24464.520748200503,26222.53015309932,1730655747.2170396
24481.03868735298,26223.021891477336,1730655747.2210703
24490.76169619104,26235.8964962836,1730655747.2253804
24507.100821387867,26237.95285677348,1730655747.2290776
24492.39337353628,26245.77596733284,1730655747.2326183
24472.992059349068,26222.977187988425,1730655747.2364552
24477.864739640325,26212.583626816708,1730655747.2416124
24497.04253638297,26232.1414032151,1730655747.2461216
24510.118306889333,26243.87606905414,1730655747.250708
24510.49828654508,26243.76431033186,1730655747.2541685
24467.35941974633,26219.467964108942,1730655747.257781
24468.253489524544,26243.898420798592,1730655747.2605596
24481.70923968664,26263.277383241344,1730655747.26431
24474.46727448312,26243.496089398395,1730655747.2696996
24489.398239779264,26232.454327637475,1730655747.2735507
24503.301024830464,26222.686615310507,1730655747.2776325
24486.85014091136,26240.746824830392,1730655747.2813213
24464.520748200503,26225.212362433955,1730655747.2843332
24457.681114397183,26192.064725406733,1730655747.2882557
24474.042591338468,26220.5408478428,1730655747.2923114
24512.80051622397,26262.29390648531,1730655747.2961867
24549.613839341862,26245.820670821748,1730655747.3015463
24522.61293203985,26228.78864154681,1730655747.3051949
24452.87548933929,26245.843022566205,1730655747.3098147
24446.684056125174,26228.878048524624,1730655747.3122773
24464.2748790115,26224.117126955647,1730655747.316461
24469.393428491763,26231.068519481247,1730655747.3222773
24471.762713404027,26223.98301648892,1730655747.3256593
24473.729666916093,26222.977187988425,1730655747.3303556
24480.055210596947,26226.93344675701,1730655747.3335984
24482.96093737613,26233.638970093605,1730655747.3372777
24492.281614814,26232.18610670401,1730655747.3404915
24483.81030366544,26232.297865426288,1730655747.3442976
24444.56064040192,26231.00146424788,1730655747.3489027
24519.059004671457,26241.93146728653,1730655747.352934
24551.13375796482,26273.760351390883,1730655747.3576329
24469.21461453612,26258.985848305925,1730655747.3615403
24469.773408147503,26246.46887141095,1730655747.364539
24462.777312132992,26228.74393805789,1730655747.368621
24465.01248657853,26211.108411682657,1730655747.3726969
24478.021201851512,26212.1365919276,1730655747.3766165
24477.35064951785,26217.59041757469,1730655747.3805296
24485.1290565883,26217.836286763704,1730655747.385662
24501.60229225186,26200.53603655529,1730655747.3897655
24520.869495972336,26161.018152358312,1730655747.3925629
24560.96852552516,26230.91205727006,1730655747.396397
24491.78987643598,26301.4094592821,1730655747.4006195
24426.388672159752,26261.04220879581,1730655747.404334
24449.098044526345,26254.873127326147,1730655747.4086497
24448.807471848428,26245.91007779957,1730655747.4134305
24463.40316097774,26218.28332165281,1730655747.4175303
24473.394390749265,26216.83045826321,1730655747.4203477
24475.383696005785,26222.99953973288,1730655747.4245024
24474.355515760843,26225.3911763896,1730655747.4283864
24474.46727448312,26223.938313,1730655747.4326675
24473.684963427186,26222.194876932488,1730655747.4364698
24473.93083261619,26221.81489727675,1730655747.4417045
24475.11547507232,26225.167658945044,1730655747.4444723
24479.20584430765,26226.91109501256,1730655747.448842
24481.642184453274,26227.42518513503,1730655747.452922
24482.715068187128,26228.43101363552,1730655747.4569745
24481.910405386738,26227.67105432404,1730655747.4609354
24473.34968726036,26225.14530720059,1730655747.4644976
24477.03772509548,26233.303693926777,1730655747.4698412
24490.98521363559,26256.61656339366,1730655747.4726574
24508.30781558845,26202.70415576746,1730655747.4758315
24535.264019401555,26223.60303683317,1730655747.480618
24529.9890077101,26277.358982248188,1730655747.4845996
24463.31375399992,26259.23171749493,1730655747.4885476
24453.25546899504,26236.499993383884,1730655747.4926183
24463.47021621111,26226.866391523647,1730655747.4979055
24469.639297680773,26224.29594091129,1730655747.500784
24476.590690206373,26215.71287104045,1730655747.5035076
24477.14948381776,26222.08311821021,1730655747.5089247
24490.31466130193,26231.0908712257,1730655747.5125024
24486.26899555552,26214.774097773327,1730655747.516879
24487.25247231156,26203.642929034584,1730655747.5204854
24486.42545776671,26215.84698150718,1730655747.5236125
24487.4312862672,26255.38721744862,1730655747.5278745
24471.44978898165,26289.47362774296,1730655747.5320425
24482.11157108684,26277.850720626204,1730655747.5365057
24504.843295197883,26217.03162396332,1730655747.540847
24477.887091384782,26214.41646986204,1730655747.544764
24462.620849921805,26220.22792342042,1730655747.5490167
24476.30011752845,26221.926655999025,1730655747.5529635
24457.01056206353,26220.026757720323,1730655747.5569444
24453.188413761665,26215.623464062628,1730655747.5599468
24466.241832523567,26195.19396963048,1730655747.563632
24499.702393973163,26204.872274979625,1730655747.5690217
24497.31075731644,26251.96740054696,1730655747.5731075
24467.717047657618,26243.47373765394,1730655747.5768745
24455.96003007413,26213.70121403948,1730655747.579684
24487.073658355912,26238.131670729123,1730655747.583813
24471.15921630373,26241.506784141875,1730655747.587639
24461.41385572122,26218.90917049756,1730655747.592599
24476.434227995185,26209.49908608188,1730655747.5967746
24474.243757038566,26211.57779831622,1730655747.6011653
24480.055210596947,26233.68367358252,1730655747.6046584
24477.574166962408,26233.080176482224,1730655747.608034
24476.233062295087,26221.636083321107,1730655747.611624
24481.99981236456,26223.37951938862,1730655747.6160076
24510.744155734083,26243.60784812067,1730655747.61975
24505.73736497609,26287.350212019708,1730655747.624912
24442.280762467475,26251.900345313592,1730655747.6286788
24463.671381911205,26208.29209188129,1730655747.6318817
24462.822015621903,26200.46898132193,1730655747.635994
24484.57026297692,26208.023870947825,1730655747.6396809
24517.47203081513,26240.07627249673,1730655747.643756
24483.45267575416,26241.68559809752,1730655747.6481483
24460.810358620925,26224.608865333663,1730655747.6537051
24466.01831507901,26212.74008902789,1730655747.656708
24480.83752165288,26225.659397323063,1730655747.6608856
24486.1795885777,26241.03739750832,1730655747.6637464
24482.31273678693,26229.190972947,1730655747.667908
24466.84532962386,26226.57581884573,1730655747.6717987
24478.870568140814,26228.967455502447,1730655747.6759334
24487.386582778287,26228.00633049087,1730655747.6808033
24480.435190252687,26223.312464155253,1730655747.6848812
24477.79768440696,26211.39898436057,1730655747.687872
24486.98425137809,26239.96451377446,1730655747.6920412
24481.41866700872,26241.350321930688,1730655747.6957574
24486.626623466807,26243.47373765394,1730655747.7000115
24486.98425137809,26243.80901382077,1730655747.703777
24466.21948077911,26235.4941648834,1730655747.7079833
24492.66159446974,26209.1861616595,1730655747.7128909
24523.507001818063,26253.375560447643,1730655747.715979
24477.194187306668,26262.15979601858,1730655747.7197633
24462.95612608864,26238.355188173675,1730655747.7238672
24474.780198905493,26243.38433067612,1730655747.727985
24463.85019586685,26210.594321560184,1730655747.7320113
24467.247661024056,26193.741106240883,1730655747.7360308
24488.30300430096,26222.61956007714,1730655747.7399757
24480.65870769724,26242.19968821999,1730655747.742966
24484.883187399293,26233.303693926777,1730655747.7479055
24509.693623744683,26217.50101059688,1730655747.7519896
24517.94141744869,26217.836286763704,1730655747.755994
24509.60421676686,26237.86344979566,1730655747.7599497
24476.478931484096,26245.440691166008,1730655747.763955
24452.607268405827,26249.53106040133,1730655747.7680025
24461.011524321024,26206.950987213968,1730655747.7708955
24474.579033205395,26216.62929256312,1730655747.7750196
24475.406047750243,26247.608810378173,1730655747.7799191
24474.579033205395,26262.807996607786,1730655747.783858
24464.94543134516,26230.308560169764,1730655747.787923
24472.45561748214,26225.212362433955,1730655747.7919044
24479.965803619125,26236.5446968728,1730655747.7960672
24468.74522790256,26244.97130453245,1730655747.7991388
24489.107667101347,26237.66228409556,1730655747.8038807
24520.66833027224,26219.57972283122,1730655747.808005
24481.105742586344,26214.595283817685,1730655747.812034
24462.732608644084,26228.05103397978,1730655747.816085
24483.81030366544,26223.37951938862,1730655747.8199415
24511.28059760101,26236.298827683782,1730655747.8239462
24464.85602436734,26239.58453411872,1730655747.827202
24449.41096894872,26209.119106426133,1730655747.8311138
24487.721858945115,26218.439783864,1730655747.8361428
24500.909388173743,26251.073330768744,1730655747.8400624
24474.780198905493,26251.87799356914,1730655747.8441136
24462.3749807328,26220.294978653787,1730655747.8471453
24486.872492655813,26227.33577815721,1730655747.8511667
24487.52069324502,26225.055900222767,1730655747.855108
24485.84431241087,26221.345510643187,1730655747.8590903
24490.13584734629,26211.51074308285,1730655747.8631756
24473.640259938275,26236.90232478408,1730655747.86825
24476.523634973008,26271.703990900995,1730655747.8721406
24467.31471625742,26240.59036261921,1730655747.875257
24470.04162908097,26221.79254553229,1730655747.8790631
24472.00858259304,26221.144344943088,1730655747.8832097
24466.197129034656,26224.43005137801,1730655747.8870811
24484.61496646583,26241.57383937524,1730655747.8922455
24486.738382189083,26236.768214317348,1730655747.89616
24485.531387988496,26243.898420798592,1730655747.9001758
24484.257338554544,26250.67099936855,1730655747.9031296
24485.3302222884,26221.90430425457,1730655747.907195
24490.337013046388,26218.73035654192,1730655747.9113965
24470.533367458986,26226.53111535682,1730655747.9153285
24465.928908101192,26218.93152224201,1730655747.9191377
24482.715068187128,26207.86740873664,1730655747.9241889
24496.79666719397,26236.768214317348,1730655747.9273405
24497.26605382753,26241.1938597195,1730655747.9313726
24491.432248524696,26241.32797018623,1730655747.9351168
24462.576146432897,26243.80901382077,1730655747.9393945
24464.341934244865,26229.302731669275,1730655747.9434547
24465.05719006744,26213.29888263928,1730655747.9474237
24473.05911458244,26221.79254553229,1730655747.9523966
24488.168893834223,26234.220115449443,1730655747.955377
24485.79960892196,26233.728377071428,1730655747.9594207
24473.05911458244,26225.927618256526,1730655747.9634705
24476.814207650925,26227.715757812948,1730655747.9673183
24480.390486763776,26229.95093225848,1730655747.971372
24480.90457688625,26230.53207761432,1730655747.9754648
24479.764637919023,26226.37465314563,1730655747.9804473
24479.69758268566,26228.47571712443,1730655747.98337
24489.08531535689,26219.04328096429,1730655747.9862952
24489.666460712728,26211.55544657176,1730655747.9914083
24496.640204982785,26255.610734893173,1730655747.9952323
24521.76356575055,26299.084877858742,1730655747.9993012
24503.50219053056,26268.53004318834,1730655748.003318
24469.92987035869,26241.462080652964,1730655748.0074034
24480.14461757477,26227.603999090672,1730655748.011272
24502.831638196905,26215.355243129165,1730655748.0143876
24448.18162300368,26220.60790307616,1730655748.0197222
24445.56646890241,26215.84698150718,1730655748.0235057
24471.82976863739,26205.095792424177,1730655748.0275378
24470.64512618126,26219.512667597854,1730655748.0313094
24477.820036151414,26231.940237515,1730655748.034332
24498.80832419495,26222.91013275506,1730655748.0391345
24503.52454227502,26236.00825500587,1730655748.0422752
24481.865701897827,26257.13065351613,1730655748.0472906
24489.733515946093,26241.81970856425,1730655748.0512874
24457.07761729689,26248.972266789948,1730655748.0554206
24441.140823500256,26251.11803425765,1730655748.0603688
24457.301134741443,26230.688539825507,1730655748.0625267
24464.431341222687,26225.94997000098,1730655748.0665092
24473.34968726036,26246.58063013323,1730655748.070334
24479.54112047448,26253.10733951418,1730655748.0754423
24469.21461453612,26207.04039419179,1730655748.0795138
24478.80351290745,26196.71388825344,1730655748.0837004
24489.1300188458,26219.445612364485,1730655748.0874424
24479.295251285464,26229.190972947,1730655748.090343
24470.64512618126,26229.28037992482,1730655748.0944664
24480.45754199714,26236.07531023924,1730655748.0984287
24472.545024459963,26233.057824737767,1730655748.1024427
24468.11937905781,26228.699234568983,1730655748.1074495
24487.587748478385,26226.95579850147,1730655748.111413
24484.257338554544,26238.08696724021,1730655748.1154935
24470.60042269235,26223.021891477336,1730655748.1184852
24470.019277336512,26216.562237329752,1730655748.1224792
24507.905484188257,26241.663246353062,1730655748.1264803
24490.98521363559,26236.522345128345,1730655748.1307828
24465.41481797872,26241.350321930688,1730655748.1354415
24466.353591245843,26229.01215899136,1730655748.1394985
24460.519785943008,26215.75757452936,1730655748.1424851
24469.10285581385,26230.91205727006,1730655748.1464944
24458.26225975302,26227.268722923844,1730655748.1505048
24461.74913188805,26224.027719977825,1730655748.1557283
24477.238890795576,26239.2939614408,1730655748.159315
24483.005640865045,26215.310539640253,1730655748.1638827
24489.599405479363,26216.83045826321,1730655748.1675754
24476.814207650925,26256.750673860395,1730655748.1705053
24458.329314986386,26250.134557501624,1730655748.1745124
24464.31958250041,26213.164772172546,1730655748.1785383
24489.979385135102,26210.817839004736,1730655748.1825387
24488.30300430096,26238.131670729123,1730655748.1873205
24455.445939951653,26242.534964386818,1730655748.1905406
24453.3225242284,26250.67099936855,1730655748.195577
24457.479948697084,26261.37748496264,1730655748.1989355
24452.428454450182,26218.305673397263,1730655748.2025445
24484.682021699195,26208.64971979257,1730655748.2066858
24476.41187625073,26219.266798408844,1730655748.2105956
24456.921155085704,26224.09477521119,1730655748.214636
24469.1252075583,26221.926655999025,1730655748.2186043
24485.531387988496,26223.53598159981,1730655748.2235956
24486.40310602225,26220.1385164426,1730655748.2266424
24491.27578631351,26208.47090583693,1730655748.2306404
24501.84816144087,26243.71960684295,1730655748.234626
24471.71800991512,26267.85949085468,1730655748.2386892
24460.31862024291,26247.273534211345,1730655748.2427063
24488.95120489016,26212.42716460552,1730655748.2476902
24508.59838826637,26189.963661427937,1730655748.2506804
24483.2291583096,26217.545714085783,1730655748.253681
24459.04457080896,26250.87216506865,1730655748.2586734
24447.17579450319,26255.454272681985,1730655748.2626965
24466.10772205684,26237.86344979566,1730655748.266716
24474.51197797203,26225.458231622964,1730655748.270724
24474.243757038566,26237.394063162097,1730655748.2757275
24459.625716164795,26232.47667938193,1730655748.2787728
24461.36915223231,26227.514592112853,1730655748.2817242
24461.54796618795,26218.90917049756,1730655748.286726
24472.433265737687,26217.50101059688,1730655748.290752
24481.68688794218,26232.029644492824,1730655748.294726
24461.79383537696,26255.051941281792,1730655748.2987187
24461.81618712141,26245.95478128848,1730655748.3027687
24476.21071055064,26225.94997000098,1730655748.3068724
24484.21263506564,26217.27749315232,1730655748.309846
24508.10664988836,26219.914998998047,1730655748.3137765
24474.46727448312,26226.12878395662,1730655748.3190286
24461.391503976763,26234.488336382907,1730655748.3229165
24477.864739640325,26241.90911554207,1730655748.3270304
24480.03285885249,26237.192897462,1730655748.330978
24473.93083261619,26240.81388006376,1730655748.3338509
24460.76565513201,26227.22401943493,1730655748.337817
24476.05424833945,26230.71089156996,1730655748.3419876
24482.33508853139,26249.97809529044,1730655748.3468108
24469.99692559206,26229.503897369374,1730655748.350976
24481.23985305308,26219.512667597854,1730655748.355013
24501.55758876296,26235.13653697212,1730655748.358009
24487.45363801165,26233.706025326974,1730655748.3617873
24458.575184175395,26237.23760095091,1730655748.36603
24479.13878907428,26239.47277539644,1730655748.3720374
24499.54593176197,26235.158888716567,1730655748.374998
24461.100931298846,26237.23760095091,1730655748.3788388
24449.9250590712,26235.941199772504,1730655748.383016
24461.637373165773,26217.210437918955,1730655748.3861032
24483.07269609841,26218.61859781964,1730655748.3901448
24484.79378042147,26241.10445274168,1730655748.3939707
24482.670364698217,26216.606940818663,1730655748.398065
24499.32241431742,26235.404757905577,1730655748.4029045
24483.29621354297,26247.653513867084,1730655748.4071064
24468.9240418582,26242.512612642364,1730655748.41107
24478.915271629725,26221.211400176457,1730655748.4139748
24456.22825100759,26222.93248449952,1730655748.418024
24451.422625949697,26235.0918334832,1730655748.4221013
24464.29723075596,26247.944086545,1730655748.4260845
24469.25931802504,26232.47667938193,1730655748.4301465
24469.46048372513,26227.67105432404,1730655748.435144
24469.773408147503,26226.888743268104,1730655748.438059
24476.233062295087,26218.171562930533,1730655748.442154
24488.95120489016,26215.265836151342,1730655748.4459944
24482.670364698217,26225.59234208969,1730655748.4501803
24465.99596333456,26228.118089213145,1730655748.4539986
24485.35257403285,26226.62052233464,1730655748.4581776
24493.779181692506,26248.86050806767,1730655748.462991
24441.319637455897,26247.42999642253,1730655748.4661736
24446.34877995834,26236.120013728145,1730655748.4699757
24479.876396641303,26237.505821884373,1730655748.474136
24487.40893452274,26215.98109197392,1730655748.478007
24474.26610878302,26217.165734430044,1730655748.4821885
24462.19616677716,26213.209475661457,1730655748.4860396
24513.1357923908,26205.43106859101,1730655748.491243
24567.15995873928,26242.37850217563,1730655748.4941545
24502.33989981889,26250.00044703489,1730655748.4982266
24411.54711384143,26244.457214409977,1730655748.5022056
24428.57914311637,26234.309522427266,1730655748.506256
24451.55673641643,26250.42513017954,1730655748.5102687
24449.187451504167,26245.01600802136,1730655748.5142727
24455.64710565175,26223.87125776664,1730655748.518324
24469.684001169684,26219.870295509136,1730655748.5212457
24469.661649425227,26218.104507697168,1730655748.5252607
24473.50614947154,26222.99953973288,1730655748.5302975
24474.22140529411,26226.75463280137,1730655748.5341704
24475.294289027966,26228.27455142433,1730655748.5382893
24476.70244892865,26229.03451073581,1730655748.542316
24474.89195762777,26226.508763612364,1730655748.5463383
24460.20686152064,26229.23567643591,1730655748.5493731
24461.950297588148,26253.62142963665,1730655748.5533223
24507.301987087965,26222.597208332685,1730655748.5583053
24518.053176170968,26211.086059938203,1730655748.5622735
24505.44679229817,26246.8935545556,1730655748.5663702
24463.98430633358,26249.1957842345,1730655748.5701785
24451.93671607217,26230.0403392363,1730655748.57337
24449.63448639327,26225.257065922862,1730655748.5774195
24460.430378965186,26223.53598159981,1730655748.5814128
24466.912384857224,26222.977187988425,1730655748.5862644
24469.10285581385,26225.122955456136,1730655748.5904489
24468.9240418582,26225.3911763896,1730655748.5943124
24467.27001276851,26211.84601924968,1730655748.598468
24469.661649425227,26185.538016025785,1730655748.6012328
24512.88992320179,26210.303748882267,1730655748.6055503
24536.471013602142,26280.24235728292,1730655748.6095595
24479.40701000774,26336.88167773267,1730655748.6134305
24431.440166406654,26273.179206035045,1730655748.618577
24474.98136460559,26225.88291476761,1730655748.622478
24488.0794868564,26206.28043488031,1730655748.6255524
24446.54994565844,26200.24546387737,1730655748.6293433
24449.45567243763,26207.129801169613,1730655748.6333618
24464.20782377813,26217.724528041428,1730655748.6373522
24467.15825404624,26216.69634779648,1730655748.6415708
24469.3263732584,26214.0364902063,1730655748.6464882
24484.99494612157,26235.829441050228,1730655748.6504984
24482.60330946485,26231.694368326,1730655748.6533856
24477.864739640325,26219.870295509136,1730655748.657516
24472.79089364897,26224.206533933462,1730655748.661276
24486.04547811097,26246.82649932224,1730655748.6655731
24488.4818182566,26240.456252152475,1730655748.6693454
24488.01243162304,26219.62442632013,1730655748.6745143
24463.581974933382,26231.627313092627,1730655748.6783245
24451.13205327178,26231.87318228164,1730655748.681588
24455.110663784824,26220.697310053984,1730655748.6855977
24463.000829577548,26230.129746214123,1730655748.6895995
24461.480910954582,26224.38534788911,1730655748.6934333
24472.992059349068,26223.625388577628,1730655748.6976092
24471.18156804819,26216.47283035193,1730655748.7016306
24477.14948381776,26225.547638600787,1730655748.7066317
24486.581919977896,26234.063653238256,1730655748.7095134
24492.12515260281,26230.73324331441,1730655748.7134285
24472.4779692266,26234.33187417172,1730655748.7185364
24462.285573754976,26213.745917528384,1730655748.7214904
24489.219425823623,26206.57100755823,1730655748.7254229
24509.3359958334,26254.001409292392,1730655748.7303977
24470.08633256988,26251.363903446665,1730655748.73351
24487.52069324502,26224.206533933462,1730655748.736437
24522.85880122886,26212.76244077235,1730655748.7422247
24465.23600402308,26242.19968821999,1730655748.7454202
24431.082538495368,26235.270647438843,1730655748.7495916
24452.98724806157,26232.744900315392,1730655748.753432
24460.11745454281,26249.665170868066,1730655748.7587495
24453.74720737305,26227.84986827968,1730655748.763111
24461.860890610325,26201.22894063341,1730655748.7645595
24470.10868431433,26208.873237237127,1730655748.7698922
24483.18445482069,26227.939275257504,1730655748.7736526
24482.156274575744,26251.31919995776,1730655748.7776756
24471.2262715371,26236.991731761904,1730655748.7817783
24483.832655409893,26220.965530987447,1730655748.7865033
24480.166969319223,26231.98494100392,1730655748.7906277
24460.98917257657,26238.17637421804,1730655748.793466
24464.386637733776,26222.73131879941,1730655748.7975192
24471.673306426204,26218.28332165281,1730655748.8015225
24470.46631222562,26215.84698150718,1730655748.8056495
24467.18060579069,26220.652606565072,1730655748.8095703
24461.41385572122,26217.121030941133,1730655748.8135817
24469.99692559206,26236.499993383884,1730655748.8175333
24488.4818182566,26220.585551331707,1730655748.8206885
24478.31177452944,26212.114240183146,1730655748.825844
24460.65389640973,26217.03162396332,1730655748.829631
24467.44882672416,26216.69634779648,1730655748.8340995
24488.973556634613,26256.9965430494,1730655748.8379586
24478.870568140814,26260.3493047177,1730655748.8407588
24461.7267801436,26209.253216892863,1730655748.8445976
24477.35064951785,26212.069536694235,1730655748.8486392
24490.828751424404,26230.73324331441,1730655748.852654
24463.827844122392,26227.8945717686,1730655748.857683
24456.049437051945,26221.27845540982,1730655748.8619711
24462.39733247725,26218.596246075183,1730655748.8656693
24463.89489935576,26216.3387198852,1730655748.8686416
24468.94639360266,26220.697310053984,1730655748.8726616
24468.54406220246,26221.5913798322,1730655748.876704
24480.770466419515,26225.10060371168,1730655748.88071
24496.997832894067,26218.551542586272,1730655748.887395
24480.859873397338,26204.872274979625,1730655748.8896537
24495.567321248927,26253.28615346982,1730655748.893693
24463.60432667784,26265.06552279777,1730655748.896742
24433.898858296736,26235.67297883904,1730655748.9007468
24462.486739455075,26224.7429758004,1730655748.9049537
24465.1242453008,26221.27845540982,1730655748.9088287
24467.60528893534,26208.001519203368,1730655748.913759
24466.10772205684,26210.974301215923,1730655748.917797
24469.59459419186,26214.28235939531,1730655748.9208603
24470.86864362581,26220.60790307616,1730655748.924761
24469.773408147503,26219.71383329795,1730655748.928817
24473.1261698158,26222.351339143675,1730655748.9327617
24472.65678318224,26224.89943801158,1730655748.9367852
24471.293326770465,26223.200705432977,1730655748.9408045
24469.9745738476,26221.03258622081,1730655748.9457884
24482.20097806465,26222.48544961041,1730655748.9488883
24493.019222381023,26212.09188843869,1730655748.9528532
24480.614004208328,26245.10541499918,1730655748.956842
24482.737419931585,26250.603944135182,1730655748.9608293
24479.921100130214,26227.04520547929,1730655748.964836
24464.18547203368,26215.377594873626,1730655748.9688575
24462.777312132992,26220.00440597587,1730655748.9738357
24467.33706800188,26222.507801354863,1730655748.976889
24467.44882672416,26221.390214132098,1730655748.9808846
24463.939602844668,26217.121030941133,1730655748.9848917
24466.64416392376,26214.19295241749,1730655748.9889786
24480.546948974963,26198.882007465603,1730655748.992886
24515.52742904752,26177.580794999696,1730655748.996902
24572.01028728608,26232.208458448466,1730655749.0020308
24511.034728412,26282.16460730608,1730655749.005064
24418.07382322238,26238.66811259605,1730655749.008083
24459.93864058717,26210.080231437714,1730655749.0129962
24477.17183556221,26253.263801725367,1730655749.0170083
24444.65004737974,26272.709819401483,1730655749.0210023
24429.540268127952,26213.76826927284,1730655749.0252411
24464.45369296714,26221.41256587655,1730655749.0289671
24461.883242354783,26225.10060371168,1730655749.0321665
24459.80453012044,26211.868370994136,1730655749.0369503
24468.14173080227,26210.46021109345,1730655749.0411344
24469.393428491763,26222.127821699123,1730655749.0449688
24467.56058544643,26234.264818938354,1730655749.0491424
24480.90457688625,26229.68271132502,1730655749.052972
24489.398239779264,26211.84601924968,1730655749.056987
24478.11060882933,26217.053975707768,1730655749.0601082
24460.385675476275,26229.43684213601,1730655749.0641055
24468.968745347112,26218.775060030828,1730655749.0692885
24477.194187306668,26214.66233905105,1730655749.073034
24468.879338369294,26221.79254553229,1730655749.0771475
24463.626678422293,26216.003443718368,1730655749.0811625
24467.962916846624,26219.37855713112,1730655749.0852096
24474.86960588332,26225.167658945044,1730655749.0890908
24474.534329716484,26227.469888623946,1730655749.0930903
24472.567376204417,26220.71966179844,1730655749.0961287
24491.38754503579,26216.89751349658,1730655749.1002705
24471.56154770393,26209.610844804152,1730655749.1040823
24457.90463184173,26202.63710053409,1730655749.1092615
24516.84618197038,26241.03739750832,1730655749.1134045
24485.285518799486,26257.3988744496,1730655749.1173604
24452.428454450182,26227.402833390577,1730655749.1211195
24456.98821031907,26222.91013275506,1730655749.1242228
24464.632506922782,26212.80714426126,1730655749.1281133
24470.3769052478,26229.01215899136,1730655749.1322813
24462.576146432897,26245.66420861056,1730655749.1361146
24463.91725110021,26239.919810285548,1730655749.1413455
24468.0746755689,26207.018042447336,1730655749.1451097
24479.518768730017,26194.590472530184,1730655749.1493292
24483.29621354297,26212.62833030562,1730655749.1523125
24476.85891113984,26220.965530987447,1730655749.1563413
24468.20878603564,26222.194876932488,1730655749.1603472
24459.871585353805,26210.28139713781,1730655749.1642072
24470.39925699225,26201.117181911133,1730655749.1691597
24483.74324843207,26228.922752013536,1730655749.1733625
24478.98232686309,26264.842005353214,1730655749.1763344
24474.243757038566,26218.95387398647,1730655749.1803596
24479.4293617522,26209.454382592965,1730655749.1843753
24450.528556171485,26214.19295241749,1730655749.1883452
24451.64614339425,26217.23278966341,1730655749.1923409
24457.70346614164,26211.8907227386,1730655749.1972935
24483.27386179851,26206.48160058041,1730655749.2013097
24481.776294920004,26211.33192912721,1730655749.2043316
24456.02708530749,26214.215304161942,1730655749.2083557
24458.821053364405,26211.33192912721,1730655749.212331
24463.581974933382,26223.804202533272,1730655749.216448
24481.977460620103,26221.90430425457,1730655749.2204287
24466.532405201484,26222.6419118216,1730655749.2244067
24457.971687075104,26207.64389129209,1730655749.2293909
24470.66747792572,26203.97820520141,1730655749.2324755
24480.166969319223,26213.187123917,1730655749.236331
24474.64608843876,26228.1404409576,1730655749.2404933
24473.21557679362,26225.3911763896,1730655749.2442887
24475.76367566153,26204.24642613488,1730655749.24847
24491.29813805797,26213.544751828285,1730655749.253372
24462.620849921805,26218.506839097365,1730655749.256634
24460.296268498456,26214.148248928577,1730655749.259947
24465.861852867827,26225.14530720059,1730655749.2643926
24468.40995173573,26244.92660104353,1730655749.2684631
24459.26808825351,26236.790566061805,1730655749.272452
24469.10285581385,26200.781905744305,1730655749.276392
24484.771428677017,26194.56812078573,1730655749.2803516
24499.277710828508,26214.0364902063,1730655749.2843835
24473.90848087173,26236.43293815052,1730655749.2874577
24468.231137780087,26229.12391771364,1730655749.2923486
24471.89682387076,26205.453420335463,1730655749.296544
24456.89880334125,26214.684690795504,1730655749.3003883
24456.809396363427,26217.23278966341,1730655749.3045063
24459.26808825351,26219.71383329795,1730655749.3083887
24472.813245393427,26222.53015309932,1730655749.312422
24473.103818071344,26197.60795803165,1730655749.3154848
24461.525614443497,26208.3367953702,1730655749.31937
24468.78993139147,26219.311501897755,1730655749.324438
24471.89682387076,26207.509780825352,1730655749.3284285
24477.61887045132,26212.42716460552,1730655749.3324063
24471.494492470563,26224.51945835584,1730655749.3364348
24469.90751861424,26224.407699633564,1730655749.340422
24472.94735586016,26221.926655999025,1730655749.3435428
24472.29915527096,26209.49908608188,1730655749.3474636
24472.2768035265,26202.972376700924,1730655749.3524115
24483.16210307624,26209.34262387069,1730655749.35663
24491.81222818044,26229.61565609165,1730655749.3606052
24464.96778308961,26213.00830996136,1730655749.3636267
24471.114512814824,26217.56806583024,1730655749.3674493
24473.3273355159,26223.357167644164,1730655749.3714712
24474.422570994207,26220.1385164426,1730655749.3754776
24474.13199831629,26220.160868187057,1730655749.3807385
24462.442035966164,26215.57876057372,1730655749.3846624
24461.525614443497,26221.166696687545,1730655749.3886423
24462.66555341072,26215.71287104045,1730655749.3915117
24491.52165550252,26192.265891106832,1730655749.3965476
24522.03178668401,26214.75174602888,1730655749.4006207
24482.29038504248,26237.192897462,1730655749.4034834
24457.05526555244,26224.65356882257,1730655749.4076183
24453.680152139685,26227.62635083513,1730655749.4126844
24458.910460342224,26209.49908608188,1730655749.416663
24474.33316401639,26218.104507697168,1730655749.419547
24461.03387606548,26220.47379260943,1730655749.4235563
24472.50032097105,26218.14921118608,1730655749.427542
24474.802550649947,26208.04622269228,1730655749.4315572
24457.79287311946,26201.452458077965,1730655749.4356873
24462.1738150327,26210.63902504909,1730655749.440627
24476.36717276182,26223.46892636644,1730655749.444608
24466.197129034656,26203.97820520141,1730655749.4476216
24462.732608644084,26193.830513218705,1730655749.45159
24488.973556634613,26212.203647160968,1730655749.4556096
24497.15429510525,26236.991731761904,1730655749.4596112
24463.96195458913,26244.390159176608,1730655749.4636536
24465.615983678817,26212.695385538984,1730655749.468656
24465.526576700995,26199.731373754905,1730655749.471748
24463.693733655666,26209.52143782633,1730655749.475773
24463.671381911205,26220.652606565072,1730655749.479663
24467.76175114653,26211.153115171568,1730655749.4836268
24478.95997511864,26207.509780825352,1730655749.4877248
24483.787951920986,26206.973338958425,1730655749.4917696
24496.01435613804,26218.462135608454,1730655749.4978416
24469.03580058048,26237.081138739723,1730655749.5008352
24448.338085214866,26214.66233905105,1730655749.5046947
24466.621812179303,26199.932539455003,1730655749.5076623
24467.962916846624,26217.1880861745,1730655749.5117142
24467.292364512967,26215.75757452936,1730655749.5157316
24471.04745758146,26203.911149968048,1730655749.5197084
24469.54989070295,26201.47480982242,1730655749.524727
24481.955108875645,26206.36984185813,1730655749.5277584
24486.09018159988,26212.74008902789,1730655749.5308027
24479.69758268566,26222.8877810106,1730655749.535714
24485.21846356612,26203.50881856785,1730655749.5439525
24480.390486763776,26198.52437955432,1730655749.5444298
24461.480910954582,26225.56999034524,1730655749.5479012
24464.29723075596,26230.53207761432,1730655749.5518644
24464.2748790115,26246.647685366595,1730655749.559733
24466.599460434853,26229.01215899136,1730655749.5597603
24455.84827135185,26202.815914489736,1730655749.5677054
24461.21269002112,26194.99280393038,1730655749.5680318
24485.21846356612,26207.174504658524,1730655749.571787
24485.91136764424,26240.232734707923,1730655749.5770888
24467.784102890982,26240.299789941288,1730655749.578853
24485.732553688595,26196.9821091869,1730655749.5828252
24477.14948381776,26192.24353936238,1730655749.5868146
24458.50812894203,26216.94221698549,1730655749.5918436
24457.63641090827,26222.686615310507,1730655749.595888
24460.0727510539,26221.03258622081,1730655749.5998747
24515.773298236527,26226.419356634546,1730655749.6073625
24496.863722427337,26214.975263473425,1730655749.6073864
24450.483852682573,26185.56036777024,1730655749.6108675
24467.962916846624,26196.44566731997,1730655749.6149452
24458.75399813104,26232.90136252658,1730655749.6198685
24460.49743419855,26236.879973039624,1730655749.623934
24460.340971987363,26218.484487352907,1730655749.6308672
24471.69565817066,26191.125952139613,1730655749.631987
24483.855007154347,26186.70030673746,1730655749.6393356
24461.391503976763,26208.157981414555,1730655749.6393502
24453.277820739488,26227.603999090672,1730655749.6429007
24470.15338780325,26212.315405883244,1730655749.650116
24478.624698951808,26197.20562663145,1730655749.6520283
24464.23017552259,26199.552559799264,1730655749.65598
24461.36915223231,26201.40775458905,1730655749.663384
24477.015373351023,26203.59822554568,1730655749.6634064
24482.715068187128,26224.69827231148,1730655749.671476
24476.99302160657,26232.72254857094,1730655749.6714983
24463.80549237794,26232.47667938193,1730655749.67497
24451.06499803841,26197.98793768739,1730655749.6804764
24465.16894878972,26179.32423106721,1730655749.6842923
24493.04157412548,26203.262949378844,1730655749.6871767
24495.32145205992,26231.157926459065,1730655749.6910331
24461.682076654684,26230.196801447488,1730655749.6950524
24446.84051833636,26217.14338268559,1730655749.6990194
24449.88035558228,26207.2862633808,1730655749.7030392
24467.60528893534,26188.5331497828,1730655749.7080767
24478.95997511864,26195.462190563943,1730655749.7121615
24478.89291988527,26226.32994965672,1730655749.7150917
24477.305946028944,26227.38048164612,1730655749.719118
24507.52550453252,26211.33192912721,1730655749.7230587
24495.299100315464,26228.945103758,1730655749.7270637
24436.46930890909,26214.70704253996,1730655749.7310948
24450.193280004656,26193.89756845207,1730655749.7360866
24461.860890610325,26204.022908690324,1730655749.740126
24468.655820924738,26206.392193602587,1730655749.7431247
24472.679134926693,26217.88099025261,1730655749.7471564
24459.60336442034,26232.38727240411,1730655749.7511432
24447.13109101428,26219.98205423141,1730655749.7551882
24462.03970456597,26199.351394099165,1730655749.7590935
24471.963879104125,26189.22605386091,1730655749.764156
24479.563472218928,26205.5875308022,1730655749.7672987
24476.50128322856,26235.158888716567,1730655749.7723303
24484.59261472137,26211.66720529404,1730655749.7753425
24464.721913900605,26202.77121100083,1730655749.7793176
24465.191300534167,26206.74982151388,1730655749.783483
24498.1824753502,26216.964568729945,1730655749.787206
24467.627640679795,26210.437859349,1730655749.7912707
24447.77929160348,26203.866446479136,1730655749.7953496
24471.18156804819,26200.04429817728,1730655749.79837
24472.70148667115,26210.594321560184,1730655749.8042307
24465.34776274536,26223.46892636644,1730655749.8073237
24463.492567955564,26219.66912980904,1730655749.811224
24465.01248657853,26200.960719699942,1730655749.8154008
24466.912384857224,26209.1861616595,1730655749.8214383
24463.55962318893,26231.91788577055,1730655749.8238895
24448.36043695932,26215.80227801828,1730655749.8305428
24467.292364512967,26203.0841354232,1730655749.8305647
24499.277710828508,26203.95585345696,1730655749.8357103
24489.733515946093,26209.364975615143,1730655749.8393
24438.54802114344,26199.21728363243,1730655749.843837
24454.261297495523,26204.04526043478,1730655749.8472996
24467.00179183505,26225.03354847832,1730655749.8514123
24455.468291696103,26198.61378653214,1730655749.855272
24475.89778612826,26189.963661427937,1730655749.8594017
24487.006603122547,26231.82847879273,1730655749.8634653
24461.81618712141,26222.373690888133,1730655749.8673153
24470.93569885918,26215.556408829263,1730655749.8714988
24460.20686152064,26210.348452371178,1730655749.874756
24456.049437051945,26197.339737098187,1730655749.8782914
24481.396315264265,26198.882007465603,1730655749.8823528
24480.815169908423,26206.168676158035,1730655749.887684
24460.94446908766,26216.3387198852,1730655749.8913336
24456.384713218777,26194.411658574543,1730655749.8953383
24486.023126366512,26213.85767625066,1730655749.8994331
24464.744265645066,26206.950987213968,1730655749.902378
24465.861852867827,26224.85473452267,1730655749.906468
24467.80645463544,26258.33764771672,1730655749.9104888
24451.668495138707,26217.545714085783,1730655749.914493
24460.56448943192,26180.3300595677,1730655749.9196668
24471.56154770393,26187.817893960226,1730655749.9235165
24475.584861705884,26201.27364412232,1730655749.9273868
24486.09018159988,26229.83917353621,1730655749.930519
24475.04841983896,26229.302731669275,1730655749.9343932
24463.380809233287,26223.87125776664,1730655749.9388585
24461.436207465675,26205.94515871348,1730655749.9438305
24466.30888775693,26197.3844405871,1730655749.946424
24480.122265830312,26207.062745936248,1730655749.9514604
24470.3769052478,26227.827516535228,1730655749.9544616
24456.563527174418,26228.00633049087,1730655749.9584684
24453.79191086196,26217.23278966341,1730655749.9624736
24455.110663784824,26185.44860904797,1730655749.967014
24477.44005649568,26208.493257581387,1730655749.9704952
24484.39144902128,26222.686615310507,1730655749.9745412
24476.12130357281,26207.97916745892,1730655749.9795072
24454.641277151262,26204.157019157057,1730655749.982708
24452.87548933929,26205.453420335463,1730655749.9865868
24458.50812894203,26219.266798408844,1730655749.9905035
24473.95318436065,26216.80810651876,1730655749.9945056
24483.40797226524,26222.08311821021,1730655749.9985528
24465.571280189903,26203.531170312308,1730655750.0025463
24483.07269609841,26191.10360039516,1730655750.0075722
24473.34968726036,26210.013176204346,1730655750.0104992
24453.300172483945,26217.3892518746,1730655750.0145652
24468.56641394692,26210.393155860085,1730655750.0185711
24472.992059349068,26217.14338268559,1730655750.0225413
24451.959067816624,26201.921844711527,1730655750.026589
24443.398349690244,26181.782922957293,1730655750.0306792
24475.294289027966,26207.196856402978,1730655750.0355625
24478.64705069626,26217.76923153034,1730655750.0385847
24465.05719006744,26202.50299006736,1730655750.0425632
24462.486739455075,26189.22605386091,1730655750.046652
24478.84821639636,26196.222149875422,1730655750.050614
24488.861797912337,26219.73618504241,1730655750.0546298
24472.567376204417,26210.12493492662,1730655750.0586145
24465.571280189903,26224.81003103376,1730655750.0626717
24468.20878603564,26246.15594698858,1730655750.0657103
24460.94446908766,26208.51560932584,1730655750.069663
24453.56839341741,26200.80425748876,1730655750.0746577
24464.90072785625,26199.552559799264,1730655750.078663
24471.114512814824,26207.822705247727,1730655750.0827737
24444.784157846472,26225.927618256526,1730655750.0866692
24446.86287008081,26209.364975615143,1730655750.090837
24470.84629188136,26190.74597248388,1730655750.0937405
24475.718972172617,26196.44566731997,1730655750.0978131
24474.89195762777,26197.65266152056,1730655750.1027048
24472.567376204417,26219.356205386663,1730655750.1069212
24460.452730709643,26214.148248928577,1730655750.110701
24462.777312132992,26207.59918780317,1730655750.1147954
24468.477006969097,26203.9335017125,1730655750.11879
24465.571280189903,26192.84703646267,1730655750.1219137
24495.25439682656,26193.249367862867,1730655750.125924
24547.8927550188,26223.42422287753,1730655750.130911
24470.19809129216,26235.76238581686,1730655750.1349304
24414.899875509727,26213.50004833937,1730655750.1389031
24437.43043392068,26192.46705680693,1730655750.1428173
24451.69084688316,26189.47192304992,1730655750.1459289
24455.55769867393,26206.0345656913,1730655750.1499343
24469.08050406939,26213.723565783926,1730655750.1537635
24468.16408254672,26207.062745936248,1730655750.1579752
24465.41481797872,26210.23669364889,1730655750.1628685
24468.32054475791,26217.7915832748,1730655750.1669812
24470.30985001444,26205.632234291108,1730655750.1709392
24487.565396733928,26199.2843388658,1730655750.1750133
24484.61496646583,26210.46021109345,1730655750.1778512
24456.45176845214,26231.13557471461,1730655750.1819825
24451.15440501624,26212.583626816708,1730655750.1859472
24463.4255127222,26200.111353410644,1730655750.1910396
24477.75298091805,26220.9878827319,1730655750.194804
24461.771483632503,26207.062745936248,1730655750.1980288
24453.79191086196,26187.929652682506,1730655750.2018113
24475.56250996143,26186.208568359445,1730655750.208079
24494.628547981807,26225.301769411777,1730655750.209922
24475.11547507232,26233.3931009046,1730655750.2160969
24450.88618408277,26205.43106859101,1730655750.2215376
24453.90366958424,26190.70126899496,1730655750.2297163
24458.195204519656,26186.968527670924,1730655750.2297325
24473.863777382827,26207.174504658524,1730655750.229842
24478.46823674062,26203.4864668234,1730655750.2339158
24474.489626227576,26208.44855409248,1730655750.2382064
24466.621812179303,26213.209475661457,1730655750.241917
24460.16215803172,26208.180333159013,1730655750.2473283
24456.65293415224,26220.25027516488,1730655750.2509024
24461.25739351004,26224.18418218901,1730655750.2592375
24472.83559713788,26204.3358331127,1730655750.2592576
24481.731591431093,26197.5856062872,1730655750.2631917
24465.16894878972,26210.72843202692,1730655750.2671633
24459.715123142618,26201.85478947816,1730655750.2700348
24461.16798653221,26209.923769226527,1730655750.2791488
24460.87741385429,26199.686670266,1730655750.2791743
24469.9745738476,26182.25230959085,1730655750.289206
24498.40599279476,26208.04622269228,1730655750.2892225
24485.08435309939,26276.688429914528,1730655750.2899735
24451.75790211653,26240.81388006376,1730655750.2985325
24447.242849736554,26191.818856217727,1730655750.29857
24454.775387617992,26190.34364108368,1730655750.3030927
24464.49839645605,26189.09194339417,1730655750.311772
24471.24862328156,26190.16482712804,1730655750.3117893
24470.89099537027,26199.91018771055,1730655750.3187993
24478.445884996163,26213.187123917,1730655750.3188224
24460.832710365383,26210.013176204346,1730655750.322126
24457.99403881956,26200.22311213292,1730655750.326328
24475.36134426133,26195.52924579731,1730655750.331236
24479.60817570784,26195.32808009721,1730655750.3340392
24452.339047472364,26217.59041757469,1730655750.3370564
24442.437224678662,26211.75661227186,1730655750.3420937
24448.02516079249,26195.66335626404,1730655750.346141
24471.44978898165,26199.10552491016,1730655750.3500729
24485.777257177506,26221.88195251012,1730655750.3540597
24458.06109405292,26212.62833030562,1730655750.3581
24460.229213265087,26205.095792424177,1730655750.362111
24451.98141956108,26193.808161474248,1730655750.3651533
24450.46150093812,26179.21247234493,1730655750.370231
24486.760733933537,26202.70415576746,1730655750.374134
24477.59651870686,26224.65356882257,1730655750.3781457
24448.69571312615,26208.71677502594,1730655750.3821557
24461.45855921013,26200.1337051551,1730655750.3851516
24483.631489709795,26204.671109279527,1730655750.3891509
24474.28846052748,26200.08900166619,1730655750.3931563
24446.102910769336,26192.981146929404,1730655750.3972025
24448.15927125922,26205.833399991203,1730655750.4021811
24471.4274372372,26235.76238581686,1730655750.4062638
24482.491550742576,26221.5913798322,1730655750.4102118
24473.14852156025,26186.54384452628,1730655750.4135027
24458.329314986386,26197.76442024284,1730655750.417321
24451.93671607217,26197.89853070957,1730655750.4212472
24462.442035966164,26201.51951331133,1730655750.425289
24455.736512629574,26206.19102790249,1730655750.430302
24454.41775970671,26198.99376618788,1730655750.4342663
24464.00665807804,26185.359202070144,1730655750.4383984
24496.774315449515,26186.09680963717,1730655750.4414208
24474.914309372227,26211.086059938203,1730655750.4453652
24450.08152128238,26219.222094919933,1730655750.4493034
24454.97655331809,26206.392193602587,1730655750.4533155
24452.00377130553,26192.869388207127,1730655750.4574535
24453.657800395227,26199.954891199457,1730655750.4624293
24459.424550464697,26202.413583089543,1730655750.4655278
24460.9221173432,26196.691536508984,1730655750.469314
24464.29723075596,26201.027774933315,1730655750.473563
24462.59849817735,26206.4368970915,1730655750.4773247
24460.49743419855,26199.731373754905,1730655750.4814172
24467.60528893534,26180.821797945715,1730655750.4863129
24471.2262715371,26186.99087941538,1730655750.4905677
24484.57026297692,26225.03354847832,1730655750.49363
24476.590690206373,26211.71190878295,1730655750.4975371
24461.41385572122,26220.317330398244,1730655750.50152
24450.372093960297,26215.198780917977,1730655750.5055864
24447.689884625663,26203.68763252349,1730655750.5095963
24454.037780050967,26198.323213854223,1730655750.513646
24459.335143486875,26217.09867919668,1730655750.5185435
24462.240870266065,26248.704045856484,1730655750.5225933
24462.66555341072,26220.76436528735,1730655750.5255857
24466.10772205684,26178.787789200283,1730655750.529606
24468.36524824682,26179.14541711157,1730655750.5336
24473.79672214946,26191.70709749545,1730655750.5375257
24485.26316705504,26195.350431841664,1730655750.5416355
24478.89291988527,26192.42235331802,1730655750.546638
24482.33508853139,26192.75762948485,1730655750.5496635
24455.624753907294,26221.121993198634,1730655750.553598
24445.41000669122,26200.35722259965,1730655750.557682
24456.45176845214,26196.669184764527,1730655750.561472
24457.94933533065,26215.623464062628,1730655750.565631
24458.821053364405,26206.503952324863,1730655750.5694892
24464.565451689417,26203.55352205676,1730655750.57349
24465.1242453008,26206.123972669124,1730655750.5767317
24464.163120289224,26205.05108893527,1730655750.5806816
24461.16798653221,26207.04039419179,1730655750.585493
24463.380809233287,26197.47384756492,1730655750.5897164
24475.11547507232,26205.47577207992,1730655750.59365
24461.3244487434,26204.62640579062,1730655750.5977924
24458.597535919853,26200.75955399985,1730655750.60171
24469.14755930276,26210.68372853801,1730655750.60462
24466.89003311277,26225.167658945044,1730655750.609525
24475.89778612826,26221.90430425457,1730655750.613635
24471.71800991512,26214.19295241749,1730655750.6176617
24452.249640494545,26211.644853549584,1730655750.6235695
24458.575184175395,26190.56715852823,1730655750.6267316
24475.875434383805,26181.69351597948,1730655750.6297753
24469.9745738476,26182.6322892466,1730655750.6326284
24466.979440090592,26199.820780732727,1730655750.6365385
24464.90072785625,26216.71869954094,1730655750.641804
24457.971687075104,26207.88976048109,1730655750.6457071
24457.23407950808,26185.761533470337,1730655750.6497853
24485.307870543944,26185.783885214794,1730655750.6536548
24478.714105929623,26222.93248449952,1730655750.6567712
24449.343913715355,26212.225998905426,1730655750.660622
24452.31669572791,26198.010289431848,1730655750.6646204
24458.86575685332,26200.781905744305,1730655750.6687565
24462.84436736636,26198.725545254416,1730655750.673824
24466.86768136832,26202.212417389444,1730655750.6776738
24470.93569885918,26212.65068205008,1730655750.6807015
24460.31862024291,26212.82949600572,1730655750.6847692
24459.04457080896,26207.509780825352,1730655750.6889846
24472.2768035265,26204.5369988128,1730655750.692925
24460.296268498456,26193.182312629506,1730655750.6979682
24456.295306240954,26192.377649829108,1730655750.7019205
24478.244719296064,26205.274606379822,1730655750.7059257
24465.34776274536,26207.88976048109,1730655750.7088716
24453.635448650773,26203.77703950132,1730655750.7129192
24460.631544665284,26199.23963537689,1730655750.7168944
24461.50326269904,26192.84703646267,1730655750.7207892
24465.79479763446,26192.198835873467,1730655750.7247958
24482.871530398315,26200.67014702203,1730655750.7299192
24462.732608644084,26206.41454534704,1730655750.7338817
24445.432358435675,26200.80425748876,1730655750.7367682
24459.51395744252,26196.780943486803,1730655750.740974
24469.81811163641,26198.300862109765,1730655750.744758
24457.859928352827,26196.289205108787,1730655750.7488475
24464.341934244865,26200.93836795549,1730655750.752808
24473.372039004807,26208.62736804812,1730655750.7567935
24465.571280189903,26202.19006564499,1730655750.761784
24460.87741385429,26199.86548422164,1730655750.764883
24462.55379468844,26200.89366446658,1730655750.768772
24459.08927429787,26206.727469769416,1730655750.77291
24450.1709282602,26203.15119065657,1730655750.7768843
24455.71416088512,26201.47480982242,1730655750.7808037
24456.340009729865,26197.250330120365,1730655750.7859788
24399.387764857744,26199.2843388658,1730655755.7979584
24399.276006135467,26196.5350742978,1730655755.8019607
24401.757049770004,26197.94323419848,1730655755.8060784
24399.901854980213,26196.44566731997,1730655755.809954
24400.4606485916,26198.122048154124,1730655755.813988
24403.902817237715,26204.268777879333,1730655755.817238
24400.50535208051,26197.00446093136,1730655755.8210187
24396.459686334096,26191.818856217727,1730655755.8251233
24393.285738621445,26191.19300737297,1730655755.8299963
24395.096229922325,26189.158998627547,1730655755.8339708
24397.68903227914,26190.00836491685,1730655755.8370695
24404.953349227115,26198.54673129877,1730655755.841071
24402.76287827049,26203.95585345696,1730655755.845274
24396.794962500928,26195.350431841664,1730655755.8491993
24398.516046823985,26193.29407135178,1730655755.8531885
24403.03109920396,26193.539940540784,1730655755.858046
24403.63459630425,26194.590472530184,1730655755.8621082
24399.58893055784,26197.406792331552,1730655755.865278
24402.09232593684,26196.870350464626,1730655755.8691163
24407.68026205066,26195.70805975295,1730655755.873056
24407.613206817296,26198.680841765505,1730655755.8770404
24397.06318343439,26201.251292377867,1730655755.8812213
24405.44508760513,26197.42914407601,1730655755.8862069
24418.11852671129,26189.181350372,1730655755.890217
24405.668605049683,26184.576891014207,1730655755.8931065
24388.01072692999,26185.158036370045,1730655755.8972516
24415.659834821206,26182.207606101943,1730655755.9011056
24465.16894878972,26191.528283539807,1730655755.9054725
24465.191300534167,26205.47577207992,1730655755.9092448
24409.647215562727,26222.91013275506,1730655755.914442
24381.97575592706,26226.91109501256,1730655755.9181557
24395.990299700537,26204.157019157057,1730655755.9214664
24400.68416603615,26183.34754506917,1730655755.9252532
24379.092380892325,26178.09488512217,1730655755.9295397
24426.03104424847,26190.34364108368,1730655755.9335868
24465.191300534167,26196.44566731997,1730655755.9372983
24414.721061554083,26205.60988254665,1730655755.942431
24407.74731728403,26186.789713715283,1730655755.9453175
24383.13804663873,26224.85473452267,1730655755.948332
24333.47247045904,26208.3367953702,1730655755.9533365
24332.84662161429,26166.673143705502,1730655755.9572313
24326.85635410027,26198.36791734313,1730655755.9613447
24343.01666534146,26236.879973039624,1730655755.9654207
24348.73871192202,26227.8945717686,1730655755.969309
24389.53064555296,26226.95579850147,1730655755.9735868
24468.61111743583,26121.65673037252,1730655755.9762945
24480.83752165288,26100.377869651067,1730655755.9816096
24401.712346281096,26254.403740692585,1730655755.985309
24365.368409796767,26223.04424322179,1730655755.990318
24369.548186009903,26112.06783200119,1730655755.9943695
24521.316530861444,26122.327282706177,1730655755.9973288
24704.55613190605,26173.624536231106,1730655756.00142
24513.18049587971,26192.66822250703,1730655756.0043871
24223.45718425002,26234.82361254974,1730655756.0085626
24304.012871266947,26310.327805319765,1730655756.0135136
24346.86116538777,26242.2443917089,1730655756.0172672
24420.37605290128,26103.238892941343,1730655756.02146
24528.42438559823,26040.38578753302,1730655756.0254605
24514.14162089129,26257.91296457207,1730655756.029464
24401.511180581,26342.380206868675,1730655756.0323155
24439.755015344028,26244.68073185453,1730655756.0374787
24539.66731305925,26180.03948688978,1730655756.041463
24562.801368570494,26145.573096939697,1730655756.0454457
24357.59000272632,26208.04622269228,1730655756.0494635
24294.982766507004,26240.456252152475,1730655756.0534704
24492.773353192017,26263.43384545253,1730655756.0574389
24507.54785627697,26226.28524616781,1730655756.0603914
24344.69304617561,26290.34534577672,1730655756.064482
24222.049024349337,26196.669184764527,1730655756.0694964
24337.42872922763,26238.019912006846,1730655756.073498
24393.77747699946,26197.54090279829,1730655756.0773792
24409.98249172956,26124.80832634072,1730655756.080491
24497.534274761,26276.3531537477,1730655756.0844724
24385.06029666189,26304.181075594555,1730655756.088662
24445.342951457853,26168.34952453965,1730655756.0924723
24598.541807954527,26271.21225252298,1730655756.0974717
24373.77266571196,26376.19839622956,1730655756.101385
24327.370444222743,26217.433955363507,1730655756.1055126
24485.84431241087,26092.73357304735,1730655756.1087055
24451.780253860983,26159.297068035256,1730655756.112502
24395.945596211623,26268.507691443887,1730655756.11668
24307.678557357616,26263.05386579679,1730655756.120494
24462.79966387745,26167.23193731689,1730655756.1254742
24528.9384757207,26176.44085603248,1730655756.1295128
24379.74058148153,26279.39299099362,1730655756.1324897
24361.367447539265,26142.287390504767,1730655756.136546
24393.866883977284,26137.19119276896,1730655756.1405342
24331.03613031341,26344.682436547573,1730655756.144642
24303.14115323319,26420.208981062053,1730655756.148615
24289.640699582185,26368.822320559306,1730655756.1546552
24333.517173947952,26148.16589929652,1730655756.1576416
24425.62871284828,26086.005697966302,1730655756.1616583
24452.830785850383,26130.396262454546,1730655756.1646976
24478.22236755161,26189.337812583188,1730655756.168558
24449.79094860446,26213.254179150365,1730655756.1727345
24318.72031911854,26222.48544961041,1730655756.176568
24344.357770008777,26250.022798779348,1730655756.1816387
24450.327390471382,26206.503952324863,1730655756.1857052
24406.339157383343,26217.366900130142,1730655756.188666
24339.90977286217,26202.860617978647,1730655756.192629
24401.15355266971,26195.70805975295,1730655756.1966677
24505.80442020946,26219.84794376468,1730655756.2005956
24383.473322805563,26230.91205727006,1730655756.204676
24375.806674457395,26204.24642613488,1730655756.2088125
24459.201033020145,26225.167658945044,1730655756.2136233
24374.82319770136,26290.144180076622,1730655756.2165956
24324.62117965474,26270.653458911594,1730655756.2207327
24394.202160144112,26198.94906269897,1730655756.2247107
24394.313918866388,26152.077454576192,1730655756.228763
24399.186599157645,26215.645815807085,1730655756.2328436
24395.699727022617,26262.15979601858,1730655756.2368748
24380.522892537465,26221.52432459883,1730655756.2408109
24421.806564546416,26271.547528689807,1730655756.2437582
24355.48893874752,26203.844094734683,1730655756.248885
24357.99233412652,26170.31647805172,1730655756.2527976
24389.575349041865,26195.95392894196,1730655756.2567663
24462.151463288246,26223.938313,1730655756.2607813
24429.69673033914,26255.253106981887,1730655756.264761
24402.248788148023,26199.66431852154,1730655756.2691507
24409.17782892917,26230.91205727006,1730655756.2717931
24342.1449473077,26339.83210800077,1730655756.2757351
24344.82715664234,26244.948952787992,1730655756.2807047
24391.49759906502,26189.65073700556,1730655756.284722
24378.44418030312,26172.99868738636,1730655756.2887545
24339.50744146197,26201.20658888896,1730655756.2927313
24403.16520967069,26202.45828657845,1730655756.296824
24408.41786961769,26245.507746399373,1730655756.2998197
24357.67940970414,26209.23086514841,1730655756.3039343
24420.86779127929,26186.834417204194,1730655756.3087375
24446.66170438072,26241.52913588633,1730655756.3128564
24382.802770471902,26235.98590326141,1730655756.3167343
24381.97575592706,26228.028682235323,1730655756.3208773
24390.11179090879,26229.01215899136,1730655756.3237772
24410.764802785496,26235.42710965003,1730655756.3278146
24345.43065374263,26230.979112503424,1730655756.331894
24352.180880568136,26193.27171960732,1730655756.3369024
24382.758066982995,26166.69549544996,1730655756.3408744
24410.094250451835,26218.73035654192,1730655756.3449204
24401.1088491808,26243.898420798592,1730655756.3479064
24396.39263110073,26203.844094734683,1730655756.3518772
24364.16141559618,26196.93740569799,1730655756.3559792
24387.02725017396,26230.46502238095,1730655756.3598526
24446.90757356973,26237.550525373284,1730655756.3638108
24369.48113077654,26204.022908690324,1730655756.3688736
24367.15654935319,26193.58464402969,1730655756.3731198
24425.516954126,26234.64479859409,1730655756.3759468
24359.266383560465,26209.253216892863,1730655756.380104
24380.858168704293,26198.56908304323,1730655756.3838234
24384.367392583776,26247.273534211345,1730655756.3879864
24368.609412742782,26228.07338572424,1730655756.392013
24366.508348763982,26200.04429817728,1730655756.396868
24380.120561137268,26186.297975337267,1730655756.4010007
24392.235206632045,26185.13568462559,1730655756.4039245
24401.48882883654,26234.33187417172,1730655756.4080436
24395.49856132252,26248.07819701173,1730655756.4119177
24378.555939025395,26209.56614131524,1730655756.4159732
24393.77747699946,26256.10247327119,1730655756.4200428
24393.866883977284,26214.61763556214,1730655756.4249508
24382.13221813825,26168.43893151748,1730655756.428038
24405.37803237177,26192.80233297376,1730655756.4320452
24343.7989763974,26193.070553907222,1730655756.436023
24371.649249988703,26192.176484129013,1730655756.439984
24444.426529935183,26228.38631014661,1730655756.443994
24403.72400328208,26235.38240616112,1730655756.4480908
24344.69304617561,26223.60303683317,1730655756.452994
24354.43840675812,26198.010289431848,1730655756.456158
24385.082648406347,26200.826609233216,1730655756.461192
24420.040776734448,26212.918902983536,1730655756.4641366
24453.769559117503,26206.70511802496,1730655756.4680183
24363.02147662896,26209.812010504247,1730655756.472216
24342.45787173008,26212.9859582169,1730655756.4760628
24375.963136668583,26210.57196981573,1730655756.481239
24401.466477092086,26192.198835873467,1730655756.4840648
24409.35664288481,26212.00248146087,1730655756.4870608
24375.851377946303,26227.827516535228,1730655756.4920228
24360.026342871948,26216.673996052028,1730655756.4961116
24408.37316612877,26223.37951938862,1730655756.500286
24424.39936690323,26193.98697542989,1730655756.5041175
24445.49941366904,26243.13846148712,1730655756.5083363
24348.246973544,26258.516461672363,1730655756.512297
24325.53760117741,26201.65362377806,1730655756.515294
24365.569575496866,26194.70223125246,1730655756.520313
24394.44802933312,26192.310594595743,1730655756.5242505
24406.31680563889,26206.48160058041,1730655756.528312
24372.610375000284,26229.57095260274,1730655756.532311
24361.97094463956,26211.37663261612,1730655756.5363164
24380.858168704293,26205.319309868733,1730655756.5392108
24375.471398290563,26163.18627157048,1730655756.5431316
24406.965006228093,26185.068629392223,1730655756.5482752
24422.61122734681,26248.458176667475,1730655756.5522528
24397.37610785677,26246.267705710856,1730655756.5563428
24384.12152339477,26221.90430425457,1730655756.560154
24382.64630826072,26205.252254635365,1730655756.5643656
24363.15558709569,26193.7858097298,1730655756.56717
24373.795017456418,26218.79741177528,1730655756.5713403
24375.87372969076,26216.09285069619,1730655756.576228
24404.21574166009,26175.770303698817,1730655756.5802977
24416.4644976216,26169.46711176242,1730655756.5842135
24409.200180673623,26227.603999090672,1730655756.5883365
24383.92035769467,26225.413528134053,1730655756.5913274
24373.12446512276,26224.47475486693,1730655756.5953164
24377.460703547087,26227.603999090672,1730655756.5993109
24384.814427472884,26221.85960076566,1730655756.6033804
24385.3061658509,26210.75078377137,1730655756.608358
24380.00880241499,26183.70517298045,1730655756.612373
24390.08943916433,26177.334925810686,1730655756.6163476
24392.101096165312,26199.731373754905,1730655756.6195288
24412.64234931974,26218.260969908355,1730655756.6235893
24413.7152330536,26182.78875145778,1730655756.627293
24425.40519540372,26153.50796622133,1730655756.631612
24410.183657429658,26202.480638322908,1730655756.6365683
24317.33451096231,26269.31235424428,1730655756.641576
24345.58711595382,26256.683618627027,1730655756.6444345
24361.568613239364,26214.774097773327,1730655756.6474648
24352.65026720169,26163.70036169295,1730655756.6522756
24376.00784015749,26185.359202070144,1730655756.656348
24388.502465308007,26209.94612097098,1730655756.6594355
24383.473322805563,26191.48358005089,1730655756.664604
24414.31873015389,26188.71196373844,1730655756.6683152
24460.832710365383,26202.123010411626,1730655756.6736574
24415.995110988035,26207.91211222555,1730655756.6763532
24358.39466552671,26205.922806969025,1730655756.6806448
24335.95351409358,26190.902434695057,1730655756.6836553
24370.10697962129,26194.52341729682,1730655756.6877065
24386.82608447386,26203.77703950132,1730655756.691641
24371.35867731079,26194.25519636336,1730655756.6955895
24393.93393921065,26186.186216614988,1730655756.6996388
24404.103982937813,26193.71875449643,1730655756.7037272
24402.98639571505,26204.469943579432,1730655756.7084734
24420.130183712263,26200.781905744305,1730655756.7114506
24427.2156867046,26246.982961533424,1730655756.7156584
24392.19050314313,26251.542717402303,1730655756.719484
24356.405360270182,26218.57389433073,1730655756.7236123
24348.62695319974,26195.37278358612,1730655756.7275274
24353.365523024266,26198.010289431848,1730655756.7314303
24387.742505996528,26190.298937594765,1730655756.7364433
24382.37808732725,26188.51079803834,1730655756.7396238
24373.3032790784,26186.0297544038,1730655756.743598
24395.27504387797,26197.47384756492,1730655756.7474525
24409.848381262826,26206.168676158035,1730655756.7514548
24398.65015729072,26214.52822858432,1730655756.7554815
24383.272157105468,26201.47480982242,1730655756.7595148
24383.87565420576,26200.53603655529,1730655756.7635093
24391.92228220967,26204.04526043478,1730655756.768489
24403.43343060416,26184.778056714305,1730655756.7714424
24419.2137621896,26176.99964964385,1730655756.7757585
24421.91832326869,26179.547748511763,1730655756.7796884
24407.188523672645,26229.57095260274,1730655756.783559
24344.491880475507,26253.77789184784,1730655756.7875297
24367.96121215358,26205.65458603556,1730655756.7916217
24376.96896516907,26203.0841354232,1730655756.794665
24385.44027631763,26188.64490850508,1730655756.798658
24392.861055476795,26193.539940540784,1730655756.8035676
24392.34696535432,26197.317385353734,1730655756.8076425
24387.96602344108,26204.24642613488,1730655756.8116534
24387.563692040887,26200.826609233216,1730655756.8156464
24389.508293808496,26200.781905744305,1730655756.8197129
24385.999069929014,26197.965585942937,1730655756.822685
24391.51995080948,26201.161885400044,1730655756.826639
24411.63652081925,26185.13568462559,1730655756.8317027
24437.78806183196,26199.552559799264,1730655756.8357923
24401.13120092525,26237.192897462,1730655756.8396304
24375.605508757297,26232.76725205985,1730655756.843656
24416.889180766248,26221.971359487936,1730655756.8477488
24414.408137131708,26199.172580143524,1730655756.8506408
24372.431561044643,26177.31257406624,1730655756.8546453
24391.765819998483,26189.42721956101,1730655756.8596532
24372.699781978103,26201.363051100143,1730655756.8637877
24378.39947681421,26199.016117932337,1730655756.867683
24389.575349041865,26200.178408644013,1730655756.8707554
24388.10013390781,26188.957832927448,1730655756.8746789
24398.53839856844,26202.65945227855,1730655756.87881
24418.52085811149,26226.15113570108,1730655756.8827305
24430.97077977309,26203.75468775686,1730655756.886772
24389.508293808496,26195.75276324186,1730655756.8917918
24373.906776178694,26193.159960885045,1730655756.8957934
24368.408247042687,26183.70517298045,1730655756.8987556
24384.993241428525,26190.298937594765,1730655756.902733
24394.29156712193,26187.14734162657,1730655756.906761
24370.621069743764,26199.19493188797,1730655756.910767
24386.08847690684,26211.98012971641,1730655756.9147618
24385.507331551,26202.57004530073,1730655756.9198685
24391.98933744304,26202.61474878964,1730655756.923854
24412.68705280865,26206.54865581377,1730655756.9268334
24407.836724261848,26211.019004704835,1730655756.9308653
24387.13900889624,26190.18717887249,1730655756.9348197
24401.39942185872,26202.90532146756,1730655756.9388783
24398.337232868344,26222.91013275506,1730655756.942768
24384.702668750608,26195.641004519584,1730655756.9478817
24392.414020587687,26219.19974317548,1730655756.9518833
24389.865921719786,26201.7877342448,1730655756.954846
24406.45091610562,26194.411658574543,1730655756.9588237
24416.620959832784,26205.319309868733,1730655756.963002
24447.30990496992,26212.38246111661,1730655756.966848
24442.683093867672,26211.42133610503,1730655756.9709306
24368.49765402051,26195.39513533057,1730655756.975832
24338.45690947257,26184.08515263619,1730655756.9788563
24378.019497158468,26197.42914407601,1730655756.981841
24398.62780554626,26191.84120796218,1730655756.98686
24400.415945102686,26194.165789385534,1730655756.9909291
24401.60058755882,26228.00633049087,1730655756.99487
24392.816351987884,26207.442725591987,1730655756.9989524
24391.69876476512,26187.66143174904,1730655757.0041
24392.27991012096,26175.904414165547,1730655757.0069747
24418.3643959003,26191.327117839708,1730655757.0099456
24423.30413142492,26237.05878699527,1730655757.0149815
24405.86977074978,26237.32700792873,1730655757.0190184
24378.555939025395,26214.28235939531,1730655757.023042
24388.83774147484,26181.84997819066,1730655757.026925
24382.26632860498,26191.640042262083,1730655757.0310297
24406.69678529463,26202.25712087836,1730655757.035005
24440.00088453304,26221.144344943088,1730655757.0380445
24382.06516290488,26205.252254635365,1730655757.0429811
24385.3061658509,26195.70805975295,1730655757.047169
24412.88821850875,26194.434010319,1730655757.0509856
24399.70068928012,26199.84313247718,1730655757.0549974
24388.63657577474,26190.075420150213,1730655757.0590053
24405.60154981632,26201.40775458905,1730655757.0631704
24406.562674827896,26205.207551146457,1730655757.0660875
24422.410061646708,26215.0870221957,1730655757.0709856
24371.58219475534,26208.26974013683,1730655757.075046
24367.24595633101,26196.49037080889,1730655757.0791132
24386.37904958476,26201.67597552252,1730655757.0831175
24386.26729086248,26213.43299310601,1730655757.0860171
24392.324613609864,26205.65458603556,1730655757.0899909
24428.40032916073,26189.717792238927,1730655757.0940268
24431.104890239825,26199.731373754905,1730655757.098153
24377.617165758274,26206.101620924663,1730655757.1031463
24389.754162997506,26186.32032708172,1730655757.1071432
24401.93586372565,26181.11237062364,1730655757.1111686
24399.2089509021,26200.781905744305,1730655757.1141698
24404.126334682267,26198.882007465603,1730655757.118096
24380.455837304096,26169.936498395982,1730655757.12218
24388.614224030283,26201.005423188857,1730655757.1261282
24397.845494490328,26205.453420335463,1730655757.1311986
24397.554921812407,26192.578815529207,1730655757.135255
24398.67250903517,26200.15605689956,1730655757.1393783
24405.288625393943,26214.08119369521,1730655757.1423488
24397.01847994548,26208.71677502594,1730655757.1462233
24403.2099131596,26204.49229532389,1730655757.1501997
24426.813355304403,26199.530208054806,1730655757.1544015
24427.0145210045,26204.894626724083,1730655757.159197
24421.761861057505,26211.80131576077,1730655757.1633604
24419.03494823396,26214.774097773327,1730655757.1673195
24373.72796222305,26240.59036261921,1730655757.1704447
24364.58609874083,26205.49812382437,1730655757.174425
24384.099171650312,26178.385457800086,1730655757.1784227
24390.62588103126,26187.817893960226,1730655757.1824331
24398.31488112389,26189.069591649724,1730655757.186332
24398.046660190423,26204.42524009052,1730655757.1914694
24396.77261075647,26200.178408644013,1730655757.1944568
24405.78036377196,26185.13568462559,1730655757.1983664
24412.418831875188,26195.61865277513,1730655757.2024088
24409.58016032936,26201.58656854469,1730655757.2064295
24393.01751768798,26214.260007650853,1730655757.2103424
24380.880520448747,26210.66137679355,1730655757.2144654
24378.91356693668,26179.57010025622,1730655757.2193208
24393.44220083264,26179.19012060048,1730655757.2224836
24406.517971338984,26203.30765286776,1730655757.2263288
24394.11275316629,26203.0841354232,1730655757.2314446
24395.453857833607,26200.89366446658,1730655757.234314
24400.57240731388,26194.32225159672,1730655757.238477
24390.134142653245,26186.052106148258,1730655757.242318
24408.4625731066,26205.47577207992,1730655757.2473228
24431.104890239825,26203.70998426795,1730655757.2502935
24419.72785231208,26199.23963537689,1730655757.2545147
24386.08847690684,26190.74597248388,1730655757.2584567
24378.08655239184,26196.44566731997,1730655757.262503
24392.07874442085,26213.81297276175,1730655757.2664745
24415.279855165467,26218.506839097365,1730655757.2714727
24391.184674642645,26203.59822554568,1730655757.2744834
24386.691974007128,26205.3863651021,1730655757.2776096
24391.363488598286,26198.27851036531,1730655757.2825332
24394.22451188857,26193.09290565168,1730655757.286526
24403.366375370788,26194.09873415217,1730655757.2905953
24407.63555856175,26198.65849002105,1730655757.2945497
24408.328462639867,26217.23278966341,1730655757.2985208
24397.39845960122,26214.55058032877,1730655757.3025951
24401.757049770004,26206.392193602587,1730655757.3055286
24404.618073060283,26196.37861208661,1730655757.3105333
24417.9620645001,26180.37476305661,1730655757.314484
24421.046605234937,26199.84313247718,1730655757.3185914
24382.668660005173,26188.220225360423,1730655757.3225996
24388.949500197115,26194.72458299692,1730655757.32641
24385.887311206738,26192.869388207127,1730655757.3306527
24400.52770382496,26197.04916442027,1730655757.3334143
24405.42273586068,26231.180278203523,1730655757.3376524
24390.26825311998,26210.102583182168,1730655757.34248
24422.052433735425,26190.45539980596,1730655757.3465607
24449.9250590712,26197.250330120365,1730655757.3504732
24390.000032186515,26209.610844804152,1730655757.3546174
24371.58219475534,26190.388344572588,1730655757.358458
24400.840628247337,26183.30284158025,1730655757.3616643
24409.647215562727,26194.70223125246,1730655757.3655877
24394.202160144112,26203.70998426795,1730655757.3706422
24391.564654298385,26185.49331253688,1730655757.3746684
24412.798811530927,26184.912167181035,1730655757.3786826
24386.71432575158,26195.775114986314,1730655757.3816364
24402.91934048168,26203.77703950132,1730655757.3856423
24429.24969545003,26222.507801354863,1730655757.3896985
24399.32070962437,26220.518496098342,1730655757.3936365
24387.4072298297,26198.0326411763,1730655757.398716
24391.363488598286,26198.2338068764,1730655757.4027824
24402.58406431485,26196.669184764527,1730655757.4067805
24416.956235999613,26199.39609758808,1730655757.4095533
24409.58016032936,26178.117236866623,1730655757.4136925
24415.950407499124,26180.44181828997,1730655757.4175596
24446.684056125174,26214.796449517784,1730655757.421818
24376.991316913525,26221.971359487936,1730655757.425599
24364.13906385172,26196.5350742978,1730655757.4308352
24396.32557586737,26201.29599586677,1730655757.434612
24391.25172987601,26211.086059938203,1730655757.437734
24391.54230255393,26183.906338680543,1730655757.4417453
24406.517971338984,26167.99189662837,1730655757.4456315
24418.297340666933,26212.114240183146,1730655757.4498188
24403.03109920396,26231.314388670253,1730655757.4537768
24406.69678529463,26201.60892028916,1730655757.458805
24399.67833753566,26184.129856125102,1730655757.462824
24394.33627061084,26192.08707715119,1730655757.4656875
24400.147724169223,26205.87810348012,1730655757.4698384
24386.759029240493,26208.71677502594,1730655757.473837
24384.4567995616,26199.50785631036,1730655757.4778752
24389.01655543048,26191.23771086189,1730655757.4836893
24390.62588103126,26175.971469398915,1730655757.4867997
24440.15734674422,26203.240597634387,1730655757.4908009
24430.635503606263,26209.297920381778,1730655757.4938233
24374.979659912548,26189.181350372,1730655757.497864
24390.08943916433,26217.1880861745,1730655757.5018003
24380.902872193205,26206.302786624765,1730655757.5056708
24403.6122445598,26195.95392894196,1730655757.5097215
24412.195314430635,26191.952966684457,1730655757.5149364
24383.853302461303,26195.9315771975,1730655757.5176802
24395.43150608916,26199.37374584362,1730655757.5218928
24408.842552762337,26198.99376618788,1730655757.5256789
24394.649195033217,26195.59630103068,1730655757.529904
24409.22253241808,26201.85478947816,1730655757.533714
24392.592834543328,26210.54961807128,1730655757.537861
24377.661869247186,26187.70613523795,1730655757.5427856
24397.845494490328,26185.51566428133,1730655757.5458715
24421.963026757603,26203.15119065657,1730655757.5490742
24417.60443658882,26221.144344943088,1730655757.5539975
24376.63368900224,26192.176484129013,1730655757.558336
24377.39364831372,26198.65849002105,1730655757.5618272
24397.934901468147,26195.55159754176,1730655757.565827
24399.92420672467,26166.69549544996,1730655757.5689187
24402.807581759404,26188.04141140477,1730655757.5729666
24425.40519540372,26209.119106426133,1730655757.5790372
24441.900782811736,26220.18321993151,1730655757.58206
24391.966985698586,26219.13268794211,1730655757.5870008
24370.554014510395,26208.113277925644,1730655757.5899997
24378.95827042559,26192.981146929404,1730655757.5940216
24385.842607717823,26195.12691439711,1730655757.5970695
24390.46941882008,26192.71292599594,1730655757.600868
24403.12050618178,26192.28824285129,1730655757.604895
24415.54807609893,26187.59437651568,1730655757.609934
24398.985433457547,26175.435027531985,1730655757.613999
24393.375145599264,26204.73816451289,1730655757.6178768
24390.53647405344,26217.076327452225,1730655757.6221075
24384.50150305051,26198.457324320952,1730655757.6249275
24400.438296847144,26190.902434695057,1730655757.629111
24400.706517780607,26195.43983881949,1730655757.633218
24394.58213979985,26184.263966591832,1730655757.6370816
24413.3129016534,26179.234824089388,1730655757.6418405
24419.303169167422,26211.644853549584,1730655757.645996
24402.718174781585,26219.512667597854,1730655757.6499977
24385.999069929014,26200.46898132193,1730655757.6530595
24401.3100148809,26191.48358005089,1730655757.6570969
24409.803677773914,26192.08707715119,1730655757.661091
24417.33621565536,26201.69832726697,1730655757.6650848
24404.930997482657,26199.440801076988,1730655757.670114
24371.626898244253,26186.65560324855,1730655757.6741393
24381.88634894924,26185.068629392223,1730655757.677063
24398.225474146067,26211.57779831622,1730655757.6811206
24390.53647405344,26218.104507697168,1730655757.685081
24382.914529194182,26193.964623685435,1730655757.6891384
24391.184674642645,26168.930669895493,1730655757.6929476
24409.714270796096,26178.25134733336,1730655757.6981187
24422.72298606908,26212.76244077235,1730655757.702214
24397.77843925696,26219.155039686568,1730655757.7050765
24401.48882883654,26200.200760388467,1730655757.7089615
24453.05430329493,26199.127876654613,1730655757.7131424
24416.2633319215,26189.40486781656,1730655757.716986
24347.66582818816,26180.93355666799,1730655757.7211945
24393.285738621445,26213.455344850463,1730655757.7259665
24409.33429114036,26207.42037384753,1730655757.7302668
24394.49273282203,26182.073495635213,1730655757.7332437
24400.237131147045,26201.40775458905,1730655757.7370193
24401.04179394744,26212.293054138787,1730655757.741287
24392.212854887588,26183.34754506917,1730655757.7451484
24410.87656150777,26210.057879693257,1730655757.749248
24405.087459693845,26227.58164734622,1730655757.754229
24390.08943916433,26218.68565305301,1730655757.7582605
24393.35279385481,26188.667260249527,1730655757.7612298
24420.979550001568,26183.928690425004,1730655757.7651324
24404.03692770445,26191.84120796218,1730655757.769266
24376.410171557687,26177.580794999696,1730655757.7732885
24394.09040142184,26197.04916442027,1730655757.7772875
24409.42369811817,26199.88783596609,1730655757.7822716
24414.69870980963,26200.178408644013,1730655757.7852528
24401.086497436347,26213.321234383733,1730655757.7882912
24394.202160144112,26207.39802210308,1730655757.793095
24389.64240427523,26207.59918780317,1730655757.7972865
24393.084572921347,26211.108411682657,1730655757.8011
24398.18077065716,26193.7858097298,1730655757.8053055
24392.324613609864,26188.3319840827,1730655757.809156
24397.085535178845,26192.24353936238,1730655757.8133886
24407.657910306207,26198.52437955432,1730655757.816226
24408.37316612877,26200.71485051094,1730655757.821339
24399.43246834665,26201.40775458905,1730655757.8252635
24406.62973006126,26190.500103294864,1730655757.8293247
24408.999014973524,26197.160923142543,1730655757.83538
24396.41498284519,26194.881045208105,1730655757.8383248
24402.96404397059,26208.71677502594,1730655757.8413284
24392.704593265607,26203.240597634387,1730655757.8452947
24396.660852034194,26199.79842898827,1730655757.8494637
24398.001956701515,26201.29599586677,1730655757.8533852
24396.571445056376,26193.29407135178,1730655757.857468
24404.57336957137,26200.7372022554,1730655757.861448
24415.995110988035,26189.673088750016,1730655757.8645
24409.3119393959,26190.70126899496,1730655757.8684847
24400.661814291696,26216.495182096387,1730655757.8724926
24396.057354933902,26221.300807154275,1730655757.8762712
24413.558770842406,26183.32519332471,1730655757.8817744
24419.191410445143,26194.27754810781,1730655757.885635
24384.00976467249,26208.381498859108,1730655757.889548
24379.22649135905,26185.51566428133,1730655757.893442
24397.01847994548,26198.323213854223,1730655757.8964543
24397.19729390112,26209.47673433742,1730655757.9005065
24406.65208180572,26193.40583007405,1730655757.9045455
24422.812393046905,26204.00055694587,1730655757.9093533
24410.854209763314,26207.4874290809,1730655757.9134667
24402.76287827049,26202.34652785617,1730655757.917309
24399.11954392428,26213.85767625066,1730655757.920503
24392.54813105442,26198.65849002105,1730655757.9245064
24395.2079886446,26190.880082950604,1730655757.9285486
24411.368299885788,26190.41069631704,1730655757.932564
24425.40519540372,26194.32225159672,1730655757.9364667
24402.27113989248,26211.55544657176,1730655757.9415965
24385.01559317298,26204.469943579432,1730655757.9455633
24383.361564083287,26187.683783493496,1730655757.9486315
24402.896988737222,26205.3863651021,1730655757.9526222
24409.62486381828,26196.669184764527,1730655757.9565785
24413.156439442213,26200.983071444403,1730655757.9606335
24411.144782441235,26199.172580143524,1730655757.9646227
24397.35375611231,26200.066649921733,1730655757.9695833
24400.907683480706,26199.731373754905,1730655757.972612
24398.24782589052,26192.51176029584,1730655757.976501
24400.840628247337,26201.631272033606,1730655757.98058
24397.53257006796,26217.67982455252,1730655757.9875326
24391.34113685384,26197.317385353734,1730655757.9904106
24399.812448002394,26192.869388207127,1730655757.993596
24407.836724261848,26186.99087941538,1730655757.9986296
24409.043718462435,26185.49331253688,1730655758.0015385
24412.798811530927,26209.007347703857,1730655758.005608
24417.1126982108,26216.47283035193,1730655758.0084684
24404.43925910464,26188.913129438537,1730655758.0127225
24376.320764579865,26183.34754506917,1730655758.0166717
24395.051526433414,26192.198835873467,1730655758.0206552
24394.44802933312,26212.918902983536,1730655758.0255065
24390.64823277572,26195.14926614157,1730655758.0286825
24406.339157383343,26175.971469398915,1730655758.032676
24429.227343705577,26196.93740569799,1730655758.0366187
24391.29643336492,26210.90724598256,1730655758.040743
24385.93201469565,26197.719716753927,1730655758.0447075
24406.048584705422,26192.40000157357,1730655758.0487032
24386.08847690684,26183.86163519164,1730655758.053028
24376.901909935703,26188.734315482896,1730655758.0559888
24385.12735189526,26196.9821091869,1730655758.0607738
24405.22157016058,26204.1346674126,1730655758.0649033
24401.60058755882,26194.925748697013,1730655758.0691843
24394.135104910747,26193.27171960732,1730655758.0726683
24399.92420672467,26190.097771894667,1730655758.0766952
24405.02040446048,26200.29016736629,1730655758.0807016
24390.38001184225,26183.816931702728,1730655758.083577
24395.878540978258,26189.270757349823,1730655758.0877645
24397.979604957058,26206.79452500278,1730655758.0926292
24404.03692770445,26199.2843388658,1730655758.0966532
24421.985378502057,26200.26781562183,1730655758.100591
24413.89404700924,26197.160923142543,1730655758.1047132
24388.36835484128,26183.928690425004,1730655758.1087067
24409.69191905164,26193.182312629506,1730655758.1117537
24404.68512829365,26190.79067597278,1730655758.1156294
24400.661814291696,26196.49037080889,1730655758.1208904
24397.845494490328,26226.486411867907,1730655758.124682
24382.713363494084,26195.909225453048,1730655758.1288788
24380.858168704293,26174.965640898423,1730655758.1328392
24400.37124161377,26170.741161196373,1730655758.1368434
24431.149593728733,26211.8907227386,1730655758.139902
24402.40525035921,26231.269685181345,1730655758.1438975
24383.383915827744,26196.42331557552,1730655758.1488955
24393.41984908817,26187.57202477122,1730655758.1529295
24398.24782589052,26200.29016736629,1730655758.1569066
24400.34888986932,26199.686670266,1730655758.159804
24403.92516898217,26197.80912373175,1730655758.1638868
24402.98639571505,26191.260062606343,1730655758.16774
24398.44899159062,26193.60699577416,1730655758.1718707
24397.35375611231,26206.146324413578,1730655758.176793
24392.324613609864,26188.51079803834,1730655758.180709
24405.288625393943,26185.023925903315,1730655758.1848164
24413.983453987057,26194.54576904128,1730655758.1880205
24393.53160781045,26203.30765286776,1730655758.191794
24386.893139707227,26194.09873415217,1730655758.1958923
24397.73373576805,26195.8868737086,1730655758.1999657
24393.755125255004,26195.9315771975,1730655758.2039633
24394.53743631094,26188.622556760616,1730655758.208758
24401.68999453664,26193.159960885045,1730655758.21296
24395.31974736688,26188.42139106052,1730655758.21581
24405.37803237177,26181.224129345912,1730655758.219967
24427.90859078272,26191.930614940004,1730655758.2239742
24411.45770686361,26208.493257581387,1730655758.2280023
24387.96602344108,26207.0850976807,1730655758.2320592
24388.748334497017,26197.54090279829,1730655758.2369988
24390.044735675423,26188.71196373844,1730655758.241039
24394.67154677768,26189.49427479437,1730655758.244
24396.39263110073,26187.99670791587,1730655758.2480445
24401.53353232545,26183.57106251372,1730655758.2520082
24409.02136671798,26179.79361770077,1730655758.2559638
24422.61122734681,26201.47480982242,1730655758.2599168
24417.3138639109,26209.49908608188,1730655758.2650192
24392.704593265607,26202.36887960063,1730655758.267907
24396.16911365618,26193.3834783296,1730655758.2721176
24423.907628525216,26185.56036777024,1730655758.2758815
24406.83089576136,26204.469943579432,1730655758.280131
24369.05644763189,26213.343586128187,1730655758.2839124
24377.01366865798,26196.17744638651,1730655758.2881415
24389.284776363944,26181.11237062364,1730655758.291952
24408.619035317784,26194.411658574543,1730655758.296026
24391.654061276207,26203.017080189835,1730655758.2999444
24384.50150305051,26180.732390967893,1730655758.3050947
24402.427602103664,26185.11333288113,1730655758.3081765
24407.389689372743,26202.70415576746,1730655758.3120766
24405.26627364949,26186.297975337267,1730655758.316017
24404.416907360188,26189.114295138635,1730655758.3201685
24409.378994629264,26208.44855409248,1730655758.3240705
24412.77645978648,26186.208568359445,1730655758.3272004
24423.61705584729,26182.25230959085,1730655758.332136
24409.244884162534,26199.686670266,1730655758.3360555
24391.22937813156,26204.04526043478,1730655758.340084
24384.747372239515,26198.18910338749,1730655758.3442595
24401.53353232545,26189.963661427937,1730655758.3482847
24407.23322716156,26198.971414443426,1730655758.352187
24387.78720948544,26198.882007465603,1730655758.3551204
24392.816351987884,26187.75083872686,1730655758.3601975
24394.47038107757,26193.361126585143,1730655758.3642263
24382.02045941597,26182.31936482422,1730655758.3681438
24409.1107736958,26178.966603155925,1730655758.3722355
24429.652026850228,26199.530208054806,1730655758.37525
24402.896988737222,26214.99761521788,1730655758.3793263
24379.78528497044,26201.76538250034,1730655758.3831248
24383.741543739023,26186.365030570632,1730655758.3872876
24392.30226186541,26199.46315282144,1730655758.3921373
24392.07874442085,26187.03558290429,1730655758.396188
24396.146761911725,26186.432085804,1730655758.400118
24397.800791001417,26189.963661427937,1730655758.4033325
24405.668605049683,26200.55838829976,1730655758.407349
24408.797849273426,26197.160923142543,1730655758.4111836
24416.17392494368,26184.263966591832,1730655758.4153268
24404.81923876038,26193.808161474248,1730655758.4203217
24384.032116416947,26206.28043488031,1730655758.4243164
24377.840683202827,26180.486521778887,1730655758.4283535
24407.4120411172,26173.80335018675,1730655758.431416
24416.35273889932,26188.55550152725,1730655758.4355292
24393.710421766096,26201.184237144505,1730655758.4394035
24388.97185194157,26193.09290565168,1730655758.443388
24407.30028239492,26201.58656854469,1730655758.4484332
24412.932921997657,26216.91986524104,1730655758.45239
24391.58700604284,26196.42331557552,1730655758.4553547
24389.15066589721,26186.99087941538,1730655758.459172
24393.755125255004,26189.918957939022,1730655758.4633827
24392.838703732337,26183.973393913915,1730655758.4671962
24393.97864269956,26189.85190270566,1730655758.471445
24399.007785202004,26191.48358005089,1730655758.4755795
24399.946558469124,26192.40000157357,1730655758.4805343
24400.30418638041,26192.64587076257,1730655758.484285
24401.466477092086,26184.84511194767,1730655758.4874568
24421.44893663513,26189.740143983385,1730655758.4913216
24428.89206753875,26199.91018771055,1730655758.4954944
24393.03986943244,26193.316423096232,1730655758.4994507
24405.33332888285,26192.020021917822,1730655758.504474
24407.792020772937,26201.7877342448,1730655758.5083125
24387.16136064069,26204.469943579432,1730655758.51146
24380.455837304096,26188.3319840827,1730655758.5156033
24389.910625208693,26192.42235331802,1730655758.5195315
24393.35279385481,26192.24353936238,1730655758.5233474
24393.01751768798,26189.740143983385,1730655758.527457
24391.966985698586,26188.44374280497,1730655758.5315032
24397.33140436785,26188.44374280497,1730655758.536476
24409.06607020689,26189.36016432764,1730655758.5393517
24421.65010233523,26191.41652481753,1730655758.543533
24401.82410500337,26190.969489928422,1730655758.5475276
24400.08066893585,26197.98793768739,1730655758.5513842
24396.258520634,26206.950987213968,1730655758.5556183
24393.3080903659,26200.7372022554,1730655758.5593686
24408.842552762337,26193.47288530742,1730655758.5645008
24389.41888683068,26191.550635284264,1730655758.5673592
24390.715288009083,26183.03462064679,1730655758.5716772
24395.76678225598,26188.5331497828,1730655758.5755773
24393.55395955491,26183.61576600263,1730655758.5798776
24407.12146843928,26185.806236959248,1730655758.583413
24415.793945287936,26188.399039316064,1730655758.5886228
24400.035965446947,26192.578815529207,1730655758.5914426
24400.72886952506,26188.60020501616,1730655758.594562
24409.893084751737,26184.04044914728,1730655758.5995724
24395.27504387797,26200.401926088565,1730655758.6036308
24394.17980839965,26193.13760914059,1730655758.6075947
24407.63555856175,26185.627423003607,1730655758.6115868
24406.942654483635,26193.29407135178,1730655758.6155984
24401.757049770004,26205.833399991203,1730655758.619624
24399.23130264656,26200.603091788664,1730655758.6226375
24409.289587651445,26195.99863243087,1730655758.626521
24386.848436218315,26186.25327184836,1730655758.6316135
24384.792075728423,26181.827626446204,1730655758.635671
24395.31974736688,26182.073495635213,1730655758.6396458
24396.996128201023,26185.806236959248,1730655758.6437771
24404.148686426724,26190.075420150213,1730655758.6476357
24407.54615158393,26196.04333591978,1730655758.6505835
24408.77549752897,26188.734315482896,1730655758.6546893
24407.52379983948,26182.34171656868,1730655758.6596603
24397.666680534683,26199.440801076988,1730655758.66375
24393.196331643623,26193.316423096232,1730655758.667529
24397.21964564558,26185.359202070144,1730655758.6707523
24404.21574166009,26194.210492874445,1730655758.6747496
24395.72207876708,26192.62351901812,1730655758.6787114
24401.645291047727,26192.310594595743,1730655758.6827366
24398.001956701515,26195.842170219683,1730655758.686715
24401.55588406991,26184.42042880302,1730655758.6915123
24401.801753258915,26180.620632245616,1730655758.6957
24398.27017763498,26180.017135145325,1730655758.69875
24422.25359943552,26196.691536508984,1730655758.7027464
24420.39840464573,26209.23086514841,1730655758.706711
24404.729831782563,26198.010289431848,1730655758.7107277
24398.67250903517,26191.975318428915,1730655758.7157063
24387.16136064069,26198.05499292076,1730655758.7198524
24398.963081713093,26188.309632338245,1730655758.723811
24407.657910306207,26185.56036777024,1730655758.7266204
24396.41498284519,26189.024888160813,1730655758.7307942
24406.42856436117,26194.34460334117,1730655758.7347212
24402.06997419237,26197.13857139809,1730655758.7388306
24391.72111650957,26182.073495635213,1730655758.742618
24415.07868946537,26188.019059660324,1730655758.7478342
24411.301244652423,26207.353318614165,1730655758.7518988
24390.312956608886,26202.681804023006,1730655758.7548344
24399.52187532448,26186.834417204194,1730655758.758639
24402.651119548216,26185.023925903315,1730655758.7628405
24394.045697932925,26191.908263195543,1730655758.7667055
24395.476209578064,26177.983126399893,1730655758.7708817
24399.745392769026,26185.1803881145,1730655758.7756631
24402.427602103664,26192.109428895645,1730655758.778926
24399.007785202004,26190.56715852823,1730655758.782832
24401.958215470106,26207.66624303654,1730655758.7868588
24400.035965446947,26198.166751643035,1730655758.7909057
24390.804694986906,26184.15220786956,1730655758.7949047
24398.02430844597,26189.874254450115,1730655758.7987616
24406.942654483635,26196.266853364334,1730655758.8039284
24399.07484043537,26198.770248743327,1730655758.806929
24393.196331643623,26189.85190270566,1730655758.8099544
24407.97083472858,26196.110391153143,1730655758.8149204
24408.55198008442,26190.36599282813,1730655758.818993
24386.133180395747,26190.075420150213,1730655758.8229709
24385.77555248446,26192.198835873467,1730655758.826955
24392.57048279888,26190.94713818397,1730655758.8319557
24398.560750312896,26183.079324135702,1730655758.835024
24408.30611089541,26184.42042880302,1730655758.8390071
24405.33332888285,26193.49523705188,1730655758.8429368
24404.998052716022,26198.122048154124,1730655758.8470037
24404.59572131583,26199.552559799264,1730655758.8507907
24405.60154981632,26198.2338068764,1730655758.85482
24413.51406735349,26186.14151312608,1730655758.8588693
24420.86779127929,26179.614803745128,1730655758.862003
24414.02815747597,26209.119106426133,1730655758.8658504
24391.58700604284,26201.34069935569,1730655758.8710504
24396.236168889543,26182.878158435604,1730655758.874838
24404.55101782692,26198.94906269897,1730655758.8790789
24383.24980536101,26195.819818475225,1730655758.882995
24390.558825797896,26194.25519636336,1730655758.8870237
24392.0563926764,26196.3339085977,1730655758.8900416
24390.53647405344,26183.727524724905,1730655758.8940551
24394.425677588664,26177.67020197752,1730655758.8991644
24406.607378316807,26189.047239905267,1730655758.9031067
24408.954311484613,26200.22311213292,1730655758.9071
24390.06708741988,26197.56325454274,1730655758.9110775
24391.58700604284,26184.196911358467,1730655758.914161
24406.49561959453,26187.14734162657,1730655758.918
24396.258520634,26201.72067901143,1730655758.9221036
24387.809561229893,26190.723620739416,1730655758.9271717
24391.54230255393,26181.00061190136,1730655758.9311996
24414.609302831806,26191.930614940004,1730655758.9350471
24425.06991923689,26189.829550961203,1730655758.9391513
24393.01751768798,26185.247443347867,1730655758.9419694
24379.13708438124,26186.49914103736,1730655758.9459603
24388.68127926365,26183.012268902337,1730655758.9499855
24396.32557586737,26193.56229228524,1730655758.954167
24394.98447120005,26191.57298702872,1730655758.958956
24399.23130264656,26186.07445789271,1730655758.9631412
24408.0602417064,26189.181350372,1730655758.966022
24404.953349227115,26186.49914103736,1730655758.9702213
24387.49663680752,26188.17552187151,1730655758.9741943
24388.748334497017,26196.870350464626,1730655758.9780917
24391.095267664823,26192.44470506248,1730655758.983012
24390.804694986906,26185.359202070144,1730655758.9872327
24395.2079886446,26188.779018971803,1730655758.991302
24397.890197979235,26193.361126585143,1730655758.99412
24405.668605049683,26187.14734162657,1730655758.9980328
24391.07291592037,26186.923824182013,1730655759.0021348
24385.55203503991,26188.15317012705,1730655759.0060108
24385.68614550664,26181.268832834823,1730655759.0102668
24397.286700878944,26180.687687478985,1730655759.015438
24411.0106719745,26201.005423188857,1730655759.019304
24398.136067168245,26198.502027809864,1730655759.0222948
24394.045697932925,26189.29310909428,1730655759.0260904
24402.53936082594,26190.56715852823,1730655759.0302534
24397.19729390112,26179.79361770077,1730655759.0340865
24412.82116327538,26179.056010133747,1730655759.0382836
24402.29349163693,26190.075420150213,1730655759.042073
24406.11563993879,26184.487484036385,1730655759.0472825
24418.006767989013,26191.79650447327,1730655759.0501232
24385.03794491744,26211.68955703849,1730655759.0542898
24370.755180210494,26188.57785327171,1730655759.0582097
24387.87661646325,26183.124027624614,1730655759.062302
24394.5597880554,26180.84414969017,1730655759.0662053
24392.50342756551,26191.349469584165,1730655759.0713184
24392.414020587687,26198.0326411763,1730655759.0742657
24388.949500197115,26186.56619627073,1730655759.07734
24386.893139707227,26188.71196373844,1730655759.082327
24396.16911365618,26188.04141140477,1730655759.086265
24403.76870677098,26182.31936482422,1730655759.0904183
24405.936825983143,26189.31546083873,1730655759.0944097
24406.24975040552,26192.690574251483,1730655759.0984445
24406.07093644988,26197.026812675813,1730655759.1024091
24408.328462639867,26192.310594595743,1730655759.1051905
24396.39263110073,26183.638117747083,1730655759.11028
24402.76287827049,26189.538978283286,1730655759.114252
24388.97185194157,26196.44566731997,1730655759.118356
24381.12638963776,26191.170655628524,1730655759.124551
24392.63753803224,26187.57202477122,1730655759.1275227
24395.31974736688,26189.51662653883,1730655759.1304643
24396.16911365618,26191.2824143508,1730655759.1332777
24396.77261075647,26198.166751643035,1730655759.137417
24392.50342756551,26197.76442024284,1730655759.1422863
24400.55005556942,26185.51566428133,1730655759.146342
24425.42754714817,26179.838321189683,1730655759.1502943
24436.46930890909,26181.872329935115,1730655759.154472
24394.67154677768,26200.111353410644,1730655759.157492
24386.624918773763,26196.62448127562,1730655759.1614804
24404.506314338007,26213.99178671739,1730655759.165529
24383.853302461303,26205.56517905774,1730655759.1705089
24381.26050010449,26187.0802863932,1730655759.1745584
24382.847473960814,26178.25134733336,1730655759.1785498
24396.616148545283,26183.70517298045,1730655759.181589
24409.58016032936,26187.4826177934,1730655759.18549
24406.69678529463,26190.34364108368,1730655759.1895337
24391.855226976302,26187.39321081557,1730655759.193513
24410.3624713853,26179.99478340087,1730655759.1985695
24411.055375463413,26189.36016432764,1730655759.2025204
24394.693898522128,26210.79548726028,1730655759.206434
24401.17590441417,26219.222094919933,1730655759.20953
24393.866883977284,26206.459248835952,1730655759.21362
24384.099171650312,26176.70907696594,1730655759.21757
24395.990299700537,26167.94719313946,1730655759.221599
24414.65400632072,26196.51272255334,1730655759.2266583
24398.20312240161,26207.219208147435,1730655759.2306628
24380.522892537465,26186.432085804,1730655759.234436
24396.43733458964,26185.20273985896,1730655759.237573
24425.1146227258,26194.65752776355,1730655759.2414193
24424.22055294759,26194.09873415217,1730655759.2456863
24399.45482009111,26189.36016432764,1730655759.2496257
24364.451988274097,26180.30770782324,1730655759.2536829
24375.381991312745,26179.90537642305,1730655759.258446
24399.4101166022,26189.85190270566,1730655759.2617364
24404.416907360188,26193.33877484069,1730655759.2656674
24392.2575583765,26194.858693463648,1730655759.2696185
24395.856189233804,26192.42235331802,1730655759.2735791
24399.92420672467,26197.13857139809,1730655759.2777371
24387.004898429503,26195.261024863845,1730655759.281695
24390.24590137552,26191.170655628524,1730655759.2866375
24392.63753803224,26183.34754506917,1730655759.2895029
24394.78330549995,26175.926765910004,1730655759.2936184
24409.513105096,26188.35433582716,1730655759.2976277
24411.748279541527,26193.85286496316,1730655759.3017304
24389.59770078632,26189.181350372,1730655759.3056784
24385.663793762185,26184.822760203217,1730655759.3096447
24399.097192179823,26186.49914103736,1730655759.3146658
24396.37027935628,26194.09873415217,1730655759.3176749
24392.816351987884,26185.11333288113,1730655759.321836
24389.62005253077,26187.0802863932,1730655759.3255827
24387.22841587405,26189.89660619457,1730655759.3298342
24400.57240731388,26195.14926614157,1730655759.3336575
24404.17103817118,26200.24546387737,1730655759.3378
24394.425677588664,26196.1327428976,1730655759.3426964
24396.236168889543,26191.86355970664,1730655759.345752
24407.16617192819,26188.17552187151,1730655759.3495889
24412.30707315291,26191.528283539807,1730655759.3538404
24390.312956608886,26188.26492884933,1730655759.3578706
24399.52187532448,26183.36989681362,1730655759.361858
24415.59277958784,26188.488446293886,1730655759.3656275
24381.104037893303,26189.40486781656,1730655759.369904
24384.38974432824,26183.99574565837,1730655759.3729043
24419.124355211778,26204.64875753508,1730655759.3768432
24409.088421951343,26199.79842898827,1730655759.3818605
24400.30418638041,26205.94515871348,1730655759.3857677
24386.22258737357,26208.94029247049,1730655759.389906
24382.48984604953,26187.32615558221,1730655759.3938556
24385.373221084265,26177.22316708841,1730655759.3978546
24397.152590412214,26186.90147243756,1730655759.4008653
24401.377070114264,26193.40583007405,1730655759.4049082
24400.19242765813,26195.66335626404,1730655759.4098043
24416.2633319215,26189.85190270566,1730655759.4139445
24418.52085811149,26186.14151312608,1730655759.4177804
24379.673526248163,26190.00836491685,1730655759.422618
24377.706572736093,26183.74987646936,1730655759.4258263
24386.49080830703,26188.71196373844,1730655759.430974
24398.47134333508,26185.359202070144,1730655759.4337864
24404.416907360188,26189.673088750016,1730655759.437926
24396.616148545283,26200.35722259965,1730655759.441728
24394.716250266585,26199.23963537689,1730655759.4458663
24392.39166884324,26191.729449239905,1730655759.448974
24398.91837822418,26180.285356078788,1730655759.4529583
24396.07970667836,26190.81302771724,1730655759.457338
24391.54230255393,26193.539940540784,1730655759.4614055
24393.866883977284,26185.69447823697,1730655759.465883
24406.07093644988,26187.840245704683,1730655759.470136
24416.911532510705,26191.23771086189,1730655759.474374
24390.87175022027,26191.349469584165,1730655759.47765
24384.47915130605,26190.34364108368,1730655759.4810352
24391.475247320563,26185.962699170435,1730655759.4849832
24393.598663043816,26185.359202070144,1730655759.4890337
24398.87367473527,26185.09098113668,1730655759.492952
24393.97864269956,26185.917995681524,1730655759.4980917
24398.516046823985,26193.428181818508,1730655759.5021188
24406.62973006126,26189.94130968348,1730655759.5050523
24397.13023866776,26172.41754203052,1730655759.5088902
24392.838703732337,26194.210492874445,1730655759.5130432
24405.37803237177,26215.86933325164,1730655759.516853
24403.50048583752,26193.22701611841,1730655759.521072
24394.38097409976,26176.865539177124,1730655759.525849
24400.68416603615,26180.285356078788,1730655759.5300803
24400.97473871407,26200.580740044206,1730655759.5329137
24378.511235536487,26193.69640275197,1730655759.5370708
24390.29060486444,26194.031678918804,1730655759.5411568
24394.67154677768,26188.734315482896,1730655759.5450747
24395.2079886446,26183.41460030253,1730655759.54913
24396.54909331192,26182.85580669115,1730655759.554068
24395.78913400044,26177.20081534396,1730655759.557114
24396.41498284519,26183.906338680543,1730655759.5600688
24408.68609055115,26193.89756845207,1730655759.5649552
24417.559733099908,26202.480638322908,1730655759.5691788
24401.04179394744,26203.0841354232,1730655759.5731468
24394.805657244404,26193.40583007405,1730655759.5772712
24374.06323838988,26176.75378045485,1730655759.5822392
24385.708497251097,26177.759608955337,1730655759.585164
24396.929072967658,26197.965585942937,1730655759.5881937
24391.07291592037,26192.310594595743,1730655759.5930512
24393.710421766096,26190.05306840576,1730655759.597149
24391.72111650957,26181.73821946838,1730655759.601324
24402.29349163693,26188.913129438537,1730655759.6051328
24414.31873015389,26191.84120796218,1730655759.6101432
24398.44899159062,26188.890777694083,1730655759.613186
24397.510218323496,26183.86163519164,1730655759.6161733
24396.34792761182,26197.85382722066,1730655759.6210306
24382.62395651626,26198.0326411763,1730655759.6250668
24383.093343149823,26177.71490546643,1730655759.6292543
24391.855226976302,26187.19204511548,1730655759.6330736
24391.49759906502,26190.723620739416,1730655759.6382933
24387.92131995217,26190.2318823614,1730655759.641096
24381.19344487112,26180.50887352334,1730655759.6442544
24391.69876476512,26173.73629495338,1730655759.6482842
24408.28375915096,26183.526359024807,1730655759.653118
24405.109811438306,26198.94906269897,1730655759.6572995
24388.658927519195,26196.75859174235,1730655759.661295
24401.712346281096,26172.41754203052,1730655759.6643002
24428.154459971724,26186.27562359281,1730655759.6683142
24406.87559925027,26216.3387198852,1730655759.6723378
24381.34990708231,26213.455344850463,1730655759.6773963
24387.72015425207,26191.79650447327,1730655759.6813953
24382.26632860498,26186.09680963717,1730655759.685187
24383.54037803893,26183.2804898358,1730655759.6893249
24391.788171742937,26179.838321189683,1730655759.6921744
24394.045697932925,26188.287280593788,1730655759.696304
24396.727907267563,26202.50299006736,1730655759.70016
24400.37124161377,26201.67597552252,1730655759.7054584
24395.11858166678,26193.51758879633,1730655759.7093208
24384.814427472884,26177.536091510785,1730655759.713349
24390.759991497995,26180.665335734528,1730655759.7171671
24393.844532232823,26187.102638137658,1730655759.7214196
24395.31974736688,26186.99087941538,1730655759.724463
24394.33627061084,26186.052106148258,1730655759.7284076
24396.39263110073,26187.32615558221,1730655759.7323933
24392.525779309963,26189.963661427937,1730655759.7373233
24388.27894786345,26182.922861924515,1730655759.741269
24390.24590137552,26182.118199124125,1730655759.7455344
24387.854264718804,26182.78875145778,1730655759.7484665
24394.023346188467,26185.09098113668,1730655759.7525325
24402.47230559257,26188.287280593788,1730655759.7565367
24405.33332888285,26179.39128630057,1730655759.760543
24392.97281419907,26177.49138802188,1730655759.7653272
24410.764802785496,26188.3319840827,1730655759.7694504
24399.52187532448,26200.24546387737,1730655759.7724743
24381.12638963776,26196.870350464626,1730655759.7764697
24388.30129960791,26188.063763149235,1730655759.78048
24394.38097409976,26187.39321081557,1730655759.7843473
24398.18077065716,26196.780943486803,1730655759.7885125
24392.72694501006,26194.590472530184,1730655759.7923653
24392.27991012096,26185.1803881145,1730655759.7973657
24403.701651537616,26177.64785023306,1730655759.8003898
24397.286700878944,26187.102638137658,1730655759.8046467
24386.40140132921,26206.012213946848,1730655759.808453
24388.703631008106,26191.975318428915,1730655759.8126774
24395.073878177867,26189.60603351665,1730655759.8163564
24394.000994444013,26189.49427479437,1730655759.82059
24399.07484043537,26181.40294330156,1730655759.825506
24411.770631285985,26195.015155674835,1730655759.8284335
24402.315843381388,26199.64196677708,1730655759.8325603
24397.912549723693,26182.922861924515,1730655759.8364055
24404.17103817118,26185.04627764777,1730655759.840531
24386.08847690684,26185.962699170435,1730655759.844479
24393.24103513253,26192.690574251483,1730655759.8493545
24396.54909331192,26193.875216707616,1730655759.852653
24396.01265144499,26191.23771086189,1730655759.8556252
24395.185636900143,26195.641004519584,1730655759.8605475
24402.718174781585,26186.49914103736,1730655759.864477
24400.214779402588,26198.34556559868,1730655759.8684337
24378.1536076252,26190.52245503932,1730655759.8725405
24387.78720948544,26177.871367677613,1730655759.8765936
24407.903779495216,26200.75955399985,1730655759.8806844
24404.03692770445,26204.17937090151,1730655759.8834455
24388.793037985928,26187.32615558221,1730655759.888626
24392.54813105442,26186.54384452628,1730655759.8924592
24399.29835787992,26187.99670791587,1730655759.8965724
24399.54422706893,26181.69351597948,1730655759.9005032
24398.940729968635,26181.93938516848,1730655759.904662
24405.22157016058,26199.127876654613,1730655759.9085307
24395.83383748935,26208.62736804812,1730655759.911691
24405.847419005328,26191.30476609525,1730655759.9156368
24433.02714026298,26192.64587076257,1730655759.920598
24405.959177727604,26194.72458299692,1730655759.9245152
24394.49273282203,26196.199798130965,1730655759.928752
24394.44802933312,26195.4845423084,1730655759.932644
24389.105962408303,26198.211455131943,1730655759.936772
24381.707534993595,26189.85190270566,1730655759.9397652
24385.17205538417,26187.4826177934,1730655759.943748
24394.045697932925,26187.437914304486,1730655759.9487529
24402.695823037127,26201.51951331133,1730655759.9527292
24406.27210214998,26205.274606379822,1730655759.9567933
24395.006822944502,26195.059859163743,1730655759.9596376
24396.34792761182,26188.667260249527,1730655759.9635966
24410.40717487421,26186.65560324855,1730655759.967754
24428.355625671826,26195.39513533057,1730655759.9717453
24386.96019494059,26195.104562652657,1730655759.976767
24389.35183159731,26190.477751550407,1730655759.980751
24400.438296847144,26191.84120796218,1730655759.984736
24401.35471836981,26181.179425857,1730655759.987788
24413.983453987057,26193.58464402969,1730655759.9916165
24390.69293626463,26197.093867909178,1730655759.9957616
24395.006822944502,26177.89371942207,1730655759.9996593
24408.12729693977,26187.728486982407,1730655760.004773
24393.73277351055,26202.77121100083,1730655760.0086007
24391.654061276207,26201.631272033606,1730655760.0128574
24399.745392769026,26201.09483016668,1730655760.01574
24396.035003189445,26197.831475476203,1730655760.0198832
24397.42081134568,26198.882007465603,1730655760.0239072
24392.30226186541,26200.44662957748,1730655760.0278227
24405.959177727604,26189.5836817722,1730655760.0326595
24406.54032308344,26188.37668757161,1730655760.0368392
24397.912549723693,26193.070553907222,1730655760.0408611
24394.5597880554,26194.210492874445,1730655760.0439577
24391.765819998483,26196.155094642058,1730655760.0479553
24390.737639753537,26188.108466638147,1730655760.0518684
24401.846456747822,26190.00836491685,1730655760.0557568
24401.91351198119,26195.37278358612,1730655760.0598347
24390.715288009083,26190.6342137616,1730655760.0648975
24393.77747699946,26193.85286496316,1730655760.0679233
24393.24103513253,26194.38930683009,1730655760.071922
24388.748334497017,26189.60603351665,1730655760.07615
24394.11275316629,26178.832492689195,1730655760.0798464
24440.67143686669,26191.148303884067,1730655760.083861
24423.25942793601,26214.99761521788,1730655760.087844
24378.1536076252,26205.922806969025,1730655760.0927577
24375.67256399066,26192.24353936238,1730655760.095797
24390.02238393097,26181.022963645813,1730655760.0997615
24404.64042480474,26185.917995681524,1730655760.103792
24395.27504387797,26198.36791734313,1730655760.1077871
24389.865921719786,26193.85286496316,1730655760.1119633
24391.095267664823,26190.34364108368,1730655760.115852
24393.598663043816,26187.616728260127,1730655760.1208484
24399.47717183556,26194.65752776355,1730655760.12384
24394.649195033217,26199.30669061025,1730655760.1269405
24400.751221269515,26195.104562652657,1730655760.1318307
24402.137029425747,26198.211455131943,1730655760.1358373
24392.88340722125,26192.46705680693,1730655760.1399195
24396.39263110073,26190.097771894667,1730655760.143846
24399.387764857744,26199.21728363243,1730655760.147972
24396.794962500928,26199.39609758808,1730655760.1508708
24389.32947985285,26185.359202070144,1730655760.155857
24395.38680260024,26183.86163519164,1730655760.1599135
24406.517971338984,26186.94617592647,1730655760.163898
24399.097192179823,26194.679879508007,1730655760.1678884
24397.48786657904,26213.14242042809,1730655760.1718955
24392.324613609864,26213.76826927284,1730655760.1758804
24388.30129960791,26196.199798130965,1730655760.1788714
24399.07484043537,26177.71490546643,1730655760.1830685
24425.293436681444,26183.928690425004,1730655760.1879344
24406.853247505816,26200.55838829976,1730655760.1918964
24393.48690432154,26204.9840337019,1730655760.1959243
24385.663793762185,26196.780943486803,1730655760.1999793
24391.654061276207,26187.32615558221,1730655760.2040052
24391.25172987601,26192.53411204029,1730655760.2069244
24398.784267757448,26202.34652785617,1730655760.2109964
24405.154514927213,26189.740143983385,1730655760.2159767
24396.660852034194,26190.00836491685,1730655760.2199874
24381.23814836004,26196.08803940869,1730655760.2239604
24399.43246834665,26199.59726328817,1730655760.227992
24396.21381714509,26204.24642613488,1730655760.2310345
24384.54620653942,26194.52341729682,1730655760.2349603
24387.2060641296,26182.162902613032,1730655760.238994
24400.34888986932,26185.44860904797,1730655760.244
24412.86586676429,26213.455344850463,1730655760.2490988
24399.58893055784,26209.47673433742,1730655760.25301
24393.576311299363,26197.339737098187,1730655760.255986
24396.01265144499,26197.116219653635,1730655760.2600272
24396.303224122912,26186.812065459737,1730655760.2640183
24411.658872563705,26186.208568359445,1730655760.2680204
24433.74239608555,26194.210492874445,1730655760.2710536
24399.343061368832,26201.921844711527,1730655760.2750616
24385.194407128623,26214.61763556214,1730655760.2790368
24386.043773417925,26203.240597634387,1730655760.283076
24392.36931709877,26190.030716661306,1730655760.288048
24395.49856132252,26192.578815529207,1730655760.2920957
24393.97864269956,26190.388344572588,1730655760.2951128
24392.950462454613,26190.18717887249,1730655760.2991116
24403.992224215537,26199.57491154372,1730655760.30315
24405.154514927213,26214.05884195076,1730655760.3071368
24406.160343427706,26198.099696409667,1730655760.31116
24408.8649045068,26189.114295138635,1730655760.3161232
24386.624918773763,26187.37085907112,1730655760.3201292
24383.361564083287,26196.64683302008,1730655760.3231096
24385.641442017728,26195.864521964137,1730655760.3271165
24389.97768044205,26196.60212953116,1730655760.3313472
24400.52770382496,26196.691536508984,1730655760.3351295
24411.770631285985,26194.07638240771,1730655760.339204
24396.727907267563,26192.24353936238,1730655760.3432105
24397.107886923302,26207.04039419179,1730655760.3482077
24398.3595846128,26206.772173258327,1730655760.3513117
24395.878540978258,26191.50593179536,1730655760.3552127
24396.459686334096,26187.75083872686,1730655760.3592343
24395.49856132252,26192.75762948485,1730655760.363223
24400.34888986932,26198.211455131943,1730655760.367283
24416.01746273249,26206.54865581377,1730655760.3712945
24399.946558469124,26192.51176029584,1730655760.3763409
24386.40140132921,26184.196911358467,1730655760.379289
24401.24295964753,26173.624536231106,1730655760.3822849
24414.74341329854,26189.89660619457,1730655760.387296
24400.77357301397,26229.190972947,1730655760.391312
24383.763895483484,26216.986920474403,1730655760.3954206
24383.98741292804,26198.0326411763,1730655760.3993945
24386.49080830703,26190.075420150213,1730655760.4042976
24395.051526433414,26192.24353936238,1730655760.407349
24398.896026479724,26192.24353936238,1730655760.4113238
24395.38680260024,26188.622556760616,1730655760.4154391
24394.78330549995,26191.23771086189,1730655760.419334
24398.605453801807,26196.49037080889,1730655760.4233403
24398.44899159062,26191.84120796218,1730655760.4273298
24415.16809644319,26190.79067597278,1730655760.4313245
24427.03687274896,26202.882969723105,1730655760.4344132
24394.5597880554,26199.10552491016,1730655760.438362
24383.965061183582,26191.61769051763,1730655760.4433596
24403.38872711524,26202.70415576746,1730655760.4473765
24389.575349041865,26207.24155989189,1730655760.4515357
24384.657965261697,26195.2833766083,1730655760.455554
24392.88340722125,26199.351394099165,1730655760.4595575
24390.000032186515,26196.42331557552,1730655760.462495
24389.01655543048,26181.715867723928,1730655760.466428
24402.18173291465,26195.39513533057,1730655760.4713857
24398.31488112389,26210.214341904444,1730655760.47562
24391.13997115373,26195.976280686413,1730655760.4794135
24398.20312240161,26187.4826177934,1730655760.483436
24409.06607020689,26189.51662653883,1730655760.4865024
24410.094250451835,26201.117181911133,1730655760.490569
24388.658927519195,26191.57298702872,1730655760.4946263
24390.759991497995,26186.09680963717,1730655760.4994729
24416.01746273249,26201.09483016668,1730655760.5034611
24392.50342756551,26201.921844711527,1730655760.5074787
24381.23814836004,26203.19589414548,1730655760.5105145
24384.50150305051,26194.054030663257,1730655760.5144792
24387.4072298297,26184.55453926976,1730655760.5186832
24397.73373576805,26197.965585942937,1730655760.5227213
24400.72886952506,26202.57004530073,1730655760.5265896
24393.3080903659,26191.30476609525,1730655760.5316348
24399.47717183556,26190.2318823614,1730655760.5357227
24408.015538217493,26188.5331497828,1730655760.5387468
24399.07484043537,26195.8868737086,1730655760.5426812
24383.98741292804,26202.860617978647,1730655760.5466883
24380.29937509291,26188.890777694083,1730655760.5505433
24387.49663680752,26190.16482712804,1730655760.5566132
24395.27504387797,26192.35529808465,1730655760.5595932
24395.92324446717,26192.131780640106,1730655760.5637977
24403.58989281534,26192.51176029584,1730655760.5665648
24412.28472140845,26207.37567035862,1730655760.5707247
24403.656948048705,26204.71581276844,1730655760.574718
24384.00976467249,26198.323213854223,1730655760.5787592
24383.49567455002,26197.36208884264,1730655760.5825987
24393.68807002164,26193.65169926306,1730655760.5878236
24401.93586372565,26194.679879508007,1730655760.5915833
24395.23034038905,26195.14926614157,1730655760.594795
24408.28375915096,26196.266853364334,1730655760.598883
24394.939767711137,26194.54576904128,1730655760.6029017
24380.813465215386,26200.67014702203,1730655760.606634
24380.03115415945,26192.198835873467,1730655760.6106527
24382.534549538443,26185.3815538146,1730655760.6156754
24390.20119788661,26181.5817572572,1730655760.6187172
24403.45578234861,26192.198835873467,1730655760.6217513
24407.52379983948,26219.24444666439,1730655760.6267111
24389.41888683068,26215.48935359589,1730655760.630639
24384.657965261697,26189.5836817722,1730655760.6347897
24390.46941882008,26185.94034742598,1730655760.6386683
24393.196331643623,26187.437914304486,1730655760.6427205
24400.214779402588,26188.80137071626,1730655760.6467862
24405.69095679414,26208.001519203368,1730655760.6497111
24388.01072692999,26206.772173258327,1730655760.654816
24407.92613123967,26187.415562560032,1730655760.6587193
24417.1126982108,26183.19108285798,1730655760.6628332
24386.803732729404,26202.07830692271,1730655760.6667123
24384.769723983973,26212.494219838885,1730655760.671837
24379.74058148153,26200.603091788664,1730655760.6747298
24385.149703639712,26197.675013265016,1730655760.6777215
24383.13804663873,26194.031678918804,1730655760.682861
24386.11082865129,26196.17744638651,1730655760.6869175
24390.26825311998,26194.14343764108,1730655760.6907248
24390.1564943977,26193.09290565168,1730655760.694877
24391.162322898188,26192.198835873467,1730655760.6978009
24394.17980839965,26189.114295138635,1730655760.7018416
24403.2099131596,26182.922861924515,1730655760.7058775
24422.61122734681,26204.894626724083,1730655760.7099032
24396.616148545283,26214.93055998452,1730655760.714871
24377.90773843619,26205.5875308022,1730655760.7189732
24381.12638963776,26195.19396963048,1730655760.7228675
24381.72988673805,26188.17552187151,1730655760.7259393
24389.44123857513,26192.40000157357,1730655760.7299588
24388.234244374544,26199.776077243816,1730655760.7339036
24384.836779217338,26198.79260048778,1730655760.7380145
24382.914529194182,26189.337812583188,1730655760.7428489
24390.3576600978,26193.629347518607,1730655760.7468505
24391.966985698586,26199.261987121343,1730655760.7509177
24395.23034038905,26196.55742604225,1730655760.7538407
24399.52187532448,26195.171617886022,1730655760.7578733
24387.183712385144,26186.49914103736,1730655760.761868
24390.514122308985,26184.912167181035,1730655760.7658455
24403.858113748804,26193.539940540784,1730655760.771037
24402.09232593684,26200.62544353312,1730655760.7748764
24392.30226186541,26201.31834761123,1730655760.7801003
24382.1545698827,26197.54090279829,1730655760.7840624
24383.808598972395,26195.37278358612,1730655760.7870836
24387.004898429503,26196.199798130965,1730655760.7899137
24384.72502049506,26189.829550961203,1730655760.7940452
24389.083610663845,26186.968527670924,1730655760.7990584
24394.000994444013,26191.10360039516,1730655760.8031049
24357.72411319305,26178.184292099988,1730655765.8149977
24374.64438374572,26166.31551579422,1730655765.8189745
24403.63459630425,26177.69255372197,1730655765.8230157
24416.218628432587,26198.90435921006,1730655765.8280072
24388.234244374544,26198.74789699888,1730655765.83104
24387.764857740985,26195.641004519584,1730655765.8340209
24379.382953570243,26206.950987213968,1730655765.839075
24323.14596452069,26193.69640275197,1730655765.8430443
24320.016720296942,26172.618707730617,1730655765.847056
24350.43744450062,26184.80040845876,1730655765.8510487
24384.88148270625,26206.92863546952,1730655765.8550773
24378.019497158468,26207.24155989189,1730655765.8591316
24367.64828773121,26196.08803940869,1730655765.8620827
24359.467549260564,26217.925693741527,1730655765.8661003
24328.19745876759,26178.988954900386,1730655765.8711412
24339.1945170396,26133.9725415674,1730655765.8751228
24359.556956238383,26203.68763252349,1730655765.879118
24381.68518324914,26252.615601136164,1730655765.8821185
24373.57150001186,26162.09103609217,1730655765.8861656
