time_marker,marker
1728952550.210315,1000
1728952555.2111144,2000
1728952560.2193272,1000
1728952565.2261126,3000
1728952570.2340264,1000
1728952575.240396,4000
1728952580.2476308,1000
1728952585.2539365,3000
1728952590.2615414,1000
1728952595.2678518,3000
1728952600.2750697,1000
