main,time_marker
1000,1728521328.6903162
2000,1728521333.708318
1000,1728521338.7193303
3000,1728521343.7295616
1000,1728521348.7377372
4000,1728521353.753759
1000,1728521358.7632425
3000,1728521363.7704608
1000,1728521368.7875576
3000,1728521373.8039584
1000,1728521378.8118458
2000,1728521383.8210785
