time_marker,marker
1728521328.6903162,1000
1728521333.708318,2000
1728521338.7193303,1000
1728521343.7295616,3000
1728521348.7377372,1000
1728521353.753759,4000
1728521358.7632425,1000
1728521363.7704608,3000
1728521368.7875576,1000
1728521373.8039584,3000
1728521378.8118458,1000
1728521383.8210785,2000
