time_marker,marker
1729044238.957325,1000
1729044243.971502,2000
1729044248.9738252,1000
1729044253.98935,3000
1729044259.0045261,1000
1729044264.0144272,4000
1729044269.015437,1000
1729044274.029666,5000
1729044279.055354,1000
1729044284.064962,6000
1729044289.080522,1000
1729044294.087445,2000
1729044299.09158,1000
1729044304.1007912,3000
1729044309.113763,1000
1729044314.1216831,4000
1729044319.12363,1000
1729044324.132153,5000
1729044329.1462986,1000
1729044334.1726003,6000
1729044339.1809418,1000
1729044344.1815045,2000
