main,time_marker
1000,1728952550.210315
2000,1728952555.2111144
1000,1728952560.2193272
3000,1728952565.2261126
1000,1728952570.2340264
4000,1728952575.240396
1000,1728952580.2476308
3000,1728952585.2539365
1000,1728952590.2615414
3000,1728952595.2678518
1000,1728952600.2750697
