main,time_marker
1000,1730656572.134826
2000,1730656577.150621
1000,1730656582.1631796
2000,1730656587.1721087
1000,1730656592.1826499
2000,1730656597.1962614
1000,1730656602.2095234
2000,1730656607.220786
1000,1730656612.2296765
2000,1730656617.2450743
1000,1730656622.2497227
2000,1730656627.2579052
1000,1730656632.2612622
2000,1730656637.2623694
1000,1730656642.2749515
2000,1730656647.283123
1000,1730656652.299148
2000,1730656657.313478
1000,1730656662.3156106
2000,1730656667.3225865
1000,1730656672.3281605
2000,1730656677.3333662
1000,1730656682.3491318
2000,1730656687.3653734
1000,1730656692.3724694
2000,1730656697.3808546
1000,1730656702.384117
2000,1730656707.386966
1000,1730656712.399295
2000,1730656717.4056594
1000,1730656722.4071207
2000,1730656727.422435
1000,1730656732.437866
2000,1730656737.4904175
1000,1730656742.5129664
2000,1730656747.5480824
1000,1730656752.5880504
2000,1730656757.6063805
1000,1730656762.6882606
