main,time_marker
1000,1729044238.957325
2000,1729044243.971502
1000,1729044248.9738252
3000,1729044253.98935
1000,1729044259.0045261
4000,1729044264.0144272
1000,1729044269.015437
5000,1729044274.029666
1000,1729044279.055354
6000,1729044284.064962
1000,1729044289.080522
2000,1729044294.087445
1000,1729044299.09158
3000,1729044304.1007912
1000,1729044309.113763
4000,1729044314.1216831
1000,1729044319.12363
5000,1729044324.132153
1000,1729044329.1462986
6000,1729044334.1726003
1000,1729044339.1809418
2000,1729044344.1815045
